Symbol,Name,Last Sale,Net Change,% Change,Market Cap,Country,IPO Year,Volume,Sector,Industry
A,Agilent Technologies Inc. Common Stock,$118.01,-1.16,-0.973%,33522478551.00,United States,1999,1602358,Industrials,Biotechnology: Laboratory Analytical Instruments
AA,Alcoa Corporation Common Stock ,$29.51,1.04,3.653%,7640207994.00,United States,2016,6594326,Industrials,Aluminum
AACB,Artius II Acquisition Inc. Class A Ordinary Shares,$10.12,0.02,0.198%,0.00,United States,2025,60134,,
AACBR,Artius II Acquisition Inc. Rights,$0.24,-0.021,-8.046%,0.00,United States,2025,2354,,
AACBU,Artius II Acquisition Inc. Units,$10.50,0.19,1.843%,0.00,United States,2025,7464,Finance,Blank Checks
AACG,ATA Creativity Global American Depositary Shares,$0.7702,-0.0198,-2.506%,24578150.00,China,2008,15537,Real Estate,Other Consumer Services
AACI,Armada Acquisition Corp. II Class A Ordinary Shares,$10.05,0.02,0.199%,0.00,United States,2025,49395,Finance,Blank Checks
AACIU,Armada Acquisition Corp. II Units,$10.21,0.03,0.295%,0.00,United States,2025,5620,Finance,Blank Checks
AACIW,Armada Acquisition Corp. II Warrant,$0.27,-0.02,-6.897%,0.00,United States,2025,498132,Finance,Blank Checks
AACT,Ares Acquisition Corporation II Class A Ordinary Shares,$11.33,0.02,0.177%,0.00,,2023,186779,Finance,Blank Checks
AAL,American Airlines Group Inc. Common Stock,$11.22,-0.06,-0.532%,7399728466.00,United States,,31222670,Consumer Discretionary,Air Freight/Delivery Services
AAM,AA Mission Acquisition Corp. Class A Ordinary Shares,$10.42,-0.02,-0.192%,0.00,,2024,209,,
AAME,Atlantic American Corporation Common Stock,$2.13,0.09,4.412%,43446096.00,United States,,8802,Finance,Life Insurance
AAMI,Acadian Asset Management Inc. Common Stock,$35.24,-0.02,-0.057%,1261425491.00,United Kingdom,2014,415219,Finance,Investment Managers
AAOI,Applied Optoelectronics Inc. Common Stock,$25.69,-0.53,-2.021%,1426934454.00,United States,2013,3402398,Technology,Semiconductors
AAON,AAON Inc. Common Stock,$73.75,0.16,0.217%,6000752678.00,United States,,596680,Industrials,Industrial Machinery/Components
AAP,Advance Auto Parts Inc.,$46.49,-0.01,-0.022%,2785942864.00,United States,,2779254,Consumer Discretionary,Auto & Home Supply Stores
AAPG,Ascentage Pharma Group International American Depository Shares,$39.375,-0.225,-0.568%,3428249147.00,China,2025,6788,Health Care,Biotechnology: Pharmaceutical Preparations
AAPL,Apple Inc. Common Stock,$205.17,4.09,2.034%,3064383420420.00,United States,1980,91495943,Technology,Computer Manufacturing
AARD,Aardvark Therapeutics Inc. Common Stock,$13.52,0.13,0.971%,293328838.00,United States,2025,78838,Health Care,Biotechnology: Pharmaceutical Preparations
AAT,American Assets Trust Inc. Common Stock,$19.75,-0.10,-0.504%,1207410918.00,United States,2011,602038,Real Estate,Real Estate Investment Trusts
AAUC,Allied Gold Corporation Common Shares,$13.52,0.27,2.038%,1559927000.00,,2025,77548,,
AB,AllianceBernstein Holding L.P.  Units,$40.83,0.37,0.914%,4519868710.00,United States,,150792,Finance,Investment Managers
ABAT,American Battery Technology Company Common Stock,$1.62,0.16,10.959%,148855987.00,United States,,6209716,Basic Materials,Metal Mining
ABBV,AbbVie Inc. Common Stock,$185.62,3.31,1.816%,327879729872.00,United States,2012,6482351,Health Care,Biotechnology: Pharmaceutical Preparations
ABCB,Ameris Bancorp Common Stock,$64.70,-0.22,-0.339%,4458536783.00,United States,1994,382325,Finance,Major Banks
ABCL,AbCellera Biologics Inc. Common Shares,$3.43,-0.18,-4.986%,1010702775.00,Canada,2020,8449453,Health Care,Pharmaceuticals and Biotechnology
ABEO,Abeona Therapeutics Inc. Common Stock,$5.68,-0.07,-1.217%,290570260.00,United States,,949560,Health Care,Biotechnology: Pharmaceutical Preparations
ABEV,Ambev S.A. American Depositary Shares (Each representing 1 Common Share),$2.41,0.05,2.119%,37732307732.00,Brazil,2013,48240948,Consumer Staples,Beverages (Production/Distribution)
ABG,Asbury Automotive Group Inc Common Stock,$238.54,-5.59,-2.29%,4689496026.00,United States,2002,220220,Consumer Discretionary,Retail-Auto Dealers and Gas Stations
ABL,Abacus Global Management Inc. Class A Common Stock,$5.14,0.50,10.776%,497824620.00,United States,2020,1379633,Finance,Investment Managers
ABLLL,Abacus Global Management Inc. 9.875% Fixed Rate Senior Notes due 2028,$24.40,0.58,2.435%,1821492867.00,United States,,9346,Finance,Investment Managers
ABLLW,Abacus Global Management Inc. Warrant,$1.12,0.11,10.891%,108475404.00,United States,2020,188563,Finance,Investment Managers
ABLV,Able View Global Inc. Class B Ordinary Shares,$1.0001,-0.0199,-1.951%,49394861.00,China,,17797,Consumer Discretionary,Other Consumer Services
ABLVW,Able View Global Inc. Warrant,$0.0166,0.00,0.00%,819873.00,China,,72,Consumer Discretionary,Other Consumer Services
ABM,ABM Industries Incorporated Common Stock,$47.21,0.83,1.79%,2939201219.00,United States,,1051506,Finance,Diversified Commercial Services
ABNB,Airbnb Inc. Class A Common Stock,$132.34,-2.18,-1.621%,82899463997.00,United States,2020,3665428,Finance,Diversified Commercial Services
ABOS,Acumen Pharmaceuticals Inc. Common Stock,$1.16,0.04,3.571%,70265173.00,United States,2021,344710,Health Care,Biotechnology: Biological Products (No Diagnostic Substances)
ABP,Abpro Holdings Inc Common Stock,$0.2128,0.0018,0.853%,12935531.00,United States,2022,1694715,Health Care,Biotechnology: Pharmaceutical Preparations
ABPWW,Abpro Holdings Inc. Warrant,$0.0207,0.00,0.00%,1258297.00,United States,2022,35,Health Care,Biotechnology: Pharmaceutical Preparations
ABR,Arbor Realty Trust Common Stock,$10.70,0.14,1.326%,2056114482.00,United States,2004,5251258,Real Estate,Real Estate Investment Trusts
ABR^D,Arbor Realty Trust 6.375% Series D Cumulative Redeemable Preferred Stock Liquidation Preference $25.00 per Share,$17.09,-0.52,-2.953%,,United States,,52023,,
ABR^E,Arbor Realty Trust 6.25% Series E Cumulative Redeemable Preferred Stock,$17.12,-0.1993,-1.151%,,United States,,41184,,
ABR^F,Arbor Realty Trust 6.25% Series F Fixed-to-Floating Rate Cumulative Redeemable Preferred Stock Liquidation Preference $25.00 per share,$20.31,-0.045,-0.221%,,United States,,276507,,
ABSI,Absci Corporation Common Stock,$2.57,-0.05,-1.908%,327827535.00,United States,2021,4212479,Health Care,Biotechnology: Commercial Physical & Biological Resarch
ABT,Abbott Laboratories Common Stock,$136.01,1.63,1.213%,236635157605.00,United States,,5748216,Health Care,Biotechnology: Pharmaceutical Preparations
ABTS,Abits Group Inc Ordinary Shares,$3.8099,-0.19,-4.75%,9029993.00,China,,74938,Technology,Computer Software: Programming Data Processing
ABUS,Arbutus Biopharma Corporation Common Stock,$3.09,-0.04,-1.278%,591818829.00,Canada,,1126051,Health Care,Biotechnology: Pharmaceutical Preparations
ABVC,ABVC BioPharma Inc. Common Stock,$2.225,-0.365,-14.093%,37320506.00,United States,,953982,Health Care,Biotechnology: Pharmaceutical Preparations
ABVE,Above Food Ingredients Inc. Common Stock,$1.12,-0.02,-1.754%,31141160.00,Canada,,153262,Consumer Staples,Packaged Foods
ABVEW,Above Food Ingredients Inc. Warrants,$0.0521,0.001,1.957%,1448620.00,Canada,,9437,Consumer Staples,Packaged Foods
ABVX,Abivax SA American Depositary Shares,$7.65,0.25,3.378%,484882191.00,France,2023,487212,Health Care,Biotechnology: Pharmaceutical Preparations
AC,Associated Capital Group Inc. Common Stock,$37.50,-0.04,-0.107%,792662888.00,United States,2015,3570,Finance,Investment Bankers/Brokers/Service
ACA,Arcosa Inc. Common Stock ,$86.71,-1.30,-1.477%,4232842904.00,United States,2018,276825,Industrials,Metal Fabrications
ACAD,ACADIA Pharmaceuticals Inc. Common Stock,$21.57,-0.55,-2.486%,3609995126.00,United States,1985,1626794,Health Care,Biotechnology: Pharmaceutical Preparations
ACB,Aurora Cannabis Inc. Common Shares,$4.24,0.09,2.169%,238484753.00,Canada,,1361646,Health Care, Medicinal Chemicals and Botanical Products 
ACCO,Acco Brands Corporation Common Stock,$3.58,0.00,0.00%,322554617.00,United States,,721961,Consumer Discretionary,Publishing
ACCS,ACCESS Newswire Inc. Common Stock,$12.30,-0.24,-1.914%,47327239.00,United States,,31135,Consumer Discretionary,Publishing
ACDC,ProFrac Holding Corp. Class A Common Stock,$7.76,-0.33,-4.079%,1242984632.00,United States,2022,408383,Energy,Oilfield Services/Equipment
ACEL,Accel Entertainment Inc. ,$11.77,-0.13,-1.092%,996227948.00,United States,2017,230401,Consumer Discretionary,Services-Misc. Amusement & Recreation
ACET,Adicet Bio Inc. Common Stock ,$0.61,-0.0156,-2.494%,50452871.00,United States,2018,751689,Health Care,Biotechnology: Pharmaceutical Preparations
ACGL,Arch Capital Group Ltd. Common Stock,$91.05,0.73,0.808%,34121399501.00,Bermuda,,1909741,Finance,Property-Casualty Insurers
ACGLN,Arch Capital Group Ltd. Depositary Shares each Representing a 1/1000th Interest in a 4.550% Non-Cumulative Preferred Share Series G,$16.77,-0.20,-1.179%,6284633384.00,Bermuda,,198666,Finance,Property-Casualty Insurers
ACGLO,Arch Capital Group Ltd. Depositary Shares Each Representing 1/1000th Interest in a Share of 5.45% Non-Cumulative Preferred Shares Series F,$20.51,-0.165,-0.798%,7686215308.00,Bermuda,,94332,Finance,Property-Casualty Insurers
ACHC,Acadia Healthcare Company Inc. Common Stock,$22.69,0.79,3.607%,2090251878.00,United States,,4340310,Health Care,Medical Specialities
ACHR,Archer Aviation Inc. Class A Common Stock,$10.85,0.38,3.629%,5956769990.00,United States,2020,45600791,Industrials,Aerospace
ACHV,Achieve Life Sciences Inc. Common Shares,$2.26,0.03,1.345%,78388263.00,United States,,2627586,Health Care,Biotechnology: In Vitro & In Vivo Diagnostic Substances
ACI,Albertsons Companies Inc. Class A Common Stock,$21.51,0.32,1.51%,12384379424.00,United States,2020,5465649,Consumer Staples,Food Chains
ACIC,American Coastal Insurance Corporation Common Stock,$11.12,0.43,4.022%,537689941.00,United States,,241486,Finance,Property-Casualty Insurers
ACIU,AC Immune SA Common Stock,$2.03,0.02,0.995%,203833065.00,Switzerland,2016,106882,Health Care,Biotechnology: Pharmaceutical Preparations
ACIW,ACI Worldwide Inc. Common Stock,$45.91,0.42,0.923%,4815942702.00,United States,,725253,Technology,Computer Software: Prepackaged Software
ACLS,Axcelis Technologies Inc. Common Stock,$69.69,0.00,0.00%,2239107503.00,United States,2000,465319,Technology,Industrial Machinery/Components
ACLX,Arcellx Inc. Common Stock,$65.85,0.50,0.765%,3628776393.00,United States,2022,637332,Health Care,Biotechnology: Biological Products (No Diagnostic Substances)
ACM,AECOM Common Stock,$112.86,0.07,0.062%,14931446055.00,United States,2007,807010,Consumer Discretionary,Military/Government/Technical
ACMR,ACM Research Inc. Class A Common Stock,$25.90,0.12,0.465%,1654090654.00,United States,2017,1164812,Technology,Industrial Machinery/Components
ACN,Accenture plc Class A Ordinary Shares (Ireland),$298.89,3.43,1.161%,203438333154.00,Ireland,2001,3136722,Consumer Discretionary,Business Services
ACNB,ACNB Corporation Common Stock,$42.84,-0.16,-0.372%,448692708.00,United States,,36377,Finance,Major Banks
ACNT,Ascent Industries Co. Common Stock,$12.61,0.01,0.079%,126222241.00,United States,,102278,Industrials,Steel/Iron Ore
ACOG,Alpha Cognition Inc. Common Stock,$9.33,0.225,2.471%,149464613.00,Canada,,80628,,
ACON,Aclarion Inc. Common Stock,$7.525,0.255,3.508%,4382342.00,United States,2022,57621,Health Care,Medical Specialities
ACONW,Aclarion Inc. Warrant,$0.0359,-0.001,-2.71%,20907.00,United States,2022,1241,Health Care,Medical Specialities
ACP,abrdn Income Credit Strategies Fund Common Shares,$5.90,0.01,0.17%,0.00,United States,2011,546068,Finance,Investment Managers
ACP^A,abrdn Income Credit Strategies Fund 5.250% Series A Perpetual Preferred Stock,$20.58,-0.06,-0.291%,,United States,,7192,,
ACR,ACRES Commercial Realty Corp. Common Stock,$17.94,0.30,1.701%,132651840.00,United States,,55814,Real Estate,Real Estate Investment Trusts
ACR^C,ACRES Commercial Realty Corp. 8.625% Fixed-to-Floating Series C Cumulative Redeemable Preferred Stock ,$24.81,-0.54,-2.13%,,United States,,78995,,
ACR^D,ACRES Commercial Realty Corp. 7.875% Series D Cumulative Redeemable Preferred Stock,$22.08,-0.3489,-1.556%,,United States,,28829,,
ACRE,Ares Commercial Real Estate Corporation Common Stock,$4.77,-0.16,-3.245%,262375534.00,United States,2012,545700,Real Estate,Real Estate Investment Trusts
ACRS,Aclaris Therapeutics Inc. Common Stock,$1.42,-0.05,-3.401%,153759359.00,United States,2015,965844,Health Care,Biotechnology: Pharmaceutical Preparations
ACRV,Acrivon Therapeutics Inc. Common Stock,$1.19,-0.01,-0.833%,37312880.00,United States,2022,305292,Health Care,Biotechnology: Pharmaceutical Preparations
ACT,Enact Holdings Inc. Common Stock,$37.15,0.37,1.006%,5574962079.00,United States,2021,401335,Finance,Specialty Insurers
ACTG,Acacia Research Corporation (Acacia Tech) Common Stock,$3.58,-0.11,-2.981%,344294693.00,United States,,117814,Miscellaneous,Multi-Sector Companies
ACTU,Actuate Therapeutics Inc. Common stock,$6.11,0.15,2.517%,119876123.00,United States,2024,248236,Health Care,Biotechnology: Pharmaceutical Preparations
ACU,Acme United Corporation. Common Stock,$41.45,1.37,3.418%,157124059.00,United States,1988,28470,Consumer Discretionary,Industrial Machinery/Components
ACV,Virtus Diversified Income & Convertible Fund Common Shares of Beneficial Interest,$22.89,0.09,0.395%,237208017.00,United States,2015,44627,Finance,Finance/Investors Services
ACVA,ACV Auctions Inc. Class A Common Stock,$16.22,0.14,0.871%,2774670959.00,United States,2025,1550551,Consumer Discretionary,Business Services
ACXP,Acurx Pharmaceuticals Inc. Common Stock,$0.5108,0.0808,18.791%,11994404.00,United States,2021,2263977,Health Care,Biotechnology: Pharmaceutical Preparations
ADAG,Adagene Inc. American Depositary Shares,$1.95,0.03,1.563%,91863632.00,China,2021,7455,Health Care,Biotechnology: Pharmaceutical Preparations
ADAP,Adaptimmune Therapeutics plc American Depositary Shares,$0.2397,-0.0053,-2.163%,381197198.00,United Kingdom,2015,557296,Health Care,Biotechnology: Biological Products (No Diagnostic Substances)
ADBE,Adobe Inc. Common Stock,$386.88,1.05,0.272%,164114496000.00,United States,1986,4643201,Technology,Computer Software: Prepackaged Software
ADC,Agree Realty Corporation Common Stock,$73.06,0.71,0.981%,8037955117.00,United States,,1788348,Real Estate,Real Estate Investment Trusts
ADC^A,Agree Realty Corporation Depositary Shares each representing 1/1000th of a 4.250% Series A Cumulative Redeemable Preferred Stock,$16.97,-0.03,-0.176%,,United States,,39860,,
ADCT,ADC Therapeutics SA Common Shares,$2.68,-0.03,-1.107%,265797806.00,Switzerland,2020,519147,Health Care,Biotechnology: Pharmaceutical Preparations
ADD,Color Star Technology Co. Ltd. Class A Ordinary Shares,$0.8626,-0.0474,-5.209%,530186.00,United States,,72077,Consumer Discretionary,Engineering & Construction
ADEA,Adeia Inc. Common Stock,$14.14,-0.03,-0.212%,1534187907.00,United States,2003,1249959,Technology,Computer Software: Prepackaged Software
ADGM,Adagio Medical Holdings Inc Common Stock,$1.30,0.03,2.362%,19996035.00,United States,,64823,Health Care,Medical/Dental Instruments
ADI,Analog Devices Inc. Common Stock,$238.02,1.06,0.447%,118116995612.00,United States,,3258722,Technology,Semiconductors
ADIL,Adial Pharmaceuticals Inc Common Stock,$0.3022,-0.0329,-9.818%,2387590.00,United States,2018,3766658,Health Care,Biotechnology: Pharmaceutical Preparations
ADM,Archer-Daniels-Midland Company Common Stock,$52.78,0.80,1.539%,25358151792.00,United States,,4198732,Consumer Staples,Packaged Foods
ADMA,ADMA Biologics Inc Common Stock,$18.21,0.05,0.275%,4347350620.00,United States,,4646359,Health Care,Biotechnology: Biological Products (No Diagnostic Substances)
ADN,Advent Technologies Holdings Inc. Class A Common Stock,$2.08,-0.0145,-0.692%,5554195.00,United States,2018,26597,Miscellaneous,Industrial Machinery/Components
ADNT,Adient plc Ordinary Shares ,$19.46,-0.26,-1.318%,1634963892.00,United States,2016,977611,Consumer Discretionary,Auto Parts:O.E.M.
ADNWW,Advent Technologies Holdings Inc. Warrant,$0.0056,-0.0003,-5.085%,14954.00,United States,2018,37956,Miscellaneous,Industrial Machinery/Components
ADP,Automatic Data Processing Inc. Common Stock,$308.40,4.95,1.631%,125186575792.00,United States,,2414642,Technology,EDP Services
ADPT,Adaptive Biotechnologies Corporation Common Stock,$11.65,-0.14,-1.187%,1769829811.00,United States,2019,2489839,Health Care,Biotechnology: Biological Products (No Diagnostic Substances)
ADSE,ADS-TEC ENERGY PLC Ordinary Shares,$13.80,0.53,3.994%,756796375.00,Ireland,,384536,Consumer Discretionary,Industrial Specialties
ADSEW,ADS-TEC ENERGY PLC Warrant,$1.97,0.1593,8.798%,108035424.00,Ireland,,64528,Consumer Discretionary,Industrial Specialties
ADSK,Autodesk Inc. Common Stock,$309.57,4.44,1.455%,66247980000.00,United States,,1570457,Technology,Computer Software: Prepackaged Software
ADT,ADT Inc. Common Stock,$8.47,0.04,0.474%,7085243723.00,United States,2018,13816384,Consumer Discretionary,Diversified Commercial Services
ADTN,ADTRAN Holdings Inc. Common Stock,$8.97,0.08,0.90%,717398839.00,United States,1994,2363580,Utilities,Telecommunications Equipment
ADTX,Aditxt Inc. Common Stock,$1.28,-0.05,-3.759%,2713667.00,United States,2020,283055,Health Care,Biotechnology: Pharmaceutical Preparations
ADUR,Aduro Clean Technologies Inc. Common Stock,$8.96,-0.63,-6.569%,259030984.00,Canada,,557238,,
ADUS,Addus HomeCare Corporation Common Stock,$115.19,0.07,0.061%,2119396821.00,United States,2009,179437,Health Care,Medical/Nursing Services
ADV,Advantage Solutions Inc. Class A Common Stock,$1.32,0.01,0.763%,428091840.00,United States,2019,509047,Consumer Discretionary,Business Services
ADVB,Advanced Biomed Inc. Common Stock,$0.70,-0.01,-1.408%,15148000.00,Taiwan,2025,152429,Health Care,Medical Specialities
ADVM,Adverum Biotechnologies Inc. Common Stock,$2.15,-0.17,-7.328%,44915076.00,United States,2014,254487,Health Care,Biotechnology: Biological Products (No Diagnostic Substances)
ADVWW,Advantage Solutions Inc. Warrant,$0.0126,-0.0008,-5.97%,4086331.00,United States,2019,105,Consumer Discretionary,Business Services
ADX,Adams Diversified Equity Fund Inc.,$21.71,0.23,1.071%,0.00,United States,,285092,Finance,Investment Managers
ADXN,Addex Therapeutics Ltd American Depositary Shares,$9.41,0.4083,4.536%,10060306.00,Switzerland,,51904,Health Care,Biotechnology: Pharmaceutical Preparations
AEE,Ameren Corporation Common Stock,$96.04,0.73,0.766%,25957587189.00,United States,,2377189,Utilities,Power Generation
AEF,abrdn Emerging Markets ex-China Fund Inc. Common Stock,$5.94,0.04,0.678%,637733250.00,United States,,251085,Finance,Finance/Investors Services
AEFC,Aegon Funding Company LLC 5.10% Subordinated Notes due 2049,$19.52,-0.18,-0.914%,0.00,United States,2019,215984,,
AEG,Aegon Ltd. New York Registry Shares,$7.24,0.00,0.00%,14524781080.00,Netherlands,,11128441,Finance,Life Insurance
AEHL,Antelope Enterprise Holdings Limited Class A Ordinary Shares,$2.65,-0.05,-1.852%,9059788.00,China,,28030,Industrials,Building Materials
AEHR,Aehr Test Systems Common Stock,$12.93,0.41,3.275%,384944331.00,United States,1997,1632075,Industrials,Electrical Products
AEI,Alset Inc. Common Stock (TX),$1.30,0.36,38.298%,15255655.00,United States,2020,966947,Finance,Real Estate
AEIS,Advanced Energy Industries Inc. Common Stock,$132.50,0.19,0.144%,4989338380.00,United States,1995,260026,Technology,Industrial Machinery/Components
AEM,Agnico Eagle Mines Limited Common Stock,$118.93,2.81,2.42%,59787825971.00,Canada,,2138894,Basic Materials,Precious Metals
AEMD,Aethlon Medical Inc. Common Stock,$1.20,-0.05,-4.00%,3102379.00,United States,,228630,Health Care,Medical/Dental Instruments
AENT,Alliance Entertainment Holding Corporation Class A Common Stock,$3.77,-0.14,-3.581%,418309285.00,United States,,19020,Consumer Discretionary,Durable Goods
AENTW,Alliance Entertainment Holding Corporation Warrants,$0.18,-0.0198,-9.91%,19972327.00,United States,,128,Consumer Discretionary,Durable Goods
AEO,American Eagle Outfitters Inc. Common Stock,$9.62,-0.26,-2.632%,1666840411.00,United States,,6461073,Consumer Discretionary,Clothing/Shoe/Accessory Stores
AEON,AEON Biopharma Inc. Class A Common Stock,$0.76,0.001,0.132%,8592079.00,United States,,220953,Health Care,Biotechnology: Pharmaceutical Preparations
AEP,American Electric Power Company Inc. Common Stock,$103.76,1.30,1.269%,55428075898.00,United States,,3246315,Utilities,Electric Utilities: Central
AER,AerCap Holdings N.V. Ordinary Shares,$117.00,-0.24,-0.205%,21853637325.00,Netherlands,2006,1542749,Consumer Discretionary,Diversified Commercial Services
AERT,Aeries Technology Inc. Class A Ordinary Share,$1.22,0.19,18.447%,54360756.00,United States,2021,266429,Consumer Discretionary,Professional Services
AERTW,Aeries Technology Inc. Warrant,$0.0288,0.0046,19.008%,1283270.00,United States,2021,1587,Consumer Discretionary,Professional Services
AES,The AES Corporation Common Stock,$10.52,-0.20,-1.866%,7489428014.00,United States,,24217345,Utilities,Electric Utilities: Central
AESI,Atlas Energy Solutions Inc. Common Stock,$13.37,0.22,1.673%,1652815885.00,United States,2023,3025682,Industrials,Mining & Quarrying of Nonmetallic Minerals (No Fuels)
AEVA,Aeva Technologies Inc. Common Stock,$37.79,1.36,3.733%,2079305717.00,United States,,4088450,Consumer Discretionary,Auto Parts:O.E.M.
AEVAW,Aeva Technologies Inc. Warrants,$1.18,0.1145,10.746%,64926720.00,United States,,186498,Consumer Discretionary,Auto Parts:O.E.M.
AEYE,AudioEye Inc. Common Stock,$11.65,0.15,1.304%,145139300.00,United States,,87928,Technology,Computer Software: Prepackaged Software
AFB,AllianceBernstein National Municipal Income Fund Inc,$10.31,0.11,1.078%,0.00,United States,2002,82183,Finance,Trusts Except Educational Religious and Charitable
AFBI,Affinity Bancshares Inc. Common Stock (MD),$18.38,-0.255,-1.368%,116089697.00,United States,2017,2818,Finance,Banks
AFCG,Advanced Flower Capital Inc. Common Stock,$4.48,-0.13,-2.82%,101230111.00,United States,2021,298718,Finance,Real Estate
AFG,American Financial Group Inc. Common Stock,$126.21,1.29,1.033%,10540804508.00,United States,,376579,Finance,Property-Casualty Insurers
AFGB,American Financial Group Inc. 5.875% Subordinated Debentures due 2059,$21.32,0.12,0.566%,1780603376.00,United States,2019,4665,Finance,Property-Casualty Insurers
AFGC,American Financial Group Inc. 5.125% Subordinated Debentures due 2059,$19.00,0.26,1.387%,1586841658.00,United States,2019,8154,Finance,Property-Casualty Insurers
AFGD,American Financial Group Inc. 5.625% Subordinated Debentures due 2060,$20.65,0.17,0.83%,1724646328.00,United States,2020,7457,Finance,Property-Casualty Insurers
AFGE,American Financial Group Inc. 4.500% Subordinated Debentures due 2060,$16.98,0.14,0.831%,1418135334.00,United States,2020,5362,Finance,Property-Casualty Insurers
AFJK,Aimei Health Technology Co. Ltd Ordinary Share,$11.15,0.00,0.00%,0.00,United States,2024,16,,
AFJKR,Aimei Health Technology Co. Ltd Right,$0.24,-0.04,-14.286%,0.00,United States,2024,105,,
AFL,AFLAC Incorporated Common Stock,$105.46,0.39,0.371%,57016424653.00,United States,,2628099,Finance,Accident &Health Insurance
AFRI,Forafric Global PLC Ordinary Shares,$7.80,0.04,0.515%,209832418.00,Gibraltar,,24756,Consumer Staples,Packaged Foods
AFRIW,Forafric Global PLC Warrants,$0.46,0.05,12.195%,12374732.00,Gibraltar,,30313,Consumer Staples,Packaged Foods
AFRM,Affirm Holdings Inc. Class A Common Stock,$69.14,1.08,1.587%,22304561165.00,United States,2021,4766044,Finance,Finance: Consumer Services
AFYA,Afya Limited Class A Common Shares,$17.86,0.29,1.651%,1614344272.00,Brazil,2019,80323,Real Estate,Other Consumer Services
AG,First Majestic Silver Corp. Ordinary Shares (Canada),$8.27,0.25,3.117%,4007563203.00,Canada,,28995718,Basic Materials,Precious Metals
AGAE,Allied Gaming & Entertainment Inc. Common Stock,$2.59,-0.56,-17.778%,98468904.00,United States,2017,265090,Consumer Discretionary,Services-Misc. Amusement & Recreation
AGCO,AGCO Corporation Common Stock,$103.16,0.75,0.732%,7694373566.00,United States,,725010,Industrials,Industrial Machinery/Components
AGD,abrdn Global Dynamic Dividend Fund Common Shares of Beneficial Interest,$11.04,0.14,1.284%,0.00,United States,2006,177082,Finance,Trusts Except Educational Religious and Charitable
AGEN,Agenus Inc. Common Stock,$4.57,-0.19,-3.992%,125295005.00,United States,2000,671031,Health Care,Biotechnology: Biological Products (No Diagnostic Substances)
AGFY,Agrify Corporation Common Stock,$21.175,0.088,0.417%,41333896.00,United States,2021,57601,Consumer Staples,Farming/Seeds/Milling
AGH,Aureus Greenway Holdings Inc. Common Stock,$0.578,-0.0105,-1.784%,8022640.00,United States,2025,32296,Consumer Discretionary,Hotels/Resorts
AGI,Alamos Gold Inc. Class A Common Shares,$26.56,0.97,3.791%,11168809902.00,Canada,2015,3506193,Basic Materials,Precious Metals
AGIO,Agios Pharmaceuticals Inc. Common Stock,$33.26,-0.21,-0.627%,1926259519.00,United States,2013,338543,Health Care,Biotechnology: Pharmaceutical Preparations
AGL,agilon health inc. Common Stock,$2.30,-0.01,-0.433%,952089092.00,United States,2021,3987840,Health Care,Misc Health and Biotechnology Services
AGM,Federal Agricultural Mortgage Corporation Common Stock,$194.28,-3.39,-1.715%,2124094713.00,United States,,138177,Finance,Finance Companies
AGM^D,Federal Agricultural Mortgage Corporation 5.700% Non-Cumulative Preferred Stock Series D,$21.54,0.05,0.233%,,United States,,8454,,
AGM^E,Federal Agricultural Mortgage Corporation 5.750% Non-Cumulative Preferred Stock Series E,$21.5695,0.1695,0.792%,,United States,,2386,,
AGM^F,Federal Agricultural Mortgage Corporation 5.250% Non-Cumulative Preferred Stock Series F,$19.68,0.0995,0.508%,,United States,,21354,,
AGM^G,Federal Agricultural Mortgage Corporation 4.875% Non-Cumulative Preferred Stock Series G,$18.25,0.07,0.385%,,United States,,35548,,
AGMH,AGM Group Holdings Inc. Class A Ordinary Shares,$2.33,0.14,6.393%,4697930.00,Hong Kong,2018,238692,Technology,EDP Services
AGNC,AGNC Investment Corp. Common Stock,$9.19,0.03,0.328%,9377249981.00,United States,2008,21802139,Real Estate,Real Estate Investment Trusts
AGNCL,AGNC Investment Corp. Depositary Shares Each Representing a 1/1000th Interest in a Share of 7.75% Series G Fixed-Rate Reset Cumulative Redeemable Preferred Stock,$24.85,-0.18,-0.719%,25356328839.00,United States,,141836,Real Estate,Real Estate Investment Trusts
AGNCM,AGNC Investment Corp. Depositary Shares rep 6.875% Series D Fixed-to-Floating Cumulative Redeemable Preferred Stock,$24.85,-0.4005,-1.586%,25356328839.00,United States,,155389,Real Estate,Real Estate Investment Trusts
AGNCN,AGNC Investment Corp. Depositary Shares Each Representing a 1/1000th Interest in a Share of 7.00% Series C Fixed-To-Floating Rate Cumulative Redeemable Preferred Stock,$25.47,-0.35,-1.356%,25988961591.00,United States,,257922,Real Estate,Real Estate Investment Trusts
AGNCO,AGNC Investment Corp. Depositary Shares each representing a 1/1000th interest in a share of 6.50% Series E Fixed-to-Floating Cumulative Redeemable Preferred Stock,$25.40,-0.31,-1.206%,25917535312.00,United States,,359675,Real Estate,Real Estate Investment Trusts
AGNCP,AGNC Investment Corp. Depositary Shares Each Representing a 1/1000th Interest in a Share of 6.125% Series F Fixed-to-Floating Rate Cumulative Redeemable Preferred Stock,$25.11,-0.24,-0.947%,25621626445.00,United States,,433570,Real Estate,Real Estate Investment Trusts
AGO,Assured Guaranty Ltd. Common Stock,$87.10,-0.45,-0.514%,4275838555.00,Bermuda,2004,291147,Finance,Property-Casualty Insurers
AGRI,AgriFORCE  Growing Systems Ltd. Common Shares,$0.78,-0.001,-0.128%,2235204.00,Canada,2021,70961,Industrials,Metal Fabrications
AGRO,Adecoagro S.A. Common Shares,$9.14,0.08,0.883%,913937446.00,Luxembourg,2011,246202,Consumer Staples,Farming/Seeds/Milling
AGS,PlayAGS Inc. Common Stock,$12.49,0.01,0.08%,518403595.00,United States,2018,1047501,Consumer Discretionary,Miscellaneous manufacturing industries
AGX,Argan Inc. Common Stock,$220.48,0.74,0.337%,3007526450.00,United States,,453332,Consumer Discretionary,Engineering & Construction
AGYS,Agilysys Inc. Common Stock (DE),$114.64,1.70,1.505%,3211904648.00,United States,,365510,Technology,EDP Services
AHCO,AdaptHealth Corp. Common Stock,$9.43,-0.12,-1.257%,1272558706.00,United States,2018,1905279,Health Care,Medical/Nursing Services
AHG,Akso Health Group ADS,$1.30,0.09,7.438%,313124595.00,China,2017,1809,Consumer Discretionary,Business Services
AHH,Armada Hoffler Properties Inc. Common Stock,$6.87,-0.14,-1.997%,550667385.00,United States,2013,964101,Finance,Real Estate
AHH^A,Armada Hoffler Properties Inc. 6.75% Series A Cumulative Redeemable Perpetual Preferred Stock,$21.60,-0.29,-1.325%,,United States,,32536,,
AHL,Aspen Insurance Holdings Limited Class A Ordinary Shares,$31.47,0.37,1.19%,2890251439.00,Bermuda,2025,258695,Finance,Property-Casualty Insurers
AHL^D,Aspen Insurance Holdings Limited 5.625% Perpetual Non-Cumulative Preference Shares,$19.65,-0.21,-1.057%,,Bermuda,,157194,,
AHL^E,Aspen Insurance Holdings Limited Depositary Shares each representing a 1/1000th interest in a share of 5.625% Perpetual Non-Cumulative Preference Shares,$20.06,0.06,0.30%,,Bermuda,,31465,,
AHL^F,Aspen Insurance Holdings Limited Depositary Shares each representing a 1/1000th Interest in a 7.00% Perpetual Non-Cumulative Preference Share,$23.70,-0.37,-1.537%,,Bermuda,,74508,,
AHR,American Healthcare REIT Inc. Common Stock,$36.74,0.67,1.857%,5859912175.00,United States,2024,2363922,Real Estate,Real Estate Investment Trusts
AHT,Ashford Hospitality Trust Inc Common Stock,$6.02,0.03,0.501%,35281739.00,United States,2003,28534,Real Estate,Real Estate Investment Trusts
AHT^D,Ashford Hospitality Trust Inc 8.45% Series D Cumulative Preferred Stock,$21.0238,0.9638,4.805%,,United States,,373,,
AHT^F,Ashford Hospitality Trust Inc 7.375% Series F Cumulative Preferred Stock,$13.17,-0.97,-6.86%,,United States,,2221,,
AHT^G,Ashford Hospitality Trust Inc 7.375% Series G Cumulative Preferred Stock,$15.58,-1.5199,-8.888%,,United States,,2758,,
AHT^H,Ashford Hospitality Trust Inc 7.50% Series H Cumulative Preferred Stock,$13.30,-1.56,-10.498%,,United States,,515,,
AHT^I,Ashford Hospitality Trust Inc 7.50% Series I Cumulative Preferred Stock,$13.965,-0.7092,-4.833%,,United States,,2351,,
AI,C3.ai Inc. Class A Common Stock,$24.57,0.33,1.361%,3301862202.00,United States,2020,6767717,Technology,Computer Software: Prepackaged Software
AIFE,Aifeex Nexus Acquisition Corporation Class A Ordinary Shares,$10.18,0.00,0.00%,0.00,United States,2025,6837,,
AIFEU,Aifeex Nexus Acquisition Corporation Unit,$10.28,-0.01,-0.097%,0.00,United States,2024,851,,
AIFF,Firefly Neuroscience Inc. Common Stock,$2.83,-0.10,-3.413%,36396907.00,United States,,706292,Technology,Computer Software: Prepackaged Software
AIFU,AIFU Inc. Class A Ordinary Share,$6.04,0.20,3.425%,34614998.00,China,2007,104797,Finance,Specialty Insurers
AIG,American International Group Inc. New Common Stock,$85.59,1.00,1.182%,49328106953.00,United States,,4597244,Finance,Life Insurance
AIHS,Senmiao Technology Limited Common Stock,$0.2995,0.0002,0.067%,3150153.00,China,2018,207689,Finance,Finance: Consumer Services
AII,American Integrity Insurance Group Inc. Common Stock,$18.39,0.57,3.199%,359928436.00,,2025,478296,Finance,Property-Casualty Insurers
AIM,AIM ImmunoTech Inc. Common Stock,$8.65,-0.25,-2.809%,6610667.00,,,9760,Health Care,Biotechnology: Biological Products (No Diagnostic Substances)
AIMD,Ainos Inc. Common Stock,$2.83,0.33,13.20%,58762757.00,United States,,238864,Health Care,Biotechnology: Pharmaceutical Preparations
AIMDW,Ainos Inc. Warrants,$0.15,0.00,0.00%,3114634.00,United States,,551,Health Care,Biotechnology: Pharmaceutical Preparations
AIN,Albany International Corporation Common Stock,$70.13,0.62,0.892%,2117926000.00,United States,,513069,Consumer Discretionary,Textiles
AIO,Virtus Artificial Intelligence & Technology Opportunities Fund Common Shares of Beneficial Interest,$24.82,0.05,0.202%,852342925.00,,2019,92405,Finance,Finance/Investors Services
AIOT,PowerFleet Inc. Common Stock,$4.31,-0.15,-3.363%,574827036.00,United States,,2519486,Telecommunications,Telecommunications Equipment
AIP,Arteris Inc. Common Stock,$9.53,-0.16,-1.651%,400047748.00,United States,2021,656646,Technology,Semiconductors
AIR,AAR Corp. Common Stock,$68.79,-0.25,-0.362%,2483580540.00,United States,,223780,Industrials,Aerospace
AIRE,reAlpha Tech Corp. Common Stock,$0.3054,-0.0086,-2.739%,15651396.00,United States,,611261,Finance,Real Estate
AIRG,Airgain Inc. Common Stock,$4.18,0.00,0.00%,49299271.00,United States,2016,17425,Technology,Radio And Television Broadcasting And Communications Equipment
AIRI,Air Industries Group Common Stock,$3.36,-0.01,-0.297%,12647836.00,United States,,50805,Industrials,Military/Government/Technical
AIRJ,AirJoule Technologies Corporation Class A Common Stock,$4.63,0.07,1.535%,278891439.00,United States,2022,288234,Industrials,Industrial Machinery/Components
AIRJW,AirJoule Technologies Corporation Warrant,$0.649,0.0612,10.412%,39092990.00,United States,2022,1717,Industrials,Industrial Machinery/Components
AIRO,AIRO Group Holdings Inc. Common Stock,$24.07,0.74,3.172%,599043906.00,United States,2025,1206425,Industrials,Aerospace
AIRS,AirSculpt Technologies Inc. Common Stock,$4.83,-0.07,-1.429%,283906676.00,United States,2021,348819,Health Care,Medical/Nursing Services
AIRT,Air T Inc. Common Stock,$22.01,-0.47,-2.091%,59997411.00,United States,,30913,Consumer Discretionary,Air Freight/Delivery Services
AIRTP,Air T Inc. Air T Funding Alpha Income Trust Preferred Securities,$17.12,0.04,0.234%,46667682.00,United States,,2062,Consumer Discretionary,Air Freight/Delivery Services
AISP,Airship AI Holdings Inc. Class A Common Stock,$5.89,0.36,6.51%,187563934.00,United States,2021,2797970,Technology,Computer Software: Prepackaged Software
AISPW,Airship AI Holdings Inc. Warrants,$1.99,0.29,17.059%,63370497.00,United States,2021,445679,Technology,Computer Software: Prepackaged Software
AIT,Applied Industrial Technologies Inc. Common Stock,$232.45,0.76,0.328%,8852774800.00,United States,,627213,Consumer Discretionary,Industrial Specialties
AIV,Apartment Investment and Management Company Common Stock,$8.65,-0.05,-0.575%,1225771233.00,United States,1994,981028,Real Estate,Real Estate Investment Trusts
AIXI,XIAO-I Corporation American Depositary Shares,$2.86,0.06,2.143%,35636561.00,China,2023,126701,Technology,Computer Software: Prepackaged Software
AIZ,Assurant Inc. Common Stock,$197.49,0.65,0.33%,10013201967.00,United States,2004,419348,Finance,Property-Casualty Insurers
AIZN,Assurant Inc. 5.25% Subordinated Notes due 2061,$21.45,0.73,3.523%,1087564850.00,United States,2020,208760,Finance,Property-Casualty Insurers
AJG,Arthur J. Gallagher & Co. Common Stock,$320.12,2.39,0.752%,81982732000.00,United States,,1620074,Finance,Specialty Insurers
AKA,a.k.a. Brands Holding Corp. Common Stock,$10.30,-0.40,-3.738%,110362378.00,,2021,11422,Consumer Discretionary,Catalog/Specialty Distribution
AKAM,Akamai Technologies Inc. Common Stock,$79.76,0.16,0.201%,11661420390.00,United States,1999,1946887,Consumer Discretionary,Business Services
AKAN,Akanda Corp. Common Shares,$1.40,-0.05,-3.448%,3186266.00,United Kingdom,2022,125136,Health Care, Medicinal Chemicals and Botanical Products 
AKBA,Akebia Therapeutics Inc. Common Stock,$3.64,-0.01,-0.274%,955994443.00,United States,2014,2850014,Health Care,Biotechnology: Pharmaceutical Preparations
AKO/A,Embotelladora Andina S.A.,$19.80,0.05,0.253%,,Chile,,2939,,
AKO/B,Embotelladora Andina S.A.,$24.34,-0.38,-1.537%,,Chile,,29158,,
AKR,Acadia Realty Trust Common Stock,$18.57,-0.12,-0.642%,2431944266.00,United States,,1338550,Real Estate,Real Estate Investment Trusts
AKRO,Akero Therapeutics Inc. Common Stock,$53.36,-2.83,-5.036%,4253729535.00,United States,2019,1690405,Health Care,Biotechnology: Pharmaceutical Preparations
AKTX,Akari Therapeutics plc ADS,$1.1699,0.0108,0.932%,37643135.00,United Kingdom,,8121,Health Care,Biotechnology: Pharmaceutical Preparations
AKYA,Akoya BioSciences Inc. Common Stock,$1.30,0.06,4.839%,64838019.00,United States,2021,436216,Industrials,Biotechnology: Laboratory Analytical Instruments
AL,Air Lease Corporation Class A Common Stock,$58.49,-0.22,-0.375%,6536791806.00,United States,2011,732928,Consumer Discretionary,Diversified Commercial Services
ALAB,Astera Labs Inc. Common Stock,$90.42,-0.60,-0.659%,14911778322.00,United States,2024,3971058,Technology,Semiconductors
ALAR,Alarum Technologies Ltd. American Depositary Share,$13.53,0.68,5.292%,93818359.00,Israel,2018,191665,Technology,Computer Software: Prepackaged Software
ALB,Albemarle Corporation Common Stock,$62.67,-2.28,-3.51%,7373809480.00,United States,,3076682,Industrials,Major Chemicals
ALB^A,Albemarle Corporation Depositary Shares each representing a 1/20th of 7.25% Series A Mandatory Convertible Preferred Stock,$32.10,-1.23,-3.69%,,United States,,1161239,,
ALBT,Avalon GloboCare Corp. Common Stock,$2.78,0.00,0.00%,5265239.00,United States,,151511,Health Care,Biotechnology: Biological Products (No Diagnostic Substances)
ALC,Alcon Inc. Ordinary Shares,$88.28,0.47,0.535%,43664729083.00,Switzerland,2019,1038039,Health Care,Ophthalmic Goods
ALCO,Alico Inc. Common Stock,$32.68,0.89,2.80%,249743338.00,United States,,50421,,
ALCY,Alchemy Investments Acquisition Corp 1 Class A Ordinary Shares,$11.72,0.00,0.00%,0.00,United States,2023,13,Finance,Blank Checks
ALCYW,Alchemy Investments Acquisition Corp 1 Warrants,$0.1129,0.00,0.00%,0.00,United States,2023,29,Finance,Blank Checks
ALDF,Aldel Financial II Inc. Class A Ordinary Shares,$10.49,0.01,0.095%,0.00,United States,2024,761,,
ALDFU,Aldel Financial II Inc. Units,$11.00,0.00,0.00%,0.00,United States,2024,36,Finance,Blank Checks
ALDFW,Aldel Financial II Inc. Warrants,$0.52,0.0625,13.661%,0.00,United States,2024,322,,
ALDX,Aldeyra Therapeutics Inc. Common Stock,$3.83,0.04,1.055%,229400102.00,United States,2014,1511515,Health Care,Biotechnology: Pharmaceutical Preparations
ALE,Allete Inc.,$64.07,0.19,0.297%,3713741435.00,United States,,369439,Utilities,Power Generation
ALEC,Alector Inc. Common Stock,$1.40,-0.08,-5.405%,139989640.00,United States,2019,679954,Health Care,Biotechnology: Biological Products (No Diagnostic Substances)
ALEX,Alexander & Baldwin Inc. Common Stock REIT Holding Company,$17.83,-0.03,-0.168%,1296446740.00,United States,,552905,Real Estate,Real Estate Investment Trusts
ALF,Centurion Acquisition Corp. Class A Ordinary Shares,$10.52,-0.12,-1.128%,0.00,United States,2024,173,,
ALFUW,Centurion Acquisition Corp. Warrant,$0.30,-0.0098,-3.163%,0.00,United States,2024,12960,Finance,Blank Checks
ALG,Alamo Group Inc. Common Stock,$218.38,1.28,0.59%,2640204810.00,United States,,166441,Industrials,Industrial Machinery/Components
ALGM,Allegro MicroSystems Inc. Common Stock,$34.19,0.01,0.029%,6321772985.00,United States,2020,2351485,Technology,Semiconductors
ALGN,Align Technology Inc. Common Stock,$189.33,0.81,0.43%,13723554947.00,United States,2001,562316,Health Care,Industrial Specialties
ALGS,Aligos Therapeutics Inc. Common Stock,$7.21,0.00,0.00%,44087715.00,United States,2020,57952,Health Care,Biotechnology: Biological Products (No Diagnostic Substances)
ALGT,Allegiant Travel Company Common Stock,$54.95,-0.76,-1.364%,1003098183.00,United States,2006,318241,Consumer Discretionary,Air Freight/Delivery Services
ALHC,Alignment Healthcare Inc. Common Stock,$14.00,0.15,1.083%,2769806928.00,United States,2021,2789151,Health Care,Medical Specialities
ALIT,Alight Inc. Class A Common Stock,$5.66,0.09,1.616%,3046524845.00,United States,2021,8610047,Consumer Discretionary,Business Services
ALK,Alaska Air Group Inc. Common Stock,$49.48,0.11,0.223%,6006501246.00,United States,,2011476,Consumer Discretionary,Air Freight/Delivery Services
ALKS,Alkermes plc Ordinary Shares,$28.61,-0.20,-0.694%,4717825764.00,Ireland,1991,1386674,Health Care,Biotechnology: Pharmaceutical Preparations
ALKT,Alkami Technology Inc. Common Stock,$30.14,0.42,1.413%,3105022077.00,United States,2021,857188,Technology,Computer Software: Prepackaged Software
ALL,Allstate Corporation (The) Common Stock,$201.31,5.55,2.835%,53310411932.00,United States,,2385820,Finance,Property-Casualty Insurers
ALL^B,Allstate Corporation (The) 5.100% Fixed-to-Floating Rate Subordinated Debentures due 2053,$25.81,-0.29,-1.111%,,United States,,329739,,
ALL^H,Allstate Corporation (The) Depositary Shares each representing a 1/1000th interest in a share of Fixed Rate Noncumulative Perpetual Preferred Stock Series H,$20.60,-0.20,-0.962%,,United States,,360782,,
ALL^I,Allstate Corporation (The) Depositary Shares each representing a 1/1000th interest in a share of Fixed Rate Noncumulative Perpetual Preferred Stock Series I,$19.06,-0.31,-1.60%,,United States,,82535,,
ALL^J,Allstate Corporation (The) Depositary Shares each representing a 1/1000th interest in a share of Fixed Rate Noncumulative Perpetual Preferred Stock Series J,$26.09,-0.57,-2.138%,,United States,,143839,,
ALLE,Allegion plc Ordinary Shares,$144.12,0.23,0.16%,12401423675.00,United States,2013,597283,Consumer Discretionary,Diversified Commercial Services
ALLO,Allogene Therapeutics Inc. Common Stock,$1.13,-0.05,-4.237%,247165814.00,United States,2018,2112340,Health Care,Biotechnology: Biological Products (No Diagnostic Substances)
ALLR,Allarity Therapeutics Inc. Common Stock,$1.01,0.0101,1.01%,15230368.00,United States,,275018,Health Care,Biotechnology: Pharmaceutical Preparations
ALLT,Allot Ltd. Ordinary Shares,$8.55,0.56,7.009%,339373560.00,Israel,2006,1065815,Telecommunications,Computer Communications Equipment
ALLY,Ally Financial Inc. Common Stock,$38.95,0.04,0.103%,11964454526.00,United States,2014,2838739,Finance,Major Banks
ALMS,Alumis Inc. Common Stock,$3.00,-0.02,-0.662%,163216632.00,United States,2024,791939,Health Care,Biotechnology: Pharmaceutical Preparations
ALMU,Aeluma Inc. Common Stock,$16.37,1.84,12.663%,258571795.00,United States,,352623,Technology,Semiconductors
ALNT,Allient Inc. Common Stock,$36.31,0.39,1.086%,614687851.00,United States,,152862,Industrials,Electrical Products
ALNY,Alnylam Pharmaceuticals Inc. Common Stock,$326.09,3.26,1.01%,42518351073.00,United States,2004,943507,Health Care,Biotechnology: Pharmaceutical Preparations
ALOT,AstroNova Inc. Common Stock,$11.59,2.29,24.624%,88040364.00,United States,1983,114594,Technology,Computer peripheral equipment
ALRM,Alarm.com Holdings Inc. Common Stock,$56.57,0.22,0.39%,2813905449.00,United States,2015,374559,Technology,Computer Software: Prepackaged Software
ALRS,Alerus Financial Corporation Common Stock,$21.64,-0.29,-1.322%,548912926.00,United States,2019,64721,Finance,Major Banks
ALSN,Allison Transmission Holdings Inc. Common Stock,$94.99,0.33,0.349%,8003362122.00,United States,2012,799462,Consumer Discretionary,Auto Parts:O.E.M.
ALT,Altimmune Inc. Common Stock,$3.87,0.37,10.571%,313883986.00,United States,,19030816,Health Care,Biotechnology: Pharmaceutical Preparations
ALTG,Alta Equipment Group Inc. Class A Common Stock,$6.32,0.08,1.282%,209767531.00,United States,2019,204643,Industrials,Industrial Machinery/Components
ALTG^A,Alta Equipment Group Inc. Depositary Shares (each representing 1/1000th in a share of 10% Series A Cumulative Perpetual Preferred Stock),$25.345,-0.005,-0.02%,,United States,,2458,,
ALTI,AlTi Global Inc. Class A Common Stock,$4.15,-0.01,-0.24%,601683227.00,United States,2021,154678,Finance,Investment Managers
ALTO,Alto Ingredients Inc. Common Stock,$1.15,0.01,0.877%,88791697.00,United States,,247776,Industrials,Major Chemicals
ALTS,ALT5 Sigma Corporation Common Stock,$7.245,-0.885,-10.886%,126459012.00,United States,,380197,Consumer Discretionary,Home Furnishings
ALUR,Allurion Technologies Inc. Common Stock,$2.43,0.00,0.00%,18122352.00,United States,,25784,Health Care,Medical/Dental Instruments
ALV,Autoliv Inc. Common Stock,$111.90,-1.20,-1.061%,8650447404.00,Sweden,,643216,Consumer Discretionary,Auto Parts:O.E.M.
ALVO,Alvotech Ordinary Shares,$9.12,-0.02,-0.219%,2752467774.00,Luxembourg,,239314,Health Care,Biotechnology: Biological Products (No Diagnostic Substances)
ALX,Alexander's Inc. Common Stock,$225.32,0.67,0.298%,1150774583.00,United States,,93592,Real Estate,Real Estate Investment Trusts
ALXO,ALX Oncology Holdings Inc. Common Stock,$0.4151,0.0093,2.292%,22184613.00,United States,2020,376798,Health Care,Biotechnology: Pharmaceutical Preparations
ALZN,Alzamend Neuro Inc. Common Stock,$2.91,0.01,0.345%,2330776.00,United States,2021,196813,Health Care,Biotechnology: Pharmaceutical Preparations
AM,Antero Midstream Corporation Common Stock,$18.95,0.06,0.318%,9081200050.00,United States,2017,3562502,Utilities,Natural Gas Distribution
AMAL,Amalgamated Financial Corp. Common Stock (DE),$31.20,-0.35,-1.109%,954399576.00,United States,2018,230420,Finance,Major Banks
AMAT,Applied Materials Inc. Common Stock,$183.07,-0.14,-0.076%,146913348586.00,United States,1972,4065382,Technology,Semiconductors
AMBA,Ambarella Inc. Ordinary Shares,$66.065,-0.995,-1.484%,2802086658.00,United States,2012,969175,Technology,Semiconductors
AMBC,Ambac Financial Group Inc. Common Stock,$7.10,0.06,0.852%,329634689.00,United States,,1967407,Finance,Property-Casualty Insurers
AMBI,Ambipar Emergency Response Class A Ordinary Shares,$5.0248,0.0748,1.511%,278523915.00,,,60506,Industrials,Environmental Services
AMBO,Ambow Education Holding Ltd. American Depository Shares (each representing twenty (20) Class A Ordinary Shares),$2.5932,0.0732,2.905%,7407154.00,China,,1140,Real Estate,Other Consumer Services
AMBP,Ardagh Metal Packaging S.A. Ordinary Shares,$4.28,-0.02,-0.465%,2558154228.00,,,1052809,Industrials,Containers/Packaging
AMBR,Amber International Holding Limited American Depositary Shares,$11.03,-0.26,-2.303%,104543785.00,Hong Kong,2017,315617,Finance,Finance: Consumer Services
AMC,AMC Entertainment Holdings Inc. Class A Common Stock,$3.10,0.03,0.977%,1342745039.00,United States,2013,6270471,Consumer Discretionary,Movies/Entertainment
AMCR,Amcor plc Ordinary Shares,$9.19,0.00,0.00%,13282704118.00,United Kingdom,2019,23941988,Consumer Discretionary,Miscellaneous manufacturing industries
AMCX,AMC Networks Inc. Class A Common Stock,$6.27,-0.11,-1.724%,281694033.00,United States,,357012,Telecommunications,Cable & Other Pay Television Services
AMD,Advanced Micro Devices Inc. Common Stock,$141.90,-1.91,-1.328%,230077255271.00,United States,,42799160,Technology,Semiconductors
AME,AMETEK Inc.,$180.96,0.43,0.238%,41779859859.00,United States,,1600767,Industrials,Industrial Machinery/Components
AMED,Amedisys Inc Common Stock,$98.39,0.47,0.48%,3229124183.00,United States,,527763,Health Care,Medical/Nursing Services
AMG,Affiliated Managers Group Inc. Common Stock,$196.77,-0.90,-0.455%,5593952489.00,United States,,294121,Finance,Investment Managers
AMGN,Amgen Inc. Common Stock,$279.21,2.08,0.751%,150132925207.00,United States,1983,2963421,Health Care,Biotechnology: Biological Products (No Diagnostic Substances)
AMH,American Homes 4 Rent Common Shares of Beneficial Interest,$36.07,0.13,0.362%,13351696305.00,United States,2013,2366461,Real Estate,Real Estate Investment Trusts
AMH^G,American Homes 4 Rent Series G cumulative redeemable perpetual preferred shares of beneficial interest,$22.83,0.13,0.573%,,United States,,7769,,
AMH^H,American Homes 4 Rent Series H cumulative redeemable perpetual Preferred Shares of Beneficial Interest,$23.51,0.17,0.728%,,United States,,76619,,
AMIX,Autonomix Medical Inc. Common Stock,$1.57,-0.44,-21.891%,4365354.00,United States,2024,1550894,Health Care,Medical/Dental Instruments
AMKR,Amkor Technology Inc. Common Stock,$20.99,-0.16,-0.757%,5185711485.00,United States,1998,1549837,Technology,Semiconductors
AMLX,Amylyx Pharmaceuticals Inc. Common Stock,$6.41,0.08,1.264%,571394368.00,United States,2022,2126457,Health Care,Biotechnology: Pharmaceutical Preparations
AMN,AMN Healthcare Services Inc,$20.67,-0.21,-1.006%,791342062.00,United States,,745243,Consumer Discretionary,Professional Services
AMOD,Alpha Modus Holdings Inc. Class A Common Stock,$1.14,-0.02,-1.724%,15764839.00,United States,,36832,Miscellaneous,Multi-Sector Companies
AMODW,Alpha Modus Holdings Inc. Warrant,$0.111,0.021,23.333%,1534997.00,United States,,16751,Miscellaneous,Multi-Sector Companies
AMP,Ameriprise Financial Inc. Common Stock,$533.73,5.66,1.072%,50823197260.00,United States,,442144,Finance,Investment Managers
AMPG,Amplitech Group Inc. Common Stock,$2.12,0.01,0.474%,43616021.00,United States,,132879,Telecommunications,Telecommunications Equipment
AMPGW,Amplitech Group Inc. Warrants,$0.525,0.0772,17.24%,10801137.00,United States,,6687,Telecommunications,Telecommunications Equipment
AMPH,Amphastar Pharmaceuticals Inc. Common Stock,$22.96,-0.12,-0.52%,1082313392.00,United States,2014,396102,Health Care,Biotechnology: Pharmaceutical Preparations
AMPL,Amplitude Inc. Class A Common Stock,$12.40,0.07,0.568%,1623019000.00,United States,,991825,Technology,Computer Software: Prepackaged Software
AMPX,Amprius Technologies Inc. Common Stock,$4.21,0.14,3.44%,507498984.00,United States,2022,4339605,Miscellaneous,Industrial Machinery/Components
AMPY,Amplify Energy Corp. Common Stock,$3.20,-0.13,-3.904%,129077053.00,United States,2016,1044203,Energy,Oil & Gas Production
AMR,Alpha Metallurgical Resources Inc. Common Stock,$112.48,7.60,7.246%,1468165896.00,United States,2018,696608,Energy,Coal Mining
AMRC,Ameresco Inc. Class A Common Stock,$15.19,0.03,0.198%,799048395.00,United States,2010,374345,Consumer Discretionary,Engineering & Construction
AMRK,A-Mark Precious Metals Inc. Common Stock,$22.18,1.02,4.82%,546176644.00,United States,,314576,Industrials,Other Specialty Stores
AMRN,Amarin Corporation plc,$16.22,0.51,3.246%,335867735.00,Ireland,,170121,Health Care,Biotechnology: Pharmaceutical Preparations
AMRX,Amneal Pharmaceuticals Inc. Class A Common Stock,$8.09,-0.04,-0.492%,2535564556.00,United States,,3193706,Health Care,Biotechnology: Pharmaceutical Preparations
AMRZ,Amrize Ltd Ordinary Shares,$49.55,0.54,1.102%,0.00,,2025,3979857,Industrials,Building Materials
AMS,American Shared Hospital Services Common Stock,$2.41,-0.0325,-1.331%,15544500.00,United States,1988,110089,Health Care,Medical Specialities
AMSC,American Superconductor Corporation Common Stock,$36.69,0.25,0.686%,1449352816.00,United States,1991,1339944,Consumer Discretionary,Metal Fabrications
AMSF,AMERISAFE Inc. Common Stock,$43.73,-0.14,-0.319%,833070275.00,United States,2005,186898,Finance,Property-Casualty Insurers
AMST,Amesite Inc. Common Stock,$2.69,0.16,6.324%,12300598.00,United States,2020,41975,Technology,Computer Software: Prepackaged Software
AMT,American Tower Corporation (REIT) Common Stock,$221.02,3.24,1.488%,103467914910.00,United States,,2071770,Real Estate,Real Estate Investment Trusts
AMTB,Amerant Bancorp Inc. Class A Common Stock,$18.23,0.14,0.774%,762541157.00,United States,,253183,Finance,Major Banks
AMTD,AMTD IDEA Group American Depositary Shares each representing six (6) Class A Ordinary Shares,$0.984,-0.116,-10.545%,91357224.00,,,62539,Finance,Finance: Consumer Services
AMTM,Amentum Holdings Inc. Common Stock,$23.61,0.16,0.682%,5744843469.00,United States,2024,1343340,,
AMTX,Aemetis Inc. (DE) Common Stock,$2.48,0.13,5.532%,137316008.00,United States,,1350106,Industrials,Major Chemicals
AMWD,American Woodmark Corporation Common Stock,$53.37,0.18,0.338%,774045230.00,United States,1986,202053,Basic Materials,Forest Products
AMWL,American Well Corporation Class A Common Stock,$8.89,0.95,11.965%,140547380.00,United States,2020,79192,Consumer Discretionary,Business Services
AMX,America Movil S.A.B. de C.V. American Depositary Shares (each representing the right to receive twenty (20) Series B Shares,$17.94,0.43,2.456%,54483780000.00,Mexico,2023,1544860,Telecommunications,Telecommunications Equipment
AMZE,Amaze Holdings Inc. Common Stock,$8.42,-1.12,-11.74%,6799765.00,,2021,61749,Consumer Staples,Beverages (Production/Distribution)
AMZN,Amazon.com Inc. Common Stock,$219.39,-3.91,-1.751%,2329121554572.00,United States,1997,58775912,Consumer Discretionary,Catalog/Specialty Distribution
AN,AutoNation Inc. Common Stock,$198.65,-0.29,-0.146%,7489331064.00,United States,,310905,Consumer Discretionary,Retail-Auto Dealers and Gas Stations
ANAB,AnaptysBio Inc. Common Stock,$22.20,-0.27,-1.202%,652247011.00,United States,2017,525155,Health Care,Biotechnology: Pharmaceutical Preparations
ANDE,Andersons Inc. (The) Common Stock,$36.75,0.61,1.688%,1256401871.00,United States,,624788,Industrials,Farming/Seeds/Milling
ANEB,Anebulo Pharmaceuticals Inc. Common Stock,$1.44,-0.02,-1.37%,59162013.00,United States,2021,2481,Health Care,Biotechnology: Pharmaceutical Preparations
ANET,Arista Networks Inc. Common Stock,$102.31,2.92,2.938%,128493321606.00,United States,,12513004,Telecommunications,Computer Communications Equipment
ANF,Abercrombie & Fitch Company Common Stock,$82.85,0.13,0.157%,3947248648.00,United States,,2425531,Consumer Discretionary,Clothing/Shoe/Accessory Stores
ANG^B,American National Group Inc. Depositary Shares each representing a 1/1000th interest in a share of 6.625% Fixed-Rate Reset Non-Cumulative Preferred Stock Series B,$25.10,-0.04,-0.159%,,United States,,136434,,
ANG^D,American National Group Inc. Depositary Shares each representing a 1/1000th interest in a share of 7.375% Fixed-Rate Non-Cumulative Preferred Stock Series D,$26.07,-0.18,-0.686%,,United States,,256416,,
ANGH,Anghami Inc. Ordinary Shares,$0.485,-0.016,-3.194%,32429378.00,United Arab Emirates,,5329,Consumer Discretionary,Telecommunications Equipment
ANGHW,Anghami Inc. Warrants,$0.0118,-0.0001,-0.84%,789003.00,United Arab Emirates,,17548,Consumer Discretionary,Telecommunications Equipment
ANGI,Angi Inc. Class A Common Stock,$15.26,-0.50,-3.173%,732280903.00,United States,,1611902,Consumer Discretionary,Advertising
ANGO,AngioDynamics Inc. Common Stock,$9.92,0.14,1.431%,402821301.00,United States,2004,333948,Health Care,Medical/Dental Instruments
ANIK,Anika Therapeutics Inc. Common Stock,$10.58,-0.16,-1.49%,151732255.00,United States,,60670,Health Care,Medical/Dental Instruments
ANIP,ANI Pharmaceuticals Inc.,$65.25,-0.25,-0.382%,1372212002.00,United States,,394106,Health Care,Biotechnology: Pharmaceutical Preparations
ANIX,Anixa Biosciences Inc. Common Stock,$3.30,0.08,2.484%,106296604.00,United States,,86673,Health Care,Biotechnology: Pharmaceutical Preparations
ANL,Adlai Nortye Ltd. American Depositary Shares,$1.47,-0.0801,-5.167%,54243394.00,Cayman Islands,2023,11424,Health Care,Biotechnology: Pharmaceutical Preparations
ANNA,AleAnna Inc. Class A Common Stock,$7.20,-0.02,-0.277%,479910823.00,United States,,56457,Energy,Oil & Gas Production
ANNAW,AleAnna Inc. Warrant,$0.235,0.0003,0.128%,15663756.00,United States,,1214,Energy,Oil & Gas Production
ANNX,Annexon Inc. Common Stock,$2.40,-0.01,-0.415%,263314570.00,United States,2020,1055480,Health Care,Biotechnology: Pharmaceutical Preparations
ANRO,Alto Neuroscience Inc. Common Stock,$2.20,-0.11,-4.762%,59558684.00,United States,2024,390164,Health Care,Biotechnology: Pharmaceutical Preparations
ANSC,Agriculture & Natural Solutions Acquisition Corporation Class A Ordinary Shares,$10.85,0.015,0.138%,0.00,United States,2024,591,,
ANSCU,Agriculture & Natural Solutions Acquisition Corporation Unit,$10.77,0.00,0.00%,0.00,United States,2023,11,,
ANSCW,Agriculture & Natural Solutions Acquisition Corporation Warrant,$0.15,0.0159,11.857%,0.00,United States,2024,463,,
ANSS,ANSYS Inc. Common Stock,$351.22,4.03,1.161%,30877907744.00,United States,1996,630861,Technology,Computer Software: Prepackaged Software
ANTA,Antalpha Platform Holding Company Ordinary Shares,$11.53,0.53,4.818%,273178849.00,Singapore,2025,55683,Finance,Investment Bankers/Brokers/Service
ANTE,AirNet Technology Inc. Ordinary Share,$0.63,-0.015,-2.326%,18829596.00,China,2007,21612,Consumer Discretionary,Advertising
ANTX,AN2 Therapeutics Inc. Common Stock,$1.06,-0.02,-1.852%,31986263.00,United States,2022,110178,Health Care,Biotechnology: Pharmaceutical Preparations
ANVS,Annovis Bio Inc. Common Stock,$2.17,0.12,5.854%,42285121.00,United States,2020,284407,Health Care,Biotechnology: Pharmaceutical Preparations
ANY,Sphere 3D Corp. Common Shares,$0.5901,0.0214,3.763%,15612810.00,Canada,,479136,Finance,Finance: Consumer Services
AOD,abrdn Total Dynamic Dividend Fund Common Shares of Beneficial Interest,$8.86,0.08,0.911%,0.00,United States,2007,644309,Finance,Investment Managers
AOMD,Angel Oak Mortgage REIT Inc. 9.750% Senior Notes due 2030,$24.49,-0.04,-0.163%,0.00,United States,2025,20414,Finance,Real Estate
AOMN,Angel Oak Mortgage REIT Inc. 9.500% Senior Notes due 2029,$24.9199,-0.0301,-0.121%,0.00,United States,2024,2790,Finance,Real Estate
AOMR,Angel Oak Mortgage REIT Inc. Common Stock,$9.42,0.03,0.319%,221371649.00,United States,2021,49274,Finance,Real Estate
AON,Aon plc Class A Ordinary Shares (Ireland),$356.76,4.03,1.143%,77038724432.00,United States,,1029212,Finance,Specialty Insurers
AORT,Artivion Inc. Common Stock,$31.10,-0.09,-0.289%,1328056614.00,United States,,536060,Health Care,Medical/Dental Instruments
AOS,A.O. Smith Corporation Common Stock,$65.57,-0.08,-0.122%,9318089884.00,United States,,1431527,Consumer Discretionary,Consumer Electronics/Appliances
AOSL,Alpha and Omega Semiconductor Limited Common Shares,$25.66,-0.05,-0.194%,763641472.00,Bermuda,2010,272174,Technology,Semiconductors
AOUT,American Outdoor Brands Inc. Common Stock ,$10.45,0.06,0.577%,133320619.00,United States,,326085,Consumer Discretionary,Recreational Games/Products/Toys
AP,Ampco-Pittsburgh Corporation Common Stock,$2.96,0.00,0.00%,59480066.00,United States,,58537,Industrials,Fluid Controls
APA,APA Corporation Common Stock,$18.29,-0.27,-1.455%,6599857245.00,United States,,5257929,Energy,Oil & Gas Production
APAM,Artisan Partners Asset Management Inc. Class A Common Stock,$44.33,-0.22,-0.494%,3575799346.00,United States,2013,457944,Finance,Investment Managers
APD,Air Products and Chemicals Inc. Common Stock,$282.06,-0.29,-0.103%,62770821001.00,United States,,1286078,Industrials,Major Chemicals
APDN,Applied DNA Sciences Inc. Common Stock,$5.15,0.32,6.625%,2575000.00,United States,,858464,Consumer Discretionary,Other Consumer Services
APEI,American Public Education Inc. Common Stock,$30.46,-0.10,-0.327%,549488226.00,United States,2007,246628,Real Estate,Other Consumer Services
APG,APi Group Corporation Common Stock,$51.05,0.18,0.354%,14132679754.00,United States,2020,2236003,Consumer Discretionary,Engineering & Construction
APGE,Apogee Therapeutics Inc. Common Stock,$43.43,0.05,0.115%,2585564139.00,United States,2023,1198254,Health Care,Biotechnology: Biological Products (No Diagnostic Substances)
APH,Amphenol Corporation Common Stock,$98.75,1.08,1.106%,119447909249.00,United States,,8247340,Technology,Electrical Products
API,Agora Inc. American Depositary Shares,$3.81,0.03,0.794%,356275923.00,China,2020,310106,Technology,Computer Software: Prepackaged Software
APLD,Applied Digital Corporation Common Stock,$10.07,-0.31,-2.987%,2262907370.00,United States,2022,31743019,Finance,Finance: Consumer Services
APLE,Apple Hospitality REIT Inc. Common Shares,$11.67,-0.17,-1.436%,2776460336.00,United States,2015,3043704,Real Estate,Real Estate Investment Trusts
APLM,Apollomics Inc. Class A Ordinary Shares,$6.558,0.048,0.737%,7235756.00,United States,,44758,Health Care,Biotechnology: Pharmaceutical Preparations
APLMW,Apollomics Inc. Warrant,$0.0443,0.0003,0.682%,48878.00,United States,,578167,Health Care,Biotechnology: Pharmaceutical Preparations
APLS,Apellis Pharmaceuticals Inc. Common Stock,$17.31,-0.12,-0.688%,2175559921.00,United States,2017,2240120,Health Care,Biotechnology: Pharmaceutical Preparations
APLT,Applied Therapeutics Inc. Common Stock,$0.3111,-0.0127,-3.922%,44044146.00,United States,2019,2814462,Health Care,Biotechnology: Pharmaceutical Preparations
APM,Aptorum Group Limited Class A Ordinary Shares,$0.91,-0.0615,-6.33%,6500819.00,Hong Kong,2018,37769,Health Care,Biotechnology: Pharmaceutical Preparations
APO,Apollo Global Management Inc. (New) Common Stock,$141.87,-1.05,-0.735%,81077886978.00,United States,,2680589,Finance,Investment Managers
APO^A,Apollo Global Management Inc. 6.75% Series A Mandatory Convertible Preferred Stock,$74.85,-1.02,-1.344%,,United States,,157299,,
APOG,Apogee Enterprises Inc. Common Stock,$40.60,-1.39,-3.31%,869623174.00,United States,,1082347,Consumer Discretionary,Auto Parts:O.E.M.
APOS,Apollo Global Management Inc. 7.625% Fixed-Rate Resettable Junior Subordinated Notes due 2053,$26.03,-0.14,-0.535%,14824977074.00,United States,1987,132419,Finance,Investment Managers
APP,Applovin Corporation Class A Common Stock,$350.08,16.30,4.883%,118462471949.00,United States,2021,8199246,Technology,Computer Software: Programming Data Processing
APPF,AppFolio Inc. Class A Common Stock,$230.28,2.95,1.298%,8296676601.00,United States,2015,351847,Technology,Computer Software: Prepackaged Software
APPN,Appian Corporation Class A Common Stock,$29.86,0.86,2.966%,2216453096.00,United States,2017,982368,Technology,Computer Software: Prepackaged Software
APPS,Digital Turbine Inc. Common Stock,$5.90,0.17,2.967%,631195499.00,United States,,8505842,Miscellaneous,Multi-Sector Companies
APRE,Aprea Therapeutics Inc. Common stock,$1.69,0.015,0.896%,9348020.00,United States,2019,42645,Health Care,Biotechnology: Pharmaceutical Preparations
APT,Alpha Pro Tech Ltd. Common Stock,$4.69,-0.04,-0.846%,50952169.00,Canada,2000,7831,Health Care,Industrial Specialties
APTV,Aptiv PLC Ordinary Shares,$68.22,-0.56,-0.814%,14853573960.00,United Kingdom,,2017027,Consumer Discretionary,Auto Parts:O.E.M.
APUS,Apimeds Pharmaceuticals US Inc. Common Stock,$1.76,-0.0199,-1.118%,20373730.00,,2025,24698,Health Care,Biotechnology: Pharmaceutical Preparations
APVO,Aptevo Therapeutics Inc. Common Stock,$3.05,-0.03,-0.974%,2064255.00,United States,,367560,Health Care,Biotechnology: Pharmaceutical Preparations
APWC,Asia Pacific Wire & Cable Corporation Ltd. Ordinary Shares (Bermuda),$1.70,0.01,0.592%,35047586.00,Taiwan,,2140,Industrials,Telecommunications Equipment
APYX,Apyx Medical Corporation Common Stock,$2.25,0.09,4.167%,85036244.00,United States,,53225,Health Care,Medical/Dental Instruments
AQB,AquaBounty Technologies Inc. Common Stock,$0.74,0.005,0.68%,2863327.00,United States,,299934,Consumer Staples,Meat/Poultry/Fish
AQMS,Aqua Metals Inc. Common Stock,$0.485,-0.035,-6.731%,4314730.00,United States,2015,427589,Industrials,Metal Fabrications
AQN,Algonquin Power & Utilities Corp. Common Shares,$5.73,0.00,0.00%,4399667487.00,United States,2016,6897690,Utilities,Electric Utilities: Central
AQNB,Algonquin Power & Utilities Corp. 6.20% Fixed-to-Floating Subordinated Notes Series 2019-A due July 1 2079,$25.16,0.04,0.159%,19318609769.00,United States,2019,242133,Utilities,Electric Utilities: Central
AQST,Aquestive Therapeutics Inc. Common Stock,$3.31,0.06,1.846%,328775442.00,United States,2018,1083340,Health Care,Biotechnology: Pharmaceutical Preparations
AR,Antero Resources Corporation Common Stock,$40.28,-0.90,-2.186%,12508027560.00,United States,2013,5417292,Energy,Oil & Gas Production
ARAI,Arrive AI Inc. Common Stock,$11.68,1.08,10.189%,385318178.00,United States,,499267,Finance,Diversified Commercial Services
ARAY,Accuray Incorporated Common Stock,$1.37,-0.01,-0.725%,141128336.00,United States,2007,806375,Health Care,Medical/Dental Instruments
ARBB,ARB IOT Group Limited Ordinary Shares,$6.808,-0.0128,-0.188%,12017999.00,Malaysia,2023,4230,Technology,EDP Services
ARBE,Arbe Robotics Ltd. Ordinary Shares,$1.78,0.00,0.00%,187190475.00,Israel,,1895071,Technology,EDP Services
ARBEW,Arbe Robotics Ltd. Warrant,$0.31,0.06,24.00%,32600588.00,Israel,,26693,Technology,EDP Services
ARBK,Argo Blockchain plc American Depositary Shares,$0.187,-0.1768,-48.598%,13412582.00,United Kingdom,2021,8060498,Finance,Finance: Consumer Services
ARBKL,Argo Blockchain plc 8.75% Senior Notes due 2026,$2.71,-3.9886,-59.544%,1724508500.00,United Kingdom,,196634,Finance,Finance: Consumer Services
ARCB,ArcBest Corporation Common Stock,$77.01,1.46,1.932%,1764403295.00,United States,,710255,Industrials,Trucking Freight/Courier Services
ARCC,Ares Capital Corporation Common Stock,$21.96,0.01,0.046%,15144324715.00,United States,2004,5573640,Finance,Finance: Consumer Services
ARCO,Arcos Dorados Holdings Inc. Class A Shares,$7.89,0.11,1.414%,1662131520.00,Argentina,2011,1690597,Consumer Discretionary,Restaurants
ARCT,Arcturus Therapeutics Holdings Inc. Common Stock,$13.01,-0.32,-2.401%,352839045.00,Israel,2013,656108,Health Care,Biotechnology: Pharmaceutical Preparations
ARDC,Ares Dynamic Credit Allocation Fund Inc. Common Shares,$14.22,0.01,0.07%,325850433.00,United States,2012,123115,Finance,Investment Managers
ARDT,Ardent Health Inc. Common Stock,$13.66,-0.02,-0.146%,1953976409.00,United States,2024,180572,Health Care,Hospital/Nursing Management
ARDX,Ardelyx Inc. Common Stock,$3.92,0.23,6.233%,937880431.00,United States,2014,5154435,Health Care,Biotechnology: Pharmaceutical Preparations
ARE,Alexandria Real Estate Equities Inc. Common Stock,$72.63,-0.74,-1.009%,12564181919.00,United States,,1593783,Real Estate,Real Estate Investment Trusts
AREB,American Rebel Holdings Inc. Common Stock,$1.26,-0.08,-5.97%,8238302.00,United States,,4048063,Industrials,Plastic Products
AREBW,American Rebel Holdings Inc. Warrants,$0.034,-0.0005,-1.449%,222303.00,United States,,34493,Industrials,Plastic Products
AREC,American Resources Corporation Class A Common Stock,$0.8284,0.0184,2.272%,68156364.00,United States,,613273,Energy,Coal Mining
AREN,The Arena Group Holdings Inc. Common Stock,$6.20,-0.17,-2.669%,294877902.00,United States,2022,348317,Technology,EDP Services
ARES,Ares Management Corporation Class A Common Stock,$173.20,0.02,0.012%,56563549136.00,United States,2014,1491708,Finance,Investment Managers
ARES^B,Ares Management Corporation 6.75% Series B Mandatory Convertible Preferred Stock,$53.00,-0.96,-1.779%,,United States,,198233,,
ARGD,Argo Group International Holdings Ltd. 6.5% Senior Notes Due 2042,$20.14,-0.01,-0.05%,262.00,Bermuda,,14872,Finance,Specialty Insurers
ARGO^A,Argo Group International Holdings Inc. Depositary Shares Each Representing a 1/1000th Interest in a 7.00% Resettable Fixed Rate Preference Share Series A,$25.05,-0.04,-0.159%,,Bermuda,,100649,,
ARGX,argenx SE American Depositary Shares,$551.22,-8.92,-1.592%,33619380196.00,Netherlands,2017,1496036,Health Care,Biotechnology: Biological Products (No Diagnostic Substances)
ARHS,Arhaus Inc. Class A Common Stock,$8.67,-0.06,-0.687%,1221895370.00,United States,2021,1796102,Consumer Discretionary,Other Specialty Stores
ARI,Apollo Commercial Real Estate Finance Inc,$9.68,-0.13,-1.325%,1344976284.00,United States,2009,1426901,Real Estate,Real Estate Investment Trusts
ARIS,Aris Water Solutions Inc. Class A Common Stock,$23.65,0.22,0.939%,1398544902.00,United States,2021,1059019,Energy,Oilfield Services/Equipment
ARKO,ARKO Corp. Common Stock,$4.23,-0.13,-2.982%,482029134.00,United States,,707700,Consumer Staples,Food Chains
ARKOW,ARKO Corp. Warrant,$0.0127,0.0025,24.51%,1447227.00,United States,,74109,Consumer Staples,Food Chains
ARKR,Ark Restaurants Corp. Common Stock,$9.00,-0.075,-0.826%,32455413.00,United States,,1517,Consumer Discretionary,Restaurants
ARL,American Realty Investors Inc. Common Stock,$14.12,-0.29,-2.012%,228066847.00,United States,,6698,Real Estate,Other Consumer Services
ARLO,Arlo Technologies Inc. Common Stock,$16.96,-0.21,-1.223%,1753680231.00,United States,2018,1004356,Consumer Staples,Consumer Electronics/Appliances
ARLP,Alliance Resource Partners L.P. Common Units representing Limited Partners Interests,$26.14,0.60,2.349%,3357108547.00,United States,1999,229852,Energy,Coal Mining
ARM,Arm Holdings plc American Depositary Shares,$161.74,-3.72,-2.248%,171325359198.00,United Kingdom,2023,5519289,Technology,Semiconductors
ARMK,Aramark Common Stock,$41.87,-0.23,-0.546%,10972902763.00,United States,2013,1826657,Consumer Discretionary,Restaurants
ARMN,Aris Mining Corporation Common Shares,$6.72,0.16,2.439%,1196832000.00,,2023,889524,,
ARMP,Armata Pharmaceuticals Inc. Common Stock,$1.90,-0.10,-5.00%,68767610.00,United States,,14995,Health Care,Biotechnology: Biological Products (No Diagnostic Substances)
AROC,Archrock Inc. Common Stock,$24.83,-0.17,-0.68%,4390171989.00,United States,,1307207,Utilities,Natural Gas Distribution
AROW,Arrow Financial Corporation Common Stock,$26.42,-0.315,-1.178%,440562430.00,United States,,31152,Finance,Major Banks
ARQ,Arq Inc. Common Stock,$5.37,0.09,1.705%,226673714.00,United States,,267435,Industrials,Major Chemicals
ARQQ,Arqit Quantum Inc. Ordinary Shares,$37.03,-1.86,-4.783%,463023453.00,United Kingdom,,1362158,Technology,Computer Software: Prepackaged Software
ARQQW,Arqit Quantum Inc. Warrants,$0.9038,-0.0162,-1.761%,11301123.00,United Kingdom,,74749,Technology,Computer Software: Prepackaged Software
ARQT,Arcutis Biotherapeutics Inc. Common Stock,$14.02,0.28,2.038%,1671208170.00,United States,2020,1935629,Health Care,Biotechnology: Pharmaceutical Preparations
ARR,ARMOUR Residential REIT Inc.,$16.81,0.23,1.387%,1374209196.00,United States,,2497152,Real Estate,Real Estate Investment Trusts
ARR^C,ARMOUR Residential REIT Inc. 7% Series C Cumulative Redeemable Preferred Stock (liquidation preference $25.00 per share),$20.40,-0.46,-2.205%,,United States,,44263,,
ARRY,Array Technologies Inc. Common Stock,$5.90,-0.54,-8.385%,900027524.00,United States,2020,18313821,Consumer Discretionary,Miscellaneous manufacturing industries
ARTL,Artelo Biosciences Inc. Common Stock,$13.27,6.48,95.434%,7256554.00,United States,,26937923,Health Care,Biotechnology: Pharmaceutical Preparations
ARTNA,Artesian Resources Corporation Class A Common Stock,$33.56,-0.15,-0.445%,345939333.00,United States,,22509,Utilities,Water Supply
ARTV,Artiva Biotherapeutics Inc. Common Stock,$1.51,0.04,2.721%,36788310.00,United States,2024,255129,Health Care,Biotechnology: Biological Products (No Diagnostic Substances)
ARTW,Art's-Way Manufacturing Co. Inc. Common Stock,$2.30,0.25,12.195%,11702593.00,United States,,180081,Industrials,Industrial Machinery/Components
ARVN,Arvinas Inc. Common Stock,$7.36,-0.18,-2.387%,537216630.00,United States,2018,1390872,Health Care,Biotechnology: Pharmaceutical Preparations
ARW,Arrow Electronics Inc. Common Stock,$127.43,0.17,0.134%,6610302163.00,United States,,359514,Technology,Electronic Components
ARWR,Arrowhead Pharmaceuticals Inc. Common Stock,$15.80,-0.28,-1.741%,2181986873.00,United States,,1698764,Health Care,Biotechnology: Pharmaceutical Preparations
AS,Amer Sports Inc. Ordinary Shares,$38.76,-0.60,-1.524%,21467045030.00,,2024,7790897,Consumer Discretionary,Apparel
ASA,ASA  Gold and Precious Metals Limited,$31.57,1.05,3.44%,595832922.00,United States,,126534,Industrials,Precious Metals
ASAN,Asana Inc. Class A Common Stock,$13.50,0.22,1.657%,3176849525.00,United States,2020,3245036,Technology,Computer Software: Prepackaged Software
ASB,Associated Banc-Corp Common Stock,$24.39,-0.05,-0.205%,4044096022.00,United States,,1191222,Finance,Major Banks
ASB^E,Associated Banc-Corp Depositary Shares each representing a 1/40th interest in a share of 5.875% Non-Cumulative Perpetual Preferred Stock Series E,$20.61,0.18,0.881%,,United States,,6427,,
ASB^F,Associated Banc-Corp Depositary Shares each representing a 1/40th interest in a share of Associated Banc-Corp 5.625% Non-Cumulative Perpetual Preferred Stock Series F,$19.71,0.26,1.337%,,United States,,4086,,
ASBA,Associated Banc-Corp 6.625% Fixed-Rate Reset Subordinated Notes due 2033,$23.53,-0.45,-1.877%,3550696177.00,United States,2023,170663,Finance,Major Banks
ASBP,Aspire Biopharma Holdings Inc. Common Stock,$0.269,-0.0155,-5.448%,13322486.00,United States,2022,1991495,Health Care,Biotechnology: Pharmaceutical Preparations
ASBPW,Aspire Biopharma Holdings Inc. Warrant,$0.0447,-0.0021,-4.487%,2213811.00,United States,2022,29958,Health Care,Biotechnology: Pharmaceutical Preparations
ASC,Ardmore Shipping Corporation Common Stock,$9.60,-0.15,-1.538%,388832074.00,,2013,692959,Consumer Discretionary,Marine Transportation
ASG,Liberty All-Star Growth Fund Inc.,$5.47,0.03,0.551%,0.00,United States,,188507,Finance,Investment Managers
ASGI,abrdn Global Infrastructure Income Fund Common Shares of Beneficial Interest,$20.38,0.19,0.941%,0.00,United States,2020,204893,Finance,Investment Managers
ASGN,ASGN Incorporated Common Stock,$49.93,-0.23,-0.459%,2186934000.00,United States,1992,512369,Consumer Discretionary,Professional Services
ASH,Ashland Inc. Common Stock,$50.28,-0.42,-0.828%,2297521220.00,United States,,483086,Consumer Discretionary,Specialty Chemicals
ASIC,Ategrity Specialty Insurance Company Holdings Common Stock,$21.52,-0.82,-3.671%,1012874824.00,,2025,136649,Finance,Property-Casualty Insurers
ASIX,AdvanSix Inc. Common Stock ,$23.75,-0.40,-1.656%,636801316.00,United States,2016,148724,Industrials,Major Chemicals
ASLE,AerSale Corporation Common Stock,$6.01,-0.07,-1.151%,281640860.00,United States,2019,190070,Consumer Discretionary,Industrial Specialties
ASM,Avino Silver & Gold Mines Ltd. Common Shares (Canada),$3.60,0.18,5.263%,521158748.00,Canada,,5192882,Basic Materials,Metal Mining
ASMB,Assembly Biosciences Inc. Common Stock,$18.12,0.81,4.679%,138392460.00,United States,2010,91780,Health Care,Biotechnology: Pharmaceutical Preparations
ASML,ASML Holding N.V. New York Registry Shares,$801.39,5.44,0.683%,315173640371.00,Netherlands,1995,1080312,Technology,Industrial Machinery/Components
ASND,Ascendis Pharma A/S American Depositary Shares,$172.60,0.38,0.221%,10475005456.00,Denmark,2015,420195,Health Care,Biotechnology: Pharmaceutical Preparations
ASNS,Actelis Networks Inc. Common Stock,$0.615,0.016,2.671%,5552741.00,United States,2022,78824,Telecommunications,Telecommunications Equipment
ASO,Academy Sports and Outdoors Inc. Common Stock,$44.81,-1.70,-3.655%,2978778178.00,United States,2020,1841539,Consumer Discretionary,Other Specialty Stores
ASPC,A SPAC III Acquisition Corp. Class A Ordinary Shares,$10.25,0.00,0.00%,0.00,China,2025,43,,
ASPI,ASP Isotopes Inc. Common Stock,$7.36,-0.04,-0.541%,552455157.00,United States,2022,2247161,Industrials,Major Chemicals
ASPN,Aspen Aerogels Inc. Common Stock,$5.92,0.04,0.68%,486472199.00,United States,2014,1624858,Consumer Discretionary,RETAIL: Building Materials
ASPS,Altisource Portfolio Solutions S.A. Common Stock,$8.53,-0.06,-0.698%,94844985.00,Luxembourg,,26041,Consumer Discretionary,Other Consumer Services
ASPSW,Altisource Portfolio Solutions S.A. Net Settle Stakeholder Warrants,$0.50,-0.04,-7.407%,0.00,Luxembourg,,11799,,
ASPSZ,Altisource Portfolio Solutions S.A. Cash Exercise Stakeholder Warrants,$0.51,-0.05,-8.929%,0.00,Luxembourg,,6384,,
ASR,Grupo Aeroportuario del Sureste S.A. de C.V. Common Stock,$318.87,6.37,2.038%,9566100000.00,Mexico,,70228,Consumer Discretionary,Aerospace
ASRT,Assertio Holdings Inc. Common Stock,$0.6412,-0.0077,-1.187%,61414611.00,United States,,290904,Health Care,Biotechnology: Pharmaceutical Preparations
ASRV,AmeriServ Financial Inc. Common Stock,$3.04,0.07,2.357%,50218572.00,United States,,82377,Finance,Major Banks
ASST,Asset Entities Inc. Class B Common Stock,$3.75,-0.16,-4.092%,59145165.00,United States,2023,2287209,Technology,Computer Software: Prepackaged Software
ASTC,Astrotech Corporation (DE) Common Stock,$5.775,0.085,1.494%,9782579.00,United States,,2275,Industrials,Biotechnology: Laboratory Analytical Instruments
ASTE,Astec Industries Inc. Common Stock,$41.69,-0.70,-1.651%,953323979.00,United States,1986,162697,Industrials,Construction/Ag Equipment/Trucks
ASTH,Astrana Health Inc. Common Stock,$24.88,0.15,0.607%,1394815395.00,United States,,301583,Consumer Discretionary,Professional Services
ASTI,Ascent Solar Technologies Inc. Common Stock,$2.64,-0.60,-18.519%,4788366.00,United States,,1738829,Technology,Semiconductors
ASTL,Algoma Steel Group Inc. Common Shares,$6.89,0.22,3.298%,722993896.00,Canada,,1024502,Industrials,Steel/Iron Ore
ASTLW,Algoma Steel Group Inc. Warrant,$0.51,0.0698,15.856%,53516239.00,Canada,,22170,Industrials,Steel/Iron Ore
ASTS,AST SpaceMobile Inc. Class A Common Stock,$46.73,-2.63,-5.328%,15336301316.00,United States,2019,13581817,Consumer Discretionary,Telecommunications Equipment
ASUR,Asure Software Inc Common Stock,$9.76,-0.11,-1.114%,265023108.00,United States,,37806,Technology,EDP Services
ASX,ASE Technology Holding Co. Ltd. American Depositary Shares (each representing Two Common Shares) ,$10.33,-0.26,-2.455%,22811147804.00,Taiwan,2018,15775913,Technology,Semiconductors
ASYS,Amtech Systems Inc. Common Stock,$4.44,-0.20,-4.31%,63553996.00,United States,,20577,Technology,Industrial Machinery/Components
ATAI,ATAI Life Sciences N.V. Common Shares,$2.19,-0.01,-0.455%,438739364.00,Germany,2008,1335822,Health Care,Biotechnology: Pharmaceutical Preparations
ATAT,Atour Lifestyle Holdings Limited American Depositary Shares,$32.51,-0.24,-0.733%,4492425267.00,China,2022,1446429,Consumer Discretionary,Hotels/Resorts
ATCH,AtlasClear Holdings Inc. Common Stock,$0.192,0.0051,2.729%,2994616.00,,2024,977978,Finance,Finance: Consumer Services
ATCO^D,Atlas Corp. 7.95% Series D,$25.34,-0.0002,-0.001%,,United Kingdom,,67454,,
ATCO^H,Atlas Corp. 7.875% Series H,$25.55,0.06,0.235%,,United Kingdom,,82645,,
ATCOL,Atlas Corp. 7.125% Notes due 2027,$25.3036,0.0135,0.053%,5170240990.00,United Kingdom,,4561,Consumer Discretionary,Marine Transportation
ATEC,Alphatec Holdings Inc. Common Stock,$11.10,0.02,0.181%,1622517003.00,United States,2006,1784928,Health Care,Medical/Dental Instruments
ATEN,A10 Networks Inc. Common Stock,$19.35,0.23,1.203%,1394761874.00,United States,2014,1087239,Telecommunications,Computer Communications Equipment
ATER,Aterian Inc. Common Stock,$1.66,0.04,2.469%,14526230.00,United States,2019,182269,Consumer Discretionary,Home Furnishings
ATEX,Anterix Inc. Common Stock,$25.65,-0.03,-0.117%,479549168.00,United States,2015,227470,Telecommunications,Telecommunications Equipment
ATGE,Adtalem Global Education Inc. Common Stock,$127.23,-1.26,-0.981%,4571114605.00,United States,,343048,Real Estate,Other Consumer Services
ATGL,Alpha Technology Group Limited Class A Ordinary Shares,$20.15,-0.85,-4.048%,331719375.00,China,2023,2372,Technology,EDP Services
ATH^A,Athene Holding Ltd. Depositary Shares Each Representing a 1/1000th Interest in a 6.35% Fixed-to-Floating Rate Perpetual Non-Cumulative Preference Share Series A,$24.17,-0.23,-0.943%,,Bermuda,,605318,,
ATH^B,Athene Holding Ltd. Depositary Shares Each Representing a 1/1000th Interest in a 5.625% Fixed Rate Perpetual Non- Cumulative Preference Share Series B par value $1.00 per share,$19.96,0.25,1.268%,,Bermuda,,220574,,
ATH^D,Athene Holding Ltd. Depositary Shares Each Representing a 1/1000th Interest in a 4.875% Fixed-Rate Perpetual Non-Cumulative Preference Share Series D,$17.10,0.22,1.303%,,Bermuda,,267111,,
ATH^E,Athene Holding Ltd. Depositary Shares Each Representing a 1/1000th Interest in a 7.750% Fixed-Rate Reset Perpetual Non-Cumulative Preference Share Series E,$25.59,-0.13,-0.505%,,Bermuda,,367435,,
ATHA,Athira Pharma Inc. Common Stock,$0.302,0.007,2.373%,11790818.00,United States,2020,37987,Health Care,Biotechnology: Biological Products (No Diagnostic Substances)
ATHE,Alterity Therapeutics Limited American Depositary Shares,$4.0884,0.155,3.941%,35743912.00,Australia,,9929,Health Care,Biotechnology: Pharmaceutical Preparations
ATHM,Autohome Inc. American Depositary Shares each representing four class A ordinary shares.,$25.79,-0.14,-0.54%,3054663926.00,China,2013,274052,Technology,EDP Services
ATHR,Aether Holdings Inc. Common Stock,$13.645,-0.805,-5.571%,165121870.00,United States,2025,11396,Technology,Computer Software: Prepackaged Software
ATHS,Athene Holding Ltd. 7.250% Fixed-Rate Reset Junior Subordinated Debentures due 2064,$24.90,-0.12,-0.48%,5074755257.00,Bermuda,2024,372258,,
ATI,ATI Inc. Common Stock,$86.34,-0.46,-0.53%,12179774685.00,United States,,1659121,Industrials,Steel/Iron Ore
ATII,Archimedes Tech SPAC Partners II Co. Ordinary Shares,$10.23,0.00,0.00%,0.00,United States,2025,14065,,
ATIIU,Archimedes Tech SPAC Partners II Co. Unit,$10.305,0.00,0.00%,0.00,United States,2025,16,Finance,Blank Checks
ATIIW,Archimedes Tech SPAC Partners II Co. Warrant,$0.4059,0.1293,46.746%,0.00,United States,2025,1624,Finance,Blank Checks
ATKR,Atkore Inc. Common Stock,$70.55,-0.60,-0.843%,2374120803.00,United States,2016,352387,Miscellaneous,Industrial Machinery/Components
ATLC,Atlanticus Holdings Corporation Common Stock,$54.75,1.19,2.222%,828161038.00,United States,1995,108529,Finance,Finance: Consumer Services
ATLCL,Atlanticus Holdings Corporation 6.125% Senior Notes due 2026,$24.02,-0.23,-0.948%,363332021.00,United States,,61443,Finance,Finance: Consumer Services
ATLCP,Atlanticus Holdings Corporation 7.625% Series B Cumulative Perpetual Preferred Stock no par value per share,$22.05,0.00,0.00%,333533349.00,United States,,17748,Finance,Finance: Consumer Services
ATLCZ,Atlanticus Holdings Corporation 9.25% Senior Notes due 2029,$25.00,-0.05,-0.20%,378155725.00,United States,,114115,Finance,Finance: Consumer Services
ATLN,Atlantic International Corp. Common Stock,$2.03,0.25,14.045%,118502241.00,United States,2024,60262,Industrials,Biotechnology: Laboratory Analytical Instruments
ATLO,Ames National Corporation Common Stock,$17.81,0.29,1.655%,158786070.00,United States,,11731,Finance,Major Banks
ATLX,Atlas Lithium Corporation Common Stock,$3.78,-0.22,-5.50%,67424631.00,United States,,252409,Industrials,Mining & Quarrying of Nonmetallic Minerals (No Fuels)
ATMC,AlphaTime Acquisition Corp Ordinary Shares,$11.80,0.00,0.00%,0.00,United States,2023,13,Finance,Blank Checks
ATMCR,AlphaTime Acquisition Corp Right,$0.1996,0.0397,24.828%,0.00,United States,2023,11087,Finance,Blank Checks
ATMCW,AlphaTime Acquisition Corp Warrant,$0.03,0.00,0.00%,0.00,United States,2023,72,Finance,Blank Checks
ATMU,Atmus Filtration Technologies Inc. Common Stock,$36.42,0.59,1.647%,3010620149.00,United States,2023,844896,Consumer Discretionary,Auto Parts:O.E.M.
ATMV,AlphaVest Acquisition Corp Ordinary Shares,$11.78,0.00,0.00%,0.00,United States,2023,80,Finance,Blank Checks
ATMVR,AlphaVest Acquisition Corp Right.,$0.30,0.00,0.00%,0.00,United States,2023,2103,Finance,Blank Checks
ATMVU,AlphaVest Acquisition Corp Unit,$11.85,0.00,0.00%,0.00,United States,2022,10,Finance,Blank Checks
ATNF,180 Life Sciences Corp. Common Stock,$0.9282,0.0982,11.831%,5286551.00,United States,2017,45296,Health Care,Biotechnology: Pharmaceutical Preparations
ATNFW,180 Life Sciences Corp. Warrant,$0.008,0.00,0.00%,45564.00,United States,2017,63135,Health Care,Biotechnology: Pharmaceutical Preparations
ATNI,ATN International Inc. Common Stock,$16.25,0.015,0.092%,247268613.00,United States,,66501,Telecommunications,Telecommunications Equipment
ATNM,Actinium Pharmaceuticals Inc. (Delaware) Common Stock,$1.40,-0.02,-1.408%,43674247.00,United States,,366950,Health Care,Biotechnology: Pharmaceutical Preparations
ATO,Atmos Energy Corporation Common Stock,$154.11,1.62,1.062%,24478349111.00,United States,,810234,Utilities,Oil/Gas Transmission
ATOM,Atomera Incorporated Common Stock,$5.04,0.02,0.398%,154748825.00,United States,2016,572154,Technology,Semiconductors
ATOS,Atossa Therapeutics Inc. Common Stock,$0.83,-0.0495,-5.628%,107211103.00,United States,2012,741397,Health Care,Biotechnology: Pharmaceutical Preparations
ATPC,Agape ATP Corporation Common Stock,$1.32,0.00,0.00%,66007103.00,Malaysia,,39283,Health Care,Medical/Nursing Services
ATR,AptarGroup Inc. Common Stock,$156.43,0.61,0.391%,10330746232.00,United States,,315502,Industrials,Plastic Products
ATRA,Atara Biotherapeutics Inc. Common Stock,$7.72,-0.24,-3.015%,46021939.00,United States,2014,18849,Health Care,Biotechnology: Biological Products (No Diagnostic Substances)
ATRC,AtriCure Inc. Common Stock,$32.77,0.49,1.518%,1622273967.00,United States,2005,337649,Health Care,Medical/Dental Instruments
ATRO,Astronics Corporation Common Stock,$33.48,0.04,0.12%,1185400815.00,United States,,517009,Industrials,Military/Government/Technical
ATS,ATS Corporation Common Shares,$31.88,0.18,0.568%,3112584736.00,Canada,2023,94584,Industrials,Industrial Machinery/Components
ATUS,Altice USA Inc. Class A Common Stock,$2.14,0.01,0.469%,1000872014.00,United States,2017,3427286,Telecommunications,Cable & Other Pay Television Services
ATXG,Addentax Group Corp. Common Stock,$0.67,0.061,10.016%,4049325.00,China,,407784,Consumer Discretionary,Professional Services
ATXS,Astria Therapeutics Inc. Common Stock,$5.36,-0.21,-3.77%,302487414.00,United States,2015,232048,Health Care,Biotechnology: Pharmaceutical Preparations
ATYR,aTyr Pharma Inc. Common Stock,$5.07,0.04,0.795%,451252491.00,United States,2015,4091308,Health Care,Biotechnology: Biological Products (No Diagnostic Substances)
AU,AngloGold Ashanti PLC Ordinary Shares,$45.57,1.69,3.851%,22945727760.00,South Africa,,3498638,Basic Materials,Precious Metals
AUB,Atlantic Union Bankshares Corporation Common Stock,$31.28,0.01,0.032%,4456414305.00,United States,,1133004,Finance,Major Banks
AUB^A,Atlantic Union Bankshares Corporation Depositary Shares each representing a 1/400th ownership interest in a share of 6.875% Perpetual Non-Cumulative Preferred Stock Series A,$24.15,0.10,0.416%,,United States,,4935,,
AUBN,Auburn National Bancorporation Inc. Common Stock,$25.00,-0.28,-1.108%,87342475.00,United States,,3742,Finance,Major Banks
AUDC,AudioCodes Ltd. Common Stock,$9.82,0.07,0.718%,289425773.00,Israel,1999,42909,Utilities,Telecommunications Equipment
AUID,authID Inc. Common Stock,$5.29,-0.37,-6.537%,71117385.00,United States,,128586,Technology,Computer Software: Prepackaged Software
AUNA,Auna SA Class A Ordinary Shares,$6.20,-0.14,-2.208%,458615854.00,Peru,2024,338511,Health Care,Medical/Nursing Services
AUPH,Aurinia Pharmaceuticals Inc Ordinary Shares,$8.47,-0.17,-1.968%,1211133550.00,Canada,,2122004,Health Care,Biotechnology: Pharmaceutical Preparations
AUR,Aurora Innovation Inc. Class A Common Stock,$5.24,0.07,1.354%,9268904314.00,United States,2021,25355888,Technology,EDP Services
AURA,Aura Biosciences Inc. Common Stock,$6.26,-0.02,-0.318%,314682425.00,United States,2021,134643,Health Care,Biotechnology: Biological Products (No Diagnostic Substances)
AUROW,Aurora Innovation Inc. Warrant,$0.87,0.0916,11.768%,1538921136.00,United States,2021,96090,Technology,EDP Services
AUST,Austin Gold Corp. Common Shares,$1.29,0.0192,1.511%,17120558.00,,2022,82472,Basic Materials,Precious Metals
AUTL,Autolus Therapeutics plc American Depositary Share,$2.28,-0.03,-1.299%,606802417.00,United Kingdom,2018,2316972,Health Care,Biotechnology: Biological Products (No Diagnostic Substances)
AUUD,Auddia Inc. Common Stock,$5.65,-0.35,-5.833%,3505463.00,United States,2021,108958,Technology,EDP Services
AUUDW,Auddia Inc. Warrants,$0.0231,0.00,0.00%,14332.00,United States,2021,9122,Technology,EDP Services
AVA,Avista Corporation Common Stock,$37.95,0.31,0.824%,3057387064.00,United States,,479795,Utilities,Power Generation
AVAH,Aveanna Healthcare Holdings Inc. Common Stock,$5.23,0.21,4.183%,1020340919.00,United States,2021,688440,Health Care,Medical/Nursing Services
AVAL,Grupo Aval Acciones y Valores S.A. ADR (Each representing 20 preferred shares),$2.81,0.00,0.00%,3335958344.00,,2014,146742,Finance,Commercial Banks
AVAV,AeroVironment Inc. Common Stock,$284.95,6.88,2.474%,13020192995.00,United States,2007,1655910,Industrials,Aerospace
AVB,AvalonBay Communities Inc. Common Stock,$203.50,-0.88,-0.431%,28971924020.00,United States,,1316972,Real Estate,Real Estate Investment Trusts
AVBP,ArriVent BioPharma Inc. Common Stock,$21.77,-1.14,-4.976%,744807453.00,United States,2024,297630,Health Care,Biotechnology: Pharmaceutical Preparations
AVD,American Vanguard Corporation Common Stock ($0.10 Par Value),$3.92,-0.01,-0.254%,111140769.00,United States,1998,179091,Industrials,Agricultural Chemicals
AVDL,Avadel Pharmaceuticals plc Ordinary Share,$8.85,-0.35,-3.804%,856139575.00,France,,1974079,Health Care,Biotechnology: Pharmaceutical Preparations
AVDX,AvidXchange Holdings Inc. Common Stock,$9.79,0.00,0.00%,2021106183.00,United States,2021,1373941,Technology,Computer Software: Prepackaged Software
AVGO,Broadcom Inc. Common Stock,$275.65,6.30,2.339%,1296511775361.00,United States,2009,24688567,Technology,Semiconductors
AVIR,Atea Pharmaceuticals Inc. Common Stock,$3.60,0.15,4.348%,308086110.00,United States,2020,642946,Health Care,Biotechnology: Pharmaceutical Preparations
AVK,Advent Convertible and Income Fund,$12.11,0.02,0.165%,0.00,United States,2003,171063,Finance,Trusts Except Educational Religious and Charitable
AVNS,Avanos Medical Inc. Common Stock,$12.24,0.03,0.246%,566026315.00,United States,2014,404620,Health Care,Industrial Specialties
AVNT,Avient Corporation Common Stock,$32.31,-0.53,-1.614%,2957422151.00,United States,,899711,Industrials,Major Chemicals
AVNW,Aviat Networks Inc. Common Stock,$24.05,0.11,0.459%,305252966.00,United States,,97540,Technology,Radio And Television Broadcasting And Communications Equipment
AVO,Mission Produce Inc. Common Stock,$11.72,-0.13,-1.097%,827645456.00,United States,2020,359615,Consumer Staples,Farming/Seeds/Milling
AVPT,AvePoint Inc. Class A Common Stock,$19.31,0.09,0.468%,3924433131.00,United States,2019,1802987,Technology,Computer Software: Prepackaged Software
AVPTW,AvePoint Inc. Warrant,$7.77,0.14,1.835%,1579121980.00,United States,2019,15110,Technology,Computer Software: Prepackaged Software
AVR,Anteris Technologies Global Corp. Common Stock,$3.79,-0.27,-6.65%,136675310.00,United States,2024,240616,Health Care,Industrial Specialties
AVT,Avnet Inc. Common Stock,$53.08,0.42,0.798%,4451146280.00,United States,,822655,Technology,Electronic Components
AVTR,Avantor Inc. Common Stock,$13.46,-0.07,-0.517%,9172043264.00,United States,2019,5756579,Industrials,Biotechnology: Laboratory Analytical Instruments
AVTX,Avalo Therapeutics Inc. Common Stock,$4.99,0.21,4.393%,54029824.00,United States,2015,70881,Health Care,Biotechnology: Pharmaceutical Preparations
AVXL,Anavex Life Sciences Corp. Common Stock,$9.22,-0.26,-2.743%,787128475.00,United States,,1177174,Health Care,Biotechnology: Biological Products (No Diagnostic Substances)
AVY,Avery Dennison Corporation Common Stock,$175.47,-0.16,-0.091%,13717466040.00,United States,,967364,Consumer Discretionary,Containers/Packaging
AWF,Alliancebernstein Global High Income Fund,$11.03,0.03,0.273%,0.00,United States,1993,153438,Finance,Trusts Except Educational Religious and Charitable
AWI,Armstrong World Industries Inc Common Stock,$162.44,-0.68,-0.417%,7054251991.00,United States,,322864,Industrials,Plastic Products
AWK,American Water Works Company Inc. Common Stock,$139.11,1.19,0.863%,27128065763.00,United States,2008,1298091,Utilities,Water Supply
AWP,abrdn Global Premier Properties Fund Common Shares of Beneficial Interest,$3.96,0.05,1.279%,0.00,United States,2007,415135,Finance,Trusts Except Educational Religious and Charitable
AWR,American States Water Company Common Stock,$76.66,0.25,0.327%,2952082078.00,United States,,215477,Utilities,Water Supply
AWRE,Aware Inc. Common Stock,$1.89,0.06,3.279%,39862994.00,United States,1996,60849,Technology,Computer Software: Prepackaged Software
AWX,Avalon Holdings Corporation Common Stock,$2.49,0.0497,2.037%,9709583.00,United States,1998,12795,Utilities,Environmental Services
AX,Axos Financial Inc. Common Stock,$76.04,-0.81,-1.054%,4286609764.00,United States,2018,314817,Finance,Savings Institutions
AXGN,Axogen Inc. Common Stock,$10.85,0.35,3.333%,494152877.00,United States,,1268127,Health Care,Biotechnology: Electromedical & Electrotherapeutic Apparatus
AXIL,AXIL Brands Inc. Common Stock,$5.49,-0.12,-2.139%,36507687.00,,2024,24616,Consumer Discretionary,Package Goods/Cosmetics
AXINU,Axiom Intelligence Acquisition Corp 1 Units,$10.09,-0.01,-0.099%,0.00,United Kingdom,2025,29261,Finance,Blank Checks
AXL,American Axle & Manufacturing Holdings Inc. Common Stock,$4.08,-0.10,-2.392%,482807404.00,United States,,3995354,Consumer Discretionary,Auto Parts:O.E.M.
AXON,Axon Enterprise Inc. Common Stock,$827.94,9.34,1.141%,64455801287.00,United States,2001,529854,Industrials,Ordnance And Accessories
AXP,American Express Company Common Stock,$318.98,1.79,0.564%,223473837753.00,United States,,3415488,Finance,Finance: Consumer Services
AXR,AMREP Corporation Common Stock,$20.93,0.06,0.287%,110666308.00,United States,,3951,Real Estate,Homebuilding
AXS,Axis Capital Holdings Limited Common Stock,$103.82,0.61,0.591%,8165772629.00,Bermuda,2003,580007,Finance,Property-Casualty Insurers
AXS^E,Axis Capital Holdings Limited Depositary Shares each representing 1/100th interest in a share of a 5.50% Series E Preferred Shares,$19.84,-0.42,-2.073%,,Bermuda,,131593,,
AXSM,Axsome Therapeutics Inc. Common Stock,$104.39,1.03,0.997%,5139784142.00,United States,2015,609879,Health Care,Biotechnology: Pharmaceutical Preparations
AXTA,Axalta Coating Systems Ltd. Common Shares,$29.69,-0.18,-0.603%,6489030872.00,United States,2014,1509799,Consumer Discretionary,Paints/Coatings
AXTI,AXT Inc Common Stock,$2.09,0.06,2.956%,95311695.00,United States,1998,165045,Technology,Semiconductors
AYI,Acuity Inc. Common Stock,$298.34,-5.00,-1.648%,9142579179.00,United States,,423504,Consumer Discretionary,Building Products
AYRO,AYRO Inc. Common Stock,$7.37,-0.1924,-2.544%,4003509.00,United States,,72440,Consumer Discretionary,Telecommunications Equipment
AYTU,Aytu BioPharma Inc.  Common Stock,$2.18,0.08,3.81%,13451136.00,United States,,944094,Health Care,Biotechnology: Pharmaceutical Preparations
AZ,A2Z Cust2Mate Solutions Corp. Common Shares,$10.57,0.00,0.00%,370369967.00,Canada,,237452,Industrials,Industrial Machinery/Components
AZEK,The AZEK Company Inc. Class A Common Stock,$54.35,-0.51,-0.93%,7818480825.00,United States,2020,26846818,Industrials,Plastic Products
AZI,Autozi Internet Technology (Global) Ltd. Class A Ordinary Shares,$0.2084,0.0004,0.192%,22086482.00,China,2024,286889,Consumer Discretionary,Automotive Aftermarket
AZN,AstraZeneca PLC American Depositary Shares,$69.88,0.03,0.043%,216719956769.00,United Kingdom,,3701381,Health Care,Biotechnology: Pharmaceutical Preparations
AZO,AutoZone Inc. Common Stock,$3712.23,102.74,2.846%,62100833972.00,United States,,185393,Consumer Discretionary,Auto & Home Supply Stores
AZTA,Azenta Inc.,$30.78,0.19,0.621%,1409106738.00,United States,,963491,Technology,Industrial Machinery/Components
AZTR,Azitra Inc Common Stock,$0.2614,0.0013,0.50%,4306919.00,,2023,730020,Health Care,Biotechnology: Pharmaceutical Preparations
AZZ,AZZ Inc.,$94.48,-0.59,-0.621%,2826188271.00,United States,,318853,Industrials,Industrial Specialties
B,Barrick Mining Corporation Common Shares,$20.82,0.36,1.76%,35799116809.00,Canada,,8103460,Basic Materials,Precious Metals
BA,Boeing Company (The) Common Stock,$209.53,-5.02,-2.34%,157986766967.00,United States,,9068850,Industrials,Aerospace
BA^A,Boeing Company (The) Depositary Shares each representing a 1/20th interest in a share of 6.00% Series A Mandatory Convertible Preferred Stock par value $1.00,$68.00,-2.04,-2.913%,,United States,,570469,,
BABA,Alibaba Group Holding Limited American Depositary Shares each representing eight Ordinary share,$113.41,-0.67,-0.587%,261895384012.00,China,2014,10436602,Consumer Discretionary,Business Services
BAC,Bank of America Corporation Common Stock,$47.32,0.20,0.424%,356408377194.00,United States,,47916139,Finance,Major Banks
BAC^B,Bank of America Corporation Depositary Shares each representing a 1/1000th interest in a share of 6.000% Non-Cumulative Preferred Stock Series GG,$24.88,0.10,0.404%,,United States,,549597,,
BAC^E,Bank of America Corporation Depositary Sh repstg 1/1000th Perp Pfd Ser E,$21.60,-0.25,-1.144%,,United States,,266636,,
BAC^K,Bank of America Corporation Depositary Shares each representing a 1/1000th interest in a share of 5.875% Non- Cumulative Preferred Stock Series HH,$24.51,0.19,0.781%,,United States,,116757,,
BAC^L,Bank of America Corporation Non Cumulative Perpetual Conv Pfd Ser L,$1213.00,11.71,0.975%,,United States,,26587,,
BAC^M,Bank of America Corporation Depositary Shares each representing a 1/1000th interest in a share of 5.375% Non-Cumulative Preferred Stock Series KK,$21.82,0.14,0.646%,,United States,,194920,,
BAC^N,Bank of America Corporation Depositary shares each representing 1/1000th interest in a share of 5.000% Non-Cumulative Preferred Stock Series LL,$20.31,0.03,0.148%,,United States,,272753,,
BAC^O,Bank of America Corporation Depositary shares each representing 1/1000th interest in a share of 4.375% Non-Cumulative Preferred Stock Series NN,$17.96,0.15,0.842%,,United States,,111310,,
BAC^P,Bank of America Corporation Depositary Shares each representing a 1/1000th interest in a share of 4.125% Non-Cumulative Preferred Stock Series PP,$16.98,0.15,0.891%,,United States,,84159,,
BAC^Q,Bank of America Corporation Depositary shares each representing 1/1000th interest in a share of 4.250% Non-Cumulative Preferred Stock Series QQ,$17.30,0.05,0.29%,,United States,,295767,,
BAC^S,Bank of America Corporation Depositary shares each representing 1/1000th interest in a share of 4.750% Non-Cumulative Preferred Stock Series SS,$19.46,0.16,0.829%,,United States,,74776,,
BACCU,Blue Acquisition Corp. Unit,$10.04,-0.03,-0.298%,0.00,United States,2025,9315,Finance,Blank Checks
BACQ,Bleichroeder Acquisition Corp. I Class A Ordinary Shares,$10.31,-0.02,-0.194%,0.00,United States,2024,482,,
BACQR,Bleichroeder Acquisition Corp. I Right,$0.35,0.01,2.941%,0.00,United States,2024,45800,Finance,Blank Checks
BAER,Bridger Aerospace Group Holdings Inc. Common Stock,$1.93,0.38,24.516%,105614707.00,United States,,471987,Consumer Discretionary,Business Services
BAERW,Bridger Aerospace Group Holdings Inc. Warrant,$0.0775,0.0128,19.784%,4241005.00,United States,,57619,Consumer Discretionary,Business Services
BAFN,BayFirst Financial Corp. Common Stock,$14.00,-0.29,-2.029%,57806378.00,United States,,50362,Finance,Major Banks
BAH,Booz Allen Hamilton Holding Corporation Common Stock,$104.13,1.27,1.235%,12931658328.00,United States,2010,2710402,Consumer Discretionary,Professional Services
BAK,Braskem SA ADR,$3.28,0.08,2.50%,1481473179.00,Brazil,,840062,Industrials,Major Chemicals
BALL,Ball Corporation Common Stock,$56.09,-0.32,-0.567%,15560347799.00,United States,,2973588,Industrials,Containers/Packaging
BALY,Bally's Corporation Common Stock,$9.58,-0.42,-4.20%,469546408.00,United States,2024,94511,Consumer Discretionary,Hotels/Resorts
BAM,Brookfield Asset Management Inc Class A Limited Voting Shares,$55.28,0.16,0.29%,89142583637.00,,2022,1782789,Consumer Discretionary,Other Consumer Services
BANC,Banc of California Inc. Common Stock,$14.05,-0.02,-0.142%,2074029233.00,United States,,2350303,Finance,Major Banks
BANC^F,Banc of California Inc. Depositary Shares each representing a 1/40th interest in a share of 7.75% non-cumulative perpetual preferred stock Series F,$24.10,-0.31,-1.27%,,United States,,307215,,
BAND,Bandwidth Inc. Class A Common Stock,$15.90,0.65,4.262%,473230349.00,United States,2017,361106,Technology,Computer Software: Prepackaged Software
BANF,BancFirst Corporation Common Stock,$123.62,-0.93,-0.747%,4109476667.00,United States,1993,85341,Finance,Major Banks
BANFP,BancFirst Corporation - BFC Capital Trust II Cumulative Trust Preferred Securities,$26.0095,0.2805,1.09%,864628971.00,United States,,562,Finance,Major Banks
BANL,CBL International Limited Ordinary Shares,$0.922,-0.078,-7.80%,25355000.00,Malaysia,2023,258976,Energy,Oil Refining/Marketing
BANR,Banner Corporation Common Stock,$64.15,0.13,0.203%,2218308925.00,United States,,204159,Finance,Major Banks
BANX,ArrowMark Financial Corp. Common Stock,$20.93,0.08,0.384%,148657962.00,United States,,18229,Finance,Trusts Except Educational Religious and Charitable
BAOS,Baosheng Media Group Holdings Limited Ordinary shares,$2.75,-0.09,-3.169%,4219839.00,China,2021,27506,Consumer Discretionary,Business Services
BAP,Credicorp Ltd. Common Stock,$223.52,-0.38,-0.17%,21096335496.00,Peru,,239511,Finance,Commercial Banks
BARK,BARK Inc. Class A Common Stock,$0.8795,0.0255,2.986%,148924458.00,United States,2020,832236,Consumer Discretionary,Other Specialty Stores
BASE,Couchbase Inc. Common Stock,$24.38,0.02,0.082%,1318578793.00,United States,2021,1388963,Technology,Computer Software: Prepackaged Software
BATL,Battalion Oil Corporation Common Stock,$1.29,-0.12,-8.511%,21228966.00,United States,,253771,Energy,Oil & Gas Production
BATRA,Atlanta Braves Holdings Inc. Series A Common Stock,$49.21,-0.60,-1.205%,3080203892.00,United States,,67545,Consumer Discretionary,Services-Misc. Amusement & Recreation
BATRK,Atlanta Braves Holdings Inc. Series C Common Stock,$46.77,-0.01,-0.021%,2927476855.00,United States,,337321,Consumer Discretionary,Services-Misc. Amusement & Recreation
BAX,Baxter International Inc. Common Stock,$30.28,-0.11,-0.362%,15538927584.00,United States,,2916235,Health Care,Medical/Dental Instruments
BAYA,Bayview Acquisition Corp Ordinary Shares,$11.15,0.01,0.09%,0.00,United States,2023,118,,
BAYAR,Bayview Acquisition Corp Right,$0.29,0.02,7.407%,0.00,United States,2023,13599,,
BB,BlackBerry Limited Common Stock,$4.58,0.04,0.881%,2729680000.00,Canada,,31183574,Technology,Computer Software: Prepackaged Software
BBAI,BigBear.ai Inc. Common Stock,$6.79,0.95,16.267%,1977171986.00,United States,2021,354249032,Technology,Computer Software: Prepackaged Software
BBAR,Banco BBVA Argentina S.A. ADS,$16.46,-0.52,-3.062%,3361735967.00,Argentina,,681936,Finance,Commercial Banks
BBCP,Concrete Pumping Holdings Inc. Common Stock,$6.15,-0.08,-1.284%,319972926.00,United States,2017,71752,Consumer Discretionary,Engineering & Construction
BBD,Banco Bradesco Sa American Depositary Shares,$3.09,0.06,1.98%,32884306005.00,Brazil,,63224126,Finance,Major Banks
BBDC,Barings BDC Inc. Common Stock,$9.14,0.04,0.44%,962066693.00,United States,,383565,Finance,Diversified Financial Services
BBDO,Banco Bradesco Sa American Depositary Shares (each representing one Common Share),$2.73,0.20,7.905%,29053124722.00,Brazil,,41350,Finance,Major Banks
BBGI,Beasley Broadcast Group Inc. Class A Common Stock,$4.15,0.01,0.242%,7446847.00,United States,2000,5135,Consumer Discretionary,Broadcasting
BBIO,BridgeBio Pharma Inc. Common Stock,$43.18,-1.68,-3.745%,8199049490.00,United States,2019,5465293,Health Care,Biotechnology: Pharmaceutical Preparations
BBLG,Bone Biologics Corp Common Stock,$4.03,-0.55,-12.009%,2197051.00,United States,,822475,Health Care,Industrial Specialties
BBLGW,Bone Biologics Corp Warrants,$15.00,0.00,0.00%,8177610.00,United States,,26,Health Care,Industrial Specialties
BBN,BlackRock Taxable Municipal Bond Trust Common Shares of Beneficial Interest,$16.11,0.05,0.311%,0.00,United States,2010,205205,Finance,Finance Companies
BBNX,Beta Bionics Inc. Common Stock,$14.56,-0.51,-3.384%,631267451.00,United States,2025,759715,Health Care,Medical/Dental Instruments
BBSI,Barrett Business Services Inc. Common Stock,$41.69,-0.20,-0.477%,1070608038.00,United States,1993,185702,Consumer Discretionary,Professional Services
BBU,Brookfield Business Partners L.P. Limited Partnership Units ,$25.93,0.5424,2.136%,5514545728.00,,2016,8771,Consumer Discretionary,Engineering & Construction
BBUC,Brookfield Business Corporation Class A Exchangeable Subordinate Voting Shares,$31.20,0.52,1.695%,3045999466.00,,2022,126555,Consumer Discretionary,Engineering & Construction
BBVA,Banco Bilbao Vizcaya Argentaria S.A. Common Stock,$15.37,0.10,0.655%,88581697597.00,Spain,,1067431,Finance,Commercial Banks
BBW,Build-A-Bear Workshop Inc. Common Stock,$51.56,-2.57,-4.748%,681035004.00,United States,2004,268020,Consumer Discretionary,Recreational Games/Products/Toys
BBWI,Bath & Body Works Inc.,$29.96,-0.10,-0.333%,6339889348.00,United States,,4770629,Consumer Discretionary,Clothing/Shoe/Accessory Stores
BBY,Best Buy Co. Inc. Common Stock,$67.13,-1.09,-1.598%,14187703568.00,United States,,3668693,Consumer Discretionary,Consumer Electronics/Video Chains
BC,Brunswick Corporation Common Stock,$55.24,-0.35,-0.63%,3628351679.00,United States,,683812,Industrials,Industrial Machinery/Components
BC^A,Brunswick Corporation 6.500% Senior Notes due 2048,$24.39,0.18,0.743%,,United States,,5974,,
BC^C,Brunswick Corporation 6.375% Notes due 2049,$24.16,0.09,0.374%,,United States,,175556,,
BCAB,BioAtla Inc. Common Stock,$0.396,0.012,3.125%,23133584.00,United States,2020,141041,Health Care,Biotechnology: Biological Products (No Diagnostic Substances)
BCAL,California BanCorp Common Stock,$15.76,0.145,0.929%,510827887.00,United States,,136402,Finance,Major Banks
BCAT,BlackRock Capital Allocation Term Trust Common Shares of Beneficial Interest,$15.14,0.05,0.331%,1637163900.00,United States,2020,720439,Finance,Finance/Investors Services
BCAX,Bicara Therapeutics Inc. Common Stock,$9.29,0.58,6.659%,506641465.00,United States,2024,1065701,Health Care,Biotechnology: Pharmaceutical Preparations
BCBP,BCB Bancorp Inc. (NJ) Common Stock,$8.42,-0.01,-0.119%,144509319.00,United States,2005,110658,Finance,Savings Institutions
BCC,Boise Cascade L.L.C. Common Stock,$86.82,-1.71,-1.932%,3267008818.00,United States,2013,480548,Consumer Discretionary,RETAIL: Building Materials
BCDA,BioCardia Inc. Common Stock,$1.95,-0.20,-9.302%,10096886.00,United States,,75679,Health Care,Biotechnology: Biological Products (No Diagnostic Substances)
BCE,BCE Inc. Common Stock,$22.17,0.37,1.697%,20225316394.00,Canada,,2958487,Telecommunications,Telecommunications Equipment
BCG,Binah Capital Group Inc. Common Stock,$2.04,0.05,2.513%,33869018.00,United States,,14285,Finance,Finance: Consumer Services
BCGWW,Binah Capital Group Inc. Warrants,$0.043,0.00,0.00%,713906.00,United States,,111,Finance,Finance: Consumer Services
BCH,Banco De Chile ADS,$30.42,0.76,2.562%,15364698051.00,Chile,,324434,Finance,Commercial Banks
BCLI,Brainstorm Cell Therapeutics Inc. Common Stock,$1.12,0.06,5.66%,8891541.00,United States,,245838,Health Care,Biotechnology: Biological Products (No Diagnostic Substances)
BCML,BayCom Corp Common Stock,$27.71,-0.09,-0.324%,305002391.00,United States,2018,21888,Finance,Major Banks
BCO,Brinks Company (The) Common Stock,$89.29,0.19,0.213%,3750179375.00,United States,,351697,Consumer Discretionary,Oil Refining/Marketing
BCPC,Balchem Corporation Common Stock,$159.20,0.85,0.537%,5192674319.00,United States,,171899,Industrials,Major Chemicals
BCRX,BioCryst Pharmaceuticals Inc. Common Stock,$8.96,-0.40,-4.274%,1874882455.00,United States,1994,5123797,Health Care,Biotechnology: Biological Products (No Diagnostic Substances)
BCS,Barclays PLC Common Stock,$18.59,-0.02,-0.107%,66061594749.00,United Kingdom,,13833346,Finance,Commercial Banks
BCSF,Bain Capital Specialty Finance Inc. Common Stock,$15.04,0.10,0.669%,975622345.00,United States,2018,383279,Finance,Finance/Investors Services
BCTX,BriaCell Therapeutics Corp. Common Shares,$2.94,-0.02,-0.676%,10905754.00,Canada,,70024,Health Care,Biotechnology: Pharmaceutical Preparations
BCTXW,BriaCell Therapeutics Corp. Warrant,$0.0753,0.0001,0.133%,279321.00,Canada,,56144,Health Care,Biotechnology: Pharmaceutical Preparations
BCTXZ,BriaCell Therapeutics Corp. Warrant,$1.06,-0.01,-0.935%,3932006.00,Canada,,966,Health Care,Biotechnology: Pharmaceutical Preparations
BCV,Bancroft Fund Ltd.,$18.90,-0.03,-0.158%,0.00,United States,1972,8080,Finance,Finance/Investors Services
BCV^A,Bancroft Fund Limited 5.375% Series A Cumulative Preferred Shares,$21.7761,0.0167,0.077%,,United States,,1300,,
BCX,BlackRock Resources Common Shares of Beneficial Interest,$9.45,0.04,0.425%,801908195.00,United States,2011,205527,Finance,Finance/Investors Services
BCYC,Bicycle Therapeutics plc American Depositary Shares,$6.95,-0.29,-4.006%,481314911.00,United Kingdom,2019,242711,Health Care,Biotechnology: Pharmaceutical Preparations
BDC,Belden Inc Common Stock,$115.80,-0.61,-0.524%,4573736735.00,United States,,260825,Industrials,Telecommunications Equipment
BDJ,Blackrock Enhanced Equity Dividend Trust,$8.89,0.07,0.794%,1573027066.00,United States,2005,590596,Finance,Finance Companies
BDL,Flanigan's Enterprises Inc. Common Stock,$34.72,-0.46,-1.308%,64532224.00,United States,1972,1597,Consumer Discretionary,Restaurants
BDMD,Baird Medical Investment Holdings Ltd Ordinary Share,$3.665,-0.235,-6.026%,135663270.00,China,,981888,Health Care,Medical/Dental Instruments
BDMDW,Baird Medical Investment Holdings Ltd Warrant,$0.0801,-0.0049,-5.765%,2964974.00,China,,3015,Health Care,Medical/Dental Instruments
BDN,Brandywine Realty Trust Common Stock,$4.29,0.04,0.941%,741957662.00,United States,,2793420,Real Estate,Real Estate Investment Trusts
BDRX,Biodexa Pharmaceuticals plc American Depositary Shs,$0.865,-0.005,-0.575%,502427.00,United Kingdom,,262154,Health Care,Biotechnology: Pharmaceutical Preparations
BDSX,Biodesix Inc. Common Stock,$0.2822,0.0319,12.745%,41360087.00,United States,2020,1716983,Health Care,Medical Specialities
BDTX,Black Diamond Therapeutics Inc. Common Stock,$2.48,0.13,5.532%,141019335.00,United States,2020,1297859,Health Care,Biotechnology: Biological Products (No Diagnostic Substances)
BDX,Becton Dickinson and Company Common Stock,$172.25,1.39,0.814%,49368127062.00,United States,,2524927,Health Care,Medical/Dental Instruments
BE,Bloom Energy Corporation Class A Common Stock,$23.92,1.74,7.845%,5554908256.00,United States,2018,11408995,Energy,Industrial Machinery/Components
BEAG,Bold Eagle Acquisition Corp. Class A Ordinary Shares,$10.47,-0.01,-0.095%,0.00,United States,2024,52284,,
BEAGR,Bold Eagle Acquisition Corp. Right,$0.314,0.019,6.441%,0.00,United States,2024,131,,
BEAGU,Bold Eagle Acquisition Corp. Units,$10.66,0.0335,0.315%,0.00,United States,2024,1607,,
BEAM,Beam Therapeutics Inc. Common Stock,$17.01,0.21,1.25%,1710476169.00,United States,2020,1531622,Health Care,Biotechnology: Biological Products (No Diagnostic Substances)
BEAT,Heartbeam Inc. Common Stock,$1.25,-0.11,-8.088%,42262134.00,United States,2021,142515,Health Care,Medical/Dental Instruments
BEATW,Heartbeam Inc. Warrant,$0.32,-0.04,-11.111%,10819106.00,United States,2021,1698,Health Care,Medical/Dental Instruments
BEDU,Bright Scholar Education Holdings Limited American Depositary Shares each  representing four Class A Ordinary Share,$1.77,0.00,0.00%,52615381.00,China,2017,619,Real Estate,Other Consumer Services
BEEM,Beam Global Common Stock,$1.46,-0.11,-7.006%,22522220.00,United States,,635035,Technology,Semiconductors
BEEP,Mobile Infrastructure Corporation Common Stock,$4.53,0.26,6.089%,192072000.00,United States,,84557,Finance,Blank Checks
BEKE,KE Holdings Inc American Depositary Shares (each representing three Class A Ordinary Shares),$17.74,-0.80,-4.315%,20644643307.00,China,2020,10039901,Finance,Real Estate
BELFA,Bel Fuse Inc. Class A Common Stock,$89.85,1.45,1.64%,1138165890.00,United States,,5851,,
BELFB,Bel Fuse Inc. Class B Common Stock,$97.69,1.61,1.676%,1237478306.00,United States,,211781,,
BEN,Franklin Resources Inc. Common Stock,$23.85,0.03,0.126%,12533682886.00,United States,,3791182,Finance,Investment Managers
BENF,Beneficient Class A Common Stock,$0.3001,0.0088,3.021%,2598551.00,United States,,239060,Finance,Finance: Consumer Services
BENFW,Beneficient Warrant,$0.0069,0.0009,15.00%,59747.00,United States,,133941,Finance,Finance: Consumer Services
BEP,Brookfield Renewable Partners L.P. Limited Partnership Units,$25.51,-0.09,-0.352%,16790886590.00,Canada,,549646,Utilities,Electric Utilities: Central
BEP^A,Brookfield Renewable Partners L.P. 5.25% Class A Preferred Limited Partnership Units Series 17,$17.33,-0.065,-0.374%,,Canada,,16076,,
BEPC,Brookfield Renewable Corporation Brookfield Renewable Corporation Class A Subordinate Voting Shares,$32.78,-0.01,-0.03%,12263059954.00,United States,,974098,Utilities,Electric Utilities: Central
BEPH,Brookfield BRP Holdings (Canada) Inc. 4.625% Perpetual Subordinated Notes,$15.75,-0.05,-0.316%,4522838355.00,Canada,,205946,Utilities,Electric Utilities: Central
BEPI,Brookfield BRP Holdings (Canada) Inc. 4.875% Perpetual Subordinated Notes,$16.17,-0.16,-0.98%,4643447378.00,Canada,2021,63275,Utilities,Electric Utilities: Central
BEPJ,Brookfield BRP Holdings (Canada) Inc. 7.250% Perpetual Subordinated Notes,$23.21,-0.03,-0.129%,6665084331.00,Canada,2024,148347,Utilities,Electric Utilities: Central
BETR,Better Home & Finance Holding Company Class A Common Stock,$12.39,0.27,2.228%,188383569.00,United Kingdom,2021,151272,Finance,Finance: Consumer Services
BETRW,Better Home & Finance Holding Company Warrant,$0.1498,0.00,0.00%,2277632.00,United Kingdom,2021,104,Finance,Finance: Consumer Services
BF/A,Brown Forman Corporation,$27.47,0.12,0.439%,,United States,,217493,,
BF/B,Brown Forman Corporation,$26.91,0.45,1.701%,,United States,,4129935,,
BFAM,Bright Horizons Family Solutions Inc. Common Stock,$123.59,1.28,1.047%,7075952526.00,United States,2013,461067,Consumer Discretionary,Other Consumer Services
BFC,Bank First Corporation Common Stock,$117.65,-0.82,-0.692%,1166820229.00,United States,,158743,Finance,Major Banks
BFH,Bread Financial Holdings Inc. Common Stock,$57.12,0.26,0.457%,2658889162.00,United States,,678393,Consumer Discretionary,Business Services
BFIN,BankFinancial Corporation Common Stock,$11.57,0.20,1.759%,144170044.00,United States,2005,38485,Finance,Savings Institutions
BFK,BlackRock Municipal Income Trust,$9.59,0.12,1.267%,0.00,United States,,147386,Finance,Finance Companies
BFLY,Butterfly Network Inc. Class A Common Stock,$2.00,0.04,2.041%,494577860.00,United States,2020,4469117,Health Care,Medical Electronics
BFRG,Bullfrog AI Holdings Inc. Common Stock,$1.51,0.00,0.00%,14217443.00,United States,2023,157195,Health Care,Biotechnology: Pharmaceutical Preparations
BFRGW,Bullfrog AI Holdings Inc. Warrants,$0.5713,0.0113,2.018%,5379089.00,United States,2023,26336,Health Care,Biotechnology: Pharmaceutical Preparations
BFRI,Biofrontera Inc. Common Stock,$0.7115,0.1099,18.268%,6720969.00,United States,2021,1079477,Health Care,Biotechnology: Pharmaceutical Preparations
BFRIW,Biofrontera Inc. Warrants,$0.1051,0.0152,16.908%,992795.00,United States,2021,1933,Health Care,Biotechnology: Pharmaceutical Preparations
BFS,Saul Centers Inc. Common Stock,$34.14,0.03,0.088%,826719389.00,United States,1993,114948,Real Estate,Real Estate Investment Trusts
BFS^D,Saul Centers Inc. Depositary Shares each representing 1/100th of a share of 6.125% Series D Cumulative Redeemable Preferred Stock,$20.95,-0.25,-1.179%,,United States,,855,,
BFS^E,Saul Centers Inc. Depositary shares each representing a 1/100th fractional interest in a share of 6.000% Series E Cumulative Redeemable Preferred Stock,$20.93,-0.7701,-3.549%,,United States,,16900,,
BFST,Business First Bancshares Inc. Common Stock,$24.65,-0.02,-0.081%,731981405.00,United States,,97498,Finance,Major Banks
BFZ,BlackRock California Municipal Income Trust,$10.81,0.01,0.093%,0.00,United States,2001,134158,Finance,Finance Companies
BG,Bunge Limited Common Shares,$80.28,-0.16,-0.199%,10790031152.00,United States,,2432241,Consumer Staples,Packaged Foods
BGB,Blackstone Strategic Credit 2027 Term Fund Common Shares of Beneficial Interest,$12.12,0.04,0.331%,0.00,United States,2012,126101,Finance,Trusts Except Educational Religious and Charitable
BGC,BGC Group Inc. Class A Common Stock,$10.23,0.13,1.287%,4994014199.00,United States,,4490109,Finance,Investment Bankers/Brokers/Service
BGFV,Big 5 Sporting Goods Corporation Common Stock,$1.42,0.23,19.328%,32454189.00,United States,2002,2578686,Consumer Discretionary,Other Specialty Stores
BGH,Barings Global Short Duration High Yield Fund Common Shares of Beneficial Interests,$15.40,0.00,0.00%,0.00,United States,2012,137584,Finance,Investment Managers
BGI,Birks Group Inc. Common Stock,$0.92,0.0155,1.714%,17632691.00,Canada,,33549,Consumer Discretionary,Consumer Specialties
BGL,Blue Gold Limited Class A Ordinary Shares,$41.43,-21.07,-33.712%,252015707.00,United Kingdom,,72277,Basic Materials,Metal Mining
BGLC,BioNexus Gene Lab Corp Common stock,$3.07,0.30,10.83%,5515553.00,Malaysia,,129006,Health Care,Medical Specialities
BGLWW,Blue Gold Limited Warrant,$0.19,-0.12,-38.71%,1155756.00,United Kingdom,,96312,Basic Materials,Metal Mining
BGM,BGM Group Ltd. Class A Ordinary Shares,$10.59,-1.38,-11.529%,1029582473.00,China,2021,59558,Health Care,Biotechnology: Pharmaceutical Preparations
BGR,BlackRock Energy and Resources Trust,$13.26,0.05,0.379%,1797872932.00,United States,2004,114465,Finance,Trusts Except Educational Religious and Charitable
BGS,B&G Foods Inc. Common Stock,$4.23,-0.16,-3.645%,337545066.00,United States,,5877606,Consumer Staples,Packaged Foods
BGSF,BGSF Inc. Common Stock,$6.37,0.06,0.951%,70762374.00,United States,,143837,Consumer Discretionary,Professional Services
BGT,BlackRock Floating Rate Income Trust,$12.52,0.08,0.643%,0.00,United States,2004,160721,Finance,Trusts Except Educational Religious and Charitable
BGX,Blackstone Long Short Credit Income Fund Common Shares,$12.41,0.13,1.059%,0.00,,2011,149744,Finance,Trusts Except Educational Religious and Charitable
BGY,Blackrock Enhanced International Dividend Trust,$5.79,0.07,1.224%,0.00,United States,2007,726018,Finance,Trusts Except Educational Religious and Charitable
BH,Biglari Holdings Inc. Class B Common Stock,$292.21,0.74,0.254%,664925024.00,United States,2018,35246,Consumer Discretionary,Restaurants
BHAT,Blue Hat Interactive Entertainment Technology Ordinary Shares,$1.74,-0.06,-3.333%,101787009.00,China,2019,65376,Consumer Discretionary,Recreational Games/Products/Toys
BHB,Bar Harbor Bankshares Inc. Common Stock,$29.96,0.26,0.875%,459040019.00,United States,1997,45572,Finance,Major Banks
BHC,Bausch Health Companies Inc. Common Stock,$6.66,0.20,3.096%,2461203573.00,Canada,,2306509,Health Care,Biotechnology: Pharmaceutical Preparations
BHE,Benchmark Electronics Inc. Common Stock,$38.83,-0.45,-1.146%,1401590672.00,United States,,292422,Technology,Electrical Products
BHF,Brighthouse Financial Inc. Common Stock,$53.77,-0.67,-1.231%,3086881177.00,United States,,775557,Finance,Life Insurance
BHFAL,Brighthouse Financial Inc. 6.25% Junior Subordinated Debentures due 2058,$19.08,-0.02,-0.105%,1095363453.00,United States,,78504,Finance,Life Insurance
BHFAM,Brighthouse Financial Inc. Depositary shares each representing a 1/1000th Interest in a Share of 4.625% Non-Cumulative Preferred Stock Series D,$13.30,0.115,0.872%,763539514.00,United States,,173016,Finance,Life Insurance
BHFAN,Brighthouse Financial Inc. Depositary shares each representing a 1/1000th interest in a share of 5.375% Non-Cumulative Preferred Stock Series C,$14.79,0.19,1.301%,849078903.00,United States,,353721,Finance,Life Insurance
BHFAO,Brighthouse Financial Inc. Depositary Shares 6.75% Non-Cumulative Preferred Stock Series B,$19.32,-0.12,-0.617%,1109141610.00,United States,,120366,Finance,Life Insurance
BHFAP,Brighthouse Financial Inc. Depositary Shares 6.6% Non-Cumulative Preferred Stock Series A,$18.39,-0.66,-3.465%,1055751253.00,United States,,129577,Finance,Life Insurance
BHK,Blackrock Core Bond Trust,$9.72,0.04,0.413%,0.00,United States,2001,575767,Finance,Finance Companies
BHLB,Berkshire Hills Bancorp Inc. Common Stock,$25.04,-0.03,-0.12%,1159651478.00,United States,,445269,Finance,Banks
BHM,Bluerock Homes Trust Inc. Class A Common Stock,$12.52,0.32,2.623%,50980213.00,,2022,3096,Real Estate,Real Estate Investment Trusts
BHP,BHP Group Limited American Depositary Shares (Each representing two Ordinary Shares),$48.09,-0.53,-1.09%,122001954065.00,Australia,,2643452,Energy,Coal Mining
BHR,Braemar Hotels & Resorts Inc. Common Stock,$2.45,-0.15,-5.769%,164263981.00,United States,2013,326361,Real Estate,Real Estate Investment Trusts
BHR^B,Braemar Hotels & Resorts Inc. 5.50% Series B Cumulative Convertible Preferred Stock par value $0.01 per share,$13.18,-0.02,-0.152%,,United States,,8172,,
BHR^D,Braemar Hotels & Resorts Inc. 8.25% Series D Cumulative Preferred Stock  par value $0.01 per share,$20.685,-0.7288,-3.403%,,United States,,664,,
BHRB,Burke & Herbert Financial Services Corp. Common Stock,$59.73,0.06,0.101%,896273677.00,United States,,77584,Finance,Major Banks
BHST,BioHarvest Sciences Inc. Common Stock,$6.73,0.02,0.298%,116615529.00,Canada,,2758,,
BHV,BlackRock Virginia Municipal Bond Trust,$10.39,0.07,0.678%,0.00,United States,2002,3240,Finance,Finance/Investors Services
BHVN,Biohaven Ltd. Common Shares ,$14.11,0.02,0.142%,1440807714.00,United States,2022,1697078,Health Care,Biotechnology: Pharmaceutical Preparations
BIAF,bioAffinity Technologies Inc. Common Stock,$0.2872,-0.0088,-2.973%,7826045.00,United States,2022,2004091,Health Care,Biotechnology: Commercial Physical & Biological Resarch
BIAFW,bioAffinity Technologies Inc. Warrant,$0.13,-0.09,-40.909%,3542430.00,United States,2022,1828,Health Care,Biotechnology: Commercial Physical & Biological Resarch
BIDU,Baidu Inc. ADS,$85.76,-0.37,-0.43%,29481792041.00,China,2005,1840299,Technology,Computer Software: Programming Data Processing
BIGC,BigCommerce Holdings Inc. Series 1 Common Stock,$5.00,0.02,0.402%,400491730.00,United States,2020,505059,Technology,Computer Software: Prepackaged Software
BIIB,Biogen Inc. Common Stock,$125.59,-0.49,-0.389%,18402430421.00,United States,,1184445,Health Care,Biotechnology: Biological Products (No Diagnostic Substances)
BILI,Bilibili Inc. American Depositary Shares,$21.45,0.03,0.14%,8939679585.00,China,2018,3179683,Technology,EDP Services
BILL,BILL Holdings Inc. Common Stock,$46.26,0.69,1.514%,4766035450.00,United States,2019,2442370,Technology,EDP Services
BIO,Bio-Rad Laboratories Inc. Class A Common Stock,$241.32,-2.66,-1.09%,6566946080.00,United States,1980,297188,Industrials,Biotechnology: Laboratory Analytical Instruments
BIO/B,Bio-Rad Laboratories Inc.,$250.08,0.00,0.00%,,United States,,14,,
BIOA,BioAge Labs Inc. Common Stock,$4.13,-0.07,-1.667%,148060653.00,United States,2024,162083,Health Care,Biotechnology: Pharmaceutical Preparations
BIOX,Bioceres Crop Solutions Corp. Ordinary Shares,$4.47,-0.02,-0.445%,280932719.00,Argentina,,142969,Industrials,Agricultural Chemicals
BIP,Brookfield Infrastructure Partners LP Limited Partnership Units,$33.50,-0.07,-0.209%,21933221572.00,Bermuda,,588241,Consumer Discretionary,Marine Transportation
BIP^A,Brookfield Infrastructure Partners LP 5.125% Class A Preferred Limited Partnership Units Series 13,$16.73,-0.85,-4.835%,,Bermuda,,36915,,
BIP^B,Brookfield Infrastructure Partners LP 5.000% Class A Preferred Limited Partnership Units Series 14,$15.76,-1.00,-5.967%,,Bermuda,,36448,,
BIPC,Brookfield Infrastructure Corporation Brookfield Infrastructure Corporation,$41.60,-0.19,-0.455%,5494061165.00,Canada,,946140,Consumer Discretionary,Marine Transportation
BIPH,Brookfield Infrastructure Corporation 5.000% Subordinated Notes due 2081,$15.86,-0.47,-2.878%,7316915396.00,Canada,2021,74858,Utilities,Oil & Gas Production
BIPI,BIP Bermuda Holdings I Limited 5.125% Perpetual Subordinated Notes,$16.27,-0.27,-1.632%,154189163.00,Bermuda,2022,86570,Consumer Discretionary,Marine Transportation
BIPJ,Brookfield Infrastructure Corporation 7.250% Subordinated Notes due 2084,$22.36,-0.30,-1.324%,10315651214.00,Canada,2024,67771,Utilities,Oil & Gas Production
BIRD,Allbirds Inc. Class A Common Stock,$10.63,0.24,2.31%,85652171.00,United States,2021,98113,Consumer Discretionary,Apparel
BIRK,Birkenstock Holding plc Ordinary Shares,$49.18,-0.26,-0.526%,9237440154.00,,2023,2509870,Consumer Discretionary,Shoe Manufacturing
BIT,BlackRock Multi-Sector Income Trust Common Shares of Beneficial Interest,$14.60,0.03,0.206%,0.00,,2013,196394,Finance,Trusts Except Educational Religious and Charitable
BITF,Bitfarms Ltd. Common Stock,$0.8402,0.094,12.597%,467119132.00,Canada,,23617520,Finance,Finance: Consumer Services
BIVI,BioVie Inc. Class A Common Stock,$0.925,-0.085,-8.416%,17170198.00,United States,,423760,Health Care,Biotechnology: Pharmaceutical Preparations
BIYA,Baiya International Group Inc. Ordinary Shares,$0.734,0.025,3.526%,9189680.00,China,2025,338146,Consumer Discretionary,Diversified Commercial Services
BJ,BJ's Wholesale Club Holdings Inc. Common Stock,$107.83,-6.42,-5.619%,14239027520.00,United States,2018,4281051,Consumer Discretionary,Department/Specialty Retail Stores
BJDX,Bluejay Diagnostics Inc. Common Stock,$1.72,0.10,6.173%,2569993.00,United States,2021,64590,Health Care,Medical/Dental Instruments
BJRI,BJ's Restaurants Inc. Common Stock,$44.60,-0.07,-0.157%,986366330.00,United States,,413401,Consumer Discretionary,Restaurants
BK,The Bank of New York Mellon Corporation Common Stock,$91.11,-0.07,-0.077%,65183217706.00,United States,,5596514,Finance,Major Banks
BK^K,The Bank Of New York Mellon Corporation  Depositary Shares each representing a 1/4000th interest in a share of Series K Noncumulative Perpetual Preferred Stock,$25.64,-0.01,-0.039%,,United States,,872788,,
BKD,Brookdale Senior Living Inc. Common Stock,$6.96,0.06,0.87%,1631061120.00,United States,2005,3409648,Health Care,Hospital/Nursing Management
BKE,Buckle Inc. (The) Common Stock,$45.35,-0.22,-0.483%,2319968408.00,United States,,433943,Consumer Discretionary,Clothing/Shoe/Accessory Stores
BKH,Black Hills Corporation Common Stock,$56.10,0.16,0.286%,4067776050.00,United States,,598416,Utilities,Electric Utilities: Central
BKHA,Black Hawk Acquisition Corporation Class A Ordinary Shares,$10.62,-0.15,-1.393%,0.00,United States,2024,1571,,
BKHAR,Black Hawk Acquisition Corporation Rights,$1.3876,-0.0242,-1.714%,0.00,United States,2024,490,,
BKKT,Bakkt Holdings Inc. Class A Common Stock,$13.95,1.17,9.155%,194064016.00,United States,,537008,Finance,Finance: Consumer Services
BKN,BlackRock Investment Quality Municipal Trust Inc. (The),$10.92,0.11,1.018%,0.00,United States,1993,53946,Finance,Trusts Except Educational Religious and Charitable
BKNG,Booking Holdings Inc. Common Stock,$5789.24,96.11,1.688%,188383826363.00,United States,,287685,Consumer Discretionary,Transportation Services
BKR,Baker Hughes Company Class A Common Stock,$38.34,0.28,0.736%,37985354042.00,United States,,6773563,Industrials,Metal Fabrications
BKSY,BlackSky Technology Inc. Class A Common Stock,$20.58,1.09,5.593%,651406186.00,United States,2019,2491133,Technology,Radio And Television Broadcasting And Communications Equipment
BKT,BlackRock Income Trust Inc. (The),$11.75,0.05,0.427%,1747959034.00,United States,,111882,Finance,Investment Bankers/Brokers/Service
BKTI,BK Technologies Corporation Common Stock,$47.13,-6.41,-11.972%,173136485.00,United States,,174613,Technology,Radio And Television Broadcasting And Communications Equipment
BKU,BankUnited Inc. Common Stock,$35.59,-0.05,-0.14%,2676792340.00,United States,2011,580176,Finance,Savings Institutions
BKV,BKV Corporation Common Stock,$24.12,-0.39,-1.591%,2043165957.00,United States,2024,1044443,Energy,Oil & Gas Production
BKYI,BIO-key International Inc. Common Stock,$0.8175,-0.0124,-1.494%,4758918.00,United States,,145365,Technology,Computer Software: Prepackaged Software
BL,BlackLine Inc. Common Stock,$56.62,-0.02,-0.035%,3528565930.00,United States,2016,794354,Technology,Computer Software: Prepackaged Software
BLBD,Blue Bird Corporation Common Stock,$43.16,0.04,0.093%,1362364951.00,United States,2014,295235,Consumer Discretionary,Construction/Ag Equipment/Trucks
BLBX,Blackboxstocks Inc. Common Stock,$5.89,-0.01,-0.169%,21397628.00,United States,,102117,Technology,EDP Services
BLCO,Bausch + Lomb Corporation Common Shares,$13.01,0.61,4.919%,4597690417.00,,2022,1684164,Health Care,Ophthalmic Goods
BLD,TopBuild Corp. Common Stock,$323.74,-1.03,-0.317%,9254679301.00,United States,2015,451775,Consumer Discretionary,Engineering & Construction
BLDE,Blade Air Mobility Inc. Class A Common Stock,$4.03,-0.10,-2.421%,326499775.00,United States,2019,696528,Consumer Discretionary,Transportation Services
BLDEW,Blade Air Mobility Inc. Warrants,$0.2103,-0.0057,-2.639%,17037941.00,United States,2019,70010,Consumer Discretionary,Transportation Services
BLDP,Ballard Power Systems Inc. Common Shares,$1.59,0.13,8.904%,476734842.00,Canada,,12644836,Energy,Industrial Machinery/Components
BLDR,Builders FirstSource Inc. Common Stock,$116.69,-0.32,-0.273%,12895974112.00,United States,2005,1630119,Consumer Discretionary,RETAIL: Building Materials
BLE,BlackRock Municipal Income Trust II,$10.04,0.16,1.619%,0.00,United States,2002,206088,Finance,Finance/Investors Services
BLFS,BioLife Solutions Inc. Common Stock,$21.54,0.05,0.233%,1024467623.00,United States,,875525,Health Care,Biotechnology: Electromedical & Electrotherapeutic Apparatus
BLFY,Blue Foundry Bancorp Common Stock,$9.57,-0.13,-1.34%,207868295.00,United States,2021,34021,Finance,Banks
BLIN,Bridgeline Digital Inc. Common Stock,$1.39,-0.09,-6.081%,16564057.00,United States,2007,42694,Technology,Computer Software: Prepackaged Software
BLIV,BeLive Holdings Ordinary Share,$3.16,-0.40,-11.236%,34332774.00,Singapore,2025,48653,Technology,EDP Services
BLK,BlackRock Inc. Common Stock,$1049.25,1.43,0.136%,162556295414.00,United States,1999,528969,Finance,Investment Bankers/Brokers/Service
BLKB,Blackbaud Inc. Common Stock,$64.21,0.14,0.219%,3115321774.00,United States,2004,199258,Technology,Computer Software: Prepackaged Software
BLMN,Bloomin' Brands Inc. Common Stock,$8.61,-0.05,-0.577%,732378215.00,United States,2012,2014434,Consumer Discretionary,Restaurants
BLMZ,BloomZ Inc. Ordinary Shares,$0.1589,0.0029,1.859%,2292281.00,Japan,2024,1958462,Consumer Discretionary,Movies/Entertainment
BLND,Blend Labs Inc. Class A Common Stock,$3.30,0.02,0.61%,853126603.00,United States,2021,1840613,Technology,Computer Software: Programming Data Processing
BLNE,Beeline Holdings Inc. Common Stock,$1.48,0.14,10.448%,61489116.00,United States,,4538822,Consumer Staples,Beverages (Production/Distribution)
BLNK,Blink Charging Co. Common Stock,$0.9399,0.0163,1.765%,96543831.00,United States,,3993942,Consumer Discretionary,Industrial Specialties
BLRX,BioLineRx Ltd. American Depositary Shares,$4.57,0.14,3.16%,17004984.00,Israel,,31144,Health Care,Biotechnology: Pharmaceutical Preparations
BLTE,Belite Bio Inc American Depositary Shares,$57.70,-1.34,-2.27%,1862657725.00,United States,2022,55405,Health Care,Biotechnology: Pharmaceutical Preparations
BLUWU,Blue Water Acquisition Corp. III Unit.,$10.01,0.005,0.05%,0.00,United States,2025,111969,Health Care,Biotechnology: Biological Products (No Diagnostic Substances)
BLW,Blackrock Limited Duration Income Trust,$14.18,-0.03,-0.211%,506385568.00,United States,2003,97032,Consumer Discretionary,Other Consumer Services
BLX,Banco Latinoamericano de Comercio Exterior S.A.,$40.30,-0.33,-0.812%,1482670046.00,Panama,1992,146719,Finance,Commercial Banks
BLZE,Backblaze Inc. Class A Common Stock,$5.50,0.03,0.548%,301950000.00,United States,2021,368508,Technology,Computer Software: Prepackaged Software
BMA,Banco Macro S.A.  ADR (representing Ten Class B Common Shares),$70.21,-1.38,-1.928%,4489321552.00,Argentina,,558075,Finance,Commercial Banks
BMBL,Bumble Inc. Class A Common Stock,$6.59,0.14,2.171%,680690616.00,United States,2021,2479393,Technology,Computer Software: Programming Data Processing
BME,Blackrock Health Sciences Trust,$36.46,0.24,0.663%,486121836.00,United States,2005,73000,Finance,Trusts Except Educational Religious and Charitable
BMEA,Biomea Fusion Inc. Common Stock,$1.80,-0.01,-0.552%,67630050.00,United States,2021,1264033,Health Care,Biotechnology: Pharmaceutical Preparations
BMEZ,BlackRock Health Sciences Term Trust Common Shares of Beneficial Interest,$14.26,-0.16,-1.11%,190128837.00,United States,2020,1258540,Finance,Trusts Except Educational Religious and Charitable
BMGL,Basel Medical Group Ltd Ordinary Shares,$1.78,0.03,1.714%,32849900.00,Singapore,2025,342487,,
BMI,Badger Meter Inc. Common Stock,$244.95,-1.11,-0.451%,7214587550.00,United States,1971,222190,Industrials,Industrial Machinery/Components
BML^G,Bank of America Corporation Depositary Shares (Each representing a 1/1200th interest in a share of Floating Rate Non-Cumulative Preferred Stock  Series 1),$20.6861,0.1351,0.657%,,United States,,13995,,
BML^H,Bank of America Corporation Depositary Shares (Each representing a 1/1200th interest in a Share of Floating Rate Non-Cumulative Preferred Stock Series 2),$20.01,-0.15,-0.744%,,United States,,120392,,
BML^J,Bank of America Corporation Depositary Shares (Each representing a 1/1200th interest in a Share of Floating Rate Non-Cumulative Preferred Stock Series 4),$21.65,-0.20,-0.915%,,United States,,86565,,
BML^L,Bank of America Corporation Depositary Shares (Each representing a 1/1200th Interest in a Share of Floating Rate Non-Cumulative Preferred Stock Series 5),$20.22,-0.21,-1.028%,,United States,,245428,,
BMN,BlackRock 2037 Municipal Target Term Trust Common Shares of Beneficial Interest,$24.62,-0.02,-0.081%,0.00,,2022,11473,Finance,Trusts Except Educational Religious and Charitable
BMNR,BitMine Immersion Technologies Inc. Common Stock,$33.90,29.635,694.842%,196117263.00,,2025,107733771,Finance,Finance: Consumer Services
BMO,Bank Of Montreal Common Stock,$110.63,1.51,1.384%,79882688953.00,Canada,,564525,Finance,Commercial Banks
BMR,Beamr Imaging Ltd. Ordinary Share,$3.155,0.055,1.774%,48961795.00,Israel,2023,72506,Technology,Computer Software: Prepackaged Software
BMRA,Biomerica Inc. Common Stock,$3.16,0.01,0.317%,8044608.00,United States,,8407,Health Care,Biotechnology: In Vitro & In Vivo Diagnostic Substances
BMRC,Bank of Marin Bancorp Common Stock,$22.84,0.14,0.617%,370375016.00,United States,,173251,Finance,Major Banks
BMRN,BioMarin Pharmaceutical Inc. Common Stock,$54.97,-0.20,-0.363%,10541908305.00,United States,1999,1555071,Health Care,Biotechnology: Pharmaceutical Preparations
BMY,Bristol-Myers Squibb Company Common Stock,$46.29,-0.06,-0.129%,94203890695.00,United States,,17322683,Health Care,Biotechnology: Pharmaceutical Preparations
BN,Brookfield Corporation Class A Limited Voting Shares,$61.85,0.25,0.406%,101900829698.00,Canada,1925,2032998,Real Estate,Building operators
BNAI,Brand Engagement Network Inc. Common Stock,$0.44,0.0627,16.618%,18915335.00,United States,2021,2650660,Technology,EDP Services
BNAIW,Brand Engagement Network Inc. Warrant,$0.0301,0.0043,16.667%,1293981.00,United States,2021,25543,Technology,EDP Services
BNED,Barnes & Noble Education Inc Common Stock,$11.77,0.00,0.00%,400813779.00,United States,2015,487169,Consumer Discretionary,Other Specialty Stores
BNGO,Bionano Genomics Inc. Common Stock,$3.28,-0.01,-0.304%,11033920.00,United States,2018,45543,Industrials,Biotechnology: Laboratory Analytical Instruments
BNH,Brookfield Finance Inc. 4.625% Subordinated Notes due October 16 2080,$15.36,-0.49,-3.091%,23159761367.00,Canada,2020,85483,Real Estate,Building operators
BNJ,Brookfield Finance Inc. 4.50% Perpetual Subordinated Notes,$14.84,-0.26,-1.722%,22375706946.00,Canada,2020,81083,Real Estate,Building operators
BNL,Broadstone Net Lease Inc. Common Stock,$16.05,-0.11,-0.681%,3034737242.00,United States,2020,1518641,Real Estate,Real Estate Investment Trusts
BNR,Burning Rock Biotech Limited American Depositary Shares,$3.16,0.10,3.268%,34022443.00,China,2020,10440,Health Care,Medical Specialities
BNRG,Brenmiller Energy Ltd Ordinary Shares,$2.48,-0.13,-4.981%,6760113.00,Israel,,105440,Industrials,Building Products
BNS,Bank Nova Scotia Halifax Pfd 3 Ordinary Shares,$55.27,0.43,0.784%,68841493230.00,Canada,,1544150,Finance,Major Banks
BNT,Brookfield Wealth Solutions Ltd. Class A Exchangeable Limited Voting Shares,$61.78,0.11,0.178%,14982422682.00,,2021,4840,Finance,Property-Casualty Insurers
BNTC,Benitec Biopharma Inc. Common Stock,$11.70,0.35,3.084%,299522457.00,United States,2015,273253,Health Care,Biotechnology: Pharmaceutical Preparations
BNTX,BioNTech SE American Depositary Share,$106.47,-0.25,-0.234%,25549691502.00,Germany,2019,367468,Health Care,Biotechnology: Biological Products (No Diagnostic Substances)
BNY,BlackRock New York Municipal Income Trust,$9.67,0.07,0.729%,0.00,United States,,21078,Finance,Trusts Except Educational Religious and Charitable
BNZI,Banzai International Inc. Class A Common Stock,$0.5892,0.0192,3.368%,11169324.00,United States,2021,1073492,Technology,Computer Software: Prepackaged Software
BNZIW,Banzai International Inc. Warrant,$0.0248,0.0024,10.714%,470128.00,United States,2021,4034,Technology,Computer Software: Prepackaged Software
BOC,Boston Omaha Corporation Class A Common Stock,$14.04,-0.04,-0.284%,441606213.00,United States,2022,135768,Finance,Real Estate
BODI,The Beachbody Company Inc. Class A Common Stock,$4.12,0.22,5.641%,28861486.00,United States,2021,53931,Consumer Discretionary,Other Consumer Services
BOE,Blackrock Enhanced Global Dividend Trust Common Shares of Beneficial Interest,$11.35,0.05,0.442%,0.00,United States,2005,171390,Finance,Trusts Except Educational Religious and Charitable
BOF,BranchOut Food Inc. Common Stock,$2.43,0.08,3.404%,23290989.00,United States,2023,111790,Consumer Staples,Packaged Foods
BOH,Bank of Hawaii Corporation Common Stock,$67.53,-0.31,-0.457%,2683291112.00,United States,,392182,Finance,Major Banks
BOH^A,Bank of Hawaii Corporation Depositary Shares Each Representing a 1/40th Interest in a Share of 4.375% Fixed Rate Non-Cumulative Perpetual Preferred Stock Series A,$15.87,0.17,1.083%,,United States,,2947,,
BOH^B,Bank of Hawaii Corporation Depositary Shares Each Representing a 1/40th Interest in a Share of 8.000% Fixed Rate Non-Cumulative Perpetual Preferred Stock Series B,$26.14,0.16,0.616%,,United States,,22143,,
BOKF,BOK Financial Corporation Common Stock,$97.63,0.54,0.556%,6273881877.00,United States,,204199,Finance,Major Banks
BOLD,Boundless Bio Inc. Common Stock,$1.01,0.00,0.00%,22609467.00,United States,2024,128813,Health Care,Biotechnology: Pharmaceutical Preparations
BOLT,Bolt Biotherapeutics Inc. Common Stock,$5.77,0.16,2.852%,11061003.00,United States,2021,23736,Health Care,Biotechnology: Pharmaceutical Preparations
BON,Bon Natural Life Limited Class A Ordinary Shares,$1.25,-0.01,-0.794%,3058443.00,China,2021,183369,Health Care, Medicinal Chemicals and Botanical Products 
BOOM,DMC Global Inc. Common Stock,$8.06,-0.10,-1.225%,165155219.00,United States,,197172,Industrials,Industrial Specialties
BOOT,Boot Barn Holdings Inc. Common Stock,$152.00,-2.55,-1.65%,4650302288.00,United States,2014,486528,Consumer Discretionary,Clothing/Shoe/Accessory Stores
BORR,Borr Drilling Limited Common Shares,$1.83,0.00,0.00%,448216082.00,,2019,3041687,Energy,Oil & Gas Production
BOSC,B.O.S. Better Online Solutions Common Stock,$4.85,-0.01,-0.206%,28729261.00,Israel,,34445,Telecommunications,Computer Communications Equipment
BOTJ,Bank of the James Financial Group Inc. Common Stock,$14.06,0.29,2.106%,63879332.00,United States,,1425,Finance,Major Banks
BOW,Bowhead Specialty Holdings Inc. Common Stock,$37.53,0.24,0.644%,1225830493.00,United States,2024,559799,Finance,Property-Casualty Insurers
BOWN,Bowen Acquisition Corp Ordinary Shares,$10.51,1.59,17.825%,0.00,United States,2023,23786,Consumer Discretionary,Package Goods/Cosmetics
BOWNR,Bowen Acquisition Corp Rights,$0.213,-0.017,-7.391%,0.00,United States,2023,2301,Consumer Discretionary,Package Goods/Cosmetics
BOWNU,Bowen Acquisition Corp Unit,$13.02,0.00,0.00%,0.00,United States,2023,4,Consumer Discretionary,Package Goods/Cosmetics
BOX,Box Inc. Class A Common Stock,$34.17,0.17,0.50%,4947589350.00,United States,2015,1492050,Technology,Computer Software: Prepackaged Software
BOXL,Boxlight Corporation Class A Common Stock,$1.7601,0.0101,0.577%,3925690.00,United States,2017,24587,Real Estate,Other Consumer Services
BP,BP p.l.c. Common Stock,$29.93,-0.41,-1.351%,79480770159.00,United Kingdom,,7516539,Energy,Integrated oil Companies
BPMC,Blueprint Medicines Corporation Common Stock,$128.18,0.07,0.055%,8278141653.00,United States,2015,2350220,Health Care,Biotechnology: Pharmaceutical Preparations
BPOP,Popular Inc. Common Stock,$110.21,-0.30,-0.271%,7550572403.00,United States,,344413,Finance,Major Banks
BPOPM,Popular Inc. Popular Capital Trust II - 6.125% Cumulative Monthly Income Trust Preferred Securities,$24.71,-0.24,-0.962%,1692901226.00,United States,,50534,Finance,Major Banks
BPRN,Princeton Bancorp Inc. Common Stock (PA),$30.54,-1.05,-3.324%,211615630.00,United States,,12884,Finance,Major Banks
BPT,BP Prudhoe Bay Royalty Trust Common Stock,$0.502,-0.012,-2.335%,10742800.00,United States,,98442,Energy,Integrated oil Companies
BPYPM,Brookfield Property Partners L.P. 6.25% Class A Cumulative Redeemable Preferred Units Series 1,$14.89,-0.46,-2.997%,13421012905.00,Bermuda,,67320,Finance,Real Estate
BPYPN,Brookfield Property Partners L.P. 5.750% Class A Cumulative Redeemable Perpetual Preferred Units Series 3,$13.00,-0.70,-5.109%,11717472650.00,Bermuda,,37250,Finance,Real Estate
BPYPO,Brookfield Property Partners L.P. 6.375% Class A Cumulative Redeemable Perpetual Preferred Units Series 2,$15.14,0.00,0.00%,13646348917.00,Bermuda,,4110,Finance,Real Estate
BPYPP,Brookfield Property Partners L.P. 6.50% Class A Cumulative Redeemable Perpetual Preferred Units,$15.09,-0.08,-0.527%,13601281715.00,Bermuda,,6036,Finance,Real Estate
BQ,Boqii Holding Limited American Depositary Shares (each representing one hundred fifty (150) Class A Ordinary Shares),$2.105,0.095,4.726%,2255571.00,,,20009,Consumer Discretionary,Other Specialty Stores
BR,Broadridge Financial Solutions Inc. Common Stock,$243.03,3.58,1.495%,28547139823.00,United States,,520042,Consumer Discretionary,Business Services
BRAG,Bragg Gaming Group Inc. Common Shares,$4.32,0.07,1.647%,108293682.00,Canada,,21651,Technology,Office Equipment/Supplies/Services
BRBR,BellRing Brands Inc. Common Stock ,$57.93,-0.61,-1.042%,7356919526.00,United States,2022,2734770,Consumer Staples,Packaged Foods
BRBS,Blue Ridge Bankshares Inc. Common Stock,$3.59,-0.05,-1.374%,327328478.00,United States,,2735929,Finance,Major Banks
BRC,Brady Corporation Common Stock,$67.97,-0.94,-1.364%,3216041060.00,United States,,291559,Consumer Discretionary,Miscellaneous manufacturing industries
BRCC,BRC Inc. Class A Common Stock,$1.31,-0.01,-0.758%,279319560.00,United States,2022,858423,Consumer Staples,Beverages (Production/Distribution)
BRDG,Bridge Investment Group Holdings Inc. Class A Common Stock,$10.01,-0.08,-0.793%,1239006108.00,United States,2021,410145,Finance,Investment Managers
BREA,Brera Holdings PLC Class B Ordinary Shares,$7.60,0.60,8.571%,18351781.00,Ireland,2023,13752,Consumer Discretionary,Services-Misc. Amusement & Recreation
BRFH,Barfresh Food Group Inc. Common Stock,$3.42,-0.35,-9.284%,54446561.00,United States,,7693,Consumer Staples,Packaged Foods
BRFS,BRF S.A.,$3.65,0.12,3.399%,5839270274.00,Brazil,,3687218,Consumer Staples,Meat/Poultry/Fish
BRIA,BrilliA Inc Class A Ordinary Shares,$2.30,-0.10,-4.167%,70437500.00,,2024,5254,Consumer Discretionary,Apparel
BRID,Bridgford Foods Corporation Common Stock,$7.9065,0.2665,3.488%,71765972.00,United States,,605,Consumer Staples,Specialty Foods
BRK/A,Berkshire Hathaway Inc.,$728800.00,-2139.90,-0.293%,1071972971200.00,United States,,419,,
BRK/B,Berkshire Hathaway Inc.,$485.77,0.09,0.019%,1071759874691.00,United States,,6374322,,
BRKL,Brookline Bancorp Inc. Common Stock,$10.55,-0.07,-0.659%,940053583.00,United States,,544448,Finance,Savings Institutions
BRKR,Bruker Corporation Common Stock,$41.20,-0.60,-1.435%,6243110284.00,United States,,1540544,Industrials,Biotechnology: Laboratory Analytical Instruments
BRLS,Borealis Foods Inc. Class A Common Shares,$3.66,-0.32,-8.04%,78257578.00,Kazakhstan,2021,3554,Consumer Staples,Packaged Foods
BRLSW,Borealis Foods Inc. Warrant,$0.0901,0.0001,0.111%,1926505.00,Kazakhstan,2021,3350,Consumer Staples,Packaged Foods
BRLT,Brilliant Earth Group Inc. Class A Common Stock,$1.375,-0.015,-1.079%,136557028.00,United States,2021,41733,Consumer Discretionary,Consumer Specialties
BRN,Barnwell Industries Inc. Common Stock,$1.13,-0.05,-4.237%,11360493.00,United States,1965,108709,Energy,Oil & Gas Production
BRNS,Barinthus Biotherapeutics plc American Depositary Shares,$0.9301,0.0141,1.539%,37519671.00,United Kingdom,2021,6136,Health Care,Biotechnology: Pharmaceutical Preparations
BRO,Brown & Brown Inc. Common Stock,$110.87,1.29,1.177%,31776180953.00,United States,,3810415,Finance,Specialty Insurers
BROS,Dutch Bros Inc. Class A Common Stock,$68.37,-0.97,-1.399%,11245662782.00,United States,2021,2078117,Consumer Discretionary,Restaurants
BRSP,BrightSpire Capital Inc. Class A Common Stock,$5.05,-0.19,-3.626%,658833075.00,United States,2018,678674,Real Estate,Real Estate Investment Trusts
BRT,BRT Apartments Corp. (MD) Common Stock,$15.64,-0.14,-0.887%,295639776.00,United States,,44635,Real Estate,Real Estate Investment Trusts
BRTX,BioRestorative Therapies Inc. Common Stock (NV),$1.6656,0.0556,3.453%,12499962.00,United States,,30564,Health Care,Managed Health Care
BRW,Saba Capital Income & Opportunities Fund SBI,$8.06,0.03,0.374%,0.00,United States,,262327,Finance,Trusts Except Educational Religious and Charitable
BRX,Brixmor Property Group Inc. Common Stock,$26.04,-0.01,-0.038%,7969806124.00,United States,2013,2442453,Real Estate,Real Estate Investment Trusts
BRY,Berry Corporation (bry) Common Stock,$2.77,-0.07,-2.465%,214941480.00,United States,2018,711062,Energy,Oil & Gas Production
BRZE,Braze Inc. Class A Common Stock,$28.10,1.34,5.007%,2967693547.00,United States,2021,2339317,Technology,Computer Software: Prepackaged Software
BSAAU,BEST SPAC I Acquisition Corp. Unit ,$10.04,-0.01,-0.10%,0.00,Hong Kong,2025,22385,Finance,Blank Checks
BSAC,Banco Santander - Chile ADS,$25.22,0.65,2.646%,11881528295.00,Chile,,678563,Finance,Commercial Banks
BSBK,Bogota Financial Corp. Common Stock,$7.79,-0.27,-3.35%,101339830.00,United States,2020,2607,Finance,Banks
BSBR,Banco Santander Brasil SA American Depositary Shares each representing one unit,$5.45,0.13,2.444%,40654972202.00,Brazil,2009,519596,Finance,Commercial Banks
BSET,Bassett Furniture Industries Incorporated Common Stock,$15.20,0.94,6.592%,132302548.00,United States,,51582,Consumer Discretionary,Home Furnishings
BSGM,BioSig Technologies Inc. Common Stock,$7.14,-0.52,-6.789%,194883473.00,United States,,448315,Health Care,Biotechnology: Electromedical & Electrotherapeutic Apparatus
BSL,Blackstone Senior Floating Rate 2027 Term Fund Common Shares of Beneficial Interest,$14.30,0.07,0.492%,0.00,United States,2010,42839,Finance,Trusts Except Educational Religious and Charitable
BSLK,Bolt Projects Holdings Inc. Common Stock,$2.82,0.34,13.71%,5814217.00,United States,2021,64080,Industrials,Major Chemicals
BSLKW,Bolt Projects Holdings Inc. Warrant,$0.0259,0.0042,19.355%,53400.00,United States,2021,4491,Industrials,Major Chemicals
BSM,Black Stone Minerals L.P. Common units representing limited partner interests,$13.08,0.03,0.23%,2768204413.00,United States,2015,258876,Energy,Oil & Gas Production
BSRR,Sierra Bancorp Common Stock,$29.69,-0.09,-0.302%,410279281.00,United States,,38267,Finance,Major Banks
BST,BlackRock Science and Technology Trust Common Shares of Beneficial Interest,$38.17,-0.13,-0.339%,845764371.00,United States,2014,254692,Finance,Finance Companies
BSTZ,BlackRock Science and Technology Term Trust Common Shares of Beneficial Interest,$20.75,0.13,0.63%,459774973.00,United States,2019,343582,Finance,Trusts Except Educational Religious and Charitable
BSVN,Bank7 Corp. Common stock,$41.83,-0.17,-0.405%,395261584.00,United States,2018,123202,Finance,Major Banks
BSX,Boston Scientific Corporation Common Stock,$107.41,0.88,0.826%,158907331916.00,United States,,7005855,Health Care,Medical/Dental Instruments
BSY,Bentley Systems Incorporated Class B Common Stock,$53.97,1.33,2.527%,16373496209.00,United States,2020,2189631,Technology,Computer Software: Prepackaged Software
BTA,BlackRock Long-Term Municipal Advantage Trust Common Shares of Beneficial Interest,$9.17,0.15,1.663%,0.00,United States,2006,99620,Finance,Trusts Except Educational Religious and Charitable
BTAI,BioXcel Therapeutics Inc. Common Stock,$1.81,0.04,2.26%,10961443.00,United States,2018,173189,Health Care,Biotechnology: Pharmaceutical Preparations
BTBD,BT Brands Inc. Common Stock,$1.32,-0.01,-0.752%,8124236.00,United States,2021,4197,Consumer Discretionary,Restaurants
BTBDW,BT Brands Inc. Warrant,$0.0353,-0.0076,-17.716%,217262.00,United States,2021,2813,Consumer Discretionary,Restaurants
BTBT,Bit Digital Inc. Ordinary Shares,$2.19,0.18,8.955%,455040107.00,United States,2018,47756174,Finance,Finance: Consumer Services
BTCM,BIT Mining Limited ADS,$2.0499,0.0299,1.48%,21841967.00,,2013,22409,Technology,EDP Services
BTCS,BTCS Inc. Common Stock,$2.20,0.05,2.326%,46409858.00,United States,,583461,Finance,Finance: Consumer Services
BTCT,BTC Digital Ltd. Ordinary Shares,$3.12,0.17,5.763%,20074205.00,China,,300988,Real Estate,Other Consumer Services
BTDR,Bitdeer Technologies Group Class A Ordinary Shares,$11.48,0.39,3.517%,2258645791.00,Singapore,,4026903,Finance,Finance: Consumer Services
BTE,Baytex Energy Corp Common Shares,$1.79,-0.04,-2.186%,1375794000.00,Canada,2023,32520557,Energy,Oil & Gas Production
BTG,B2Gold Corp Common shares (Canada),$3.61,0.08,2.266%,4770155952.00,Canada,,45999329,Basic Materials,Precious Metals
BTI,British American Tobacco  Industries p.l.c. Common Stock ADR,$47.33,0.37,0.788%,103980264351.00,United Kingdom,1998,7135725,Health Care, Medicinal Chemicals and Botanical Products 
BTM,Bitcoin Depot Inc. Class A Common Stock,$5.07,0.00,0.00%,326063853.00,United States,2022,1409309,Finance,Finance: Consumer Services
BTMD,Biote Corp. Class A Common Stock,$4.02,-0.18,-4.286%,203468509.00,United States,,131453,Health Care, Medicinal Chemicals and Botanical Products 
BTMWW,Bitcoin Depot Inc. Warrant,$0.3979,-0.0206,-4.922%,25589903.00,United States,2022,260242,Finance,Finance: Consumer Services
BTO,John Hancock Financial Opportunities Fund Common Stock,$35.42,0.37,1.056%,0.00,United States,1994,77072,Finance,Investment Managers
BTOC,Armlogi Holding Corp. Common Stock,$1.62,-0.09,-5.263%,68221482.00,United States,2024,59047,Consumer Discretionary,Office Equipment/Supplies/Services
BTOG,Bit Origin Limited Class A Ordinary Shares,$0.158,-0.0006,-0.378%,1337750.00,United States,2019,1491446,Finance,Finance: Consumer Services
BTSG,BrightSpring Health Services Inc. Common Stock,$23.59,0.05,0.212%,4110445400.00,United States,2024,2571549,Health Care,Medical/Nursing Services
BTSGU,BrightSpring Health Services Inc. Tangible Equity Unit,$82.55,0.81,0.991%,14383945222.00,United States,2024,39488,Health Care,Medical/Nursing Services
BTT,BlackRock Municipal 2030 Target Term Trust,$21.89,0.23,1.062%,0.00,United States,2012,170319,Finance,Investment Managers
BTU,Peabody Energy Corporation Common Stock ,$13.42,0.75,5.919%,1631872000.00,United States,2017,7309156,Energy,Coal Mining
BTX,BlackRock Technology and Private Equity Term Trust Common Shares of Beneficial Interest,$7.34,-0.08,-1.078%,1730743917.00,United States,2021,2548936,,
BTZ,BlackRock Credit Allocation Income Trust,$10.92,0.00,0.00%,1180834200.00,United States,2006,225275,Finance,Finance Companies
BUD,Anheuser-Busch Inbev SA Sponsored ADR (Belgium),$68.72,0.22,0.321%,123503482501.00,Belgium,,2323433,Consumer Staples,Beverages (Production/Distribution)
BUI,BlackRock Utility Infrastructure & Power Opportunities Trust,$25.75,0.16,0.625%,0.00,United States,2011,85746,Finance,Trusts Except Educational Religious and Charitable
BULL,Webull Corporation Class A Ordinary Shares,$11.96,1.13,10.434%,5518956854.00,United States,,15025271,Finance,Investment Bankers/Brokers/Service
BULLW,Webull Corporation Warrants,$4.04,0.56,16.092%,1864263018.00,United States,,146213,Finance,Investment Bankers/Brokers/Service
BULLZ,Webull Corporation Incentive Warrant,$1.87,1.05,128.049%,862913823.00,United States,,1656584,Finance,Investment Bankers/Brokers/Service
BUR,Burford Capital Limited Ordinary Shares,$14.26,2.57,21.985%,3120122552.00,,2020,14692996,Finance,Finance: Consumer Services
BURL,Burlington Stores Inc. Common Stock,$232.64,2.01,0.872%,14676480582.00,United States,2013,900175,Consumer Discretionary,Department/Specialty Retail Stores
BURU,Nuburu Inc. Common Stock,$0.3496,0.0169,5.08%,18334194.00,United States,,13329908,Miscellaneous,Industrial Machinery/Components
BUSE,First Busey Corporation Class A Common Stock,$22.885,-0.335,-1.443%,2047991168.00,United States,,802868,Finance,Major Banks
BUSEP,First Busey Corporation Depositary Shares Each Representing a 1/40thInterest in a Share of 8.25% Fixed-Rate Series B Non-Cumulative Perpetual Preferred Stock $0.001 par value,$25.04,-0.10,-0.398%,2240843297.00,United States,,849456,Finance,Major Banks
BV,BrightView Holdings Inc. Common Stock,$16.65,0.25,1.524%,1586745000.00,United States,2018,863383,Consumer Discretionary,Business Services
BVFL,BV Financial Inc. Common Stock,$15.23,0.00,0.00%,160352771.00,United States,2023,89310,Finance,Savings Institutions
BVN,Buenaventura Mining Company Inc.,$16.42,0.27,1.672%,4170464356.00,Peru,1996,808008,Basic Materials,Metal Mining
BVS,Bioventus Inc. Class A Common Stock,$6.62,-0.15,-2.216%,543795577.00,United States,2021,585164,Health Care,Medical/Dental Instruments
BW,Babcock & Wilcox Enterprises Inc. Common Stock,$0.9621,-0.0061,-0.63%,94674511.00,United States,2015,656590,Industrials,Building Products
BW^A,Babcock & Wilcox Enterprises Inc. 7.75% Series A Cumulative Perpetual Preferred Stock,$9.95,-0.25,-2.451%,,United States,,97822,,
BWA,BorgWarner Inc. Common Stock,$33.48,-0.13,-0.387%,7356227207.00,United States,,1697471,Consumer Discretionary,Auto Parts:O.E.M.
BWAY,BrainsWay Ltd. American Depositary Shares,$13.15,-0.07,-0.53%,248130348.00,Israel,2019,62057,Health Care,Medical/Dental Instruments
BWB,Bridgewater Bancshares Inc. Common Stock,$15.91,-0.19,-1.18%,436569541.00,United States,2018,114902,Finance,Major Banks
BWBBP,Bridgewater Bancshares Inc. Depositary Shares Each Representing a 1/100th Interest in a Share of 5.875% Non-Cumulative Perpetual Preferred Stock Series A,$18.52,0.00,0.00%,508187800.00,United States,,70,Finance,Major Banks
BWEN,Broadwind Inc. Common Stock,$1.81,-0.04,-2.162%,41063608.00,United States,,51196,Telecommunications,Metal Fabrications
BWFG,Bankwell Financial Group Inc. Common Stock,$36.03,-0.175,-0.483%,283678134.00,United States,2014,11266,Finance,Major Banks
BWG,BrandywineGLOBAL Global Income Opportunities Fund Inc.,$8.31,0.05,0.605%,0.00,United States,2012,105918,Finance,Finance/Investors Services
BWIN,The Baldwin Insurance Group Inc. Class A Common Stock,$42.81,0.11,0.258%,5073793552.00,United States,2019,688177,Finance,Specialty Insurers
BWLP,BW LPG Limited Common Shares,$11.83,-0.18,-1.499%,1792699781.00,,2024,319408,Consumer Discretionary,Transportation Services
BWMN,Bowman Consulting Group Ltd. Common Stock,$28.75,-0.36,-1.237%,495450734.00,United States,2021,99797,Consumer Discretionary,Professional Services
BWMX,Betterware de Mexico S.A.P.I. de C.V. Ordinary Shares,$8.65,-0.10,-1.143%,322788123.00,Mexico,,20716,Consumer Discretionary,Catalog/Specialty Distribution
BWNB,Babcock & Wilcox Enterprises Inc. 6.50% Senior Notes due 2026,$15.79,-0.42,-2.591%,1553799539.00,United States,2021,50510,Industrials,Building Products
BWSN,Babcock & Wilcox Enterprises Inc. 8.125% Senior Notes due 2026,$19.50,-0.58,-2.888%,1918878468.00,United States,2021,53913,Industrials,Building Products
BWXT,BWX Technologies Inc. Common Stock,$144.06,0.87,0.608%,13161426188.00,United States,,1030974,Industrials,Industrial Machinery/Components
BX,Blackstone Inc. Common Stock,$149.58,-1.53,-1.013%,109140743353.00,United States,2007,4181212,Finance,Investment Managers
BXC,Bluelinx Holdings Inc. Common Stock,$74.38,0.12,0.162%,596692947.00,United States,2004,72134,Consumer Discretionary,Wholesale Distributors
BXMT,Blackstone Mortgage Trust Inc. Common Stock,$19.25,-0.48,-2.433%,3302918658.00,United States,,1386748,Real Estate,Real Estate Investment Trusts
BXMX,Nuveen S&P 500 Buy-Write Income Fund Common Shares of Beneficial Interest,$13.88,0.14,1.019%,0.00,United States,,315255,Finance,Investment Managers
BXP,BXP Inc. Common Stock,$67.47,-1.13,-1.647%,10682160492.00,United States,1997,1473050,Real Estate,Real Estate Investment Trusts
BXSL,Blackstone Secured Lending Fund Common Shares of Beneficial Interest,$30.75,-0.59,-1.883%,0.00,,2021,1088345,Finance,Trusts Except Educational Religious and Charitable
BY,Byline Bancorp Inc. Common Stock,$26.73,-0.06,-0.224%,1233650632.00,United States,2017,315696,Finance,Major Banks
BYD,Boyd Gaming Corporation Common Stock,$78.23,-0.79,-1.00%,6368162948.00,United States,1993,794659,Consumer Discretionary,Hotels/Resorts
BYFC,Broadway Financial Corporation Class A Common Stock,$7.25,-0.03,-0.412%,66122632.00,United States,,1047,Finance,Savings Institutions
BYM,Blackrock Municipal Income Quality Trust Common Shares of Beneficial Interest,$10.56,0.16,1.538%,0.00,United States,2002,83218,Finance,Investment Managers
BYND,Beyond Meat Inc. Common Stock,$3.49,0.07,2.047%,266885238.00,United States,2019,1608990,Consumer Staples,Packaged Foods
BYON,Beyond Inc. Common Stock,$6.88,0.21,3.148%,396834678.00,United States,,2569180,Consumer Discretionary,Catalog/Specialty Distribution
BYRN,Byrna Technologies Inc. Common Stock,$30.88,-0.69,-2.186%,699964217.00,United States,,814719,Miscellaneous,Industrial Machinery/Components
BYSI,BeyondSpring Inc. Ordinary Shares,$2.35,-0.10,-4.082%,94743352.00,United States,2017,22143,Health Care,Biotechnology: Pharmaceutical Preparations
BZ,KANZHUN LIMITED American Depository Shares,$17.84,-0.28,-1.545%,7755684942.00,China,2021,3570282,Technology,Computer Software: Programming Data Processing
BZAI,Blaize Holdings Inc. Common Stock,$2.98,0.63,26.809%,303018070.00,United States,2025,1732605,Finance,Blank Checks
BZAIW,Blaize Holdings Inc. Warrants,$0.3842,0.0922,31.575%,39066961.00,United States,2025,77648,Finance,Blank Checks
BZFD,BuzzFeed Inc. Class A Common Stock,$2.00,-0.03,-1.478%,77050320.00,United States,2021,136696,Consumer Discretionary,Telecommunications Equipment
BZFDW,BuzzFeed Inc. Warrant,$0.0804,0.0225,38.86%,3097423.00,United States,2021,26869,Consumer Discretionary,Telecommunications Equipment
BZH,Beazer Homes USA Inc. Common Stock,$22.37,-0.23,-1.018%,677887170.00,United States,1994,350385,Consumer Discretionary,Homebuilding
BZUN,Baozun Inc. American Depositary Shares,$2.50,-0.01,-0.398%,144369123.00,China,2015,427944,Consumer Discretionary,Catalog/Specialty Distribution
C,Citigroup Inc. Common Stock,$85.12,0.74,0.877%,158981490842.00,United States,,18026089,Finance,Major Banks
C^N,Citigroup Capital XIII 7.875% Fixed rate Floating Rate trust Preferred Securities (TruPS),$29.42,-0.30,-1.009%,,United States,,552387,,
CAAP,Corporacion America Airports SA Common Shares,$20.26,-0.04,-0.197%,3263691139.00,,2018,92666,Consumer Discretionary,Aerospace
CAAS,China Automotive Systems Inc. Common Stock,$4.08,-0.03,-0.73%,123096464.00,China,,23834,Consumer Discretionary,Auto Parts:O.E.M.
CABA,Cabaletta Bio Inc. Common Stock,$1.52,-0.05,-3.185%,77129514.00,United States,2019,2182041,Health Care,Biotechnology: Biological Products (No Diagnostic Substances)
CABO,Cable One Inc. Common Stock,$135.81,5.14,3.934%,764307172.00,United States,2015,177649,Telecommunications,Cable & Other Pay Television Services
CAC,Camden National Corporation Common Stock,$40.58,-0.14,-0.344%,685889653.00,United States,,65520,Finance,Major Banks
CACC,Credit Acceptance Corporation Common Stock,$509.43,6.77,1.347%,5911158269.00,United States,1992,336275,Finance,Finance: Consumer Services
CACI,CACI International Inc. Class A Common Stock,$476.70,13.33,2.877%,10482657788.00,United States,,275402,Technology,EDP Services
CADE,Cadence Bank Common Stock,$31.98,-0.17,-0.529%,5840219420.00,United States,,1296653,Finance,Major Banks
CADE^A,Cadence Bank 5.50% Series A ,$20.46,-0.04,-0.195%,,United States,,10258,,
CADL,Candel Therapeutics Inc. Common Stock,$5.06,0.16,3.265%,253519556.00,United States,2021,1035230,Health Care,Biotechnology: Biological Products (No Diagnostic Substances)
CAE,CAE Inc. Ordinary Shares,$29.27,1.19,4.238%,9374237628.00,Canada,,1234843,Miscellaneous,Industrial Machinery/Components
CAEP,Cantor Equity Partners III Inc. Class A Ordinary Shares,$10.55,0.02,0.19%,0.00,United States,2025,391118,,
CAF,Morgan Stanley China A Share Fund Inc. Common Stock,$13.776,-0.0418,-0.303%,0.00,United States,2006,10248,Finance,Investment Managers
CAG,ConAgra Brands Inc. Common Stock,$20.47,0.07,0.343%,9771609761.00,United States,,9555195,Consumer Staples,Packaged Foods
CAH,Cardinal Health Inc. Common Stock,$168.00,0.82,0.49%,40097736840.00,United States,,3396957,Health Care,Other Pharmaceuticals
CAI,Caris Life Sciences Inc. Common Stock,$26.72,-0.09,-0.336%,7576594543.00,United States,2025,971027,Health Care,Medical Specialities
CAKE,Cheesecake Factory Incorporated (The) Common Stock,$62.66,0.41,0.659%,3103425545.00,United States,1992,1777850,Consumer Discretionary,Restaurants
CAL,Caleres Inc. Common Stock,$12.22,-0.32,-2.552%,412996016.00,United States,,805094,Consumer Discretionary,Shoe Manufacturing
CALC,CalciMedica Inc. Common Stock,$1.60,0.17,11.888%,22355184.00,United States,2023,55215,Health Care,Biotechnology: Pharmaceutical Preparations
CALM,Cal-Maine Foods Inc. Common Stock,$99.63,0.47,0.474%,4886448497.00,United States,1996,924095,Consumer Staples,Farming/Seeds/Milling
CALX,Calix Inc Common Stock,$53.19,1.89,3.684%,3447789204.00,United States,2010,1065923,Consumer Discretionary,Telecommunications Equipment
CAMP,CAMP4 Therapeutics Corporation Common Stock,$1.45,-0.07,-4.605%,29233556.00,United States,2024,135402,,
CAMT,Camtek Ltd. Ordinary Shares,$84.56,0.10,0.118%,3855468721.00,Israel,2000,447647,Technology,Electronic Components
CAN,Canaan Inc. American Depositary Shares,$0.6183,0.0237,3.986%,259848959.00,China,2019,20136066,Technology,Semiconductors
CANF,Can-Fite Biopharma Ltd Sponsored ADR (Israel),$1.05,0.01,0.962%,10870742.00,Israel,,223001,Health Care,Biotechnology: Pharmaceutical Preparations
CANG,Cango Inc. American Depositary Shares  each representing two (2) Class A Ordinary Shares,$4.85,0.39,8.744%,503372353.00,China,2018,429541,Technology,Computer Software: Prepackaged Software
CAPL,CrossAmerica Partners LP Common Units representing limited partner interests,$20.92,0.02,0.096%,796999972.00,United States,2012,31688,Energy,Oil Refining/Marketing
CAPN,Cayson Acquisition Corp Ordinary shares,$10.32,0.00,0.00%,0.00,United States,2024,18,,
CAPNR,Cayson Acquisition Corp Right,$0.14,0.00,0.00%,0.00,United States,2024,300,Finance,Blank Checks
CAPR,Capricor Therapeutics Inc. Common Stock,$9.93,-1.22,-10.942%,453878643.00,United States,,2076800,Health Care,Biotechnology: Pharmaceutical Preparations
CAPS,Capstone Holding Corp. Common Stock,$1.80,0.13,7.784%,9342452.00,United States,,221699,Health Care,Biotechnology: Pharmaceutical Preparations
CAPT,Captivision Inc. Ordinary Shares,$1.14,0.00,0.00%,33239712.00,United Kingdom,,257926,Miscellaneous,Industrial Machinery/Components
CAPTW,Captivision Inc. Warrant,$0.022,-0.0039,-15.058%,641468.00,United Kingdom,,59898,Miscellaneous,Industrial Machinery/Components
CAR,Avis Budget Group Inc. Common Stock,$169.05,-5.17,-2.968%,5949248003.00,United States,,1882192,Consumer Discretionary,Rental/Leasing Companies
CARE,Carter Bankshares Inc. Common Stock,$17.34,-0.10,-0.573%,401577285.00,United States,,68781,Finance,Major Banks
CARG,CarGurus Inc. Class A Common Stock ,$33.47,0.21,0.631%,3308396539.00,United States,2017,941316,Technology,EDP Services
CARM,Carisma Therapeutics Inc. Common Stock,$0.3916,-0.009,-2.247%,16364218.00,United States,2014,1149200,Health Care,Biotechnology: Pharmaceutical Preparations
CARR,Carrier Global Corporation Common Stock ,$73.19,-0.48,-0.652%,62746507702.00,United States,2020,4623543,Industrials,Industrial Machinery/Components
CARS,Cars.com Inc. Common Stock ,$11.85,0.00,0.00%,745207336.00,United States,2017,980043,Technology,EDP Services
CART,Maplebear Inc. Common Stock,$45.24,0.38,0.847%,11795637330.00,United States,2023,2901486,Consumer Discretionary,Business Services
CARV,Carver Bancorp Inc. Common Stock,$1.73,0.05,2.976%,8778510.00,United States,,68090,Finance,Savings Institutions
CASH,Pathward Financial Inc. Common Stock,$79.12,-1.13,-1.408%,1886658017.00,United States,1993,156967,Finance,Major Banks
CASI,CASI Pharmaceuticals Inc. Ordinary Shares,$1.18,-0.02,-1.667%,18281364.00,United States,,126942,Health Care,Biotechnology: Pharmaceutical Preparations
CASK,Heritage Distilling Holding Company Inc. Common Stock,$0.407,0.027,7.105%,3317589.00,United States,2024,99550,Consumer Staples,Beverages (Production/Distribution)
CASS,Cass Information Systems Inc Common Stock,$43.45,-0.75,-1.697%,580491957.00,United States,,65090,Consumer Discretionary,Business Services
CASY,Casey's General Stores Inc. Common Stock,$510.27,4.09,0.808%,18972341216.00,United States,1983,283850,Consumer Discretionary,Retail-Auto Dealers and Gas Stations
CAT,Caterpillar Inc. Common Stock,$388.21,3.50,0.91%,182863132519.00,United States,,2781652,Industrials,Construction/Ag Equipment/Trucks
CATO,Cato Corporation (The) Class A Common Stock,$2.81,0.05,1.812%,55460990.00,United States,,21853,Consumer Discretionary,Clothing/Shoe/Accessory Stores
CATX,Perspective Therapeutics Inc. Common Stock,$3.44,-0.32,-8.511%,255345469.00,United States,,1205416,Health Care,Medical/Dental Instruments
CATY,Cathay General Bancorp Common Stock,$45.53,-0.14,-0.307%,3192124918.00,United States,,334865,Finance,Major Banks
CAVA,CAVA Group Inc. Common Stock,$84.23,6.34,8.14%,9742039189.00,United States,2023,7584081,Consumer Discretionary,Restaurants
CB,Chubb Limited  Common Stock,$289.72,4.60,1.613%,116098251832.00,Switzerland,,1991501,Finance,Property-Casualty Insurers
CBAN,Colony Bankcorp Inc. Common Stock,$16.47,-0.06,-0.363%,287293473.00,United States,,34973,Finance,Major Banks
CBAT,CBAK Energy Technology Inc. Common Stock,$1.18,-0.01,-0.84%,106128801.00,China,,606531,Miscellaneous,Industrial Machinery/Components
CBFV,CB Financial Services Inc. Common Stock,$28.50,0.47,1.677%,143162397.00,United States,,19824,Finance,Major Banks
CBIO,Crescent Biopharma Inc. Common Stock,$16.14,0.24,1.509%,238872000.00,United States,2014,50409,Health Care,Biotechnology: Pharmaceutical Preparations
CBL,CBL & Associates Properties Inc. Common Stock,$25.39,-0.50,-1.931%,785456839.00,United States,2021,181427,Real Estate,Real Estate Investment Trusts
CBLL,CeriBell Inc. Common Stock,$18.73,-0.17,-0.899%,676958802.00,United States,2024,274794,Health Care,Biotechnology: Electromedical & Electrotherapeutic Apparatus
CBNA,Chain Bridge Bancorp Inc. Class A Common Stock,$25.77,-0.19,-0.732%,169098024.00,,2024,20445,Finance,Major Banks
CBNK,Capital Bancorp Inc. Common Stock,$33.58,0.03,0.089%,556230571.00,United States,2018,66742,Finance,Major Banks
CBOE,Cboe Global Markets Inc. Common Stock,$233.21,4.21,1.838%,26077250688.00,,2010,628750,Finance,Investment Bankers/Brokers/Service
CBRE,CBRE Group Inc Common Stock Class A,$140.12,0.74,0.531%,41770452002.00,United States,,1902196,Finance,Real Estate
CBRL,Cracker Barrel Old Country Store Inc Common Stock,$61.08,0.58,0.959%,1360065367.00,United States,1981,946616,Consumer Discretionary,Restaurants
CBSH,Commerce Bancshares Inc. Common Stock,$62.17,0.09,0.145%,8295191530.00,United States,,539179,Finance,Major Banks
CBT,Cabot Corporation Common Stock,$75.00,-1.45,-1.897%,4029231150.00,United States,,432424,Industrials,Major Chemicals
CBU,Community Financial System Inc. Common Stock,$56.87,-0.24,-0.42%,3005662132.00,United States,,153935,Finance,Major Banks
CBUS,Cibus Inc. Class A Common Stock,$1.38,-0.03,-2.128%,47450685.00,United States,2017,452321,Industrials,Agricultural Chemicals
CBZ,CBIZ Inc. Common Stock,$71.71,0.60,0.844%,3900709193.00,United States,,626751,Consumer Discretionary,Business Services
CC,Chemours Company (The) Common Stock,$11.45,-0.27,-2.304%,1713769693.00,United States,2015,4097406,Industrials,Major Chemicals
CCAP,Crescent Capital BDC Inc. Common stock,$14.10,0.04,0.284%,522567813.00,United States,,250421,Finance,Finance: Consumer Services
CCB,Coastal Financial Corporation Common Stock,$96.87,-3.08,-3.082%,1455594969.00,United States,2018,196929,Finance,Major Banks
CCBG,Capital City Bank Group Common Stock,$39.35,0.24,0.614%,671112086.00,United States,,36313,Finance,Major Banks
CCCC,C4 Therapeutics Inc. Common Stock,$1.43,0.03,2.143%,101540129.00,United States,2020,677845,Health Care,Biotechnology: Biological Products (No Diagnostic Substances)
CCCM,Columbus Circle Capital Corp I Class A Ordinary Shares,$10.62,-0.11,-1.025%,0.00,United States,2025,529845,Finance,Blank Checks
CCCMU,Columbus Circle Capital Corp I Units,$11.46,-0.20,-1.715%,0.00,United States,2025,14308,Finance,Blank Checks
CCCMW,Columbus Circle Capital Corp I Warrant,$1.66,-0.34,-17.00%,0.00,United States,2025,56864,Finance,Blank Checks
CCCS,CCC Intelligent Solutions Holdings Inc. Common Stock,$9.41,0.00,0.00%,6201756444.00,United States,,6992415,Technology,Computer Software: Prepackaged Software
CCCXU,Churchill Capital Corp X Unit,$10.3007,-0.0493,-0.476%,0.00,United States,2025,42592,Finance,Blank Checks
CCD,Calamos Dynamic Convertible & Income Fund Common Stock,$20.1653,0.2653,1.333%,0.00,United States,,133180,Finance,Trusts Except Educational Religious and Charitable
CCEC,Capital Clean Energy Carriers Corp. Common Share,$23.38,0.38,1.652%,1372810778.00,Greece,2007,5094,Consumer Discretionary,Marine Transportation
CCEL,Cryo-Cell International Inc. Common Stock,$5.19,0.00,0.00%,41946405.00,United States,2022,10695,Health Care,Misc Health and Biotechnology Services
CCEP,Coca-Cola Europacific Partners plc Ordinary Shares,$92.72,1.62,1.778%,42484276462.00,United Kingdom,,1615685,Consumer Staples,Beverages (Production/Distribution)
CCG,Cheche Group Inc. Class A Ordinary Shares,$0.7807,-0.039,-4.758%,65299009.00,China,,118965,Finance,Specialty Insurers
CCGWW,Cheche Group Inc. Warrant,$0.0253,-0.0001,-0.394%,2116133.00,China,,3370,Finance,Specialty Insurers
CCI,Crown Castle Inc. Common Stock,$102.73,2.08,2.067%,44734683346.00,United States,,3899166,Real Estate,Real Estate Investment Trusts
CCIA,Carlyle Credit Income Fund 8.75% Series A Preferred Shares due 2028,$25.6101,-0.039,-0.152%,0.00,,2023,1702,,
CCIF,Carlyle Credit Income Fund Shares of Beneficial Interest,$6.48,0.15,2.37%,0.00,,2019,117927,Finance,Finance/Investors Services
CCIR,Cohen Circle Acquisition Corp. I Class A Ordinary Shares,$10.97,-0.01,-0.091%,0.00,United States,2024,106033,,
CCIRU,Cohen Circle Acquisition Corp. I Unit,$11.04,0.00,0.00%,0.00,United States,2024,20,Finance,Blank Checks
CCIRW,Cohen Circle Acquisition Corp. I Warrant,$2.00,0.14,7.527%,0.00,United States,2024,65877,Finance,Blank Checks
CCIX,Churchill Capital Corp IX Ordinary Shares,$10.52,0.01,0.095%,0.00,United States,2024,201261,,
CCIXU,Churchill Capital Corp IX Unit,$10.75,0.00,0.00%,0.00,United States,2024,2,,
CCIXW,Churchill Capital Corp IX Warrant,$0.9501,-0.0499,-4.99%,0.00,United States,2024,1902,,
CCJ,Cameco Corporation Common Stock,$74.23,0.96,1.31%,32313574897.00,Canada,1996,4102872,Basic Materials,Other Metals and Minerals
CCK,Crown Holdings Inc.,$102.98,-0.52,-0.502%,11986070198.00,United States,,908876,Industrials,Containers/Packaging
CCL,Carnival Corporation Common Stock,$28.12,0.86,3.155%,38127406283.00,United States,1987,32201762,Consumer Discretionary,Marine Transportation
CCLD,CareCloud Inc. Common Stock,$2.36,-0.05,-2.075%,99877864.00,United States,2014,159256,Technology,Computer Software: Prepackaged Software
CCLDO,CareCloud Inc. 8.75% Series B Cumulative Redeemable Perpetual Preferred Stock,$19.70,-0.0577,-0.292%,833726241.00,United States,,1519,Technology,Computer Software: Prepackaged Software
CCM,Concord Medical Services Holdings Limited American Depositary Shares (Each represents thirty (30) Class A ordinary shares),$5.73,0.22,3.993%,24878073.00,China,2024,1634,Health Care,Medical/Nursing Services
CCNE,CNB Financial Corporation Common Stock,$22.86,-0.03,-0.131%,479587804.00,United States,,80507,Finance,Major Banks
CCNEP,CNB Financial Corporation Depositary Shares each representing a 1/40th ownership interest in a share of 7.125% Series A Fixed-Rate Non-Cumulative Perpetual Preferred Stock,$24.9499,0.6249,2.569%,523432535.00,United States,,3567,Finance,Major Banks
CCO,Clear Channel Outdoor Holdings Inc. Common Stock,$1.17,-0.03,-2.50%,581157023.00,United States,2005,1653949,Consumer Discretionary,Advertising
CCOI,Cogent Communications Holdings Inc.,$48.21,0.01,0.021%,2378551715.00,United States,,488487,Consumer Discretionary,Telecommunications Equipment
CCRD,CoreCard Corporation Common Stock,$28.97,0.79,2.803%,225580091.00,United States,1986,113997,Technology,Computer Software: Prepackaged Software
CCRN,Cross Country Healthcare Inc. Common Stock $0.0001 Par Value,$13.05,0.26,2.033%,427820342.00,United States,2001,187651,Consumer Discretionary,Professional Services
CCS,Century Communities Inc. Common Stock,$56.32,0.24,0.428%,1720392566.00,United States,2014,390783,Consumer Discretionary,Homebuilding
CCSI,Consensus Cloud Solutions Inc. Common Stock,$23.06,0.10,0.436%,450614007.00,United States,,140902,Technology,Computer Software: Prepackaged Software
CCTG,CCSC Technology International Holdings Limited Class A Ordinary Shares,$1.03,-0.03,-2.83%,11928688.00,Hong Kong,2024,13162,Consumer Discretionary,Building Products
CCU,Compania Cervecerias Unidas S.A. Common Stock,$12.92,0.03,0.233%,954795416.00,Chile,,439055,Consumer Staples,Beverages (Production/Distribution)
CCZ,Comcast Holdings ZONES,$61.10,0.00,0.00%,228129309940.00,United States,,3,Telecommunications,Cable & Other Pay Television Services
CDE,Coeur Mining Inc. Common Stock,$8.86,0.15,1.722%,5667718973.00,United States,,11185229,Basic Materials,Precious Metals
CDIO,Cardio Diagnostics Holdings Inc. Common stock,$3.60,-0.01,-0.277%,6259356.00,United States,2022,22331,Health Care,Biotechnology: In Vitro & In Vivo Diagnostic Substances
CDIOW,Cardio Diagnostics Holdings Inc. Warrant,$0.0162,0.0014,9.459%,28167.00,United States,2022,29215,Health Care,Biotechnology: In Vitro & In Vivo Diagnostic Substances
CDLR,Cadeler A/S American Depositary Share (each representing four (4) Ordinary Shares),$19.87,-0.44,-2.166%,1743381799.00,,2023,75237,Consumer Discretionary,Marine Transportation
CDLX,Cardlytics Inc. Common Stock,$1.645,0.055,3.459%,86366432.00,United States,2018,651381,Technology,Computer Software: Programming Data Processing
CDNA,CareDx Inc. Common Stock,$19.54,0.31,1.612%,1087997927.00,United States,2014,770250,Health Care,Medical Specialities
CDNS,Cadence Design Systems Inc. Common Stock,$308.15,2.95,0.967%,84137892300.00,United States,,1743149,Technology,Computer Software: Prepackaged Software
CDP,COPT Defense Properties Common Shares of Beneficial Interest,$27.58,-0.19,-0.684%,3113255829.00,United States,,1032225,Real Estate,Real Estate Investment Trusts
CDR^B,Cedar Realty Trust Inc. 7.25% Series B Cumulative Redeemable Preferred Stock,$15.88,0.52,3.385%,,United States,,1097,,
CDR^C,Cedar Realty Trust Inc. 6.50% Series C Cumulative Redeemable Preferred Stock,$14.805,0.0297,0.201%,,United States,,1077,,
CDRE,Cadre Holdings Inc. Common Stock,$31.85,-0.18,-0.562%,1295007782.00,United States,2021,219298,Health Care,Industrial Specialties
CDRO,Codere Online Luxembourg S.A. Ordinary Shares,$8.49,0.05,0.592%,387490511.00,Luxembourg,,117853,Consumer Discretionary,Services-Misc. Amusement & Recreation
CDROW,Codere Online Luxembourg S.A. Warrants,$1.02,0.105,11.475%,46553630.00,Luxembourg,,117128,Consumer Discretionary,Services-Misc. Amusement & Recreation
CDT,Conduit Pharmaceuticals Inc. Common Stock,$2.76,-0.12,-4.167%,2200910.00,United States,2022,498144,Health Care,Biotechnology: Pharmaceutical Preparations
CDTG,CDT Environmental Technology Investment Holdings Limited ordinary shares,$0.70,-0.04,-5.405%,8627500.00,China,2024,50787,Industrials,Miscellaneous
CDTTW,Conduit Pharmaceuticals Inc. Warrant,$0.0109,-0.0037,-25.342%,8692.00,United States,2022,112629,Health Care,Biotechnology: Pharmaceutical Preparations
CDTX,Cidara Therapeutics Inc. Common Stock,$48.71,-0.74,-1.496%,631760078.00,United States,2015,1154678,Health Care,Biotechnology: Biological Products (No Diagnostic Substances)
CDW,CDW Corporation Common Stock,$178.59,1.18,0.665%,23517650939.00,United States,2013,937057,Consumer Discretionary,Catalog/Specialty Distribution
CDXS,Codexis Inc. Common Stock,$2.44,0.05,2.092%,202141432.00,United States,2010,652715,Industrials,Major Chemicals
CDZI,CADIZ Inc. Common Stock,$2.99,-0.13,-4.167%,244810364.00,United States,,663562,Utilities,Water Supply
CDZIP,Cadiz Inc. Depositary Shares,$17.50,0.00,0.00%,1432836580.00,United States,,5272,Utilities,Water Supply
CE,Celanese Corporation Common Stock,$55.33,-1.44,-2.537%,6053509561.00,United States,2005,1538646,Industrials,Major Chemicals
CECO,CECO Environmental Corp. Common Stock,$28.31,-1.29,-4.358%,998435438.00,United States,1998,374300,Industrials,Pollution Control Equipment
CEE,The Central and Eastern Europe Fund Inc. (The) Common Stock,$15.52,0.19,1.239%,0.00,United States,,15429,Finance,Finance Companies
CEG,Constellation Energy Corporation Common Stock ,$322.76,2.59,0.809%,101158590341.00,United States,,1967368,Utilities,Electric Utilities: Central
CELC,Celcuity Inc. Common Stock,$13.35,0.81,6.459%,505515879.00,United States,2017,469830,Health Care,Medical Specialities
CELH,Celsius Holdings Inc. Common Stock,$46.39,0.50,1.09%,11956616866.00,United States,,5831256,Consumer Staples,Beverages (Production/Distribution)
CELU,Celularity Inc. Class A Common Stock,$1.96,0.11,5.946%,46940489.00,United States,2019,120959,Health Care,Biotechnology: Pharmaceutical Preparations
CELUW,Celularity Inc. Warrant,$0.0443,0.00,0.00%,1060951.00,United States,2019,31,Health Care,Biotechnology: Pharmaceutical Preparations
CELZ,Creative Medical Technology Holdings Inc. Common Stock,$2.65,0.00,0.00%,6851660.00,United States,,29848,Finance,Finance: Consumer Services
CENN,Cenntro Inc. Common Stock,$0.7749,0.0639,8.987%,23918539.00,New Zealand,,261870,Consumer Discretionary,Auto Manufacturing
CENT,Central Garden & Pet Company Common Stock,$35.18,-0.18,-0.509%,2230771645.00,United States,1993,64072,Consumer Discretionary,Consumer Specialties
CENTA,Central Garden & Pet Company Class A Common Stock Nonvoting,$31.29,-0.20,-0.635%,1984105878.00,United States,,657991,Consumer Discretionary,Consumer Specialties
CENX,Century Aluminum Company Common Stock,$18.02,-0.03,-0.166%,1681321123.00,United States,1996,1593692,Industrials,Aluminum
CEP,Cantor Equity Partners Inc. Class A Ordinary Shares,$27.79,-0.96,-3.339%,798583833.00,United States,2024,716591,Finance,Investment Managers
CEPO,Cantor Equity Partners I Inc. Class A Ordinary Shares,$11.90,0.24,2.058%,0.00,United States,2025,213495,Finance,Blank Checks
CEPT,Cantor Equity Partners II Inc. Class A Ordinary Share,$11.03,0.12,1.10%,0.00,United States,2025,99989,Finance,Blank Checks
CEPU,Central Puerto S.A. American Depositary Shares (each represents ten Common Shares),$11.68,-0.17,-1.435%,1768378000.00,,2018,253366,Utilities,Electric Utilities: Central
CERO,CERo Therapeutics Holdings Inc. Common Stock,$9.63,0.08,0.838%,4969966.00,United States,2021,135375,Health Care,Biotechnology: Biological Products (No Diagnostic Substances)
CEROW,CERo Therapeutics Holdings Inc. Warrants,$0.0238,0.0013,5.778%,12283.00,United States,2021,128113,Health Care,Biotechnology: Biological Products (No Diagnostic Substances)
CERS,Cerus Corporation Common Stock,$1.41,-0.01,-0.704%,269536277.00,United States,1997,1203259,Technology,EDP Services
CERT,Certara Inc. Common Stock,$11.70,0.32,2.812%,1898135788.00,United States,2020,2953668,Technology,Computer Software: Prepackaged Software
CET,Central Securities Corporation Common Stock,$47.86,0.09,0.188%,11583326072.00,United States,1951,16055,Finance,Finance/Investors Services
CETX,Cemtrex Inc. Common Stock,$1.10,0.03,2.804%,1963039.00,United States,,449389,Technology,Electrical Products
CETY,Clean Energy Technologies Inc. Common Stock,$0.2502,-0.0014,-0.556%,14675516.00,United States,,131400,Consumer Discretionary,Metal Fabrications
CEV,Eaton Vance California Municipal Income Trust Shares of Beneficial Interest,$9.685,-0.005,-0.052%,68120174.00,United States,1999,26181,Finance,Finance/Investors Services
CEVA,CEVA Inc. Common Stock,$21.98,-0.58,-2.571%,525681615.00,United States,,212261,Technology,Computer Software: Programming Data Processing
CF,CF Industries Holdings Inc. Common Stock,$92.00,1.01,1.11%,14904922300.00,United States,2005,3061892,Industrials,Agricultural Chemicals
CFBK,CF Bankshares Inc. Common Stock,$23.97,0.36,1.525%,155333510.00,United States,,24602,Finance,Major Banks
CFFI,C&F Financial Corporation Common Stock,$61.73,-0.34,-0.548%,199992731.00,United States,,23685,Finance,Major Banks
CFFN,Capitol Federal Financial Inc. Common Stock,$6.10,0.03,0.494%,810085277.00,United States,,692281,Finance,Savings Institutions
CFG,Citizens Financial Group Inc. Common Stock,$44.75,0.32,0.72%,19405798031.00,United States,2014,7337773,Finance,Major Banks
CFG^E,Citizens Financial Group Inc. Depositary Shares Each Representing 1/40th Interest in a Share of 5.000% Fixed-Rate Non-Cumulative Perpetual Preferred Stock Series E,$18.75,-0.09,-0.478%,,United States,,110772,,
CFG^H,Citizens Financial Group Inc. Depositary Shares Each Representing a 1/40th Interest in a Share of 7.375% Fixed-Rate Non-Cumulative Perpetual Preferred Stock Series H,$25.94,0.06,0.232%,,United States,,61465,,
CFLT,Confluent Inc. Class A Common Stock,$24.93,0.46,1.88%,8485919609.00,United States,2021,3175667,Technology,Computer Software: Prepackaged Software
CFR,Cullen/Frost Bankers Inc. Common Stock,$128.54,-0.39,-0.302%,8263571936.00,United States,,241717,Finance,Major Banks
CFR^B,Cullen/Frost Bankers Inc. Depositary Shares each representing a 1/40th ownership interest in a share of 4.450% non-cumulative perpetual preferred stock Series B,$17.43,0.17,0.985%,,United States,,11264,,
CFSB,CFSB Bancorp Inc. Common Stock,$13.7163,-0.0037,-0.027%,89822219.00,United States,2022,28554,Finance,Savings Institutions
CG,The Carlyle Group Inc. Common Stock,$51.40,0.23,0.449%,18562384283.00,United States,2012,2182352,Finance,Investment Managers
CGABL,The Carlyle Group Inc. 4.625% Subordinated Notes due 2061,$16.75,-0.03,-0.179%,6049026007.00,United States,,112143,Finance,Investment Managers
CGAU,Centerra Gold Inc. Common Shares,$7.21,0.15,2.125%,1499277163.00,Canada,2021,523070,Basic Materials,Precious Metals
CGBD,Carlyle Secured Lending Inc. Common Stock,$13.68,0.16,1.183%,997312780.00,United States,2017,688726,Finance,Finance: Consumer Services
CGBDL,Carlyle Secured Lending Inc. 8.20% Notes due 2028,$25.7399,0.0949,0.37%,1308834224.00,United States,,1104,,
CGBS,Crown LNG Holdings Limited Ordinary Shares,$0.07,-0.0001,-0.143%,32291650.00,Jersey,,7280033,Utilities,Oil/Gas Transmission
CGBSW,Crown LNG Holdings Limited Warrants,$0.0318,-0.0001,-0.313%,14669635.00,Jersey,,15591,Utilities,Oil/Gas Transmission
CGC,Canopy Growth Corporation Common Shares,$1.22,0.00,0.00%,131215549.00,Canada,,7505657,Health Care, Medicinal Chemicals and Botanical Products 
CGCT,Cartesian Growth Corporation III Class A Ordinary Shares,$10.02,0.02,0.20%,0.00,United States,2025,200,Finance,Blank Checks
CGCTU,Cartesian Growth Corporation III Unit,$10.13,-0.01,-0.099%,0.00,United States,2025,46055,Finance,Blank Checks
CGCTW,Cartesian Growth Corporation III Warrant,$0.2701,-0.0299,-9.967%,0.00,United States,2025,3115,Finance,Blank Checks
CGEM,Cullinan Therapeutics Inc. Common Stock,$7.53,-0.23,-2.964%,444380443.00,United States,2021,304274,Health Care,Biotechnology: Biological Products (No Diagnostic Substances)
CGEN,Compugen Ltd. Ordinary Shares,$1.78,0.12,7.229%,166453108.00,Israel,2000,340843,Health Care,Biotechnology: Biological Products (No Diagnostic Substances)
CGNT,Cognyte Software Ltd. Ordinary Shares,$9.24,0.13,1.427%,664875205.00,Israel,,228090,Technology,Computer Software: Prepackaged Software
CGNX,Cognex Corporation Common Stock,$31.72,0.26,0.826%,5324670758.00,United States,1989,1679592,Industrials,Industrial Machinery/Components
CGO,Calamos Global Total Return Fund Common Stock,$11.71,0.09,0.775%,0.00,United States,2005,29649,Finance,Investment Managers
CGON,CG Oncology Inc. Common stock,$26.00,0.05,0.193%,1981858008.00,United States,2024,705724,,
CGTL,Creative Global Technology Holdings Limited Class A Ordinary Shares,$1.39,0.15,12.097%,29798125.00,China,2024,1865221,Technology,Retail: Computer Software & Peripheral Equipment
CGTX,Cognition Therapeutics Inc. Common Stock,$0.3098,0.0098,3.267%,19205446.00,United States,2021,642919,Health Care,Biotechnology: Biological Products (No Diagnostic Substances)
CHA,Chagee Holdings Limited American Depositary Shares,$26.11,-0.15,-0.571%,3088180746.00,China,2025,771402,Consumer Discretionary,Restaurants
CHAC,Crane Harbor Acquisition Corp. Class A Ordinary Shares,$10.07,0.00,0.00%,0.00,United States,2025,26860,,
CHACR,Crane Harbor Acquistion Corp. Rights,$0.27,-0.0149,-5.23%,0.00,United States,2025,57588,Finance,Blank Checks
CHACU,Crane Harbor Acquisition Corp. Units,$10.48,0.18,1.748%,0.00,United States,2025,598,,
CHAR,Charlton Aria Acquisition Corporation Class A Ordinary Shares,$10.28,0.01,0.097%,0.00,United States,2024,830,,
CHCI,Comstock Holding Companies Inc. Class A Common Stock,$10.09,0.09,0.90%,101588077.00,United States,2004,18099,Finance,Real Estate
CHCO,City Holding Company Common Stock,$122.42,-0.83,-0.673%,1772948997.00,United States,,115454,Finance,Major Banks
CHCT,Community Healthcare Trust Incorporated Common Stock,$16.63,-0.11,-0.657%,471257265.00,United States,2015,232834,Real Estate,Real Estate Investment Trusts
CHD,Church & Dwight Company Inc. Common Stock,$96.11,1.33,1.403%,23669714667.00,United States,,2824410,Consumer Discretionary,Package Goods/Cosmetics
CHDN,Churchill Downs Incorporated Common Stock,$101.00,0.05,0.05%,7295442403.00,United States,,633621,Consumer Discretionary,Services-Misc. Amusement & Recreation
CHE,Chemed Corp,$486.93,-72.43,-12.949%,7123534644.00,United States,,733432,Health Care,Medical/Nursing Services
CHEB,Chenghe Acquisition II Co. Class A Ordinary Shares,$8.975,0.345,3.998%,0.00,,2024,7461,,
CHEF,The Chefs' Warehouse Inc. Common Stock,$63.81,0.28,0.441%,2596014645.00,United States,2011,634291,Consumer Discretionary,Food Distributors
CHEK,Check-Cap Ltd. Ordinary Share,$0.7712,0.0052,0.679%,4512114.00,Israel,2015,221699,Health Care,Medical Electronics
CHGG,Chegg Inc. Common Stock,$1.21,-0.09,-6.923%,128950247.00,United States,2013,5323288,Real Estate,Other Consumer Services
CHH,Choice Hotels International Inc. Common Stock,$126.88,-1.06,-0.829%,6267816046.00,United States,,361754,Consumer Discretionary,Hotels/Resorts
CHI,Calamos Convertible Opportunities and Income Fund Common Stock,$10.52,0.07,0.67%,0.00,United States,2002,145596,Finance,Investment Managers
CHKP,Check Point Software Technologies Ltd. Ordinary Shares,$221.25,4.80,2.218%,23976535714.00,Israel,1996,793696,Technology,Computer Software: Prepackaged Software
CHMG,Chemung Financial Corp Common Stock,$48.47,-0.15,-0.309%,232187053.00,United States,,14434,Finance,Major Banks
CHMI,Cherry Hill Mortgage Investment Corporation Common Stock,$2.73,-0.30,-9.901%,89157566.00,,2013,785852,Real Estate,Real Estate Investment Trusts
CHMI^A,Cherry Hill Mortgage Investment Corporation 8.20% Series A Cumulative Redeemable Preferred Stock,$20.2899,-0.7638,-3.628%,,,,11663,,
CHMI^B,Cherry Hill Mortgage Investment Corporation 8.250% Series B Fixed-to-Floating Rate Cumulative Redeemable Preferred Stock,$23.71,-0.57,-2.348%,,,,4118,,
CHN,China Fund Inc. (The) Common Stock,$14.89,0.10,0.676%,0.00,United States,,16641,Finance,Investment Managers
CHNR,China Natural Resources Inc. Common Stock,$3.94,-0.12,-2.956%,4858891.00,Hong Kong,,9135,Basic Materials,Precious Metals
CHPG,ChampionsGate Acquisition Corporation Class A Ordinary Share,$10.00,-0.02,-0.20%,0.00,United States,2025,20997,,
CHPGR,ChampionsGate Acquisition Corporation Rights,$0.10,-0.06,-37.50%,0.00,United States,2025,26362,,
CHPGU,ChampionsGate Acquisition Corporation Unit,$10.17,0.00,0.00%,0.00,United States,2025,584,,
CHPT,ChargePoint Holdings Inc. Common Stock,$0.7033,-0.0333,-4.521%,324678220.00,United States,2019,15862584,Consumer Discretionary,Industrial Specialties
CHR,Cheer Holding Inc. Class A Ordinary Share,$1.46,-0.015,-1.017%,17717929.00,China,2018,68722,Technology,EDP Services
CHRD,Chord Energy Corporation Common Stock,$96.85,-1.85,-1.874%,5593547925.00,United States,,669081,Energy,Oil & Gas Production
CHRO,Channel Therapeutics Corporation Common Stock,$1.26,-0.09,-6.667%,8310771.00,,2024,297097,Health Care,Biotechnology: Biological Products (No Diagnostic Substances)
CHRS,Coherus Oncology Inc. Common Stock,$0.7313,-0.0118,-1.588%,84782005.00,United States,2014,1186123,Health Care,Biotechnology: Biological Products (No Diagnostic Substances)
CHRW,C.H. Robinson Worldwide Inc. Common Stock,$95.95,-0.71,-0.735%,11392203181.00,United States,1997,1110895,Consumer Discretionary,Oil Refining/Marketing
CHSCL,CHS Inc Class B Cumulative Redeemable Preferred Stock Series 4,$25.24,-0.12,-0.473%,309745356.00,United States,,343000,Industrials,Farming/Seeds/Milling
CHSCM,CHS Inc Class B Reset Rate Cumulative Redeemable Preferred Stock Series 3,$23.80,-0.29,-1.204%,292073671.00,United States,,283952,Industrials,Farming/Seeds/Milling
CHSCN,CHS Inc Preferred Class B Series 2 Reset Rate,$24.55,-0.12,-0.486%,301277674.00,United States,,262314,Industrials,Farming/Seeds/Milling
CHSCO,CHS Inc. Class B Cumulative Redeemable Preferred Stock,$25.91,-0.06,-0.231%,317967598.00,United States,,381189,Industrials,Farming/Seeds/Milling
CHSCP,CHS Inc. 8%  Cumulative Redeemable Preferred Stock,$27.55,-0.10,-0.362%,338093683.00,United States,,68002,Industrials,Farming/Seeds/Milling
CHSN,Chanson International Holding Class A Ordinary Shares,$0.1295,-0.0079,-5.75%,3535312.00,China,2023,4179163,Consumer Staples,Packaged Foods
CHT,Chunghwa Telecom Co. Ltd.,$46.61,-0.26,-0.555%,36157458370.00,Taiwan,,96284,Telecommunications,Telecommunications Equipment
CHTR,Charter Communications Inc. Class A Common Stock New,$408.81,7.84,1.955%,57382299640.00,United States,,1281847,Telecommunications,Cable & Other Pay Television Services
CHW,Calamos Global Dynamic Income Fund Common Stock,$7.13,0.07,0.992%,0.00,United States,2007,204372,Finance,Investment Managers
CHWY,Chewy Inc. Class A Common Stock,$42.62,-0.21,-0.49%,17696250370.00,United States,2019,6216917,Consumer Discretionary,Catalog/Specialty Distribution
CHX,ChampionX Corporation Common Stock ,$24.84,-0.12,-0.481%,4754376000.00,United States,,2566613,Industrials,Industrial Machinery/Components
CHY,Calamos Convertible and High Income Fund Common Stock,$10.99,0.09,0.826%,0.00,United States,2003,246886,Finance,Investment Managers
CHYM,Chime Financial Inc. Class A Common Stock,$34.51,1.45,4.386%,12576187276.00,United States,2025,5732182,Finance,Finance: Consumer Services
CI,The Cigna Group Common Stock,$330.58,4.27,1.309%,88311999716.00,United States,,4328581,Health Care,Medical Specialities
CIA,Citizens Inc. Class A Common Stock ($1.00 Par),$3.49,-0.21,-5.676%,175023381.00,United States,1994,357921,Finance,Life Insurance
CIB,Grupo Cibest S.A. American Depositary Shares each representing four Preferred Shares,$46.19,1.10,2.44%,5885813684.00,,2025,327499,Finance,Commercial Banks
CICB,CION Investment Corporation 7.50% Notes due 2029,$24.58,-0.25,-1.007%,0.00,United States,2024,65157,Finance,Finance/Investors Services
CIEN,Ciena Corporation Common Stock,$81.33,-0.79,-0.962%,11497395840.00,United States,1997,1822868,Utilities,Telecommunications Equipment
CIF,MFS Intermediate High Income Fund Common Stock,$1.74,0.005,0.288%,0.00,United States,,40506,Finance,Trusts Except Educational Religious and Charitable
CIFR,Cipher Mining Inc. Common Stock,$4.78,0.52,12.207%,1774399990.00,United States,2020,69490971,Finance,Finance: Consumer Services
CIFRW,Cipher Mining Inc. Warrant,$0.752,0.1705,29.321%,279152467.00,United States,2020,323933,Finance,Finance: Consumer Services
CIG,Comp En De Mn Cemig ADS American Depositary Shares,$1.96,0.05,2.618%,5609092514.00,Brazil,,2365559,Utilities,Electric Utilities: Central
CIGI,Colliers International Group Inc. Subordinate Voting Shares,$130.54,-0.11,-0.084%,6569076436.00,Canada,,74707,Finance,Real Estate
CIGL,Concorde International Group Ltd Class A Ordinary Shares,$14.71,5.09,52.911%,328421138.00,Singapore,2025,321322,Consumer Discretionary,Diversified Commercial Services
CII,BlackRock Enhanced Large Cap Core Fund Inc. Common Stock,$21.35,0.16,0.755%,3176078756.00,United States,2004,127153,Finance,Investment Bankers/Brokers/Service
CIIT,Tianci International Inc. Common Stock,$0.77,-1.115,-59.151%,12729488.00,Hong Kong,,1409289,Energy,Oil & Gas Production
CIK,Credit Suisse Asset Management Income Fund Inc. Common Stock,$2.96,0.015,0.509%,0.00,United States,,95926,Finance,Finance/Investors Services
CIM,Chimera Investment Corporation Common Stock,$13.87,-0.19,-1.351%,1123063470.00,United States,2007,740769,Real Estate,Real Estate Investment Trusts
CIM^A,Chimera Investment Corporation 8.00% Series A Cumulative Redeemable Preferred Stock,$22.25,0.20,0.907%,,United States,,15173,,
CIM^B,Chimera Investment Corporation 8.00% Series B Fixed-to-Floating Rate Cumulative Redeemable Preferred Stock,$24.42,-0.34,-1.373%,,United States,,246188,,
CIM^C,Chimera Investment Corporation 7.75% Series C Fixed-to-Floating Rate  Cumulative Redeemable  Preferred Stock,$22.57,-0.22,-0.965%,,United States,,158599,,
CIM^D,Chimera Investment Corporation 8.00% Series D Fixed-to-Floating Rate Cumulative Redeemable Preferred Stock,$24.08,-0.44,-1.794%,,United States,,166416,,
CIMN,Chimera Investment Corporation 9.000% Senior Notes due 2029,$25.11,-0.04,-0.159%,2022125777.00,United States,2024,14585,Real Estate,Real Estate Investment Trusts
CIMO,Chimera Investment Corporation 9.250% Senior Notes due 2029,$25.25,-0.20,-0.786%,0.00,United States,2024,7722,Real Estate,Real Estate Investment Trusts
CINF,Cincinnati Financial Corporation Common Stock,$148.92,2.69,1.84%,23276733601.00,United States,,721137,Finance,Property-Casualty Insurers
CING,Cingulate Inc. Common Stock,$4.07,0.02,0.494%,17280052.00,United States,2021,47367,Health Care,Biotechnology: Pharmaceutical Preparations
CINGW,Cingulate Inc. Warrants,$0.05,-0.01,-16.667%,212286.00,United States,2021,10756,Health Care,Biotechnology: Pharmaceutical Preparations
CINT,CI&T Inc Class A Common Shares,$5.97,0.20,3.466%,804053068.00,,2021,101326,Technology,EDP Services
CIO,City Office REIT Inc. Common Stock,$5.34,-0.08,-1.476%,215513002.00,Canada,2014,113982,Real Estate,Real Estate Investment Trusts
CIO^A,City Office REIT Inc. 6.625% Series A Cumulative Redeemable Preferred Stock,$19.44,0.46,2.424%,,Canada,,20750,,
CION,CION Investment Corporation Common Stock,$9.57,0.06,0.631%,504219030.00,United States,2021,296262,Finance,Finance/Investors Services
CISO,CISO Global Inc. Common Stock,$1.15,-0.03,-2.542%,36849412.00,United States,,607902,Consumer Discretionary,Professional Services
CISS,C3is Inc. Common Stock,$3.28,0.06,1.863%,2560919.00,Greece,,16102,Consumer Discretionary,Marine Transportation
CIVB,Civista Bancshares Inc. Common Stock,$23.20,-0.52,-2.192%,360042470.00,United States,,66502,Finance,Major Banks
CIVI,Civitas Resources Inc. Common Stock,$27.52,-0.48,-1.714%,2547798683.00,United States,2017,2413829,Energy,Oil & Gas Production
CIX,CompX International Inc. Common Stock,$26.57,-0.52,-1.92%,327304059.00,United States,1998,31851,Consumer Discretionary,Industrial Machinery/Components
CJET,Chijet Motor Company Inc. Ordinary Shares,$2.02,-0.16,-7.339%,65624801.00,Cayman Islands,,9925,Consumer Discretionary,Auto Manufacturing
CJMB,Callan JMB Inc. Common Stock,$5.125,0.175,3.535%,22773291.00,United States,2025,17876,Consumer Discretionary,Business Services
CKX,CKX Lands Inc. Common Stock,$10.70,0.17,1.614%,21968480.00,United States,2003,22751,Energy,Oil & Gas Production
CL,Colgate-Palmolive Company Common Stock,$90.90,2.19,2.469%,73667188726.00,United States,,7782728,Consumer Discretionary,Package Goods/Cosmetics
CLAR,Clarus Corporation Common Stock,$3.47,-0.11,-3.073%,133254329.00,United States,,140458,Consumer Discretionary,Recreational Games/Products/Toys
CLB,Core Laboratories Inc. Common Stock,$11.52,-0.22,-1.874%,540091411.00,Netherlands,2023,554600,Energy,Oilfield Services/Equipment
CLBK,Columbia Financial Inc. Common Stock,$14.51,-0.17,-1.158%,1522498910.00,United States,2018,123800,Finance,Savings Institutions
CLBR,Colombier Acquisition Corp. II Class A Ordinary Shares,$15.46,0.80,5.457%,0.00,,2024,1589406,,
CLBT,Cellebrite DI Ltd. Ordinary Shares,$16.00,0.17,1.074%,3831520992.00,Israel,,1961728,Technology,Computer Software: Prepackaged Software
CLCO,Cool Company Ltd. Common Shares,$6.70,-0.04,-0.593%,359969011.00,,2023,66697,Consumer Discretionary,Marine Transportation
CLDI,Calidi Biotherapeutics Inc. Common Stock,$0.23,0.0063,2.816%,7312293.00,,2021,469966,Health Care,Biotechnology: Biological Products (No Diagnostic Substances)
CLDT,Chatham Lodging Trust (REIT) Common Shares of Beneficial Interest,$6.97,-0.20,-2.789%,341420216.00,United States,2010,307295,Real Estate,Real Estate Investment Trusts
CLDT^A,Chatham Lodging Trust (REIT) 6.625% Series A Cumulative Redeemable Preferred Shares of Beneficial Interest,$19.80,-0.70,-3.415%,,United States,,22062,,
CLDX,Celldex Therapeutics Inc.,$20.35,0.06,0.296%,1351122804.00,United States,,1450999,Health Care,Biotechnology: In Vitro & In Vivo Diagnostic Substances
CLF,Cleveland-Cliffs Inc. Common Stock,$7.60,0.18,2.426%,3759387143.00,United States,,31730849,Basic Materials,Metal Mining
CLFD,Clearfield Inc. Common Stock,$43.41,0.92,2.165%,600401540.00,United States,,140548,Utilities,Telecommunications Equipment
CLGN,CollPlant Biotechnologies Ltd Ordinary Shares,$1.36,-0.02,-1.449%,15578136.00,Israel,,63455,Health Care,Industrial Specialties
CLH,Clean Harbors Inc. Common Stock,$231.18,0.13,0.056%,12386532159.00,United States,,224513,Industrials,Environmental Services
CLIK,Click Holdings Limited Class A Ordinary Share,$0.4188,-0.0465,-9.994%,6240120.00,Hong Kong,2024,1207326,Consumer Discretionary,Diversified Commercial Services
CLIR,ClearSign Technologies Corporation Common Stock (DE),$0.5599,0.0001,0.018%,29351376.00,United States,2012,23453,Industrials,Industrial Machinery/Components
CLLS,Cellectis S.A. American Depositary Shares,$1.525,0.075,5.172%,109943156.00,France,2015,55219,Health Care,Biotechnology: Pharmaceutical Preparations
CLM,Cornerstone Strategic Investment Fund Inc. Common Shares,$8.12,0.14,1.754%,0.00,United States,2003,2577156,Finance,Finance/Investors Services
CLMB,Climb Global Solutions Inc. Common Stock,$106.91,3.58,3.465%,492038521.00,United States,,157955,Technology,Retail: Computer Software & Peripheral Equipment
CLMT,Calumet Inc. Common Stock,$15.755,0.225,1.449%,1364721260.00,United States,2006,1052786,Energy,Integrated oil Companies
CLNE,Clean Energy Fuels Corp. Common Stock,$1.95,0.06,3.175%,430914734.00,United States,2007,2732460,Utilities,Natural Gas Distribution
CLNN,Clene Inc. Common Stock,$3.91,0.15,3.989%,35122541.00,United States,,65375,Health Care,Biotechnology: Pharmaceutical Preparations
CLNNW,Clene Inc. Warrant,$0.022,-0.0104,-32.099%,197620.00,United States,,10175,Health Care,Biotechnology: Pharmaceutical Preparations
CLOV,Clover Health Investments Corp. Class A Common Stock,$2.79,0.03,1.087%,1419877261.00,United States,,7398916,Health Care,Medical Specialities
CLPR,Clipper Realty Inc. Common Stock,$3.67,-0.07,-1.872%,59257824.00,United States,2017,69562,Real Estate,Real Estate Investment Trusts
CLPS,CLPS Incorporation Common Stock,$0.93,0.008,0.868%,25891822.00,China,2018,1502,Technology,Computer Software: Prepackaged Software
CLPT,ClearPoint Neuro Inc. Common Stock,$11.94,0.14,1.186%,334190976.00,United States,,550213,Health Care,Medical/Dental Instruments
CLRB,Cellectar Biosciences Inc.  Common Stock,$7.11,-0.79,-10.00%,12883604.00,United States,,126514,Health Care,Biotechnology: Pharmaceutical Preparations
CLRO,ClearOne Inc. (DE) Common Stock,$5.75,0.23,4.167%,9963980.00,United States,,515972,Utilities,Telecommunications Equipment
CLS,Celestica Inc. Common Stock,$156.11,3.44,2.253%,17951397998.00,Canada,1998,2803653,Technology,Electrical Products
CLSD,Clearside Biomedical Inc. Common Stock,$0.80,0.03,3.896%,62166829.00,United States,2016,102130,Health Care,Biotechnology: Pharmaceutical Preparations
CLSK,CleanSpark Inc. Common Stock,$11.03,0.36,3.374%,3098810732.00,United States,,31160266,Finance,Finance: Consumer Services
CLSKW,CleanSpark Inc. Warrant,$0.4252,0.0252,6.30%,119457328.00,United States,,129336,Finance,Finance: Consumer Services
CLST,Catalyst Bancorp Inc. Common Stock,$12.39,-0.09,-0.721%,51797609.00,United States,2021,2244,Finance,Savings Institutions
CLVT,Clarivate Plc Ordinary Shares,$4.30,-0.01,-0.232%,2937273644.00,United Kingdom,2019,3565482,Technology,EDP Services
CLW,Clearwater Paper Corporation Common Stock,$27.24,-0.69,-2.47%,442803279.00,United States,,385459,Basic Materials,Paper
CLWT,Euro Tech Holdings Company Limited Common Stock,$1.12,-0.03,-2.609%,8530865.00,Hong Kong,1997,3838,Consumer Discretionary,Professional and commerical equipment
CLX,Clorox Company (The) Common Stock,$120.07,0.93,0.781%,14798964536.00,United States,,2136096,Consumer Discretionary,Specialty Chemicals
CLYM,Climb Bio Inc. Common Stock,$1.24,0.06,5.085%,83793951.00,United States,2021,183161,Health Care,Biotechnology: Pharmaceutical Preparations
CM,Canadian Imperial Bank of Commerce Common Stock,$70.83,1.15,1.65%,66168718356.00,Canada,,1887713,Finance,Commercial Banks
CMA,Comerica Incorporated Common Stock,$59.65,0.19,0.32%,7838774952.00,United States,,1233556,Finance,Major Banks
CMBM,Cambium Networks Corporation Ordinary Shares,$0.405,0.024,6.299%,11438742.00,Cayman Islands,2019,308031,Technology,Radio And Television Broadcasting And Communications Equipment
CMBT,CMB.TECH NV Ordinary Shares,$9.02,-0.19,-2.063%,1984622911.00,,2015,58473,Consumer Discretionary,Marine Transportation
CMC,Commercial Metals Company Common Stock,$48.91,-1.11,-2.219%,5474522222.00,United States,,1100757,Industrials,Steel/Iron Ore
CMCL,Caledonia Mining Corporation Plc Common Shares,$19.32,0.03,0.156%,372775227.00,Canada,,125657,Basic Materials,Precious Metals
CMCM,Cheetah Mobile Inc. American Depositary Shares each representing fifty (50) Class A Ordinary Shares,$4.68,0.08,1.739%,3590810112.00,China,2022,47574,Technology,Computer Software: Prepackaged Software
CMCO,Columbus McKinnon Corporation Common Stock,$15.27,-0.16,-1.037%,437214290.00,United States,1996,343913,Industrials,Construction/Ag Equipment/Trucks
CMCSA,Comcast Corporation Class A Common Stock,$35.69,0.37,1.048%,133255893155.00,United States,,18489762,Telecommunications,Cable & Other Pay Television Services
CMCT,Creative Media & Community Trust Corporation Common stock,$8.04,-0.81,-9.153%,6067040.00,United States,,9505,Real Estate,Real Estate Investment Trusts
CMDB,Costamare Bulkers Holdings Limited Common Stock,$8.67,-0.38,-4.199%,209846469.00,,2025,143448,,
CME,CME Group Inc. Class A Common Stock,$275.62,0.86,0.313%,99322215107.00,United States,2002,2473005,Finance,Investment Bankers/Brokers/Service
CMG,Chipotle Mexican Grill Inc. Common Stock,$56.15,1.10,1.998%,75654488600.00,United States,2006,15305160,Consumer Discretionary,Restaurants
CMI,Cummins Inc. Common Stock,$327.50,1.78,0.546%,45114728768.00,United States,,878889,Industrials,Industrial Machinery/Components
CMMB,Chemomab Therapeutics Ltd. American Depositary Share,$1.16,-0.01,-0.855%,21873669.00,Israel,2019,88658,Health Care,Biotechnology: Pharmaceutical Preparations
CMND,Clearmind Medicine Inc. Common Shares,$0.90,0.011,1.237%,3944912.00,Canada,,97875,Health Care,Biotechnology: Pharmaceutical Preparations
CMP,Compass Minerals Intl Inc Common Stock,$20.09,0.06,0.30%,836156287.00,United States,2003,798396,Industrials,Mining & Quarrying of Nonmetallic Minerals (No Fuels)
CMPO,CompoSecure Inc. Class A Common Stock,$14.09,-0.08,-0.565%,1441658535.00,United States,2020,1016997,Finance,Finance: Consumer Services
CMPOW,CompoSecure Inc. Warrant,$6.25,-0.10,-1.575%,639486575.00,United States,2020,5732,Finance,Finance: Consumer Services
CMPR,Cimpress plc Ordinary Shares (Ireland),$47.00,0.20,0.427%,1169302284.00,Netherlands,2005,440323,Consumer Discretionary,Publishing
CMPS,COMPASS Pathways Plc American Depository Shares,$2.80,0.03,1.083%,261972908.00,United Kingdom,2020,2875358,Health Care,Biotechnology: Pharmaceutical Preparations
CMPX,Compass Therapeutics Inc. Common Stock,$2.60,0.04,1.563%,359534495.00,United States,,445907,Health Care,Biotechnology: Biological Products (No Diagnostic Substances)
CMRE,Costamare Inc. Common Stock $0.0001 par value,$9.11,-0.13,-1.407%,1092849165.00,Greece,2010,440020,Consumer Discretionary,Marine Transportation
CMRE^B,Costamare Inc. Perpetual Preferred Stock Series B (Marshall Islands),$25.09,0.12,0.481%,,Greece,,7853,,
CMRE^C,Costamare Inc. Perpetual Preferred Series C (Marshall Islands),$26.40,0.48,1.852%,,Greece,,5750,,
CMRE^D,Costamare Inc. 8.75% Series D Cumulative Redeemable Perpetual Preferred Stock,$26.4858,0.0058,0.022%,,Greece,,2233,,
CMS,CMS Energy Corporation Common Stock,$69.28,0.27,0.391%,20723293054.00,United States,,2744689,Utilities,Power Generation
CMS^B,CMS Energy Corporation Preferred Stock,$76.00,0.0001,0.00%,,United States,,634,,
CMS^C,CMS Energy Corporation Depositary Shares each representing a 1/1000th interest in a share of 4.200% Cumulative Redeemable Perpetual Preferred Stock Series C,$17.16,0.00,0.00%,,United States,,34166,,
CMSA,CMS Energy Corporation 5.625% Junior Subordinated Notes due 2078,$21.38,0.07,0.328%,6395265668.00,United States,2018,15718,Utilities,Power Generation
CMSC,CMS Energy Corporation 5.875% Junior Subordinated Notes due 2078,$22.03,-0.46,-2.045%,6589696102.00,United States,2018,68123,Utilities,Power Generation
CMSD,CMS Energy Corporation 5.875% Junior Subordinated Notes due 2079,$22.20,-0.21,-0.937%,6640547139.00,United States,2019,164756,Utilities,Power Generation
CMT,Core Molding Technologies Inc Common Stock,$16.59,-0.27,-1.601%,149177861.00,United States,1996,44692,Industrials,Plastic Products
CMTG,Claros Mortgage Trust Inc. Common Stock,$2.85,-0.04,-1.384%,397183572.00,United States,2021,857442,Finance,Real Estate
CMTL,Comtech Telecommunications Corp. Common Stock,$2.45,-0.01,-0.407%,72018394.00,United States,,58064,Technology,Radio And Television Broadcasting And Communications Equipment
CMU,MFS Municipal Income Trust Common Stock,$3.33,0.00,0.00%,94323296.00,United States,1987,133175,Finance,Investment Managers
CNA,CNA Financial Corporation Common Stock,$46.53,0.03,0.065%,12592035378.00,United States,,617527,Finance,Property-Casualty Insurers
CNC,Centene Corporation Common Stock,$54.28,0.29,0.537%,27009890840.00,United States,,5444367,Health Care,Medical Specialities
CNCK,Coincheck Group N.V. Ordinary Shares,$5.47,0.44,8.748%,709475826.00,Netherlands,,134322,Finance,Finance: Consumer Services
CNCKW,Coincheck Group N.V. Warrants,$0.87,-0.01,-1.136%,112841676.00,Netherlands,,2813,Finance,Finance: Consumer Services
CNDT,Conduent Incorporated Common Stock ,$2.64,0.00,0.00%,427231564.00,United States,,985582,Consumer Discretionary,Business Services
CNET,ZW Data Action Technologies Inc. Common Stock,$1.51,0.13,9.42%,3474820.00,China,,44114,Technology,Computer Software: Programming Data Processing
CNEY,CN Energy Group Inc. Class A Ordinary Shares,$2.75,0.03,1.103%,8277500.00,China,2021,11936,Industrials,Major Chemicals
CNF,CNFinance Holdings Limited American Depositary Shares each representing  twenty (20) Ordinary Shares,$0.65,0.023,3.668%,44578405.00,,2018,58224,Finance,Finance: Consumer Services
CNFR,Conifer Holdings Inc. Common Stock,$0.725,-0.0642,-8.135%,8861589.00,United States,2015,1132,Finance,Property-Casualty Insurers
CNFRZ,Conifer Holdings Inc. 9.75% Senior Unsecured Notes due 2028,$19.95,0.00,0.00%,243846476.00,United States,,128,Finance,Property-Casualty Insurers
CNH,CNH Industrial N.V. Common Shares,$12.96,-0.07,-0.537%,16192633964.00,United Kingdom,2013,18487591,Industrials,Construction/Ag Equipment/Trucks
CNI,Canadian National Railway Company Common Stock,$104.04,0.69,0.668%,65285100000.00,Canada,,1418335,Industrials,Railroads
CNK,Cinemark Holdings Inc Cinemark Holdings Inc. Common Stock,$30.18,0.08,0.266%,3471050390.00,United States,2007,5197454,Consumer Discretionary,Movies/Entertainment
CNL,Collective Mining Ltd. Common Shares,$10.94,0.44,4.19%,928230107.00,,2024,54815,,
CNM,Core & Main Inc. Class A Common Stock,$60.35,-0.01,-0.017%,11896626882.00,United States,2021,1824654,Consumer Discretionary,Durable Goods
CNMD,CONMED Corporation Common Stock,$52.08,-0.09,-0.173%,1611348169.00,United States,1987,280309,Health Care,Biotechnology: Electromedical & Electrotherapeutic Apparatus
CNNE,Cannae Holdings Inc. Common Stock,$20.85,0.13,0.627%,1309755321.00,United States,2017,527627,Consumer Discretionary,Restaurants
CNO,CNO Financial Group Inc. Common Stock,$38.58,0.13,0.338%,3824875212.00,United States,,712751,Finance,Accident &Health Insurance
CNO^A,CNO Financial Group Inc. 5.125% Subordinated Debentures due 2060,$17.23,-0.18,-1.034%,,United States,,31598,,
CNOB,ConnectOne Bancorp Inc. Common Stock,$23.16,-0.24,-1.026%,890964621.00,United States,,235612,Finance,Major Banks
CNOBP,ConnectOne Bancorp Inc. Depositary Shares each representing a 1/40th interest in a share of 5.25% Fixed-Rate Reset Non-Cumulative Perpetual Preferred Stock Series A,$22.61,-0.3585,-1.561%,869806135.00,United States,,49803,Finance,Major Banks
CNP,CenterPoint Energy Inc (Holding Co) Common Stock,$36.74,0.37,1.017%,23981241343.00,United States,,6042502,Utilities,Electric Utilities: Central
CNQ,Canadian Natural Resources Limited Common Stock,$31.40,-0.05,-0.159%,65728866400.00,Canada,,3705445,Energy,Oil & Gas Production
CNR,Core Natural Resources Inc. Common Stock,$69.74,1.90,2.801%,3672513700.00,United States,2017,1493131,Energy,Coal Mining
CNS,Cohen & Steers Inc Common Stock,$75.35,-2.76,-3.533%,3841279480.00,United States,2004,374184,Finance,Investment Managers
CNSP,CNS Pharmaceuticals Inc. Common Stock,$0.825,-0.054,-6.143%,4506110.00,United States,2019,98987,Health Care,Biotechnology: Pharmaceutical Preparations
CNTA,Centessa Pharmaceuticals plc American Depositary Shares,$13.14,0.01,0.076%,1755750690.00,United Kingdom,2021,1137853,Health Care,Biotechnology: Pharmaceutical Preparations
CNTB,Connect Biopharma Holdings Limited American Depositary Shares,$0.98,-0.02,-2.00%,54449835.00,China,2021,116529,Health Care,Biotechnology: Pharmaceutical Preparations
CNTX,Context Therapeutics Inc. Common Stock,$0.6552,-0.005,-0.757%,58774188.00,United States,2021,161433,Health Care,Biotechnology: Pharmaceutical Preparations
CNTY,Century Casinos Inc. Common Stock,$2.115,-0.265,-11.134%,64893705.00,United States,,219291,Consumer Discretionary,Hotels/Resorts
CNVS,Cineverse Corp. Class A Common Stock,$4.78,-0.02,-0.417%,76382287.00,United States,,1156637,Consumer Discretionary,Consumer Electronics/Video Chains
CNX,CNX Resources Corporation Common Stock,$33.68,-0.11,-0.326%,4874261580.00,United States,1999,2338471,Energy,Oil & Gas Production
CNXC,Concentrix Corporation Common Stock,$52.855,1.145,2.214%,3376561177.00,United States,,892875,Technology,Computer Software: Prepackaged Software
CNXN,PC Connection Inc. Common Stock,$65.78,-0.26,-0.394%,1670630316.00,United States,,85926,Consumer Discretionary,Catalog/Specialty Distribution
COCH,Envoy Medical Inc. Class A Common Stock,$1.42,-0.11,-7.19%,30283799.00,United States,2021,20359,Health Care,Industrial Specialties
COCHW,Envoy Medical Inc Warrant,$0.0353,-0.016,-31.189%,752830.00,United States,2021,1197,Health Care,Industrial Specialties
COCO,The Vita Coco Company Inc. Common Stock,$36.10,0.86,2.44%,2048081949.00,United States,2021,957055,Consumer Staples,Beverages (Production/Distribution)
COCP,Cocrystal Pharma Inc. Common Stock,$1.49,0.00,0.00%,15158947.00,United States,,19591,Health Care,Biotechnology: Pharmaceutical Preparations
CODA,Coda Octopus Group Inc. Common stock,$8.18,0.14,1.741%,91881965.00,United States,,58546,Industrials,Industrial Machinery/Components
CODI,D/B/A Compass Diversified Holdings Shares of Beneficial Interest,$6.28,0.14,2.28%,472481866.00,United States,2006,1060531,Consumer Discretionary,Home Furnishings
CODI^A,Compass Diversified Holdings 7.250% Series A Preferred Shares representing beneficial interest in Compass Diversified Holdings,$16.73,-0.43,-2.506%,,United States,,56959,,
CODI^B,Compass Diversified Holdings 7.875% Series B Fixed-to-Floating Rate Cumulative Preferred Shares representing beneficial interests in Compass Diversified Holdings,$18.58,-0.04,-0.215%,,United States,,149061,,
CODI^C,Compass Diversified Holdings 7.875% Series C Cumulative Preferred Shares,$18.85,0.24,1.29%,,United States,,44054,,
CODX,Co-Diagnostics Inc. Common Stock,$0.2802,0.0177,6.743%,9446251.00,United States,2017,194229,Health Care,Medical/Dental Instruments
COE,51Talk Online Education Group American depositary shares each representing 60 Class A ordinary shares,$33.00,0.00,0.00%,193362675.00,China,2016,11647,Real Estate,Other Consumer Services
COEP,Coeptis Therapeutics Holdings Inc. Common Stock,$7.80,0.02,0.257%,27407936.00,United States,2020,81176,Health Care,Biotechnology: Biological Products (No Diagnostic Substances)
COEPW,Coeptis Therapeutics Holdings Inc. Warrants,$0.0288,-0.0001,-0.346%,101199.00,United States,2020,5188,Health Care,Biotechnology: Biological Products (No Diagnostic Substances)
COF,Capital One Financial Corporation Common Stock,$212.76,1.75,0.829%,81516346415.00,United States,1994,6401027,Finance,Major Banks
COF^I,Capital One Financial Corporation Depositary shares each representing a 1/40th interest in a share of Fixed Rate Non-Cumulative Perpetual Preferred Stock Series I of the Issuer,$18.90,0.10,0.532%,,United States,,390733,,
COF^J,Capital One Financial Corporation Depositary Shares Each Representing a 1/40th Interest in a Share of Fixed Rate Non- Cumulative Perpetual Preferred Stock Series J,$17.77,-0.10,-0.56%,,United States,,292233,,
COF^K,Capital One Financial Corporation Depositary Shares Each Representing a 1/40th Ownership Interest in a Share of Fixed Rate Non-Cumulative Perpetual Preferred Stock Series K,$17.49,0.08,0.46%,,United States,,10837,,
COF^L,Capital One Financial Corporation Depositary Shares Each Representing a 1/40th Interest in a Share of Fixed Rate Non-Cumulative Perpetual Preferred Stock Series L,$16.37,-0.08,-0.486%,,United States,,147285,,
COF^N,Capital One Financial Corporation Depositary Shares Each Representing a 1/40th Ownership Interest in a Share of Fixed Rate Non-Cumulative Perpetual Preferred Stock Series N,$16.35,-0.08,-0.487%,,United States,,69019,,
COFS,ChoiceOne Financial Services Inc. Common Stock,$28.70,-0.37,-1.273%,430048061.00,United States,,111382,Finance,Major Banks
COGT,Cogent Biosciences Inc. Common Stock,$7.18,0.08,1.127%,817489340.00,United States,2018,1984887,Health Care,Biotechnology: Pharmaceutical Preparations
COHN,Cohen & Company Inc.,$9.93,0.065,0.659%,20402913.00,United States,,6193,Finance,Investment Bankers/Brokers/Service
COHR,Coherent Corp. Common Stock,$89.21,1.98,2.27%,13866856907.00,United States,,3083334,Technology,Electronic Components
COHU,Cohu Inc. Common Stock,$19.24,-0.14,-0.722%,894711756.00,United States,,263620,Industrials,Electrical Products
COIN,Coinbase Global Inc. Class A Common Stock,$350.49,-2.94,-0.832%,89271542832.00,United States,,11171948,Finance,Finance: Consumer Services
COKE,Coca-Cola Consolidated Inc. Common Stock,$111.65,0.20,0.179%,9733405836.00,United States,1972,916276,Consumer Staples,Beverages (Production/Distribution)
COLA,Columbus Acquisition Corp Ordinary Shares,$10.1362,0.0162,0.16%,0.00,Singapore,2025,327,,
COLAR,Columbus Acquisition Corp Rights,$0.1842,-0.0357,-16.235%,0.00,Singapore,2025,6908,,
COLB,Columbia Banking System Inc. Common Stock,$23.38,0.05,0.214%,4914494657.00,United States,1992,2379336,Finance,Savings Institutions
COLD,Americold Realty Trust Inc. Common Stock,$16.63,-0.24,-1.423%,4734986279.00,United States,2018,3340224,Real Estate,Real Estate Investment Trusts
COLL,Collegium Pharmaceutical Inc. Common Stock,$29.57,-0.36,-1.203%,950444617.00,United States,2015,271079,Health Care,Biotechnology: Pharmaceutical Preparations
COLM,Columbia Sportswear Company Common Stock,$61.08,-0.35,-0.57%,3343757290.00,United States,1998,534949,Consumer Discretionary,Apparel
COMM,CommScope Holding Company Inc. Common Stock,$8.28,0.08,0.976%,1793423475.00,United States,2013,7820614,Technology,Radio And Television Broadcasting And Communications Equipment
COMP,Compass Inc. Class A Common Stock,$6.28,-0.13,-2.028%,3273427160.00,United States,2021,6953533,Technology,EDP Services
CON,Concentra Group Holdings Parent Inc. Common Stock,$20.57,-0.58,-2.742%,2636497053.00,United States,2024,974986,Health Care,Medical Specialities
COO,The Cooper Companies Inc. Common Stock,$71.16,0.02,0.028%,14197309785.00,United States,,2153474,Health Care,Ophthalmic Goods
COOK,Traeger Inc. Common Stock,$1.71,0.02,1.183%,232030338.00,United States,2021,201841,Consumer Discretionary,Consumer Electronics/Appliances
COOP,Mr. Cooper Group Inc. Common Stock,$149.21,-0.01,-0.007%,9547259893.00,United States,,991654,Finance,Finance: Consumer Services
COOT,Australian Oilseeds Holdings Limited Ordinary Shares,$0.75,-0.05,-6.25%,20923904.00,Australia,,43470,Consumer Staples,Packaged Foods
COOTW,Australian Oilseeds Holdings Limited Warrant,$0.0215,0.00,0.00%,599819.00,Australia,,40,Consumer Staples,Packaged Foods
COP,ConocoPhillips Common Stock,$89.74,-0.43,-0.477%,113288675733.00,United States,,6485910,Energy,Integrated oil Companies
COPL,Copley Acquisition Corp Ordinary Shares,$10.07,0.02,0.199%,0.00,,2025,246660,,
COR,Cencora Inc. Common Stock,$299.85,0.43,0.144%,58117972577.00,United States,,1284615,Health Care,Other Pharmaceuticals
CORT,Corcept Therapeutics Incorporated Common Stock,$73.40,0.18,0.246%,7783680686.00,United States,2004,1008700,Health Care,Biotechnology: Pharmaceutical Preparations
CORZ,Core Scientific Inc. Common Stock,$17.07,0.42,2.523%,5083818723.00,United States,,24342038,Finance,Finance: Consumer Services
CORZW,Core Scientific Inc. Tranche 1 Warrants,$10.84,0.35,3.337%,3228388691.00,United States,,462104,Finance,Finance: Consumer Services
CORZZ,Core Scientific Inc. Tranche 2 Warrants,$17.21,0.62,3.737%,5125513780.00,United States,,360782,Finance,Finance: Consumer Services
COSM,Cosmos Health Inc. Common Stock,$0.42,-0.0069,-1.616%,12075597.00,United States,,161134,Health Care,Other Pharmaceuticals
COST,Costco Wholesale Corporation Common Stock,$989.94,4.80,0.487%,439015706515.00,United States,,2125761,Consumer Discretionary,Department/Specialty Retail Stores
COTY,Coty Inc. Class A Common Stock,$4.65,0.04,0.868%,4056148314.00,United States,2013,6917521,Consumer Discretionary,Package Goods/Cosmetics
COUR,Coursera Inc. Common Stock,$8.76,0.01,0.114%,1413864000.00,United States,2021,1361312,Technology,Computer Software: Prepackaged Software
COYA,Coya Therapeutics Inc. Common Stock,$5.75,-0.10,-1.709%,96168739.00,United States,2022,111011,Health Care,Biotechnology: Pharmaceutical Preparations
CP,Canadian Pacific Kansas City Limited Common Shares,$79.27,0.96,1.226%,73968829451.00,Canada,,2908335,Industrials,Railroads
CPA,Copa Holdings S.A. Class A Common Stock,$109.97,1.93,1.786%,4527789971.00,Panama,2005,360569,Consumer Discretionary,Air Freight/Delivery Services
CPAC,Cementos Pacasmayo S.A.A. American Depositary Shares (Each representing five Common Shares),$5.9499,-0.0501,-0.835%,504394978.00,Peru,,13107,Industrials,Building Materials
CPAY,Corpay Inc. Common Stock,$331.82,4.78,1.462%,23391136911.00,United States,,441231,Consumer Discretionary,Business Services
CPB,The Campbell's Company Common Stock,$30.65,-0.14,-0.455%,9137683642.00,United States,,6770163,Consumer Staples,Packaged Foods
CPBI,Central Plains Bancshares Inc. Common Stock,$15.1218,-0.0782,-0.514%,63875663.00,United States,2023,3423,Finance,Savings Institutions
CPF,Central Pacific Financial Corp New,$28.03,0.23,0.827%,756135262.00,United States,,212163,Finance,Major Banks
CPHC,Canterbury Park Holding Corporation 'New' Common Stock,$18.85,0.10,0.533%,95344959.00,United States,,16500,Consumer Discretionary,Services-Misc. Amusement & Recreation
CPHI,China Pharma Holdings Inc. Common Stock,$1.79,-0.036,-1.972%,5838984.00,China,,33323,Health Care,Biotechnology: Pharmaceutical Preparations
CPIX,Cumberland Pharmaceuticals Inc. Common Stock,$3.35,0.75,28.846%,50119809.00,United States,2009,293136,Health Care,Biotechnology: Pharmaceutical Preparations
CPK,Chesapeake Utilities Corporation Common Stock,$120.22,-0.61,-0.505%,2804414979.00,United States,,153086,Utilities,Oil & Gas Production
CPNG,Coupang Inc. Class A Common Stock,$29.96,-0.85,-2.759%,54395766199.00,United States,2021,15670340,Consumer Discretionary,Catalog/Specialty Distribution
CPOP,Pop Culture Group Co. Ltd Class A Ordinary Shares,$0.5391,0.016,3.059%,8053637.00,China,2021,82465,Consumer Discretionary,Services-Misc. Amusement & Recreation
CPRI,Capri Holdings Limited Ordinary Shares,$17.70,0.12,0.683%,2087194514.00,Hong Kong,2011,2395510,Consumer Discretionary,Apparel
CPRT,Copart Inc. (DE) Common Stock,$49.07,0.89,1.847%,47447560021.00,United States,1994,7673204,Consumer Discretionary,Retail-Auto Dealers and Gas Stations
CPRX,Catalyst Pharmaceuticals Inc. Common Stock,$21.70,-0.08,-0.367%,2646860798.00,United States,2006,1762703,Health Care,Biotechnology: Pharmaceutical Preparations
CPS,Cooper-Standard Holdings Inc. Common Stock,$21.50,-0.28,-1.286%,377285161.00,United States,,120923,Consumer Discretionary,Auto Parts:O.E.M.
CPSH,CPS Technologies Corp. Common Stock,$2.77,-0.03,-1.071%,40236909.00,United States,,52095,Consumer Discretionary,Building Materials
CPSS,Consumer Portfolio Services Inc. Common Stock,$9.83,-0.25,-2.48%,211932785.00,United States,1992,26261,Finance,Finance: Consumer Services
CPT,Camden Property Trust Common Stock,$112.69,-1.07,-0.941%,12039570614.00,United States,1993,2825460,Real Estate,Real Estate Investment Trusts
CPZ,Calamos Long/Short Equity & Dynamic Income Trust Common Stock,$16.23,0.12,0.745%,318630509.00,United States,2019,54139,Finance,Trusts Except Educational Religious and Charitable
CQP,Cheniere Energy Partners LP Common Units,$56.05,0.37,0.665%,27130897294.00,United States,2007,115417,Utilities,Oil/Gas Transmission
CR,Crane Company Common Stock,$189.89,1.50,0.796%,10918900779.00,United States,2023,473076,Industrials,Metal Fabrications
CRAI,CRA International Inc. Common Stock,$187.37,0.34,0.182%,1275778347.00,United States,1998,85347,Consumer Discretionary,Other Consumer Services
CRAQ,Cal Redwood Acquisition Corp. Class A Ordinary Shares,$9.97,-0.029,-0.29%,0.00,United States,2025,364650,Finance,Blank Checks
CRAQR,Cal Redwood Acquisition Corp. Right,$0.27,0.00,0.00%,0.00,United States,2025,3200,Finance,Blank Checks
CRAQU,Cal Redwood Acquisition Corp. Units,$10.26,0.005,0.049%,0.00,United States,2025,7761,Finance,Blank Checks
CRBD,Corebridge Financial Inc. 6.375% Junior Subordinated Notes due 2064,$23.00,-0.10,-0.433%,0.00,United States,2024,136137,Finance,Life Insurance
CRBG,Corebridge Financial Inc. Common Stock,$35.50,-0.33,-0.921%,19534428055.00,United States,2022,3438900,Finance,Life Insurance
CRBP,Corbus Pharmaceuticals Holdings Inc. Common Stock,$6.90,-0.50,-6.757%,84433692.00,United States,,328960,Health Care,Biotechnology: Pharmaceutical Preparations
CRBU,Caribou Biosciences Inc. Common Stock,$1.26,0.00,0.00%,117185799.00,United States,2021,843670,Health Care,Biotechnology: Biological Products (No Diagnostic Substances)
CRC,California Resources Corporation Common Stock,$45.67,0.00,0.00%,4072623803.00,United States,2020,1092972,Energy,Oil & Gas Production
CRCL,Circle Internet Group Inc. Class A Common Stock,$181.29,0.86,0.477%,39981717448.00,,2025,34121294,Finance,Finance: Consumer Services
CRCT,Cricut Inc. Class A Common Stock,$6.77,0.28,4.314%,1433740777.00,United States,2021,1047750,Technology,Industrial Machinery/Components
CRD/A,Crawford & Company,$10.58,-0.05,-0.47%,,United States,,61473,,
CRD/B,Crawford & Company,$10.4466,0.2566,2.518%,,United States,,2605,,
CRDF,Cardiff Oncology Inc. Common Stock,$3.15,0.00,0.00%,209556440.00,United States,,1035360,Health Care,Biotechnology: Biological Products (No Diagnostic Substances)
CRDL,Cardiol Therapeutics Inc. Class A Common Shares,$1.36,-0.05,-3.546%,112403626.00,Canada,,209951,Health Care,Biotechnology: Biological Products (No Diagnostic Substances)
CRDO,Credo Technology Group Holding Ltd Ordinary Shares,$92.59,-0.90,-0.963%,15721894589.00,United States,2022,3982747,Technology,Semiconductors
CREG,Smart Powerr Corp. Common Stock,$0.2329,-0.0001,-0.043%,5808251.00,China,,610157,Consumer Discretionary,Business Services
CRESW,Cresud S.A.C.I.F. y A. Warrant,$0.84,-0.01,-1.176%,500938469.00,Argentina,,14831,Finance,Real Estate
CRESY,Cresud S.A.C.I.F. y A. American Depositary Shares,$10.76,-0.09,-0.829%,641678324.00,Argentina,1997,254082,Finance,Real Estate
CREV,Carbon Revolution Public Limited Ordinary Shares,$2.82,-0.035,-1.226%,5316219.00,Ireland,,124985,Consumer Discretionary,Auto Parts:O.E.M.
CREVW,Carbon Revolution Public Limited Company Warrant,$0.0176,-0.0024,-12.00%,33179.00,Ireland,,3000,Consumer Discretionary,Auto Parts:O.E.M.
CREX,Creative Realities Inc. Common Stock,$3.37,0.17,5.313%,35448801.00,United States,,138391,Technology,EDP Services
CRF,Cornerstone Total Return Fund Inc. (The) Common Stock,$7.75,0.15,1.974%,0.00,United States,2003,1251916,Finance,Finance/Investors Services
CRGO,Freightos Limited Ordinary shares,$2.43,-0.09,-3.571%,121603856.00,Israel,,99658,Consumer Discretionary,Oil Refining/Marketing
CRGOW,Freightos Limited Warrants,$0.1992,-0.0017,-0.846%,9968514.00,Israel,,104,Consumer Discretionary,Oil Refining/Marketing
CRGX,CARGO Therapeutics Inc. Common Stock,$4.12,-0.07,-1.671%,189987014.00,United States,2023,218590,,
CRGY,Crescent Energy Company Class A Common Stock,$8.60,-0.35,-3.911%,2195119805.00,United States,2021,3391360,Energy,Oil & Gas Production
CRH,CRH PLC Ordinary Shares,$91.80,0.28,0.306%,61893688567.00,Ireland,,4242323,Industrials,Building Materials
CRI,Carter's Inc. Common Stock,$30.13,0.08,0.266%,1097974019.00,United States,2003,1217432,Consumer Discretionary,Apparel
CRIS,Curis Inc. Common Stock,$2.32,0.15,6.912%,24272420.00,United States,,205653,Health Care,Biotechnology: Biological Products (No Diagnostic Substances)
CRK,Comstock Resources Inc. Common Stock,$27.67,-1.09,-3.79%,8105035747.00,United States,,3012930,Energy,Oil & Gas Production
CRL,Charles River Laboratories International Inc. Common Stock,$151.73,1.72,1.147%,7452326982.00,United States,2000,857009,Health Care,Biotechnology: Commercial Physical & Biological Resarch
CRM,Salesforce Inc. Common Stock,$272.69,-0.73,-0.267%,260691640000.00,United States,2004,8536573,Technology,Computer Software: Prepackaged Software
CRMD,CorMedix Inc. Common Stock,$12.32,-0.18,-1.44%,835599799.00,United States,,3014670,Health Care,Biotechnology: Pharmaceutical Preparations
CRML,Critical Metals Corp. Ordinary Shares,$3.58,0.46,14.744%,324749569.00,British Virgin Islands,,8408554,Basic Materials,Metal Mining
CRMLW,Critical Metals Corp. Warrants,$0.4562,0.0162,3.682%,41382892.00,British Virgin Islands,,156428,Basic Materials,Metal Mining
CRMT,America's Car-Mart Inc Common Stock,$56.04,0.35,0.628%,462995139.00,United States,,84899,Consumer Discretionary,Retail-Auto Dealers and Gas Stations
CRNC,Cerence Inc. Common Stock,$10.21,0.77,8.157%,441664854.00,United States,,2493337,Technology,Computer Software: Prepackaged Software
CRNT,Ceragon Networks Ltd. Ordinary Shares,$2.46,0.01,0.408%,218544134.00,Israel,,1048940,Technology,Radio And Television Broadcasting And Communications Equipment
CRNX,Crinetics Pharmaceuticals Inc. Common Stock,$28.76,-1.20,-4.005%,2694240539.00,United States,2018,1244325,Health Care,Biotechnology: Pharmaceutical Preparations
CRON,Cronos Group Inc. Common Share,$1.91,0.01,0.526%,736126214.00,Canada,,844376,Health Care, Medicinal Chemicals and Botanical Products 
CROX,Crocs Inc. Common Stock,$101.28,-1.74,-1.689%,5679231538.00,United States,2006,1401776,Consumer Discretionary,Shoe Manufacturing
CRS,Carpenter Technology Corporation Common Stock,$276.38,0.56,0.203%,13758014818.00,United States,,932384,Industrials,Steel/Iron Ore
CRSP,CRISPR Therapeutics AG Common Shares,$48.64,1.15,2.422%,4200729590.00,Switzerland,2016,5278591,Health Care,Biotechnology: Biological Products (No Diagnostic Substances)
CRSR,Corsair Gaming Inc. Common Stock,$9.43,-0.10,-1.049%,997893397.00,United States,2020,503583,Technology,Computer peripheral equipment
CRT,Cross Timbers Royalty Trust Common Stock,$9.89,0.055,0.559%,59340000.00,United States,1992,32758,Energy,Oil & Gas Production
CRTO,Criteo S.A. American Depositary Shares,$23.96,0.13,0.546%,1273279181.00,France,2013,355244,Consumer Discretionary,Advertising
CRUS,Cirrus Logic Inc. Common Stock,$104.255,-1.725,-1.628%,5375401874.00,United States,1989,543071,Technology,Semiconductors
CRVL,CorVel Corp. Common Stock,$102.78,-0.81,-0.782%,5277823507.00,United States,,175843,Finance,Specialty Insurers
CRVO,CervoMed Inc. Common Stock,$6.285,0.235,3.884%,54696589.00,United States,,163917,Health Care,Biotechnology: Pharmaceutical Preparations
CRVS,Corvus Pharmaceuticals Inc. Common Stock,$4.00,0.11,2.828%,308458544.00,United States,2016,970972,Health Care,Biotechnology: Pharmaceutical Preparations
CRWD,CrowdStrike Holdings Inc. Class A Common Stock,$509.31,9.98,1.999%,126944587500.00,United States,2019,2700602,Technology,Computer Software: Prepackaged Software
CRWS,Crown Crafts Inc Common Stock,$2.87,0.07,2.50%,30328848.00,United States,,37116,Consumer Discretionary,Textiles
CRWV,CoreWeave Inc. Class A Common Stock,$163.06,3.07,1.919%,78265071307.00,United States,2025,13656271,Technology,Computer Software: Prepackaged Software
CSAI,Cloudastructure Inc. Class A Common Stock,$2.21,0.31,16.316%,36955538.00,United States,,1041878,Technology,Computer Software: Programming Data Processing
CSAN,Cosan S.A. ADS,$5.05,0.14,2.851%,2346539302.00,Brazil,2021,1212090,Consumer Discretionary,Retail-Auto Dealers and Gas Stations
CSBR,Champions Oncology Inc. Common Stock,$7.37,-0.39,-5.026%,101904282.00,United States,,21729,Health Care,Biotechnology: Biological Products (No Diagnostic Substances)
CSCI,COSCIENS Biopharma Inc. Common Stock,$3.40,0.06,1.796%,10699025.00,Canada,,3463,Health Care,Biotechnology: Pharmaceutical Preparations
CSCO,Cisco Systems Inc. Common Stock (DE),$69.38,0.73,1.063%,274744673728.00,United States,1990,32551444,Telecommunications,Computer Communications Equipment
CSGP,CoStar Group Inc. Common Stock,$80.40,-0.36,-0.446%,33919686901.00,United States,1998,2698258,Consumer Discretionary,Business Services
CSGS,CSG Systems International Inc. Common Stock,$65.31,0.93,1.445%,1892483951.00,United States,1996,186213,Technology,EDP Services
CSIQ,Canadian Solar Inc. Common Shares (ON),$11.04,-0.29,-2.56%,739258217.00,Canada,2006,649365,Technology,Semiconductors
CSL,Carlisle Companies Incorporated Common Stock,$373.40,-0.94,-0.251%,16150883785.00,United States,,361035,Industrials,Specialty Chemicals
CSPI,CSP Inc. Common Stock,$12.94,1.66,14.716%,127628527.00,United States,1982,79056,Technology,EDP Services
CSQ,Calamos Strategic Total Return Common Stock,$18.24,0.09,0.496%,2898110225.00,United States,2004,146765,Finance,Finance Companies
CSR,D/B/A Centerspace Common Stock,$60.19,0.13,0.216%,1007280192.00,United States,,81238,Real Estate,Real Estate Investment Trusts
CSTE,Caesarstone Ltd. Ordinary Shares,$1.97,0.11,5.914%,68074979.00,Israel,2012,84774,Industrials,Building Materials
CSTL,Castle Biosciences Inc. Common Stock,$20.42,0.07,0.344%,589572672.00,United States,2019,527611,Health Care,Medical Specialities
CSTM,Constellium SE Ordinary Shares (France),$13.30,-0.06,-0.449%,1900809387.00,Netherlands,2013,1058918,Industrials,Metal Fabrications
CSV,Carriage Services Inc. Common Stock,$45.74,-0.32,-0.695%,717794847.00,United States,,108386,Consumer Discretionary,Other Consumer Services
CSW,CSW Industrials Inc. Common Stock,$286.83,-2.97,-1.025%,4820945420.00,United States,,93202,Industrials,Home Furnishings
CSWC,Capital Southwest Corporation Common Stock,$22.04,0.17,0.777%,1183784930.00,United States,,770804,Consumer Discretionary,Textiles
CSWCZ,Capital Southwest Corporation 7.75% Notes due 2028,$25.562,-0.023,-0.09%,1198113869.00,United States,,1441,Finance,Finance Companies
CSX,CSX Corporation Common Stock,$32.63,-0.28,-0.851%,61296951771.00,United States,,12112544,Industrials,Railroads
CTA^A,EIDP Inc. Preferred Stock $3.50 Series,$55.04,0.87,1.606%,,United States,,326,,
CTA^B,EIDP Inc. Preferred Stock $4.50 Series,$69.73,0.48,0.693%,,United States,,2373,,
CTAS,Cintas Corporation Common Stock,$222.87,2.12,0.96%,89992000444.00,United States,1983,1378728,Consumer Discretionary,Apparel
CTBB,Qwest Corporation 6.5% Notes due 2056,$18.00,0.05,0.279%,18.00,United States,2016,208903,Telecommunications,Telecommunications Equipment
CTBI,Community Trust Bancorp Inc. Common Stock,$52.92,-0.17,-0.32%,958430574.00,United States,,68397,Finance,Major Banks
CTDD,Qwest Corporation 6.75% Notes due 2057,$18.17,0.04,0.221%,18.00,United States,2017,117039,Telecommunications,Telecommunications Equipment
CTEV,Claritev Corporation Class A Common Stock,$45.13,1.55,3.557%,741773333.00,United States,2020,401728,Consumer Discretionary,Business Services
CTGO,Contango ORE Inc. Common Stock,$19.48,-0.53,-2.649%,244541946.00,United States,2021,125012,Basic Materials,Precious Metals
CTKB,Cytek Biosciences Inc. Common Stock,$3.40,-0.15,-4.225%,430641266.00,United States,2021,1153471,Industrials,Biotechnology: Laboratory Analytical Instruments
CTLP,Cantaloupe Inc. Common Stock,$10.99,-0.01,-0.091%,802912497.00,United States,,1415633,Miscellaneous,Office Equipment/Supplies/Services
CTM,Castellum Inc. Common Stock,$1.05,-0.01,-0.943%,90338718.00,,2022,2032917,Consumer Discretionary,Professional Services
CTMX,CytomX Therapeutics Inc. Common Stock,$2.27,0.02,0.889%,183010335.00,United States,2015,2264475,Health Care,Biotechnology: Pharmaceutical Preparations
CTNM,Contineum Therapeutics Inc. Class A Common Stock,$3.97,-0.14,-3.406%,102710050.00,United States,2024,159611,Health Care,Biotechnology: Pharmaceutical Preparations
CTNT,Cheetah Net Supply Chain Service Inc. Class A Common Stock,$1.32,-0.005,-0.377%,3527055.00,United States,2023,27747,Consumer Discretionary,Motor Vehicles
CTO,CTO Realty Growth Inc. Common Stock,$17.26,-0.05,-0.289%,568453198.00,United States,1992,378098,Real Estate,Real Estate Investment Trusts
CTO^A,CTO Realty Growth Inc. 6.375% Series A Cumulative Redeemable Preferred Stock,$20.13,-0.3173,-1.552%,,United States,,32206,,
CTOR,Citius Oncology Inc. Common Stock,$4.35,-0.15,-3.333%,311252949.00,United States,2022,1175386,Health Care,Biotechnology: Pharmaceutical Preparations
CTOS,Custom Truck One Source Inc. Common Stock,$4.94,-0.10,-1.984%,1118790284.00,Cayman Islands,2017,620225,Consumer Discretionary,Diversified Commercial Services
CTRA,Coterra Energy Inc. Common Stock,$25.38,-0.23,-0.898%,19371557581.00,United States,,5878051,Energy,Oil & Gas Production
CTRE,CareTrust REIT Inc. Common Stock,$30.60,0.00,0.00%,5865683308.00,United States,2022,2570110,Real Estate,Real Estate Investment Trusts
CTRI,Centuri Holdings Inc. Common Stock,$22.44,0.30,1.355%,1987262726.00,,2024,1002693,Utilities,Oil & Gas Production
CTRM,Castor Maritime Inc. Common Shares,$2.139,-0.011,-0.512%,20667775.00,Cyprus,,25695,Consumer Discretionary,Marine Transportation
CTRN,Citi Trends Inc. Common Stock,$33.39,0.18,0.542%,276938363.00,United States,2005,224639,Consumer Discretionary,Clothing/Shoe/Accessory Stores
CTS,CTS Corporation Common Stock,$42.61,-1.01,-2.315%,1271644787.00,United States,,165334,Technology,Electrical Products
CTSH,Cognizant Technology Solutions Corporation Class A Common Stock,$78.03,0.29,0.373%,38464261373.00,United States,1998,2704647,Technology,EDP Services
CTSO,Cytosorbents Corporation Common Stock,$1.28,0.05,4.065%,80141281.00,United States,,104594,Health Care,Medical/Dental Instruments
CTVA,Corteva Inc. Common Stock ,$74.53,0.14,0.188%,50842130100.00,United States,2019,3201554,Consumer Staples,Farming/Seeds/Milling
CTXR,Citius Pharmaceuticals Inc. Common Stock,$1.59,0.06,3.922%,16361633.00,United States,,2667760,Health Care,Biotechnology: Pharmaceutical Preparations
CUB,Lionheart Holdings Class A Ordinary Shares,$10.50,0.00,0.00%,333570048.00,United States,2024,295,Industrials,Industrial Machinery/Components
CUBA,Herzfeld Caribbean Basin Fund Inc. (The) Common Stock,$2.5284,-0.0116,-0.457%,0.00,United States,,61534,Finance,Investment Managers
CUBB,Customers Bancorp Inc 5.375% Subordinated Notes Due 2034,$19.82,0.042,0.212%,626070077.00,United States,2019,659,Finance,Major Banks
CUBE,CubeSmart Common Shares,$42.50,0.13,0.307%,9688045510.00,United States,,1910813,Real Estate,Real Estate Investment Trusts
CUBI,Customers Bancorp Inc Common Stock,$58.74,-0.24,-0.407%,1855467020.00,United States,,584808,Finance,Major Banks
CUBI^F,Customers Bancorp Inc Fixed-to-Floating Rate Non-Cumulative Perpetual Preferred Stock Series F,$25.5882,0.0182,0.071%,,United States,,2262,,
CUBWU,Lionheart Holdings Unit,$10.62,0.00,0.00%,0.00,United States,2024,4,Finance,Blank Checks
CUBWW,Lionheart Holdings Warrant,$0.3401,0.00,0.00%,0.00,United States,2024,6,,
CUE,Cue Biopharma Inc. Common Stock,$0.6823,-0.0587,-7.922%,51411224.00,United States,2018,149456,Health Care,Biotechnology: Pharmaceutical Preparations
CUK,Carnival Plc ADS ADS,$25.51,0.74,2.987%,34588553851.00,United States,,2650060,Consumer Discretionary,Marine Transportation
CULP,Culp Inc. Common Stock,$3.93,0.01,0.255%,49357377.00,United States,,17607,Consumer Discretionary,Textiles
CUPR,Cuprina Holdings (Cayman) Limited Class A Ordinary Shares,$5.86,0.04,0.687%,123060000.00,Singapore,2025,269518,Health Care,Biotechnology: Pharmaceutical Preparations
CURB,Curbline Properties Corp. Common Stock,$22.83,-0.04,-0.175%,2402059728.00,United States,2024,598058,Finance,Real Estate
CURI,CuriosityStream Inc. Class A Common Stock,$5.63,0.33,6.226%,324434312.00,United States,2020,766915,Consumer Discretionary,Movies/Entertainment
CURIW,CuriosityStream Inc. Warrant,$0.0467,-0.0048,-9.32%,2691134.00,United States,2020,14053,Consumer Discretionary,Movies/Entertainment
CURR,Currenc Group Inc. Ordinary Shares,$0.8149,0.1449,21.627%,37915666.00,Singapore,,3183041,Consumer Discretionary,Business Services
CURV,Torrid Holdings Inc. Common Stock,$2.95,-0.15,-4.839%,309810844.00,United States,2021,794239,Consumer Discretionary,Clothing/Shoe/Accessory Stores
CUZ,Cousins Properties Incorporated Common Stock,$30.03,-0.06,-0.199%,5042386940.00,United States,,1257987,Real Estate,Real Estate Investment Trusts
CVAC,CureVac N.V. Ordinary Shares,$5.43,0.05,0.929%,1218156736.00,Germany,2020,992366,Health Care,Biotechnology: Pharmaceutical Preparations
CVBF,CVB Financial Corporation Common Stock,$19.79,0.11,0.559%,2727153113.00,United States,,832794,Finance,Major Banks
CVCO,Cavco Industries Inc. Common Stock When Issued,$434.43,4.08,0.948%,3484875820.00,United States,,241729,Consumer Discretionary,Homebuilding
CVE,Cenovus Energy Inc Common Stock,$13.60,-0.05,-0.366%,24788720000.00,Canada,,10713895,Energy,Oil & Gas Production
CVEO,Civeo Corporation (Canada) Common Shares,$23.09,0.34,1.495%,310635658.00,,2014,132131,Consumer Discretionary,Hotels/Resorts
CVGI,Commercial Vehicle Group Inc. Common Stock,$1.66,0.17,11.409%,57495393.00,United States,2004,635147,Consumer Discretionary,Auto Parts:O.E.M.
CVGW,Calavo Growers Inc. Common Stock,$26.59,-0.10,-0.375%,474290403.00,United States,,228579,Consumer Discretionary,Specialty Foods
CVI,CVR Energy Inc. Common Stock,$26.85,-0.34,-1.25%,2699246583.00,United States,2007,1030788,Energy,Integrated oil Companies
CVKD,Cadrenal Therapeutics Inc. Common Stock,$12.05,1.61,15.421%,23698434.00,United States,2023,179701,Health Care,Biotechnology: Pharmaceutical Preparations
CVLG,Covenant Logistics Group Inc. Class A Common Stock,$24.11,-0.18,-0.741%,640262219.00,United States,,172444,Industrials,Trucking Freight/Courier Services
CVLT,Commvault Systems Inc. Common Stock,$174.33,0.00,0.00%,7692386212.00,United States,2006,509701,Technology,Computer Software: Prepackaged Software
CVM,Cel-Sci Corporation Common Stock,$2.29,-0.11,-4.583%,6949177.00,United States,1997,125679,Health Care,Biotechnology: Biological Products (No Diagnostic Substances)
CVNA,Carvana Co. Class A Common Stock,$336.96,17.70,5.544%,72157593606.00,United States,2017,4569313,Consumer Discretionary,Retail-Auto Dealers and Gas Stations
CVR,Chicago Rivet & Machine Co. Common Stock,$12.23,-0.12,-0.972%,11815794.00,United States,1930,32415,Industrials,Industrial Machinery/Components
CVRX,CVRx Inc. Common Stock,$5.88,0.06,1.031%,153306882.00,United States,2021,117316,Health Care,Medical/Dental Instruments
CVS,CVS Health Corporation Common Stock,$68.98,0.49,0.715%,87261040212.00,United States,,6047006,Consumer Staples,Retail-Drug Stores and Proprietary Stores
CVU,CPI Aerostructures Inc. Common Stock,$3.50,0.08,2.339%,45500252.00,United States,2022,52298,Industrials,Military/Government/Technical
CVV,CVD Equipment Corporation Common Stock,$2.98,0.12,4.196%,20507877.00,United States,,10071,Technology,Industrial Machinery/Components
CVX,Chevron Corporation Common Stock,$143.19,-0.60,-0.417%,250066143257.00,United States,,6977730,Energy,Integrated oil Companies
CW,Curtiss-Wright Corporation Common Stock,$488.55,0.85,0.174%,18413099698.00,United States,,216739,Technology,Industrial Machinery/Components
CWAN,Clearwater Analytics Holdings Inc. Class A Common Stock,$21.93,-0.07,-0.318%,6212411936.00,United States,2021,5547277,Technology,Computer Software: Prepackaged Software
CWBC,Community West Bancshares Common Stock,$19.51,0.29,1.509%,371886821.00,United States,,151949,Finance,Major Banks
CWCO,Consolidated Water Co. Ltd. Ordinary Shares,$30.02,0.19,0.637%,477818884.00,Cayman Islands,,241547,Utilities,Water Supply
CWD,CaliberCos Inc. Class A Common Stock,$3.53,-0.01,-0.282%,4596247.00,United States,2023,2743,Finance,Real Estate
CWEN,Clearway Energy Inc. Class C Common Stock,$32.00,-0.14,-0.436%,3776000000.00,United States,2015,1208640,Utilities,Electric Utilities: Central
CWH,Camping World Holdings Inc. Class A Common Stock,$17.19,-1.19,-6.474%,1754005939.00,United States,2016,2892950,Consumer Discretionary,Retail-Auto Dealers and Gas Stations
CWK,Cushman & Wakefield plc Ordinary Shares,$11.07,-0.06,-0.539%,2560351762.00,,2018,1876027,Finance,Real Estate
CWST,Casella Waste Systems Inc. Class A Common Stock,$115.38,0.07,0.061%,7322411707.00,United States,1997,547832,Utilities,Environmental Services
CWT,California Water Service Group Common Stock,$45.48,0.01,0.022%,2709249967.00,United States,,266902,Utilities,Water Supply
CX,Cemex S.A.B. de C.V. Sponsored ADR,$6.93,0.12,1.762%,10053648463.00,Mexico,,16591503,Industrials,Building Materials
CXAI,CXApp Inc. Class A Common Stock,$1.07,0.05,4.902%,22231387.00,United States,2021,997324,Technology,EDP Services
CXAIW,CXApp Inc. Warrant,$0.0743,0.0023,3.194%,1543731.00,United States,2021,20836,Technology,EDP Services
CXDO,Crexendo Inc. Common Stock,$6.07,0.05,0.831%,176215396.00,United States,,216003,Telecommunications,Telecommunications Equipment
CXE,MFS High Income Municipal Trust Common Stock,$3.58,0.04,1.13%,112862267.00,United States,1989,51966,Finance,Investment Managers
CXH,MFS Investment Grade Municipal Trust Common Stock,$7.64,0.01,0.131%,69602272.00,United States,1989,38696,Finance,Investment Managers
CXM,Sprinklr Inc. Class A Common Stock,$8.46,0.25,3.045%,2189768143.00,United States,2021,4293579,Technology,Computer Software: Prepackaged Software
CXT,Crane NXT Co. Common Stock,$53.90,0.18,0.335%,3092017159.00,United States,,498713,Industrials,Metal Fabrications
CXW,CoreCivic Inc. Common Stock,$21.07,0.30,1.444%,2299967741.00,United States,,964994,Real Estate,Real Estate Investment Trusts
CYBN,Cybin Inc. Common Shares,$8.39,0.24,2.945%,167732125.00,Canada,,151176,Health Care,Biotechnology: Pharmaceutical Preparations
CYBR,CyberArk Software Ltd. Ordinary Shares,$406.88,8.99,2.259%,20123761145.00,Israel,2014,783035,Technology,Computer Software: Prepackaged Software
CYCC,Cyclacel Pharmaceuticals Inc. Common Stock,$0.3303,-0.0007,-0.211%,7356556.00,United States,,407396,Health Care,Biotechnology: Pharmaceutical Preparations
CYCCP,Cyclacel Pharmaceuticals Inc. 6% Convertible Preferred Stock,$5.49,0.00,0.00%,122275180.00,United States,,201,Health Care,Biotechnology: Pharmaceutical Preparations
CYCN,Cyclerion Therapeutics Inc. Common Stock,$2.91,-0.0899,-2.997%,9341374.00,United States,,22115,Health Care,Biotechnology: Pharmaceutical Preparations
CYCU,Cycurion Inc. Common Stock,$0.3492,0.0026,0.75%,10980212.00,United States,2025,1088242,Technology,EDP Services
CYCUW,Cycurion Inc. Warrant,$0.06,-0.002,-3.226%,1886634.00,United States,2025,9682,Technology,EDP Services
CYD,China Yuchai International Limited Common Stock,$23.91,1.07,4.685%,897063079.00,Singapore,1994,320155,Industrials,Industrial Machinery/Components
CYH,Community Health Systems Inc. Common Stock,$3.40,0.01,0.295%,477041896.00,United States,2000,2010545,Health Care,Hospital/Nursing Management
CYN,Cyngn Inc. Common Stock,$14.40,-1.93,-11.819%,25227446.00,United States,2021,7488870,Technology,EDP Services
CYRX,CryoPort Inc. Common Stock,$7.46,0.05,0.675%,374023646.00,United States,,514915,Health Care,Biotechnology: Pharmaceutical Preparations
CYTK,Cytokinetics Incorporated Common Stock,$33.04,-0.12,-0.362%,3945877761.00,United States,2004,1393095,Health Care,Biotechnology: Pharmaceutical Preparations
CZFS,Citizens Financial Services Inc. Common Stock,$58.72,-0.05,-0.085%,279487940.00,United States,,5267,Finance,Major Banks
CZNC,Citizens & Northern Corp Common Stock,$18.94,-0.23,-1.20%,293467554.00,United States,,28034,Finance,Major Banks
CZR,Caesars Entertainment Inc. Common Stock,$28.39,-0.47,-1.629%,5904214898.00,United States,,4878163,Consumer Discretionary,Hotels/Resorts
CZWI,Citizens Community Bancorp Inc. Common Stock,$13.80,0.20,1.471%,137848159.00,United States,2006,72396,Finance,Savings Institutions
D,Dominion Energy Inc. Common Stock,$56.52,0.65,1.163%,48199723073.00,United States,,6009842,Utilities,Electric Utilities: Central
DAAQ,Digital Asset Acquisition Corp. Class A Ordinary shares,$10.48,0.015,0.143%,0.00,United States,2025,96556,,
DAAQU,Digital Asset Acquisition Corp. Units,$10.8001,-0.0999,-0.917%,0.00,United States,2025,9896,Finance,Blank Checks
DAAQW,Digital Asset Acquisition Corp. Warrant,$0.85,-0.075,-8.108%,0.00,United States,2025,15906,,
DAC,Danaos Corporation Common Stock,$86.24,-1.24,-1.417%,1610041294.00,Greece,2006,85165,Consumer Discretionary,Marine Transportation
DAIC,CID HoldCo Inc. Common Stock,$5.13,-3.54,-40.83%,63144293.00,United States,,353850,Technology,EDP Services
DAICW,CID HoldCo Inc. Warrants,$0.079,-0.006,-7.059%,972397.00,United States,,125221,Technology,EDP Services
DAIO,Data I/O Corporation Common Stock,$3.10,0.01,0.324%,28643166.00,United States,1981,12728,Industrials,Electrical Products
DAKT,Daktronics Inc. Common Stock,$15.12,-0.47,-3.015%,742592824.00,United States,1994,907019,Consumer Discretionary,Miscellaneous manufacturing industries
DAL,Delta Air Lines Inc. Common Stock,$49.18,-0.41,-0.827%,32112335211.00,United States,,12526841,Consumer Discretionary,Air Freight/Delivery Services
DALN,DallasNews Corporation Series A Common Stock,$4.30,0.00,0.00%,23015707.00,United States,,16234,Consumer Discretionary,Newspapers/Magazines
DAN,Dana Incorporated Common Stock ,$17.15,0.02,0.117%,2499428721.00,United States,,2538527,Consumer Discretionary,Auto Parts:O.E.M.
DAO,Youdao Inc. American Depositary Shares each representing one Class A Ordinary Share,$8.60,-0.02,-0.232%,1028295541.00,China,2019,84953,Real Estate,Other Consumer Services
DAR,Darling Ingredients Inc. Common Stock,$37.94,-0.18,-0.472%,6000546655.00,United States,1997,3031131,Consumer Staples,Packaged Foods
DARE,Dare Bioscience Inc. Common Stock,$2.39,0.025,1.057%,21152423.00,United States,2014,38456,Health Care,Biotechnology: Pharmaceutical Preparations
DASH,DoorDash Inc. Class A Common Stock,$246.51,4.195,1.731%,104457164254.00,United States,,8088564,Consumer Discretionary,Business Services
DATS,DatChat Inc. Common Stock,$2.54,0.07,2.834%,10691696.00,United States,2021,92711,Telecommunications,Telecommunications Equipment
DATSW,DatChat Inc. Series A Warrant,$0.22,-0.0197,-8.219%,926052.00,United States,2021,622,Telecommunications,Telecommunications Equipment
DAVA,Endava plc American Depositary Shares (each representing one Class A Ordinary Share),$15.32,0.32,2.133%,904361538.00,United Kingdom,2018,773760,Technology,EDP Services
DAVE,Dave Inc. Class A Common Stock,$268.41,18.77,7.519%,3580707500.00,United States,,693396,Finance,Finance: Consumer Services
DAVEW,Dave Inc. Warrants,$1.81,0.2699,17.525%,24146196.00,United States,,177427,Finance,Finance: Consumer Services
DAWN,Day One Biopharmaceuticals Inc. Common Stock,$6.50,0.03,0.464%,658856042.00,United States,2021,1399458,Health Care,Biotechnology: Pharmaceutical Preparations
DAY,Dayforce Inc. Common Stock,$55.39,0.25,0.453%,8855812412.00,United States,2018,1829279,Technology,Computer Software: Prepackaged Software
DB,Deutsche Bank AG Common Stock,$29.28,-1.12,-3.684%,56953282106.00,Germany,,4333996,Finance,Major Banks
DBD,Diebold Nixdorf Incorporated Common stock,$55.40,-0.03,-0.054%,2064418730.00,United States,2023,333214,Miscellaneous,Office Equipment/Supplies/Services
DBI,Designer Brands Inc. Class A Common Stock,$2.38,-0.08,-3.252%,116202039.00,United States,,1304144,Consumer Discretionary,Clothing/Shoe/Accessory Stores
DBL,DoubleLine Opportunistic Credit Fund Common Shares of Beneficial Interest,$15.38,-0.06,-0.389%,0.00,United States,2012,187621,,
DBRG,DigitalBridge Group Inc.,$10.35,0.08,0.779%,1824352106.00,United States,2014,2793526,Real Estate,Real Estate Investment Trusts
DBRG^H,DigitalBridge Group Inc. 7.125% Series H ,$20.93,0.05,0.239%,,United States,,27857,,
DBRG^I,DigitalBridge Group Inc. 7.15% Series I ,$20.52,-0.34,-1.63%,,United States,,54831,,
DBRG^J,DigitalBridge Group Inc. 7.125% Series J ,$20.57,-0.23,-1.106%,,United States,,80935,,
DBVT,DBV Technologies S.A. American Depositary Shares,$9.1599,0.2799,3.152%,250887591.00,France,2014,10445,Health Care,Biotechnology: Biological Products (No Diagnostic Substances)
DBX,Dropbox Inc. Class A Common Stock,$28.60,0.48,1.707%,8050689733.00,United States,2018,3520140,Technology,Computer Software: Prepackaged Software
DC,Dakota Gold Corp. Common Stock,$3.69,-0.09,-2.381%,412871930.00,United States,2022,623497,Basic Materials,Metal Mining
DCBO,Docebo Inc. Common Shares,$28.94,0.875,3.118%,857584287.00,Canada,,109068,Technology,Computer Software: Prepackaged Software
DCGO,DocGo Inc. Common Stock,$1.57,-0.03,-1.875%,155593800.00,United States,2020,360262,Health Care,Medical/Nursing Services
DCI,Donaldson Company Inc. Common Stock,$69.35,-0.22,-0.316%,8080658255.00,United States,,549311,Industrials,Pollution Control Equipment
DCO,Ducommun Incorporated Common Stock,$82.63,-3.64,-4.219%,1229348400.00,United States,,252768,Industrials,Military/Government/Technical
DCOM,Dime Community Bancshares Inc. Common Stock,$26.94,-0.35,-1.283%,1180472060.00,United States,,307155,Finance,Major Banks
DCOMG,Dime Community Bancshares Inc. 9.000% Fixed-to-Floating Rate Subordinated Notes due 2034,$26.89,0.5125,1.943%,1052706849.00,United States,,231,Finance,Major Banks
DCOMP,Dime Community Bancshares Inc. Fixed-Rate Non-Cumulative Perpetual Preferred Stock Series A,$19.10,0.60,3.243%,836934534.00,United States,,11428,Finance,Major Banks
DCTH,Delcath Systems Inc. Common Stock,$13.60,0.03,0.221%,473636089.00,United States,,761637,Health Care,Medical/Dental Instruments
DD,DuPont de Nemours Inc. Common Stock,$68.59,-0.29,-0.421%,28704826176.00,United States,2017,1606273,Industrials,Major Chemicals
DDC,DDC Enterprise Limited Class A Ordinary Shares,$10.90,1.589,17.066%,44146624.00,,2023,128558,Consumer Staples,Packaged Foods
DDD,3D Systems Corporation Common Stock,$1.54,0.02,1.316%,210075814.00,United States,,2715577,Technology,Computer Software: Prepackaged Software
DDI,DoubleDown Interactive Co. Ltd. American Depository Shares,$9.57,0.00,0.00%,474226421.00,South Korea,2021,43459,Technology,EDP Services
DDL,Dingdong (Cayman) Limited American Depositary Shares (each two representing three Ordinary Shares),$2.02,-0.06,-2.885%,477179924.00,Cayman Islands,2021,198982,Consumer Discretionary,Catalog/Specialty Distribution
DDOG,Datadog Inc. Class A Common Stock,$134.33,2.25,1.704%,46391299520.00,United States,2019,3614451,Technology,Computer Software: Prepackaged Software
DDS,Dillard's Inc. Common Stock,$417.83,2.40,0.578%,6533789466.00,United States,,120033,Consumer Discretionary,Department/Specialty Retail Stores
DDT,Dillard's Capital Trust I,$25.66,-0.24,-0.927%,401256582.00,United States,,133627,Consumer Discretionary,Department/Specialty Retail Stores
DE,Deere & Company Common Stock,$508.49,-4.85,-0.945%,137712849197.00,United States,,1408544,Industrials,Industrial Machinery/Components
DEA,Easterly Government Properties Inc. Common Stock,$22.20,-0.05,-0.225%,996894508.00,United States,2015,527732,Real Estate,Real Estate Investment Trusts
DEC,Diversified Energy Company plc Ordinary Shares,$14.67,-0.29,-1.939%,877206469.00,,,458898,,
DECK,Deckers Outdoor Corporation Common Stock,$103.07,-1.13,-1.084%,15402355636.00,United States,1993,2945862,Consumer Discretionary,Shoe Manufacturing
DEFT,Defi Technologies Inc. Common Stock,$2.93,0.14,5.018%,966410760.00,Canada,,2838174,Finance,Finance: Consumer Services
DEI,Douglas Emmett Inc. Common Stock,$15.04,-0.15,-0.987%,2518393104.00,United States,2006,1594503,Real Estate,Real Estate Investment Trusts
DELL,Dell Technologies Inc. Class C Common Stock ,$122.60,-1.39,-1.121%,83226945512.00,United States,2018,5422441,Technology,Computer Manufacturing
DENN,Denny's Corporation Common Stock,$4.10,-0.02,-0.485%,210129371.00,United States,,239848,Consumer Discretionary,Restaurants
DEO,Diageo plc Common Stock,$100.84,0.40,0.398%,56099699757.00,United Kingdom,,1163664,Consumer Staples,Beverages (Production/Distribution)
DERM,Journey Medical Corporation Common Stock,$7.18,0.04,0.56%,167263621.00,United States,2021,134465,Health Care,Biotechnology: Pharmaceutical Preparations
DEVS,DevvStream Corp. Common Stock,$0.3554,-0.0083,-2.282%,11892300.00,Canada,2024,370629,Finance,Finance/Investors Services
DFDV,DeFi Development Corp. Common Stock,$21.44,4.62,27.467%,310172287.00,United States,2023,2332884,Finance,Finance: Consumer Services
DFH,Dream Finders Homes Inc. Class A Common Stock,$25.13,-0.16,-0.633%,2351012497.00,United States,2022,294856,Consumer Discretionary,Homebuilding
DFIN,Donnelley Financial Solutions Inc. Common Stock ,$61.65,0.16,0.26%,1703934363.00,United States,2016,319940,Consumer Discretionary,Other Consumer Services
DFLI,Dragonfly Energy Holdings Corp. Common Stock (NV),$0.1644,0.004,2.494%,1539301.00,United States,2021,2505239,Miscellaneous,Industrial Machinery/Components
DFLIW,Dragonfly Energy Holdings Corp. Warrant,$0.0139,-0.0009,-6.081%,130148.00,United States,2021,110467,Miscellaneous,Industrial Machinery/Components
DFP,Flaherty & Crumrine Dynamic Preferred and Income Fund Inc. Common Stock,$20.53,0.12,0.588%,0.00,,2013,55847,Finance,Investment Managers
DFSC,DEFSEC Technologies Inc. Common Stock,$11.7765,11.7765,,6245832.00,Canada,,460974,,
DFSCW,DEFSEC Technologies Inc. Warrant,$0.04,0.04,,0.00,Canada,,3719,,
DG,Dollar General Corporation Common Stock,$114.38,-0.07,-0.061%,25171676486.00,United States,2009,3041707,Consumer Discretionary,Department/Specialty Retail Stores
DGICA,Donegal Group Inc. Class A Common Stock,$20.025,0.085,0.426%,722835837.00,United States,,232216,Finance,Property-Casualty Insurers
DGICB,Donegal Group Inc. Class B Common Stock,$17.77,-0.73,-3.946%,641437844.00,United States,1986,4956,Finance,Property-Casualty Insurers
DGII,Digi International Inc. Common Stock,$34.86,-0.03,-0.086%,1292145092.00,United States,1989,145232,Telecommunications,Computer Communications Equipment
DGLY,Digital Ally Inc. Common Stock,$2.38,0.15,6.726%,3971011.00,United States,,154412,Technology,Radio And Television Broadcasting And Communications Equipment
DGNX,Diginex Limited Ordinary Shares,$51.44,0.14,0.273%,1193045348.00,Hong Kong,2025,24781,Technology,EDP Services
DGX,Quest Diagnostics Incorporated Common Stock,$179.63,1.80,1.012%,20053079835.00,United States,,819342,Health Care,Medical Specialities
DGXX,Digi Power X Inc. Subordinate Voting Shares,$2.81,0.26,10.196%,102025115.00,Canada,,2239101,Finance,Finance: Consumer Services
DH,Definitive Healthcare Corp. Class A Common Stock,$3.90,0.09,2.362%,418633422.00,United States,2021,585486,Technology,Computer Software: Prepackaged Software
DHAI,DIH Holdings US Inc. Class A Common Stock,$0.2449,-0.0061,-2.43%,11592661.00,United States,2024,538240,Health Care,Medical/Dental Instruments
DHAIW,DIH Holding US Inc. Warrants,$0.019,0.0015,8.571%,899390.00,United States,2024,32469,Health Care,Medical/Dental Instruments
DHC,Diversified Healthcare Trust Common Shares of Beneficial Interest,$3.58,0.02,0.562%,863678168.00,United States,,1269780,Real Estate,Real Estate Investment Trusts
DHCNI,Diversified Healthcare Trust 5.625% Senior Notes due 2042,$15.65,-0.30,-1.881%,3775576350.00,United States,,122886,Real Estate,Real Estate Investment Trusts
DHCNL,Diversified Healthcare Trust 6.25% Senior Notes Due 2046,$16.54,-0.06,-0.361%,3990289638.00,United States,,14199,Real Estate,Real Estate Investment Trusts
DHF,BNY Mellon High Yield Strategies Fund Common Stock,$2.60,0.04,1.563%,0.00,United States,1998,923334,Finance,Finance Companies
DHI,D.R. Horton Inc. Common Stock,$128.92,0.23,0.179%,39601812422.00,United States,,2414901,Consumer Discretionary,Homebuilding
DHIL,Diamond Hill Investment Group Inc. Class A Common Stock,$145.31,1.65,1.149%,396360779.00,United States,,114797,Finance,Investment Managers
DHR,Danaher Corporation Common Stock,$197.54,-1.26,-0.634%,141373371599.00,United States,,4537425,Industrials,Industrial Machinery/Components
DHT,DHT Holdings Inc.,$10.81,-0.23,-2.083%,1735631742.00,Jersey,2005,1354288,Consumer Discretionary,Marine Transportation
DHX,DHI Group Inc. Common Stock,$2.97,0.00,0.00%,144791120.00,United States,2007,110439,Consumer Discretionary,Business Services
DHY,Credit Suisse High Yield Bond Fund Common Stock,$2.13,0.01,0.472%,0.00,United States,1998,1344513,Finance,Finance/Investors Services
DIAX,Nuveen Dow 30SM Dynamic Overwrite Fund Common Shares of Beneficial Interest,$14.34,0.20,1.414%,0.00,,2014,100550,Finance,Finance Companies
DIBS,1stdibs.com Inc. Common Stock,$2.75,-0.06,-2.135%,98131135.00,United States,2021,145059,Consumer Discretionary,Catalog/Specialty Distribution
DIN,Dine Brands Global Inc. Common Stock,$24.33,-0.24,-0.977%,380175203.00,United States,,473807,Consumer Discretionary,Restaurants
DINO,HF Sinclair Corporation Common Stock,$41.08,-0.08,-0.194%,7739873762.00,United States,1960,1547727,Energy,Natural Gas Distribution
DIOD,Diodes Incorporated Common Stock,$52.89,0.07,0.133%,2454167825.00,United States,,600871,Technology,Semiconductors
DIS,Walt Disney Company (The) Common Stock,$124.01,1.67,1.365%,222938520027.00,United States,,13448452,Consumer Discretionary,Services-Misc. Amusement & Recreation
DIT,AMCON Distributing Company Common Stock,$110.10,-4.90,-4.261%,71065366.00,United States,1999,63,Consumer Discretionary,Food Distributors
DJCO,Daily Journal Corp. (S.C.) Common Stock,$422.25,3.23,0.771%,581618129.00,United States,,68757,Consumer Discretionary,Newspapers/Magazines
DJT,Trump Media & Technology Group Corp. Common Stock,$18.04,0.64,3.678%,3980066124.00,United States,2024,8628808,Technology,Computer Software: Programming Data Processing
DJTWW,Trump Media & Technology Group Corp. Warrants,$11.42,0.26,2.33%,2519531881.00,United States,2021,36790,Technology,Computer Software: Programming Data Processing
DK,Delek US Holdings Inc. Common Stock,$21.18,-0.01,-0.047%,1286204002.00,United States,2017,1134785,Energy,Integrated oil Companies
DKL,Delek Logistics Partners L.P. Common Units representing Limited Partner Interests,$42.95,-0.12,-0.279%,2295281845.00,United States,2012,50054,Energy,Natural Gas Distribution
DKNG,DraftKings Inc. Class A Common Stock,$42.89,0.00,0.00%,21285690714.00,United States,2019,7999293,Consumer Discretionary,Services-Misc. Amusement & Recreation
DKS,Dick's Sporting Goods Inc Common Stock,$197.81,-5.01,-2.47%,15834119027.00,United States,2002,1662833,Consumer Discretionary,Other Specialty Stores
DLB,Dolby Laboratories Common Stock,$74.26,0.21,0.284%,7133875121.00,United States,2005,351651,Miscellaneous,Multi-Sector Companies
DLHC,DLH Holdings Corp.,$5.84,0.34,6.182%,84016973.00,United States,,65677,Consumer Discretionary,Professional Services
DLNG,Dynagas LNG Partners LP Common Units,$3.52,-0.10,-2.762%,129105793.00,Greece,,39862,Consumer Discretionary,Marine Transportation
DLNG^A,Dynagas LNG Partners LP 9.00% Series A Cumulative Redeemable Preferred Units,$25.47,-0.01,-0.039%,,Greece,,1117,,
DLNG^B,Dynagas LNG Partners LP 8.75% Series B Fixed to Floating Rate Cumulative Redeemable Perpetual Preferred Units liquidation preference $25.00 per Uni,$25.35,0.01,0.039%,,Greece,,3733,,
DLO,DLocal Limited Class A Common Shares,$11.34,-0.14,-1.22%,3237288042.00,Uruguay,2021,1950891,Consumer Discretionary,Business Services
DLPN,Dolphin Entertainment Inc. Common Stock,$1.15,0.05,4.545%,12843337.00,United States,,9540,Consumer Discretionary,Other Consumer Services
DLR,Digital Realty Trust Inc. Common Stock,$174.33,2.97,1.733%,58712860277.00,United States,2004,2505682,Real Estate,Real Estate Investment Trusts
DLR^J,Digital Realty Trust Inc. 5.250% Series J Cumulative Redeemable Preferred Stock,$21.06,0.21,1.007%,,United States,,18901,,
DLR^K,Digital Realty Trust Inc. 5.850% Series K Cumulative Redeemable Preferred Stock par value $0.01 per share,$22.95,-0.36,-1.544%,,United States,,90675,,
DLR^L,Digital Realty Trust Inc. 5.200% Series L Cumulative Redeemable Preferred Stock,$19.98,-0.07,-0.349%,,United States,,115202,,
DLTH,Duluth Holdings Inc. Class B Common Stock,$2.10,0.08,3.96%,78915606.00,United States,2015,38672,Consumer Discretionary,Clothing/Shoe/Accessory Stores
DLTR,Dollar Tree Inc. Common Stock,$99.04,0.34,0.344%,20669233815.00,United States,1995,2769598,Consumer Discretionary,Department/Specialty Retail Stores
DLX,Deluxe Corporation Common Stock,$15.91,0.05,0.315%,711810854.00,United States,,359226,Consumer Discretionary,Publishing
DLY,DoubleLine Yield Opportunities Fund Common Shares of Beneficial Interest,$15.59,0.03,0.193%,747474695.00,United States,2020,265551,Finance,Investment Managers
DMA,Destra Multi-Alternative Fund Common Stock,$8.75,0.05,0.575%,0.00,,2022,9103,Finance,Trusts Except Educational Religious and Charitable
DMAA,Drugs Made In America Acquisition Corp. Ordinary Shares,$10.20,0.01,0.098%,0.00,United States,2025,359,,
DMAAR,Drugs Made In America Acquisition Corp. Rights,$0.1202,0.0001,0.083%,0.00,United States,2025,214,Finance,Blank Checks
DMAAU,Drugs Made In America Acquisition Corp. Units,$10.32,-0.08,-0.769%,0.00,United States,2025,466,,
DMAC,DiaMedica Therapeutics Inc. Common Stock,$3.90,0.06,1.563%,167245514.00,United States,2018,174441,Health Care,Biotechnology: Pharmaceutical Preparations
DMB,BNY Mellon Municipal Bond Infrastructure Fund Inc. Common Stock,$10.22,0.11,1.088%,0.00,,2013,80176,Finance,Trusts Except Educational Religious and Charitable
DMLP,Dorchester Minerals L.P. Common Units Representing Limited Partnership Interests,$27.86,0.65,2.389%,1318885602.00,United States,,126853,Energy,Oil & Gas Production
DMO,Western Asset Mortgage Opportunity Fund Inc. Common Stock,$11.94,0.07,0.59%,0.00,United States,2010,50484,Finance,Trusts Except Educational Religious and Charitable
DMRC,Digimarc Corporation Common Stock,$13.21,0.02,0.152%,284701933.00,United States,,140486,Technology,EDP Services
DMYY,dMY Squared Technology Group Inc. Class A Common Stock,$13.00,-0.15,-1.141%,0.00,,2022,16886,Finance,Blank Checks
DNA,Ginkgo Bioworks Holdings Inc. Class A Common Stock,$11.25,1.79,18.922%,658483616.00,United States,2021,2785686,Health Care,Biotechnology: Biological Products (No Diagnostic Substances)
DNB,Dun & Bradstreet Holdings Inc. Common Stock,$9.09,0.01,0.11%,4057999387.00,United States,2020,3086174,Finance,Finance: Consumer Services
DNLI,Denali Therapeutics Inc. Common Stock,$13.99,-0.11,-0.78%,2032415423.00,United States,2017,1752338,Health Care,Biotechnology: Biological Products (No Diagnostic Substances)
DNN,Denison Mines Corp Ordinary Shares (Canada),$1.82,0.03,1.676%,1631347065.00,Canada,,77109334,Basic Materials,Other Metals and Minerals
DNOW,DNOW Inc. Common Stock,$14.83,-1.00,-6.317%,1565575961.00,United States,2014,2823694,Industrials,Metal Fabrications
DNP,DNP Select Income Fund Inc. Common Stock,$9.79,-0.02,-0.204%,0.00,United States,1987,652569,Finance,Investment Managers
DNTH,Dianthus Therapeutics Inc. Common Stock,$18.63,1.00,5.672%,599140465.00,United States,2018,346766,Health Care,Biotechnology: Pharmaceutical Preparations
DNUT,Krispy Kreme Inc. Common Stock,$2.91,0.26,9.811%,497028000.00,United States,2021,6266596,Consumer Staples,Food Chains
DOC,Healthpeak Properties Inc. Common Stock,$17.51,0.15,0.864%,12164759176.00,United States,,7522471,Real Estate,Real Estate Investment Trusts
DOCN,DigitalOcean Holdings Inc. Common Stock,$28.56,0.30,1.062%,2599917560.00,United States,2021,1423954,Technology,Computer Software: Programming Data Processing
DOCS,Doximity Inc. Class A Common Stock,$61.34,0.25,0.409%,11521256225.00,United States,2021,1489625,Technology,EDP Services
DOCU,DocuSign Inc. Common Stock,$77.89,1.42,1.857%,15738669311.00,United States,1989,2375157,Technology,Computer Software: Prepackaged Software
DOGZ,Dogness (International) Corporation Class A Common Stock,$16.40,-12.14,-42.537%,208782791.00,China,2017,1691158,Consumer Discretionary,Miscellaneous manufacturing industries
DOLE,Dole plc Ordinary Shares,$13.99,0.15,1.084%,1330981096.00,Ireland,2021,621746,Consumer Staples,Farming/Seeds/Milling
DOMH,Dominari Holdings Inc. Common Stock,$5.44,-0.11,-1.982%,79990005.00,United States,,109877,Health Care,Biotechnology: Pharmaceutical Preparations
DOMO,Domo Inc. Class B Common Stock,$13.97,0.06,0.431%,562083900.00,United States,2018,664237,Technology,Computer Software: Prepackaged Software
DOOO,BRP Inc. (Recreational Products) Common Subordinate Voting Shares,$48.47,0.2273,0.471%,3544709688.00,Canada,,558060,Consumer Discretionary,Industrial Specialties
DORM,Dorman Products Inc. Common Stock,$122.67,-1.65,-1.327%,3742805715.00,United States,,225581,Consumer Discretionary,Auto Parts:O.E.M.
DOUG,Douglas Elliman Inc. Common Stock,$2.32,-0.05,-2.11%,205871784.00,United States,2021,838721,Finance,Real Estate
DOV,Dover Corporation Common Stock,$183.23,-0.07,-0.038%,25121633165.00,United States,,950270,Industrials,Industrial Machinery/Components
DOW,Dow Inc. Common Stock ,$26.48,-0.52,-1.926%,18717698822.00,United States,2019,11738620,Industrials,Major Chemicals
DOX,Amdocs Limited Ordinary Shares,$91.24,0.757,0.837%,10300135059.00,Guernsey,,619338,Technology,EDP Services
DOYU,DouYu International Holdings Limited ADS,$6.48,-0.06,-0.917%,195559006.00,China,2019,14686,Technology,Computer Software: Programming Data Processing
DPG,Duff & Phelps Utility and Infrastructure Fund Inc.,$12.41,0.06,0.486%,0.00,United States,2011,88521,Finance,Trusts Except Educational Religious and Charitable
DPRO,Draganfly Inc. Common Shares,$3.17,0.19,6.376%,17259994.00,Canada,,1355180,Industrials,Aerospace
DPZ,Domino's Pizza Inc Common Stock,$450.60,4.21,0.943%,15429209536.00,United States,2004,668777,Consumer Discretionary,Food Distributors
DQ,DAQO New Energy Corp. American Depositary Shares each representing five ordinary shares,$15.17,0.04,0.264%,1017250367.00,China,2010,937944,Technology,Semiconductors
DRCT,Direct Digital Holdings Inc. Class A Common Stock,$0.565,0.025,4.63%,10684986.00,United States,2022,175090,Consumer Discretionary,Advertising
DRD,DRDGOLD Limited American Depositary Shares,$13.33,0.37,2.855%,1152496750.00,South Africa,,279895,Basic Materials,Precious Metals
DRDB,Roman DBDR Acquisition Corp. II Ordinary shares,$10.31,0.01,0.097%,0.00,United States,2025,36866,,
DRDBU,Roman DBDR Acquisition Corp. II Unit,$10.57,-0.16,-1.491%,0.00,United States,2024,13813,,
DRDBW,Roman DBDR Acquisition Corp. II Warrants,$0.50,-0.01,-1.961%,0.00,United States,2025,16507,,
DRH,Diamondrock Hospitality Company Common Stock,$7.66,-0.12,-1.542%,1580344144.00,United States,2005,3327245,Real Estate,Real Estate Investment Trusts
DRH^A,Diamondrock Hospitality Company 8.250% Series A Cumulative Redeemable Preferred Stock,$24.47,-0.50,-2.002%,,United States,,64456,,
DRI,Darden Restaurants Inc. Common Stock,$217.97,1.84,0.851%,25508210841.00,United States,,1486969,Consumer Discretionary,Restaurants
DRIO,DarioHealth Corp. Common Stock,$0.67,0.00,0.00%,29446114.00,Israel,,85948,Health Care,Medical/Dental Instruments
DRMA,Dermata Therapeutics Inc. Common Stock,$0.585,-0.0194,-3.21%,3731199.00,United States,2021,50410,Health Care,Biotechnology: Pharmaceutical Preparations
DRMAW,Dermata Therapeutics Inc. Warrant,$0.0177,0.0001,0.568%,112893.00,United States,2021,132,Health Care,Biotechnology: Pharmaceutical Preparations
DRRX,DURECT Corporation Common Stock,$0.6352,0.009,1.437%,19718247.00,United States,2000,9111,Health Care,Biotechnology: Pharmaceutical Preparations
DRS,Leonardo DRS Inc. Common Stock,$46.48,1.44,3.197%,12365967048.00,Israel,,1382316,Industrials,Industrial Machinery/Components
DRTS,Alpha Tau Medical Ltd. Ordinary Shares,$3.12,0.14,4.698%,219587378.00,Israel,,91182,Health Care,Medical/Dental Instruments
DRTSW,Alpha Tau Medical Ltd. Warrant,$0.2401,-0.0097,-3.883%,16898375.00,Israel,,1183,Health Care,Medical/Dental Instruments
DRUG,Bright Minds Biosciences Inc. Common Stock,$26.11,2.84,12.205%,182482503.00,Canada,,51374,Health Care,Biotechnology: Pharmaceutical Preparations
DRVN,Driven Brands Holdings Inc. Common Stock,$17.56,0.11,0.63%,2884675304.00,United States,2021,562031,Consumer Discretionary,Automotive Aftermarket
DSGN,Design Therapeutics Inc. Common Stock,$3.37,-0.20,-5.602%,191310445.00,United States,2021,87158,Health Care,Biotechnology: Pharmaceutical Preparations
DSGR,Distribution Solutions Group Inc. Common Stock,$27.47,-0.19,-0.687%,1275661227.00,United States,,42966,Consumer Discretionary,Industrial Specialties
DSGX,Descartes Systems Group Inc. (The) Common Stock,$101.645,0.205,0.202%,8719395755.00,Canada,,766939,Technology,Computer Software: Prepackaged Software
DSL,DoubleLine Income Solutions Fund Common Shares of Beneficial Interests,$12.24,-0.03,-0.244%,1248441175.00,United States,2013,635778,Finance,Trusts Except Educational Religious and Charitable
DSM,BNY Mellon Strategic Municipal Bond Fund Inc. Common Stock,$5.60,0.00,0.00%,0.00,United States,1989,188071,Finance,Investment Managers
DSP,Viant Technology Inc. Class A Common Stock,$13.23,-0.06,-0.451%,827755906.00,United States,2021,208561,Technology,Computer Software: Programming Data Processing
DSS,DSS Inc. Common Stock,$0.94,0.06,6.818%,8546967.00,United States,,23047,Consumer Discretionary,Containers/Packaging
DSU,Blackrock Debt Strategies Fund Inc. Common Stock,$10.56,-0.02,-0.189%,0.00,United States,1998,330424,Finance,Finance Companies
DSWL,Deswell Industries Inc. Common Shares,$2.6638,0.1838,7.411%,42448290.00,Macau,1995,43659,Industrials,Plastic Products
DSX,Diana Shipping inc. common stock,$1.46,-0.05,-3.311%,169021077.00,Greece,2005,325811,Consumer Discretionary,Marine Transportation
DSX^B,Diana Shipping Inc. Perpetual Preferred Shares Series B (Marshall Islands),$26.35,-0.15,-0.566%,,Greece,,3277,,
DSY,Big Tree Cloud Holdings Limited Ordinary Shares,$1.45,0.081,5.917%,82766792.00,China,,18666,Consumer Discretionary,Containers/Packaging
DSYWW,Big Tree Cloud Holdings Limited Warrants,$0.016,0.00,0.00%,913289.00,China,,171450,Consumer Discretionary,Containers/Packaging
DT,Dynatrace Inc. Common Stock,$55.21,0.32,0.583%,16544604249.00,United States,2019,2652405,Technology,Computer Software: Prepackaged Software
DTB,DTE Energy Company 2020 Series G 4.375% Junior Subordinated Debentures due 2080,$17.22,-0.24,-1.375%,3573420044.00,United States,2020,31021,Utilities,Electric Utilities: Central
DTCK,Davis Commodities Limited Ordinary Shares,$0.7801,-0.0399,-4.866%,19112938.00,Singapore,2023,25411,Industrials,Farming/Seeds/Milling
DTE,DTE Energy Company Common Stock,$132.46,0.84,0.638%,27487527238.00,United States,,2277662,Utilities,Electric Utilities: Central
DTF,DTF Tax-Free Income 2028 Term Fund Inc. Common Stock,$11.19,0.00,0.00%,78660855.00,United States,1991,2525,Finance,Investment Managers
DTG,DTE Energy Company 2021 Series E 4.375% Junior Subordinated Debentures,$17.04,-0.13,-0.757%,3536067221.00,United States,2021,146017,Utilities,Electric Utilities: Central
DTI,Drilling Tools International Corporation Common Stock,$2.85,-0.23,-7.468%,101439300.00,United States,2021,60556,Industrials,Metal Fabrications
DTIL,Precision BioSciences Inc. Common Stock,$4.20,-0.10,-2.326%,46570583.00,United States,2019,158073,Health Care,Biotechnology: Biological Products (No Diagnostic Substances)
DTM,DT Midstream Inc. Common Stock ,$109.91,1.04,0.955%,11165832298.00,United States,2021,939170,Utilities,Natural Gas Distribution
DTSQ,DT Cloud Star Acquisition Corporation Ordinary Shares,$10.38,0.00,0.00%,0.00,United States,2024,23,,
DTSS,Datasea Inc. Common Stock,$1.94,-0.05,-2.513%,14848510.00,China,,33975,Technology,Computer Software: Prepackaged Software
DTST,Data Storage Corporation Common Stock,$3.4301,0.1001,3.006%,24490547.00,United States,,29552,Technology,EDP Services
DTSTW,Data Storage Corporation Warrant,$0.12,-0.008,-6.25%,856787.00,United States,,769,Technology,EDP Services
DTW,DTE Energy Company 2017 Series E 5.25% Junior Subordinated Debentures due 2077,$21.00,-0.16,-0.756%,4357829322.00,United States,2017,108359,Utilities,Electric Utilities: Central
DUK,Duke Energy Corporation (Holding Company) Common Stock,$118.00,1.08,0.924%,91716338626.00,United States,,3485926,Utilities,Power Generation
DUK^A,Duke Energy Corporation Depositary Shares each representing a 1/1000th interest in a share of 5.75% Series A Cumulative Redeemable Perpetual Preferred Stock,$24.32,0.02,0.082%,,United States,,772939,,
DUKB,Duke Energy Corporation 5.625% Junior Subordinated Debentures due 2078,$23.57,-0.14,-0.59%,18319950012.00,United States,2018,449705,Utilities,Power Generation
DUO,Fangdd Network Group Ltd. Class A Ordinary Shares,$2.12,-0.06,-2.752%,8277678.00,China,2019,66767,Finance,Real Estate
DUOL,Duolingo Inc. Class A Common Stock,$410.02,-1.24,-0.302%,18637149535.00,United States,2021,903077,Technology,Computer Software: Prepackaged Software
DUOT,Duos Technologies Group Inc. Common Stock,$7.15,-0.05,-0.694%,83325421.00,United States,,234976,Technology,Computer Software: Prepackaged Software
DV,DoubleVerify Holdings Inc. Common Stock,$14.97,0.13,0.876%,2432663937.00,United States,2021,2383679,Technology,Computer Software: Programming Data Processing
DVA,DaVita Inc. Common Stock,$142.45,0.78,0.551%,10754975000.00,United States,,984637,Health Care,Misc Health and Biotechnology Services
DVAX,Dynavax Technologies Corporation Common Stock,$9.92,0.01,0.101%,1191200048.00,United States,2004,1452543,Health Care,Biotechnology: Pharmaceutical Preparations
DVLT,Datavault AI Inc. Common Stock,$0.6726,-0.0301,-4.283%,44407870.00,United States,2018,812797,Technology,Semiconductors
DVN,Devon Energy Corporation Common Stock,$31.81,-0.44,-1.364%,20425201000.00,United States,1985,5833237,Energy,Oil & Gas Production
DVS,Dolly Varden Silver Corporation Common Shares,$3.38,0.17,5.296%,269108999.00,,2025,425567,,
DWSN,Dawson Geophysical Company Common Stock,$1.46,-0.10,-6.41%,45236877.00,United States,,189896,Energy,Oil & Gas Production
DWTX,Dogwood Therapeutics Inc. Common Stock,$4.77,0.06,1.274%,9116081.00,United States,2020,4575,Health Care,Biotechnology: Pharmaceutical Preparations
DX,Dynex Capital Inc. Common Stock,$12.22,0.10,0.825%,1287150197.00,United States,,3683933,Real Estate,Real Estate Investment Trusts
DX^C,Dynex Capital Inc. 6.900% Series C Fixed-to-Floating Rate Cumulative Redeemable Preferred Stock,$25.51,-0.28,-1.086%,,United States,,81568,,
DXC,DXC Technology Company Common Stock ,$15.29,0.26,1.73%,2771561788.00,United States,,1890668,Technology,EDP Services
DXCM,DexCom Inc. Common Stock,$87.29,0.96,1.112%,34227063762.00,United States,2005,2713660,Health Care,Medical/Dental Instruments
DXF,Eason Technology Limited American Depositary Shares (each representing sixty-thousand (60000) Ordinary Shares),$5.00,0.37,7.991%,1247320.00,,,52153,Finance,Finance: Consumer Services
DXLG,Destination XL Group Inc. Common Stock,$1.11,-0.02,-1.77%,59734654.00,United States,,520059,Consumer Discretionary,Clothing/Shoe/Accessory Stores
DXPE,DXP Enterprises Inc. Common Stock,$87.65,-0.41,-0.466%,1375604519.00,United States,,257733,Industrials,Industrial Machinery/Components
DXR,Daxor Corporation Common Stock,$9.79,0.64,6.995%,47383600.00,United States,,8671,Health Care,Medical/Dental Instruments
DXST,Decent Holding Inc Class A Ordinary Shares,$1.37,0.225,19.651%,22262500.00,China,2025,79997,Industrials,Miscellaneous
DXYZ,Destiny Tech100 Inc. Common Stock,$38.09,-0.60,-1.551%,0.00,,2024,336309,,
DY,Dycom Industries Inc. Common Stock,$244.39,-1.32,-0.537%,7068940914.00,United States,,307172,Industrials,Water Sewer Pipeline Comm & Power Line Construction
DYAI,Dyadic International Inc. Common Stock,$0.99,-0.0089,-0.891%,29789754.00,United States,,29596,Health Care,Biotechnology: Biological Products (No Diagnostic Substances)
DYCQ,DT Cloud Acquisition Corporation Ordinary Shares,$10.875,0.00,0.00%,0.00,United Kingdom,2024,137,,
DYCQR,DT Cloud Acquisition Corporation Right,$0.17,0.015,9.677%,0.00,United Kingdom,2024,2341,,
DYN,Dyne Therapeutics Inc. Common Stock,$9.52,-0.05,-0.522%,1082105823.00,United States,2020,1446140,Health Care,Biotechnology: Pharmaceutical Preparations
DYNX,Dynamix Corporation Class A Ordinary Shares,$10.20,0.02,0.196%,0.00,United States,2024,100925,,
DYNXU,Dynamix Corporation Unit,$10.31,0.00,0.00%,0.00,United States,2024,30,,
DYNXW,Dynamix Corporation Warrant,$0.3897,-0.0001,-0.026%,0.00,United States,2024,123,,
E,ENI S.p.A. Common Stock,$32.42,-0.07,-0.215%,53241591426.00,Italy,,479734,Energy,Oil & Gas Production
EA,Electronic Arts Inc. Common Stock,$159.70,1.96,1.243%,40047325728.00,United States,,2698430,Technology,Computer Software: Prepackaged Software
EAD,Allspring Income Opportunities Fund Common Shares,$7.06,0.02,0.284%,0.00,United States,2003,128255,Finance,Finance/Investors Services
EAF,GrafTech International Ltd. Common Stock,$0.9726,-0.0874,-8.245%,251040662.00,United States,2018,3640069,Energy,Industrial Machinery/Components
EAI,Entergy Arkansas LLC First Mortgage Bonds 4.875% Series Due September 1 2066,$20.20,-0.31,-1.511%,8701637002.00,United States,2016,122691,Utilities,Electric Utilities: Central
EARN,Ellington Credit Company Common Shares of Beneficial Interest,$5.75,-0.03,-0.519%,215965371.00,United States,2013,343824,Real Estate,Real Estate Investment Trusts
EAT,Brinker International Inc. Common Stock,$180.33,0.28,0.156%,8015876420.00,United States,,2061834,Consumer Discretionary,Restaurants
EB,Eventbrite Inc. Class A Common Stock,$2.63,-0.07,-2.593%,252188396.00,United States,2018,625893,Technology,Computer Software: Programming Data Processing
EBAY,eBay Inc. Common Stock,$74.46,0.70,0.949%,34326060000.00,United States,1998,4932151,Consumer Discretionary,Business Services
EBC,Eastern Bankshares Inc. Common Stock,$15.27,0.06,0.394%,3223343491.00,United States,2020,1852247,Finance,Savings Institutions
EBF,Ennis Inc. Common Stock,$18.14,-0.18,-0.983%,472605429.00,United States,,181226,Consumer Discretionary,Office Equipment/Supplies/Services
EBMT,Eagle Bancorp Montana Inc. Common Stock,$16.67,-0.03,-0.18%,132562791.00,United States,2010,77881,Finance,Major Banks
EBON,Ebang International Holdings Inc. Class A Ordinary Shares,$3.30,-0.01,-0.302%,21594995.00,China,2020,2817,Technology,Semiconductors
EBR,Centrais Electricas Brasileiras S A American Depositary Shares (Each representing one Common Share),$7.43,0.19,2.624%,16664589410.00,Brazil,2016,868423,Utilities,Electric Utilities: Central
EBS,Emergent BioSolutions Inc. Common Stock,$6.38,0.03,0.472%,346292536.00,United States,2006,926633,Health Care,Biotechnology: Pharmaceutical Preparations
EBTC,Enterprise Bancorp Inc Common Stock,$39.64,-0.30,-0.751%,495832421.00,United States,,57990,Finance,Major Banks
EC,Ecopetrol S.A. American Depositary Shares,$8.85,-0.08,-0.896%,18194137405.00,Colombia,,1626268,Energy,Oil & Gas Production
ECAT,BlackRock ESG Capital Allocation Term Trust Common Shares of Beneficial Interest,$16.06,0.01,0.062%,1736648100.00,United States,2021,674873,Finance,Trusts Except Educational Religious and Charitable
ECBK,ECB Bancorp Inc. Common Stock,$15.44,0.17,1.113%,139387395.00,United States,2022,72522,Finance,Banks
ECC           ,Eagle Point Credit Company Inc. Common Stock,$7.66,0.09,1.189%,464674934.00,United States,2014,1413186,Finance,Trusts Except Educational Religious and Charitable
ECC^D,Eagle Point Credit Company Inc. 6.75% Series D Preferred Stock,$19.71,0.22,1.129%,,United States,,26611,,
ECCC,Eagle Point Credit Company Inc. 6.50% Series C Term Preferred Stock due 2031,$23.30,0.03,0.129%,1413436809.00,United States,,2264,Finance,Trusts Except Educational Religious and Charitable
ECCF,Eagle Point Credit Company Inc. 8.00% Series F Term Preferred Stock due 2029,$25.00,-0.03,-0.12%,27216820700.00,United States,,3356,,
ECCU,Eagle Point Credit Company Inc. 7.75% Notes due 2030,$24.75,-0.11,-0.442%,0.00,United States,2024,9842,,
ECCV,Eagle Point Credit Company Inc. 5.375% Notes due 2029,$23.16,0.05,0.216%,1404944056.00,United States,2022,25292,Finance,Trusts Except Educational Religious and Charitable
ECCW,Eagle Point Credit Company Inc. 6.75% Notes due 2031,$23.61,0.12,0.511%,1432242192.00,United States,2021,3686,Finance,Trusts Except Educational Religious and Charitable
ECCX,Eagle Point Credit Company Inc. 6.6875% Notes due 2028,$24.54,-0.06,-0.244%,1488658339.00,United States,2022,5463,Finance,Trusts Except Educational Religious and Charitable
ECDA,ECD Automotive Design Inc. Common Stock,$0.2551,-0.0239,-8.566%,9026882.00,United States,2022,1338195,Consumer Discretionary,Auto Manufacturing
ECDAW,ECD Automotive Design Inc. Warrant ,$0.0239,0.0063,35.795%,845717.00,United States,2022,100,Consumer Discretionary,Auto Manufacturing
ECF,Ellsworth Growth and Income Fund Ltd.,$10.25,0.10,0.985%,0.00,United States,1986,8926,Finance,Finance/Investors Services
ECF^A,Ellsworth Growth and Income Fund Ltd. 5.25% Series A Cumulative Preferred Shares (Liquidation Preference $25.00 per share),$21.5868,-0.1943,-0.892%,,United States,,6403,,
ECG,Everus Construction Group Inc. Common Stock,$63.53,0.11,0.173%,3240003381.00,United States,2024,501697,Consumer Discretionary,Homebuilding
ECL,Ecolab Inc. Common Stock,$269.44,1.99,0.744%,76389639794.00,United States,,1626374,Consumer Discretionary,Package Goods/Cosmetics
ECO,Okeanis Eco Tankers Corp. Common Stock,$21.73,-0.20,-0.912%,699577967.00,,,182190,Consumer Discretionary,Marine Transportation
ECOR,electroCore Inc. Common Stock,$5.28,-0.17,-3.119%,39180863.00,United States,2018,57289,Health Care,Biotechnology: Electromedical & Electrotherapeutic Apparatus
ECPG,Encore Capital Group Inc Common Stock,$38.71,-0.72,-1.826%,903847532.00,United States,,379449,Finance,Finance Companies
ECVT,Ecovyst Inc. Common Stock,$8.23,-0.35,-4.079%,966206197.00,United States,2017,1241804,Industrials,Major Chemicals
ECX,ECARX Holdings Inc. Class A Ordinary shares,$2.05,0.11,5.67%,708746553.00,China,,3064196,Technology,EDP Services
ECXWW,ECARX Holdings Inc. Warrants,$0.0593,0.0031,5.516%,20501791.00,China,,126,Technology,EDP Services
ED,Consolidated Edison Inc. Common Stock,$100.35,2.20,2.241%,36155716043.00,United States,,2930479,Utilities,Power Generation
EDAP,EDAP TMS S.A. American Depositary Shares,$1.65,-0.02,-1.198%,61696942.00,France,1997,80469,Health Care,Biotechnology: Electromedical & Electrotherapeutic Apparatus
EDBL,Edible Garden AG Incorporated Common Stock,$2.63,-0.01,-0.379%,4353344.00,United States,2022,53201,Consumer Staples,Farming/Seeds/Milling
EDBLW,Edible Garden AG Incorporated Warrant,$0.10,0.00,0.00%,165526.00,United States,2022,7750,Consumer Staples,Farming/Seeds/Milling
EDD,Morgan Stanley Emerging Markets Domestic Debt Fund Inc. Common Stock,$5.12,-0.10,-1.916%,0.00,United States,2007,415953,Finance,Finance Companies
EDF,Virtus Stone Harbor Emerging Markets Income Fund Common Shares of Beneficial Interest,$5.05,-0.02,-0.394%,0.00,United States,2010,139729,Finance,Investment Managers
EDHL,Everbright Digital Holding Limited Ordinary Shares,$5.99,-0.04,-0.663%,158735000.00,Hong Kong,2025,670651,Consumer Discretionary,Advertising
EDIT,Editas Medicine Inc. Common Stock,$2.20,-0.08,-3.509%,184168290.00,United States,2016,2239259,Health Care,Biotechnology: Biological Products (No Diagnostic Substances)
EDN,Empresa Distribuidora Y Comercializadora Norte S.A. (Edenor) American Depositary Shares,$26.49,-1.03,-3.743%,1200599780.00,Argentina,2007,76758,Utilities,Electric Utilities: Central
EDRY,EuroDry Ltd. Common Shares ,$9.78,0.14,1.452%,27645097.00,Greece,,6869,Consumer Discretionary,Marine Transportation
EDSA,Edesa Biotech Inc. Common Shares,$2.03,-0.02,-0.976%,6592200.00,United States,,7378,Health Care,Biotechnology: Pharmaceutical Preparations
EDTK,Skillful Craftsman Education Technology Limited Ordinary Share,$0.8652,0.0102,1.193%,13782161.00,China,2020,1684,Real Estate,Other Consumer Services
EDU,New Oriental Education & Technology Group Inc. Sponsored ADR representing 10 Ordinary Share (Cayman Islands),$53.95,-0.19,-0.351%,8822380540.00,China,2006,658309,Real Estate,Other Consumer Services
EDUC,Educational Development Corporation Common Stock,$1.34,-0.02,-1.471%,11501489.00,United States,,2935,Consumer Discretionary,Consumer Specialties
EE,Excelerate Energy Inc. Class A Common Stock,$29.32,-0.17,-0.576%,3343013712.00,United States,2022,425733,Utilities,Oil/Gas Transmission
EEA,The European Equity Fund Inc. Common Stock,$10.23,0.13,1.287%,0.00,United States,,2693,Finance,Trusts Except Educational Religious and Charitable
EEFT,Euronet Worldwide Inc. Common Stock,$101.38,-0.46,-0.452%,4384163501.00,United States,1997,392767,Finance,Investment Bankers/Brokers/Service
EEIQ,EpicQuest Education Group International Limited Common Stock,$0.50,0.00,0.00%,6649087.00,United States,2021,58,Real Estate,Other Consumer Services
EEX,Emerald Holding Inc. Common Stock,$4.85,-0.09,-1.822%,964465418.00,United States,2017,96801,Consumer Discretionary,Business Services
EFC,Ellington Financial Inc. Common Stock ,$12.99,0.01,0.077%,1227725650.00,United States,2010,851534,Finance,Real Estate
EFC^A,Ellington Financial Inc. 6.750% Series A Fixed-to-Floating Rate Cumulative Redeemable Preferred Stock,$24.62,-0.72,-2.841%,,United States,,217130,,
EFC^B,Ellington Financial Inc. 6.250% Series B Fixed-Rate Reset Cumulative Redeemable Preferred Stock,$22.30,-0.57,-2.492%,,United States,,58914,,
EFC^C,Ellington Financial Inc. 8.625% Series C Fixed-Rate Reset Cumulative Redeemable Preferred Stock,$24.29,-0.81,-3.227%,,United States,,41184,,
EFC^D,Ellington Financial Inc. 7.00% Series D Cumulative Perpetual Redeemable Preferred Stock,$23.3379,0.3379,1.469%,,United States,,246,,
EFOI,Energy Focus Inc. Common Stock,$2.4462,0.1136,4.87%,13122317.00,United States,,15012,Consumer Discretionary,Building Products
EFR,Eaton Vance Senior Floating-Rate Fund Common Shares of Beneficial Interest,$12.12,0.18,1.508%,0.00,United States,2003,257634,Finance,Trusts Except Educational Religious and Charitable
EFSC,Enterprise Financial Services Corporation Common Stock,$55.10,-0.63,-1.13%,2034990668.00,United States,,242988,Finance,Major Banks
EFSCP,Enterprise Financial Services Corporation Depositary Shares Each Representing a 1/40th Interest in a Share of 5% Fixed Rate Non-Cumulative Perpetual Preferred Stock Series A,$19.70,-0.0813,-0.411%,727573796.00,United States,,209,Finance,Major Banks
EFSI,Eagle Financial Services Inc Common Stock,$30.62,0.19,0.624%,164685444.00,United States,,30991,Finance,Major Banks
EFT,Eaton Vance Floating Rate Income Trust Common Shares of Beneficial Interest,$12.48,0.13,1.053%,363048379.00,United States,2004,215828,Finance,Finance Companies
EFX,Equifax Inc. Common Stock,$259.37,3.23,1.261%,32213505264.00,United States,,981470,Finance,Finance: Consumer Services
EFXT,Enerflex Ltd Common Shares,$7.89,0.08,1.024%,974600644.00,Canada,2022,228727,Industrials,Industrial Machinery/Components
EG,Everest Group Ltd. Common Stock,$339.85,3.07,0.912%,14455427311.00,Bermuda,,387505,Finance,Property-Casualty Insurers
EGAN,eGain Corporation Common Stock,$6.25,0.04,0.644%,170941831.00,United States,1999,62855,Technology,Computer Software: Prepackaged Software
EGO,Eldorado Gold Corporation Ordinary Shares,$20.34,0.47,2.365%,4179257339.00,Canada,,1270706,Basic Materials,Precious Metals
EGP,EastGroup Properties Inc. Common Stock,$167.12,-0.43,-0.257%,8776465230.00,United States,,442566,Real Estate,Real Estate Investment Trusts
EGY,VAALCO Energy Inc.  Common Stock,$3.61,-0.12,-3.217%,374786756.00,United States,,731202,Energy,Oil & Gas Production
EH,EHang Holdings Limited ADS,$17.36,0.37,2.178%,1249657135.00,China,2019,2983023,Industrials,Aerospace
EHAB,Enhabit Inc. Common Stock,$9.64,0.08,0.837%,488144700.00,United States,2022,499483,Health Care,Medical/Nursing Services
EHC,Encompass Health Corporation Common Stock,$122.63,0.43,0.352%,12360726913.00,United States,,453119,Health Care,Hospital/Nursing Management
EHGO,Eshallgo Inc. Class A Ordinary Shares,$0.79,-0.0292,-3.564%,16183150.00,China,2024,693153,Consumer Discretionary,Diversified Commercial Services
EHI,Western Asset Global High Income Fund Inc Common Stock,$6.54,0.02,0.307%,0.00,United States,2003,69031,Finance,Investment Managers
EHLD,Euroholdings Ltd. Common Stock ,$7.73,0.23,3.067%,21772434.00,Greece,,13627,Consumer Discretionary,Marine Transportation
EHTH,eHealth Inc. Common Stock,$4.35,0.17,4.067%,131920910.00,United States,2006,371436,Finance,Specialty Insurers
EIC,Eagle Point Income Company Inc. Common Stock,$13.67,-0.08,-0.582%,121773836.00,,2019,192087,Finance,Finance/Investors Services
EICA,Eagle Point Income Company Inc. 5.00% Series A Term Preferred Stock due 2026,$24.35,0.05,0.206%,216912430.00,,2021,2226,Finance,Finance/Investors Services
EICB,Eagle Point Income Company Inc. 7.75% Series B Term Preferred Stock Due 2028,$24.9901,0.03,0.12%,0.00,,,11800,,
EICC,Eagle Point Income Company Inc. 8.00% Series C Term Preferred Stock due 2029,$25.13,0.0845,0.337%,0.00,,,83861,,
EIG,Employers Holdings Inc Common Stock,$47.18,0.07,0.149%,1134235602.00,United States,2007,276526,Finance,Property-Casualty Insurers
EIIA,Eagle Point Institutional Income Fund 8.125% Series A Term Preferred Shares Due 2029,$25.0501,0.1401,0.562%,0.00,,2024,8269,,
EIM,Eaton Vance Municipal Bond Fund Common Shares of Beneficial Interest $.01 par value,$9.67,0.09,0.939%,0.00,United States,2002,145153,Finance,Finance/Investors Services
EIX,Edison International Common Stock,$51.60,0.63,1.236%,19853804959.00,United States,,4746968,Utilities,Electric Utilities: Central
EJH,E-Home Household Service Holdings Limited Ordinary Shares,$2.55,-0.12,-4.494%,9368318.00,China,2021,23531,Consumer Discretionary,Other Consumer Services
EKSO,Ekso Bionics Holdings Inc. Common Stock,$3.29,-0.06,-1.791%,7740205.00,United States,,101306,Industrials,Industrial Machinery/Components
EL,Estee Lauder Companies Inc. (The) Common Stock,$80.80,0.71,0.887%,29067959984.00,United States,1995,4375953,Consumer Discretionary,Package Goods/Cosmetics
ELA,Envela Corporation Common Stock,$6.12,0.33,5.699%,159090630.00,United States,,102719,Consumer Discretionary,Consumer Specialties
ELAB,PMGC Holdings Inc. Common Stock,$2.16,0.02,0.935%,2970832.00,United States,2023,36028,Health Care,Biotechnology: Pharmaceutical Preparations
ELAN,Elanco Animal Health Incorporated Common Stock,$14.28,-0.01,-0.07%,7092112077.00,United States,2018,3566416,Health Care,Biotechnology: Pharmaceutical Preparations
ELBM,Electra Battery Materials Corporation Common Stock,$1.075,-0.005,-0.463%,19308261.00,Canada,,110296,Miscellaneous,Industrial Machinery/Components
ELC,Entergy Louisiana Inc. Collateral Trust Mortgage Bonds 4.875 % Series due September 1 2066,$20.03,-0.18,-0.891%,4271148167.00,United States,2016,74842,Utilities,Electric Utilities: Central
ELDN,Eledon Pharmaceuticals Inc. Common Stock,$2.71,0.02,0.743%,162279610.00,United States,2014,443091,Health Care,Biotechnology: Pharmaceutical Preparations
ELEV,Elevation Oncology Inc. Common stock,$0.3671,0.0048,1.325%,21741031.00,United States,2021,750202,Health Care,Biotechnology: Biological Products (No Diagnostic Substances)
ELF,e.l.f. Beauty Inc. Common Stock,$124.44,-1.89,-1.496%,7009503234.00,United States,2016,1175881,Consumer Discretionary,Package Goods/Cosmetics
ELLO,Ellomay Capital Ltd Ordinary Shares (Israel),$17.22,-0.08,-0.462%,221321514.00,Israel,,21819,Utilities,Electric Utilities: Central
ELMD,Electromed Inc. Common Stock,$21.99,0.00,0.00%,184410669.00,United States,2011,119943,Health Care,Biotechnology: Electromedical & Electrotherapeutic Apparatus
ELME,Elme Communities Common Stock,$15.90,-0.14,-0.873%,1401722646.00,United States,2000,689751,Real Estate,Real Estate Investment Trusts
ELP,Companhia Paranaense de Energia (COPEL) American Depositary Shares (each representing one Unit consisting one Common Share and four non-voting Class B Preferred Shares),$9.13,0.22,2.469%,2962053889.00,Brazil,2021,187051,Utilities,Electric Utilities: Central
ELPC,Companhia Paranaense de Energia (COPEL) American Depositary Shares (each representing four (4) Common Shares),$8.52,0.57,7.17%,2764151055.00,Brazil,2023,3769,Utilities,Electric Utilities: Central
ELPW,Elong Power Holding Limited Class A Ordinary Shares,$0.8792,-0.0717,-7.54%,44009335.00,China,,142443,,
ELS,Equity Lifestyle Properties Inc. Common Stock,$61.67,0.21,0.342%,11790656773.00,United States,,1363183,Real Estate,Real Estate Investment Trusts
ELSE,Electro-Sensors Inc. Common Stock,$4.23,0.00,0.00%,14589359.00,United States,,711,Industrials,Industrial Machinery/Components
ELTK,Eltek Ltd. Ordinary Shares,$10.72,0.22,2.095%,71974509.00,Israel,1997,10608,Technology,Electrical Products
ELTX,Elicio Therapeutics Inc. Common Stock,$7.72,-0.18,-2.278%,123496655.00,United States,2021,25465,Health Care,Biotechnology: Pharmaceutical Preparations
ELUT,Elutia Inc. Class A Common Stock,$1.98,-0.12,-5.714%,81409015.00,United States,2020,12982,Health Care,Biotechnology: Biological Products (No Diagnostic Substances)
ELV,Elevance Health Inc. Common Stock,$388.96,7.47,1.958%,87879522016.00,United States,,1728430,Health Care,Medical Specialities
ELVA,Electrovaya Inc. Common Shares,$3.41,0.15,4.601%,136764580.00,Canada,,91963,,
ELVN,Enliven Therapeutics Inc. Common Stock,$20.06,-0.62,-2.998%,984329315.00,United States,2020,352463,Health Care,Biotechnology: Pharmaceutical Preparations
ELWS,Earlyworks Co. Ltd. American Depositary Shares,$1.79,-0.12,-6.283%,5397530.00,Japan,2023,95870,Technology,EDP Services
EM,Smart Share Global Limited American Depositary Shares,$1.14,0.00,0.00%,289068952.00,China,2021,202484,Consumer Discretionary,Other Consumer Services
EMA,Emera Incorporated Common Shares,$45.82,0.85,1.89%,13649778000.00,,2025,94603,Utilities,Electric Utilities: Central
EMBC,Embecta Corp. Common Stock,$9.69,0.05,0.519%,566307903.00,United States,,637299,Health Care,Medical/Dental Instruments
EMCG,Embrace Change Acquisition Corp Ordinary Shares,$12.10,0.00,0.00%,0.00,United States,2022,18,Finance,Blank Checks
EMCGW,Embrace Change Acquisition Corp Warrants,$0.02,0.00,0.00%,0.00,United States,2022,116,Finance,Blank Checks
EMD,Western Asset Emerging Markets Debt Fund Inc Common Stock,$10.05,0.03,0.299%,0.00,United States,,160030,Finance,Finance/Investors Services
EME,EMCOR Group Inc. Common Stock,$534.89,4.27,0.805%,23940608760.00,United States,,421384,Industrials,Engineering & Construction
EMF,Templeton Emerging Markets Fund Common Stock,$14.59,0.09,0.621%,0.00,United States,1987,34920,Finance,Finance/Investors Services
EML,Eastern Company (The) Common Stock,$22.82,-0.54,-2.312%,140269634.00,United States,,11628,Consumer Discretionary,Industrial Machinery/Components
EMN,Eastman Chemical Company Common Stock,$74.66,-1.55,-2.034%,8620254650.00,United States,,4142406,Industrials,Major Chemicals
EMO,ClearBridge Energy Midstream Opportunity Fund Inc. Common Stock,$47.97,0.63,1.331%,0.00,United States,2011,43880,Finance,Investment Managers
EMP,Entergy Mississippi LLC First Mortgage Bonds 4.90% Series Due October 1 2066,$20.06,-0.55,-2.669%,8641328627.00,United States,2016,92106,Utilities,Electric Utilities: Central
EMR,Emerson Electric Company Common Stock,$133.33,0.16,0.12%,74998125000.00,United States,,2277862,Technology,Consumer Electronics/Appliances
EMX,EMX Royalty Corporation Common Shares (Canada),$2.52,0.02,0.80%,272140644.00,Canada,,173002,Basic Materials,Metal Mining
ENB,Enbridge Inc Common Stock,$45.32,0.54,1.206%,98797600000.00,Canada,,3618834,Energy,Natural Gas Distribution
ENFY,Enlightify Inc. Common Stock,$1.0993,-0.0307,-2.717%,15882201.00,China,,29908,Industrials,Agricultural Chemicals
ENGN,enGene Holdings Inc. Common Stock,$3.64,-0.02,-0.546%,186022932.00,Canada,,73641,Health Care,Biotechnology: Biological Products (No Diagnostic Substances)
ENGNW,enGene Holdings Inc. Warrants,$0.82,0.0966,13.354%,41906265.00,Canada,,128,Health Care,Biotechnology: Biological Products (No Diagnostic Substances)
ENGS,Energys Group Limited Ordinary Shares,$1.75,0.07,4.167%,24937500.00,United Kingdom,2025,91672,Industrials,Engineering & Construction
ENIC,Enel Chile S.A. American Depositary Shares (Each representing 50 shares of Common Stock),$3.63,0.02,0.554%,5021492053.00,Chile,2016,491665,Utilities,Electric Utilities: Central
ENJ,Entergy New Orleans LLC First Mortgage Bonds 5.0% Series due December 1 2052,$20.38,0.08,0.394%,8779176341.00,United States,,1157,Utilities,Power Generation
ENLT,Enlight Renewable Energy Ltd. Ordinary Shares,$22.73,-0.70,-2.988%,2707043897.00,Israel,2023,69476,Utilities,Electric Utilities: Central
ENLV,Enlivex Therapeutics Ltd. Ordinary Shares,$1.12,-0.08,-6.667%,26711927.00,Israel,2014,196647,Health Care,Biotechnology: Pharmaceutical Preparations
ENO,Entergy New Orleans LLC First Mortgage Bonds 5.50% Series due April 1 2066,$21.63,-0.27,-1.233%,4625161199.00,United States,2016,8769,Utilities,Power Generation
ENOV,Enovis Corporation Common Stock,$31.36,-0.42,-1.322%,1791378879.00,United States,,983181,Health Care,Industrial Specialties
ENPH,Enphase Energy Inc. Common Stock,$39.65,-1.23,-3.009%,5202358264.00,United States,2012,11496958,Technology,Semiconductors
ENR,Energizer Holdings Inc. Common Stock,$20.16,-0.08,-0.395%,1455405699.00,United States,2015,1082197,Miscellaneous,Industrial Machinery/Components
ENS,EnerSys Common Stock,$85.77,-0.99,-1.141%,3361859361.00,United States,2004,313627,Technology,Industrial Machinery/Components
ENSC,Ensysce Biosciences Inc. Common Stock,$2.23,-0.01,-0.446%,5286657.00,United States,,20899,Health Care,Biotechnology: Pharmaceutical Preparations
ENSG,The Ensign Group Inc. Common Stock,$154.26,0.9725,0.634%,8868770374.00,United States,2007,454904,Health Care,Hospital/Nursing Management
ENTA,Enanta Pharmaceuticals Inc. Common Stock,$7.56,0.06,0.80%,161606952.00,United States,2013,156827,Health Care,Biotechnology: Pharmaceutical Preparations
ENTG,Entegris Inc. Common Stock,$80.65,-1.73,-2.10%,12210410000.00,United States,2000,2347876,Industrials,Plastic Products
ENTO,Entero Therapeutics Inc. Common Stock,$0.40,0.021,5.541%,1906292.00,United States,2016,156788,Health Care,Biotechnology: Pharmaceutical Preparations
ENTX,Entera Bio Ltd. Ordinary Shares,$1.90,-0.0799,-4.036%,86359117.00,Israel,2018,11842,Health Care,Biotechnology: Biological Products (No Diagnostic Substances)
ENVA,Enova International Inc. Common Stock,$111.52,0.51,0.459%,2828902190.00,United States,2014,383945,Finance,Finance: Consumer Services
ENVB,Enveric Biosciences Inc. Common Stock,$1.21,-0.03,-2.419%,2990704.00,United States,,118424,Health Care,Biotechnology: Pharmaceutical Preparations
ENVX,Enovix Corporation Common Stock,$10.34,0.45,4.55%,1985319892.00,United States,2021,10329431,Miscellaneous,Industrial Machinery/Components
ENX,Eaton Vance New York Municipal Bond Fund Common Shares of Beneficial Interest $.01 par value,$9.29,0.04,0.432%,0.00,United States,2002,13607,Finance,Finance/Investors Services
EOD,Allspring Global Dividend Opportunity Fund Common Shares of Beneficial Interest,$5.39,0.03,0.56%,0.00,United States,2007,242779,Finance,Investment Managers
EOG,EOG Resources Inc. Common Stock,$119.61,-1.19,-0.985%,65281584266.00,United States,,3491175,Energy,Oil & Gas Production
EOI,Eaton Vance Enhance Equity Income Fund Eaton Vance Enhanced Equity Income Fund Shares of Beneficial Interest,$20.92,0.08,0.384%,0.00,United States,2004,92890,Finance,Finance/Investors Services
EOLS,Evolus Inc. Common Stock,$9.21,0.07,0.766%,593820175.00,United States,2018,796103,Health Care,Biotechnology: Pharmaceutical Preparations
EONR,EON Resources Inc. Class A Common Stock,$0.3456,0.0006,0.174%,6832284.00,,2022,2345921,Energy,Oil & Gas Production
EOS,Eaton Vance Enhance Equity Income Fund II Common Stock,$24.21,0.18,0.749%,0.00,,2005,224248,Finance,Trusts Except Educational Religious and Charitable
EOSE,Eos Energy Enterprises Inc. Class A Common Stock,$5.12,0.71,16.10%,1165259945.00,United States,,18389231,Miscellaneous,Industrial Machinery/Components
EOSEW,Eos Energy Enterprises Inc. Warrant,$0.47,0.11,30.556%,106967222.00,United States,,49049,Miscellaneous,Industrial Machinery/Components
EOT,Eaton Vance Municipal Income Trust EATON VANCE NATIONAL MUNICIPAL OPPORTUNITIES TRUST,$16.24,-0.01,-0.062%,253748717.00,United States,2009,69417,Finance,Investment Bankers/Brokers/Service
EP,Empire Petroleum Corporation Common Stock,$5.28,-0.24,-4.348%,178040159.00,United States,2022,26744,Energy,Oil & Gas Production
EP^C,El Paso Corporation Preferred Stock,$48.81,-0.29,-0.591%,,United States,,31829,,
EPAC,Enerpac Tool Group Corp. Common Stock,$40.56,-0.97,-2.336%,2193684112.00,United States,,817126,Technology,Industrial Machinery/Components
EPAM,EPAM Systems Inc. Common Stock,$176.82,1.89,1.08%,10017330591.00,United States,2012,716862,Technology,EDP Services
EPC,Edgewell Personal Care Company Common Stock,$23.41,0.16,0.688%,1100964294.00,United States,,696243,Consumer Discretionary,Package Goods/Cosmetics
EPD,Enterprise Products Partners L.P. Common Stock,$31.01,-0.05,-0.161%,67257670711.00,United States,,3393472,Utilities,Natural Gas Distribution
EPIX,ESSA Pharma Inc. Common Stock,$1.70,-0.03,-1.734%,75460535.00,Canada,,39329,Health Care,Biotechnology: Pharmaceutical Preparations
EPM,Evolution Petroleum Corporation Inc. Common Stock,$4.70,-0.23,-4.665%,161245908.00,United States,,247954,Energy,Oil & Gas Production
EPOW,Sunrise New Energy Co. Ltd Class A Ordinary Shares,$0.88,-0.026,-2.87%,23748516.00,China,2021,2975,Consumer Discretionary,Business Services
EPR,EPR Properties Common Stock,$58.26,0.71,1.234%,4431750868.00,United States,1997,940155,Real Estate,Real Estate Investment Trusts
EPR^C,EPR Properties 5.75% Series C Cumulative Convertible Preferred Shares,$25.05,-0.17,-0.674%,,United States,,76294,,
EPR^E,EPR Properties Series E Cumulative Conv Pfd Shs Ser E,$31.18,-0.10,-0.32%,,United States,,5247,,
EPR^G,EPR Properties 5.750% Series G Cumulative Redeemable Preferred Shares,$20.84,0.19,0.92%,,United States,,6122,,
EPRT,Essential Properties Realty Trust Inc. Common Stock,$31.91,-0.02,-0.063%,6302618004.00,United States,2018,2543278,Real Estate,Real Estate Investment Trusts
EPRX,Eupraxia Pharmaceuticals Inc. Common Stock,$5.76,0.46,8.679%,206492273.00,Canada,,28210,Health Care,Pharmaceuticals and Biotechnology
EPSM,Epsium Enterprise Limited Ordinary Shares,$13.23,-2.11,-13.755%,177785190.00,Macau,2025,33629,Consumer Staples,Beverages (Production/Distribution)
EPSN,Epsilon Energy Ltd. Common Share,$7.38,-0.10,-1.337%,162488449.00,United States,,209137,Energy,Oil & Gas Production
EPWK,EPWK Holdings Ltd. Class A Ordinary Shares,$0.5255,0.0055,1.058%,11512361.00,China,2025,586234,,
EQ,Equillium Inc. Common Stock,$0.3152,0.0052,1.677%,11258729.00,United States,2018,214037,Health Care,Biotechnology: Pharmaceutical Preparations
EQBK,Equity Bancshares Inc. Class A Common Stock,$40.80,-0.45,-1.091%,714632155.00,United States,,136512,Finance,Major Banks
EQH,Equitable Holdings Inc. Common Stock,$56.10,0.14,0.25%,17048521898.00,United States,2018,2286489,Finance,Specialty Insurers
EQH^A,Equitable Holdings Inc. Depositary Shares,$20.43,0.04,0.196%,,United States,,204244,,
EQH^C,Equitable Holdings Inc. Depositary Shares each representing a 1/1000th interest in a share of Fixed Rate Noncumulative Perpetual Preferred Stock Series C,$17.05,-0.07,-0.409%,,United States,,374456,,
EQIX,Equinix Inc. Common Stock REIT,$795.47,10.36,1.32%,77812072771.00,United States,2000,1066850,Real Estate,Real Estate Investment Trusts
EQNR,Equinor ASA,$25.14,0.03,0.119%,74030591240.00,Norway,,2797754,Energy,Integrated oil Companies
EQR,Equity Residential Common Shares of Beneficial Interest,$67.49,0.14,0.208%,25642398288.00,United States,,2407850,Real Estate,Real Estate Investment Trusts
EQS,Equus Total Return Inc. Common Stock,$1.36,0.00,0.00%,18477195.00,United States,,2334,Finance,Finance/Investors Services
EQT,EQT Corporation Common Stock,$58.32,0.01,0.017%,34911868320.00,United States,,11135127,Energy,Oil & Gas Production
EQV,EQV Ventures Acquisition Corp. Class A Ordinary Shares,$10.51,0.00,0.00%,0.00,,2024,14807,,
EQX,Equinox Gold Corp. Common Shares,$5.75,0.07,1.232%,2622611909.00,Canada,,11049560,Basic Materials,Precious Metals
ERAS,Erasca Inc. Common Stock,$1.27,-0.04,-3.053%,359774975.00,United States,2021,816731,Health Care,Biotechnology: Pharmaceutical Preparations
ERC,Allspring Multi-Sector Income Fund Common Stock,$9.45,0.02,0.212%,0.00,United States,2003,99464,Finance,Finance/Investors Services
ERH,Allspring Utilities and High Income Fund Common Shares,$11.55,0.08,0.697%,0.00,,2004,31033,Finance,Finance/Investors Services
ERIC,Ericsson American Depositary Shares,$8.48,0.04,0.474%,28393174713.00,Sweden,,15304113,Technology,Radio And Television Broadcasting And Communications Equipment
ERIE,Erie Indemnity Company Class A Common Stock,$346.79,6.34,1.862%,16018788432.00,United States,,139115,Finance,Specialty Insurers
ERII,Energy Recovery Inc. Common Stock,$12.78,0.16,1.268%,696500096.00,United States,2008,653756,Technology,Industrial Machinery/Components
ERJ,Embraer S.A. Common Stock,$56.91,1.96,3.567%,10436812257.00,Brazil,2000,1244888,Industrials,Aerospace
ERNA,Ernexa Therapeutics Inc. Common Stock,$1.84,-0.01,-0.541%,13544610.00,United States,,21241,Health Care,Biotechnology: Pharmaceutical Preparations
ERO,Ero Copper Corp. Common Shares,$16.85,0.08,0.477%,1745189312.00,Canada,2021,408380,Basic Materials,Metal Mining
ES,Eversource Energy (D/B/A) Common Stock,$63.62,0.26,0.41%,23373021485.00,United States,,4386065,Utilities,Electric Utilities: Central
ESAB,ESAB Corporation Common Stock,$120.55,-0.15,-0.124%,7308089631.00,United States,2022,330798,Industrials,Industrial Machinery/Components
ESCA,Escalade Incorporated Common Stock,$13.98,-0.23,-1.619%,192740191.00,United States,,21539,Consumer Discretionary,Recreational Games/Products/Toys
ESE,ESCO Technologies Inc. Common Stock,$191.87,-2.63,-1.352%,4954945088.00,United States,,195179,Telecommunications,Telecommunications Equipment
ESEA,Euroseas Ltd. Common Stock (Marshall Islands),$44.72,-0.81,-1.779%,313335689.00,Greece,,48406,Consumer Discretionary,Marine Transportation
ESGL,ESGL Holdings Limited Ordinary Shares,$3.15,-0.3989,-11.24%,131721156.00,Singapore,,131133,Utilities,Environmental Services
ESGLW,ESGL Holdings Limited Warrants,$0.031,-0.019,-38.00%,1296303.00,Singapore,,97653,Utilities,Environmental Services
ESGR,Enstar Group Limited Ordinary Shares,$336.36,0.33,0.098%,5015161909.00,Bermuda,,85185,Finance,Property-Casualty Insurers
ESGRO,Enstar Group Limited Depository Shares 7.00% Perpetual Non-Cumulative Preference Shares Series E,$20.50,0.45,2.244%,305657091.00,Bermuda,,22894,Finance,Property-Casualty Insurers
ESGRP,Enstar Group Limited Depositary Shares Each Representing 1/1000th of an interest in Preference Shares,$20.11,-0.34,-1.663%,299842151.00,Bermuda,,285348,Finance,Property-Casualty Insurers
ESHA,ESH Acquisition Corp. Class A Common Stock,$10.99,0.00,0.00%,0.00,United States,2023,109,Finance,Blank Checks
ESHAR,ESH Acquisition Corp. Right,$0.0735,0.00,0.00%,0.00,United States,2023,2,Finance,Blank Checks
ESI,Element Solutions Inc. Common Stock,$22.65,-0.14,-0.614%,5492717253.00,United States,2014,2440858,Industrials,Major Chemicals
ESLA,Estrella Immunopharma Inc. Common Stock,$0.96,0.079,8.967%,34718965.00,United States,2021,22812,Health Care,Biotechnology: Biological Products (No Diagnostic Substances)
ESLAW,Estrella Immunopharma Inc. Warrant,$0.0475,0.0114,31.579%,1717865.00,United States,2021,216,Health Care,Biotechnology: Biological Products (No Diagnostic Substances)
ESLT,Elbit Systems Ltd. Ordinary Shares,$449.50,15.19,3.498%,20050739070.00,Israel,,197514,Industrials,Military/Government/Technical
ESNT,Essent Group Ltd. Common Shares,$60.73,0.09,0.148%,6158115889.00,Bermuda,2013,573779,Finance,Property-Casualty Insurers
ESOA,Energy Services of America Corporation Common Stock,$9.94,0.45,4.742%,166175021.00,United States,,323174,Industrials,Water Sewer Pipeline Comm & Power Line Construction
ESP,Espey Mfg. & Electronics Corp. Common Stock,$45.71,-0.51,-1.103%,129423248.00,United States,1960,39797,Technology,Industrial Machinery/Components
ESPR,Esperion Therapeutics Inc. Common Stock,$0.9844,-0.0092,-0.926%,195107550.00,United States,2013,1496224,Health Care,Biotechnology: Pharmaceutical Preparations
ESQ,Esquire Financial Holdings Inc. Common Stock,$94.66,-0.34,-0.358%,800965022.00,United States,2017,128005,Finance,Commercial Banks
ESRT,Empire State Realty Trust Inc. Class A Common Stock,$8.09,0.00,0.00%,1363054118.00,United States,2013,2266189,Real Estate,Real Estate Investment Trusts
ESS,Essex Property Trust Inc. Common Stock,$283.40,-2.01,-0.704%,18246759162.00,United States,1994,559515,Real Estate,Real Estate Investment Trusts
ESSA,ESSA Bancorp Inc. Common Stock,$19.40,0.15,0.779%,197000482.00,United States,2007,56267,Finance,Banks
ESTA,Establishment Labs Holdings Inc. Common Shares,$42.71,1.78,4.349%,1235055918.00,Costa Rica,2018,359813,Health Care,Industrial Specialties
ESTC,Elastic N.V. Ordinary Shares,$84.33,1.64,1.983%,8899757021.00,United States,2018,1661334,Technology,Computer Software: Prepackaged Software
ET,Energy Transfer LP Common Units ,$18.13,-0.07,-0.385%,62218137297.00,United States,,11166686,Utilities,Natural Gas Distribution
ET^I,Energy Transfer L.P. Series I Fixed Rate Perpetual Preferred Units,$11.25,-0.02,-0.177%,,United States,,94581,,
ETB,Eaton Vance Tax-Managed Buy-Write Income Fund Eaton Vance Tax-Managed Buy-Write Income Fund Common Shares of Beneficial Interest,$14.44,0.04,0.278%,424122987.00,United States,2005,66103,Finance,Investment Bankers/Brokers/Service
ETD,Ethan Allen Interiors Inc. Common Stock,$27.85,-0.07,-0.251%,708224386.00,United States,,191956,Consumer Discretionary,Home Furnishings
ETG,Eaton Vance Tax-Advantaged Global Dividend Income Fund Common Shares of Beneficial Interest,$20.94,0.10,0.48%,0.00,United States,2004,156612,Finance,Investment Managers
ETI^,Entergy Texas Inc 5.375% Series A Preferred Stock Cumulative No Par Value,$22.63,-0.095,-0.418%,,United States,,526,,
ETJ,Eaton Vance Risk-Managed Diversified Equity Income Fund Common Shares of Beneficial Interest,$9.04,0.06,0.668%,0.00,United States,2007,188244,Finance,Finance Companies
ETN,Eaton Corporation PLC Ordinary Shares,$356.99,3.76,1.064%,139690187000.00,Ireland,,2212348,Technology,Industrial Machinery/Components
ETNB,89bio Inc. Common Stock,$9.82,-0.04,-0.406%,1433564667.00,United States,2019,1911911,Health Care,Biotechnology: Pharmaceutical Preparations
ETO,Eaton Vance Tax-Advantage Global Dividend Opp Common Stock,$27.19,0.11,0.406%,445593472.00,United States,2004,43398,Finance,Investment Managers
ETON,Eton Pharmaceuticals Inc. Common Stock,$14.25,0.24,1.713%,382149874.00,United States,2018,499134,Health Care,Biotechnology: Pharmaceutical Preparations
ETOR,eToro Group Ltd. Class A Common Shares,$66.59,2.00,3.096%,5385369228.00,Israel,2025,2035652,Finance,Investment Bankers/Brokers/Service
ETR,Entergy Corporation Common Stock,$83.12,0.64,0.776%,35805943940.00,United States,,2526732,Utilities,Electric Utilities: Central
ETSY,Etsy Inc. Common Stock,$50.16,-0.48,-0.948%,5230797961.00,United States,2015,4032349,Consumer Discretionary,Business Services
ETV,Eaton Vance Corporation Eaton Vance Tax-Managed Buy-Write Opportunities Fund Common Shares of Beneficial Interest,$13.87,0.09,0.653%,1515552001.00,United States,2005,274181,Finance,Investment Bankers/Brokers/Service
ETW,Eaton Vance Corporation Eaton Vance Tax-Managed Global Buy-Write Opportunites Fund Common Shares of Beneficial Interest,$8.65,0.09,1.051%,948020849.00,United States,2005,392202,Finance,Investment Managers
ETWO,E2open Parent Holdings Inc.Class A Common Stock,$3.23,-0.01,-0.309%,1001842882.00,United States,2020,1225673,Technology,EDP Services
ETX           ,Eaton Vance Municipal Income 2028 Term Trust Common Shares of Beneficial Interest,$18.01,-0.03,-0.166%,196038058.00,,2013,25176,Finance,Investment Managers
ETY,Eaton Vance Tax-Managed Diversified Equity Income Fund Common Shares of Beneficial Interest,$15.47,0.02,0.129%,0.00,United States,2006,307015,Finance,Finance Companies
EU,enCore Energy Corp. Common Shares,$2.86,0.21,7.925%,530090733.00,United States,,5538313,Basic Materials,Other Metals and Minerals
EUDA,EUDA Health Holdings Limited Ordinary Shares,$3.58,0.15,4.373%,133019848.00,Singapore,2021,100228,Health Care,Medical/Nursing Services
EUDAW,EUDA Health Holdings Limited Warrant,$0.13,0.0004,0.309%,4830330.00,Singapore,2021,2724,Health Care,Medical/Nursing Services
EURK,Eureka Acquisition Corp Class A Ordinary Share,$10.425,0.00,0.00%,0.00,United States,2024,38,,
EURKR,Eureka Acquisition Corp Right,$0.22,0.00,0.00%,0.00,United States,2024,100,,
EURKU,Eureka Acquisition Corp Unit,$10.81,0.00,0.00%,0.00,United States,2024,11,,
EVAX,Evaxion A/S American Depositary Share,$2.45,0.00,0.00%,15475601.00,Denmark,2021,37750,Health Care,Biotechnology: Biological Products (No Diagnostic Substances)
EVC,Entravision Communications Corporation Common Stock,$2.32,-0.01,-0.429%,211064988.00,United States,2000,237777,Industrials,Broadcasting
EVCM,EverCommerce Inc. Common Stock,$10.50,0.20,1.942%,1916679135.00,United States,2021,260562,Technology,Computer Software: Prepackaged Software
EVER,EverQuote Inc. Class A Common Stock,$24.18,-0.07,-0.289%,787113768.00,United States,2018,525214,Technology,Computer Software: Programming Data Processing
EVEX,Eve Holding Inc. Common Stock,$6.86,0.17,2.541%,2041839884.00,,2022,758144,Industrials,Aerospace
EVF,Eaton Vance Senior Income Trust Common Stock,$5.69,0.03,0.53%,99796102.00,United States,1998,69971,Finance,Investment Bankers/Brokers/Service
EVG,Eaton Vance Short Diversified Income Fund Eaton Vance Short Duration Diversified Income Fund Common Shares of Beneficial Interest,$11.03,0.02,0.182%,0.00,United States,2005,33485,Finance,Investment Managers
EVGN,Evogene Ltd Ordinary Shares,$1.28,-0.02,-1.538%,8338674.00,Israel,,138237,Industrials,Agricultural Chemicals
EVGO,EVgo Inc. Class A Common Stock,$3.65,-0.07,-1.882%,1120434029.00,United States,,3556059,Technology,EDP Services
EVGOW,EVgo Inc. Warrants,$0.22,0.012,5.769%,67533010.00,United States,,28009,Technology,EDP Services
EVH,Evolent Health Inc Class A Common Stock,$11.26,0.10,0.896%,1321921861.00,United States,2015,2907139,Consumer Discretionary,Other Consumer Services
EVI,EVI Industries Inc.  Common Stock,$21.83,0.82,3.903%,278522661.00,United States,1999,33766,Consumer Discretionary,Other Consumer Services
EVLV,Evolv Technologies Holdings Inc. Class A Common Stock,$6.24,0.01,0.161%,1023336631.00,United States,2020,4009160,Technology,Computer peripheral equipment
EVLVW,Evolv Technologies Holdings Inc. Warrant,$0.55,0.082,17.521%,90197940.00,United States,2020,62652,Technology,Computer peripheral equipment
EVM,Eaton Vance California Municipal Bond Fund Common Shares of Beneficial Interest $.01 par value,$8.92,0.05,0.564%,0.00,United States,2002,41453,Finance,Finance/Investors Services
EVN,Eaton Vance Municipal Income Trust Common Stock,$10.23,-0.02,-0.195%,405795077.00,United States,1999,112437,Finance,Investment Managers
EVO,Evotec SE American Depositary Shares,$4.20,0.04,0.962%,372510688.00,Germany,2021,112723,Health Care,Biotechnology: Pharmaceutical Preparations
EVOK,Evoke Pharma Inc. Common Stock,$2.60,-0.0272,-1.035%,3881431.00,United States,2013,15610,Health Care,Biotechnology: Pharmaceutical Preparations
EVR,Evercore Inc. Class A Common Stock,$270.02,1.11,0.413%,10438814158.00,United States,2006,571831,Finance,Investment Managers
EVRG,Evergy Inc. Common Stock,$68.93,0.62,0.908%,15860151813.00,United States,,2032969,Utilities,Power Generation
EVRI,Everi Holdings Inc. Common Stock,$14.24,0.01,0.07%,1236833043.00,United States,,2170249,Consumer Discretionary,Services-Misc. Amusement & Recreation
EVT,Eaton Vance Tax Advantaged Dividend Income Fund Common Shares of Beneficial Interest,$24.10,0.11,0.459%,0.00,United States,2003,181288,Finance,Finance Companies
EVTC,Evertec Inc. Common Stock,$36.05,0.15,0.418%,2293287476.00,Puerto Rico,2013,254518,Technology,EDP Services
EVTL,Vertical Aerospace Ltd. Ordinary Shares,$6.77,0.04,0.594%,572421921.00,,2021,926624,Industrials,Aerospace
EVTV,Envirotech Vehicles Inc. Common Stock,$0.179,0.009,5.294%,4594968.00,United States,,288931,Consumer Discretionary,Auto Parts:O.E.M.
EVV,Eaton Vance Limited Duration Income Fund Common Shares of Beneficial Interest,$10.26,0.07,0.687%,0.00,United States,2003,164528,Finance,Finance/Investors Services
EW,Edwards Lifesciences Corporation Common Stock,$78.21,0.00,0.00%,45877986000.00,United States,,3098899,Health Care,Industrial Specialties
EWBC,East West Bancorp Inc. Common Stock,$100.98,-0.13,-0.129%,13917587888.00,United States,,755054,Finance,Major Banks
EWCZ,European Wax Center Inc. Class A Common Stock,$5.63,-0.14,-2.426%,310804781.00,United States,2021,767345,Consumer Discretionary,Other Consumer Services
EWTX,Edgewise Therapeutics Inc. Common Stock,$13.11,-0.06,-0.456%,1379174897.00,United States,2021,921186,Health Care,Biotechnology: Pharmaceutical Preparations
EXAS,Exact Sciences Corporation Common Stock,$53.14,-0.51,-0.951%,10024205943.00,United States,2001,2086717,Health Care,Medical Specialities
EXC,Exelon Corporation Common Stock,$43.42,0.51,1.189%,43834038531.00,United States,,7186211,Utilities,Power Generation
EXE,Expand Energy Corporation Common Stock,$116.94,-2.02,-1.698%,27829315597.00,United States,,2600224,Energy,Oil & Gas Production
EXEEL,Expand Energy Corporation Class C Warrants,$114.0101,0.00,0.00%,27132059638.00,United States,,23,Energy,Oil & Gas Production
EXEEZ,Expand Energy Corporation Class B Warrants,$107.24,0.00,0.00%,25520915038.00,United States,,2,Energy,Oil & Gas Production
EXEL,Exelixis Inc. Common Stock,$44.075,0.405,0.927%,12019617441.00,United States,2000,3430941,Health Care,Biotechnology: Biological Products (No Diagnostic Substances)
EXFY,Expensify Inc. Class A Common Stock,$2.59,0.04,1.569%,239323918.00,United States,2021,1310225,Technology,Computer Software: Prepackaged Software
EXG,Eaton Vance Tax-Managed Global Diversified Equity Income Fund Common Shares of Beneficial Interest,$8.75,0.02,0.229%,0.00,United States,2007,1382880,Finance,Finance Companies
EXK,Endeavour Silver Corporation Ordinary Shares (Canada),$4.92,0.10,2.075%,1424537882.00,Canada,,10992763,Basic Materials,Precious Metals
EXLS,ExlService Holdings Inc. Common Stock,$43.79,-0.03,-0.068%,7124385805.00,United States,2006,2802154,Consumer Discretionary,Business Services
EXOD,Exodus Movement Inc. Class A Common Stock,$28.83,-1.02,-3.417%,829153366.00,United States,,123704,Finance,Finance: Consumer Services
EXOZ,eXoZymes Inc. Common Stock,$9.88,-0.51,-4.909%,82673963.00,United States,2024,43194,Health Care,Biotechnology: Biological Products (No Diagnostic Substances)
EXP,Eagle Materials Inc Common Stock,$202.11,-2.66,-1.299%,6609871732.00,United States,,324934,Industrials,Building Materials
EXPD,Expeditors International of Washington Inc. Common Stock,$114.25,-0.74,-0.644%,15646315284.00,United States,,1208204,Consumer Discretionary,Oil Refining/Marketing
EXPE,Expedia Group Inc. Common Stock,$168.68,-2.08,-1.218%,21442752737.00,United States,,1461560,Consumer Discretionary,Transportation Services
EXPI,eXp World Holdings Inc. Common Stock,$9.10,-0.17,-1.834%,1421139083.00,United States,,1011235,Finance,Real Estate
EXPO,Exponent Inc. Common Stock,$74.71,0.55,0.742%,3791643220.00,United States,,335915,Consumer Discretionary,Professional Services
EXR,Extra Space Storage Inc Common Stock,$147.44,1.58,1.083%,31288372295.00,United States,2004,1393372,Real Estate,Real Estate Investment Trusts
EXTR,Extreme Networks Inc. Common Stock,$17.95,0.18,1.013%,2390360071.00,United States,1999,1271679,Telecommunications,Computer Communications Equipment
EYE,National Vision Holdings Inc. Common Stock,$23.01,-0.16,-0.691%,1819024694.00,United States,2017,2625208,Health Care,Ophthalmic Goods
EYEN,Eyenovia Inc. Common Stock,$10.38,-0.50,-4.596%,29923547.00,United States,2018,3938885,Health Care,Biotechnology: Pharmaceutical Preparations
EYPT,EyePoint Pharmaceuticals Inc. Common Stock,$9.41,-0.23,-2.386%,647518436.00,United States,,593657,Industrials,Biotechnology: Laboratory Analytical Instruments
EZGO,EZGO Technologies Ltd. Ordinary Shares,$0.3254,-0.0072,-2.165%,1846701.00,China,2021,44408,Consumer Discretionary,Motor Vehicles
EZPW,EZCORP Inc. Class A Non Voting Common Stock,$13.88,0.26,1.909%,763591128.00,United States,1991,776661,Consumer Discretionary,Other Specialty Stores
F,Ford Motor Company Common Stock,$10.85,0.05,0.463%,43145554968.00,United States,,88445086,Consumer Discretionary,Auto Manufacturing
F^B,Ford Motor Company 6.20% Notes due June 1 2059,$20.98,-0.32,-1.502%,,United States,,158230,,
F^C,Ford Motor Company 6% Notes due December 1 2059,$20.79,-0.33,-1.563%,,United States,,167205,,
F^D,Ford Motor Company 6.500% Notes due August 15 2062,$22.40,-0.15,-0.665%,,United States,,140029,,
FA,First Advantage Corporation Common Stock,$16.61,0.81,5.127%,2884717649.00,United States,2021,1748970,Consumer Discretionary,Business Services
FAAS,DigiAsia Corp. Ordinary Shares,$0.5706,-0.0553,-8.835%,34630762.00,United States,2021,915794,Technology,Computer Software: Prepackaged Software
FAASW,DigiAsia Corp. Warrant,$0.0499,-0.0001,-0.20%,3028523.00,United States,2021,21112,Technology,Computer Software: Prepackaged Software
FACT,FACT II Acquisition Corp. Class A Ordinary Shares,$10.29,0.00,0.00%,0.00,United States,2024,44,,
FACTU,FACT II Acquisition Corp. Unit,$10.30,0.00,0.00%,0.00,United States,2024,135,Finance,Blank Checks
FACTW,FACT II Acquisition Corp. Warrant,$0.30,0.00,0.00%,0.00,United States,2024,34,Finance,Blank Checks
FAF,First American Corporation (New) Common Stock,$61.39,0.16,0.261%,6317031000.00,United States,,923142,Finance,Specialty Insurers
FAMI,Farmmi Inc. Ordinary Shares,$1.83,0.01,0.549%,2288415.00,China,2018,67275,Consumer Staples,Packaged Foods
FANG,Diamondback Energy Inc. Common Stock,$137.40,-2.37,-1.696%,40143877704.00,United States,2012,2385561,Energy,Oil & Gas Production
FARM,Farmer Brothers Company Common Stock,$1.37,-0.03,-2.143%,29530887.00,United States,,62417,Consumer Staples,Packaged Foods
FARO,FARO Technologies Inc. Common Stock,$43.92,-0.07,-0.159%,844416461.00,United States,1997,790287,Industrials,Industrial Machinery/Components
FAST,Fastenal Company Common Stock,$42.00,0.04,0.095%,48184133592.00,United States,1987,5810886,Consumer Discretionary,RETAIL: Building Materials
FAT,FAT Brands Inc. Class A Common Stock,$2.38,0.02,0.847%,42415889.00,United States,2017,33798,Consumer Discretionary,Restaurants
FATBB,FAT Brands Inc. Class B Common Stock,$2.50,-0.05,-1.961%,44554505.00,United States,,4231,Consumer Discretionary,Restaurants
FATBP,FAT Brands Inc. 8.25% Series B Cumulative Preferred Stock,$2.45,-0.39,-13.732%,43663415.00,United States,,106270,Consumer Discretionary,Restaurants
FATBW,FAT Brands Inc. Warrant,$2.53,-1.67,-39.762%,45089159.00,United States,,5641,Consumer Discretionary,Restaurants
FATE,Fate Therapeutics Inc. Common Stock,$1.12,0.08,7.692%,128388985.00,United States,2013,1975981,Health Care,Biotechnology: Biological Products (No Diagnostic Substances)
FATN,FatPipe Inc. Common Stock,$9.84,2.04,26.154%,135469287.00,United States,2025,147798,Technology,Computer Software: Prepackaged Software
FAX,abrdn Asia-Pacific Income Fund Inc. Common Stock,$15.92,-0.02,-0.125%,0.00,United States,1986,355708,Finance,Investment Managers
FBGL,FBS Global Limited Ordinary Shares,$0.60,0.00,0.00%,8100000.00,Singapore,2025,69489,Consumer Discretionary,Miscellaneous manufacturing industries
FBIN,Fortune Brands Innovations Inc. Common Stock,$51.48,0.18,0.351%,6191017799.00,United States,,1938689,Basic Materials,Forest Products
FBIO,Fortress Biotech Inc. Common Stock,$1.86,0.04,2.198%,55000051.00,United States,,211682,Health Care,Biotechnology: Pharmaceutical Preparations
FBIOP,Fortress Biotech Inc. 9.375% Series A Cumulative Redeemable Perpetual Preferred Stock,$7.70,-0.29,-3.63%,227688384.00,United States,,7852,Health Care,Biotechnology: Pharmaceutical Preparations
FBIZ,First Business Financial Services Inc. Common Stock,$50.66,-0.25,-0.491%,421432434.00,United States,,68380,Finance,Major Banks
FBK,FB Financial Corporation Common Stock,$45.30,-0.10,-0.22%,2081633663.00,United States,2016,583985,Finance,Major Banks
FBLA,FB Bancorp Inc. Common Stock,$11.25,-0.17,-1.489%,223171875.00,United States,2024,216207,Finance,Banks
FBLG,FibroBiologics Inc. Common Stock,$0.6222,0.0041,0.663%,23806981.00,United States,,457127,Health Care,Biotechnology: Pharmaceutical Preparations
FBNC,First Bancorp Common Stock,$44.09,0.57,1.31%,1826215031.00,United States,1987,598108,Finance,Major Banks
FBP,First BanCorp. New Common Stock,$20.83,-0.05,-0.239%,3364931733.00,Puerto Rico,,931743,Finance,Major Banks
FBRT,Franklin BSP Realty Trust Inc. Common Stock,$10.69,-0.34,-3.083%,878874395.00,United States,2021,587416,Real Estate,Real Estate Investment Trusts
FBRT^E,Franklin BSP Realty Trust Inc. 7.50% Series E Cumulative Redeemable Preferred Stock,$20.22,-0.79,-3.76%,,United States,,72090,,
FBRX,Forte Biosciences Inc. Common Stock,$12.93,0.68,5.551%,85123129.00,United States,2017,98880,Health Care,Biotechnology: Pharmaceutical Preparations
FBYD,Falcon's Beyond Global Inc. Class A Common Stock,$5.89,0.15,2.613%,712932161.00,United States,,6329,Consumer Discretionary,Services-Misc. Amusement & Recreation
FBYDW,Falcon's Beyond Global Inc. Warrants,$0.81,0.00,0.00%,98043302.00,United States,,6,Consumer Discretionary,Services-Misc. Amusement & Recreation
FC,Franklin Covey Company Common Stock,$22.82,-0.56,-2.395%,296379885.00,United States,,156442,Consumer Discretionary,Other Consumer Services
FCAP,First Capital Inc. Common Stock,$41.29,-0.10,-0.242%,138542525.00,United States,,33774,Finance,Savings Institutions
FCBC,First Community Bankshares Inc. (VA) Common Stock,$39.17,-0.46,-1.161%,715993444.00,United States,,68985,Finance,Major Banks
FCCO,First Community Corporation Common Stock,$24.38,0.70,2.956%,187277432.00,United States,,51184,Finance,Major Banks
FCEL,FuelCell Energy Inc. Common Stock,$5.61,0.10,1.815%,127857123.00,United States,,2094029,Energy,Industrial Machinery/Components
FCF,First Commonwealth Financial Corporation Common Stock,$16.23,-0.12,-0.734%,1703160506.00,United States,,564066,Finance,Major Banks
FCFS,FirstCash Holdings Inc. Common Stock,$135.14,0.625,0.465%,5995427449.00,United States,1991,313366,Consumer Discretionary,Other Specialty Stores
FCN,FTI Consulting Inc. Common Stock,$161.50,0.80,0.498%,5537348562.00,United States,1999,202513,Consumer Discretionary,Professional Services
FCNCA,First Citizens BancShares Inc. Class A Common Stock,$1956.47,-0.39,-0.02%,25999255924.00,United States,,77776,Finance,Major Banks
FCNCO,First Citizens BancShares Inc. 5.625% Non-Cumulative Perpetual Preferred Stock Series C,$22.98,-0.20,-0.863%,305378003.00,United States,,34517,Finance,Major Banks
FCNCP,First Citizens BancShares Inc. Depositary Shares,$21.68,0.05,0.231%,288102485.00,United States,,280886,Finance,Major Banks
FCO,abrdn Global Income Fund Inc. Common Stock,$6.39,0.04,0.63%,0.00,United States,1992,89917,Finance,Investment Managers
FCPT,Four Corners Property Trust Inc. Common Stock,$26.91,-0.19,-0.701%,2703701681.00,United States,2015,924316,Real Estate,Real Estate Investment Trusts
FCRX,Crescent Capital BDC Inc. 5.00% Notes due 2026,$24.56,-0.29,-1.167%,910231594.00,United States,2023,43042,Finance,Finance: Consumer Services
FCT,First Trust Senior Floating Rate Income Fund II Common Shares of Beneficial Interest,$10.16,0.05,0.495%,0.00,United States,2004,207041,Finance,Finance Companies
FCUV,Focus Universal Inc. Common Stock,$4.09,-0.10,-2.387%,29137213.00,United States,,13697,Industrials,Industrial Machinery/Components
FCX,Freeport-McMoRan Inc. Common Stock,$43.35,-0.52,-1.185%,62259280968.00,United States,,10251755,Basic Materials,Metal Mining
FDBC,Fidelity D & D Bancorp Inc. Common Stock,$46.00,-0.01,-0.022%,265305000.00,United States,,5901,Finance,Major Banks
FDMT,4D Molecular Therapeutics Inc. Common Stock,$3.71,-0.13,-3.385%,171864422.00,United States,2020,235825,Health Care,Biotechnology: Biological Products (No Diagnostic Substances)
FDP,Fresh Del Monte Produce Inc. Common Stock,$32.42,0.36,1.123%,1553825047.00,Cayman Islands,1997,281814,Consumer Staples,Farming/Seeds/Milling
FDS,FactSet Research Systems Inc. Common Stock,$447.28,5.85,1.325%,16972959655.00,United States,2000,266952,Technology,Computer Software: Programming Data Processing
FDSB,Fifth District Bancorp Inc. Common Stock,$12.35,0.10,0.816%,68659492.00,United States,2024,6854,Finance,Savings Institutions
FDUS,Fidus Investment Corporation Common Stock,$20.20,0.31,1.559%,707239976.00,United States,2011,175123,Finance,Finance/Investors Services
FDX,FedEx Corporation Common Stock,$227.31,-1.60,-0.699%,54463230278.00,United States,,2598887,Consumer Discretionary,Air Freight/Delivery Services
FE,FirstEnergy Corp. Common Stock,$40.26,0.36,0.902%,23236310383.00,United States,,6173619,Utilities,Electric Utilities: Central
FEAM,5E Advanced Materials Inc. Common Stock,$3.52,-0.30,-7.853%,70462466.00,United States,,35678,Industrials,Mining & Quarrying of Nonmetallic Minerals (No Fuels)
FEBO,Fenbo Holdings Limited Ordinary Shares,$1.06,-0.0391,-3.557%,11726250.00,Hong Kong,2023,84960,Consumer Discretionary,Home Furnishings
FEDU,Four Seasons Education (Cayman) Inc. American Depositary Shares each ADS representing 10 ordinary shares,$10.2699,0.6499,6.756%,23210570.00,,2017,1584,Real Estate,Other Consumer Services
FEIM,Frequency Electronics Inc. Common Stock,$22.71,-0.57,-2.448%,219753610.00,United States,,488383,Industrials,Electrical Products
FELE,Franklin Electric Co. Inc. Common Stock,$89.74,-0.57,-0.631%,4091773464.00,United States,,223875,Consumer Discretionary,Metal Fabrications
FEMY,Femasys Inc. Common Stock,$0.9658,-0.0142,-1.449%,26308281.00,United States,2021,165319,Health Care,Medical/Dental Instruments
FENC,Fennec Pharmaceuticals Inc. Common Stock,$8.30,0.05,0.606%,229030200.00,United States,,91707,Health Care,Biotechnology: Biological Products (No Diagnostic Substances)
FENG,Phoenix New Media Limited American Depositary Shares each representing 48 Class A ordinary shares.,$2.17,0.03,1.402%,26063384.00,China,2011,1883,Industrials,Broadcasting
FER,Ferrovial SE Ordinary Shares,$53.57,0.31,0.582%,38580368948.00,Netherlands,,95569,Industrials,Military/Government/Technical
FERA,Fifth Era Acquisition Corp I Class A Ordinary Shares,$10.15,0.00,0.00%,0.00,Cayman Islands,2025,122671,,
FERAU,Fifth Era Acquisition Corp I Units,$10.40,0.00,0.00%,0.00,Cayman Islands,2025,124,Finance,Blank Checks
FERG,Ferguson Enterprises Inc. Common Stock,$217.75,-0.25,-0.115%,43854644662.00,United Kingdom,2021,2373248,Miscellaneous,Miscellaneous
FET,Forum Energy Technologies Inc. Common Stock,$19.47,-0.64,-3.182%,240836599.00,United States,2012,169952,Industrials,Metal Fabrications
FF,FutureFuel Corp.  Common shares,$3.88,-0.07,-1.772%,169956583.00,United States,,226249,Industrials,Major Chemicals
FFA,First Trust Enhanced Equity Income Fund,$20.48,0.02,0.098%,0.00,United States,2004,65736,Finance,Investment Managers
FFAI,Faraday Future Intelligent Electric Inc. Class A Common Stock,$1.68,0.21,14.286%,164006227.00,United States,2020,14825180,Consumer Discretionary,Auto Manufacturing
FFAIW,Faraday Future Intelligent Electric Inc. Warrant,$0.043,0.0041,10.54%,4197778.00,United States,2020,155472,Consumer Discretionary,Auto Manufacturing
FFBC,First Financial Bancorp. Common Stock,$24.26,-0.09,-0.37%,2322559145.00,United States,,463372,Finance,Major Banks
FFC,Flaherty & Crumrine Preferred and Income Securities Fund Incorporated,$16.29,0.06,0.37%,0.00,United States,2003,219432,Finance,Trusts Except Educational Religious and Charitable
FFIC,Flushing Financial Corporation Common Stock,$11.88,-0.03,-0.252%,401270855.00,United States,,165849,Finance,Major Banks
FFIN,First Financial Bankshares Inc. Common Stock,$35.98,-0.16,-0.443%,5146950442.00,United States,,399573,Finance,Major Banks
FFIV,F5 Inc. Common Stock,$294.32,-1.43,-0.484%,16903259682.00,United States,1999,630982,Telecommunications,Computer Communications Equipment
FFWM,First Foundation Inc. Common Stock,$5.10,-0.15,-2.857%,420168962.00,United States,,524557,Finance,Major Banks
FG,F&G Annuities & Life Inc. Common Stock,$31.98,-0.16,-0.498%,4309706957.00,United States,2022,144471,Finance,Life Insurance
FGBI,First Guaranty Bancshares Inc. Common Stock,$8.22,0.145,1.796%,105942845.00,United States,,8282,Finance,Savings Institutions
FGBIP,First Guaranty Bancshares Inc. 6.75% Series A Fixed-Rate Non-Cumulative Perpetual Preferred Stock,$18.71,0.29,1.574%,241142413.00,United States,,409,Finance,Savings Institutions
FGEN,FibroGen Inc Common Stock,$5.30,0.08,1.533%,21421323.00,United States,2014,79070,Health Care,Biotechnology: Pharmaceutical Preparations
FGF,Fundamental Global Inc. Common Stock ,$16.0001,-0.0099,-0.062%,20357247.00,United States,2014,26120,Finance,Property-Casualty Insurers
FGFPP,Fundamental Global Inc. 8.00% Cumulative Preferred Stock,$16.635,0.00,0.00%,21165043.00,United States,,44,Finance,Property-Casualty Insurers
FGI,FGI Industries Ltd. Ordinary Shares,$0.647,0.0762,13.35%,6205736.00,United States,2022,498329,Industrials,Industrial Specialties
FGIWW,FGI Industries Ltd. Warrant,$0.0439,-0.0011,-2.444%,421069.00,United States,2022,220,Industrials,Industrial Specialties
FGL,Founder Group Limited Ordinary Shares,$0.75,0.01,1.351%,14561467.00,Malaysia,2024,99624,Consumer Discretionary,Engineering & Construction
FGMC,FG Merger II Corp. Common stock,$9.88,0.00,0.00%,101175132.00,United States,2025,57621,,
FGMCR,FG Merger II Corp. Rights,$0.2754,0.0754,37.70%,0.00,United States,2025,399,,
FGMCU,FG Merger II Corp. Unit,$10.112,0.012,0.119%,0.00,United States,2025,4005,,
FGN,F&G Annuities & Life Inc. 7.950% Senior Notes due 2053,$25.78,-0.38,-1.453%,3250820567.00,United States,2023,65834,Finance,Life Insurance
FGSN,F&G Annuities & Life Inc. 7.300% Junior Subordinated Notes due 2065,$24.36,-0.10,-0.409%,0.00,United States,2025,355794,Finance,Life Insurance
FHB,First Hawaiian Inc. Common Stock,$24.96,0.13,0.524%,3137954028.00,United States,2016,859590,Finance,Major Banks
FHI,Federated Hermes Inc. Common Stock,$44.32,0.07,0.158%,3505838622.00,United States,,498661,Finance,Investment Managers
FHN,First Horizon Corporation Common Stock,$21.20,0.16,0.76%,10753348864.00,United States,,6081754,Finance,Major Banks
FHN^B,First Horizon Corporation Depositary Shares each representing a 1/400th interest in a share of Non-Cumulative Perpetual Preferred Stock Series B,$25.68,0.01,0.039%,,United States,,4822,,
FHN^C,First Horizon Corporation Depositary Shares each representing a 1/400th interest in a share of Non-Cumulative Perpetual Preferred Stock Series C,$25.31,-0.01,-0.039%,,United States,,171,,
FHN^E,First Horizon Corporation Depositary Shares each representing a 1/4000th interest in a share of Non-Cumulative Perpetual Preferred Stock Series E,$23.75,0.12,0.508%,,United States,,7544,,
FHN^F,First Horizon Corporation Depositary Shares each representing 1/4000th Interest in a Share of Non-Cumulative Perpetual Preferred Stock Series F,$17.31,0.13,0.757%,,United States,,9898,,
FHTX,Foghorn Therapeutics Inc. Common Stock,$4.70,-0.14,-2.893%,261984453.00,United States,2020,127545,Health Care,Biotechnology: Pharmaceutical Preparations
FI,Fiserv Inc. Common Stock,$172.41,0.08,0.046%,95589935596.00,United States,,3286534,Consumer Discretionary,Business Services
FIBK,First Interstate BancSystem Inc. Common Stock (DE),$28.82,0.34,1.194%,3022847288.00,United States,2010,1328308,Finance,Major Banks
FICO,Fair Isaac Corporation Common Stock,$1827.96,11.70,0.644%,44495635652.00,United States,,296100,Consumer Discretionary,Business Services
FIGS,FIGS Inc. Class A Common Stock,$5.64,-0.25,-4.244%,916788390.00,United States,2021,1945200,Consumer Discretionary,Apparel
FIGXU,FIGX Capital Acquisition Corp. Units,$10.015,0.015,0.15%,0.00,United States,2025,282725,,
FIHL,Fidelis Insurance Holdings Limited Common Shares,$16.58,0.31,1.905%,1853201961.00,Bermuda,2023,684835,Finance,Property-Casualty Insurers
FINS,Angel Oak Financial Strategies Income Term Trust Common Shares of Beneficial Interest,$12.98,-0.02,-0.154%,325313041.00,,2019,28976,Finance,Finance/Investors Services
FINV,FinVolution Group American Depositary Shares,$9.48,-0.06,-0.629%,2402363402.00,United States,2017,1148011,Finance,Finance: Consumer Services
FINW,FinWise Bancorp Common Stock,$15.01,0.75,5.259%,198354553.00,United States,2021,47735,Finance,Major Banks
FIP,FTAI Infrastructure Inc. Common Stock ,$6.17,-0.11,-1.752%,708078054.00,United States,,1130787,Energy,Oil Refining/Marketing
FIS,Fidelity National Information Services Inc. Common Stock,$81.41,0.61,0.755%,42772411265.00,United States,,2356172,Consumer Discretionary,Business Services
FISI,Financial Institutions Inc. Common Stock,$25.68,-0.24,-0.926%,516417404.00,United States,1999,186650,Finance,Major Banks
FITB,Fifth Third Bancorp Common Stock,$41.13,-0.01,-0.024%,27453953405.00,United States,,5524080,Finance,Major Banks
FITBI,Fifth Third Bancorp Depositary Shares,$25.11,-0.10,-0.397%,16760728665.00,United States,,276149,Finance,Major Banks
FITBO,Fifth Third Bancorp Depositary Shares each representing a 1/1000th ownership interest in a share of Non-Cumulative Perpetual Preferred Stock Series K,$19.66,-0.04,-0.203%,13122896278.00,United States,,57653,Finance,Major Banks
FITBP,Fifth Third Bancorp Depositary Shares each representing 1/40th share of Fifth Third 6.00% Non-Cumulative Perpetual Class B Preferred Stock Series A,$24.14,-0.24,-0.984%,16113261249.00,United States,,110730,Finance,Major Banks
FIVE,Five Below Inc. Common Stock,$131.18,0.57,0.436%,7222509096.00,United States,2012,743267,Consumer Discretionary,Department/Specialty Retail Stores
FIVN,Five9 Inc. Common Stock,$26.48,-0.26,-0.972%,2019682931.00,United States,2014,2607786,Technology,EDP Services
FIX,Comfort Systems USA Inc. Common Stock,$536.21,1.21,0.226%,18914723565.00,United States,1997,424590,Industrials,Engineering & Construction
FIZZ,National Beverage Corp. Common Stock,$43.24,0.85,2.005%,4048139437.00,United States,,202838,Consumer Staples,Beverages (Production/Distribution)
FKWL,Franklin Wireless Corp. Common Stock,$4.18,0.09,2.20%,49258290.00,United States,,25447,Utilities,Telecommunications Equipment
FL,Foot Locker Inc.,$24.50,0.00,0.00%,2334302058.00,United States,,4457759,Consumer Discretionary,Clothing/Shoe/Accessory Stores
FLC,Flaherty & Crumrine Total Return Fund Inc Common Stock,$17.00,0.05,0.295%,0.00,United States,2003,22605,Finance,Trusts Except Educational Religious and Charitable
FLD,Fold Holdings Inc. Class A Common Stock,$4.23,-0.34,-7.44%,196197848.00,United States,2025,551400,Finance,Finance: Consumer Services
FLDDW,Fold Holdings Inc. Warrant,$0.71,-0.05,-6.579%,32931554.00,United States,2025,36957,Finance,Finance: Consumer Services
FLEX,Flex Ltd. Ordinary Shares,$49.92,0.03,0.06%,18635915551.00,Singapore,1994,4147069,Technology,Electrical Products
FLG,Flagstar Financial Inc. Common Stock,$10.60,-0.21,-1.943%,4399847046.00,United States,,6541505,Finance,Banks
FLG^A,Flagstar Financial Inc. Depositary shares each representing a 1/40th interest in a share of Fixed-to-Floating Rate Series A Noncumulative Perpetual Preferred Stock,$20.61,0.24,1.178%,,United States,,440703,,
FLG^U,Flagstar Financial Inc. Bifurcated Option Note Unit SecuritiES,$38.46,0.24,0.628%,,United States,,3210,,
FLGC,Flora Growth Corp. Common Stock,$0.58,-0.03,-4.918%,13089819.00,Canada,2021,120130,Health Care,Biotechnology: Pharmaceutical Preparations
FLGT,Fulgent Genetics Inc. Common Stock,$19.88,0.20,1.016%,605218669.00,United States,2016,195019,Health Care,Medical Specialities
FLL,Full House Resorts Inc. Common Stock,$3.66,-0.09,-2.40%,131670868.00,United States,,385754,Consumer Discretionary,Hotels/Resorts
FLNC,Fluence Energy Inc. Class A Common Stock,$6.71,0.57,9.283%,1222683236.00,United States,2021,8094641,Miscellaneous,Industrial Machinery/Components
FLNG,FLEX LNG Ltd. Ordinary Shares,$21.98,-1.01,-4.393%,1188849141.00,,2019,1041737,Consumer Discretionary,Marine Transportation
FLNT,Fluent Inc. Common Stock,$2.00,-0.05,-2.439%,41287320.00,United States,,23773,Consumer Discretionary,Advertising
FLO,Flowers Foods Inc. Common Stock,$15.98,0.01,0.063%,3373991392.00,United States,,3107233,Consumer Staples,Packaged Foods
FLOC,Flowco Holdings Inc. Class A Common Stock,$17.81,-0.04,-0.224%,1612739562.00,,2025,462538,Industrials,Metal Fabrications
FLR,Fluor Corporation Common Stock,$51.27,-0.15,-0.292%,8442359579.00,United States,,1942120,Industrials,Military/Government/Technical
FLS,Flowserve Corporation Common Stock,$52.35,-1.29,-2.405%,6843643257.00,United States,,5910602,Industrials,Fluid Controls
FLUT,Flutter Entertainment plc Ordinary Shares,$285.76,7.08,2.541%,50487573862.00,,2024,3247152,Technology,Computer Software: Programming Data Processing
FLUX,Flux Power Holdings Inc. Common Stock,$1.51,0.05,3.425%,25396148.00,United States,,59111,Miscellaneous,Industrial Machinery/Components
FLWS,1-800-FLOWERS.COM Inc. Common Stock,$4.92,-0.21,-4.094%,312732577.00,United States,1999,358325,Consumer Discretionary,Other Specialty Stores
FLX,BingEx Limited American Depositary Shares,$3.15,0.11,3.618%,224059217.00,China,2024,65647,Industrials,Trucking Freight/Courier Services
FLXS,Flexsteel Industries Inc. Common Stock,$36.03,-0.55,-1.504%,189995306.00,United States,,21257,Consumer Discretionary,Home Furnishings
FLYE,Fly-E Group Inc. Common Stock,$0.9095,-0.0105,-1.141%,22362331.00,United States,2024,493041,Industrials,Aerospace
FLYW,Flywire Corporation Voting Common Stock,$11.70,0.29,2.542%,1400314781.00,United States,2021,2762386,Consumer Discretionary,Business Services
FLYX,flyExclusive Inc. Class A Common Stock,$1.95,-0.25,-11.364%,156252693.00,,2023,20637,Consumer Discretionary,Transportation Services
FLYY,Spirit Aviation Holdings Inc. Common Stock,$4.99,-0.28,-5.313%,122629320.00,,2025,338642,,
FMAO,Farmers & Merchants Bancorp Inc. Common Stock,$25.28,-0.04,-0.158%,346793214.00,United States,,29055,Finance,Savings Institutions
FMBH,First Mid Bancshares Inc. Common Stock,$37.49,-0.73,-1.91%,899347423.00,United States,,128159,Finance,Major Banks
FMC,FMC Corporation Common Stock,$41.75,-1.16,-2.703%,5214960227.00,United States,,1433227,Industrials,Major Chemicals
FMFC,Kandal M Venture Limited Class A Ordinary Shares,$4.69,-0.23,-4.675%,84420000.00,Cambodia,2025,183524,Consumer Discretionary,Apparel
FMN,Federated Hermes Premier Municipal Income Fund,$10.64,0.04,0.377%,917751604.00,United States,2002,48571,Finance,Investment Managers
FMNB,Farmers National Banc Corp. Common Stock,$13.79,0.06,0.437%,519062840.00,United States,,188631,Finance,Major Banks
FMS,Fresenius Medical Care AG American Depositary Shares (Each representing 1/2 of an Ordinary Share),$28.57,0.36,1.276%,16765644476.00,Germany,,371310,Health Care,Misc Health and Biotechnology Services
FMST,Foremost Clean Energy Ltd. Common Shares,$3.31,0.00,0.00%,34375393.00,Canada,,229508,Basic Materials,Other Metals and Minerals
FMSTW,Foremost Clean Energy Ltd. Warrant,$0.3702,0.0047,1.286%,3844644.00,Canada,,1696,Basic Materials,Other Metals and Minerals
FMX,Fomento Economico Mexicano S.A.B. de C.V. Common Stock,$102.98,0.99,0.971%,35796104935.00,Mexico,,509234,Consumer Staples,Beverages (Production/Distribution)
FMY,First Trust Motgage Income Fund Common Shares of Beneficial Interest,$12.20,0.07,0.577%,0.00,United States,2005,11737,Finance,Finance/Investors Services
FN,Fabrinet Ordinary Shares,$294.68,-0.94,-0.318%,10558577121.00,Cayman Islands,2010,424857,Utilities,Telecommunications Equipment
FNB,F.N.B. Corporation Common Stock,$14.58,0.03,0.206%,5245977050.00,United States,,2532922,Finance,Major Banks
FND,Floor & Decor Holdings Inc. Common Stock,$75.96,0.66,0.876%,8173750697.00,United States,2017,1933907,Consumer Discretionary,RETAIL: Building Materials
FNF,Fidelity National Financial Inc. Common Stock,$56.06,-0.47,-0.831%,15396307076.00,United States,2014,1806046,Finance,Specialty Insurers
FNGR,FingerMotion Inc. Common Stock,$2.03,-0.02,-0.976%,116889808.00,United States,,337717,Technology,Computer Software: Prepackaged Software
FNKO,Funko Inc. Class A Common Stock,$4.76,-0.03,-0.626%,261491490.00,United States,2017,652946,Consumer Discretionary,Recreational Games/Products/Toys
FNLC,First Bancorp Inc  (ME) Common Stock,$25.41,0.06,0.237%,284650773.00,United States,,19208,Finance,Major Banks
FNV,Franco-Nevada Corporation,$163.92,2.60,1.612%,31578906222.00,Canada,,692994,Basic Materials,Precious Metals
FNWB,First Northwest Bancorp Common Stock,$7.70,0.13,1.717%,72688069.00,United States,2015,22758,Finance,Banks
FNWD,Finward Bancorp Common Stock,$27.62,0.27,0.987%,119472768.00,United States,,14183,Finance,Major Banks
FOA,Finance of America Companies Inc. Class A Common Stock,$23.32,0.23,0.996%,257902410.00,United States,2021,94330,Finance,Finance: Consumer Services
FOF,Cohen & Steers Closed-End Opportunity Fund Inc. Common Stock,$12.62,0.03,0.238%,620129485.00,United States,2006,79275,Finance,Investment Managers
FOLD,Amicus Therapeutics Inc. Common Stock,$5.73,-0.20,-3.373%,1764444538.00,United States,2007,5467318,Health Care,Biotechnology: Pharmaceutical Preparations
FONR,Fonar Corporation Common Stock,$14.96,0.08,0.538%,98528415.00,United States,1981,24747,Health Care,Biotechnology: Electromedical & Electrotherapeutic Apparatus
FOR,Forestar Group Inc Common Stock ,$20.00,-0.15,-0.744%,1016476000.00,United States,2017,132686,Finance,Real Estate
FORA,Forian Inc. Common Stock,$1.96,-0.03,-1.508%,61156533.00,United States,,25602,Technology,EDP Services
FORD,Forward Industries Inc. Common Stock,$5.84,-0.22,-3.63%,6430243.00,United States,,11443,Industrials,Plastic Products
FORL,Four Leaf Acquisition Corporation Class A Common Stock,$11.6591,0.079,0.682%,0.00,United States,2023,138,Finance,Blank Checks
FORLW,Four Leaf Acquisition Corporation Warrants,$0.03,0.008,36.364%,0.00,United States,2023,245991,Finance,Blank Checks
FORM,FormFactor Inc. FormFactor Inc. Common Stock,$34.41,-0.50,-1.432%,2652207251.00,United States,2003,458866,Technology,Semiconductors
FORR,Forrester Research Inc. Common Stock,$9.90,0.07,0.712%,188723700.00,United States,1996,73822,Consumer Discretionary,Diversified Commercial Services
FORTY,Formula Systems (1985) Ltd. American Depositary Shares,$127.75,14.75,13.053%,1956831959.00,Israel,,1391,Technology,EDP Services
FOSL,Fossil Group Inc. Common Stock,$1.48,-0.02,-1.333%,79378834.00,United States,1993,89403,Consumer Discretionary,Consumer Specialties
FOSLL,Fossil Group Inc. 7% Senior Notes due 2026,$16.05,-1.30,-7.493%,860831269.00,United States,,60399,Consumer Discretionary,Consumer Specialties
FOUR,Shift4 Payments Inc. Class A Common Stock,$99.11,0.89,0.906%,8649565780.00,United States,2020,861565,Consumer Discretionary,Business Services
FOUR^A,Shift4 Payments Inc. 6.00% Series A Mandatory Convertible Preferred Stock,$115.20,0.66,0.576%,,United States,,21119,,
FOX,Fox Corporation Class B Common Stock,$51.63,-0.72,-1.375%,23213786943.00,United States,,1389660,Industrials,Broadcasting
FOXA,Fox Corporation Class A Common Stock,$56.04,-0.75,-1.321%,25196603143.00,United States,,4034327,Industrials,Broadcasting
FOXF,Fox Factory Holding Corp. Common Stock,$25.94,0.11,0.426%,1082019604.00,United States,2013,548757,Consumer Discretionary,Motor Vehicles
FOXO,FOXO Technologies Inc. Class A Common Stock,$0.1821,-0.0049,-2.62%,1203616.00,,2022,3975368,Finance,Life Insurance
FOXX,Foxx Development Holdings Inc. Common Stock,$5.49,-0.15,-2.66%,37225478.00,United States,,6900,Telecommunications,Computer Communications Equipment
FOXXW,Foxx Development Holdings Inc. Warrant,$0.14,0.00,0.00%,949284.00,United States,,24,Telecommunications,Computer Communications Equipment
FPAY,FlexShopper Inc. Common Stock,$1.20,0.04,3.448%,25753787.00,United States,,47518,Consumer Discretionary,Diversified Commercial Services
FPF,First Trust Intermediate Duration Preferred & Income Fund Common Shares of Beneficial Interest,$18.82,0.11,0.588%,0.00,United States,2013,318830,Finance,Trusts Except Educational Religious and Charitable
FPH,Five Point Holdings LLC Class A Common Shares,$5.50,-0.06,-1.079%,820007001.00,United States,2017,253624,Finance,Real Estate
FPI,Farmland Partners Inc. Common Stock,$11.51,0.03,0.261%,529345303.00,United States,2014,495112,Real Estate,Real Estate Investment Trusts
FR,First Industrial Realty Trust Inc. Common Stock,$48.13,-0.82,-1.675%,6372318291.00,United States,1994,3028106,Real Estate,Real Estate Investment Trusts
FRA,Blackrock Floating Rate Income Strategies Fund Inc  Common Stock,$13.14,0.10,0.767%,1954738869.00,United States,2003,245442,Finance,Investment Bankers/Brokers/Service
FRAF,Franklin Financial Services Corporation Common Stock,$34.625,0.145,0.421%,154368568.00,United States,,42510,Finance,Major Banks
FRBA,First Bank Common Stock,$15.47,0.06,0.389%,388829214.00,United States,2013,47021,Finance,Commercial Banks
FRD,Friedman Industries Inc. Common Stock,$16.56,0.48,2.985%,116904326.00,United States,,63730,Industrials,Steel/Iron Ore
FRGE,Forge Global Holdings Inc. Common Stock,$19.04,0.04,0.211%,234729785.00,United States,2021,281247,Finance,Investment Bankers/Brokers/Service
FRGT,Freight Technologies Inc. Ordinary Shares,$1.79,-0.03,-1.648%,4092422.00,United States,2017,57295,Consumer Discretionary,Professional Services
FRHC,Freedom Holding Corp. Common Stock,$146.05,1.99,1.381%,8939083722.00,Kazakhstan,,187194,Finance,Investment Bankers/Brokers/Service
FRME,First Merchants Corporation Common Stock,$38.30,-0.35,-0.906%,2233157602.00,United States,,324718,Finance,Major Banks
FRMEP,First Merchants Corporation Depository Shares,$25.50,0.11,0.433%,1486828169.00,United States,,500,Finance,Major Banks
FRO,Frontline Plc Ordinary Shares,$16.41,-0.57,-3.357%,3653241608.00,Bermuda,,2437706,Consumer Discretionary,Marine Transportation
FROG,JFrog Ltd. Ordinary Shares,$43.88,-0.025,-0.057%,5027373198.00,United States,2020,1174822,Technology,Computer Software: Prepackaged Software
FRPH,FRP Holdings Inc. Common Stock,$26.89,-0.65,-2.36%,513258411.00,United States,,57973,Finance,Real Estate
FRPT,Freshpet Inc. Common Stock,$67.96,-0.43,-0.629%,3314891104.00,United States,2014,1684284,Consumer Staples,Packaged Foods
FRSH,Freshworks Inc. Class A Common Stock,$14.91,0.09,0.607%,4398639998.00,United States,2021,2760682,Technology,Computer Software: Prepackaged Software
FRST,Primis Financial Corp. Common Stock,$10.85,0.10,0.93%,268241664.00,United States,2006,39084,Finance,Major Banks
FRSX,Foresight Autonomous Holdings Ltd. American Depositary Shares,$0.465,-0.035,-7.00%,8824552.00,Israel,,498431,Technology,Computer Software: Prepackaged Software
FRT,Federal Realty Investment Trust Common Stock,$94.99,0.33,0.349%,8193907693.00,United States,,870217,Real Estate,Real Estate Investment Trusts
FRT^C,Federal Realty Investment Trust Depositary Shares each representing a 1/1000th interest in a 5.000% Series C Cumulative Redeemable Preferred Share,$20.04,-0.21,-1.037%,,United States,,23048,,
FSBC,Five Star Bancorp Common Stock,$28.54,0.08,0.281%,609642683.00,United States,2021,47764,Finance,Major Banks
FSBW,FS Bancorp Inc. Common Stock,$39.38,-0.065,-0.165%,303124754.00,United States,2012,11355,Finance,Banks
FSCO,FS Credit Opportunities Corp. Common Stock,$7.26,0.02,0.276%,1440063834.00,United States,2022,820661,Finance,Trusts Except Educational Religious and Charitable
FSEA,First Seacoast Bancorp Inc. Common Stock,$11.39,0.09,0.796%,53725753.00,United States,2019,1258,Finance,Savings Institutions
FSFG,First Savings Financial Group Inc. Common Stock,$25.04,0.74,3.045%,173255165.00,United States,2008,36593,Finance,Savings Institutions
FSHP,Flag Ship Acquisition Corp. Ordinary Shares,$10.43,0.00,0.00%,0.00,United States,2024,71,,
FSHPR,Flag Ship Acquisition Corp. Right,$0.1299,0.00,0.00%,0.00,United States,2024,819,,
FSI,Flexible Solutions International Inc. Common Stock (CDA),$4.85,-0.10,-2.02%,61340530.00,Canada,2002,13347,Industrials,Major Chemicals
FSK,FS KKR Capital Corp. Common Stock,$20.75,0.11,0.533%,5811378485.00,United States,2014,859045,Finance,Investment Managers
FSLR,First Solar Inc. Common Stock,$165.54,13.40,8.808%,17753251054.00,United States,2006,7930180,Technology,Semiconductors
FSLY,Fastly Inc. Class A Common Stock,$7.06,0.14,2.023%,1022288000.00,United States,2019,2401027,Technology,Computer Software: Prepackaged Software
FSM,Fortuna Mining Corp. Common Shares,$6.54,0.18,2.83%,2007518308.00,Canada,,11937697,Basic Materials,Precious Metals
FSP,Franklin Street Properties Corp. Common Stock,$1.64,-0.06,-3.529%,169849413.00,United States,,860146,Real Estate,Real Estate Investment Trusts
FSS,Federal Signal Corporation Common Stock,$106.42,1.97,1.886%,6488303846.00,United States,,624052,Consumer Discretionary,Auto Manufacturing
FSTR,L.B. Foster Company Common Stock,$21.87,-0.24,-1.085%,230932066.00,United States,,33467,Industrials,Metal Fabrications
FSUN,FirstSun Capital Bancorp Common Stock,$34.75,0.22,0.637%,967209886.00,United States,,207339,Finance,Major Banks
FSV,FirstService Corporation Common Shares,$174.62,1.975,1.144%,7935431455.00,Canada,,486446,Finance,Real Estate
FT,Franklin Universal Trust Common Stock,$7.62,0.06,0.794%,191505032.00,United States,,51164,Finance,Trusts Except Educational Religious and Charitable
FTAI,FTAI Aviation Ltd. Common Stock,$115.04,-3.56,-3.002%,11798039364.00,United States,,2742758,Industrials,Misc Corporate Leasing Services
FTAIM,FTAI Aviation Ltd. 9.500% Fixed-Rate Reset Series D Cumulative Perpetual Redeemable Preferred Shares,$26.83,0.1299,0.487%,2751576809.00,United States,,1291,Industrials,Misc Corporate Leasing Services
FTAIN,FTAI Aviation Ltd. 8.25% Fixed - Rate Reset Series C Cumulative Perpetual Redeemable Preferred Shares,$25.12,0.00,0.00%,2576206092.00,United States,,155001,Industrials,Misc Corporate Leasing Services
FTCI,FTC Solar Inc. Common Stock,$4.53,0.10,2.257%,59214117.00,United States,2021,249726,Technology,Semiconductors
FTDR,Frontdoor Inc. Common Stock,$58.94,0.35,0.597%,4337146875.00,United States,,489331,Finance,Diversified Commercial Services
FTEK,Fuel Tech Inc. Common Stock,$2.52,-0.13,-4.906%,77559131.00,United States,,635606,Industrials,Pollution Control Equipment
FTEL,Fitell Corporation Ordinary Shares,$0.5072,-0.0048,-0.938%,10206581.00,Australia,2023,33443,Consumer Discretionary,Recreational Games/Products/Toys
FTF,Franklin Limited Duration Income Trust Common Shares of Beneficial Interest,$6.42,-0.01,-0.156%,259402501.00,United States,2003,247215,Finance,Finance/Investors Services
FTFT,Future FinTech Group Inc. Common Stock,$1.19,0.06,5.31%,5952633.00,China,,40073,Consumer Discretionary,Business Services
FTHM,Fathom Holdings Inc. Common Stock,$1.24,0.07,5.983%,34442840.00,United States,2020,75759,Finance,Real Estate
FTHY,First Trust High Yield Opportunities 2027 Term Fund Common Stock,$14.85,0.01,0.067%,546078887.00,United States,2020,46920,Finance,Investment Managers
FTI,TechnipFMC plc Ordinary Share,$34.44,-0.10,-0.29%,14438263636.00,,,4422390,Industrials,Metal Fabrications
FTK,Flotek Industries Inc. Common Stock,$14.76,0.13,0.889%,440239110.00,United States,,1292808,Industrials,Major Chemicals
FTLF,FitLife Brands Inc. Common Stock,$13.02,0.21,1.639%,122271757.00,United States,,21328,Health Care, Medicinal Chemicals and Botanical Products 
FTNT,Fortinet Inc. Common Stock,$105.72,2.61,2.531%,80919827728.00,United States,2009,4094466,Technology,Computer peripheral equipment
FTRE,Fortrea Holdings Inc. Common Stock,$4.94,-0.04,-0.803%,447070000.00,United States,,1579753,Health Care,Medical Specialities
FTRK,FAST TRACK GROUP Ordinary shares,$1.07,0.08,8.081%,21935000.00,Singapore,2025,1023689,Energy,Oil & Gas Production
FTS,Fortis Inc. Common Shares,$47.73,0.57,1.209%,23941368000.00,United States,2016,539734,Utilities,Electric Utilities: Central
FTV,Fortive Corporation Common Stock ,$52.13,-19.47,-27.193%,17718063204.00,United States,2016,10876611,Industrials,Industrial Machinery/Components
FUBO,fuboTV Inc. Common Stock,$3.86,0.33,9.348%,1318343616.00,United States,2020,17893941,Consumer Discretionary,Movies/Entertainment
FUFU,BitFuFu Inc. Class A Ordinary Shares,$3.23,0.165,5.383%,526834366.00,Singapore,,270236,Finance,Finance: Consumer Services
FUFUW,BitFuFu Inc. Warrant,$0.3025,0.0399,15.194%,49339751.00,Singapore,,28649,Finance,Finance: Consumer Services
FUL,H. B. Fuller Company Common Stock,$60.15,-1.58,-2.56%,3245927743.00,United States,,699891,Industrials,Home Furnishings
FULC,Fulcrum Therapeutics Inc. Common Stock,$6.88,-0.22,-3.099%,371377625.00,United States,2019,1022489,Health Care,Biotechnology: Pharmaceutical Preparations
FULT,Fulton Financial Corporation Common Stock,$18.04,-0.05,-0.276%,3279572870.00,United States,,1925561,Finance,Major Banks
FULTP,Fulton Financial Corporation Depositary Shares Each Representing a 1/40th Interest in a Share of Fixed Rate Non-Cumulative Perpetual Preferred Stock Series A,$18.10,0.2202,1.232%,3290480541.00,United States,,11582,Finance,Major Banks
FUN,Six Flags Entertainment Corporation Common Stock New,$30.43,-0.46,-1.489%,3076510581.00,United States,,2220482,Consumer Discretionary,Services-Misc. Amusement & Recreation
FUNC,First United Corporation Common Stock,$31.01,1.79,6.126%,200902440.00,United States,,74766,Finance,Major Banks
FUND,Sprott Focus Trust Inc. Common Stock,$7.48,0.035,0.47%,221659006.00,United States,,46658,Finance,Investment Managers
FURY,Fury Gold Mines Limited Common Shares,$0.49,-0.02,-3.922%,78562849.00,,2020,140171,Basic Materials,Precious Metals
FUSB,First US Bancshares Inc. Common Stock,$12.90,-0.09,-0.693%,74024741.00,United States,,3527,Finance,Major Banks
FUTU,Futu Holdings Limited American Depositary Shares,$123.59,2.36,1.947%,17207127096.00,Hong Kong,2019,2328362,Finance,Investment Bankers/Brokers/Service
FVCB,FVCBankcorp Inc. Common Stock,$11.80,0.05,0.426%,212300030.00,United States,,53952,Finance,Major Banks
FVN,Future Vision II Acquisition Corporation Ordinary shares,$10.42,0.00,0.00%,0.00,China,2024,18,,
FVNNR,Future Vision II Acquisition Corporation Right,$0.19,0.0225,13.433%,0.00,China,2024,5650,Finance,Blank Checks
FVNNU,Future Vision II Acquisition Corporation Units,$10.52,0.05,0.478%,0.00,China,2024,3220,,
FVR,FrontView REIT Inc. Common Stock,$12.00,-0.38,-3.069%,229031112.00,United States,2024,288362,Real Estate,Real Estate Investment Trusts
FVRR,Fiverr International Ltd. Ordinary Shares no par value,$29.33,0.69,2.409%,1053217599.00,,2019,992357,Consumer Discretionary,Business Services
FWONA,Liberty Media Corporation Series A Liberty Formula One Common Stock,$94.96,-0.56,-0.586%,23687054482.00,United States,,177915,Industrials,Broadcasting
FWONK,Liberty Media Corporation Series C Liberty Formula One Common Stock,$104.50,-0.77,-0.731%,26066735398.00,United States,,1563882,Industrials,Broadcasting
FWRD,Forward Air Corporation Common Stock,$24.54,-0.61,-2.425%,746585843.00,United States,,349103,Consumer Discretionary,Oil Refining/Marketing
FWRG,First Watch Restaurant Group Inc. Common Stock,$16.04,-0.07,-0.435%,978331153.00,United States,2021,1161249,Consumer Discretionary,Restaurants
FXNC,First National Corporation Common Stock,$19.47,0.50,2.636%,174970971.00,United States,,59002,Finance,Major Banks
FYBR,Frontier Communications Parent Inc. Common Stock,$36.40,0.10,0.275%,9108990800.00,United States,,3356500,Telecommunications,Telecommunications Equipment
G,Genpact Limited Common Stock,$44.01,0.47,1.079%,7696220320.00,Bermuda,2007,1692502,Consumer Discretionary,Professional Services
GAB,Gabelli Equity Trust Inc. (The) Common Stock,$5.82,0.04,0.692%,1710016180.00,United States,1986,583404,Finance,Investment Managers
GAB^G,Gabelli Equity Trust Inc. (The) Series G Cumulative Preferred Stock,$20.44,0.05,0.245%,,United States,,8883,,
GAB^H,Gabelli Equity Trust Inc. (The) Pfd Ser H,$20.4999,-0.0601,-0.292%,,United States,,17331,,
GAB^K,Gabelli Equity Trust Inc. (The) 5.00% Series K Cumulative Preferred Stock,$20.53,-0.01,-0.049%,,United States,,18667,,
GABC,German American Bancorp Inc. Common Stock,$38.51,-0.58,-1.484%,1443381487.00,United States,,132938,Finance,Major Banks
GAIA,Gaia Inc. Class A Common Stock,$4.39,-0.11,-2.444%,110068881.00,United States,1999,87044,Consumer Discretionary,Movies/Entertainment
GAIN,Gladstone Investment Corporation Business Development Company,$14.27,0.19,1.349%,525669427.00,United States,2005,226243,Finance,Finance: Consumer Services
GAINI,Gladstone Investment Corporation 7.875% Notes due 2030,$25.20,-0.2284,-0.898%,0.00,United States,,54408,Finance,Finance: Consumer Services
GAINL,Gladstone Investment Corporation 8.00% Notes due 2028,$25.58,-0.04,-0.156%,942300206.00,United States,,2928,Finance,Finance: Consumer Services
GAINN,Gladstone Investment Corporation 5.00% Notes Due 2026,$24.91,-0.0735,-0.294%,917619161.00,United States,,54244,Finance,Finance: Consumer Services
GAINZ,Gladstone Investment Corporation 4.875% Notes due 2028,$22.92,-0.48,-2.051%,844312773.00,United States,,57133,Finance,Finance: Consumer Services
GALT,Galectin Therapeutics Inc. Common Stock,$2.11,-0.22,-9.442%,133545244.00,United States,,455440,Health Care,Biotechnology: Pharmaceutical Preparations
GAM,General American Investors Inc. Common Stock,$56.04,0.36,0.647%,1343593184.00,United States,,8556,Finance,Investment Managers
GAM^B,General American Investors Company Inc. Cumulative Preferred Stock,$24.8142,0.0642,0.259%,,United States,,3461,,
GAMB,Gambling.com Group Limited Ordinary Shares,$11.89,-0.13,-1.082%,413330869.00,Jersey,2021,463716,Consumer Discretionary,Services-Misc. Amusement & Recreation
GAME,GameSquare Holdings Inc. Common Stock,$0.869,0.1144,15.16%,26385058.00,United States,,2479064,Consumer Discretionary,Services-Misc. Amusement & Recreation
GANX,Gain Therapeutics Inc. Common Stock,$1.80,-0.17,-8.629%,53203752.00,United States,2021,399561,Health Care,Biotechnology: Pharmaceutical Preparations
GAP,Gap Inc. (The) Common Stock,$21.81,-0.09,-0.411%,8136580256.00,United States,,6914036,Consumer Discretionary,Clothing/Shoe/Accessory Stores
GASS,StealthGas Inc. Common Stock,$6.41,-0.15,-2.287%,237033332.00,Greece,2005,84099,Consumer Discretionary,Marine Transportation
GATX,GATX Corporation Common Stock,$153.56,-1.41,-0.91%,5482092000.00,United States,,181762,Consumer Discretionary,Transportation Services
GAU,Galiano Gold Inc.,$1.27,0.04,3.252%,327075514.00,Canada,,1155820,Industrials,Mining & Quarrying of Nonmetallic Minerals (No Fuels)
GAUZ,Gauzy Ltd. Ordinary Shares,$8.44,-0.15,-1.746%,157999222.00,Israel,2024,28051,Miscellaneous,Industrial Machinery/Components
GB,Global Blue Group Holding AG Ordinary Shares,$7.47,-0.01,-0.134%,1489265290.00,,2000,54644,Technology,EDP Services
GBAB,Guggenheim Taxable Municipal Bond & Investment Grade Debt Trust Common Shares of Beneficial Interest,$15.04,0.13,0.872%,336849451.00,United States,2010,188848,Finance,Investment Managers
GBCI,Glacier Bancorp Inc. Common Stock,$43.08,0.26,0.607%,4890353028.00,United States,,956625,Finance,Major Banks
GBDC,Golub Capital BDC Inc. Common Stock,$14.65,0.21,1.454%,3902578574.00,United States,2010,3617228,Finance,Finance: Consumer Services
GBFH,GBank Financial Holdings Inc. Common Stock,$35.41,0.45,1.287%,505425308.00,United States,,94533,Finance,Commercial Banks
GBIO,Generation Bio Co. Common Stock,$0.3201,0.0197,6.558%,21457979.00,United States,2020,4096806,Health Care,Biotechnology: Pharmaceutical Preparations
GBLI,Global Indemnity Group LLC Class A Common Stock (DE),$31.36,-1.0838,-3.341%,447654216.00,Ireland,,993,Finance,Property-Casualty Insurers
GBR,New Concept Energy Inc Common Stock,$1.125,0.055,5.14%,5773426.00,United States,1993,55007,Energy,Oil & Gas Production
GBTG,Global Business Travel Group Inc. Class A Common Stock,$6.30,-0.15,-2.326%,3015827312.00,United States,2020,1757483,Consumer Discretionary,Transportation Services
GBX,Greenbrier Companies Inc. (The) Common Stock,$46.05,-0.37,-0.797%,1445482192.00,United States,1994,563776,Industrials,Railroads
GCBC,Greene County Bancorp Inc. Common Stock,$22.22,-0.71,-3.096%,378336118.00,United States,,30195,Finance,Banks
GCI,Gannett Co. Inc. Common Stock,$3.58,0.00,0.00%,524239917.00,United States,2014,1266212,Consumer Discretionary,Newspapers/Magazines
GCL,GCL Global Holdings Ltd Ordinary Shares,$3.31,0.38,12.969%,417974864.00,Singapore,,203181,Technology,Computer Software: Prepackaged Software
GCLWW,GCL Global Holdings Ltd Warrants,$0.0938,0.0138,17.25%,11844726.00,Singapore,,31094,Technology,Computer Software: Prepackaged Software
GCMG,GCM Grosvenor Inc. Class A Common Stock,$11.56,0.16,1.404%,2245295101.00,United States,,1178716,Finance,Investment Managers
GCMGW,GCM Grosvenor Inc. Warrant,$0.64,0.035,5.785%,124306995.00,United States,,35207,Finance,Investment Managers
GCO,Genesco Inc. Common Stock,$19.69,-1.06,-5.108%,212234670.00,United States,,186344,Consumer Discretionary,Clothing/Shoe/Accessory Stores
GCT,GigaCloud Technology Inc Class A Ordinary Shares,$19.78,-0.02,-0.101%,752994178.00,United States,2022,731310,Consumer Discretionary,Catalog/Specialty Distribution
GCTK,GlucoTrack Inc. Common Stock,$6.00,-0.56,-8.537%,3254136.00,United States,,286360,Health Care,Medical/Dental Instruments
GCTS,GCT Semiconductor Holding Inc. Common Stock,$1.49,0.07,4.93%,72225415.00,United States,2021,620487,Technology,Semiconductors
GCV,Gabelli Convertible and Income Securities Fund Inc. (The) Common Stock,$3.83,0.03,0.789%,72923311.00,United States,,69998,Finance,Finance/Investors Services
GD,General Dynamics Corporation Common Stock,$291.66,0.92,0.316%,78280424901.00,United States,,1184085,Industrials,Marine Transportation
GDC,GD Culture Group Limited Common Stock,$3.76,0.25,7.123%,63150828.00,United States,2015,151220,Industrials,Steel/Iron Ore
GDDY,GoDaddy Inc. Class A Common Stock,$180.06,-0.01,-0.006%,25656423671.00,United States,2015,1483342,Technology,EDP Services
GDEN,Golden Entertainment Inc. Common Stock,$29.43,-0.08,-0.271%,777990438.00,United States,,231205,Consumer Discretionary,Services-Misc. Amusement & Recreation
GDEV,GDEV Inc. Ordinary Shares,$15.08,-0.92,-5.75%,273401757.00,Cyprus,,10429,Technology,EDP Services
GDEVW,GDEV Inc. Warrant,$0.0131,-0.0067,-33.838%,237504.00,Cyprus,,3190,Technology,EDP Services
GDHG,Golden Heaven Group Holdings Ltd. Class A Ordinary Shares,$0.92,-0.19,-17.117%,1270468.00,China,2023,12392269,Consumer Discretionary,Services-Misc. Amusement & Recreation
GDL,GDL Fund The Common Shares of Beneficial Interest,$8.3435,-0.0015,-0.018%,0.00,United States,2007,26287,Finance,Investment Managers
GDO,Western Asset Global Corporate Opportunity Fund Inc. Common Stock,$11.80,0.0984,0.841%,0.00,United States,2009,48762,Finance,Finance Companies
GDOT,Green Dot Corporation Class A Common Stock $0.001 par value,$10.78,0.02,0.186%,591722382.00,United States,2010,478124,Finance,Finance: Consumer Services
GDRX,GoodRx Holdings Inc. Class A Common Stock,$4.98,0.08,1.633%,1778704035.00,United States,2020,1195045,Technology,EDP Services
GDS,GDS Holdings Limited ADS,$30.57,0.40,1.326%,6308963629.00,China,2016,2527914,Technology,Computer Software: Programming Data Processing
GDTC,CytoMed Therapeutics Limited Ordinary Shares,$2.25,-0.08,-3.433%,25965000.00,Singapore,2023,3560,Health Care,Biotechnology: Pharmaceutical Preparations
GDV,Gabelli Dividend & Income Trust Common Shares of Beneficial Interest,$26.01,0.25,0.97%,2345802651.00,United States,2003,153110,Finance,Investment Managers
GDV^H,The Gabelli Dividend & Income Trust 5.375% Series H Cumulative Preferred Shares,$22.75,-0.10,-0.438%,,United States,,5859,,
GDV^K,The Gabelli Dividend & Income Trust 4.250% Series K Cumulative Preferred Shares,$18.34,0.145,0.797%,,United States,,12964,,
GDYN,Grid Dynamics Holdings Inc. Class A Common Stock,$11.55,-0.12,-1.028%,976525392.00,United States,2018,512328,Technology,Computer Software: Prepackaged Software
GE,GE Aerospace Common Stock,$257.39,2.88,1.132%,274477258042.00,United States,,8134181,Technology,Consumer Electronics/Appliances
GECC,Great Elm Capital Corp. Common Stock,$10.665,-0.105,-0.975%,81074903.00,United States,,34224,Finance,Finance: Consumer Services
GECCH,Great Elm Capital Corp. 8.125% Notes Due 2029,$25.13,0.03,0.12%,0.00,United States,,3013,,
GECCI,Great Elm Capital Corp. 8.50% NOTES DUE 2029,$25.0701,0.0201,0.08%,0.00,United States,,446,Finance,Finance Companies
GECCO,Great Elm Capital Corp. 5.875% Notes due 2026,$25.01,0.04,0.16%,0.00,United States,,1522,Finance,Finance Companies
GECCZ,Great Elm Capital Corp. 8.75% Notes due 2028,$25.17,0.045,0.179%,0.00,United States,,1345,Finance,Finance Companies
GEF,Greif Inc. Class A Common Stock,$64.99,0.09,0.139%,3084496759.00,United States,,202492,,
GEG,Great Elm Group Inc. Common Stock,$2.0701,0.0501,2.48%,57839579.00,United States,,11273,Technology,Computer Software: Prepackaged Software
GEGGL,Great Elm Group Inc.  7.25% Notes due 2027,$23.50,0.00,0.00%,656601186.00,United States,,25,Technology,Computer Software: Prepackaged Software
GEHC,GE HealthCare Technologies Inc. Common Stock ,$74.07,-0.31,-0.417%,33915541802.00,United States,,2719298,Health Care,Medical Electronics
GEL,Genesis Energy L.P. Common Units,$17.23,-0.13,-0.749%,2110060199.00,United States,2001,393189,Energy,Oil Refining/Marketing
GELS,Gelteq Limited Ordinary Shares,$1.73,-0.08,-4.42%,16327870.00,Australia,2024,166700,Health Care,Biotechnology: Pharmaceutical Preparations
GEN,Gen Digital Inc. Common Stock,$29.40,0.12,0.41%,18234753386.00,United States,,3699391,Technology,Computer Software: Prepackaged Software
GENC,Gencor Industries Inc. Common Stock,$14.00,-1.35,-8.795%,205207828.00,United States,,36545,Industrials,Construction/Ag Equipment/Trucks
GENI,Genius Sports Limited Ordinary Shares,$10.40,0.02,0.193%,2494102073.00,Guernsey,2021,4121488,Consumer Discretionary,Services-Misc. Amusement & Recreation
GENK,GEN Restaurant Group Inc. Class A Common Stock,$3.90,0.21,5.691%,127919906.00,United States,2023,28909,Consumer Discretionary,Restaurants
GENVR,Gen Digital Inc. Contingent Value Rights,$8.02,0.13,1.648%,4974242250.00,United States,,29511,Technology,Computer Software: Prepackaged Software
GEO,Geo Group Inc (The) REIT,$23.95,0.17,0.715%,3385156731.00,United States,,2687555,Consumer Discretionary,Homebuilding
GEOS,Geospace Technologies Corporation Common Stock (Texas),$14.26,-1.63,-10.258%,182627136.00,United States,,416938,Industrials,Industrial Machinery/Components
GERN,Geron Corporation Common Stock,$1.41,-0.08,-5.369%,898054039.00,United States,1996,14434757,Health Care,Biotechnology: Pharmaceutical Preparations
GES,Guess? Inc. Common Stock,$12.09,-0.03,-0.248%,628879703.00,United States,1996,584548,Consumer Discretionary,Apparel
GETY,Getty Images Holdings Inc. Class A Common Stock,$1.66,0.00,0.00%,686272499.00,United States,2022,801828,Consumer Discretionary,Business Services
GEV,GE Vernova Inc. Common Stock,$529.15,9.49,1.826%,144423419788.00,United States,2024,2028748,,
GEVO,Gevo Inc. Common Stock,$1.32,0.04,3.125%,316223153.00,United States,2011,4810250,Industrials,Major Chemicals
GF,New Germany Fund Inc. (The) Common Stock,$11.94,0.12,1.015%,0.00,United States,1990,13787,Finance,Investment Managers
GFAI,Guardforce AI Co. Limited Ordinary Shares,$1.15,0.00,0.00%,24177057.00,Singapore,,441666,Consumer Discretionary,Diversified Commercial Services
GFAIW,Guardforce AI Co. Limited Warrant,$0.2445,-0.0449,-15.515%,5140253.00,Singapore,,300,Consumer Discretionary,Diversified Commercial Services
GFF,Griffon Corporation Common Stock,$72.37,-0.28,-0.385%,3403265758.00,United States,,455989,Industrials,Building Products
GFI,Gold Fields Limited American Depositary Shares,$23.67,0.80,3.498%,21185223926.00,South Africa,,2502169,Basic Materials,Precious Metals
GFL,GFL Environmental Inc. Subordinate voting shares no par value,$50.46,0.74,1.488%,19004611943.00,Canada,2020,1446731,Utilities,Environmental Services
GFR,Greenfire Resources Ltd. Common Shares,$4.46,-0.09,-1.978%,313225800.00,Canada,,77779,Energy,Oil & Gas Production
GFS,GlobalFoundries Inc. Ordinary Shares,$38.20,-0.22,-0.573%,21121269839.00,United States,2021,1208725,Technology,Semiconductors
GGAL,Grupo Financiero Galicia S.A. American Depositary Shares,$50.39,-1.28,-2.477%,8093912545.00,Argentina,,2046882,Finance,Commercial Banks
GGB,Gerdau S.A. Common Stock,$2.92,0.05,1.742%,6070112235.00,Brazil,,10187046,Industrials,Steel/Iron Ore
GGG,Graco Inc. Common Stock,$85.97,-0.18,-0.209%,14368411286.00,United States,,677405,Industrials,Fluid Controls
GGN,GAMCO Global Gold Natural Resources & Income Trust,$4.39,0.08,1.856%,0.00,United States,2005,398025,Finance,Finance/Investors Services
GGN^B,GAMCO Global Gold Natural Reources & Income Trust 5.00% Series B Cumulative 25.00 Liquidation Preference,$20.40,0.05,0.246%,,United States,,6146,,
GGR,Gogoro Inc. Ordinary Shares,$0.285,0.0221,8.406%,84175688.00,Taiwan,,958674,Consumer Discretionary,Auto Manufacturing
GGROW,Gogoro Inc. Warrant,$0.013,0.0019,17.117%,3839593.00,Taiwan,,27911,Consumer Discretionary,Auto Manufacturing
GGT,Gabelli Multi-Media Trust Inc. (The) Common Stock,$4.13,-0.01,-0.242%,113722652.00,United States,,221085,Finance,Trusts Except Educational Religious and Charitable
GGT^E,Gabelli Multi-Media Trust Inc. (The) 5.125% Series E Cumulative Preferred Stock,$22.30,-0.2353,-1.044%,,United States,,254,,
GGT^G,Gabelli Multi-Media Trust Inc. (The) 5.125% Series G Cumulative Preferred Shares,$22.25,-0.09,-0.403%,,United States,,256,,
GGZ,Gabelli Global Small and Mid Cap Value Trust (The) Common Shares of Beneficial Interest,$13.32,0.09,0.68%,118174600.00,,2014,10412,Finance,Investment Managers
GH,Guardant Health Inc. Common Stock,$52.04,1.18,2.32%,6447133862.00,United States,2018,1643318,Health Care,Medical Specialities
GHC,Graham Holdings Company Common Stock,$946.17,-12.70,-1.324%,4125290792.00,United States,,62233,Real Estate,Other Consumer Services
GHG,GreenTree Hospitality Group Ltd. American depositary shares each representing one Class A ordinary share,$2.04,-0.07,-3.318%,207109962.00,,2018,807,Consumer Discretionary,Hotels/Resorts
GHI,Greystone Housing Impact Investors LP Beneficial Unit Certificates representing assignments of limited partnership interests,$11.32,-0.59,-4.954%,264858987.00,United States,2022,82599,Finance,Finance: Consumer Services
GHLD,Guild Holdings Company Class A Common Stock,$19.77,0.01,0.051%,1229895180.00,United States,2020,366279,Finance,Finance: Consumer Services
GHM,Graham Corporation Common Stock,$49.51,-1.06,-2.096%,542057413.00,United States,1978,283902,Industrials,Industrial Machinery/Components
GHRS,GH Research PLC Ordinary Shares,$12.19,-0.25,-2.01%,756123088.00,Ireland,2021,121623,Health Care,Biotechnology: Pharmaceutical Preparations
GHY,PGIM Global High Yield Fund Inc.,$13.41,0.03,0.224%,0.00,United States,2012,151091,Finance,Trusts Except Educational Religious and Charitable
GIB,CGI Inc. Common Stock,$104.83,1.50,1.452%,23522971428.00,Canada,,237403,Consumer Discretionary,Professional Services
GIBO,GIBO Holdings Limited Class A Ordinary Shares,$0.146,-0.0677,-31.68%,106856579.00,Hong Kong,,12782625,Technology,Computer Software: Prepackaged Software
GIBOW,GIBO Holdings Limited Warrants,$0.0348,0.00,0.00%,25469924.00,Hong Kong,,331,Technology,Computer Software: Prepackaged Software
GIC,Global Industrial Company Common Stock,$27.01,-0.37,-1.351%,1036133392.00,United States,,46260,Industrials,Industrial Machinery/Components
GIFI,Gulf Island Fabrication Inc. Common Stock,$6.65,-0.14,-2.062%,107886674.00,United States,1997,31963,Industrials,Metal Fabrications
GIFT,Giftify Inc. Common Stock,$1.50,-0.03,-1.961%,44001504.00,United States,,48905,Consumer Discretionary,Catalog/Specialty Distribution
GIG,GigCapital7 Corp. Class A Ordinary Share,$10.38,0.01,0.096%,0.00,United States,2024,309,Finance,Blank Checks
GIGGU,GigCapital7 Corp. Unit,$10.54,0.00,0.00%,1642419742.00,United States,2024,20,Technology,Computer Software: Prepackaged Software
GIGGW,GigCapital7 Corp. Warrant,$0.15,0.00,0.00%,0.00,United States,2024,14,Finance,Blank Checks
GIGM,GigaMedia Limited Ordinary Shares,$1.41,-0.0057,-0.403%,15583651.00,Taiwan,,1163,Technology,Computer Software: Programming Data Processing
GIII,G-III Apparel Group LTD. Common Stock,$22.40,0.06,0.269%,970050166.00,United States,1989,779517,Consumer Discretionary,Apparel
GIL,Gildan Activewear Inc. Class A Sub. Vot. Common Stock,$49.24,0.46,0.943%,7445094303.00,Canada,2000,598185,Consumer Discretionary,Apparel
GILD,Gilead Sciences Inc. Common Stock,$110.87,0.20,0.181%,137914421645.00,United States,1992,6600021,Health Care,Biotechnology: Biological Products (No Diagnostic Substances)
GILT,Gilat Satellite Networks Ltd. Ordinary Shares,$7.09,0.07,0.997%,404586256.00,Israel,,488395,Technology,Radio And Television Broadcasting And Communications Equipment
GIPR,Generation Income Properties Inc. Common Stock,$1.46,-0.01,-0.68%,7947054.00,United States,,24492,Real Estate,Real Estate Investment Trusts
GIPRW,Generation Income Properties Inc Warrant,$0.0552,0.0052,10.40%,300464.00,United States,,370,Real Estate,Real Estate Investment Trusts
GIS,General Mills Inc. Common Stock,$51.81,1.29,2.553%,28103168257.00,United States,,7555835,Consumer Staples,Packaged Foods
GITS,Global Interactive Technologies Inc. Common Stock,$1.36,-0.02,-1.449%,3998947.00,South Korea,2023,14807,Technology,Computer Software: Programming Data Processing
GJH,Synthetic Fixed-Income Securities Inc 6.375% (STRATS) Cl A-1,$9.35,0.04,0.43%,0.00,United States,,166,Finance,Finance: Consumer Services
GJO,Synthetic Fixed-Income Securities Inc. on behalf of STRATS(SM) Trust for Wal-Mart Stores Inc. Securities Series 2004-5,$25.11,0.01,0.04%,0.00,United States,,200,Finance,Finance: Consumer Services
GJP,Synthetic Fixed-Income Securities Inc. on behalf of STRATS (SM) Trust for Dominion Resources Inc. Securities Series 2005-6 Floating Rate Structured Repackaged Asset-Backed Trust Securities (STRATS) Certificates,$24.55,-0.35,-1.406%,0.00,United States,,400,Finance,Finance: Consumer Services
GJR,Synthetic Fixed-Income Securities Inc. STRATS Trust for Procter&Gamble Securities Series 2006-1,$24.76,0.00,0.00%,0.00,United States,,40,Finance,Finance: Consumer Services
GJS,Goldman Sachs Group Securities STRATS Trust for Goldman Sachs Group Securities Series 2006-2,$22.56,-0.04,-0.177%,7039600584.00,United States,,550,Finance,Finance: Consumer Services
GJT,Synthetic Fixed-Income Securities Inc. Floating Rate Structured Repackaged Asset-Backed Trust Securities Certificates Series 2006-3,$22.50,0.25,1.124%,0.00,United States,,390,Finance,Finance: Consumer Services
GKOS,Glaukos Corporation Common Stock,$103.29,1.87,1.844%,5902044931.00,United States,2015,982839,Health Care,Medical/Dental Instruments
GL,Globe Life Inc. Common Stock,$124.29,0.40,0.323%,10259254182.00,United States,,505145,Finance,Life Insurance
GL^D,Globe Life Inc. 4.25% Junior Subordinated Debentures due 2061,$16.10,0.06,0.374%,,United States,,61583,,
GLAD,Gladstone Capital Corporation Common Stock,$26.97,0.24,0.898%,602236108.00,United States,2001,119094,Consumer Discretionary,Textiles
GLADZ,Gladstone Capital Corporation 7.75% Notes due 2028,$25.56,-0.04,-0.156%,556043716.00,United States,,2257,,
GLBE,Global-E Online Ltd. Ordinary Shares,$33.54,0.72,2.194%,5672662729.00,Israel,2021,2713359,Technology,Computer Software: Prepackaged Software
GLBS,Globus Maritime Limited Common Stock,$1.1502,-0.0202,-1.726%,23673763.00,Greece,,11434,Consumer Discretionary,Marine Transportation
GLBZ,Glen Burnie Bancorp Common Stock,$5.01,0.03,0.602%,14532412.00,United States,,5336,Finance,Major Banks
GLDD,Great Lakes Dredge & Dock Corporation Common Stock,$12.19,-0.04,-0.327%,828022597.00,United States,,599145,Industrials,Military/Government/Technical
GLDG,GoldMining Inc. Common Shares,$0.72,-0.0038,-0.525%,141073312.00,,,446396,Basic Materials,Precious Metals
GLE,Global Engine Group Holding Limited Class A Ordinary Shares,$1.53,0.0799,5.51%,27999000.00,Hong Kong,2024,77572,Technology,EDP Services
GLMD,Galmed Pharmaceuticals Ltd. Ordinary Shares,$1.84,0.03,1.657%,4154783.00,Israel,2014,238427,Health Care,Biotechnology: Pharmaceutical Preparations
GLNG,Golar Lng Ltd,$41.19,-0.23,-0.555%,4309399786.00,Bermuda,,1886744,Consumer Discretionary,Marine Transportation
GLO,Clough Global Opportunities Fund Common Stock,$5.43,0.03,0.556%,0.00,United States,2006,242944,Finance,Finance/Investors Services
GLOB,Globant S.A. Common Shares,$90.84,-0.29,-0.318%,4001098489.00,United States,2014,768586,Technology,EDP Services
GLOP^A,GasLog Partners LP 8.625% Series A Cumulative Redeemable Perpetual Fixed to Floating Rate Preference Units,$25.89,0.60,2.372%,,Greece,,21531,,
GLOP^B,GasLog Partners LP 8.200% Series B Cumulative Redeemable Perpetual Fixed to Floating Rate Preference Units,$25.60,-0.01,-0.039%,,Greece,,1726,,
GLOP^C,GasLog Partners LP 8.500% Series C Cumulative Redeemable Perpetual Fixed to Floating Rate Preference Units,$25.8999,0.0814,0.315%,,Greece,,3371,,
GLP,Global Partners LP Common Units representing Limited Partner Interests,$52.73,0.18,0.343%,1792586037.00,United States,2005,31423,Energy,Oil Refining/Marketing
GLP^B,Global Partners LP 9.50% Series B Fixed Rate Cumulative Redeemable Perpetual Preferred Units representing limited partner interests,$25.8512,0.0311,0.12%,,United States,,5976,,
GLPG,Galapagos NV American Depositary Shares,$27.99,0.01,0.036%,1844459017.00,Belgium,2015,133978,Health Care,Biotechnology: Pharmaceutical Preparations
GLPI,Gaming and Leisure Properties Inc. Common Stock,$46.68,0.30,0.647%,12829204393.00,United States,,1666542,Real Estate,Real Estate Investment Trusts
GLQ,Clough Global Equity Fund Clough Global Equity Fund Common Shares of Beneficial Interest,$7.124,0.084,1.193%,0.00,United States,2005,66559,Finance,Finance/Investors Services
GLRE,Greenlight Capital Re Ltd. Class A Ordinary Shares,$14.37,-0.06,-0.416%,496561543.00,Cayman Islands,2007,1087957,Finance,Property-Casualty Insurers
GLSI,Greenwich LifeSciences Inc. Common Stock,$9.07,0.08,0.89%,121250517.00,United States,2020,40307,Health Care,Biotechnology: Pharmaceutical Preparations
GLTO,Galecto Inc. Common Stock,$3.41,-0.01,-0.292%,4509244.00,Denmark,2020,23904,Health Care,Biotechnology: Pharmaceutical Preparations
GLU,Gabelli Global Utility Common Shares of Beneficial Ownership,$17.3068,0.2163,1.266%,103302749.00,United States,2004,16451,Finance,Finance/Investors Services
GLU^A,The Gabelli Global Utility and Income Trust Series A Cumulative Puttable and Callable Preferred Shares,$49.20,-1.70,-3.34%,,United States,,3010,,
GLU^B,The Gabelli Global Utility and Income Trust Series B Cumulative Puttable and Callable Preferred Shares,$50.20,0.00,0.00%,,United States,,2,,
GLUE,Monte Rosa Therapeutics Inc. Common Stock,$4.51,-0.09,-1.957%,277409293.00,United States,2021,368778,Health Care,Biotechnology: Biological Products (No Diagnostic Substances)
GLV,Clough Global Dividend and Income Fund Common Shares of beneficial interest,$5.675,0.035,0.621%,72126884.00,United States,2004,24579,Finance,Finance/Investors Services
GLW,Corning Incorporated Common Stock,$52.59,0.77,1.486%,45041833398.00,United States,,5413880,Industrials,Telecommunications Equipment
GLXG,Galaxy Payroll Group Limited Class A Ordinary Shares,$0.5556,0.0081,1.479%,9861900.00,Hong Kong,2024,47976,Consumer Discretionary,Diversified Commercial Services
GLXY,Galaxy Digital Inc. Class A Common Stock,$21.90,1.93,9.664%,7594157771.00,United States,,10519857,Finance,Investment Bankers/Brokers/Service
GM,General Motors Company Common Stock,$49.21,-0.47,-0.946%,47312203654.00,United States,2010,9634643,Consumer Discretionary,Auto Manufacturing
GMAB,Genmab A/S ADS,$20.66,0.16,0.78%,13674272628.00,Denmark,2019,1021561,Health Care,Biotechnology: Pharmaceutical Preparations
GME,GameStop Corporation Common Stock,$24.39,0.80,3.391%,10910532503.00,United States,2002,10380098,Consumer Discretionary,Electronics Distribution
GMED,Globus Medical Inc. Class A Common Stock,$59.02,0.42,0.717%,7990090594.00,United States,2012,1042592,Health Care,Medical/Dental Instruments
GMGI,Golden Matrix Group Inc. Common Stock,$1.70,-0.08,-4.494%,235265343.00,United States,,206483,Technology,Computer Software: Prepackaged Software
GMHS,Gamehaus Holdings Inc. Class A Ordinary Shares,$1.62,-0.005,-0.308%,86782391.00,China,,8559,Technology,EDP Services
GMM,Global Mofy AI Limited Class A Ordinary Shares,$2.62,0.09,3.557%,7679833.00,China,2023,10012,Technology,Computer Software: Programming Data Processing
GMRE,Global Medical REIT Inc. Common Stock,$6.93,0.20,2.972%,463469585.00,United States,2016,2299087,Real Estate,Real Estate Investment Trusts
GMRE^A,Global Medical REIT Inc. Series A Cumulative Redeemable Preferred Stock,$25.07,-0.40,-1.57%,,United States,,8921,,
GMS,GMS Inc. Common Stock,$108.75,11.42,11.733%,4138924950.00,United States,2016,8238350,Consumer Discretionary,RETAIL: Building Materials
GNE,Genie Energy Ltd. Class B Common Stock Stock,$26.88,-0.90,-3.24%,721612067.00,United States,2011,442883,Utilities,Power Generation
GNFT,GENFIT S.A. American Depositary Shares,$3.725,0.115,3.186%,186235789.00,France,2019,7322,Health Care,Biotechnology: Biological Products (No Diagnostic Substances)
GNK,Genco Shipping & Trading Limited Ordinary Shares New (Marshall Islands),$13.07,-0.10,-0.759%,561480194.00,United States,,784928,Consumer Discretionary,Marine Transportation
GNL,Global Net Lease Inc. Common Stock,$7.55,0.04,0.533%,1685225904.00,United States,2015,2035818,Real Estate,Real Estate Investment Trusts
GNL^A,Global Net Lease Inc. 7.25% Series A Cumulative Redeemable Preferred Stock $0.01 par value per share,$21.88,-0.22,-0.995%,,United States,,36460,,
GNL^B,Global Net Lease Inc. 6.875% Series B Cumulative Redeemable Perpetual Preferred Stock,$20.93,-0.23,-1.087%,,United States,,48527,,
GNL^D,Global Net Lease Inc. 7.50% Series D Cumulative Redeemable Perpetual Preferred Stock,$23.10,0.2394,1.047%,,United States,,8998,,
GNL^E,Global Net Lease Inc. 7.375% Series E Cumulative Redeemable Perpetual Preferred Stock,$22.282,0.032,0.144%,,United States,,4606,,
GNLN,Greenlane Holdings Inc. Class A Common Stock,$5.30,2.22,72.078%,7347464.00,United States,2019,30254577,Consumer Discretionary,Durable Goods
GNLX,Genelux Corporation Common Stock,$2.87,-0.12,-4.013%,108299355.00,United States,2023,73778,Health Care,Biotechnology: Pharmaceutical Preparations
GNPX,Genprex Inc. Common Stock,$0.2279,0.0049,2.197%,6340437.00,United States,2018,1403639,Health Care,Biotechnology: Pharmaceutical Preparations
GNRC,Generac Holdlings Inc. Common Stock,$143.21,0.80,0.562%,8461082810.00,United States,2010,1027870,Consumer Discretionary,Metal Fabrications
GNS,Genius Group Limited Ordinary Shares,$1.36,0.375,38.071%,87572237.00,Singapore,2022,33769615,Consumer Discretionary,Services-Misc. Amusement & Recreation
GNSS,Genasys Inc. Common Stock,$1.73,0.00,0.00%,78117292.00,United States,,112373,Consumer Staples,Consumer Electronics/Appliances
GNT,GAMCO Natural Resources Gold & Income Trust,$6.29,0.08,1.288%,116210511.00,United States,2011,44464,Finance,Finance/Investors Services
GNT^A,GAMCO Natural Resources Gold & Income Tust  5.20% Series A Cumulative Preferred Shares (Liquidation Preference $25.00 per share),$21.36,-0.24,-1.111%,,United States,,362,,
GNTA,Genenta Science S.p.A. American Depositary Shares,$3.045,-0.055,-1.774%,58300995.00,Italy,2021,4856,Health Care,Biotechnology: Biological Products (No Diagnostic Substances)
GNTX,Gentex Corporation Common Stock,$21.99,0.00,0.00%,4943425249.00,United States,,2730407,Consumer Discretionary,Auto Parts:O.E.M.
GNTY,Guaranty Bancshares Inc. Common Stock,$42.44,0.04,0.094%,481314204.00,United States,,129765,Finance,Major Banks
GNW,Genworth Financial Inc Common Stock,$7.78,-0.06,-0.765%,3224475195.00,United States,2004,6062058,Finance,Life Insurance
GO,Grocery Outlet Holding Corp. Common Stock,$12.42,-0.21,-1.663%,1217589161.00,United States,2019,4811900,Consumer Staples,Food Chains
GOCO,GoHealth Inc. Class A Common Stock,$5.55,-0.30,-5.128%,131748192.00,United States,2020,23787,Finance,Specialty Insurers
GOF,Guggenheim Strategic Opportunities Fund Common Shares of Beneficial Interest,$14.89,0.01,0.067%,0.00,United States,,1090134,Finance,Finance/Investors Services
GOGL,Golden Ocean Group Limited Common Stock,$7.32,-0.16,-2.139%,1459632105.00,Bermuda,,2084526,Consumer Discretionary,Marine Transportation
GOGO,Gogo Inc. Common Stock,$14.68,-0.11,-0.744%,1941629413.00,United States,2013,2539195,Consumer Discretionary,Telecommunications Equipment
GOLF,Acushnet Holdings Corp. Common Stock,$72.82,-0.50,-0.682%,4279358762.00,United States,2016,437820,Consumer Discretionary,Recreational Games/Products/Toys
GOOD,Gladstone Commercial Corporation Real Estate Investment Trust,$14.33,0.06,0.42%,663233427.00,United States,2003,400147,Real Estate,Real Estate
GOODN,Gladstone Commercial Corporation 6.625% Series E Cumulative Redeemable Preferred Stock,$23.92,0.82,3.55%,1107086083.00,United States,,2890,Real Estate,Real Estate
GOODO,Gladstone Commercial Corporation 6.00% Series G Cumulative Redeemable Preferred Stock par value $0.001 per share,$20.40,-0.21,-1.019%,944170405.00,United States,,9102,Real Estate,Real Estate
GOOG,Alphabet Inc. Class C Capital Stock,$177.39,-0.88,-0.494%,2152627650000.00,United States,2004,43932161,Technology,Computer Software: Programming Data Processing
GOOGL,Alphabet Inc. Class A Common Stock,$176.23,-2.30,-1.288%,2138551050000.00,United States,2004,63295322,Technology,Computer Software: Programming Data Processing
GOOS,Canada Goose Holdings Inc. Subordinate Voting Shares,$11.19,-0.20,-1.756%,1083577686.00,,2017,1343040,Consumer Discretionary,Apparel
GORO,Gold Resource Corporation Common Stock,$0.61,0.0599,10.889%,83234336.00,United States,,1076277,Basic Materials,Precious Metals
GORV,Lazydays Holdings Inc. Common Stock,$0.2435,0.0166,7.316%,26839973.00,United States,,478338,Consumer Discretionary,Retail-Auto Dealers and Gas Stations
GOSS,Gossamer Bio Inc. Common Stock,$1.23,-0.02,-1.60%,279581632.00,United States,2019,1975322,Health Care,Biotechnology: Pharmaceutical Preparations
GOTU,Gaotu Techedu Inc. American Depositary Shares,$3.61,-0.06,-1.635%,901818053.00,China,2019,843282,Real Estate,Other Consumer Services
GOVX,GeoVax Labs Inc. Common Stock,$0.8657,-0.0943,-9.823%,13153093.00,United States,,1023854,Health Care,Biotechnology: Pharmaceutical Preparations
GOVXW,GeoVax Labs Inc. Warrants,$0.0251,0.0001,0.40%,381359.00,United States,,3015,Health Care,Biotechnology: Pharmaceutical Preparations
GP,GreenPower Motor Company Inc. Common Shares,$0.40,0.0005,0.125%,11796465.00,Canada,,73063,Consumer Discretionary,Construction/Ag Equipment/Trucks
GPAT,GP-Act III Acquisition Corp. Class A Ordinary Share,$10.55,0.01,0.095%,0.00,United States,2024,26227,,
GPATW,GP-Act III Acquisition Corp. Warrants,$0.31,0.00,0.00%,0.00,United States,2024,28,,
GPC,Genuine Parts Company Common Stock,$121.31,0.83,0.689%,16836570864.00,United States,,1174037,Consumer Discretionary,Automotive Aftermarket
GPCR,Structure Therapeutics Inc. American Depositary Shares,$20.74,-0.34,-1.613%,1193312195.00,United States,2023,357768,Health Care,Biotechnology: Pharmaceutical Preparations
GPI,Group 1 Automotive Inc. Common Stock,$436.71,-1.98,-0.451%,5648721134.00,United States,1997,120472,Consumer Discretionary,Retail-Auto Dealers and Gas Stations
GPJA,Georgia Power Company Series 2017A 5.00% Junior Subordinated Notes due October 1 2077,$20.54,-0.19,-0.917%,190231210.00,United States,2017,277770,Utilities,Electric Utilities: Central
GPK,Graphic Packaging Holding Company,$21.07,0.05,0.238%,6358087182.00,United States,,2447274,Consumer Discretionary,Containers/Packaging
GPMT,Granite Point Mortgage Trust Inc. Common Stock,$2.47,0.01,0.407%,119562477.00,United States,2017,594926,Real Estate,Real Estate Investment Trusts
GPMT^A,Granite Point Mortgage Trust Inc. 7.00% Series A Fixed-to-Floating Rate Cumulative Redeemable Preferred Stock,$17.78,-0.8214,-4.416%,,United States,,124317,,
GPN,Global Payments Inc. Common Stock,$80.04,1.32,1.677%,19520156961.00,United States,,2779629,Consumer Discretionary,Business Services
GPOR,Gulfport Energy Corporation Common Shares,$201.17,-3.43,-1.676%,3573934519.00,United States,2021,358204,Energy,Oil & Gas Production
GPRE,Green Plains Inc. Common Stock,$6.03,0.09,1.515%,394358696.00,United States,,2163723,Industrials,Major Chemicals
GPRK,Geopark Ltd Common Shares,$6.52,-0.19,-2.832%,334132311.00,Bermuda,2014,479592,Energy,Oil & Gas Production
GPRO,GoPro Inc. Class A Common Stock,$0.7573,0.006,0.799%,119312021.00,United States,2014,9540217,Consumer Discretionary,Industrial Machinery/Components
GPUS,Hyperscale Data Inc. Common Stock,$1.40,0.02,1.449%,10111016.00,United States,1997,811666,Technology,Industrial Machinery/Components
GPUS^D,Hyperscale Data Inc. 13.00% Series D Cumulative Redeemable Perpetual Preferred Stock,$13.70,0.40,3.008%,,United States,,1233,,
GRAB,Grab Holdings Limited Class A Ordinary Shares,$5.03,0.11,2.236%,20492914487.00,Singapore,,53106885,Consumer Discretionary,Business Services
GRABW,Grab Holdings Limited Warrant,$0.391,0.04,11.396%,1592987985.00,Singapore,,97199,Consumer Discretionary,Business Services
GRAF,Graf Global Corp. Class A ordinary shares,$10.46,-0.003,-0.029%,0.00,,2024,310,,
GRAL,GRAIL Inc. Common Stock ,$51.42,3.03,6.262%,1849757061.00,United States,,1370983,Health Care,Medical Specialities
GRBK,Green Brick Partners Inc. Common Stock,$62.88,-0.45,-0.711%,2762085115.00,United States,2021,365220,Consumer Discretionary,Homebuilding
GRBK^A,Green Brick Partners Inc. Depositary Shares (each representing a 1/1000th fractional interest in a share of 5.75% Series A Cumulative Perpetual Preferred Stock),$23.55,-0.0474,-0.201%,,United States,,12695,,
GRC,Gorman-Rupp Company (The) Common Stock,$36.72,-0.36,-0.971%,965529523.00,United States,1971,103055,Industrials,Fluid Controls
GRCE,Grace Therapeutics Inc. Common Stock,$2.97,0.00,0.00%,39847703.00,Canada,,19137,Health Care,Biotechnology: Pharmaceutical Preparations
GRDN,Guardian Pharmacy Services Inc. Class A Common Stock,$21.31,-0.07,-0.327%,1348638341.00,United States,2024,480162,Consumer Staples,Retail-Drug Stores and Proprietary Stores
GREE,Greenidge Generation Holdings Inc. Class A Common Stock,$1.29,0.14,12.174%,19915942.00,United States,,205088,Finance,Finance: Consumer Services
GREEL,Greenidge Generation Holdings Inc. 8.50% Senior Notes due 2026,$8.07,-0.08,-0.982%,124590430.00,United States,,23501,Finance,Finance: Consumer Services
GRF,Eagle Capital Growth Fund Inc. Common Stock,$9.86,0.00,0.00%,0.00,United States,,191,Finance,Finance/Investors Services
GRFS,Grifols S.A. American Depositary Shares,$9.04,0.18,2.032%,6215496368.00,Spain,,495112,Health Care,Biotechnology: Pharmaceutical Preparations
GRI,GRI Bio Inc. Common Stock,$1.29,0.02,1.575%,2762500.00,United States,2021,139803,Health Care,Biotechnology: Pharmaceutical Preparations
GRMN,Garmin Ltd. Common Stock (Switzerland),$208.72,0.36,0.173%,40187252696.00,Switzerland,2000,1212393,Industrials,Industrial Machinery/Components
GRND,Grindr Inc. Common Stock,$22.70,0.51,2.298%,4446579376.00,Singapore,2021,1519436,Technology,Computer Software: Programming Data Processing
GRNQ,Greenpro Capital Corp. Common Stock,$1.57,0.03,1.948%,11894026.00,China,,12353,Technology,EDP Services
GRNT,Granite Ridge Resources Inc. Common Stock,$6.37,-0.15,-2.301%,835190192.00,United States,2022,1279119,Energy,Oil & Gas Production
GRO,Brazil Potash Corp. Common Shares,$1.36,-0.05,-3.546%,52242682.00,,2024,91084,Industrials,Mining & Quarrying of Nonmetallic Minerals (No Fuels)
GROV,Grove Collaborative Holdings Inc. Class A Common Stock,$1.15,0.05,4.545%,46293027.00,,2021,91809,Consumer Discretionary,Catalog/Specialty Distribution
GROW,U.S. Global Investors Inc. Class A Common Stock,$2.60,0.06,2.362%,34179808.00,United States,,50492,Finance,Investment Managers
GROY,Gold Royalty Corp. Common Shares,$2.21,0.01,0.455%,373647832.00,Canada,2021,1693169,Basic Materials,Precious Metals
GRPN,Groupon Inc. Common Stock,$33.45,-1.00,-2.903%,1331849883.00,United States,2011,1271873,Consumer Discretionary,Advertising
GRRR,Gorilla Technology Group Inc. Ordinary shares,$19.89,-2.49,-11.126%,402220393.00,Taiwan,,6074134,Technology,Computer Software: Prepackaged Software
GRRRW,Gorilla Technology Group Inc. Warrant,$0.7648,-0.0542,-6.618%,15465971.00,Taiwan,,288079,Technology,Computer Software: Prepackaged Software
GRVY,GRAVITY Co. Ltd. American Depository Shares,$63.69,1.31,2.10%,442575441.00,South Korea,2005,10959,Consumer Discretionary,Business Services
GRWG,GrowGeneration Corp. Common Stock,$0.9351,0.0651,7.483%,55634491.00,United States,,449296,Consumer Discretionary,RETAIL: Building Materials
GRX,The Gabelli Healthcare & Wellness Trust Common Shares of Beneficial Interest,$9.45,0.05,0.532%,161528595.00,United States,,6036,Finance,Finance/Investors Services
GRYP,Gryphon Digital Mining Inc Common Stock,$0.8813,0.0663,8.135%,63945114.00,United States,2018,3793692,Technology,EDP Services
GS,Goldman Sachs Group Inc. (The) Common Stock,$707.75,16.94,2.452%,217166808342.00,United States,1999,3971588,Finance,Investment Bankers/Brokers/Service
GS^A,Goldman Sachs Group Inc. (The) Depositary Shares each representing 1/1000th Interest in a Share of Floating Rate Non-Cumulative Preferred Stock Series A,$21.16,-0.20,-0.936%,,United States,,548502,,
GS^C,Goldman Sachs Group Inc. (The) Depositary Share repstg 1/1000th Preferred Series C,$21.28,-0.1744,-0.813%,,United States,,154162,,
GS^D,Goldman Sachs Group Inc. (The) Dep Shs repstg 1/1000 Pfd Ser D Fltg,$20.75,-0.12,-0.575%,,United States,,1179054,,
GSAT,Globalstar Inc. Common Stock,$23.55,0.01,0.042%,2981032617.00,United States,2025,497674,Consumer Discretionary,Telecommunications Equipment
GSBC,Great Southern Bancorp Inc. Common Stock,$58.78,-0.16,-0.271%,674084338.00,United States,1989,128722,Finance,Major Banks
GSBD,Goldman Sachs BDC Inc. Common Stock,$11.25,-0.22,-1.918%,1319593748.00,United States,2015,919387,Finance,Investment Managers
GSHD,Goosehead Insurance Inc. Class A Common Stock,$105.51,3.11,3.037%,3959792621.00,United States,2018,315053,Finance,Specialty Insurers
GSHR,Gesher Acquisition Corp. II Class A Ordinary Shares,$10.15,0.05,0.495%,0.00,United States,2025,243,,
GSHRU,Gesher Acquisition Corp. II Units,$10.24,0.00,0.00%,0.00,United States,2025,50,Finance,Blank Checks
GSHRW,Gesher Acquisition Corp. II Warrants,$0.2812,0.00,0.00%,0.00,United States,2025,55,Finance,Blank Checks
GSIT,GSI Technology Common Stock,$3.36,-0.07,-2.041%,93650320.00,United States,2007,133862,Technology,Semiconductors
GSIW,Garden Stage Limited Ordinary Shares,$1.55,-0.08,-4.908%,24218750.00,Hong Kong,2023,2541325,Finance,Investment Bankers/Brokers/Service
GSK,GSK plc American Depositary Shares (Each representing two Ordinary Shares),$38.40,-0.18,-0.467%,78637666598.00,United Kingdom,2022,4803384,Health Care,Biotechnology: Pharmaceutical Preparations
GSL,Global Ship Lease Inc New Class A Common Shares,$26.31,-0.25,-0.941%,940217396.00,United Kingdom,,322363,Consumer Discretionary,Marine Transportation
GSL^B,Global Ship Lease Inc. Depository Shares Representing 1/100th Perpetual Preferred Series B% (Marshall Island),$25.65,-0.36,-1.384%,,United Kingdom,,52540,,
GSM,Ferroglobe PLC Ordinary Shares,$3.67,0.01,0.273%,684916947.00,United Kingdom,,2032528,Basic Materials,Metal Mining
GSRT,GSR III Acquisition Corp. Ordinary Shares,$10.79,-0.05,-0.461%,0.00,United States,2024,1243006,,
GSRTR,GSR III Acquisition Corp. Right,$6.8301,0.0081,0.119%,0.00,United States,2024,48429,,
GSUN,Golden Sun Health Technology Group Limited Class A Ordinary Shares,$2.32,-0.06,-2.521%,4595790.00,China,2022,84068,Real Estate,Other Consumer Services
GT,The Goodyear Tire & Rubber Company Common Stock,$10.37,-0.35,-3.265%,2962742371.00,United States,,8192755,Consumer Discretionary,Automotive Aftermarket
GTBP,GT Biopharma Inc. Common Stock,$3.58,0.04,1.13%,9259301.00,United States,,56610,Health Care,Biotechnology: Pharmaceutical Preparations
GTE,Gran Tierra Energy Inc. Common Stock,$4.77,-0.08,-1.649%,168328458.00,Canada,,270821,Energy,Oil & Gas Production
GTEC,Greenland Technologies Holding Corporation Ordinary Shares,$1.99,0.01,0.505%,34614510.00,China,2018,113849,Industrials,Industrial Machinery/Components
GTEN,Gores Holdings X Inc. Class A ordinary shares,$10.25,0.00,0.00%,0.00,United States,2025,612818,,
GTENU,Gores Holdings X Inc. Units,$10.39,0.01,0.096%,0.00,United States,2025,78454,,
GTENW,Gores Holdings X Inc. Warrants,$0.59,0.0369,6.671%,0.00,United States,2025,7663,,
GTES,Gates Industrial Corporation plc Ordinary Shares,$23.03,-0.10,-0.432%,5936469976.00,United Kingdom,2018,1440925,Industrials,Industrial Machinery/Components
GTI,Graphjet Technology Class A Ordinary Shares,$0.1046,0.0059,5.978%,15349141.00,Malaysia,2022,29200355,Energy,Industrial Machinery/Components
GTIM,Good Times Restaurants Inc. Common Stock,$1.765,0.045,2.616%,18692068.00,United States,,9029,Consumer Discretionary,Restaurants
GTLB,GitLab Inc. Class A Common Stock,$45.11,-0.03,-0.066%,7452172000.00,United States,2021,5536940,Technology,Computer Software: Prepackaged Software
GTLS,Chart Industries Inc. Common Stock,$164.65,-3.16,-1.883%,7524397484.00,United States,2006,823343,Industrials,Metal Fabrications
GTLS^B,Chart Industries Inc. Depositary Shares each Representing a 1/20th Interest in a Share of 6.75% Series B Mandatory Convertible Preferred Stock,$60.40,-1.38,-2.234%,,United States,,96540,,
GTM,ZoomInfo Technologies Inc Common Stock,$10.12,0.03,0.297%,3328581344.00,United States,2020,2519459,Technology,Computer Software: Prepackaged Software
GTN,Gray Media Inc. Common Stock,$4.53,0.02,0.443%,461124161.00,United States,,1013927,Industrials,Broadcasting
GTX,Garrett Motion Inc. Common Stock,$10.51,0.01,0.095%,2129535643.00,Switzerland,,2530794,Consumer Discretionary,Auto Parts:O.E.M.
GTY,Getty Realty Corporation Common Stock,$27.64,0.01,0.036%,1532415470.00,United States,,559833,Finance,Real Estate
GUG,Guggenheim Active Allocation Fund Common Shares of Beneficial Interest,$15.64,-0.03,-0.191%,0.00,United States,2021,94926,Finance,Trusts Except Educational Religious and Charitable
GURE,Gulf Resources Inc. (NV) Common Stock,$0.672,0.002,0.299%,8968927.00,China,,83474,Industrials,Major Chemicals
GUT,Gabelli Utility Trust (The) Common Stock,$5.80,-0.01,-0.172%,425714368.00,United States,,168860,Finance,Trusts Except Educational Religious and Charitable
GUT^C,Gabelli Utility Trust (The) 5.375% Series C Cumulative Preferred Shares,$22.455,0.055,0.246%,,United States,,820,,
GUTS,Fractyl Health Inc. Common Stock,$1.62,-0.02,-1.22%,79342150.00,United States,2024,400188,,
GV,Visionary Holdings Inc. Common Shares,$1.59,-0.175,-9.915%,6001077.00,Canada,2022,151894,Real Estate,Other Consumer Services
GVA,Granite Construction Incorporated Common Stock,$93.51,0.63,0.678%,4089925792.00,United States,,491056,Industrials,Military/Government/Technical
GVH,Globavend Holdings Limited Ordinary Shares,$0.1155,-0.0175,-13.158%,1724545.00,Australia,2023,300734659,Consumer Discretionary,Oil Refining/Marketing
GWAV,Greenwave Technology Solutions Inc. Common Stock,$0.193,-0.0007,-0.361%,11033715.00,United States,,430619,Industrials,Metal Fabrications
GWH,ESS Tech Inc. Common Stock,$1.33,0.12,9.917%,16097988.00,United States,,233804,Miscellaneous,Industrial Machinery/Components
GWRE,Guidewire Software Inc. Common Stock,$235.45,0.05,0.021%,19823765255.00,United States,2012,768550,Technology,Computer Software: Prepackaged Software
GWRS,Global Water Resources Inc. Common Stock,$10.19,0.00,0.00%,279725466.00,United States,2016,53391,Utilities,Water Supply
GWW,W.W. Grainger Inc. Common Stock,$1040.24,11.49,1.117%,49972310931.00,United States,,338011,Industrials,Office Equipment/Supplies/Services
GXAI,Gaxos.ai Inc. Common Stock,$1.41,-0.01,-0.704%,10044069.00,United States,2023,181076,Technology,Computer Software: Prepackaged Software
GXO,GXO Logistics Inc. Common Stock ,$48.70,-0.30,-0.612%,5572204813.00,United States,2021,1035623,Consumer Discretionary,Transportation Services
GYRE,Gyre Therapeutics Inc. Common Stock,$7.35,-0.07,-0.943%,689118375.00,United States,2006,172275,Health Care,Biotechnology: Pharmaceutical Preparations
GYRO,Gyrodyne LLC Common Stock,$8.6071,0.3371,4.076%,18929664.00,United States,,669,Real Estate,Building operators
H,Hyatt Hotels Corporation Class A Common Stock,$139.65,0.28,0.201%,13330470480.00,United States,2009,1421098,Consumer Discretionary,Hotels/Resorts
HAE,Haemonetics Corporation Common Stock,$74.61,0.81,1.098%,3584040272.00,United States,1991,472462,Health Care,Medical/Dental Instruments
HAFC,Hanmi Financial Corporation Common Stock,$24.68,-0.13,-0.524%,745634505.00,United States,,185878,Finance,Major Banks
HAFN,Hafnia Limited Common Shares,$4.99,-0.09,-1.772%,2484968314.00,,2024,2141409,Consumer Discretionary,Transportation Services
HAIN,Hain Celestial Group Inc. (The) Common Stock,$1.52,0.03,2.013%,137185294.00,United States,,1586111,Consumer Staples,Packaged Foods
HAL,Halliburton Company Common Stock,$20.38,-0.19,-0.924%,17520992046.00,United States,,13501742,Energy,Oilfield Services/Equipment
HALO,Halozyme Therapeutics Inc. Common Stock,$52.02,-0.19,-0.364%,6409956420.00,United States,,3611950,Health Care,Biotechnology: Biological Products (No Diagnostic Substances)
HAO,Haoxi Health Technology Limited Class A Ordinary Shares,$1.30,0.00,0.00%,3669114.00,China,2024,3941,Consumer Discretionary,Advertising
HAS,Hasbro Inc. Common Stock,$73.82,0.69,0.944%,10344351053.00,United States,,2266056,Consumer Discretionary,Recreational Games/Products/Toys
HASI,HA Sustainable Infrastructure Capital Inc. Common Stock,$26.86,-0.80,-2.892%,3262049337.00,United States,2013,3173393,Finance,Finance/Investors Services
HAYW,Hayward Holdings Inc. Common Stock,$13.80,-0.01,-0.072%,2984773048.00,United States,2021,1577218,Industrials,Industrial Machinery/Components
HBAN,Huntington Bancshares Incorporated Common Stock,$16.76,0.16,0.964%,24416162768.00,United States,,31096352,Finance,Major Banks
HBANL,Huntington Bancshares Incorporated Depositary Shares Each Representing a 1/40th Interest in a Share of 6.875% Series J Non-Cumulative Perpetual Preferred Stock,$24.71,-0.46,-1.828%,35997815155.00,United States,,230099,Finance,Major Banks
HBANM,Huntington Bancshares Incorporated Depositary Shares each representing a 1/1000th interest in a share of Huntington Series I Preferred Stock,$22.14,0.14,0.636%,32253809289.00,United States,,6402,Finance,Major Banks
HBANP,Huntington Bancshares Incorporated Depositary Shares 4.500% Series H Non-Cumulative Perpetual Preferred Stock,$17.56,0.15,0.862%,25581612065.00,United States,,118194,Finance,Major Banks
HBB,Hamilton Beach Brands Holding Company Class A Common Stock ,$17.89,0.13,0.732%,244942670.00,United States,2017,21745,Consumer Discretionary,Home Furnishings
HBCP,Home Bancorp Inc. Common Stock,$51.78,0.03,0.058%,403954835.00,United States,2008,54676,Finance,Banks
HBI,Hanesbrands Inc. Common Stock,$4.58,-0.03,-0.651%,1619669373.00,United States,,4404357,Consumer Discretionary,Clothing/Shoe/Accessory Stores
HBIO,Harvard Bioscience Inc. Common Stock,$0.4438,-0.0198,-4.271%,19622060.00,United States,2000,1658092,Industrials,Biotechnology: Laboratory Analytical Instruments
HBM,Hudbay Minerals Inc. Ordinary Shares (Canada),$10.61,0.05,0.473%,4190971888.00,Canada,,5657690,Basic Materials,Metal Mining
HBNC,Horizon Bancorp Inc. Common Stock,$15.38,-0.11,-0.71%,678216336.00,United States,,176419,Finance,Major Banks
HBT,HBT Financial Inc. Common Stock,$25.21,-0.09,-0.356%,793999891.00,United States,2019,43114,Finance,Major Banks
HCA,HCA Healthcare Inc. Common Stock,$383.10,3.80,1.002%,92163861090.00,United States,2011,1172513,Health Care,Hospital/Nursing Management
HCAI,Huachen AI Parking Management Technology Holding Co. Ltd. Ordinary Shares,$0.809,0.009,1.125%,27291615.00,China,2025,585014,Consumer Discretionary,Miscellaneous manufacturing industries
HCAT,Health Catalyst Inc Common Stock,$3.77,-0.04,-1.05%,262396648.00,United States,2019,530803,Technology,Computer Software: Programming Data Processing
HCC,Warrior Met Coal Inc. Common Stock,$45.83,2.17,4.97%,2408792032.00,United States,2017,2494651,Energy,Coal Mining
HCHL,Happy City Holdings Limited Class A Ordinary shares,$5.13,0.04,0.786%,97470000.00,Hong Kong,2025,574921,Consumer Discretionary,Restaurants
HCI,HCI Group Inc. Common Stock,$152.20,1.11,0.735%,1757559483.00,United States,,185384,Finance,Property-Casualty Insurers
HCKT,Hackett Group Inc (The). Common Stock,$25.42,0.26,1.033%,702995820.00,United States,,246615,Consumer Discretionary,Professional Services
HCM,HUTCHMED (China) Limited American Depositary Shares,$15.05,-0.05,-0.331%,2623549396.00,Hong Kong,2016,36393,Health Care,Biotechnology: Pharmaceutical Preparations
HCSG,Healthcare Services Group Inc. Common Stock,$15.03,0.10,0.67%,1095967009.00,United States,1983,845673,Health Care,Hospital/Nursing Management
HCTI,Healthcare Triangle Inc. Common Stock,$0.0278,0.0047,20.346%,11354788.00,United States,2021,287647798,Technology,EDP Services
HCWB,HCW Biologics Inc. Common Stock,$3.965,-0.535,-11.889%,5706503.00,United States,2021,200160,Health Care,Biotechnology: Pharmaceutical Preparations
HCWC,Healthy Choice Wellness Corp. Class A Common Stock,$0.404,-0.006,-1.463%,4909454.00,,2024,121460,Consumer Staples,Food Chains
HCXY,Hercules Capital Inc. 6.25% Notes due 2033,$25.03,0.03,0.12%,4390916009.00,United States,2018,614,Finance,Investment Managers
HD,Home Depot Inc. (The) Common Stock,$366.64,-2.10,-0.57%,364780396420.00,United States,,4599075,Consumer Discretionary,RETAIL: Building Materials
HDB,HDFC Bank Limited Common Stock,$76.67,-0.36,-0.467%,194151713485.00,India,2001,1258058,Finance,Commercial Banks
HDL,SUPER HI INTERNATIONAL HOLDING LTD. American Depositary Shares,$19.52,0.42,2.199%,1269383648.00,Singapore,2024,20156,Consumer Discretionary,Restaurants
HDSN,Hudson Technologies Inc. Common Stock,$8.12,0.10,1.247%,353063455.00,United States,,367292,Consumer Discretionary,Industrial Specialties
HE,Hawaiian Electric Industries Inc. Common Stock,$10.63,-0.02,-0.188%,1833614016.00,United States,,2155410,Utilities,Electric Utilities: Central
HEI,Heico Corporation Common Stock,$328.00,2.27,0.697%,45626148736.00,United States,2000,482587,Industrials,Aerospace
HEI/A,Heico Corporation,$258.75,0.37,0.143%,,United States,,318749,,
HELE,Helen of Troy Limited Common Stock,$28.38,0.04,0.141%,651112407.00,Bermuda,,672992,Consumer Discretionary,Home Furnishings
HEPS,D-Market Electronic Services & Trading American Depositary Shares,$2.70,0.01,0.372%,867733846.00,Turkey,2021,390855,Consumer Discretionary,Catalog/Specialty Distribution
HEQ,John Hancock Diversified Income Fund Common Shares of Beneficial Interest,$10.58,-0.04,-0.377%,0.00,United States,2011,41918,Finance,Investment Managers
HES,Hess Corporation Common Stock,$138.54,-0.43,-0.309%,42846410297.00,United States,,1448813,Energy,Integrated oil Companies
HESM,Hess Midstream LP Class A Representing Limited Partner Interests,$38.51,-0.05,-0.13%,4497144156.00,United States,2017,1461466,Energy,Oil & Gas Production
HFBL,Home Federal Bancorp Inc. of Louisiana Common Stock,$13.60,0.00,0.00%,42469590.00,United States,2010,316,Finance,Savings Institutions
HFFG,HF Foods Group Inc. Common Stock,$3.18,-0.04,-1.242%,168586762.00,United States,2017,85849,Consumer Discretionary,Food Distributors
HFRO,Highland Opportunities and Income Fund Common Shares of Beneficial Interest,$5.20,-0.08,-1.515%,0.00,United States,2017,274028,Finance,Finance/Investors Services
HFRO^A,Highland Opportunities and Income Fund 5.375% Series A Cumulative Preferred Shares,$16.06,0.03,0.187%,,United States,,9386,,
HFRO^B,Highland Opportunities and Income Fund 5.375% Series B Cumulative Preferred Shares,$15.87,0.04,0.253%,,United States,,32404,,
HFWA,Heritage Financial Corporation Common Stock,$23.84,0.00,0.00%,813075501.00,United States,,147320,Finance,Banks
HG,Hamilton Insurance Group Ltd. Class B Common Shares,$21.62,0.18,0.84%,1448879283.00,Bermuda,2023,717574,,
HGBL,Heritage Global Inc. Common Stock,$2.22,-0.05,-2.203%,78799027.00,United States,,58313,Consumer Discretionary,Business Services
HGLB,Highland Global Allocation Fund Common Stock,$8.704,0.214,2.521%,0.00,,2019,67602,Finance,Trusts Except Educational Religious and Charitable
HGTY,Hagerty Inc. Class A Common Stock,$10.11,-0.07,-0.688%,3455087991.00,United States,2021,62996,Finance,Specialty Insurers
HGV,Hilton Grand Vacations Inc. Common Stock ,$41.53,-0.17,-0.408%,3806890849.00,United States,2016,776516,Consumer Discretionary,Hotels/Resorts
HHH,Howard Hughes Holdings Inc. Common Stock,$67.50,-0.32,-0.472%,3401401140.00,United States,,606945,Real Estate,Real Estate Investment Trusts
HHS,Harte Hanks Inc. Common Stock,$3.98,0.02,0.505%,29310431.00,United States,,26665,Consumer Discretionary,Advertising
HI,Hillenbrand Inc Common Stock,$20.07,-0.35,-1.714%,1414010255.00,United States,,407479,Consumer Discretionary,Miscellaneous manufacturing industries
HIFS,Hingham Institution for Savings Common Stock,$248.35,2.59,1.054%,533306790.00,United States,,90177,Finance,Banks
HIG,The Hartford Insurance Group Inc. Common Stock,$126.87,2.19,1.756%,36044145834.00,United States,,1927215,Finance,Property-Casualty Insurers
HIG^G,The Hartford Insurance Group Inc. Depositary Shares each representing a 1/1000th interest in a share of 6.000% Non-Cumulative Preferred Stock Series G,$24.81,-0.26,-1.037%,,United States,,228851,,
HIHO,Highway Holdings Limited Common Stock,$1.73,0.02,1.17%,7615157.00,Hong Kong,,50194,Industrials,Metal Fabrications
HII,Huntington Ingalls Industries Inc. Common Stock,$241.46,2.81,1.177%,9474681296.00,United States,,315931,Industrials,Marine Transportation
HIMS,Hims & Hers Health Inc. Class A Common Stock,$49.85,0.44,0.891%,11158001372.00,United States,2019,36425295,Health Care,Medical/Nursing Services
HIMX,Himax Technologies Inc. American Depositary Shares,$8.93,-0.14,-1.544%,1561976787.00,Taiwan,2006,1480959,Technology,Semiconductors
HIO,Western Asset High Income Opportunity Fund Inc. Common Stock,$3.98,0.04,1.015%,0.00,United States,,353641,Finance,Finance/Investors Services
HIPO,Hippo Holdings Inc. Common Stock,$27.93,0.12,0.431%,702635680.00,United States,2021,346894,Finance,Property-Casualty Insurers
HIT,Health In Tech Inc. Class A Common Stock,$0.88,0.0528,6.383%,48112420.00,United States,2024,445097,Finance,Specialty Insurers
HITI,High Tide Inc. Common Shares,$2.30,0.04,1.77%,186383561.00,Canada,,143976,Consumer Discretionary,Other Specialty Stores
HIVE,HIVE Digital Technologies Ltd. Common Shares,$1.80,0.00,0.00%,325586245.00,Canada,,31998247,Finance,Finance: Consumer Services
HIW,Highwoods Properties Inc. Common Stock,$31.09,-0.02,-0.064%,3351831865.00,United States,1994,1023727,Real Estate,Real Estate Investment Trusts
HIX,Western Asset High Income Fund II Inc. Common Stock,$4.29,-0.02,-0.464%,0.00,United States,1998,308485,Finance,Finance/Investors Services
HKD,AMTD Digital Inc. American Depositary Shares (every five of which represent two Class A Ordinary Shares),$1.75,0.03,1.744%,220786949.00,,2022,120986,Finance,Finance: Consumer Services
HKIT,Hitek Global Inc. Class A Ordinary Share,$1.375,0.005,0.365%,40286626.00,China,2023,6476,Technology,Computer Software: Prepackaged Software
HKPD,Hong Kong Pharma Digital Technology Holdings Limited Ordinary shares,$1.28,-0.14,-9.859%,14080000.00,Hong Kong,2025,391696,Health Care,Other Pharmaceuticals
HL,Hecla Mining Company Common Stock,$5.99,0.15,2.568%,3789053844.00,United States,,19025775,Industrials,Mining & Quarrying of Nonmetallic Minerals (No Fuels)
HL^B,Hecla Mining Company Preferred Stock,$50.5097,0.00,0.00%,,United States,,132,,
HLF,Herbalife Ltd. Common Shares,$8.62,-0.11,-1.26%,877918821.00,Cayman Islands,2004,1289877,Health Care,Other Pharmaceuticals
HLI,Houlihan Lokey Inc. Class A Common Stock,$179.95,-2.61,-1.43%,12559387292.00,United States,2015,626821,Finance,Investment Managers
HLIO,Helios Technologies Inc. Common Stock,$33.37,-0.18,-0.537%,1112282633.00,United States,2021,593507,Industrials,Metal Fabrications
HLIT,Harmonic Inc. Common Stock,$9.47,-0.02,-0.211%,1071026838.00,United States,1995,1169792,Technology,Radio And Television Broadcasting And Communications Equipment
HLLY,Holley Inc. Common Stock,$2.00,-0.07,-3.382%,240361278.00,United States,2020,284682,Consumer Discretionary,Auto Parts:O.E.M.
HLMN,Hillman Solutions Corp. Common Stock,$7.14,0.00,0.00%,1410211211.00,United States,2020,1504661,Consumer Discretionary,Industrial Machinery/Components
HLN,Haleon plc American Depositary Shares (Each representing two Ordinary Shares),$10.37,-0.01,-0.096%,46646166846.00,United Kingdom,2022,16495955,Consumer Discretionary,Package Goods/Cosmetics
HLNE,Hamilton Lane Incorporated Class A Common Stock,$142.12,-2.02,-1.401%,7610969130.00,United States,2017,661307,Finance,Investment Managers
HLP,Hongli Group Inc. Ordinary Shares,$0.78,0.0024,0.309%,57282225.00,China,2023,258931,Industrials,Industrial Machinery/Components
HLT,Hilton Worldwide Holdings Inc. Common Stock ,$266.34,0.84,0.316%,63308947686.00,United States,2016,3011379,Consumer Discretionary,Hotels/Resorts
HLVX,HilleVax Inc. Common Stock,$1.99,0.02,1.015%,99780717.00,United States,2022,424824,Health Care,Biotechnology: Biological Products (No Diagnostic Substances)
HLX,Helix Energy Solutions Group Inc. Common Stock,$6.24,-0.04,-0.637%,945549315.00,United States,,1363817,Energy,Oilfield Services/Equipment
HLXB,Helix Acquisition Corp. II Class A Ordinary Shares,$10.62,-0.03,-0.282%,0.00,United States,2024,680,,
HMC,Honda Motor Company Ltd. Common Stock,$28.83,-0.87,-2.929%,41769956987.00,Japan,,1104770,Consumer Discretionary,Auto Manufacturing
HMN,Horace Mann Educators Corporation Common Stock,$42.97,0.08,0.187%,1752278142.00,United States,1991,223223,Finance,Property-Casualty Insurers
HMR,Heidmar Maritime Holdings Corp. Common Stock,$1.71,0.02,1.183%,99459313.00,Greece,,124715,Consumer Discretionary,Marine Transportation
HMST,HomeStreet Inc. Common Stock,$13.07,0.45,3.566%,247294961.00,United States,2012,69031,Finance,Major Banks
HMY,Harmony Gold Mining Company Limited,$13.97,0.57,4.254%,8837902750.00,South Africa,,4127873,Basic Materials,Precious Metals
HNGE,Hinge Health Inc. Class A Common Stock,$51.75,5.24,11.266%,4170457463.00,,2025,2731763,Technology,EDP Services
HNI,HNI Corporation Common Stock,$49.18,-0.44,-0.887%,2289460360.00,United States,,312052,Consumer Discretionary,Office Equipment/Supplies/Services
HNNA,Hennessy Advisors Inc. Common Stock,$12.60,0.10,0.80%,98100148.00,United States,,8644,Finance,Investment Managers
HNNAZ,Hennessy Advisors Inc. 4.875% Notes due 2026,$24.75,-0.095,-0.382%,192696719.00,United States,,107,Finance,Investment Managers
HNRG,Hallador Energy Company Common Stock,$15.83,0.49,3.194%,680312929.00,United States,,752708,Energy,Coal Mining
HNST,The Honest Company Inc. Common Stock,$5.09,0.21,4.303%,561106640.00,United States,2021,2469176,Consumer Discretionary,Catalog/Specialty Distribution
HNVR,Hanover Bancorp Inc. Common Stock,$22.89,1.19,5.484%,165465653.00,United States,2022,27005,Finance,Major Banks
HNW,Pioneer Diversified High Income Fund Inc.,$12.505,0.005,0.04%,0.00,United States,2007,48997,Finance,Finance/Investors Services
HOFT,Hooker Furnishings Corporation Common Stock,$10.58,-1.19,-10.11%,113174334.00,United States,,194667,Consumer Discretionary,Home Furnishings
HOG,Harley-Davidson Inc. Common Stock,$23.60,-0.02,-0.085%,2867108752.00,United States,,1162476,Consumer Discretionary,Motor Vehicles
HOLO,MicroCloud Hologram Inc. Ordinary Shares,$4.88,0.06,1.245%,25023088.00,United States,2021,1365360,Technology,Computer Software: Programming Data Processing
HOLOW,MicroCloud Hologram Inc. Warrant,$0.1309,-0.0067,-4.869%,671214.00,United States,2021,49326,Technology,Computer Software: Programming Data Processing
HOLX,Hologic Inc. Common Stock,$65.16,0.15,0.231%,14520596229.00,United States,1990,1590544,Health Care,Medical Electronics
HOMB,Home BancShares Inc. Common Stock,$28.46,-0.10,-0.35%,5619823192.00,United States,2006,949271,Finance,Major Banks
HON,Honeywell International Inc. Common Stock,$232.88,4.03,1.761%,149667995848.00,United States,,4060834,Industrials,Aerospace
HOND,HCM II Acquisition Corp. Class A Ordinary Shares,$11.10,-0.09,-0.804%,0.00,United States,2024,577084,,
HONDW,HCM II Acquisition Corp. Warrant,$2.35,0.05,2.174%,0.00,United States,2024,102851,Finance,Blank Checks
HONE,HarborOne Bancorp Inc. Common Stock,$11.68,0.08,0.69%,503302646.00,United States,2016,237003,Finance,Major Banks
HOOD,Robinhood Markets Inc. Class A Common Stock,$93.63,10.60,12.766%,82625568818.00,United States,2021,99577859,Finance,Investment Bankers/Brokers/Service
HOOK,HOOKIPA Pharma Inc. Common Stock,$1.255,0.005,0.40%,15297369.00,United States,2019,36430,Health Care,Biotechnology: Pharmaceutical Preparations
HOPE,Hope Bancorp Inc. Common Stock,$10.73,-0.07,-0.648%,1374041749.00,United States,,950248,Finance,Major Banks
HOTH,Hoth Therapeutics Inc. Common Stock,$1.17,0.04,3.54%,15454431.00,United States,2019,412756,Health Care,Biotechnology: Pharmaceutical Preparations
HOUR,Hour Loop Inc. Common Stock,$1.43,0.08,5.926%,50279072.00,United States,2022,39327,Consumer Discretionary,Catalog/Specialty Distribution
HOUS,Anywhere Real Estate Inc. Common Stock,$3.62,-0.12,-3.209%,404735472.00,United States,2012,966196,Finance,Real Estate
HOV,Hovnanian Enterprises Inc. Class A Common Stock,$104.55,-2.47,-2.308%,606202124.00,United States,1983,222987,Consumer Discretionary,Homebuilding
HOVNP,Hovnanian Enterprises Inc Dep Shr Srs A Pfd,$16.4013,0.0863,0.529%,95098067.00,United States,,17547,Consumer Discretionary,Homebuilding
HOVR,New Horizon Aircraft Ltd. Class A Ordinary Share,$1.71,-0.03,-1.724%,53668601.00,United States,2023,1792099,Industrials,Aerospace
HOVRW,New Horizon Aircraft Ltd. Warrant,$0.2892,0.0141,5.125%,9076585.00,United States,2023,106621,Industrials,Aerospace
HOWL,Werewolf Therapeutics Inc. Common Stock,$1.09,0.07,6.863%,48912274.00,United States,2021,315578,Health Care,Biotechnology: Pharmaceutical Preparations
HP,Helmerich & Payne Inc. Common Stock,$15.16,-0.24,-1.558%,1507155868.00,United States,,1861489,Energy,Oil & Gas Production
HPAI,Helport AI Limited Ordinary Shares,$4.80,0.525,12.281%,178238246.00,Singapore,,15521,Technology,Computer Software: Prepackaged Software
HPAIW,Helport AI Limited Warrants,$0.2195,0.00,0.00%,8150686.00,Singapore,,123,Technology,Computer Software: Prepackaged Software
HPE,Hewlett Packard Enterprise Company Common Stock,$20.45,2.04,11.081%,26834809429.00,United States,2015,58069350,Technology,Retail: Computer Software & Peripheral Equipment
HPE^C,Hewlett Packard Enterprise Company 7.625% Series C Mandatory Convertible Preferred Stock,$58.88,4.56,8.395%,,United States,,727161,,
HPF,John Hancock Pfd Income Fund II Pfd Income Fund II,$15.81,0.03,0.19%,0.00,United States,2002,58523,Finance,Finance Companies
HPI,John Hancock Preferred Income Fund Common Shares of Beneficial Interest,$15.99,0.10,0.629%,0.00,United States,2002,76413,Finance,Trusts Except Educational Religious and Charitable
HPK,HighPeak Energy Inc. Common Stock,$9.80,-0.12,-1.21%,1235460873.00,United States,,281576,Energy,Oil & Gas Production
HPKEW,HighPeak Energy Inc. Warrant,$0.43,0.00,0.00%,54208997.00,United States,,100,Energy,Oil & Gas Production
HPP,Hudson Pacific Properties Inc. Common Stock,$2.74,0.04,1.481%,1038710570.00,United States,2010,8736739,Finance,Real Estate
HPP^C,Hudson Pacific Properties Inc. 4.750% Series C Cumulative Redeemable Preferred Stock,$14.86,0.06,0.405%,,United States,,738396,,
HPQ,HP Inc. Common Stock,$24.46,-0.31,-1.252%,22974614596.00,United States,,11116094,Technology,Computer Manufacturing
HPS,John Hancock Preferred Income Fund III Preferred Income Fund III,$14.26,0.00,0.00%,0.00,United States,2003,111516,Finance,Investment Managers
HQH,abrdn Healthcare Investors Shares of Beneficial Interest,$15.49,-0.04,-0.258%,733354316.00,United States,1987,225995,Finance,Finance Companies
HQI,HireQuest Inc. Common Stock (DE),$10.01,-0.19,-1.863%,140140000.00,United States,,44797,Consumer Discretionary,Professional Services
HQL,abrdn Life Sciences Investors Shares of Beneficial Interest,$12.81,0.03,0.235%,328956137.00,United States,1992,88622,Finance,Investment Managers
HQY,HealthEquity Inc. Common Stock,$104.76,-0.12,-0.114%,9059157771.00,United States,2014,997185,Consumer Discretionary,Business Services
HR,Healthcare Realty Trust Incorporated Common Stock,$15.86,0.10,0.635%,5573575917.00,United States,,3895910,Real Estate,Real Estate Investment Trusts
HRB,H&R Block Inc. Common Stock,$54.89,0.19,0.347%,7348695924.00,United States,,1357662,Consumer Discretionary,Other Consumer Services
HRI,Herc Holdings Inc. Common Stock ,$131.69,0.18,0.137%,3752834590.00,United States,2016,485183,Industrials,Misc Corporate Leasing Services
HRL,Hormel Foods Corporation Common Stock,$30.25,-0.22,-0.722%,16634311317.00,United States,,2979333,Consumer Staples,Meat/Poultry/Fish
HRMY,Harmony Biosciences Holdings Inc. Common Stock,$31.60,-0.38,-1.188%,1814608480.00,United States,2020,672461,Health Care,Biotechnology: Pharmaceutical Preparations
HROW,Harrow Inc. Common Stock,$30.54,-0.34,-1.101%,1120804349.00,United States,,449935,Health Care,Biotechnology: Pharmaceutical Preparations
HROWL,Harrow Inc. 8.625% Senior Notes due 2026,$25.52,-0.03,-0.117%,936572593.00,United States,,2240,Health Care,Biotechnology: Pharmaceutical Preparations
HROWM,Harrow  Inc. 11.875% Senior Notes due 2027,$26.33,-0.23,-0.866%,966299230.00,United States,,897,Health Care,Biotechnology: Pharmaceutical Preparations
HRTG,Heritage Insurance Holdings Inc. Common Stock,$24.94,1.51,6.445%,772972154.00,United States,2014,820454,Finance,Property-Casualty Insurers
HRTX,Heron Therapeutics Inc. Common Stock,$2.07,-0.07,-3.271%,315806722.00,United States,,1459150,Health Care,Biotechnology: Pharmaceutical Preparations
HRZN,Horizon Technology Finance Corporation Common Stock,$7.20,0.03,0.418%,290555734.00,United States,2010,526086,Finance,Finance: Consumer Services
HSAI,Hesai Group American Depositary Share each ADS represents one Class B ordinary share,$21.95,-0.05,-0.227%,2907665225.00,China,2023,3336331,Industrials,Industrial Machinery/Components
HSBC,HSBC Holdings plc. Common Stock,$60.79,-0.03,-0.049%,213116381519.00,United Kingdom,,1132451,Finance,Savings Institutions
HSCS,HeartSciences Inc. Common Stock,$3.75,0.09,2.459%,4053548.00,United States,2022,59399,Health Care,Industrial Specialties
HSCSW,HeartSciences Inc. Warrant,$0.0704,0.00,0.00%,76099.00,United States,2022,21,Health Care,Industrial Specialties
HSDT,Helius Medical Technologies Inc. Class A Common Stock (DE),$0.182,-0.029,-13.744%,96107.00,United States,,5924255,Health Care,Biotechnology: Electromedical & Electrotherapeutic Apparatus
HSHP,Himalaya Shipping Ltd. Common Shares,$5.77,-0.22,-3.673%,268593500.00,,2023,210995,Consumer Discretionary,Marine Transportation
HSIC,Henry Schein Inc. Common Stock,$73.05,-0.22,-0.30%,8891612835.00,United States,1995,1467368,Health Care,Medical Specialities
HSII,Heidrick & Struggles International Inc. Common Stock,$45.76,1.20,2.693%,943607167.00,United States,1999,175707,Consumer Discretionary,Diversified Commercial Services
HSON,Hudson Global Inc. Common Stock,$8.51,0.16,1.916%,23408755.00,United States,,9437,Consumer Discretionary,Professional Services
HSPO,Horizon Space Acquisition I Corp. Ordinary Shares,$11.99,-0.01,-0.083%,0.00,United States,2023,5072,Finance,Blank Checks
HSPOR,Horizon Space Acquisition I Corp. Right,$0.15,-0.03,-16.667%,0.00,United States,2023,3475,Finance,Blank Checks
HSPOW,Horizon Space Acquisition I Corp. Warrant,$0.04,0.00,0.00%,0.00,United States,2023,153943,Finance,Blank Checks
HSPT,Horizon Space Acquisition II Corp. Ordinary share,$10.22,0.00,0.00%,0.00,United States,2025,21,,
HSPTR,Horizon Space Acquisition II Corp. Right,$0.14,0.00,0.00%,0.00,United States,2025,17,Finance,Blank Checks
HSPTU,Horizon Space Acquisition II Corp. Units,$10.32,0.00,0.00%,0.00,United States,2024,39,,
HST,Host Hotels & Resorts Inc. Common Stock,$15.36,-0.20,-1.285%,10655453537.00,United States,,10300479,Real Estate,Real Estate Investment Trusts
HSTM,HealthStream Inc. Common Stock,$27.67,0.12,0.436%,844634110.00,United States,2000,132851,Technology,Computer Software: Programming Data Processing
HSY,The Hershey Company Common Stock,$165.95,-1.04,-0.623%,33622098951.00,United States,,2050433,Consumer Staples,Specialty Foods
HTB,HomeTrust Bancshares Inc. Common Stock,$37.41,0.08,0.214%,656486617.00,United States,,47168,Finance,Savings Institutions
HTBK,Heritage Commerce Corp Common Stock,$9.93,0.14,1.43%,611643474.00,United States,,1091154,Finance,Major Banks
HTCO,High-Trend International Group Class A Ordinary Shares,$0.1846,-0.011,-5.624%,22325470.00,Singapore,,925109,Consumer Discretionary,Marine Transportation
HTCR,Heartcore Enterprises Inc. Common Stock,$0.4899,-0.0251,-4.874%,10814706.00,Japan,2022,158990,Technology,EDP Services
HTD,John Hancock Tax Advantaged Dividend Income Fund Common Shares of Beneficial Interest,$23.39,0.25,1.08%,0.00,United States,2004,140570,Finance,Finance Companies
HTFB,Horizon Technology Finance Corporation 4.875% Notes due 2026,$24.75,-0.2502,-1.001%,998785334.00,United States,,1418,Finance,Finance: Consumer Services
HTFC,Horizon Technology Finance Corporation 6.25% Notes due 2027,$24.75,0.05,0.202%,998785334.00,United States,2022,1200,Finance,Finance: Consumer Services
HTGC,Hercules Capital Inc. Common Stock,$18.28,0.14,0.772%,3206789638.00,United States,2012,865014,Finance,Investment Managers
HTH,Hilltop Holdings Inc.,$30.35,0.00,0.00%,1947108924.00,United States,,352125,Finance,Major Banks
HTHT,H World Group Limited American Depositary Shares,$33.92,-0.31,-0.906%,10411373356.00,China,2010,1103677,Consumer Discretionary,Hotels/Resorts
HTLD,Heartland Express Inc. Common Stock,$8.64,-0.02,-0.231%,678702810.00,United States,1986,463920,Industrials,Trucking Freight/Courier Services
HTLM,HomesToLife Ltd Ordinary Shares,$3.58,-0.0202,-0.561%,321081250.00,Singapore,2024,1804,Consumer Discretionary,Other Specialty Stores
HTO,H2O America Common Stock,$51.97,0.14,0.27%,1776487756.00,United States,,193819,Utilities,Water Supply
HTOO,Fusion Fuel Green PLC Class A Ordinary Shares,$0.20,0.0008,0.402%,4848835.00,Ireland,,318506,Energy,Industrial Machinery/Components
HTOOW,Fusion Fuel Green PLC Warrant,$0.0101,-0.0017,-14.407%,244866.00,Ireland,,5600,Energy,Industrial Machinery/Components
HTZ,Hertz Global Holdings Inc Common Stock,$6.83,-0.24,-3.395%,2112594629.00,United States,,6658323,Consumer Discretionary,Rental/Leasing Companies
HTZWW,Hertz Global Holdings Inc Warrant,$3.65,-0.12,-3.183%,1128985416.00,United States,,61924,Consumer Discretionary,Rental/Leasing Companies
HUBB,Hubbell Inc Common Stock,$408.41,1.79,0.44%,21797901524.00,United States,2015,395562,Technology,Electrical Products
HUBC,Hub Cyber Security Ltd. Ordinary Shares,$1.92,-0.02,-1.031%,19290808.00,Israel,,1355555,Telecommunications,Computer Communications Equipment
HUBCW,Hub Cyber Security Ltd. Warrant 2/27/28,$0.0247,-0.0023,-8.519%,248168.00,Israel,,5614,Telecommunications,Computer Communications Equipment
HUBCZ,Hub Cyber Security Ltd. Warrant 8/22/2025,$0.01,0.00,0.00%,100473.00,Israel,,37100,Telecommunications,Computer Communications Equipment
HUBG,Hub Group Inc. Class A Common Stock,$33.43,-0.64,-1.878%,2047401562.00,United States,1996,675454,Consumer Discretionary,Oil Refining/Marketing
HUBS,HubSpot Inc. Common Stock,$556.63,6.00,1.09%,29355311363.00,United States,2014,522208,Technology,Computer Software: Prepackaged Software
HUDI,Huadi International Group Co. Ltd. Ordinary Shares,$1.32,0.0083,0.633%,18848520.00,China,2021,3290,Industrials,Steel/Iron Ore
HUHU,HUHUTECH International Group Inc. Ordinary Shares,$4.86,0.08,1.674%,102902787.00,China,2024,25271,Telecommunications,Metal Fabrications
HUIZ,Huize Holding Limited American Depositary Shares,$2.07,-0.02,-0.957%,20883352.00,China,2020,2208,Finance,Specialty Insurers
HUM,Humana Inc. Common Stock,$244.48,2.60,1.075%,29507140768.00,United States,,1231850,Health Care,Medical Specialities
HUMA,Humacyte Inc. Common Stock,$2.09,-0.03,-1.415%,324198325.00,United States,2020,1436748,Health Care,Biotechnology: Biological Products (No Diagnostic Substances)
HUMAW,Humacyte Inc. Warrant,$0.3999,-0.0101,-2.463%,62032015.00,United States,2020,623,Health Care,Biotechnology: Biological Products (No Diagnostic Substances)
HUN,Huntsman Corporation Common Stock,$10.42,-0.14,-1.326%,1810429454.00,United States,2005,3164732,Industrials,Major Chemicals
HURA,TuHURA Biosciences Inc. Common Stock,$2.23,0.01,0.45%,97407283.00,United States,,323013,Health Care,Biotechnology: Pharmaceutical Preparations
HURC,Hurco Companies Inc. Common Stock,$18.90,0.43,2.328%,122979805.00,United States,,58434,Industrials,Industrial Machinery/Components
HURN,Huron Consulting Group Inc. Common Stock,$137.54,2.11,1.558%,2372294596.00,United States,2004,245953,Consumer Discretionary,Professional Services
HUSA,Houston American Energy Corporation Common Stock,$10.59,-1.43,-11.897%,16612035.00,United States,,439440,Energy,Oil & Gas Production
HUT,Hut 8 Corp. Common Stock,$18.60,0.94,5.323%,1938493562.00,United States,,5166104,Finance,Finance: Consumer Services
HUYA,HUYA Inc. American depositary shares each  representing one Class A ordinary share,$3.52,-0.08,-2.222%,786754176.00,United States,2018,5261636,Technology,Computer Software: Programming Data Processing
HVII,Hennessy Capital Investment Corp. VII Ordinary Shares,$10.16,0.01,0.099%,,United States,2025,308943,,
HVIIR,Hennessy Capital Investment Corp. VII Rights,$0.33,0.03,10.00%,0.00,United States,2025,2968,,
HVIIU,Hennessy Capital Investment Corp. VII Unit,$10.56,0.06,0.571%,0.00,United States,2025,600,,
HVT,Haverty Furniture Companies Inc. Common Stock,$20.35,-0.06,-0.294%,328710111.00,United States,,102311,Consumer Discretionary,Other Specialty Stores
HVT/A,Haverty Furniture Companies Inc.,$19.9693,0.00,0.00%,,United States,,21,,
HWBK,Hawthorn Bancshares Inc. Common Stock,$29.14,1.60,5.81%,202425556.00,United States,,50574,Finance,Major Banks
HWC,Hancock Whitney Corporation Common Stock,$57.40,-0.25,-0.434%,4915919393.00,United States,,610479,Finance,Major Banks
HWCPZ,Hancock Whitney Corporation 6.25% Subordinated Notes due 2060,$23.28,-0.27,-1.146%,1993773580.00,United States,,32619,Finance,Major Banks
HWH,HWH International Inc. Common Stock,$1.27,-0.04,-3.053%,8225028.00,United States,2022,11223,Health Care,Other Pharmaceuticals
HWKN,Hawkins Inc. Common Stock,$142.10,-1.85,-1.285%,2955681705.00,United States,,160749,Consumer Discretionary,Specialty Chemicals
HWM,Howmet Aerospace Inc. Common Stock,$186.13,1.23,0.665%,75135853160.00,United States,,4564336,Industrials,Metal Fabrications
HWM^,Howmet Aerospace Inc. $3.75 Preferred Stock,$70.25,0.00,0.00%,,United States,,196,,
HXHX,Haoxin Holdings Limited Class A Ordinary Shares,$1.54,0.0407,2.715%,21175000.00,China,2025,40588,Industrials,Trucking Freight/Courier Services
HXL,Hexcel Corporation Common Stock,$56.49,-0.41,-0.721%,4542433659.00,United States,,886743,Industrials,Major Chemicals
HY,Hyster-Yale Inc. Class A common stock,$39.78,-0.36,-0.897%,704410914.00,United States,,41998,Industrials,Construction/Ag Equipment/Trucks
HYAC,Haymaker Acquisition Corp. 4 Class A Ordinary Shares,$11.10,0.00,0.00%,0.00,,2023,180621,,
HYFM,Hydrofarm Holdings Group Inc. Common Stock,$3.74,0.06,1.63%,17364659.00,United States,2020,7799,Consumer Discretionary,Consumer Specialties
HYI,Western Asset High Yield Defined Opportunity Fund Inc. Common Stock,$11.98,0.08,0.672%,0.00,,2010,40127,Finance,Investment Managers
HYLN,Hyliion Holdings Corp. Class A Common Stock,$1.32,-0.03,-2.222%,231307288.00,United States,2019,935703,Consumer Discretionary,Construction/Ag Equipment/Trucks
HYMC,Hycroft Mining Holding Corporation Class A Common Stock,$3.13,0.04,1.294%,78197911.00,United States,2018,435035,Basic Materials,Precious Metals
HYMCL,Hycroft Mining Holding Corporation Warrants,$0.0175,-0.0039,-18.224%,437209.00,United States,,1383,Basic Materials,Precious Metals
HYPR,Hyperfine Inc. Class A Common Stock,$0.7196,-0.022,-2.967%,56013556.00,United States,2021,157631,Health Care,Biotechnology: Electromedical & Electrotherapeutic Apparatus
HYT,Blackrock Corporate High Yield Fund Inc. Common Stock,$9.75,0.02,0.206%,0.00,United States,2003,644643,Finance,Finance Companies
HZO,MarineMax Inc.  (FL) Common Stock,$25.14,-0.98,-3.752%,539841276.00,United States,1998,205248,Consumer Discretionary,Auto & Home Supply Stores
IAC,IAC Inc. Common Stock,$37.34,-0.20,-0.533%,2981291841.00,United States,,713311,Technology,Computer Software: Programming Data Processing
IAE,Voya Asia Pacific High Dividend Equity Income Fund ING Asia Pacific High Dividend Equity Income Fund Common Shares of Beneficial Interest,$7.0412,0.0012,0.017%,0.00,United States,2007,47199,Finance,Trusts Except Educational Religious and Charitable
IAF,abrdn Australia Equity Fund Inc. Common Stock,$4.47,0.04,0.903%,0.00,United States,1985,62069,Finance,Finance/Investors Services
IAG,Iamgold Corporation Ordinary Shares,$7.35,0.27,3.814%,4226985000.00,Canada,,11635493,Basic Materials,Precious Metals
IART,Integra LifeSciences Holdings Corporation Common Stock,$12.27,-0.02,-0.163%,953529602.00,United States,,1150193,Health Care,Medical/Dental Instruments
IAS,Integral Ad Science Holding Corp. Common Stock,$8.31,0.27,3.358%,1371285453.00,United States,2021,620325,Technology,Computer Software: Programming Data Processing
IAUX,i-80 Gold Corp. Common Shares,$0.5984,-0.0066,-1.091%,485517113.00,Canada,2022,10590515,Basic Materials,Precious Metals
IBAC,IB Acquisition Corp. Common Stock,$10.47,0.00,0.00%,0.00,United States,2024,36,,
IBACR,IB Acquisition Corp. Right,$0.0411,-0.0001,-0.243%,0.00,United States,2024,100,,
IBCP,Independent Bank Corporation Common Stock,$32.41,-0.21,-0.644%,671565665.00,United States,,75143,Finance,Major Banks
IBEX,IBEX Limited Common Shares,$29.10,0.60,2.105%,389136956.00,Bermuda,2020,141033,Technology,EDP Services
IBG,Innovation Beverage Group Limited Ordinary Shares,$0.57,0.0225,4.11%,5290247.00,Australia,2024,63053,Consumer Staples,Beverages (Production/Distribution)
IBIO,iBio Inc. Common Stock,$0.7631,0.0081,1.073%,12605863.00,United States,,1291089,Health Care,Biotechnology: Pharmaceutical Preparations
IBKR,Interactive Brokers Group Inc. Class A Common Stock,$55.41,1.45,2.687%,93665548062.00,United States,2019,5769300,Finance,Investment Bankers/Brokers/Service
IBM,International Business Machines Corporation Common Stock,$294.78,5.08,1.754%,273967522379.00,United States,,3493584,Technology,Computer Manufacturing
IBN,ICICI Bank Limited Common Stock,$33.64,-0.23,-0.679%,118348688821.00,India,,5214253,Finance,Commercial Banks
IBO,Impact BioMedical Inc. Common Stock,$0.6472,-0.1048,-13.936%,7821679.00,,2024,1509641,Health Care,Biotechnology: Pharmaceutical Preparations
IBOC,International Bancshares Corporation Common Stock,$66.56,0.01,0.015%,4136167260.00,United States,,188017,Finance,Major Banks
IBP,Installed Building Products Inc. Common Stock,$180.32,1.76,0.986%,4979617403.00,United States,2014,333752,Consumer Discretionary,Homebuilding
IBRX,ImmunityBio Inc. Common Stock,$2.64,-0.06,-2.222%,2330117880.00,United States,2015,5146860,Health Care,Biotechnology: Biological Products (No Diagnostic Substances)
IBTA,Ibotta Inc. Class A Common Stock,$36.60,-0.36,-0.974%,1041188492.00,United States,2024,404826,Consumer Discretionary,Advertising
ICAD,iCAD Inc. Common Stock,$3.81,-0.02,-0.522%,104568761.00,United States,,106673,Health Care,Medical/Dental Instruments
ICCC,ImmuCell Corporation Common Stock,$6.96,0.21,3.111%,62900283.00,United States,1987,19589,Health Care,Biotechnology: In Vitro & In Vivo Diagnostic Substances
ICCM,IceCure Medical Ltd. Ordinary Shares,$0.9955,-0.0145,-1.436%,56314439.00,Israel,,278277,Health Care,Medical/Dental Instruments
ICE,Intercontinental Exchange Inc. Common Stock,$183.47,1.72,0.946%,105243211940.00,United States,2005,3213979,Finance,Investment Bankers/Brokers/Service
ICFI,ICF International Inc. Common Stock,$84.71,0.45,0.534%,1559605552.00,United States,2006,151840,Consumer Discretionary,Professional Services
ICG,Intchains Group Limited American Depositary Shares,$1.793,0.153,9.329%,215067655.00,China,2023,85704,Technology,Semiconductors
ICHR,Ichor Holdings Ordinary Shares,$19.64,0.13,0.666%,670114424.00,United States,2016,469887,Technology,Semiconductors
ICL,ICL Group Ltd. Ordinary Shares,$6.88,0.13,1.926%,8878242549.00,Israel,2014,494822,Industrials,Agricultural Chemicals
ICLR,ICON plc Ordinary Shares,$145.45,0.89,0.616%,11746085287.00,Ireland,1998,1167893,Health Care,Biotechnology: Commercial Physical & Biological Resarch
ICMB,Investcorp Credit Management BDC Inc. Common Stock,$2.786,0.016,0.578%,40157496.00,United States,2014,27662,Finance,Finance: Consumer Services
ICON,Icon Energy Corp. Common stock,$2.36,0.11,4.889%,5157143.00,Greece,2024,116685,Consumer Discretionary,Marine Transportation
ICR^A,InPoint Commercial Real Estate Income Inc. 6.75% Series A Cumulative Redeemable Preferred Stock,$18.60,0.2899,1.583%,,,,4910,,
ICU,SeaStar Medical Holding Corporation Common Stock,$0.4257,0.0206,5.085%,4496988.00,United States,2021,1826597,Health Care,Medical/Dental Instruments
ICUCW,SeaStar Medical Holding Corporation Warrant,$0.0199,-0.0035,-14.957%,210219.00,United States,2021,243960,Health Care,Medical/Dental Instruments
ICUI,ICU Medical Inc. Common Stock,$132.15,0.33,0.25%,3252467475.00,United States,1992,210804,Health Care,Medical/Dental Instruments
IDA,IDACORP Inc. Common Stock,$115.45,0.96,0.839%,6236632321.00,United States,,507402,Utilities,Electric Utilities: Central
IDAI,T Stamp Inc. Class A Common Stock,$2.56,-0.095,-3.578%,6355996.00,United States,,114468,Technology,Computer Software: Prepackaged Software
IDCC,InterDigital Inc. Common Stock,$224.23,-6.70,-2.901%,5815794089.00,United States,,248266,Miscellaneous,Multi-Sector Companies
IDE,Voya Infrastructure Industrials and Materials Fund Common Shares of Beneficial Interest,$11.69,0.00,0.00%,0.00,United States,2010,103750,Finance,Finance/Investors Services
IDN,Intellicheck Inc. Common Stock,$5.39,-0.08,-1.463%,106962324.00,United States,1999,259947,Technology,Computer Software: Prepackaged Software
IDR,Idaho Strategic Resources Inc. Common Stock,$13.08,0.22,1.711%,183811566.00,United States,2022,290892,Basic Materials,Precious Metals
IDT,IDT Corporation Class B Common Stock,$68.32,0.33,0.485%,1723731227.00,United States,,219548,Telecommunications,Telecommunications Equipment
IDXX,IDEXX Laboratories Inc. Common Stock,$536.34,5.02,0.945%,43133490964.00,United States,1991,471085,Health Care,Biotechnology: In Vitro & In Vivo Diagnostic Substances
IDYA,IDEAYA Biosciences Inc. Common Stock,$21.02,-0.35,-1.638%,1840972862.00,United States,2019,866629,Health Care,Biotechnology: Pharmaceutical Preparations
IE,Ivanhoe Electric Inc. Common Stock,$9.07,-0.58,-6.01%,1202594184.00,Canada,2022,976417,Basic Materials,Metal Mining
IEP,Icahn Enterprises L.P. Common Stock,$8.045,-0.145,-1.77%,4393262683.00,United States,,991497,Consumer Discretionary,Auto Parts:O.E.M.
IESC,IES Holdings Inc. Common Stock,$296.23,4.50,1.543%,5881473652.00,United States,,145828,Industrials,Engineering & Construction
IEX,IDEX Corporation Common Stock,$175.57,-0.75,-0.425%,13263366475.00,United States,1989,902706,Industrials,Fluid Controls
IFBD,Infobird Co. Ltd Ordinary Shares,$1.13,0.08,7.619%,9253089.00,China,2021,6043,Technology,Computer Software: Prepackaged Software
IFF,International Flavors & Fragrances Inc. Common Stock,$73.55,-0.80,-1.076%,18813379875.00,United States,,2629627,Industrials,Major Chemicals
IFN,India Fund Inc. (The) Common Stock,$16.53,-0.06,-0.362%,0.00,United States,,97988,Finance,Finance/Investors Services
IFRX,InflaRx N.V. Common Stock,$0.79,-0.0178,-2.204%,46887851.00,Germany,2017,171795,Health Care,Biotechnology: Pharmaceutical Preparations
IFS,Intercorp Financial Services Inc. Common Shares,$38.13,0.30,0.793%,4402020992.00,,2019,167845,Finance,Commercial Banks
IGA,Voya Global Advantage and Premium Opportunity Fund Common Shares of Beneficial Interest,$9.93,-0.04,-0.401%,0.00,United States,2005,148760,Finance,Investment Managers
IGC,IGC Pharma Inc. Common Stock,$0.306,-0.003,-0.971%,24383660.00,United States,,514192,Health Care,Biotechnology: Pharmaceutical Preparations
IGD,Voya Global Equity Dividend and Premium Opportunity Fund,$5.80,0.01,0.173%,0.00,United States,2005,300845,Finance,Trusts Except Educational Religious and Charitable
IGI,Western Asset Investment Grade Opportunity Trust Inc. Common Stock,$16.58,0.00,0.00%,0.00,United States,2009,12939,Finance,Investment Managers
IGIC,International General Insurance Holdings Ltd. Ordinary Share,$24.02,-0.03,-0.125%,1083516643.00,Jordan,2018,86947,Finance,Property-Casualty Insurers
IGMS,IGM Biosciences Inc. Common Stock,$1.12,0.04,3.704%,67328885.00,United States,2019,239473,Health Care,Biotechnology: Pharmaceutical Preparations
IGR,CBRE Global Real Estate Income Fund Common Shares of Beneficial Interest,$5.29,0.09,1.731%,0.00,United States,2004,726983,Finance,Finance Companies
IGT,International Game Technology Ordinary Shares,$15.81,0.07,0.445%,3194120149.00,United States,2015,1303429,Consumer Discretionary,Services-Misc. Amusement & Recreation
IH,iHuman Inc. American depositary shares each representing five Class A ordinary shares,$2.50,0.075,3.093%,128803945.00,United States,2020,19493,Real Estate,Other Consumer Services
IHD,Voya Emerging Markets High Income Dividend Equity Fund Common Shares,$5.94,-0.01,-0.168%,0.00,United States,2011,93210,Finance,Investment Managers
IHG,Intercontinental Hotels Group American Depositary Shares (Each representing one Ordinary Share),$115.34,-0.62,-0.535%,17201247855.00,United Kingdom,,140067,Consumer Discretionary,Hotels/Resorts
IHRT,iHeartMedia Inc. Class A Common Stock,$1.76,0.04,2.326%,259814701.00,United States,,600034,Consumer Discretionary,Broadcasting
IHS,IHS Holding Limited Ordinary Shares,$5.56,0.00,0.00%,1853931610.00,Cayman Islands,2021,541874,Telecommunications,Telecommunications Equipment
IHT,InnSuites Hospitality Trust Shares of Beneficial Interest,$2.25,-0.02,-0.881%,19717841.00,United States,1999,1482,Finance,Investment Bankers/Brokers/Service
IIF,Morgan Stanley India Investment Fund Inc. Common Stock,$28.23,-0.14,-0.493%,0.00,United States,1994,24979,Finance,Trusts Except Educational Religious and Charitable
III,Information Services Group Inc. Common Stock,$4.80,0.15,3.226%,231380026.00,United States,,332655,Consumer Discretionary,Professional Services
IIIN,Insteel Industries Inc. Common Stock,$37.21,-0.54,-1.43%,722306045.00,United States,,146254,Industrials,Steel/Iron Ore
IIIV,i3 Verticals Inc. Class A Common Stock,$27.48,1.045,3.953%,912797829.00,United States,2018,435728,Consumer Discretionary,Business Services
IIM,Invesco Value Municipal Income Trust Common Stock,$11.64,0.04,0.345%,547876630.00,United States,,182585,Finance,Investment Managers
IINN,Inspira Technologies Oxy B.H.N. Ltd. Ordinary Shares,$0.85,0.00,0.00%,20614282.00,Israel,2021,92150,Health Care,Medical/Dental Instruments
IIPR,Innovative Industrial Properties Inc. Common Stock,$55.22,-1.90,-3.326%,1546780065.00,United States,2016,475791,Finance,Real Estate
IIPR^A,Innovative Industrial Properties Inc. 9.00% Series A Cumulative Redeemable Preferred Stock,$23.60,-0.38,-1.585%,,United States,,8562,,
IKNA,Ikena Oncology Inc. Common Stock,$1.34,-0.02,-1.471%,64665869.00,United States,2021,12489,Health Care,Biotechnology: Biological Products (No Diagnostic Substances)
IKT,Inhibikase Therapeutics Inc. Common Stock,$1.95,0.33,20.37%,144966003.00,United States,2020,440917,Health Care,Biotechnology: Biological Products (No Diagnostic Substances)
ILAG,Intelligent Living Application Group Inc. Ordinary Shares,$0.52,0.0177,3.524%,10800131.00,Hong Kong,2022,70327,Consumer Discretionary,Office Equipment/Supplies/Services
ILLR,Triller Group Inc. Common Stock,$0.9305,0.2206,31.075%,144376210.00,United States,2019,6430487,Finance,Investment Managers
ILLRW,Triller Group Inc. Warrant,$0.0898,0.0024,2.746%,13933352.00,United States,2019,37957,Finance,Investment Managers
ILMN,Illumina Inc. Common Stock,$95.41,0.62,0.654%,15103403000.00,United States,2000,1845038,Health Care,Medical Specialities
ILPT,Industrial Logistics Properties Trust Common Shares of Beneficial Interest,$4.55,-0.08,-1.728%,300946737.00,United States,2018,398544,Real Estate,Real Estate Investment Trusts
IMAB,I-MAB American Depositary Shares,$2.42,-0.15,-5.837%,197232626.00,China,2020,589438,Health Care,Biotechnology: Pharmaceutical Preparations
IMAX,Imax Corporation Common Stock,$27.96,0.15,0.539%,1502627662.00,Canada,,1159803,Consumer Discretionary,Industrial Machinery/Components
IMCC,IM Cannabis Corp. Common Shares,$2.48,-0.165,-6.238%,7651921.00,Canada,,67243,Health Care, Medicinal Chemicals and Botanical Products 
IMCR,Immunocore Holdings plc American Depositary Shares,$31.38,0.26,0.835%,1509012297.00,United Kingdom,2021,296110,Health Care,Biotechnology: Biological Products (No Diagnostic Substances)
IMDX,Insight Molecular Diagnostics Inc. Common Stock,$3.02,-0.18,-5.625%,86369841.00,United States,,88158,Health Care,Biotechnology: In Vitro & In Vivo Diagnostic Substances
IMG,CIMG Inc. Common Stock,$0.28,0.002,0.719%,1401448.00,United States,,236182,Consumer Discretionary,Other Specialty Stores
IMKTA,Ingles Markets Incorporated Class A Common Stock,$63.38,0.84,1.343%,1203863551.00,United States,1987,162917,Consumer Staples,Food Chains
IMMP,Immutep Limited American Depositary Shares,$1.64,0.00,0.00%,238549127.00,Australia,,90966,Health Care,Biotechnology: Pharmaceutical Preparations
IMMR,Immersion Corporation Common Stock,$7.88,0.20,2.604%,255283884.00,United States,1999,433215,Technology,Computer peripheral equipment
IMMX,Immix Biopharma Inc. Common Stock,$2.07,-0.10,-4.608%,57705997.00,United States,2021,121451,Health Care,Biotechnology: Pharmaceutical Preparations
IMNM,Immunome Inc. Common Stock,$9.30,0.53,6.043%,809214650.00,United States,2020,5081433,Health Care,Biotechnology: Pharmaceutical Preparations
IMNN,Imunon Inc. Common Stock,$0.80,0.06,8.108%,11696586.00,United States,,1766163,Health Care,Biotechnology: Pharmaceutical Preparations
IMO,Imperial Oil Limited Common Stock,$79.48,0.13,0.164%,40458896600.00,Canada,1929,261726,Energy,Integrated oil Companies
IMOS,ChipMOS TECHNOLOGIES INC. American Depositary Shares,$18.11,-0.40,-2.161%,652758760.00,Taiwan,,48049,Technology,Semiconductors
IMPP,Imperial Petroleum Inc. Common Shares,$3.08,-0.02,-0.645%,105998924.00,Greece,,117770,Consumer Discretionary,Marine Transportation
IMPPP,Imperial Petroleum Inc. 8.75% Series A Cumulative Redeemable Perpetual Preferred Shares,$24.84,-0.01,-0.04%,854874437.00,Greece,,2553,Consumer Discretionary,Marine Transportation
IMRN,Immuron Limited American Depositary Shares,$1.74,-0.11,-5.946%,9909229.00,Australia,2017,114532,Health Care,Biotechnology: Pharmaceutical Preparations
IMRX,Immuneering Corporation Class A Common Stock,$3.37,-0.16,-4.533%,121271816.00,United States,2021,1019155,Health Care,Biotechnology: Pharmaceutical Preparations
IMTE,Integrated Media Technology Limited Ordinary Shares,$0.98,0.0125,1.292%,3362805.00,Australia,,849296,Consumer Staples,Consumer Electronics/Appliances
IMTX,Immatics N.V. Ordinary Shares,$5.38,-0.05,-0.921%,653939909.00,Germany,,837731,Health Care,Biotechnology: Biological Products (No Diagnostic Substances)
IMTXW,Immatics N.V. Warrants,$0.0006,-0.0046,-88.462%,72930.00,Germany,,39017,Health Care,Biotechnology: Biological Products (No Diagnostic Substances)
IMUX,Immunic Inc. Common Stock,$0.6975,-0.0025,-0.357%,66832731.00,United States,2014,1553550,Health Care,Biotechnology: Pharmaceutical Preparations
IMVT,Immunovant Inc. Common Stock,$16.00,-0.10,-0.621%,2734771056.00,United States,2019,924044,Health Care,Biotechnology: Biological Products (No Diagnostic Substances)
IMXI,International Money Express Inc. Common Stock,$10.09,0.16,1.611%,302464409.00,United States,2017,418736,Consumer Discretionary,Business Services
INAB,IN8bio Inc. Common Stock,$2.09,-0.04,-1.878%,7198449.00,United States,2021,143592,Health Care,Biotechnology: Biological Products (No Diagnostic Substances)
INBK,First Internet Bancorp Common Stock,$26.90,-0.32,-1.176%,233951587.00,United States,,30024,Finance,Major Banks
INBKZ,First Internet Bancorp 6.0% Fixed-to-Floating Rate Subordinated Notes Due 2029,$24.535,-0.065,-0.264%,213382980.00,United States,,242,Finance,Major Banks
INBS,Intelligent Bio Solutions Inc. Common Stock,$1.72,0.19,12.418%,11885680.00,United States,2020,84822,Health Care,Medical/Dental Instruments
INBX,Inhibrx Biosciences Inc. Common Stock,$14.27,-0.16,-1.109%,206571150.00,United States,,44775,Health Care,Biotechnology: Biological Products (No Diagnostic Substances)
INCR,Intercure Ltd. Ordinary Shares,$1.47,-0.02,-1.342%,80133535.00,Israel,,80177,Health Care,Biotechnology: Pharmaceutical Preparations
INCY,Incyte Corp. Common Stock,$68.10,-0.27,-0.395%,13182112505.00,United States,,1481817,Health Care,Biotechnology: Commercial Physical & Biological Resarch
INDB,Independent Bank Corp. Common Stock,$62.885,-0.155,-0.246%,2680064938.00,United States,,335339,Finance,Major Banks
INDI,indie Semiconductor Inc. Class A Common Stock,$3.56,-0.08,-2.198%,756548950.00,United States,,4170257,Technology,Semiconductors
INDO,Indonesia Energy Corporation Limited Ordinary Shares,$2.98,-0.14,-4.487%,41451913.00,,2019,1386464,Energy,Oil & Gas Production
INDP,Indaptus Therapeutics Inc. Common Stock,$10.53,-1.11,-9.536%,6030099.00,United States,,20430,Health Care,Biotechnology: Pharmaceutical Preparations
INDV,Indivior PLC Ordinary Shares,$14.74,0.79,5.663%,1838946864.00,United Kingdom,,2820206,Health Care,Biotechnology: Pharmaceutical Preparations
INEO,INNEOVA Holdings Limited Ordinary Shares,$1.19,-0.05,-4.032%,11751250.00,Singapore,2024,105593,Consumer Discretionary,Motor Vehicles
INFA,Informatica Inc. Class A Common Stock,$24.35,0.10,0.412%,7346981811.00,United States,2021,2501243,Technology,Computer Software: Prepackaged Software
INFU,InfuSystems Holdings Inc. Common Stock,$6.24,0.12,1.961%,130885647.00,United States,,325371,Health Care,Medical/Dental Instruments
INFY,Infosys Limited American Depositary Shares,$18.53,0.01,0.054%,76934619816.00,India,,12743086,Technology,EDP Services
ING,ING Group N.V. Common Stock,$21.87,-0.11,-0.50%,68833444954.00,Netherlands,1997,2183264,Finance,Commercial Banks
INGM,Ingram Micro Holding Corporation Common Stock,$20.84,0.25,1.214%,4894003288.00,United States,2024,375794,Technology,Retail: Computer Software & Peripheral Equipment
INGN,Inogen Inc Common Stock,$7.03,-0.05,-0.706%,189017311.00,United States,2014,130979,Health Care,Industrial Specialties
INGR,Ingredion Incorporated Common Stock,$135.62,-0.24,-0.177%,8721859176.00,United States,,332673,Consumer Staples,Packaged Foods
INHD,Inno Holdings Inc. Common Stock,$1.39,-0.01,-0.714%,6130570.00,United States,2023,48532,Industrials,Steel/Iron Ore
INKT,MiNK Therapeutics Inc. Common Stock,$7.3876,0.4076,5.84%,29444440.00,United States,2021,2997,Health Care,Biotechnology: Biological Products (No Diagnostic Substances)
INLF,INLIF LIMITED Ordinary Shares,$1.16,0.03,2.655%,16820000.00,China,2025,268594,Industrials,Industrial Machinery/Components
INLX,Intellinetics Inc. Common Stock,$12.50,0.01,0.08%,53930725.00,,2022,2555,Technology,Computer Software: Prepackaged Software
INM,InMed Pharmaceuticals Inc. Common Shares,$3.25,-0.13,-3.846%,2167792.00,Canada,,200692,Health Care,Biotechnology: Pharmaceutical Preparations
INMB,INmune Bio Inc. Common stock,$2.31,-3.02,-56.66%,53615971.00,United States,2019,32671367,Health Care,Biotechnology: Biological Products (No Diagnostic Substances)
INMD,InMode Ltd. Ordinary Shares,$14.44,0.25,1.762%,1004427195.00,Israel,2019,1410145,Health Care,Biotechnology: Electromedical & Electrotherapeutic Apparatus
INN,Summit Hotel Properties Inc. Common Stock,$5.09,-0.08,-1.547%,571206809.00,United States,2011,1656915,Real Estate,Real Estate Investment Trusts
INN^E,Summit Hotel Properties Inc. 6.250% Series E Cumulative Redeemable Preferred Stock,$17.64,-0.50,-2.756%,,United States,,25158,,
INN^F,Summit Hotel Properties Inc. 5.875% Series F Cumulative Redeemable Preferred Stock $0.01 par value per share,$17.76,-0.06,-0.337%,,United States,,2783,,
INNV,InnovAge Holding Corp. Common Stock,$3.69,-0.23,-5.867%,498197793.00,United States,2021,32097,Health Care,Medical/Nursing Services
INO,Inovio Pharmaceuticals Inc. Common Stock,$2.035,-0.075,-3.555%,74632477.00,United States,,905399,Health Care,Medical/Dental Instruments
INOD,Innodata Inc. Common Stock,$51.22,2.42,4.959%,1625994778.00,United States,1993,2830964,Technology,EDP Services
INR,Infinity Natural Resources Inc. Class A Common Stock,$18.31,-0.40,-2.138%,1114646683.00,,2025,563299,Energy,Oil & Gas Production
INSE,Inspired Entertainment Inc. Common Stock,$8.17,0.21,2.638%,219872682.00,United States,2014,176717,Technology,Computer Software: Prepackaged Software
INSG,Inseego Corp. Common Stock,$8.24,-0.31,-3.626%,123662311.00,United States,,234241,Telecommunications,Telecommunications Equipment
INSM,Insmed Incorporated Common Stock,$100.64,1.15,1.156%,18330461211.00,United States,,4232695,Health Care,Biotechnology: Pharmaceutical Preparations
INSP,Inspire Medical Systems Inc. Common Stock,$129.77,-2.64,-1.994%,3827426517.00,United States,2018,722583,Health Care,Medical/Dental Instruments
INSW,International Seaways Inc. Common Stock ,$36.48,-0.54,-1.459%,1799857682.00,United States,2016,631986,Consumer Discretionary,Marine Transportation
INTA,Intapp Inc. Common Stock,$51.62,0.50,0.978%,4178909489.00,United States,2021,836001,Technology,Computer Software: Prepackaged Software
INTC,Intel Corporation Common Stock,$22.40,-0.29,-1.278%,97708800000.00,United States,,76812501,Technology,Semiconductors
INTG,Intergroup Corporation (The) Common Stock,$11.55,-1.50,-11.494%,24883378.00,United States,,1827,Real Estate,Building operators
INTJ,Intelligent Group Limited Class A Ordinary Shares ,$1.04,0.02,1.961%,13650000.00,Hong Kong,2024,141379,Consumer Discretionary,Professional Services
INTR,Inter & Co. Inc. Class A Common Shares,$7.43,0.08,1.088%,3267001991.00,Brazil,,2171723,Finance,Commercial Banks
INTS,Intensity Therapeutics Inc. Common stock,$0.307,-0.013,-4.063%,5648248.00,United States,2023,4062236,Health Care,Biotechnology: Biological Products (No Diagnostic Substances)
INTT,inTest Corporation Common Stock,$7.28,-0.12,-1.622%,90947650.00,United States,1997,13135,Industrials,Electrical Products
INTU,Intuit Inc. Common Stock,$787.63,11.06,1.424%,219707025610.00,United States,1993,1946566,Technology,Computer Software: Prepackaged Software
INTZ,Intrusion Inc. Common Stock,$2.29,0.06,2.691%,45559768.00,United States,,309630,Telecommunications,Computer Communications Equipment
INUV,Inuvo Inc.,$4.60,0.19,4.308%,66356578.00,United States,,244110,Consumer Discretionary,Advertising
INV,Innventure Inc. Common Stock,$4.80,0.25,5.495%,256739011.00,United States,,93110,Finance,Blank Checks
INVA,Innoviva Inc. Common Stock,$20.09,0.13,0.651%,1261153226.00,United States,2004,611171,Health Care,Biotechnology: Pharmaceutical Preparations
INVE,Identiv Inc. Common Stock,$3.26,0.11,3.492%,76992656.00,United States,,202597,Technology,Computer peripheral equipment
INVH,Invitation Homes Inc. Common Stock,$32.80,0.08,0.244%,20104738614.00,United States,2017,4091258,Finance,Real Estate
INVX,Innovex International Inc. Common Stock,$15.62,-0.04,-0.255%,1077447778.00,United States,,499245,Industrials,Metal Fabrications
INVZ,Innoviz Technologies Ltd. Ordinary shares,$1.64,0.18,12.329%,326297609.00,Israel,,11774380,Consumer Discretionary,Auto Parts:O.E.M.
INVZW,Innoviz Technologies Ltd. Warrant,$0.105,0.0113,12.06%,20891005.00,Israel,,746507,Consumer Discretionary,Auto Parts:O.E.M.
INZY,Inozyme Pharma Inc. Common Stock,$4.00,0.01,0.251%,258247296.00,United States,2020,1457159,Health Care,Biotechnology: Pharmaceutical Preparations
IOBT,IO Biotech Inc. Common Stock,$1.39,-0.05,-3.472%,91574470.00,Denmark,2021,165840,Health Care,Biotechnology: Pharmaceutical Preparations
IONQ,IonQ Inc. Common Stock,$42.97,2.72,6.758%,10647239205.00,United States,2021,29437340,Technology,EDP Services
IONR,ioneer Ltd American Depositary Shares,$2.6101,-0.0099,-0.378%,152570039.00,Australia,,18367,Industrials,Mining & Quarrying of Nonmetallic Minerals (No Fuels)
IONS,Ionis Pharmaceuticals Inc. Common Stock,$39.51,-0.29,-0.729%,6288376001.00,United States,,1595329,Health Care,Biotechnology: Pharmaceutical Preparations
IOR,Income Opportunity Realty Investors Inc. Common Stock,$18.90,0.00,0.00%,76850764.00,United States,1987,117,Real Estate,Real Estate Investment Trusts
IOSP,Innospec Inc. Common Stock,$84.09,-0.19,-0.225%,2098886316.00,United States,,285908,Industrials,Major Chemicals
IOT,Samsara Inc. Class A Common Stock,$39.78,0.18,0.455%,22648184091.00,United States,2021,7598192,Technology,EDP Services
IOTR,iOThree Limited Ordinary Shares,$0.4095,0.0146,3.697%,10698188.00,Singapore,2025,119730,Consumer Discretionary,Telecommunications Equipment
IOVA,Iovance Biotherapeutics Inc. Common Stock,$1.72,0.03,1.775%,574367146.00,United States,,7271718,Health Care,Biotechnology: Biological Products (No Diagnostic Substances)
IP,International Paper Company Common Stock,$46.83,-0.54,-1.14%,24721628088.00,United States,,2883526,Basic Materials,Paper
IPA,ImmunoPrecise Antibodies Ltd. Common Stock,$1.06,-0.05,-4.505%,48511025.00,Canada,,524262,Health Care,Biotechnology: Pharmaceutical Preparations
IPAR,Interparfums Inc. Common Stock,$131.31,-0.60,-0.455%,4218202440.00,United States,,234940,Consumer Discretionary,Package Goods/Cosmetics
IPCX,Inflection Point Acquisition Corp. III Class A Ordinary Shares,$10.19,0.00,0.00%,0.00,United States,2025,61,,
IPCXR,Inflection Point Acquisition Corp. III Rights,$0.398,0.00,0.00%,0.00,United States,2025,5,,
IPCXU,Inflection Point Acquisition Corp. III Units,$10.505,0.025,0.239%,0.00,United States,2025,1057,Finance,Blank Checks
IPDN,Professional Diversity Network Inc. Common Stock,$3.38,1.63,93.143%,7041328.00,United States,2013,55034633,Technology,Computer Software: Programming Data Processing
IPG,Interpublic Group of Companies Inc. (The) Common Stock,$24.48,0.23,0.948%,9051105603.00,United States,,6893063,Consumer Discretionary,Advertising
IPGP,IPG Photonics Corporation Common Stock,$68.65,0.13,0.19%,2920004546.00,United States,2006,158848,Technology,Semiconductors
IPHA,Innate Pharma S.A. ADS,$1.815,-0.035,-1.892%,167265224.00,France,2019,14261,Health Care,Biotechnology: Biological Products (No Diagnostic Substances)
IPI,Intrepid Potash Inc Common Stock,$35.73,0.48,1.362%,475809228.00,United States,2008,148194,Industrials,Mining & Quarrying of Nonmetallic Minerals (No Fuels)
IPM,Intelligent Protection Management Corp. Common Stock ,$1.89,0.01,0.532%,17457905.00,United States,,41516,Consumer Discretionary,Business Services
IPOD,Dune Acquisition Corporation II Class A Ordinary Shares,$10.05,0.01,0.10%,0.00,United States,2025,53507,Finance,Blank Checks
IPODU,Dune Acquisition Corporation II Units,$10.20,0.00,0.00%,0.00,United States,2025,277,Finance,Blank Checks
IPODW,Dune Acquisition Corporation II Warrants,$0.19,0.00,0.00%,0.00,United States,2025,72536,Finance,Blank Checks
IPSC,Century Therapeutics Inc. Common Stock,$0.5587,0.04,7.712%,48136898.00,United States,2021,1298284,Health Care,Biotechnology: Biological Products (No Diagnostic Substances)
IPW,iPower Inc. Common Stock,$0.6465,0.0344,5.62%,20274175.00,United States,2021,156063,Consumer Discretionary,RETAIL: Building Materials
IPWR,Ideal Power Inc. Common Stock,$4.53,0.07,1.57%,37818343.00,United States,2013,48783,Technology,Semiconductors
IPX,IperionX Limited American Depositary Share,$31.50,0.82,2.673%,810320994.00,United States,,62939,Basic Materials,Other Metals and Minerals
IQ,iQIYI Inc. American Depositary Shares,$1.77,0.00,0.00%,1704437161.00,China,2018,11457271,Consumer Discretionary,Consumer Electronics/Video Chains
IQI,Invesco Quality Municipal Income Trust Common Stock,$9.38,0.04,0.428%,496050016.00,United States,,194167,Finance,Finance Companies
IQST,iQSTEL Inc. Common Stock,$9.70,-0.16,-1.623%,28119291.00,United States,,58850,Telecommunications,Telecommunications Equipment
IQV,IQVIA Holdings Inc. Common Stock,$157.59,0.12,0.076%,27263070000.00,United States,2013,2920637,Health Care,Biotechnology: Commercial Physical & Biological Resarch
IR,Ingersoll Rand Inc. Common Stock,$83.18,-1.09,-1.293%,33560030131.00,United States,2017,2641668,Industrials,Industrial Machinery/Components
IRBT,iRobot Corporation Common Stock,$3.13,-0.11,-3.395%,97360152.00,United States,2005,1412218,Consumer Discretionary,Consumer Electronics/Appliances
IRD,Opus Genetics Inc. Common Stock,$0.9421,-0.0345,-3.533%,56206814.00,United States,,317850,Health Care,Biotechnology: Pharmaceutical Preparations
IRDM,Iridium Communications Inc Common Stock,$30.17,0.13,0.433%,3263196975.00,United States,,1537041,Telecommunications,Telecommunications Equipment
IREN,IREN Limited Ordinary Shares,$14.57,0.57,4.071%,2758772371.00,Australia,2021,33095967,Technology,EDP Services
IRIX,IRIDEX Corporation Common Stock,$0.8819,0.0019,0.216%,14806243.00,United States,1996,83911,Health Care,Biotechnology: Electromedical & Electrotherapeutic Apparatus
IRM,Iron Mountain Incorporated (Delaware)Common Stock REIT,$102.57,0.27,0.264%,30262652413.00,United States,,2236766,Real Estate,Real Estate Investment Trusts
IRMD,iRadimed Corporation Common Stock,$59.79,-1.05,-1.726%,760236367.00,United States,2014,71372,Health Care,Medical/Dental Instruments
IROH,Iron Horse Acquisitions Corp. Common Stock,$10.325,-0.675,-6.136%,0.00,United States,2024,69958,Consumer Staples,Packaged Foods
IROHR,Iron Horse Acquisitions Corp. Right,$0.4984,0.0384,8.348%,0.00,United States,2024,217996,Consumer Staples,Packaged Foods
IROHU,Iron Horse Acquisitions Corp. Unit,$11.41,-1.29,-10.157%,0.00,United States,2023,608,Consumer Staples,Packaged Foods
IROHW,Iron Horse Acquisitions Corp. Warrant,$0.06,-0.007,-10.448%,0.00,United States,2024,64875,Consumer Staples,Packaged Foods
IRON,Disc Medicine Inc. Common Stock,$52.96,-1.54,-2.826%,1834232263.00,United States,,311813,Health Care,Biotechnology: Pharmaceutical Preparations
IROQ,IF Bancorp Inc. Common Stock,$24.3465,-0.6535,-2.614%,81597928.00,United States,2011,1540,Finance,Savings Institutions
IRS,IRSA Inversiones Y Representaciones S.A. Global Depositary Shares (Each representing ten shares of Common Stock),$13.93,-0.20,-1.415%,1042654106.00,Argentina,,113448,Real Estate,Homebuilding
IRT,Independence Realty Trust Inc. Common Stock,$17.69,0.12,0.683%,4135655766.00,United States,2013,4467475,Real Estate,Real Estate Investment Trusts
IRTC,iRhythm Technologies Inc. Common Stock,$153.96,-0.75,-0.485%,4915214107.00,United States,2016,337596,Health Care,Medical/Dental Instruments
IRWD,Ironwood Pharmaceuticals Inc. Class A Common Stock,$0.7172,-0.0137,-1.874%,116057195.00,United States,2010,2041384,Health Care,Biotechnology: Pharmaceutical Preparations
ISBA,Isabella Bank Corporation Common stock,$30.15,-1.73,-5.427%,222578094.00,United States,,13780,Finance,Major Banks
ISD,PGIM High Yield Bond Fund Inc.,$14.17,0.00,0.00%,0.00,United States,2012,174425,Finance,Trusts Except Educational Religious and Charitable
ISOU,IsoEnergy Ltd. Common Shares,$7.14,0.19,2.734%,343273900.00,,2025,21843,,
ISPC,iSpecimen Inc. Common Stock,$0.98,0.0414,4.411%,2446921.00,United States,2021,128125,Health Care,Biotechnology: Commercial Physical & Biological Resarch
ISPO,Inspirato Incorporated Class A Common Stock,$3.41,-0.01,-0.292%,42422368.00,United States,2021,20765,Finance,Blank Checks
ISPOW,Inspirato Incorporated Warrant,$0.0125,0.00,0.00%,155507.00,United States,2021,4,Finance,Blank Checks
ISPR,Ispire Technology Inc. Common Stock,$2.56,0.26,11.304%,146292365.00,United States,2023,155901,Health Care, Medicinal Chemicals and Botanical Products 
ISRG,Intuitive Surgical Inc. Common Stock,$543.41,9.70,1.817%,194768063950.00,United States,2000,1584063,Health Care,Industrial Specialties
ISRL,Israel Acquisitions Corp Class A Ordinary Shares,$12.70,0.12,0.954%,0.00,United States,2023,4301,Finance,Blank Checks
ISRLU,Israel Acquisitions Corp Unit,$12.10,-1.40,-10.37%,0.00,United States,2023,214,Finance,Blank Checks
ISRLW,Israel Acquisitions Corp Warrant,$0.2225,0.0125,5.952%,0.00,United States,2023,328083,Finance,Blank Checks
ISSC,Innovative Solutions and Support Inc. Common Stock,$13.88,-0.07,-0.502%,244345671.00,United States,2000,478399,Technology,EDP Services
ISTR,Investar Holding Corporation Common Stock,$19.32,-0.36,-1.829%,190202463.00,United States,2014,15776,Finance,Major Banks
IT,Gartner Inc. Common Stock,$404.22,1.46,0.362%,31111575274.00,United States,1993,957682,Consumer Discretionary,Other Consumer Services
ITGR,Integer Holdings Corporation Common Stock,$122.97,0.41,0.335%,4290668625.00,United States,,282681,Health Care,Biotechnology: Electromedical & Electrotherapeutic Apparatus
ITIC,Investors Title Company Common Stock,$211.30,-4.19,-1.944%,398568428.00,United States,,73750,Finance,Specialty Insurers
ITOS,iTeos Therapeutics Inc. Common Stock,$9.97,0.02,0.201%,381589736.00,United States,2020,717444,Health Care,Biotechnology: Biological Products (No Diagnostic Substances)
ITP,IT Tech Packaging Inc. Common Stock,$0.1869,-0.0081,-4.154%,1881320.00,China,,246488,Consumer Discretionary,Containers/Packaging
ITRG,Integra Resources Corp. Common Shares,$1.50,0.06,4.167%,253502685.00,,,1016200,Basic Materials,Precious Metals
ITRI,Itron Inc. Common Stock,$131.63,-0.83,-0.627%,6000757786.00,United States,1993,740428,Industrials,Electrical Products
ITRM,Iterum Therapeutics plc Ordinary Share,$0.995,-0.015,-1.485%,39800000.00,Ireland,2018,683964,Health Care,Biotechnology: Pharmaceutical Preparations
ITRN,Ituran Location and Control Ltd. Ordinary Shares,$38.73,0.98,2.596%,770478353.00,Israel,2005,88360,Technology,Electronic Components
ITT,ITT Inc. Common Stock ,$156.83,-1.12,-0.709%,12342521000.00,United States,2011,372480,Industrials,Fluid Controls
ITUB,Itau Unibanco Banco Holding SA American Depositary Shares (Each repstg 500 Preferred shares),$6.79,0.17,2.568%,66379749657.00,Brazil,,46497727,Finance,Major Banks
ITW,Illinois Tool Works Inc. Common Stock,$247.25,-0.81,-0.327%,72444250000.00,United States,,930797,Industrials,Industrial Machinery/Components
IVA,Inventiva S.A. American Depository Shares,$3.19,0.14,4.59%,305163027.00,France,2020,12969,Health Care,Biotechnology: Pharmaceutical Preparations
IVDA,Iveda Solutions Inc. Common Stock,$2.03,0.13,6.842%,5700384.00,United States,,126090,Technology,Computer Software: Prepackaged Software
IVDAW,Iveda Solutions Inc. Warrant,$0.13,-0.007,-5.109%,365049.00,United States,,716,Technology,Computer Software: Prepackaged Software
IVF,INVO Fertility Inc. Common Stock,$0.8799,-0.0379,-4.129%,1891020.00,United States,,169638,Health Care,Medical/Dental Instruments
IVP,Inspire Veterinary Partners Inc. Class A Common Stock,$1.69,0.056,3.427%,3582041.00,United States,2023,63439,Consumer Staples,Farming/Seeds/Milling
IVR,INVESCO MORTGAGE CAPITAL INC Common Stock,$7.84,0.02,0.256%,516989161.00,United States,2009,1681013,Real Estate,Real Estate Investment Trusts
IVR^C,INVESCO MORTGAGE CAPITAL INC 7.5% Fixed-to-Floating Series C Cumulative Redeemable Preferred Stock Liquation Preference $25.00 per Share,$23.23,-0.27,-1.149%,,United States,,79615,,
IVT,InvenTrust Properties Corp. Common Stock,$27.40,-0.18,-0.653%,2125356734.00,United States,2021,452351,Real Estate,Real Estate Investment Trusts
IVVD,Invivyd Inc. Common Stock,$0.715,-0.0115,-1.583%,85772433.00,United States,2021,954380,Health Care,Biotechnology: Biological Products (No Diagnostic Substances)
IVZ,Invesco Ltd Common Stock,$15.77,0.07,0.446%,7057962630.00,United States,,3578105,Finance,Investment Managers
IX,ORIX Corporation American Depositary Shares,$22.52,0.33,1.487%,26189909735.00,Japan,,237867,Finance,Diversified Financial Services
IXHL,Incannex Healthcare Inc. Common Stock,$0.2157,0.0124,6.099%,6348870.00,Australia,,20198611,Health Care,Biotechnology: Pharmaceutical Preparations
IZEA,IZEA Worldwide Inc. Common Stock,$2.55,0.05,2.00%,43161560.00,United States,,45746,Consumer Discretionary,Advertising
IZM,ICZOOM Group Inc. Class A Ordinary Shares,$2.72,0.08,3.03%,31911026.00,China,2023,54225,Consumer Discretionary,Consumer Electronics/Video Chains
J,Jacobs Solutions Inc. Common Stock,$131.45,1.41,1.084%,15794530650.00,United States,2022,873914,Industrials,Military/Government/Technical
JACK,Jack In The Box Inc. Common Stock,$17.46,0.63,3.743%,329635127.00,United States,,919690,Consumer Discretionary,Restaurants
JACS,Jackson Acquisition Company II Class A Ordinary Shares,$10.30,0.22,2.183%,0.00,,2025,6004,,
JAGX,Jaguar Health Inc. Common Stock,$2.52,0.02,0.80%,2566237.00,United States,2015,63500,Health Care,Biotechnology: Pharmaceutical Preparations
JAKK,JAKKS Pacific Inc. Common Stock,$20.78,0.27,1.316%,231618659.00,United States,1996,104029,Consumer Discretionary,Recreational Games/Products/Toys
JAMF,Jamf Holding Corp. Common Stock,$9.51,0.16,1.711%,1254033297.00,United States,2020,1173936,Technology,Computer Software: Prepackaged Software
JANX,Janux Therapeutics Inc. Common Stock,$23.10,-0.05,-0.216%,1366946127.00,United States,2021,504618,Health Care,Biotechnology: Pharmaceutical Preparations
JAZZ,Jazz Pharmaceuticals plc Common Stock (Ireland),$106.12,-0.78,-0.73%,6540477087.00,Ireland,2007,728509,Health Care,Biotechnology: Pharmaceutical Preparations
JBDI,JBDI Holdings Limited Ordinary Shares,$1.05,0.0283,2.77%,20776875.00,Singapore,2024,23500,,
JBGS,JBG SMITH Properties Common Shares ,$17.30,-0.18,-1.03%,1263817073.00,United States,2017,873080,Real Estate,Real Estate Investment Trusts
JBHT,J.B. Hunt Transport Services Inc. Common Stock,$143.60,-1.74,-1.197%,14244343268.00,United States,,1060690,Industrials,Trucking Freight/Courier Services
JBI,Janus International Group Inc. Common Stock,$8.14,-0.03,-0.367%,1139287717.00,United States,2021,877212,Industrials,Building Products
JBIO,Jade Biosciences Inc. Common Stock,$9.99,0.80,8.705%,322036901.00,United States,2021,531914,Health Care,Biotechnology: Pharmaceutical Preparations
JBK,Lehman ABS 3.50 3.50% Adjustable Corp Backed Tr Certs GS Cap I,$25.82,0.32,1.255%,0.00,United States,,100,Finance,Finance: Consumer Services
JBL,Jabil Inc. Common Stock,$218.10,0.73,0.336%,23412020399.00,United States,1993,1692350,Technology,Electrical Products
JBLU,JetBlue Airways Corporation Common Stock,$4.23,-0.05,-1.168%,1498857582.00,United States,2002,13166066,Consumer Discretionary,Air Freight/Delivery Services
JBS,JBS N.V. Class A Common Shares,$14.61,-0.14,-0.949%,32406680166.00,,2025,11750147,Consumer Staples,Meat/Poultry/Fish
JBSS,John B. Sanfilippo & Son Inc. Common Stock,$63.24,-0.18,-0.284%,743624868.00,United States,1991,86678,Consumer Staples,Specialty Foods
JBTM,JBT Marel Corporation Common Stock,$120.26,-1.37,-1.126%,6249761153.00,United States,,345617,Industrials,Industrial Machinery/Components
JCAP,Jefferson Capital Inc. Common Stock,$18.45,-0.55,-2.895%,1195803891.00,United States,2025,350306,Finance,Finance Companies
JCE,Nuveen Core Equity Alpha Fund Common Shares of Beneficial Interest,$15.50,0.29,1.907%,0.00,United States,2007,52329,Finance,Trusts Except Educational Religious and Charitable
JCI,Johnson Controls International plc Ordinary Share,$105.62,0.55,0.523%,69502956354.00,Switzerland,,5090837,Industrials,Industrial Machinery/Components
JCSE,JE Cleantech Holdings Limited Ordinary Shares,$1.10,-0.06,-5.172%,5786286.00,Singapore,2022,1869,Consumer Discretionary,Miscellaneous manufacturing industries
JCTC,Jewett-Cameron Trading Company Common Shares,$3.73,-0.03,-0.798%,13122584.00,United States,,5899,Consumer Discretionary,RETAIL: Building Materials
JD,JD.com Inc. American Depositary Shares,$32.64,-0.43,-1.30%,47435531599.00,China,2014,7908899,Consumer Discretionary,Other Specialty Stores
JDZG,JIADE LIMITED Common stock,$2.5166,-0.1134,-4.312%,7718249.00,China,2024,117825,Real Estate,Other Consumer Services
JEF,Jefferies Financial Group Inc. Common Stock,$54.69,-1.06,-1.901%,11280139492.00,United States,,1772777,Finance,Investment Bankers/Brokers/Service
JELD,JELD-WEN Holding Inc. Common Stock,$3.92,0.03,0.771%,334372060.00,United States,2017,1440866,Basic Materials,Forest Products
JEM,707 Cayman Holdings Limited Ordinary Shares,$5.18,-1.12,-17.778%,113701000.00,China,2025,173264,Consumer Discretionary,Clothing/Shoe/Accessory Stores
JEQ,abrdn Japan Equity Fund Inc. Common Stock,$7.54,0.01,0.133%,102543925.00,United States,1992,35250,Consumer Discretionary,Air Freight/Delivery Services
JFB,JFB Construction Holdings Class A Common Stock,$6.70,0.30,4.688%,35175000.00,United States,2025,47253,,
JFBR,Jeffs' Brands Ltd Ordinary Shares,$6.215,-0.285,-4.385%,3439288.00,Israel,2022,72506,Consumer Discretionary,Other Specialty Stores
JFBRW,Jeffs' Brands Ltd Warrant,$0.0273,-0.0084,-23.529%,15107.00,Israel,2022,15345,Consumer Discretionary,Other Specialty Stores
JFIN,Jiayin Group Inc. American Depositary Shares,$16.02,0.61,3.958%,854980127.00,China,2019,57509,Finance,Finance: Consumer Services
JFR,Nuveen Floating Rate Income Fund Common Stock,$8.47,0.06,0.713%,0.00,United States,2004,842498,Finance,Trusts Except Educational Religious and Charitable
JFU,9F Inc. American Depositary Shares,$1.2529,-0.213,-14.53%,14750809.00,China,2019,43763,Finance,Finance: Consumer Services
JG,Aurora Mobile Limited American Depositary Shares,$10.77,-0.73,-6.348%,65440146.00,China,2018,25972,Technology,Computer Software: Programming Data Processing
JGH,Nuveen Global High Income Fund Common Shares of Beneficial Interest,$12.93,0.16,1.253%,0.00,United States,2014,85423,Finance,Investment Managers
JHG,Janus Henderson Group plc Ordinary Shares,$38.84,0.10,0.258%,6119545418.00,United Kingdom,2017,1211438,Finance,Investment Managers
JHI,John Hancock Investors Trust Common Stock,$13.845,0.085,0.618%,121068253.00,United States,,29915,Finance,Trusts Except Educational Religious and Charitable
JHS,John Hancock Income Securities Trust Common Stock,$11.28,0.05,0.445%,131373479.00,United States,,20261,Finance,Finance Companies
JHX,James Hardie Industries plc American Depositary Shares (Ireland),$26.89,-0.70,-2.537%,11557827021.00,Ireland,,16613954,Industrials,Building Materials
JILL,J. Jill Inc. Common Stock,$14.64,-0.29,-1.942%,223743750.00,United States,2017,96258,Consumer Discretionary,Apparel
JJSF,J & J Snack Foods Corp. Common Stock,$113.41,1.73,1.549%,2206447234.00,United States,1986,192247,Consumer Staples,Specialty Foods
JKHY,Jack Henry & Associates Inc. Common Stock,$180.17,1.85,1.037%,13119256198.00,United States,1985,543286,Technology,EDP Services
JKS,JinkoSolar Holding Company Limited American Depositary Shares (each representing 4 Common Shares),$21.22,-0.42,-1.941%,1119796907.00,China,2010,479425,Technology,Semiconductors
JL,J-Long Group Limited Ordinary Shares,$6.14,0.1685,2.822%,19279600.00,Hong Kong,2024,7927,Consumer Discretionary,Clothing/Shoe/Accessory Stores
JLHL,Julong Holding Limited Class A Ordinary Shares,$3.84,-0.6699,-14.854%,81642747.00,China,2025,350471,Consumer Discretionary,Military/Government/Technical
JLL,Jones Lang LaSalle Incorporated Common Stock,$255.78,-1.18,-0.459%,12142894349.00,United States,,427446,Finance,Real Estate
JLS,Nuveen Mortgage and Income Fund,$18.74,0.05,0.268%,0.00,United States,2009,11536,Finance,Investment Managers
JMIA,Jumia Technologies AG American Depositary Shares each representing two Ordinary Shares,$4.02,0.36,9.836%,492300557.00,,2019,6627256,Consumer Discretionary,Catalog/Specialty Distribution
JMM,Nuveen Multi-Market Income Fund (MA),$6.28,0.03,0.48%,0.00,United States,,11163,Finance,Trusts Except Educational Religious and Charitable
JMSB,John Marshall Bancorp Inc. Common Stock,$18.53,-0.14,-0.75%,264577566.00,United States,,17683,Finance,Major Banks
JNJ,Johnson & Johnson Common Stock,$152.75,0.34,0.223%,367527693367.00,United States,,9000563,Health Care,Biotechnology: Pharmaceutical Preparations
JNPR,Juniper Networks Inc. Common Stock,$39.93,3.11,8.446%,13351897178.00,United States,1999,25332187,Telecommunications,Computer Communications Equipment
JOB,GEE Group Inc. Common Stock,$0.1968,-0.0082,-4.00%,21532526.00,United States,1968,57916,Consumer Discretionary,Diversified Commercial Services
JOBY,Joby Aviation Inc. Common Stock,$10.55,1.11,11.758%,8353469702.00,United States,2020,69238006,Industrials,Aerospace
JOE,St. Joe Company (The) Common Stock,$47.70,-1.42,-2.891%,2777204426.00,United States,,313080,Real Estate,Homebuilding
JOF,Japan Smaller Capitalization Fund Inc Common Stock,$9.64,-0.10,-1.027%,0.00,United States,1990,40169,Finance,Trusts Except Educational Religious and Charitable
JOUT,Johnson Outdoors Inc. Class A Common Stock,$30.27,1.01,3.452%,312795771.00,United States,,41483,Consumer Discretionary,Recreational Games/Products/Toys
JOYY,JOYY Inc. American Depositary Shares,$50.91,0.01,0.02%,2633166613.00,Singapore,2012,139592,Technology,EDP Services
JPC,Nuveen Preferred & Income Opportunities Fund,$8.02,0.02,0.25%,0.00,United States,2003,1129728,Finance,Investment Managers
JPI,Nuveen Preferred Securities & Income Opportunities Fund Common Shares,$20.80,0.29,1.414%,473666315.00,,2012,21137,Finance,Finance Companies
JPM,JP Morgan Chase & Co. Common Stock,$289.91,2.80,0.975%,805687283016.00,United States,,12688119,Finance,Major Banks
JPM^C,J P Morgan Chase & Co Depositary Shares each representing a 1/400th interest in a share of 6.00% Non-Cumulative  Preferred Stock Series EE,$25.21,0.04,0.159%,,United States,,1008438,,
JPM^D,J P Morgan Chase & Co Depositary Shares each representing a 1/400th  interest in a share of 5.75% Non-Cumulative  Preferred Stock Series DD,$24.57,0.21,0.862%,,United States,,268567,,
JPM^J,J P Morgan Chase & Co Depositary Shares each representing a 1/400th interest in a share of JPMorgan Chase & Co. 4.75% Non-Cumulative Preferred Stock Series GG,$20.08,0.11,0.551%,,United States,,107009,,
JPM^K,J P Morgan Chase & Co Depositary Shares each representing a 1/400th interest in a share of 4.55% Non-Cumulative Preferred Stock Series JJ,$19.11,0.14,0.738%,,United States,,339028,,
JPM^L,J P Morgan Chase & Co Depositary Shares each representing a 1/400th interest in a share of 4.625% Non-Cumulative Preferred Stock Series LL,$19.55,0.15,0.773%,,United States,,350644,,
JPM^M,J P Morgan Chase & Co Depositary Shares each representing a 1/400th interest in a share of 4.20% Non-Cumulative Preferred Stock Series MM,$17.91,0.04,0.224%,,United States,,317346,,
JQC,Nuveen Credit Strategies Income Fund Shares of Beneficial Interest,$5.39,0.02,0.372%,0.00,United States,2003,845504,Finance,Finance Companies
JRI,Nuveen Real Asset Income and Growth Fund Common Shares of Beneficial Interest,$13.50,0.09,0.671%,0.00,United States,2012,196681,Finance,Finance Companies
JRS,Nuveen Real Estate Income Fund Common Shares of Beneficial Interest,$7.78,0.14,1.832%,0.00,United States,2001,106442,Finance,Finance/Investors Services
JRSH,Jerash Holdings (US) Inc. Common Stock,$3.278,-0.002,-0.061%,41630403.00,United States,2018,26440,Consumer Discretionary,Apparel
JRVR,James River Group Holdings Ltd. Common Shares,$5.86,-0.01,-0.17%,268933929.00,Bermuda,2014,164656,Finance,Property-Casualty Insurers
JSM,Navient Corporation 6% Senior Notes due December 15 2043,$18.25,-0.38,-2.04%,1849354224.00,United States,,52677,Finance,Investment Bankers/Brokers/Service
JSPR,Jasper Therapeutics Inc. Common Stock,$5.55,0.06,1.093%,83372777.00,United States,2020,490287,Health Care,Biotechnology: Biological Products (No Diagnostic Substances)
JTAI,Jet.AI Inc. Common Stock,$3.65,-0.03,-0.815%,9312084.00,United States,2021,109919,Consumer Discretionary,Transportation Services
JUNS,Jupiter Neurosciences Inc. Common Stock,$1.02,-0.03,-2.857%,33765937.00,United States,2024,239163,Health Care,Biotechnology: Pharmaceutical Preparations
JVA,Coffee Holding Co. Inc. Common Stock,$4.33,0.08,1.882%,24718234.00,United States,2005,45820,Consumer Staples,Packaged Foods
JVSA,JV SPAC Acquisition Corp. Class A Ordinary Share,$3.64,-7.06,-65.981%,0.00,China,2024,1191126,,
JVSAR,JV SPAC Acquisition Corp. Right,$0.87,0.2499,40.30%,0.00,China,2024,1345562,,
JVSAU,JVSPAC Acquisition Corp. Unit,$4.34,-7.855,-64.412%,0.00,China,2024,10924,,
JWEL,Jowell Global Ltd. Ordinary Shares,$1.99,0.00,0.00%,4319245.00,China,2021,2766,Consumer Discretionary,Other Consumer Services
JXG,JX Luxventure Group Inc. Common Stock,$1.62,-0.04,-2.41%,6546342.00,China,2013,196068,Consumer Staples,Apparel
JXN,Jackson Financial Inc. Class A Common Stock ,$88.79,-0.71,-0.793%,6343026191.00,United States,2021,605380,Finance,Life Insurance
JXN^A,Jackson Financial Inc. Depositary Shares each representing a 1/1000th interest in a share of Fixed-Rate Reset Noncumulative Perpetual Preferred Stock Series A,$25.32,-0.08,-0.315%,,United States,,363479,,
JYD,Jayud Global Logistics Limited Class A Ordinary Shares,$0.2021,-0.0065,-3.116%,18964315.00,China,2023,1447590,Consumer Discretionary,Oil Refining/Marketing
JYNT,The Joint Corp. Common Stock,$11.54,0.12,1.051%,176593989.00,United States,2014,51020,Miscellaneous,Multi-Sector Companies
JZ,Jianzhi Education Technology Group Company Limited American Depositary Shs,$1.6798,0.0698,4.335%,4734516.00,China,2022,25535,Real Estate,Other Consumer Services
JZXN,Jiuzi Holdings Inc. Ordinary Shares,$0.9343,0.0461,5.19%,10287941.00,China,2021,85883,Consumer Discretionary,Retail-Auto Dealers and Gas Stations
K,Kellanova Common Stock,$79.53,0.53,0.671%,27592064555.00,United States,,4621973,Consumer Staples,Packaged Foods
KAI,Kadant Inc Common Stock,$317.45,3.92,1.25%,3738246440.00,United States,1992,185826,Industrials,Industrial Machinery/Components
KALA,KALA BIO Inc. Common Stock,$4.76,0.14,3.03%,30713414.00,United States,2017,39123,Health Care,Biotechnology: Pharmaceutical Preparations
KALU,Kaiser Aluminum Corporation Common Stock,$79.90,-1.05,-1.297%,1290734642.00,United States,,217076,Industrials,Metal Fabrications
KALV,KalVista Pharmaceuticals Inc. Common Stock,$11.305,-0.105,-0.92%,562035265.00,United Kingdom,2015,776963,Health Care,Biotechnology: Pharmaceutical Preparations
KAPA,Kairos Pharma Ltd. Common Stock,$0.709,0.04,5.979%,11946158.00,,2024,1510030,Health Care,Biotechnology: Pharmaceutical Preparations
KAR,OPENLANE Inc. Common Stock,$24.45,0.54,2.258%,2625530658.00,United States,2009,1118318,Consumer Discretionary,Retail-Auto Dealers and Gas Stations
KARO,Karooooo Ltd. Ordinary Shares,$48.98,1.24,2.597%,1513153834.00,Singapore,2021,155068,Technology,Computer Software: Prepackaged Software
KAVL,Kaival Brands Innovations Group Inc. Common Stock,$0.4936,0.002,0.407%,5697280.00,United States,,31765,Consumer Discretionary,Other Consumer Services
KB,KB Financial Group Inc,$82.59,1.08,1.325%,30855683382.00,South Korea,,170914,Finance,Commercial Banks
KBDC,Kayne Anderson BDC Inc. Common Stock,$15.26,-0.43,-2.741%,1081679692.00,,2024,167379,,
KBH,KB Home Common Stock,$52.97,0.25,0.474%,3799724237.00,United States,1986,1856598,Consumer Discretionary,Homebuilding
KBR,KBR Inc. Common Stock,$47.94,-0.26,-0.539%,6219547340.00,United States,2006,1252025,Industrials,Military/Government/Technical
KBSX,FST Corp. Ordinary Shares,$1.77,0.03,1.724%,66816404.00,Taiwan,,43233,Consumer Discretionary,Recreational Games/Products/Toys
KC,Kingsoft Cloud Holdings Limited American Depositary Shares,$12.52,-0.06,-0.477%,3407764376.00,China,2020,1812771,Technology,Computer Software: Prepackaged Software
KCHVU,Kochav Defense Acquisition Corp. Units,$10.175,-0.009,-0.088%,0.00,United States,2025,407419,,
KD,Kyndryl Holdings Inc. Common Stock,$41.96,0.50,1.206%,9648473989.00,United States,2021,2895781,Technology,EDP Services
KDP,Keurig Dr Pepper Inc. Common Stock,$33.06,0.21,0.639%,44901366961.00,United States,,11541468,Consumer Staples,Beverages (Production/Distribution)
KE,Kimball Electronics Inc. Common Stock,$19.23,0.00,0.00%,468834977.00,United States,,120359,Technology,Electrical Products
KELYA,Kelly Services Inc. Class A Common Stock,$11.71,0.14,1.21%,412227821.00,United States,,221959,Consumer Discretionary,Professional Services
KELYB,Kelly Services Inc. Class B Common Stock,$12.09,-0.0207,-0.171%,425604983.00,United States,,244,Consumer Discretionary,Professional Services
KEN,Kenon Holdings Ltd. Ordinary Shares,$41.55,2.54,6.511%,2166842555.00,Singapore,2015,50033,Utilities,Electric Utilities: Central
KEP,Korea Electric Power Corporation Common Stock,$14.24,0.08,0.565%,18283136913.00,South Korea,1994,1091529,Utilities,Electric Utilities: Central
KEQU,Kewaunee Scientific Corporation Common Stock,$58.70,2.03,3.582%,167557037.00,United States,,42135,Industrials,Medical Specialities
KEX,Kirby Corporation Common Stock,$113.41,-1.58,-1.374%,6362301000.00,United States,,751235,Consumer Discretionary,Marine Transportation
KEY,KeyCorp Common Stock,$17.42,0.20,1.161%,19091317200.00,United States,,24094468,Finance,Major Banks
KEY^I,KeyCorp Depositary Shares Each Representing a 1/40th Ownership Interest in a Share of Fixed-to-Floating Rate Perpetual Non-Cumulative Preferred Stock Series E,$24.40,-0.03,-0.123%,,United States,,377615,,
KEY^J,KeyCorp Depositary Shares each representing a 1/40th ownership interest in a share of Fixed Rate Perpetual Non-Cumulative Preferred Stock Series F,$21.15,-0.01,-0.047%,,United States,,99029,,
KEY^K,KeyCorp Depositary Shares each representing a 1/40th ownership interest in a share of Fixed Rate Perpetual Non-Cumulative Preferred Stock Series G,$21.28,0.06,0.283%,,United States,,92571,,
KEY^L,KeyCorp Depositary Shares each representing a 1/40th ownership interest in a share of Fixed Rate Perpetual Non-Cumulative Preferred Stock Series H,$24.19,-0.02,-0.083%,,United States,,352029,,
KEYS,Keysight Technologies Inc. Common Stock,$163.86,-0.48,-0.292%,28201757636.00,United States,2014,1037419,Industrials,Industrial Machinery/Components
KF,Korea Fund Inc. (The) New Common Stock,$26.93,0.42,1.584%,0.00,United States,,7845,Finance,Investment Managers
KFFB,Kentucky First Federal Bancorp Common Stock,$2.91,0.11,3.929%,23532341.00,United States,2005,5108,Finance,Savings Institutions
KFII,K&F Growth Acquisition Corp. II Class A Ordinary shares,$10.18,0.00,0.00%,0.00,United States,2025,4576,,
KFRC,Kforce Inc. Common Stock,$41.13,-0.16,-0.388%,766251900.00,United States,1995,141728,Consumer Discretionary,Professional Services
KFS,Kingsway Financial Services Inc. Common Stock (DE),$13.54,-0.46,-3.286%,372853025.00,Canada,,108901,Finance,Property-Casualty Insurers
KFY,Korn Ferry Common Stock,$73.33,0.32,0.438%,3787192307.00,United States,1999,624775,Consumer Discretionary,Diversified Commercial Services
KG,Kestrel Group Ltd.,$26.52,-1.50,-5.353%,206532801.00,Bermuda,2008,38713,Finance,Property-Casualty Insurers
KGC,Kinross Gold Corporation Common Stock,$15.63,0.76,5.111%,19174884000.00,Canada,2001,19759459,Basic Materials,Precious Metals
KGEI,Kolibri Global Energy Inc. Common stock,$6.85,-0.02,-0.291%,242852043.00,United States,,344671,Energy,Oil & Gas Production
KGS,Kodiak Gas Services Inc. Common Stock,$34.27,0.26,0.764%,3010934818.00,United States,2023,1164623,Utilities,Natural Gas Distribution
KHC,The Kraft Heinz Company Common Stock,$25.82,0.21,0.82%,30559057048.00,United States,,18620773,Consumer Staples,Packaged Foods
KIDS,OrthoPediatrics Corp. Common Stock,$21.48,0.11,0.515%,532039173.00,United States,2017,73750,Health Care,Medical/Dental Instruments
KIDZ,Classover Holdings Inc. Class B Common Stock,$2.94,0.00,0.00%,69646051.00,United States,,230608,Real Estate,Other Consumer Services
KIDZW,Classover Holdings Inc. Warrants,$0.133,0.0004,0.302%,3150655.00,United States,,49855,,
KIM,Kimco Realty Corporation (HC) Common Stock,$21.02,0.09,0.43%,14219952226.00,United States,,5163931,Real Estate,Real Estate Investment Trusts
KIM^L,Kimco Realty Corporation Class L Depositary Shares each of which represents a one-one thousandth fractional interest in a share of 5.125% Class L Cumulative Redeemable Preferred Stock liquidation preference $25000.00 per share,$19.65,-0.09,-0.456%,,United States,,42470,,
KIM^M,Kimco Realty Corporation Class M Depositary Shares each of which represents a one-one thousandth fractional interest in a share of 5.25% Class M Cumulative Redeemable Preferred Stock liquidation preference $25000.00 per share,$19.95,-0.15,-0.746%,,United States,,93391,,
KIM^N,Kimco Realty Corporation Depositary Shares each representing 1/1000th interest in a share of 7.25% Class N Cumulative Convertible Perpetual Preferred Stock,$60.54,0.54,0.90%,,United States,,103,,
KIND,Nextdoor Holdings Inc. Class A Common Stock,$1.66,0.07,4.403%,635096837.00,United States,,2710888,Technology,Computer Software: Programming Data Processing
KINS,Kingstone Companies Inc. Common Stock,$15.41,0.10,0.653%,215829332.00,United States,,310564,Finance,Property-Casualty Insurers
KIO,KKR Income Opportunities Fund Common Shares,$12.56,0.03,0.239%,0.00,United States,2013,254881,Finance,Investment Managers
KIRK,Kirkland's Inc. COMMONSTOCK,$1.08,-0.02,-1.818%,24258294.00,United States,2002,178546,Consumer Discretionary,Other Specialty Stores
KITT,Nauticus Robotics Inc. Common stock,$0.9046,-0.0243,-2.616%,33741208.00,United States,2021,683130,Industrials,Industrial Machinery/Components
KITTW,Nauticus Robotics Inc. Warrant,$0.0988,0.0257,35.157%,3685199.00,United States,2021,101173,Industrials,Industrial Machinery/Components
KKR,KKR & Co. Inc. Common Stock,$133.03,-1.26,-0.938%,118482092356.00,United States,,4034075,Finance,Investment Managers
KKR^D,KKR & Co. Inc. 6.25% Series D Mandatory Convertible Preferred Stock,$53.60,-0.70,-1.289%,,United States,,1328711,,
KKRS,KKR Group Finance Co. IX LLC 4.625% Subordinated Notes due 2061,$17.24,-0.02,-0.116%,15354666408.00,United States,2021,108546,,
KKRT,KKR & Co. Inc. 6.875% Subordinated Notes due 2065,$25.72,0.22,0.863%,0.00,United States,2025,3244182,Finance,Investment Managers
KLAC,KLA Corporation Common Stock,$895.74,5.87,0.66%,118453938508.00,United States,1980,786721,Technology,Electronic Components
KLC,KinderCare Learning Companies Inc. Common Stock,$10.10,-0.25,-2.415%,1191863893.00,United States,2024,427230,Consumer Discretionary,Other Consumer Services
KLG,WK Kellogg Co Common Stock,$15.94,-0.06,-0.375%,1375027837.00,United States,2023,849709,Consumer Staples,Packaged Foods
KLIC,Kulicke and Soffa Industries Inc. Common Stock,$34.60,-0.15,-0.432%,1825819441.00,Singapore,,392435,Technology,Semiconductors
KLRS,Kalaris Therapeutics Inc. Common Stock,$2.67,0.05,1.908%,49935456.00,United States,2020,5727,Health Care,Biotechnology: Biological Products (No Diagnostic Substances)
KLTO,Klotho Neurosciences Inc. Common Stock,$1.13,0.4099,56.923%,36718660.00,United States,2022,135817898,Health Care,Biotechnology: Biological Products (No Diagnostic Substances)
KLTOW,Klotho Neurosciences Inc. Warrant,$0.2498,0.0674,36.952%,8117098.00,United States,2022,354147,Health Care,Biotechnology: Biological Products (No Diagnostic Substances)
KLTR,Kaltura Inc. Common Stock,$2.01,0.02,1.005%,308774546.00,United States,2021,304781,Technology,Computer Software: Prepackaged Software
KLXE,KLX Energy Services Holdings Inc. Common Stock,$1.87,-0.05,-2.604%,32825858.00,United States,,142714,Energy,Oilfield Services/Equipment
KMB,Kimberly-Clark Corporation Common Stock,$128.92,1.03,0.805%,42777723232.00,United States,,2172594,Consumer Discretionary,Containers/Packaging
KMDA,Kamada Ltd. Ordinary Shares,$7.75,0.04,0.519%,445663990.00,Israel,2013,45473,Health Care,Biotechnology: Pharmaceutical Preparations
KMI,Kinder Morgan Inc. Common Stock,$29.40,0.42,1.449%,65328821132.00,United States,2011,14238774,Utilities,Natural Gas Distribution
KMPB,Kemper Corporation 5.875% Fixed-Rate Reset Junior Subordinated Debentures due 2062,$24.00,0.08,0.334%,1535877864.00,United States,2022,243305,Finance,Property-Casualty Insurers
KMPR,Kemper Corporation,$64.54,0.46,0.718%,4130231556.00,United States,,558281,Finance,Property-Casualty Insurers
KMT,Kennametal Inc. Common Stock,$22.96,-0.03,-0.13%,1750322629.00,United States,,971653,Industrials,Industrial Machinery/Components
KMTS,Kestra Medical Technologies Ltd. Common Stock,$16.58,-1.09,-6.169%,851360716.00,United States,2025,573279,Health Care,Medical/Dental Instruments
KMX,CarMax Inc,$67.21,0.61,0.916%,10086349336.00,United States,,3176435,Consumer Discretionary,Retail-Auto Dealers and Gas Stations
KN,Knowles Corporation Common Stock,$17.62,-0.35,-1.948%,1532500117.00,United States,2014,685434,Consumer Staples,Consumer Electronics/Appliances
KNDI,Kandi Technologies Group Inc. Ordinary Shares,$1.11,-0.05,-4.31%,96967640.00,China,,117062,Consumer Discretionary,Auto Manufacturing
KNF,Knife Riv Holding Co. Common Stock,$81.64,-1.13,-1.365%,4625098752.00,United States,2023,584261,Industrials,Mining & Quarrying of Nonmetallic Minerals (No Fuels)
KNOP,KNOT Offshore Partners LP Common Units representing Limited Partner Interests,$6.26,-0.13,-2.034%,213122207.00,United Kingdom,2013,58245,Consumer Discretionary,Marine Transportation
KNSA,Kiniksa Pharmaceuticals International plc Class A Ordinary Shares,$27.67,-0.37,-1.32%,2019106657.00,United States,2018,948384,Health Care,Biotechnology: Pharmaceutical Preparations
KNSL,Kinsale Capital Group Inc. Common Stock,$483.90,10.59,2.237%,11280403397.00,United States,,298598,Finance,Property-Casualty Insurers
KNTK,Kinetik Holdings Inc. Class A Common Stock,$44.05,-0.07,-0.159%,6958212224.00,United States,2022,1554852,Utilities,Natural Gas Distribution
KNW,Know Labs Inc. Common Stock,$1.98,0.39,24.528%,14850000.00,,,1771783,Industrials,Industrial Machinery/Components
KNX,Knight-Swift Transportation Holdings Inc.,$44.23,-0.79,-1.755%,7167471500.00,United States,2017,2399740,Industrials,Trucking Freight/Courier Services
KO,Coca-Cola Company (The) Common Stock,$70.75,0.42,0.597%,304526871714.00,United States,,15421392,Consumer Staples,Beverages (Production/Distribution)
KOD,Kodiak Sciences Inc Common Stock,$3.73,0.03,0.811%,196808008.00,United States,2018,239286,Health Care,Biotechnology: Biological Products (No Diagnostic Substances)
KODK,Eastman Kodak Company Common New,$5.65,-0.10,-1.739%,456520000.00,United States,,1008329,Consumer Discretionary,Industrial Machinery/Components
KOF,Coca Cola Femsa S.A.B. de C.V.  American Depositary Shares each representing 10 Units (each Unit consists of 3 Series B Shares and 5 Series L Shares),$96.73,2.34,2.479%,20321350451.00,Mexico,1993,188040,Consumer Staples,Beverages (Production/Distribution)
KOP,Koppers Holdings Inc. Common Stock,$32.15,-0.60,-1.832%,643323686.00,United States,2006,112586,Basic Materials,Forest Products
KOPN,Kopin Corporation Common Stock,$1.53,-0.02,-1.29%,249080821.00,United States,1992,2171252,Technology,Semiconductors
KORE,KORE Group Holdings Inc. Common Stock,$2.39,-0.01,-0.417%,41012546.00,United States,,3284,Telecommunications,Telecommunications Equipment
KOS,Kosmos Energy Ltd. Common Shares (DE),$1.72,-0.11,-6.011%,822175587.00,Bermuda,2011,9666962,Energy,Oil & Gas Production
KOSS,Koss Corporation Common Stock,$5.10,0.13,2.616%,47816555.00,United States,,69437,Consumer Staples,Consumer Electronics/Appliances
KPLT,Katapult Holdings Inc. Common Stock,$8.01,0.06,0.755%,36345920.00,United States,2019,12811,Consumer Discretionary,Diversified Commercial Services
KPLTW,Katapult Holdings Inc. Warrant,$0.0079,-0.0015,-15.957%,35847.00,United States,2019,1001,Consumer Discretionary,Diversified Commercial Services
KPRX,Kiora Pharmaceuticals Inc.  Common Stock,$2.88,-0.02,-0.69%,8766308.00,United States,,70496,Health Care,Biotechnology: Pharmaceutical Preparations
KPTI,Karyopharm Therapeutics Inc. Common Stock,$4.31,-0.08,-1.822%,37237986.00,United States,2013,75082,Health Care,Biotechnology: Pharmaceutical Preparations
KR,Kroger Company (The) Common Stock,$71.73,0.31,0.434%,47405888962.00,United States,,5652886,Consumer Staples,Food Chains
KRC,Kilroy Realty Corporation Common Stock,$34.31,-0.48,-1.38%,4058206768.00,United States,1997,1027809,Real Estate,Real Estate Investment Trusts
KREF,KKR Real Estate Finance Trust Inc. Common Stock,$8.77,-0.24,-2.664%,594661155.00,United States,2017,900580,Real Estate,Real Estate Investment Trusts
KREF^A,KKR Real Estate Finance Trust Inc. 6.50% Series A Cumulative Redeemable Preferred Stock,$20.20,-0.80,-3.81%,,United States,,47753,,
KRG,Kite Realty Group Trust Common Stock,$22.65,-0.02,-0.088%,4978748595.00,United States,2004,1876308,Real Estate,Real Estate Investment Trusts
KRKR,36Kr Holdings Inc. American Depositary Shares,$5.78,0.07,1.226%,227821261.00,China,2019,3361,Consumer Discretionary,Business Services
KRMD,KORU Medical Systems Inc. Common Stock (DE),$3.58,-0.05,-1.377%,165184766.00,United States,,358582,Health Care,Medical/Dental Instruments
KRMN,Karman Holdings Inc. Common Stock,$50.37,-0.10,-0.198%,6657634249.00,,2025,1170148,Industrials,Military/Government/Technical
KRNT,Kornit Digital Ltd. Ordinary Shares,$19.91,0.05,0.252%,902470585.00,Israel,2015,176500,Industrials,Industrial Machinery/Components
KRNY,Kearny Financial Corp Common Stock,$6.46,-0.01,-0.155%,417184752.00,United States,2005,333367,Finance,Savings Institutions
KRO,Kronos Worldwide Inc Common Stock,$6.20,-0.07,-1.116%,713225159.00,United States,,176989,Industrials,Major Chemicals
KROS,Keros Therapeutics Inc. Common Stock,$13.35,-0.14,-1.038%,542215777.00,United States,2020,392887,Health Care,Biotechnology: Pharmaceutical Preparations
KRP,Kimbell Royalty Partners Common Units Representing Limited Partner Interests,$13.96,0.06,0.432%,1506116871.00,United States,2017,564881,Energy,Oil & Gas Production
KRRO,Korro Bio Inc. Common Stock,$12.49,0.46,3.824%,117287245.00,United States,2019,140839,Health Care,Biotechnology: Pharmaceutical Preparations
KRT,Karat Packaging Inc. Common Stock,$28.16,0.54,1.955%,564875661.00,United States,2021,123707,Industrials,Plastic Products
KRUS,Kura Sushi USA Inc. Class A Common Stock,$86.08,4.36,5.335%,1040317172.00,United States,2019,290223,Consumer Discretionary,Restaurants
KRYS,Krystal Biotech Inc. Common Stock,$137.46,-1.42,-1.022%,3972412553.00,United States,2017,418984,Health Care,Biotechnology: Biological Products (No Diagnostic Substances)
KSCP,Knightscope Inc. Class A Common Stock,$4.94,-0.06,-1.20%,34092052.00,United States,2022,149619,Telecommunications,Telecommunications Equipment
KSPI,Joint Stock Company Kaspi.kz American Depository Shares,$84.89,-1.28,-1.485%,16072517844.00,Kazakhstan,2024,260651,,
KSS,Kohl's Corporation Common Stock,$8.48,0.04,0.474%,950113438.00,United States,1992,5809888,Consumer Discretionary,Department/Specialty Retail Stores
KT,KT Corporation Common Stock,$20.78,0.48,2.365%,10216817236.00,South Korea,,2391801,Telecommunications,Telecommunications Equipment
KTB,Kontoor Brands Inc. Common Stock ,$65.97,0.18,0.274%,3665383645.00,United States,2019,452700,Consumer Discretionary,Apparel
KTCC,Key Tronic Corporation Common Stock,$2.86,0.13,4.762%,30778951.00,United States,1983,17446,Technology,Electrical Products
KTF,DWS Municipal Income Trust,$8.84,0.04,0.455%,349188292.00,United States,1988,99607,Finance,Finance Companies
KTH,Structures Products Cp 8% CorTS Issued by Peco Energy Cap Tr II Preferred Stock,$28.38,0.00,0.00%,0.00,United States,,56,Finance,Finance: Consumer Services
KTN,Structured Products Corp 8.205% CorTS 8.205% Corporate Backed Trust Securities (CorTS),$26.18,-0.77,-2.857%,0.00,United States,,3505,Finance,Finance: Consumer Services
KTOS,Kratos Defense & Security Solutions Inc. Common Stock,$46.45,0.61,1.331%,7127443236.00,United States,,7707803,Industrials,Military/Government/Technical
KTTA,Pasithea Therapeutics Corp. Common Stock,$0.7213,-0.0377,-4.967%,5369052.00,United States,2021,179948,Health Care,Biotechnology: Pharmaceutical Preparations
KUKE,Kuke Music Holding Limited American Depositary Shares (each representing ten (10) Class A Ordinary Shares),$3.07,0.11,3.716%,62395586.00,,,11845,Real Estate,Other Consumer Services
KULR,KULR Technology Group Inc. Common Stock,$7.13,0.88,14.08%,275209088.00,United States,,6030902,Technology,Electrical Products
KURA,Kura Oncology Inc. Common Stock,$5.77,0.10,1.764%,499535944.00,United States,,1495988,Health Care,Biotechnology: Pharmaceutical Preparations
KVAC,Keen Vision Acquisition Corporation Ordinary Shares,$11.37,0.00,0.00%,0.00,United States,2023,778,,
KVACW,Keen Vision Acquisition Corporation Warrant,$0.054,0.0042,8.434%,0.00,United States,2023,828,,
KVHI,KVH Industries Inc. Common Stock,$5.33,0.07,1.331%,104465127.00,United States,1996,19470,Technology,Radio And Television Broadcasting And Communications Equipment
KVUE,Kenvue Inc. Common Stock,$20.93,0.05,0.239%,40183715002.00,United States,2023,21679227,Consumer Discretionary,Specialty Chemicals
KVYO,Klaviyo Inc. Series A Common Stock,$33.58,0.53,1.604%,9972808483.00,United States,2023,1774599,Technology,Computer Software: Prepackaged Software
KW,Kennedy-Wilson Holdings Inc. Common Stock,$6.80,-0.16,-2.299%,940394358.00,United States,,1371429,Finance,Real Estate
KWM,K Wave Media Ltd. Ordinary Shares,$3.38,-0.33,-8.895%,213487560.00,Cayman Islands,,326152,Consumer Discretionary,Movies/Entertainment
KWMWW,K Wave Media Ltd. Warrant,$0.1366,-0.0133,-8.873%,8627929.00,Cayman Islands,,6846,Consumer Discretionary,Movies/Entertainment
KWR,Quaker Houghton Common Stock,$111.94,-3.21,-2.788%,1979172521.00,United States,,136300,Industrials,Major Chemicals
KXIN,Kaixin Holdings Ordinary Shares,$1.05,0.1499,16.654%,11500991.00,China,2017,307597,Consumer Discretionary,Retail-Auto Dealers and Gas Stations
KYMR,Kymera Therapeutics Inc. Common Stock,$43.64,-0.48,-1.088%,2841817948.00,United States,2020,1138780,Health Care,Biotechnology: Biological Products (No Diagnostic Substances)
KYN,Kayne Anderson Energy Infrastructure Fund Inc.,$12.72,0.13,1.033%,1731593062.00,United States,2004,534714,Finance,Finance/Investors Services
KYTX,Kyverna Therapeutics Inc. Common Stock,$3.07,-0.21,-6.402%,132681940.00,United States,2024,450233,Health Care,Biotechnology: Biological Products (No Diagnostic Substances)
KZIA,Kazia Therapeutics Limited American Depositary Shares,$6.27,-0.065,-1.026%,8524849.00,Australia,,29400,Health Care,Biotechnology: Pharmaceutical Preparations
KZR,Kezar Life Sciences Inc. Common Stock,$4.58,0.14,3.153%,33460564.00,United States,2018,52977,Health Care,Biotechnology: Pharmaceutical Preparations
L,Loews Corporation Common Stock,$91.66,1.26,1.394%,19220783756.00,United States,,1027261,Finance,Property-Casualty Insurers
LAB,Standard BioTools Inc. Common Stock,$1.20,0.01,0.84%,455786722.00,United States,2011,1853485,Industrials,Biotechnology: Laboratory Analytical Instruments
LAC,Lithium Americas Corp. Common Shares,$2.68,-0.09,-3.249%,586079718.00,Canada,2023,3327496,Basic Materials,Metal Mining
LAD,Lithia Motors Inc. Common Stock,$337.82,2.18,0.65%,8793647833.00,United States,,245442,Consumer Discretionary,Retail-Auto Dealers and Gas Stations
LADR,Ladder Capital Corp Class A Common Stock,$10.75,-0.12,-1.104%,1377037010.00,United States,2014,1055968,Real Estate,Real Estate Investment Trusts
LAES,SEALSQ Corp Ordinary Shares,$4.03,-0.02,-0.494%,421170871.00,Switzerland,,7797667,Technology,Semiconductors
LAKE,Lakeland Industries Inc. Common Stock,$13.61,0.43,3.263%,129493692.00,United States,1986,337141,Health Care,Industrial Specialties
LAMR,Lamar Advertising Company Class A Common Stock,$121.36,0.51,0.422%,12426055254.00,United States,1996,507289,Real Estate,Real Estate Investment Trusts
LANC,Lancaster Colony Corporation Common Stock,$172.77,0.97,0.565%,4763096130.00,United States,,172225,Consumer Staples,Packaged Foods
LAND,Gladstone Land Corporation Common Stock,$10.17,-0.09,-0.877%,367997972.00,United States,2013,325065,Real Estate,Real Estate Investment Trusts
LANDM,Gladstone Land Corporation 5.00% Series D Cumulative Term Preferred Stock,$24.76,0.089,0.361%,895932132.00,United States,,8675,Real Estate,Real Estate Investment Trusts
LANDO,Gladstone Land Corporation 6.00% Series B Cumulative Redeemable Preferred Stock,$19.33,0.04,0.207%,699449439.00,United States,,12092,Real Estate,Real Estate Investment Trusts
LANDP,Gladstone Land Corporation 6.00% Series C Cumulative Redeemable Preferred Stock,$19.25,-0.0999,-0.516%,696554667.00,United States,,27839,Real Estate,Real Estate Investment Trusts
LANV,Lanvin Group Holdings Limited Ordinary Shares,$2.19,0.15,7.353%,306109011.00,Cayman Islands,1996,78361,Consumer Discretionary,Apparel
LAR,Lithium Argentina AG Common Shares,$2.08,-0.06,-2.804%,336752000.00,Canada,2023,695985,Basic Materials,Metal Mining
LARK,Landmark Bancorp Inc. Common Stock,$26.44,1.45,5.802%,152904609.00,United States,,19997,Finance,Major Banks
LASE,Laser Photonics Corporation Common Stock,$2.69,0.29,12.083%,38402844.00,United States,2022,536731,Miscellaneous,Industrial Machinery/Components
LASR,nLIGHT Inc. Common Stock,$19.68,0.05,0.255%,972968789.00,United States,2018,919741,Technology,Semiconductors
LAUR,Laureate Education Inc. Common Stock,$23.38,0.28,1.212%,3479181611.00,United States,2017,1294786,Real Estate,Other Consumer Services
LAW,CS Disco Inc. Common Stock,$4.37,-0.07,-1.577%,265726822.00,United States,2021,162054,Technology,Computer Software: Prepackaged Software
LAZ,Lazard Inc. Common Stock,$47.98,0.11,0.23%,5410517046.00,Bermuda,2005,876718,Finance,Investment Managers
LAZR,Luminar Technologies Inc.  Class A Common Stock,$2.87,-0.04,-1.375%,134542222.00,United States,2019,2417538,Consumer Discretionary,Auto Parts:O.E.M.
LB,LandBridge Company LLC Class A Shares Representing Limited Liability Company Interests,$67.58,0.00,0.00%,5162903516.00,,2024,513694,Energy,Oil & Gas Production
LBGJ,Li Bang International Corporation Inc. Ordinary Shares,$1.4701,-0.0299,-1.993%,27226252.00,China,2024,4484,,
LBRDA,Liberty Broadband Corporation Class A Common Stock,$97.82,2.27,2.376%,14020589021.00,United States,,211452,Telecommunications,Cable & Other Pay Television Services
LBRDK,Liberty Broadband Corporation Class C Common Stock,$98.38,2.22,2.309%,14100854098.00,United States,,1652455,Telecommunications,Cable & Other Pay Television Services
LBRDP,Liberty Broadband Corporation Series A Cumulative Redeemable Preferred Stock,$24.95,0.3375,1.371%,3576095850.00,United States,,5317,Telecommunications,Cable & Other Pay Television Services
LBRT,Liberty Energy Inc. Class A common stock,$11.48,-0.13,-1.12%,1859234377.00,United States,2018,2595540,Energy,Oilfield Services/Equipment
LBTYA,Liberty Global Ltd. Class A Common Shares,$10.01,0.11,1.111%,3459242677.00,United Kingdom,,2371626,Telecommunications,Cable & Other Pay Television Services
LBTYB,Liberty Global Ltd. Class B Common Shares,$9.57,-0.03,-0.313%,3307188054.00,United Kingdom,,744,Telecommunications,Cable & Other Pay Television Services
LBTYK,Liberty Global Ltd. Class C Common Shares,$10.31,0.17,1.677%,3562916284.00,United Kingdom,,707713,Telecommunications,Cable & Other Pay Television Services
LC,LendingClub Corporation Common Stock,$12.03,0.06,0.501%,1373823979.00,United States,2014,1149151,Finance,Finance: Consumer Services
LCCC,Lakeshore Acquisition III Corp. Ordinary Shares,$10.0222,-0.0078,-0.078%,0.00,United States,2025,1679,Finance,Blank Checks
LCCCR,Lakeshore Acquisition III Corp. Rights,$0.20,-0.02,-9.091%,0.00,United States,2025,668699,Finance,Blank Checks
LCCCU,Lakeshore Acquisition III Corp. Unit,$10.20,0.00,0.00%,0.00,United States,2025,6325,Finance,Blank Checks
LCFY,Locafy Limited Ordinary Share,$6.30,-2.00,-24.096%,8707766.00,Australia,2022,1716292,Technology,Computer Software: Programming Data Processing
LCFYW,Locafy Limited Warrant,$10.39,0.00,0.00%,14360902.00,Australia,2022,518,Technology,Computer Software: Programming Data Processing
LCID,Lucid Group Inc. Common Stock,$2.11,-0.01,-0.472%,6436052894.00,United States,,103487656,Consumer Discretionary,Auto Manufacturing
LCII,LCI Industries,$91.19,-0.76,-0.827%,2301422124.00,United States,1995,433153,Consumer Discretionary,Auto Parts:O.E.M.
LCNB,LCNB Corporation Common Stock,$14.53,-0.17,-1.156%,205852729.00,United States,,25238,Finance,Major Banks
LCTX,Lineage Cell Therapeutics Inc. Common Stock,$0.9074,-0.0278,-2.973%,207210498.00,United States,,7194696,Health Care,Biotechnology: Biological Products (No Diagnostic Substances)
LCUT,Lifetime Brands Inc. Common Stock,$5.10,0.75,17.241%,114311426.00,United States,1991,332008,Consumer Discretionary,Industrial Machinery/Components
LDI,loanDepot Inc. Class A Common Stock,$1.27,-0.04,-3.053%,418986378.00,United States,2021,1081392,Finance,Finance: Consumer Services
LDOS,Leidos Holdings Inc. Common Stock,$157.76,2.08,1.336%,20306689247.00,United States,,981301,Technology,EDP Services
LDP,Cohen & Steers Limited Duration Preferred and Income Fund Inc.,$20.98,0.09,0.431%,0.00,United States,2012,86179,Finance,Finance Companies
LDWY,Lendway Inc. Common Stock (DE),$5.03,0.17,3.498%,8901083.00,United States,,9500,Consumer Staples,Farming/Seeds/Milling
LE,Lands' End Inc. Common Stock,$10.71,0.13,1.229%,326362735.00,United States,,541833,Consumer Discretionary,Clothing/Shoe/Accessory Stores
LEA,Lear Corporation Common Stock,$94.98,0.66,0.70%,5077962470.00,United States,,995029,Consumer Discretionary,Auto Parts:O.E.M.
LECO,Lincoln Electric Holdings Inc. Common Shares,$207.32,-1.20,-0.575%,11573905199.00,United States,,343078,Industrials,Industrial Machinery/Components
LEDS,SemiLEDS Corporation Common Stock,$2.6196,0.0496,1.93%,21483253.00,Taiwan,2010,10610,Technology,Semiconductors
LEE,Lee Enterprises Incorporated Common Stock,$6.40,0.12,1.911%,39808410.00,United States,,12672,Consumer Discretionary,Newspapers/Magazines
LEG,Leggett & Platt Incorporated Common Stock,$8.92,-0.33,-3.568%,1205489065.00,United States,,2323078,Consumer Discretionary,Home Furnishings
LEGH,Legacy Housing Corporation Common Stock (TX),$22.66,0.18,0.801%,546511523.00,United States,2018,80220,Consumer Discretionary,Homebuilding
LEGN,Legend Biotech Corporation American Depositary Shares,$35.49,0.86,2.483%,6517708617.00,United States,2020,1444613,Health Care,Biotechnology: Pharmaceutical Preparations
LEGT,Legato Merger Corp. III Ordinary Shares,$10.68,0.00,0.00%,0.00,,2024,8742,,
LEN,Lennar Corporation Class A Common Stock,$110.61,0.40,0.363%,29178274139.00,United States,,2487864,Consumer Discretionary,Homebuilding
LENZ,LENZ Therapeutics Inc. Common Stock,$29.31,-0.87,-2.883%,824963774.00,United States,2021,127393,Health Care,Biotechnology: Biological Products (No Diagnostic Substances)
LEO,BNY Mellon Strategic Municipals Inc. Common Stock,$5.92,0.10,1.718%,368761856.00,United States,1987,324781,Finance,Trusts Except Educational Religious and Charitable
LESL,Leslie's Inc. Common Stock,$0.4199,-0.0301,-6.689%,77858554.00,United States,2020,8079665,Consumer Discretionary,Other Specialty Stores
LEU,Centrus Energy Corp. Class A Common Stock,$183.18,14.53,8.615%,2989143330.00,United States,2014,1362739,Industrials,Mining & Quarrying of Nonmetallic Minerals (No Fuels)
LEVI,Levi Strauss & Co Class A Common Stock,$18.49,-0.04,-0.216%,7309615460.00,United States,2019,1818552,Consumer Discretionary,Apparel
LEXX,Lexaria Bioscience Corp. Common Stock,$0.87,0.021,2.473%,15276486.00,Canada,,55643,Health Care,Biotechnology: Pharmaceutical Preparations
LEXXW,Lexaria Bioscience Corp. Warrant,$0.10,-0.01,-9.091%,1755918.00,Canada,,38131,Health Care,Biotechnology: Pharmaceutical Preparations
LFCR,Lifecore Biomedical Inc. Common Stock,$8.12,-0.07,-0.855%,300645688.00,United States,,576417,Health Care,Biotechnology: Pharmaceutical Preparations
LFMD,LifeMD Inc. Common Stock,$13.62,-0.13,-0.945%,618996366.00,United States,,1747044,Health Care,Medical/Nursing Services
LFMDP,LifeMD Inc. 8.875% Series A Cumulative Perpetual Preferred Stock,$24.17,-0.0345,-0.143%,1098468589.00,United States,,4920,Health Care,Medical/Nursing Services
LFST,LifeStance Health Group Inc. Common Stock,$5.17,0.02,0.388%,2010488434.00,United States,2021,2463092,Health Care,Medical/Nursing Services
LFT,Lument Finance Trust Inc. Common Stock,$2.21,-0.09,-3.913%,115637083.00,United States,2013,372943,Real Estate,Real Estate Investment Trusts
LFT^A,Lument Finance Trust Inc. 7.875% Series A Cumulative Redeemable Preferred Stock,$21.6701,-0.1299,-0.596%,,United States,,1846,,
LFUS,Littelfuse Inc. Common Stock,$226.73,1.08,0.479%,5603658477.00,United States,,113639,Energy,Electrical Products
LFVN,Lifevantage Corporation Common Stock (Delaware),$13.08,0.39,3.073%,164653434.00,United States,,173279,Health Care,Biotechnology: Pharmaceutical Preparations
LFWD,Lifeward Ltd. Ordinary Shares,$0.6448,-0.0252,-3.761%,7097695.00,Israel,2014,2137552,Health Care,Industrial Specialties
LGCB,Linkage Global Inc. Class A Ordinary Shares,$2.34,0.1393,6.33%,8377200.00,Japan,2023,5419,Consumer Discretionary,Catalog/Specialty Distribution
LGCL,Lucas GC Limited Ordinary Shares,$1.07,-0.17,-13.71%,85029751.00,China,2024,792043,Technology,Computer Software: Programming Data Processing
LGCY,Legacy Education Inc. Common Stock,$11.18,-0.51,-4.363%,138414627.00,,2024,97550,Real Estate,Other Consumer Services
LGHL,Lion Group Holding Ltd. American Depositary Share,$3.48,0.50,16.779%,1874502.00,China,,2021155,Finance,Investment Bankers/Brokers/Service
LGI,Lazard Global Total Return and Income Fund Common Stock,$16.80,0.05,0.299%,0.00,United States,2004,53689,,
LGIH,LGI Homes Inc. Common Stock,$51.52,-0.04,-0.078%,1205799943.00,United States,2013,348668,Consumer Discretionary,Homebuilding
LGL,LGL Group Inc. (The) Common Stock,$7.62,0.39,5.394%,41065788.00,United States,1946,37171,Technology,Industrial Machinery/Components
LGND,Ligand Pharmaceuticals Incorporated Common Stock,$113.68,-0.47,-0.412%,2193361018.00,United States,,111377,Health Care,Biotechnology: Pharmaceutical Preparations
LGO,Largo Inc. Common Shares,$1.29,0.07,5.738%,82725120.00,Canada,,177618,Industrials,Mining & Quarrying of Nonmetallic Minerals (No Fuels)
LGPS,LogProstyle Inc. Common Shares,$0.819,0.009,1.111%,19780578.00,,2025,23475,Consumer Discretionary,Homebuilding
LGVN,Longeveron Inc. Class A Common Stock,$1.30,-0.02,-1.515%,19512098.00,United States,2021,100838,Health Care,Biotechnology: Pharmaceutical Preparations
LH,Labcorp Holdings Inc. Common Stock,$262.51,1.92,0.737%,21972087000.00,United States,,689087,Health Care,Medical Specialities
LHSW,Lianhe Sowell International Group Ltd Ordinary Shares,$1.70,0.00,0.00%,88400000.00,China,2025,118050,Technology,Computer Software: Prepackaged Software
LHX,L3Harris Technologies Inc. Common Stock,$250.84,3.86,1.563%,46893443334.00,United States,,1109591,Industrials,Industrial Machinery/Components
LI,Li Auto Inc. American Depositary Shares,$27.11,-0.36,-1.311%,28689461024.00,China,2020,4821008,Consumer Discretionary,Auto Manufacturing
LICN,Lichen International Limited Class A Ordinary Shares,$4.13,-0.12,-2.824%,3146337.00,China,2023,2381,Consumer Discretionary,Professional Services
LIDR,AEye Inc. Class A Common Stock,$1.03,0.1346,15.032%,19809660.00,United States,2021,19866235,Consumer Discretionary,Auto Parts:O.E.M.
LIDRW,AEye Inc. Warrant,$0.0854,-0.0006,-0.698%,1642471.00,United States,2021,163501,Consumer Discretionary,Auto Parts:O.E.M.
LIEN,Chicago Atlantic BDC Inc. Common Stock,$10.35,0.25,2.475%,236191223.00,United States,2022,76929,Finance,Finance: Consumer Services
LIF,Life360 Inc. Common Stock,$65.25,3.135,5.047%,4993499241.00,United States,2024,1508972,,
LII,Lennox International Inc. Common Stock,$573.24,5.75,1.013%,20341322803.00,United States,1999,369016,Industrials,Industrial Machinery/Components
LILA,Liberty Latin America Ltd. Class A Common Stock,$6.10,0.11,1.836%,1219390000.00,United States,,350151,Telecommunications,Cable & Other Pay Television Services
LILAK,Liberty Latin America Ltd. Class C Common Stock,$6.22,0.11,1.80%,1243378000.00,United States,,1349749,Telecommunications,Cable & Other Pay Television Services
LIMN,Liminatus Pharma Inc. Class A Common Stock,$11.15,1.67,17.616%,0.00,United States,,505415,,
LIMNW,Liminatus Pharma Inc. Warrants,$0.2399,0.0649,37.086%,0.00,United States,,96221,,
LIN,Linde plc Ordinary Shares,$469.18,5.39,1.162%,221121815102.00,United States,,1827303,Industrials,Major Chemicals
LINC,Lincoln Educational Services Corporation Common Stock,$23.05,-0.75,-3.151%,728214201.00,United States,2005,286510,Real Estate,Other Consumer Services
LIND,Lindblad Expeditions Holdings Inc. Common Stock,$11.67,0.08,0.69%,638441753.00,United States,2013,275406,Consumer Discretionary,Transportation Services
LINE,Lineage Inc. Common Stock,$43.52,-0.0425,-0.098%,9948244242.00,United States,2024,2162204,Real Estate,Real Estate Investment Trusts
LINK,Interlink Electronics Inc. Common Stock,$7.55,0.47,6.638%,74474816.00,United States,,62679,Technology,Computer peripheral equipment
LION,Lionsgate Studios Corp Common Shares,$5.81,-0.06,-1.022%,1660023770.00,,2025,1780291,Consumer Discretionary,Movies/Entertainment
LIQT,LiqTech International Inc. Common Stock,$1.60,-0.11,-6.433%,15382469.00,Denmark,,271210,Technology,Industrial Machinery/Components
LITB,LightInTheBox Holding Co. Ltd. American Depositary Shares each representing twelve ordinary shares,$1.147,-0.033,-2.797%,126553536.00,China,,18277,Consumer Discretionary,Catalog/Specialty Distribution
LITE,Lumentum Holdings Inc. Common Stock,$95.06,0.31,0.327%,6597164000.00,United States,,2923761,Telecommunications,Telecommunications Equipment
LITM,Snow Lake Resources Ltd. Common Shares,$3.62,0.18,5.233%,28320563.00,Canada,2021,192207,Basic Materials,Other Metals and Minerals
LIVE,Live Ventures Incorporated Common Stock,$17.38,-0.89,-4.871%,53474819.00,United States,,113999,Consumer Discretionary,Other Specialty Stores
LIVN,LivaNova PLC Ordinary Shares,$45.02,-0.73,-1.596%,2454746609.00,United Kingdom,,706339,Health Care,Biotechnology: Electromedical & Electrotherapeutic Apparatus
LIXT,Lixte Biotechnology Holdings Inc. Common Stock,$0.905,0.1904,26.644%,2429087.00,United States,,235759,Health Care,Biotechnology: Pharmaceutical Preparations
LIXTW,Lixte Biotechnology Holdings Inc. Warrants,$0.0286,-0.0005,-1.718%,76765.00,United States,,5300,Health Care,Biotechnology: Pharmaceutical Preparations
LKFN,Lakeland Financial Corporation Common Stock,$61.45,0.06,0.098%,1570471751.00,United States,,199504,Finance,Major Banks
LKQ,LKQ Corporation Common Stock,$37.01,-0.11,-0.296%,9554045452.00,United States,2003,1624616,Consumer Discretionary,Motor Vehicles
LLY,Eli Lilly and Company Common Stock,$779.53,4.08,0.526%,738788372024.00,United States,,3040073,Health Care,Biotechnology: Pharmaceutical Preparations
LLYVA,Liberty Media Corporation Series A Liberty Live Common Stock,$79.48,0.71,0.901%,7299863172.00,United States,,45830,Industrials,Broadcasting
LLYVK,Liberty Media Corporation Series C Liberty Live Common Stock,$81.16,0.71,0.883%,7454163249.00,United States,,247823,Industrials,Broadcasting
LMAT,LeMaitre Vascular Inc. Common Stock,$83.05,0.48,0.581%,1876461764.00,United States,2006,126127,Health Care,Medical/Dental Instruments
LMB,Limbach Holdings Inc. Common Stock,$140.10,0.71,0.509%,1628611924.00,United States,,310898,Consumer Discretionary,Engineering & Construction
LMFA,LM Funding America Inc. Common Stock,$2.86,0.55,23.81%,14681558.00,United States,2015,387708,Finance,Finance: Consumer Services
LMND,Lemonade Inc. Common Stock,$43.81,1.75,4.161%,3209790908.00,United States,2020,2340557,Finance,Property-Casualty Insurers
LMNR,Limoneira Co Common Stock,$15.65,-0.21,-1.324%,282780304.00,United States,,66261,Consumer Staples,Farming/Seeds/Milling
LMT,Lockheed Martin Corporation Common Stock,$463.14,4.55,0.992%,108511827672.00,United States,,1202884,Industrials,Military/Government/Technical
LNC,Lincoln National Corporation Common Stock,$34.60,0.03,0.087%,5907392836.00,United States,,2136636,Finance,Life Insurance
LNC^D,Lincoln National Corporation Depositary Shares Each Representing a 1/1000th Interest in a Share of 9.000% Non-Cumulative Preferred Stock Series D,$26.61,0.05,0.188%,,United States,,144664,,
LND,Brasilagro Brazilian Agric Real Estate Co Sponsored ADR (Brazil),$3.83,0.03,0.789%,393277591.00,Brazil,,70094,Consumer Staples,Farming/Seeds/Milling
LNG,Cheniere Energy Inc. Common Stock,$243.52,3.52,1.467%,54009198628.00,United States,2001,1664117,Utilities,Oil/Gas Transmission
LNKB,LINKBANCORP Inc. Common Stock,$7.31,-0.15,-2.011%,273285330.00,United States,,39400,Finance,Major Banks
LNKS,Linkers Industries Limited Class A Ordinary Shares,$0.483,-0.0664,-12.086%,6496350.00,Malaysia,2024,451811,Technology,Electrical Products
LNN,Lindsay Corporation Common Stock,$144.25,1.55,1.086%,1566872783.00,United States,,217063,Industrials,Industrial Machinery/Components
LNSR,LENSAR Inc. Common Stock,$13.17,0.41,3.213%,155302695.00,United States,,149278,Health Care,Medical/Dental Instruments
LNT,Alliant Energy Corporation Common Stock,$60.47,0.12,0.199%,15533309801.00,United States,,2615739,Utilities,Power Generation
LNTH,Lantheus Holdings Inc. Common Stock,$81.86,0.37,0.454%,5663552535.00,United States,2015,960447,Health Care,Biotechnology: In Vitro & In Vivo Diagnostic Substances
LNW,Light & Wonder Inc. Common Stock,$96.26,0.44,0.459%,8122287020.00,United States,,541275,Technology,EDP Services
LNZA,LanzaTech Global Inc. Common Stock,$0.2712,0.0212,8.48%,62908905.00,United States,2021,1822933,Industrials,Major Chemicals
LNZAW,LanzaTech Global Inc. Warrant,$0.0265,0.0025,10.417%,6147072.00,United States,2021,23983,Industrials,Major Chemicals
LOAN,Manhattan Bridge Capital Inc,$5.47,0.21,3.992%,62569421.00,United States,,24409,Real Estate,Real Estate Investment Trusts
LOAR,Loar Holdings Inc. Common Stock,$86.17,-1.81,-2.057%,8061726638.00,United States,2024,1398127,Industrials,Military/Government/Technical
LOB,Live Oak Bancshares Inc. Common Stock,$29.80,-0.24,-0.799%,1359117923.00,United States,2022,206074,Finance,Major Banks
LOBO,LOBO EV TECHNOLOGIES LTD. Ordinary shares,$0.4931,-0.0367,-6.927%,4255453.00,China,2024,158399,Consumer Discretionary,Motor Vehicles
LOCL,Local Bounti Corporation Common Stock,$2.34,0.08,3.54%,25540407.00,,2021,6260,Consumer Staples,Farming/Seeds/Milling
LOCO,El Pollo Loco Holdings Inc. Common Stock,$11.01,0.11,1.009%,330874568.00,United States,2014,273297,Consumer Discretionary,Restaurants
LODE,Comstock Inc. Common Stock,$3.79,-0.07,-1.813%,108441663.00,United States,,294804,Industrials,Major Chemicals
LOGI,Logitech International S.A. Ordinary Shares,$90.13,-0.03,-0.033%,13332095305.00,United States,1997,396147,Technology,Computer peripheral equipment
LOKV,Live Oak Acquisition Corp. V Class A Ordinary Shares,$10.70,-0.02,-0.187%,0.00,United States,2025,2394,,
LOKVW,Live Oak Acquisition Corp. V Warrants,$0.70,0.00,0.00%,0.00,United States,2025,2506,,
LOMA,Loma Negra Compania Industrial Argentina Sociedad Anonima ADS,$10.97,-0.37,-3.263%,1280162031.00,Argentina,2017,202270,Industrials,Building Materials
LOOP,Loop Industries Inc. Common Stock,$1.42,0.08,5.97%,67760057.00,Canada,,123536,Industrials,Major Chemicals
LOPE,Grand Canyon Education Inc. Common Stock,$189.00,-0.45,-0.238%,5362782201.00,United States,2008,248764,Real Estate,Other Consumer Services
LOT,Lotus Technology Inc. American Depositary Shares,$2.20,0.01,0.457%,1492137544.00,China,,132319,,
LOTWW,Lotus Technology Inc. Warrants,$0.105,0.00,0.00%,71215655.00,China,,4366,Consumer Discretionary,Auto Manufacturing
LOVE,The Lovesac Company Common Stock,$18.20,-0.59,-3.14%,264793948.00,United States,2018,381560,Consumer Discretionary,Other Specialty Stores
LOW,Lowe's Companies Inc. Common Stock,$221.87,-1.76,-0.787%,124344303402.00,United States,,2735301,Consumer Discretionary,RETAIL: Building Materials
LPA,Logistic Properties of the Americas Ordinary Shares,$6.83,0.00,0.00%,216296545.00,,2024,21059,Finance,Real Estate
LPAA,Launch One Acquisition Corp. Class A Ordinary shares,$10.415,0.0147,0.141%,0.00,United States,2024,13954,,
LPAAW,Launch One Acquisition Corp. Warrant,$0.27,-0.01,-3.571%,0.00,United States,2024,214239,Finance,Blank Checks
LPBB,Launch Two Acquisition Corp. Class A Ordinary Shares,$10.42,-0.01,-0.096%,0.00,United States,2024,5095,,
LPBBW,Launch Two Acquisition Corp. Warrant,$0.4621,0.00,0.00%,0.00,United States,2024,27,,
LPCN,Lipocine Inc. Common Stock,$3.16,-0.13,-3.951%,16907125.00,United States,,34122,Health Care,Biotechnology: Pharmaceutical Preparations
LPG,Dorian LPG Ltd. Common Stock,$24.38,-0.60,-2.402%,1039751414.00,United States,2014,454989,Consumer Discretionary,Marine Transportation
LPL,LG Display Co Ltd AMERICAN DEPOSITORY SHARES,$3.42,-0.06,-1.724%,3420000000.00,South Korea,2004,175698,Technology,Industrial Machinery/Components
LPLA,LPL Financial Holdings Inc. Common Stock,$374.97,10.01,2.743%,29988495353.00,United States,2010,1125902,Finance,Investment Bankers/Brokers/Service
LPRO,Open Lending Corporation Common Stock,$1.94,-0.10,-4.902%,232385657.00,United States,,775358,Finance,Finance: Consumer Services
LPSN,LivePerson Inc. Common Stock,$1.01,0.0799,8.59%,94788315.00,United States,2000,1916742,Technology,Computer Software: Prepackaged Software
LPTH,LightPath Technologies Inc. Class A Common Stock,$3.08,0.05,1.65%,132128723.00,United States,1996,134593,Technology,Semiconductors
LPTX,Leap Therapeutics Inc. Common Stock,$0.2969,0.0353,13.494%,12303396.00,United States,,1121332,Health Care,Biotechnology: Pharmaceutical Preparations
LPX,Louisiana-Pacific Corporation Common Stock,$85.99,-1.72,-1.961%,5983969719.00,United States,,824137,Basic Materials,Forest Products
LQDA,Liquidia Corporation Common Stock,$12.46,-0.64,-4.885%,1065137182.00,United States,2018,2301238,Health Care,Biotechnology: Pharmaceutical Preparations
LQDT,Liquidity Services Inc. Common Stock,$23.59,-0.06,-0.254%,736496832.00,United States,2006,505846,Consumer Discretionary,Business Services
LRCX,Lam Research Corporation Common Stock,$97.34,0.14,0.144%,124509346120.00,United States,1984,8216765,Technology,Industrial Machinery/Components
LRE,Lead Real Estate Co. Ltd American Depositary Shares,$1.805,0.0194,1.086%,24623630.00,Japan,2023,5674,Consumer Discretionary,Homebuilding
LRFC,Logan Ridge Finance Corporation Common Stock,$18.99,0.20,1.064%,50436927.00,United States,2013,3257,Finance,Finance: Consumer Services
LRHC,La Rosa Holdings Corp. Common Stock,$0.1305,-0.0076,-5.503%,7606227.00,United States,2023,1518451,Finance,Real Estate
LRMR,Larimar Therapeutics Inc. Common Stock,$2.89,-0.14,-4.62%,185040608.00,United States,2014,653129,Health Care,Biotechnology: Pharmaceutical Preparations
LRN,Stride Inc. Common Stock,$145.19,-0.43,-0.295%,6319141103.00,United States,,467801,Real Estate,Other Consumer Services
LSAK,Lesaka Technologies Inc. Common Stock,$4.49,0.05,1.126%,364809806.00,South Africa,,100567,Finance,Investment Bankers/Brokers/Service
LSB,LakeShore Biopharma Co. Ltd Ordinary Shares,$1.02,0.1011,11.002%,19462367.00,China,,62076,Health Care,Biotechnology: Pharmaceutical Preparations
LSBK,Lake Shore Bancorp Inc. Common Stock,$15.80,0.00,0.00%,90994918.00,United States,2006,7174,Finance,Savings Institutions
LSBPW,LakeShore Biopharma Co. Ltd Warrants,$0.0399,0.0028,7.547%,761322.00,China,,1125,Health Care,Biotechnology: Pharmaceutical Preparations
LSCC,Lattice Semiconductor Corporation Common Stock,$48.99,-1.20,-2.391%,6736493944.00,United States,,2303229,Technology,Semiconductors
LSE,Leishen Energy Holding Co. Ltd. Ordinary Shares,$5.65,0.34,6.403%,96191250.00,China,2024,62995,Industrials,Metal Fabrications
LSF,Laird Superfood Inc. Common Stock,$6.30,-0.18,-2.778%,66094781.00,,2020,55959,Consumer Staples,Packaged Foods
LSH,Lakeside Holding Limited Common Stock,$0.85,-0.04,-4.494%,6375000.00,United States,2024,5171,,
LSPD,Lightspeed Commerce Inc. Subordinate Voting Shares,$11.71,0.22,1.915%,1608799721.00,Canada,,557352,Technology,Computer Software: Prepackaged Software
LSTA,Lisata Therapeutics Inc. Common Stock,$2.8991,0.0991,3.539%,24927053.00,United States,,17253,Health Care,Misc Health and Biotechnology Services
LSTR,Landstar System Inc. Common Stock,$139.02,-0.42,-0.301%,4858217527.00,United States,1993,269284,Industrials,Trucking Freight/Courier Services
LTBR,Lightbridge Corporation Common Stock,$13.37,0.07,0.526%,301335199.00,United States,,978164,Consumer Discretionary,Professional Services
LTC,LTC Properties Inc. Common Stock,$34.61,0.10,0.29%,1589656924.00,United States,,351958,Real Estate,Real Estate Investment Trusts
LTH,Life Time Group Holdings Inc. Common Stock,$30.33,0.28,0.932%,6654922614.00,United States,2021,2311019,Consumer Discretionary,Hotels/Resorts
LTM,LATAM Airlines Group S.A. American Depositary Shares (each representing two thousand (2000) shares of Common Stock),$40.64,0.55,1.372%,12282177681.00,Chile,2024,959642,Consumer Discretionary,Air Freight/Delivery Services
LTRN,Lantern Pharma Inc. Common Stock,$3.16,-0.03,-0.94%,34079731.00,United States,2020,17507,Health Care,Biotechnology: Pharmaceutical Preparations
LTRX,Lantronix Inc. Common Stock,$2.87,-0.14,-4.651%,111615241.00,United States,2000,379108,Telecommunications,Computer Communications Equipment
LTRY,Lottery.com Inc. Common Stock,$1.22,0.10,8.929%,32574073.00,United States,2023,797610,Technology,Computer Software: Prepackaged Software
LTRYW,Lottery.com Inc. Warrants,$0.0224,0.0005,2.283%,598081.00,United States,2023,40326,Technology,Computer Software: Prepackaged Software
LU,Lufax Holding Ltd American Depositary Shares each representing two (2) Ordinary Shares,$2.79,0.05,1.825%,2417925600.00,China,,2070660,Finance,Finance: Consumer Services
LUCD,Lucid Diagnostics Inc. Common Stock,$1.15,-0.02,-1.709%,104602499.00,United States,2021,707778,Health Care,Medical/Dental Instruments
LUCK,Lucky Strike Entertainment Corporation Class A Common Stock,$9.13,-0.18,-1.933%,1280072326.00,United States,2021,299705,Consumer Discretionary,Services-Misc. Amusement & Recreation
LUCY,Innovative Eyewear Inc. Common Stock,$2.12,0.04,1.923%,6560878.00,United States,2022,258992,Health Care,Ophthalmic Goods
LUCYW,Innovative Eyewear Inc. Series A Warrants 8/16/27,$0.0797,0.0286,55.969%,246652.00,United States,2022,4418,Health Care,Ophthalmic Goods
LUD,Luda Technology Group Limited Ordinary Shares,$5.15,-0.38,-6.872%,116853500.00,,2025,25588,,
LULU,lululemon athletica inc. Common Stock,$237.58,2.56,1.089%,27257417979.00,Canada,2007,2958273,Consumer Discretionary,Apparel
LUMN,Lumen Technologies Inc. Common Stock,$4.38,-0.13,-2.882%,4493476024.00,United States,,10853144,Telecommunications,Telecommunications Equipment
LUNG,Pulmonx Corporation Common Stock,$2.59,-0.01,-0.385%,104266995.00,United States,2020,250540,Health Care,Medical/Dental Instruments
LUNR,Intuitive Machines Inc. Class A Common Stock,$10.87,-0.09,-0.821%,1941736960.00,United States,2021,5758350,Industrials,Industrial Machinery/Components
LUV,Southwest Airlines Company Common Stock,$32.44,0.28,0.871%,18486446520.00,United States,,9701040,Consumer Discretionary,Air Freight/Delivery Services
LUXE,LuxExperience B.V. American Depositary Shares each representing one Ordinary Share,$7.94,0.04,0.506%,677011738.00,,2021,76864,Consumer Discretionary,Catalog/Specialty Distribution
LVLU,Lulu's Fashion Lounge Holdings Inc. Common Stock,$0.30,0.0036,1.215%,12882713.00,United States,2021,167055,Consumer Discretionary,Catalog/Specialty Distribution
LVO,LiveOne Inc. Common Stock,$0.7549,0.0234,3.199%,72540156.00,United States,,358082,Consumer Discretionary,Restaurants
LVRO,Lavoro Limited Class A Ordinary Shares,$2.20,0.19,9.453%,256538324.00,Brazil,,2875,Consumer Discretionary,Other Specialty Stores
LVROW,Lavoro Limited Warrant,$0.0355,0.00,0.00%,4139596.00,Brazil,,402,Consumer Discretionary,Other Specialty Stores
LVS,Las Vegas Sands Corp. Common Stock,$43.51,-0.61,-1.383%,30745364962.00,United States,2004,5058627,Consumer Discretionary,Hotels/Resorts
LVTX,LAVA Therapeutics N.V. Ordinary Shares,$1.32,0.01,0.763%,34722989.00,Netherlands,2021,13057,Health Care,Biotechnology: Pharmaceutical Preparations
LVWR,LiveWire Group Inc. Common Stock,$4.60,0.25,5.747%,936404649.00,United States,2022,219440,Consumer Discretionary,Motor Vehicles
LW,Lamb Weston Holdings Inc. Common Stock ,$51.85,-1.55,-2.903%,7316844638.00,United States,2016,3146399,Consumer Staples,Packaged Foods
LWACU,LightWave Acquisition Corp. Units,$10.06,0.03,0.299%,0.00,United States,2025,306784,Finance,Blank Checks
LWAY,Lifeway Foods Inc. Common Stock,$24.65,-0.06,-0.243%,374759891.00,United States,,42505,Consumer Staples,Packaged Foods
LWLG,Lightwave Logic Inc. Common Stock,$1.24,0.03,2.479%,155051035.00,United States,,1669738,Industrials,Containers/Packaging
LX,LexinFintech Holdings Ltd. American Depositary Shares,$7.21,-0.08,-1.097%,1213179842.00,China,2017,2556657,Finance,Finance: Consumer Services
LXEH,Lixiang Education Holding Co. Ltd. American Depositary Shares,$1.40,0.00,0.00%,26833338.00,China,2020,1197592,Real Estate,Other Consumer Services
LXEO,Lexeo Therapeutics Inc. Common Stock,$4.02,-0.10,-2.427%,133451928.00,United States,2023,281769,Health Care,Biotechnology: Biological Products (No Diagnostic Substances)
LXFR,Luxfer Holdings PLC Ordinary Shares,$12.18,0.01,0.082%,326008723.00,United Kingdom,2012,132540,Industrials,Major Chemicals
LXP,LXP Industrial Trust Common Stock (Maryland REIT),$8.26,-0.18,-2.133%,2442947724.00,United States,,4517428,Real Estate,Real Estate Investment Trusts
LXP^C,LXP Industrial Trust 6.5% Series C Cumulative Convertible Preferred Stock,$46.31,-0.255,-0.548%,,United States,,1714,,
LXRX,Lexicon Pharmaceuticals Inc. Common Stock,$0.9457,0.1248,15.203%,343457435.00,United States,,8888850,Health Care,Biotechnology: Pharmaceutical Preparations
LXU,LSB Industries Inc. Common Stock,$7.80,-0.06,-0.763%,560648049.00,United States,2003,326693,Industrials,Major Chemicals
LYB,LyondellBasell Industries NV Ordinary Shares Class A (Netherlands),$57.86,-0.81,-1.381%,18596204810.00,Netherlands,,3971465,Industrials,Major Chemicals
LYEL,Lyell Immunopharma Inc. Common Stock,$8.84,-0.10,-1.119%,130903410.00,United States,2021,60521,Health Care,Biotechnology: Pharmaceutical Preparations
LYFT,Lyft Inc. Class A Common Stock,$15.76,0.04,0.254%,6629221390.00,United States,2019,11701115,Consumer Discretionary,Business Services
LYG,Lloyds Banking Group Plc American Depositary Shares,$4.25,0.02,0.473%,64006133747.00,United Kingdom,,16883364,Finance,Commercial Banks
LYRA,Lyra Therapeutics Inc. Common Stock,$8.96,-0.15,-1.647%,11875091.00,United States,2020,209963,Health Care,Medical/Dental Instruments
LYTS,LSI Industries Inc. Common Stock,$17.01,-0.07,-0.41%,510375865.00,United States,1985,71408,Consumer Discretionary,Building Products
LYV,Live Nation Entertainment Inc. Common Stock,$151.28,1.29,0.86%,35413060468.00,United States,,2030600,Consumer Discretionary,Services-Misc. Amusement & Recreation
LZ,LegalZoom.com Inc. Common Stock,$8.91,0.07,0.792%,1614352942.00,United States,2021,2428293,Technology,EDP Services
LZB,La-Z-Boy Incorporated Common Stock,$37.17,-0.79,-2.081%,1519538964.00,United States,,581955,Consumer Discretionary,Home Furnishings
LZM,Lifezone Metals Limited Ordinary Shares,$4.12,-0.10,-2.37%,333079637.00,Isle of Man,,114106,Basic Materials,Metal Mining
LZMH,LZ Technology Holdings Limited Class B Ordinary Shares,$16.61,0.96,6.134%,2525882700.00,China,2025,318393,Technology,EDP Services
M,Macy's Inc Common Stock,$11.66,0.31,2.731%,3166150873.00,United States,,9051599,Consumer Discretionary,Department/Specialty Retail Stores
MA,Mastercard Incorporated Common Stock,$561.94,11.62,2.111%,510268281269.00,United States,2006,5054620,Consumer Discretionary,Business Services
MAA,Mid-America Apartment Communities Inc. Common Stock,$148.01,0.16,0.108%,17325712249.00,United States,1994,825894,Real Estate,Real Estate Investment Trusts
MAA^I,Mid-America Apartment Communities Inc. 8.50% Series I Cumulative Redeemable Preferred Stock,$54.2416,0.2516,0.466%,,United States,,2405,,
MAAS,Maase Inc. Class A Ordinary Shares,$3.35,-0.20,-5.634%,51089299.00,China,2019,174423,Finance,Investment Managers
MAC,Macerich Company (The) Common Stock,$16.18,0.02,0.124%,4087857503.00,United States,1994,1885493,Real Estate,Real Estate Investment Trusts
MACI,Melar Acquisition Corp. I Class A Ordinary Shares,$10.51,0.00,0.00%,0.00,United States,2024,125598,,
MACIW,Melar Acquisition Corp. I Warrant,$0.30,0.00,0.00%,0.00,United States,2024,25688,,
MAG,MAG Silver Corporation Ordinary Shares,$21.13,0.42,2.028%,2186184558.00,Canada,,1243699,Basic Materials,Precious Metals
MAGN,Magnera Corporation Common Stock,$12.08,-0.53,-4.203%,430048000.00,United States,2000,588335,Basic Materials,Paper
MAIA,MAIA Biotechnology Inc. Common Stock,$1.80,0.03,1.695%,54553163.00,,2022,94016,Health Care,Biotechnology: Pharmaceutical Preparations
MAIN,Main Street Capital Corporation Common Stock,$59.10,0.14,0.237%,5261635235.00,United States,2007,509540,Finance,Finance/Investors Services
MAMA,Mama's Creations Inc. Common Stock,$8.30,0.08,0.973%,312168520.00,United States,,220618,Consumer Staples,Specialty Foods
MAMO,Massimo Group Common Stock,$2.22,0.02,0.909%,92233674.00,United States,2024,3270,Consumer Discretionary,Industrial Specialties
MAN,ManpowerGroup Common Stock,$40.40,-0.07,-0.173%,1869810374.00,United States,,689125,Consumer Discretionary,Professional Services
MANH,Manhattan Associates Inc. Common Stock,$197.47,0.22,0.112%,11989388680.00,United States,1998,540178,Technology,Computer Software: Prepackaged Software
MANU,Manchester United Ltd. Class A Ordinary Shares,$17.81,-0.36,-1.981%,3015549448.00,United Kingdom,2012,240146,Consumer Discretionary,Services-Misc. Amusement & Recreation
MAPS,WM Technology Inc. Class A Common Stock ,$0.896,0.0272,3.131%,138318484.00,United States,2019,1389641,Technology,Computer Software: Prepackaged Software
MAPSW,WM Technology Inc. Warrants ,$0.0135,0.00,0.00%,2084040.00,United States,2019,245,Technology,Computer Software: Prepackaged Software
MAR,Marriott International Class A Common Stock,$273.21,-0.26,-0.095%,74831158672.00,United States,,1341788,Consumer Discretionary,Hotels/Resorts
MARA,MARA Holdings Inc. Common Stock,$15.68,0.65,4.325%,5518227089.00,United States,,46443811,Technology,EDP Services
MARPS,Marine Petroleum Trust Units of Beneficial Interest,$4.525,0.1149,2.605%,9050000.00,United States,,47586,Energy,Oil & Gas Production
MAS,Masco Corporation Common Stock,$64.36,0.19,0.296%,13576228536.00,United States,,1910817,Industrials,Industrial Specialties
MASI,Masimo Corporation Common Stock,$168.22,0.01,0.006%,9120739694.00,United States,2007,394499,Health Care,Biotechnology: Electromedical & Electrotherapeutic Apparatus
MASK,3 E Network Technology Group Ltd Class A Ordinary Shares,$2.18,-0.04,-1.802%,24416000.00,China,2025,189034,,
MASS,908 Devices Inc. Common Stock,$7.13,0.40,5.944%,255690028.00,United States,2020,1147023,Industrials,Industrial Machinery/Components
MAT,Mattel Inc. Common Stock,$19.72,-0.08,-0.404%,6367588000.00,United States,,2165879,Consumer Discretionary,Recreational Games/Products/Toys
MATH,Metalpha Technology Holding Limited Ordinary Shares,$3.20,0.24,8.108%,122794787.00,China,2017,79666,Finance,Finance/Investors Services
MATV,Mativ Holdings Inc. Common Stock,$6.82,-0.16,-2.292%,372596514.00,United States,,453363,Basic Materials,Paper
MATW,Matthews International Corporation Class A Common Stock,$23.91,-0.45,-1.847%,741416176.00,United States,1994,242297,Telecommunications,Metal Fabrications
MATX,Matson Inc. Common Stock,$111.35,-0.63,-0.563%,3635003379.00,United States,,457531,Consumer Discretionary,Marine Transportation
MAV,Pioneer Municipal High Income Advantage Fund Inc.,$8.30,0.00,0.00%,0.00,United States,,114133,Finance,Finance Companies
MAX,MediaAlpha Inc. Class A Common Stock,$10.95,0.14,1.295%,738792941.00,United States,2020,326572,Consumer Discretionary,Business Services
MAXN,Maxeon Solar Technologies Ltd. Ordinary Shares,$3.06,-0.01,-0.326%,51703991.00,Singapore,,97945,Technology,Semiconductors
MAYA,Maywood Acquisition Corp. Class A Ordinary Shares,$10.09,0.00,0.00%,0.00,United States,2025,32,,
MAYAR,Maywood Acquisition Corp. Right,$0.272,0.00,0.00%,0.00,United States,2025,11,Finance,Blank Checks
MAYS,J. W. Mays Inc. Common Stock,$37.52,-2.23,-5.61%,75632066.00,United States,,3169,Real Estate,Building operators
MAZE,Maze Therapeutics Inc. Common Stock,$12.27,0.14,1.154%,537391227.00,United States,2025,145024,Health Care,Biotechnology: Biological Products (No Diagnostic Substances)
MB,MasterBeef Group Ordinary Shares,$8.60,-0.07,-0.807%,146200000.00,Hong Kong,2025,6828,Consumer Discretionary,Restaurants
MBAV,M3-Brigade Acquisition V Corp. Class A Ordinary shares,$11.29,0.035,0.311%,0.00,United States,2024,88355,,
MBAVU,M3-Brigade Acquisition V Corp. Units,$12.11,0.00,0.00%,0.00,United States,2024,17,Finance,Blank Checks
MBAVW,M3-Brigade Acquisition V Corp. Warrant,$1.75,0.03,1.744%,0.00,United States,2024,85021,Finance,Blank Checks
MBBC,Marathon Bancorp Inc. Common Stock,$9.96,-0.0305,-0.305%,29301593.00,United States,,23674,Finance,Banks
MBC,MasterBrand Inc. Common Stock,$10.93,0.16,1.486%,1385241094.00,United States,2022,1111383,Consumer Discretionary,Home Furnishings
MBCN,Middlefield Banc Corp. Common Stock,$30.11,-0.17,-0.561%,243324721.00,United States,,7854,Finance,Major Banks
MBI,MBIA Inc. Common Stock,$4.34,0.02,0.463%,218611264.00,United States,1987,308079,Finance,Property-Casualty Insurers
MBIN,Merchants Bancorp Common Stock,$33.07,-0.33,-0.988%,1517308017.00,United States,2017,205282,Finance,Major Banks
MBINL,Merchants Bancorp Depositary Shares Each Representing a 1/40thInterest in a Share of 7.25% Fixed Rate Series E Non-CumulativePerpetual Preferred Stock without par value,$23.00,-0.27,-1.16%,1055279238.00,United States,,85843,Finance,Major Banks
MBINM,Merchants Bancorp Depositary Shares Each Representing a 1/40th Interest in a Share of 8.25% Fixed-Rate Reset Series D Non-Cumulative Perpetual Preferred Stock,$24.80,-0.25,-0.998%,1137866309.00,United States,,84735,Finance,Major Banks
MBINN,Merchants Bancorp Depositary Shares Preferred Series C,$19.40,-0.36,-1.822%,890105096.00,United States,,46336,Finance,Major Banks
MBIO,Mustang Bio Inc. Common Stock,$0.9551,-0.0649,-6.363%,4181272.00,United States,,170102,Health Care,Biotechnology: Pharmaceutical Preparations
MBLY,Mobileye Global Inc. Class A Common Stock,$17.98,-0.36,-1.963%,1806930001.00,Israel,2022,2814453,Technology,Computer Software: Prepackaged Software
MBNKO,Medallion Bank Fixed-Rate Reset Non-Cumulative Perpetual Preferred Stock Series G par value $1.00 per share,$23.62,-0.0799,-0.337%,23620000.00,United States,,24463,Finance,Commercial Banks
MBNKP,Medallion Bank Fixed-to-Floating Rate Non-Cumulative Perpetual Preferred Stock Series F,$24.99,0.00,0.00%,24990000.00,United States,2019,7087,Finance,Commercial Banks
MBOT,Microbot Medical Inc. Common Stock,$2.52,0.02,0.80%,91672086.00,Israel,,1106083,Health Care,Biotechnology: Biological Products (No Diagnostic Substances)
MBRX,Moleculin Biotech Inc. Common Stock,$0.3019,-0.0103,-3.299%,4265090.00,United States,2016,2444632,Health Care,Biotechnology: Pharmaceutical Preparations
MBUU,Malibu Boats Inc. Class A Common Stock,$31.34,-0.88,-2.731%,601440926.00,United States,2014,161499,Industrials,Marine Transportation
MBWM,Mercantile Bank Corporation Common Stock,$46.41,0.07,0.151%,753476003.00,United States,1998,57914,Finance,Major Banks
MBX,MBX Biosciences Inc. Common Stock,$11.41,0.66,6.14%,381372073.00,United States,2024,209885,Health Care,Biotechnology: Pharmaceutical Preparations
MC,Moelis & Company Class A Common Stock,$62.32,-0.64,-1.017%,4892609025.00,United States,2014,728138,Finance,Investment Managers
MCB,Metropolitan Bank Holding Corp. Common Stock,$70.00,-0.14,-0.20%,746207630.00,United States,2017,117300,Finance,Major Banks
MCBS,MetroCity Bankshares Inc. Common Stock,$28.58,0.18,0.634%,725975099.00,United States,2019,53669,Finance,Major Banks
MCD,McDonald's Corporation Common Stock,$292.17,0.62,0.213%,208911111848.00,United States,,5052832,Consumer Discretionary,Restaurants
MCFT,MasterCraft Boat Holdings Inc. Common Stock,$18.58,-0.28,-1.485%,308523315.00,United States,2015,58506,Industrials,Marine Transportation
MCHP,Microchip Technology Incorporated Common Stock,$70.37,-0.12,-0.17%,37957539015.00,United States,1993,5861581,Technology,Semiconductors
MCHPP,Microchip Technology Incorporated Depositary Shares Each Representing a 1/20th Interest in a Share of 7.50% Series A Mandatory Convertible Preferred Stock,$66.64,0.96,1.462%,35945579081.00,United States,,839341,Technology,Semiconductors
MCHX,Marchex Inc. Class B Common Stock,$2.19,0.04,1.86%,96144789.00,United States,2004,9852,Consumer Discretionary,Business Services
MCI,Barings Corporate Investors Common Stock,$21.66,0.41,1.929%,438868834.00,United States,,28526,Finance,Trusts Except Educational Religious and Charitable
MCK,McKesson Corporation Common Stock,$732.78,7.00,0.964%,91679744296.00,United States,,700592,Health Care,Other Pharmaceuticals
MCN,XAI Madison Equity Premium Income Fund Common Shares,$6.25,0.12,1.958%,0.00,United States,2004,464836,,
MCO,Moody's Corporation Common Stock,$501.59,13.56,2.779%,90236041000.00,United States,,1123601,Finance,Finance: Consumer Services
MCR,MFS Charter Income Trust Common Stock,$6.36,0.04,0.633%,279893297.00,United States,1989,45136,Finance,Trusts Except Educational Religious and Charitable
MCRB,Seres Therapeutics Inc. Common Stock,$11.11,2.01,22.088%,97017208.00,United States,2015,370856,Health Care,Biotechnology: Pharmaceutical Preparations
MCRI,Monarch Casino & Resort Inc. Common Stock,$86.44,-0.74,-0.849%,1596236135.00,United States,1993,99788,Consumer Discretionary,Hotels/Resorts
MCRP,Micropolis Holding Company Ordinary Shares,$2.99,0.08,2.749%,104316457.00,,2025,78419,,
MCS,Marcus Corporation (The) Common Stock,$16.86,-0.08,-0.472%,527677098.00,United States,,202702,Consumer Discretionary,Movies/Entertainment
MCTR,CTRL Group Limited Ordinary Shares,$2.82,-0.25,-8.143%,42300000.00,Hong Kong,2025,201440,,
MCVT,Mill City Ventures III Ltd. Common Stock,$1.83,0.00,0.00%,11094875.00,United States,,18637,Finance,Finance Companies
MCW,Mister Car Wash Inc. Common Stock,$6.01,-0.13,-2.117%,1952209897.00,United States,,2161594,Consumer Discretionary,Automotive Aftermarket
MCY,Mercury General Corporation Common Stock,$67.34,1.29,1.953%,3729870142.00,United States,,263027,Finance,Property-Casualty Insurers
MD,Pediatrix Medical Group Inc. Common Stock,$14.35,0.32,2.281%,1232747297.00,United States,,897366,Health Care,Hospital/Nursing Management
MDAI,Spectral AI Inc. Class A Common Stock,$2.48,0.36,16.981%,63853847.00,United States,2021,1878126,Health Care,Medical/Dental Instruments
MDAIW,Spectral AI Inc. Warrants,$0.70,0.116,19.863%,18023263.00,United States,2021,58404,Health Care,Medical/Dental Instruments
MDB,MongoDB Inc. Class A Common Stock,$209.99,0.07,0.033%,17159188587.00,United States,2017,1662672,Technology,Computer Software: Prepackaged Software
MDBH,MDB Capital Holdings LLC Class A common,$4.48,0.33,7.952%,44578831.00,United States,2023,2253,Finance,Finance: Consumer Services
MDCX,Medicus Pharma Ltd. Common Stock  ,$2.99,0.09,3.103%,40118507.00,Canada,,373701,,
MDCXW,Medicus Pharma Ltd. Warrant,$0.8835,-0.0639,-6.745%,11854415.00,Canada,,820,,
MDGL,Madrigal Pharmaceuticals Inc. Common Stock,$302.64,1.89,0.628%,6719601264.00,United States,2007,271306,Health Care,Biotechnology: Pharmaceutical Preparations
MDIA,Mediaco Holding Inc. Class A Common Stock ,$1.09,-0.0467,-4.108%,58512601.00,United States,,11825,Consumer Discretionary,Broadcasting
MDLZ,Mondelez International Inc. Class A Common Stock,$67.44,0.13,0.193%,87322348755.00,United States,,9028306,Consumer Staples,Packaged Foods
MDRR,Medalist Diversified REIT Inc. Common Stock,$10.4384,-0.3115,-2.898%,14116986.00,United States,2018,4874,Real Estate,Real Estate Investment Trusts
MDT,Medtronic plc. Ordinary Shares,$87.17,1.15,1.337%,111687844161.00,United States,,8205557,Health Care,Biotechnology: Electromedical & Electrotherapeutic Apparatus
MDU,MDU Resources Group Inc. Common Stock (Holding Company),$16.67,0.11,0.664%,3406200604.00,United States,,1836964,Industrials,Mining & Quarrying of Nonmetallic Minerals (No Fuels)
MDV,Modiv Industrial Inc. Class C Common Stock,$14.08,-0.31,-2.154%,142475759.00,,2022,102790,Real Estate,Real Estate Investment Trusts
MDV^A,Modiv Industrial Inc. 7.375% Series A Cumulative Redeemable Perpetual Preferred Stock,$24.43,-0.16,-0.651%,,,,4805,,
MDWD,MediWound Ltd. Ordinary Shares,$19.37,0.11,0.571%,217946707.00,Israel,2014,46749,Health Care, Medicinal Chemicals and Botanical Products 
MDXG,MiMedx Group Inc Common Stock,$6.11,0.17,2.862%,902460075.00,United States,,753961,Health Care,Biotechnology: Pharmaceutical Preparations
MDXH,MDxHealth SA Ordinary Shares,$2.21,-0.09,-3.913%,109389108.00,Belgium,2021,52413,Health Care,Medical Specialities
MEC,Mayville Engineering Company Inc. Common Stock,$15.96,-0.23,-1.421%,326558055.00,United States,2019,99618,Industrials,Industrial Specialties
MED,MEDIFAST INC Common Stock,$14.05,0.48,3.537%,154423845.00,United States,,177467,Consumer Staples,Packaged Foods
MEDP,Medpace Holdings Inc. Common Stock,$313.86,3.17,1.02%,9020841401.00,United States,2016,206775,Health Care,Biotechnology: Commercial Physical & Biological Resarch
MEG,Montrose Environmental Group Inc. Common Stock,$21.89,0.29,1.343%,748993515.00,United States,2020,468758,Consumer Discretionary,Professional Services
MEGI,NYLI CBRE Global Infrastructure Megatrends Term Fund Common Shares,$14.21,0.09,0.637%,0.00,United States,2021,115529,Finance,Investment Managers
MEGL,Magic Empire Global Limited Class A Ordinary Shares,$1.5598,-0.0202,-1.278%,7898905.00,Hong Kong,2022,17509,Finance,Finance: Consumer Services
MEI,Methode Electronics Inc. Common Stock,$9.51,0.04,0.422%,339419023.00,United States,,184501,Technology,Electrical Products
MEIP,MEI Pharma Inc. Common Stock,$2.47,-0.33,-11.786%,16457257.00,United States,2003,165392,Health Care,Biotechnology: Pharmaceutical Preparations
MELI,MercadoLibre Inc. Common Stock,$2613.63,53.58,2.093%,132504180221.00,Argentina,2007,293160,Consumer Discretionary,Business Services
MENS,Jyong Biotech Ltd. Ordinary Shares,$8.50,-1.00,-10.526%,646235170.00,Taiwan,2025,212084,Health Care,Biotechnology: Pharmaceutical Preparations
MEOH,Methanex Corporation Common Stock,$33.10,-1.04,-3.046%,2230781517.00,Canada,,926127,Industrials,Major Chemicals
MER^K,Bank of America Corporation Income Capital Obligation Notes initially due December 15 2066,$25.15,0.01,0.04%,,United States,,368767,,
MERC,Mercer International Inc. Common Stock,$3.50,-0.01,-0.285%,234047709.00,Canada,,312530,Basic Materials,Paper
MESA,Mesa Air Group Inc. Common Stock,$0.93,-0.0304,-3.165%,38441023.00,United States,2018,94188,Consumer Discretionary,Air Freight/Delivery Services
MESO,Mesoblast Limited American Depositary Shares,$10.89,-0.03,-0.275%,1243402896.00,Australia,2015,114123,Health Care,Biotechnology: Biological Products (No Diagnostic Substances)
MET,MetLife Inc. Common Stock,$80.42,0.05,0.062%,53985771167.00,United States,2000,2901562,Finance,Life Insurance
MET^A,MetLife Inc. Preferred Series A Floating Rate,$23.18,-0.36,-1.529%,,United States,,404675,,
MET^E,MetLife Inc. Depositary Shares ,$23.59,-0.05,-0.212%,,United States,,198745,,
MET^F,MetLife Inc. Depositary Shares each representing a 1/1000th interest in a share of 4.75% Non-Cumulative Preferred Stock Series F,$19.49,-0.11,-0.561%,,United States,,344878,,
META,Meta Platforms Inc. Class A Common Stock,$738.09,4.46,0.608%,1855799799214.00,United States,2012,15384091,Technology,Computer Software: Programming Data Processing
METC,Ramaco Resources Inc. Class A Common Stock,$13.14,0.94,7.705%,768225159.00,United States,2017,2283382,Energy,Coal Mining
METCB,Ramaco Resources Inc. Class B Common Stock,$8.18,0.89,12.209%,478240624.00,United States,,208344,Energy,Coal Mining
METCL,Ramaco Resources Inc. 9.00% Senior Notes due 2026,$25.84,0.0088,0.034%,1510725884.00,United States,,407,Energy,Coal Mining
METCZ,Ramaco Resources Inc. 8.375% Senior Notes due 2029,$24.8308,0.2308,0.938%,0.00,United States,,3305,Energy,Coal Mining
MFA,MFA Financial Inc.,$9.46,-0.18,-1.867%,971096075.00,United States,,1605173,Real Estate,Real Estate Investment Trusts
MFA^B,MFA Financial Inc. Preferred Series B,$20.22,-0.35,-1.702%,,United States,,44979,,
MFA^C,MFA Financial Inc. 6.50% Series C Fixed-to-Floating Rate Cumulative Redeemable Preferred Stock,$23.52,-0.28,-1.176%,,United States,,174388,,
MFAN,MFA Financial Inc. 8.875% Senior Notes due 2029,$24.85,-0.177,-0.707%,2550923621.00,United States,2024,68197,Real Estate,Real Estate Investment Trusts
MFAO,MFA Financial Inc. 9.000% Senior Notes due 2029,$25.17,0.04,0.159%,2583772537.00,United States,2024,12377,Real Estate,Real Estate Investment Trusts
MFC,Manulife Financial Corporation Common Stock,$31.96,-0.03,-0.094%,55072512944.00,Canada,,1869598,Finance,Life Insurance
MFG,Mizuho Financial Group Inc. Sponosred ADR (Japan),$5.56,0.00,0.00%,69857136314.00,Japan,,2703176,Finance,Major Banks
MFH,Mercurity Fintech Holding Inc. Ordinary Shares,$3.85,-0.06,-1.535%,245193268.00,China,2015,287011,Finance,Finance: Consumer Services
MFI,mF International Limited Class A Ordinary Shares,$6.06,0.94,18.359%,80305102.00,Hong Kong,2024,395029,Technology,EDP Services
MFIC,MidCap Financial Investment Corporation Common Stock,$12.62,0.12,0.96%,1177491710.00,United States,2004,326487,Finance,Finance/Investors Services
MFICL,MidCap Financial Investment Corporation 8.00% Notes due 2028,$25.30,0.0487,0.193%,2360581637.00,United States,,329,Finance,Finance/Investors Services
MFIN,Medallion Financial Corp. Common Stock,$9.53,-0.17,-1.753%,221443654.00,United States,,50903,Finance,Finance: Consumer Services
MFM,MFS Municipal Income Trust Common Stock,$5.17,0.01,0.194%,212940052.00,United States,1986,127678,Finance,Finance Companies
MG,Mistras Group Inc Common Stock,$8.01,0.13,1.65%,250951810.00,United States,2009,400729,Consumer Discretionary,Military/Government/Technical
MGA,Magna International Inc. Common Stock,$38.61,0.16,0.416%,11065579205.00,Canada,,1338878,Consumer Discretionary,Auto Parts:O.E.M.
MGEE,MGE Energy Inc,$88.44,0.29,0.329%,3231546482.00,United States,,241735,Energy,Electric Utilities: Central
MGF,MFS Government Markets Income Trust Common Stock,$3.12,0.00,0.00%,101703866.00,United States,1987,48915,Finance,Trusts Except Educational Religious and Charitable
MGIC,Magic Software Enterprises Ltd. Ordinary Shares,$19.12,0.91,4.997%,938778712.00,Israel,1991,107609,Technology,Computer Software: Prepackaged Software
MGIH,Millennium Group International Holdings Limited Ordinary Shares,$1.6227,-0.0273,-1.655%,18255375.00,Hong Kong,2023,15204,Consumer Discretionary,Publishing
MGLD,The Marygold Companies Inc. Common Stock,$0.7792,-0.0098,-1.242%,33378396.00,,2022,2761,Finance,Finance: Consumer Services
MGM,MGM Resorts International Common Stock,$34.39,0.02,0.058%,9359209269.00,United States,,3800920,Consumer Discretionary,Hotels/Resorts
MGNI,Magnite Inc. Common Stock,$24.12,3.02,14.313%,3403586683.00,United States,,6803268,Technology,Computer Software: Programming Data Processing
MGNX,MacroGenics Inc. Common Stock,$1.21,0.02,1.681%,76339291.00,United States,2013,706448,Health Care,Biotechnology: Pharmaceutical Preparations
MGPI,MGP Ingredients Inc.,$29.97,0.16,0.537%,637514527.00,United States,,247577,Consumer Staples,Beverages (Production/Distribution)
MGR,Affiliated Managers Group Inc. 5.875% Junior Subordinated Notes due 2059,$20.33,-0.11,-0.538%,577959313.00,United States,2019,85692,Finance,Investment Managers
MGRB,Affiliated Managers Group Inc. 4.750% Junior Subordinated Notes due 2060,$16.93,0.09,0.534%,481301091.00,United States,2020,19934,Finance,Investment Managers
MGRC,McGrath RentCorp Common Stock,$115.96,-2.18,-1.845%,2853929711.00,United States,1984,148772,Consumer Discretionary,Diversified Commercial Services
MGRD,Affiliated Managers Group Inc. 4.200% Junior Subordinated Notes due 2061,$15.10,0.00,0.00%,429276224.00,United States,2021,14779,Finance,Investment Managers
MGRE,Affiliated Managers Group Inc. 6.750% Junior Subordinated Notes due 2064,$23.26,-0.12,-0.513%,661255958.00,United States,2024,102452,Finance,Investment Managers
MGRM,Monogram Technologies Inc. Common Stock,$2.89,-0.01,-0.345%,103138118.00,United States,2023,36889,Health Care,Medical/Dental Instruments
MGRX,Mangoceuticals Inc. Common Stock,$1.52,-0.21,-12.139%,16771715.00,United States,2023,256604,Health Care,Misc Health and Biotechnology Services
MGTX,MeiraGTx Holdings plc Ordinary Shares,$6.52,-0.09,-1.362%,523982141.00,United States,2018,636665,Health Care,Biotechnology: Biological Products (No Diagnostic Substances)
MGX,Metagenomi Inc. Common Stock,$1.48,0.02,1.37%,55324613.00,United States,2024,247251,Health Care,Biotechnology: Biological Products (No Diagnostic Substances)
MGY,Magnolia Oil & Gas Corporation Class A Common Stock,$22.48,-0.46,-2.005%,4326779799.00,United States,2017,3413188,Energy,Oil & Gas Production
MGYR,Magyar Bancorp Inc. Common Stock,$16.67,-0.07,-0.418%,107870703.00,United States,2006,6153,Finance,Savings Institutions
MHD,Blackrock MuniHoldings Fund Inc. Common Stock,$11.20,0.05,0.448%,1666139675.00,United States,1997,46580,Finance,Investment Bankers/Brokers/Service
MHF,Western Asset Municipal High Income Fund Inc. Common Stock,$6.95,0.11,1.608%,0.00,United States,1988,104774,Finance,Finance/Investors Services
MHH,Mastech Digital Inc Common Stock,$7.17,0.04,0.561%,84352533.00,United States,,35696,Consumer Discretionary,Professional Services
MHI,Pioneer Municipal High Income Fund Inc.,$9.16,0.00,0.00%,0.00,United States,2003,162806,Finance,Investment Managers
MHK,Mohawk Industries Inc. Common Stock,$104.84,-0.06,-0.057%,6555088709.00,United States,,751226,Consumer Discretionary,Home Furnishings
MHLA,Maiden Holdings Ltd. 6.625% Notes due 2046,$14.89,0.00,0.00%,115960536.00,Bermuda,2016,2065,Finance,Property-Casualty Insurers
MHN,Blackrock MuniHoldings New York Quality Fund Inc. Common Stock,$9.82,0.10,1.029%,1460847465.00,United States,1997,44012,Finance,Investment Bankers/Brokers/Service
MHNC,Maiden Holdings North America Ltd. 7.75% Notes due 2043,$16.45,0.1429,0.876%,128109524.00,Bermuda,2013,982955,Finance,Property-Casualty Insurers
MHO,M/I Homes Inc. Common Stock,$112.12,-0.62,-0.55%,3002998086.00,United States,1993,201778,Consumer Discretionary,Homebuilding
MHUA,Meihua International Medical Technologies Co. Ltd. Ordinary Shares,$0.40,-0.0502,-11.151%,12761787.00,China,2022,65424,Health Care,Medical/Dental Instruments
MI,NFT Limited Class A Ordinary Share,$2.30,0.04,1.77%,11649845.00,,2023,6126,Consumer Discretionary,Other Specialty Stores
MIDD,Middleby Corporation (The) Common Stock,$144.00,-0.94,-0.649%,7701339024.00,United States,,1450718,Industrials,Industrial Machinery/Components
MIGI,Mawson Infrastructure Group Inc. Common Stock,$0.3801,-0.0092,-2.363%,7524806.00,Australia,,380451,Finance,Finance: Consumer Services
MIMI,Mint Incorporation Limited Class A Ordinary Shares,$6.62,-0.44,-6.232%,150605000.00,Hong Kong,2025,752768,,
MIN,MFS Intermediate Income Trust Common Stock,$2.71,0.015,0.557%,311372959.00,United States,1988,131014,Finance,Trusts Except Educational Religious and Charitable
MIND,MIND Technology Inc. Common Stock (DE),$8.44,-0.17,-1.974%,67261913.00,United States,1994,167811,Industrials,Industrial Machinery/Components
MINM,Minim Inc. Common Stock,$2.76,-0.18,-6.122%,10250066.00,United States,,98655,Utilities,Telecommunications Equipment
MIO,Pioneer Municipal High Income Opportunities Fund Inc. Common Stock,$11.80,0.00,0.00%,0.00,,2021,78093,Finance,Investment Managers
MIR,Mirion Technologies Inc. Class A Common Stock,$21.53,-0.18,-0.829%,4993388547.00,United States,2020,3971884,Industrials,Industrial Machinery/Components
MIRA,MIRA Pharmaceuticals Inc. Common Stock,$1.21,-0.035,-2.811%,20472744.00,United States,2023,515991,Health Care,Biotechnology: Pharmaceutical Preparations
MIRM,Mirum Pharmaceuticals Inc. Common Stock,$50.89,-0.20,-0.391%,2520821341.00,United States,2019,393695,Health Care,Biotechnology: Pharmaceutical Preparations
MIST,Milestone Pharmaceuticals Inc. Common Shares,$1.94,0.08,4.301%,103720690.00,Canada,2019,535644,Health Care,Biotechnology: Pharmaceutical Preparations
MITK,Mitek Systems Inc. Common Stock,$9.90,0.05,0.508%,451085630.00,United States,,449988,Technology,Computer peripheral equipment
MITN,AG Mortgage Investment Trust Inc. 9.500% Senior Notes due 2029,$25.40,0.19,0.754%,749121794.00,United States,2024,1291,Real Estate,Real Estate Investment Trusts
MITP,AG Mortgage Investment Trust Inc. 9.500% Senior Notes due 2029,$25.17,0.035,0.139%,742338407.00,United States,2024,3093,Real Estate,Real Estate Investment Trusts
MITQ,Moving iMage Technologies Inc. Common Stock,$0.639,0.0026,0.409%,6347621.00,United States,2021,112737,Consumer Discretionary,Industrial Machinery/Components
MITT,AG Mortgage Investment Trust Inc. Common Stock,$7.55,-0.40,-5.031%,224056382.00,United States,2011,325053,Real Estate,Real Estate Investment Trusts
MITT^A,AG Mortgage Investment Trust Inc. 8.25% Preferred Series A,$21.30,0.07,0.33%,,United States,,1558,,
MITT^B,AG Mortgage Investment Trust Inc. Preferred Series B,$20.8824,0.0824,0.396%,,United States,,3187,,
MITT^C,AG Mortgage Investment Trust Inc. 8.00% Series C Fixed-to-Floating Rate Cumulative Redeemable Preferred Stock $0.01 par value per share,$24.88,0.0378,0.152%,,United States,,5126,,
MIY,Blackrock MuniYield Michigan Quality Fund Inc. Common Stock,$11.04,0.10,0.914%,1642337680.00,United States,1992,63908,Finance,Investment Bankers/Brokers/Service
MKC,McCormick & Company Incorporated Common Stock,$75.82,-0.49,-0.642%,20347730225.00,United States,,3681536,Consumer Staples,Packaged Foods
MKDW,MKDWELL Tech Inc. Ordinary Share,$0.218,-0.002,-0.909%,31309017.00,Taiwan,,1189158,Technology,Consumer Electronics/Appliances
MKDWW,MKDWELL Tech Inc. Warrants,$0.0118,-0.0002,-1.667%,1694708.00,Taiwan,,6114,Technology,Consumer Electronics/Appliances
MKL,Markel Group Inc. Common Stock,$1997.36,11.86,0.597%,25335886426.00,United States,1986,49927,Finance,Property-Casualty Insurers
MKSI,MKS Inc. Common Stock,$99.36,-0.85,-0.848%,6664293593.00,United States,1999,741584,Industrials,Industrial Machinery/Components
MKTW,MarketWise Inc. Class A Common Stock,$19.79,0.84,4.433%,322282307.00,United States,,81830,Technology,Computer Software: Prepackaged Software
MKTX,MarketAxess Holdings Inc. Common Stock,$223.34,3.79,1.726%,8375620968.00,United States,2004,355086,Finance,Investment Bankers/Brokers/Service
MKZR,MacKenzie Realty Capital Inc. Common Stock,$0.67,0.0043,0.646%,10573893.00,United States,,43121,,
MLAB,Mesa Laboratories Inc. Common Stock,$94.22,-4.45,-4.51%,514011274.00,United States,,299234,Industrials,Industrial Machinery/Components
MLAC,Mountain Lake Acquisition Corp. Class A Ordinary Shares,$10.26,-0.005,-0.049%,0.00,United States,2025,557,Consumer Discretionary,Auto Manufacturing
MLACR,Mountain Lake Acquisition Corp. Right,$0.17,-0.01,-5.556%,0.00,United States,2025,300,,
MLCO,Melco Resorts & Entertainment Limited American Depositary Shares,$7.23,0.03,0.417%,3076462323.00,Hong Kong,2006,6351343,Consumer Discretionary,Hotels/Resorts
MLEC,Moolec Science SA Ordinary Shares,$6.30,-0.80,-11.268%,25279909.00,Luxembourg,,55927,Finance,Blank Checks
MLECW,Moolec Science SA Warrant,$0.0163,0.0013,8.667%,65407.00,Luxembourg,,5186,Finance,Blank Checks
MLGO,MicroAlgo Inc. Ordinary Shares,$0.5091,-0.0515,-9.187%,35166737.00,United States,2021,14542068,Technology,EDP Services
MLI,Mueller Industries Inc. Common Stock,$79.47,-0.13,-0.163%,8793335315.00,United States,,1087551,Industrials,Metal Fabrications
MLKN,MillerKnoll Inc. Common Stock,$19.42,-0.39,-1.969%,1315637982.00,United States,,658869,Consumer Discretionary,Office Equipment/Supplies/Services
MLM,Martin Marietta Materials Inc. Common Stock,$548.96,-1.09,-0.198%,33094279223.00,United States,1994,373968,Industrials,Mining & Quarrying of Nonmetallic Minerals (No Fuels)
MLNK,MeridianLink Inc. Common Stock,$16.23,-0.02,-0.123%,1252800387.00,United States,2021,271895,Technology,Computer Software: Prepackaged Software
MLP,Maui Land & Pineapple Company Inc. Common Stock,$18.19,-0.17,-0.926%,359100723.00,United States,1998,26322,Finance,Real Estate
MLR,Miller Industries Inc. Common Stock,$44.46,0.04,0.09%,509479500.00,United States,,76664,Consumer Discretionary,Construction/Ag Equipment/Trucks
MLSS,Milestone Scientific Inc. Common Stock,$0.6365,-0.0905,-12.448%,49950814.00,United States,2015,250345,Health Care,Industrial Specialties
MLTX,MoonLake Immunotherapeutics Class A Ordinary Shares,$47.20,-0.32,-0.673%,3030408646.00,United States,2020,422254,Health Care,Biotechnology: Pharmaceutical Preparations
MLYS,Mineralys Therapeutics Inc. Common Stock,$13.53,-0.18,-1.313%,881821633.00,United States,2023,985943,Health Care,Biotechnology: Pharmaceutical Preparations
MMA,Mixed Martial Arts Group Limited Ordinary Shares,$1.13,-0.02,-1.739%,11619435.00,,2024,383449,Consumer Discretionary,Other Consumer Services
MMC,Marsh & McLennan Companies Inc. Common Stock,$218.64,1.67,0.77%,107729997446.00,United States,,2389193,Finance,Specialty Insurers
MMD,NYLI MacKay DefinedTerm Muni Opportunities Fund Common Shares,$14.79,0.08,0.544%,0.00,United States,2012,44642,Finance,Investment Managers
MMI,Marcus & Millichap Inc. Common Stock,$30.71,-0.35,-1.127%,1196979831.00,United States,2013,150280,Finance,Real Estate
MMLP,Martin Midstream Partners L.P. Limited Partnership,$2.95,-0.03,-1.007%,115212504.00,United States,2002,4353,Energy,Oil Refining/Marketing
MMM,3M Company Common Stock,$152.24,0.22,0.145%,81932730551.00,United States,,2302462,Health Care,Medical/Dental Instruments
MMS,Maximus Inc. Common Stock,$70.20,0.21,0.30%,3955727810.00,United States,1997,315133,Consumer Discretionary,Business Services
MMSI,Merit Medical Systems Inc. Common Stock,$93.48,-0.02,-0.021%,5524624625.00,United States,,800392,Health Care,Medical/Dental Instruments
MMT,MFS Multimarket Income Trust Common Stock,$4.70,0.04,0.858%,279877034.00,United States,1987,142264,Finance,Trusts Except Educational Religious and Charitable
MMU,Western Asset Managed Municipals Fund Inc. Common Stock,$9.90,0.01,0.101%,0.00,United States,1992,157715,Finance,Investment Managers
MMYT,MakeMyTrip Limited Ordinary Shares,$98.02,-1.80,-1.803%,10905942702.00,India,2010,1692356,Consumer Discretionary,Transportation Services
MNDO,MIND C.T.I. Ltd. Ordinary Shares,$1.37,0.045,3.396%,27901867.00,Israel,,43402,Technology,EDP Services
MNDR,Mobile-health Network Solutions Class A Ordinary Shares,$1.07,-0.045,-4.036%,4613266.00,Singapore,2024,127746,Technology,Computer Software: Prepackaged Software
MNDY,monday.com Ltd. Ordinary Shares,$314.48,6.52,2.117%,15967199020.00,Israel,2021,502509,Technology,Computer Software: Prepackaged Software
MNKD,MannKind Corporation Common Stock,$3.74,-0.02,-0.532%,1136708866.00,United States,2004,3315561,Health Care,Biotechnology: Pharmaceutical Preparations
MNMD,Mind Medicine (MindMed) Inc. Common Shares,$6.49,-0.06,-0.916%,490340696.00,United States,,746615,Health Care, Medicinal Chemicals and Botanical Products 
MNOV,Medicinova Inc Common Stock,$1.31,-0.02,-1.504%,64250582.00,United States,,9480,Health Care,Biotechnology: Pharmaceutical Preparations
MNPR,Monopar Therapeutics Inc. Common Stock,$35.78,2.18,6.488%,218802357.00,United States,2019,54162,Health Care,Biotechnology: Pharmaceutical Preparations
MNR,Mach Natural Resources LP Common Units representing Limited Partner Interests,$14.44,-0.02,-0.138%,1708777139.00,United States,2023,328705,Energy,Oil & Gas Production
MNRO,Monro Inc. Common Stock,$14.91,0.24,1.636%,446838938.00,United States,1991,982454,Consumer Discretionary,Automotive Aftermarket
MNSB,MainStreet Bancshares Inc. Common Stock,$18.90,0.00,0.00%,145606299.00,United States,,26879,Finance,Major Banks
MNSBP,MainStreet Bancshares Inc. Depositary Shares,$24.20,0.08,0.332%,186437695.00,United States,,667,Finance,Major Banks
MNSO,MINISO Group Holding Limited American Depositary Shares each representing four Ordinary Shares,$18.22,0.40,2.245%,5693166195.00,China,2020,513169,Consumer Discretionary,Department/Specialty Retail Stores
MNST,Monster Beverage Corporation,$62.64,0.93,1.507%,61089419400.00,United States,,5201520,Consumer Staples,Beverages (Production/Distribution)
MNTK,Montauk Renewables Inc. Common Stock,$2.22,-0.02,-0.893%,316204592.00,United States,2021,102346,Utilities,Natural Gas Distribution
MNTN,MNTN Inc. Class A Common Stock,$21.87,-0.14,-0.636%,1691021052.00,,2025,798136,Consumer Discretionary,Advertising
MNTS,Momentus Inc. Class A Common Stock,$1.22,-0.19,-13.475%,6754672.00,United States,2019,48924827,Industrials,Military/Government/Technical
MNTSW,Momentus Inc. Warrant,$0.028,0.004,16.667%,155025.00,United States,2019,482634,Industrials,Military/Government/Technical
MNY,MoneyHero Limited Class A Ordinary Shares,$0.72,0.021,3.004%,31106902.00,Singapore,,137747,Consumer Discretionary,Business Services
MNYWW,MoneyHero Limited Warrants,$0.0468,0.0093,24.80%,2021949.00,Singapore,,8827,Consumer Discretionary,Business Services
MO,Altria Group Inc.,$58.63,-0.12,-0.204%,98759410089.00,United States,,9461066,Health Care, Medicinal Chemicals and Botanical Products 
MOB,Mobilicom Limited American Depositary Shares,$2.52,0.04,1.613%,18889711.00,Israel,2022,214862,Industrials,Aerospace
MOBBW,Mobilicom Limited Warrants,$0.3702,0.0831,28.945%,763121819.00,Israel,2022,2061,Industrials,Aerospace
MOBX,Mobix Labs Inc. Class A Common Stock,$0.7653,0.0043,0.565%,40797951.00,United States,2021,191932,Technology,Semiconductors
MOBXW,Mobix Labs Inc Warrants,$0.0999,0.0059,6.277%,5325644.00,United States,2021,3141,Technology,Semiconductors
MOD,Modine Manufacturing Company Common Stock,$98.50,-2.84,-2.802%,5160600476.00,United States,,1021471,Consumer Discretionary,Auto Parts:O.E.M.
MODD,Modular Medical Inc. Common Stock,$0.745,0.0661,9.736%,40414304.00,United States,,109276,Health Care,Medical/Dental Instruments
MODG,Topgolf Callaway Brands Corp. Common Stock,$8.05,-0.06,-0.74%,1479205403.00,United States,,2144153,Consumer Discretionary,Recreational Games/Products/Toys
MODV,ModivCare Inc. Common Stock,$3.12,-0.29,-8.504%,44783918.00,United States,2003,948624,Consumer Discretionary,Transportation Services
MOFG,MidWestOne Financial Gp Common Stock,$28.77,-0.02,-0.069%,598906327.00,United States,,133914,Finance,Major Banks
MOGO,Mogo Inc. Common Shares,$1.26,0.03,2.439%,30834720.00,Canada,,190738,Finance,Finance: Consumer Services
MOGU,MOGU Inc. American Depositary Shares (each  representing 25 Class A Ordinary Shares),$2.1278,0.0478,2.298%,17482028.00,,2018,1322,Consumer Discretionary,Business Services
MOH,Molina Healthcare Inc Common Stock,$297.90,0.85,0.286%,16146180000.00,United States,2003,685458,Health Care,Medical Specialities
MOLN,Molecular Partners AG American Depositary Shares,$3.82,0.06,1.596%,154187023.00,Switzerland,2021,1590,Health Care,Biotechnology: Biological Products (No Diagnostic Substances)
MOMO,Hello Group Inc. American Depositary Shares,$8.44,-0.10,-1.171%,1356050310.00,China,2014,787211,Technology,Computer Software: Prepackaged Software
MORN,Morningstar Inc. Common Stock,$313.93,0.92,0.294%,13263289158.00,United States,2005,225230,Finance,Investment Managers
MOS,Mosaic Company (The) Common Stock,$36.48,1.16,3.284%,11572579548.00,United States,,5950155,Industrials,Agricultural Chemicals
MOV,Movado Group Inc. Common Stock,$15.25,-0.22,-1.422%,339113152.00,United States,,170016,Consumer Discretionary,Consumer Specialties
MOVE,Movano Inc. Common Stock,$0.68,-0.0118,-1.706%,4785128.00,United States,2021,27226,Health Care,Biotechnology: Electromedical & Electrotherapeutic Apparatus
MP,MP Materials Corp. Common Stock,$33.27,0.37,1.125%,5438191034.00,United States,2020,9172327,Basic Materials,Metal Mining
MPA,Blackrock MuniYield Pennsylvania Quality Fund Common Stock,$10.79,0.08,0.747%,0.00,United States,1992,19747,Finance,Finance Companies
MPAA,Motorcar Parts  of America Inc. Common Stock,$11.20,1.10,10.891%,217679907.00,United States,,390594,Consumer Discretionary,Auto Parts:O.E.M.
MPB,Mid Penn Bancorp Common Stock,$28.20,-0.07,-0.248%,546718420.00,United States,,87825,Finance,Major Banks
MPC,Marathon Petroleum Corporation Common Stock,$166.11,-1.30,-0.777%,51031288969.00,United States,,1660615,Energy,Integrated oil Companies
MPLX,MPLX LP Common Units Representing Limited Partner Interests,$51.51,-0.10,-0.194%,52581520858.00,United States,2012,994171,Energy,Natural Gas Distribution
MPTI,M-tron Industries Inc. Common Stock,$42.00,0.41,0.986%,122527818.00,United States,2022,68118,Technology,Industrial Machinery/Components
MPU,Mega Matrix Inc. Class A Ordinary Shares,$1.16,0.36,45.00%,44720117.00,United States,1998,7478934,Consumer Discretionary,Diversified Commercial Services
MPV,Barings Participation Investors Common Stock,$20.11,0.49,2.497%,213200187.00,United States,1988,29502,Finance,Finance Companies
MPW,Medical Properties Trust Inc. common stock,$4.31,-0.15,-3.363%,2589448000.00,United States,2005,12989633,Real Estate,Real Estate Investment Trusts
MPWR,Monolithic Power Systems Inc. Common Stock,$731.38,-3.09,-0.421%,35018474400.00,United States,2004,396501,Technology,Semiconductors
MPX,Marine Products Corporation Common Stock,$8.51,-0.19,-2.184%,297470820.00,United States,2001,23005,Industrials,Marine Transportation
MQ,Marqeta Inc. Class A Common Stock,$5.83,-0.05,-0.85%,2730008596.00,United States,2021,6883686,Technology,Computer Software: Prepackaged Software
MQT,Blackrock MuniYield Quality Fund II Inc. Common Stock,$9.64,0.10,1.048%,1434070220.00,United States,1992,69616,Finance,Investment Bankers/Brokers/Service
MQY,Blackrock MuniYield Quality Fund Inc. Common Stock,$11.11,0.08,0.725%,1652751053.00,United States,1992,175374,Finance,Investment Bankers/Brokers/Service
MRAM,Everspin Technologies Inc. Common Stock,$6.29,0.05,0.801%,141320235.00,United States,2016,184099,Technology,Semiconductors
MRBK,Meridian Corporation Common Stock,$12.89,0.44,3.534%,145467233.00,United States,2017,72421,Finance,Major Banks
MRC,MRC Global Inc. Common Stock,$13.71,-1.18,-7.925%,1179972126.00,United States,2012,3464591,Industrials,Industrial Machinery/Components
MRCC,Monroe Capital Corporation Common Stock,$6.36,0.02,0.315%,137797922.00,United States,2012,177384,Finance,Investment Managers
MRCY,Mercury Systems Inc Common Stock,$53.86,0.45,0.843%,3218402146.00,United States,1998,928176,Technology,Electrical Products
MREO,Mereo BioPharma Group plc American Depositary Shares,$2.71,0.05,1.88%,420444595.00,United Kingdom,,723034,Health Care,Biotechnology: Pharmaceutical Preparations
MRK,Merck & Company Inc. Common Stock (new),$79.16,0.06,0.076%,198773233987.00,United States,,13894004,Health Care,Biotechnology: Pharmaceutical Preparations
MRKR,Marker Therapeutics Inc. Common Stock,$1.53,0.07,4.795%,17311698.00,United States,,52512,Health Care,Biotechnology: Pharmaceutical Preparations
MRM,MEDIROM Healthcare Technologies Inc. American Depositary Share,$1.42,0.07,5.185%,11220769.00,Japan,2020,9283,Consumer Discretionary,Other Consumer Services
MRNA,Moderna Inc. Common Stock,$27.59,0.43,1.583%,10670206814.00,United States,2018,10161438,Health Care,Biotechnology: Biological Products (No Diagnostic Substances)
MRNO,Murano Global Investments PLC Ordinary Shares,$10.55,0.47,4.663%,836675515.00,Mexico,,49667,Consumer Discretionary,Hotels/Resorts
MRNOW,Murano Global Investments PLC Warrants,$0.195,-0.0048,-2.402%,15464619.00,Mexico,,17920,Consumer Discretionary,Hotels/Resorts
MRP,Millrose Properties Inc. Class A Common Stock,$28.51,-0.21,-0.731%,4732759699.00,United States,2025,1591889,Finance,Real Estate
MRSN,Mersana Therapeutics Inc. Common Stock,$0.296,0.005,1.718%,36890876.00,United States,2017,3569196,Health Care,Biotechnology: Pharmaceutical Preparations
MRT,Marti Technologies Inc. Class A Ordinary Shares,$3.03,0.185,6.503%,231020408.00,,2021,133824,Consumer Discretionary,Rental/Leasing Companies
MRTN,Marten Transport Ltd. Common Stock,$12.99,0.03,0.231%,1058599578.00,United States,1986,532263,Industrials,Trucking Freight/Courier Services
MRUS,Merus N.V. Common Shares,$52.60,-0.39,-0.736%,3640634098.00,Netherlands,2016,350792,Health Care,Biotechnology: Pharmaceutical Preparations
MRVI,Maravai LifeSciences Holdings Inc. Class A Common Stock,$2.41,-0.06,-2.429%,613729436.00,United States,2020,1740203,Health Care,Biotechnology: Pharmaceutical Preparations
MRVL,Marvell Technology Inc. Common Stock,$77.40,0.24,0.311%,66734280000.00,United States,2000,17033189,Technology,Semiconductors
MRX,Marex Group plc Ordinary Shares,$39.47,-0.54,-1.35%,2774381270.00,United Kingdom,2024,2695048,Finance,Investment Bankers/Brokers/Service
MS,Morgan Stanley Common Stock,$140.86,0.17,0.121%,225984396596.00,United States,,8034185,Finance,Investment Bankers/Brokers/Service
MS^A,Morgan Stanley Dep Shs repstg 1/1000 Pfd Ser A,$21.33,-0.21,-0.975%,,United States,,222631,,
MS^E,Morgan Stanley DEPOSITARY SHARES REP 1/1000TH SHARES FIXED/FLTG PREFERRED STOCK SERIES E,$25.23,-0.29,-1.136%,,United States,,317366,,
MS^F,Morgan Stanley Dep Shs Rpstg 1/1000th Int Prd Ser F Fxd to Flag,$25.13,-0.31,-1.219%,,United States,,332942,,
MS^I,Morgan Stanley Depository Shares Representing 1/1000th Preferred Series 1 Fixed to Floating Non (Cum),$24.80,-0.36,-1.431%,,United States,,280670,,
MS^K,Morgan Stanley Depositary Shares each representing 1/1000th of a share of Fixed-to-Floating Rate Non-Cumulative Preferred Stock  Series K,$23.40,-0.35,-1.474%,,United States,,233867,,
MS^L,Morgan Stanley Depositary Shares each representing 1/1000th of a share of 4.875% Non-Cumulative Preferred Stock Series L,$19.78,-0.16,-0.802%,,United States,,53307,,
MS^O,Morgan Stanley Depositary Shares each representing 1/1000th of a share of 4.250% Non-Cumulative Preferred Stock Series O,$17.22,-0.08,-0.462%,,United States,,241167,,
MS^P,Morgan Stanley Depositary Shares each representing 1/1000th of a share of 6.500% Non-Cumulative Preferred Stock Series P,$25.73,-0.13,-0.503%,,United States,,118235,,
MS^Q,Morgan Stanley Depositary Shares each representing 1/1000th of a share of 6.625% Non-Cumulative Preferred Stock Series Q,$25.85,-0.18,-0.692%,,United States,,104343,,
MSA,MSA Safety Incorporated Common Stock,$167.53,0.20,0.12%,6584916254.00,United States,2000,195798,Health Care,Industrial Specialties
MSAI,MultiSensor AI Holdings Inc. Common Stock,$0.598,0.051,9.324%,19994878.00,United States,2021,92040,Technology,Electronic Components
MSAIW,MultiSensor AI Holdings Inc. Warrant,$0.0323,-0.0029,-8.239%,1079991.00,United States,2021,33291,Technology,Electronic Components
MSB,Mesabi Trust Common Stock,$23.96,-1.03,-4.122%,314355440.00,United States,,41643,Industrials,Precious Metals
MSBI,Midland States Bancorp Inc. Common Stock,$17.32,-0.45,-2.532%,370673720.00,United States,2016,155322,Finance,Major Banks
MSBIP,Midland States Bancorp Inc. Depositary Shares Each Representing a 1/40th Interest in a Share of 7.750% Fixed-Rate Reset Non-Cumulative Perpetual Preferred Stock Series A,$22.13,-0.58,-2.554%,473614863.00,United States,,131898,Finance,Major Banks
MSC,Studio City International Holdings Limited American depositary shares each representing four  Class A ordinary shares,$3.175,0.0554,1.776%,669023665.00,,2018,11174,Consumer Discretionary,Hotels/Resorts
MSCI,MSCI Inc. Common Stock,$576.74,0.33,0.057%,44623236026.00,United States,,584597,Consumer Discretionary,Business Services
MSD,Morgan Stanley Emerging Markets Debt Fund Inc. Common Stock,$7.73,-0.115,-1.466%,0.00,United States,1993,110321,Finance,Trusts Except Educational Religious and Charitable
MSDL,Morgan Stanley Direct Lending Fund Common Stock,$18.72,-0.50,-2.601%,0.00,United States,2024,525345,,
MSEX,Middlesex Water Company Common Stock,$54.18,-0.33,-0.605%,970915244.00,United States,,143412,Utilities,Water Supply
MSFT,Microsoft Corporation Common Stock,$497.41,1.47,0.296%,3697021643890.00,United States,1986,28355504,Technology,Computer Software: Prepackaged Software
MSGE,Madison Square Garden Entertainment Corp. Class A Common Stock,$39.97,-0.53,-1.309%,1896970524.00,United States,2023,327881,Consumer Discretionary,Services-Misc. Amusement & Recreation
MSGM,Motorsport Games Inc. Class A Common Stock,$2.90,0.02,0.694%,16757505.00,United States,2021,17613,Technology,Computer Software: Prepackaged Software
MSGS,Madison Square Garden Sports Corp. Class A Common Stock (New),$208.95,0.38,0.182%,5018480236.00,United States,2015,245753,Consumer Discretionary,Services-Misc. Amusement & Recreation
MSI,Motorola Solutions Inc. Common Stock,$420.46,1.80,0.43%,70181419370.00,United States,,1477862,Technology,Radio And Television Broadcasting And Communications Equipment
MSIF,MSC Income Fund Inc. Common Stock,$16.43,0.11,0.674%,774656197.00,,2025,116489,Finance,Finance/Investors Services
MSM,MSC Industrial Direct Company Inc. Common Stock,$85.02,-0.46,-0.538%,4737456894.00,United States,1995,1375270,Industrials,Industrial Machinery/Components
MSN,Emerson Radio Corporation Common Stock,$0.3404,-0.0451,-11.699%,7162919.00,United States,1994,94197,Consumer Staples,Consumer Electronics/Appliances
MSPR,MSP Recovery Inc. Class A Common Stock,$1.39,0.18,14.876%,11458696.00,United States,2020,8467194,Technology,EDP Services
MSPRW,MSP Recovery Inc. Warrant,$0.0022,0.0001,4.762%,18136.00,United States,,39829,Technology,EDP Services
MSPRZ,MSP Recovery Inc. Warrant,$0.0348,0.00,0.00%,286880.00,United States,2020,700,Technology,EDP Services
MSS,Maison Solutions Inc. Class A Common Stock,$0.8832,-0.0043,-0.485%,17390628.00,United States,2023,50055,Consumer Staples,Food Chains
MSTR,MicroStrategy Incorporated Common Stock Class A,$404.23,20.35,5.301%,112918453445.00,United States,1998,13701187,Technology,Computer Software: Prepackaged Software
MSW,Ming Shing Group Holdings Limited Ordinary Shares,$4.5821,-0.1479,-3.127%,58421775.00,Hong Kong,2024,65536,Consumer Discretionary,Engineering & Construction
MT,Arcelor Mittal NY Registry Shares NEW,$31.58,0.32,1.024%,24270702323.00,Luxembourg,,969466,Industrials,Steel/Iron Ore
MTA,Metalla Royalty & Streaming Ltd. Common Shares,$3.84,0.03,0.787%,355295140.00,,,195266,Basic Materials,Precious Metals
MTAL,MAC Copper Limited Ordinary Shares,$12.09,0.00,0.00%,996965991.00,United States,,740162,Basic Materials,Metal Mining
MTB,M&T Bank Corporation Common Stock,$193.99,0.21,0.108%,31138506794.00,United States,,1411916,Finance,Major Banks
MTB^H,M&T Bank Corporation Perpetual Fixed-to-Floating Rate Non-Cumulative Preferred Stock Series H,$25.49,-0.06,-0.235%,,United States,,465502,,
MTB^J,M&T Bank Corporation Depositary Shares each representing a 1/400th ownership interest in a share of Perpetual 7.500% Non-Cumulative Preferred Stock Series J,$26.20,-0.06,-0.228%,,United States,,169687,,
MTC,MMTec Inc. Common Shares,$1.045,0.0202,1.971%,26320273.00,China,2019,67901,Technology,Computer Software: Prepackaged Software
MTCH,Match Group Inc. Common Stock,$30.89,0.04,0.13%,7575010197.00,United States,,3362615,Technology,Computer Software: Programming Data Processing
MTD,Mettler-Toledo International Inc. Common Stock,$1174.72,-9.82,-0.829%,24413954370.00,Switzerland,1997,119236,Industrials,Biotechnology: Laboratory Analytical Instruments
MTDR,Matador Resources Company Common Stock,$47.72,-0.50,-1.037%,5974675039.00,United States,2012,1836834,Energy,Oil & Gas Production
MTEK,Maris-Tech Ltd. Ordinary Shares,$3.20,0.05,1.587%,25547408.00,Israel,2022,51794,Telecommunications,Telecommunications Equipment
MTEKW,Maris-Tech Ltd. Warrants,$0.30,0.0351,13.25%,2395070.00,Israel,2022,102,Telecommunications,Telecommunications Equipment
MTEN,Mingteng International Corporation Inc. Ordinary Shares,$10.47,0.10,0.964%,71610612.00,China,2024,39841,Industrials,Building Products
MTEX,Mannatech Incorporated Common Stock,$9.35,0.35,3.889%,17773696.00,United States,,97119,Health Care, Medicinal Chemicals and Botanical Products 
MTG,MGIC Investment Corporation Common Stock,$27.84,0.17,0.614%,6610258135.00,United States,1991,2341924,Finance,Property-Casualty Insurers
MTH,Meritage Homes Corporation Common Stock,$66.97,0.21,0.315%,4810472646.00,United States,,1385587,Consumer Discretionary,Homebuilding
MTLS,Materialise NV American Depositary Shares,$5.65,0.04,0.713%,333729601.00,Belgium,2014,187927,Technology,Computer Software: Prepackaged Software
MTN,Vail Resorts Inc. Common Stock,$157.13,-0.10,-0.064%,5837757083.00,United States,1997,454117,Consumer Discretionary,Services-Misc. Amusement & Recreation
MTNB,Matinas Biopharma Holdings Inc. Common Stock,$0.89,-0.0301,-3.271%,4527417.00,United States,2017,62825,Health Care,Biotechnology: Pharmaceutical Preparations
MTR,Mesa Royalty Trust Common Stock,$5.47,0.19,3.598%,10193837.00,United States,,7672,Energy,Oil & Gas Production
MTRN,Materion Corporation,$79.37,-1.39,-1.721%,1652027657.00,United States,,264192,Industrials,Industrial Specialties
MTRX,Matrix Service Company Common Stock,$13.51,-0.39,-2.806%,373017841.00,United States,1990,170442,Consumer Discretionary,Engineering & Construction
MTSI,MACOM Technology Solutions Holdings Inc. Common Stock,$143.29,1.24,0.873%,10659439248.00,United States,2012,791622,Technology,Semiconductors
MTSR,Metsera Inc. Common Stock,$28.45,-0.14,-0.49%,2988830056.00,United States,2025,540214,Health Care,Biotechnology: Pharmaceutical Preparations
MTUS,Metallus Inc. Common Shares,$15.41,-0.16,-1.028%,647578560.00,United States,2014,619512,Industrials,Steel/Iron Ore
MTVA,MetaVia Inc. Common Stock,$0.6432,0.0132,2.095%,12583702.00,United States,2016,75664,Health Care,Biotechnology: Pharmaceutical Preparations
MTW,Manitowoc Company Inc. (The) Common Stock,$12.02,-0.26,-2.117%,426030425.00,United States,,203896,Industrials,Construction/Ag Equipment/Trucks
MTX,Minerals Technologies Inc. Common Stock,$55.07,-0.44,-0.793%,1747490492.00,United States,1992,308828,Industrials,Major Chemicals
MTZ,MasTec Inc. Common Stock,$170.43,-1.56,-0.907%,13447396023.00,United States,,1268607,Industrials,Water Sewer Pipeline Comm & Power Line Construction
MU,Micron Technology Inc. Common Stock,$123.25,-1.51,-1.21%,137932168698.00,United States,,22693950,Technology,Semiconductors
MUA,Blackrock MuniAssets Fund Inc Common Stock,$10.40,0.19,1.861%,1547129698.00,United States,1993,247221,Finance,Investment Bankers/Brokers/Service
MUC,Blackrock MuniHoldings California Quality Fund Inc.  Common Stock,$10.35,0.00,0.00%,1539691575.00,United States,1998,425652,Finance,Investment Bankers/Brokers/Service
MUE,Blackrock MuniHoldings Quality Fund II Inc. Common Stock,$9.58,0.08,0.842%,1425144472.00,United States,,111237,Finance,Investment Bankers/Brokers/Service
MUFG,Mitsubishi UFJ Financial Group Inc. Common Stock,$13.72,-0.17,-1.224%,160897576022.00,Japan,,3528431,Finance,Commercial Banks
MUJ,Blackrock MuniHoldings New Jersey Quality Fund Inc. Common Stock,$10.95,0.06,0.551%,1628949057.00,United States,1998,150524,Finance,Investment Bankers/Brokers/Service
MULN,Mullen Automotive Inc.,$0.4317,-0.1633,-27.445%,344777.00,United States,,14650829,,
MUR,Murphy Oil Corporation Common Stock,$22.50,-0.43,-1.875%,3211111395.00,United States,,1990075,Energy,Oil & Gas Production
MURA,Mural Oncology plc Ordinary Shares ,$2.47,-0.01,-0.403%,42654136.00,Ireland,,35168,Health Care,Biotechnology: Pharmaceutical Preparations
MUSA,Murphy USA Inc. Common Stock,$406.80,-1.07,-0.262%,8039036779.00,United States,2013,254543,Consumer Discretionary,Retail-Auto Dealers and Gas Stations
MUX,McEwen Mining Inc. Common Stock,$9.61,0.26,2.781%,518821509.00,Canada,,915271,Basic Materials,Precious Metals
MVBF,MVB Financial Corp. Common Stock,$22.53,0.22,0.986%,292771402.00,United States,,50043,Finance,Major Banks
MVF,Blackrock MuniVest Fund Inc. Common Stock,$6.58,0.04,0.612%,978857059.00,United States,1988,197712,Finance,Investment Bankers/Brokers/Service
MVIS,MicroVision Inc. Common Stock,$1.14,0.00,0.00%,284158170.00,United States,1996,6368108,Technology,Industrial Machinery/Components
MVO,MV Oil Trust Units of Beneficial Interests,$5.76,0.01,0.174%,66240000.00,United States,2007,31460,Energy,Oil & Gas Production
MVST,Microvast Holdings Inc. Common Stock,$3.63,-0.41,-10.149%,1180989242.00,United States,2019,10373250,Miscellaneous,Industrial Machinery/Components
MVSTW,Microvast Holdings Inc. Warrants,$0.367,-0.008,-2.133%,119400290.00,United States,2019,115227,Miscellaneous,Industrial Machinery/Components
MVT,Blackrock MuniVest Fund II Inc.  Common Stock,$10.32,0.18,1.775%,1535228701.00,United States,1993,127772,Finance,Investment Bankers/Brokers/Service
MWA,MUELLER WATER PRODUCTS Common Stock,$24.04,-0.07,-0.29%,3766527917.00,United States,2006,1541922,Industrials,Metal Fabrications
MWG,Multi Ways Holdings Limited Ordinary Shares,$0.2695,0.0045,1.698%,8982435.00,,2023,115126,Consumer Discretionary,Miscellaneous manufacturing industries
MWYN,Marwynn Holdings Inc. Common stock,$1.77,-0.15,-7.813%,30185587.00,United States,2025,183815,Consumer Discretionary,Food Distributors
MX,Magnachip Semiconductor Corporation Common Stock,$3.98,-0.07,-1.728%,143533148.00,Luxembourg,2011,69243,Technology,Semiconductors
MXC,Mexco Energy Corporation Common Stock,$8.87,-0.25,-2.741%,18148020.00,United States,2003,16347,Energy,Oil & Gas Production
MXCT,MaxCyte Inc. Common Stock,$2.18,-0.02,-0.909%,231987728.00,United States,2021,444799,Health Care,Biotechnology: Commercial Physical & Biological Resarch
MXE,Mexico Equity and Income Fund Inc. (The) Common Stock,$10.47,-0.06,-0.57%,0.00,United States,,17640,Finance,Finance Companies
MXF,Mexico Fund Inc. (The) Common Stock,$17.57,0.13,0.745%,0.00,United States,,27053,Finance,Trusts Except Educational Religious and Charitable
MXL,MaxLinear Inc. Common Stock,$14.21,0.07,0.495%,1227371982.00,United States,2010,800387,Technology,Semiconductors
MYD,Blackrock MuniYield Fund Inc.  Common Stock,$10.04,0.06,0.601%,1493575209.00,United States,1991,255905,Finance,Investment Bankers/Brokers/Service
MYE,Myers Industries Inc. Common Stock,$14.49,-0.20,-1.361%,541669397.00,United States,1983,202039,Industrials,Plastic Products
MYFW,First Western Financial Inc. Common Stock,$22.56,0.05,0.222%,219180146.00,United States,2018,47976,Finance,Major Banks
MYGN,Myriad Genetics Inc. Common Stock,$5.31,0.06,1.143%,489461904.00,United States,1995,907164,Health Care,Biotechnology: In Vitro & In Vivo Diagnostic Substances
MYI,Blackrock MuniYield Quality Fund III Inc Common Stock,$10.49,0.11,1.06%,1560518321.00,United States,,261194,Finance,Investment Bankers/Brokers/Service
MYN,Blackrock MuniYield New York Quality Fund Inc.Common Stock,$9.53,0.08,0.847%,0.00,United States,1992,37271,Finance,Finance Companies
MYND,Mynd.ai Inc. American Depositary Shares,$0.89,-0.0595,-6.266%,40626526.00,,2017,13174,Real Estate,Other Consumer Services
MYNZ,Mainz Biomed N.V. Ordinary Shares,$1.41,0.03,2.174%,4284783.00,Germany,2021,107244,Health Care,Biotechnology: Pharmaceutical Preparations
MYO,Myomo Inc. Common Stock,$2.16,-0.10,-4.425%,77714472.00,United States,2017,445257,Health Care,Industrial Specialties
MYPS,PLAYSTUDIOS Inc.  Class A Common Stock,$1.31,0.01,0.769%,163859997.00,United States,2020,485178,Technology,Computer Software: Prepackaged Software
MYPSW,PLAYSTUDIOS Inc. Warrant,$0.0132,0.0005,3.937%,1651108.00,United States,2020,102728,Technology,Computer Software: Prepackaged Software
MYRG,MYR Group Inc. Common Stock,$181.45,-1.16,-0.635%,2816618229.00,United States,2008,129707,Industrials,Water Sewer Pipeline Comm & Power Line Construction
MYSZ,My Size Inc. Common Stock,$1.22,-0.118,-8.819%,3785753.00,Israel,,120488,Technology,Computer Software: Prepackaged Software
NA,Nano Labs Ltd Class A Ordinary Shares,$9.28,-0.89,-8.751%,265140922.00,China,2022,499131,Technology,Semiconductors
NAAS,NaaS Technology Inc. American Depositary Shares,$0.8118,0.0373,4.816%,4873080.00,China,2017,474019,Consumer Discretionary,Other Specialty Stores
NABL,N-able Inc. Common Stock,$8.10,-0.02,-0.246%,1531382234.00,United States,2021,1572928,Technology,Computer Software: Prepackaged Software
NAC,Nuveen California Quality Municipal Income Fund,$11.17,0.07,0.631%,0.00,United States,1999,439360,Finance,Investment Managers
NAD,Nuveen Quality Municipal Income Fund Common Stock,$11.29,0.04,0.356%,0.00,United States,1999,999970,Finance,Investment Managers
NAGE,Niagen Bioscience Inc. Common Stock,$14.41,0.19,1.336%,1135070829.00,United States,,1247794,Health Care, Medicinal Chemicals and Botanical Products 
NAII,Natural Alternatives International Inc. Common Stock,$3.28,0.06,1.863%,20266785.00,United States,,1900,Health Care, Medicinal Chemicals and Botanical Products 
NAK,Northern Dynasty Minerals Ltd. Common Stock,$1.34,-0.20,-12.987%,720590737.00,Canada,,30355551,Basic Materials,Precious Metals
NAKA,Kindly MD Inc. Common Stock,$13.845,-0.435,-3.046%,83376639.00,United States,2024,312210,Health Care,Medical/Nursing Services
NAKAW,Kindly MD Inc. Warrants,$8.70,0.00,0.00%,52392688.00,United States,2024,836,Health Care,Medical/Nursing Services
NAMI,Jinxin Technology Holding Company American Depositary Shares,$1.04,-0.0093,-0.886%,71101876.00,China,2024,53031,Real Estate,Other Consumer Services
NAMM,Namib Minerals Ordinary Shares,$7.56,-1.47,-16.279%,405801363.00,Cayman Islands,,85873,Basic Materials,Precious Metals
NAMMW,Namib Minerals Warrants,$0.195,-0.0051,-2.549%,10467099.00,Cayman Islands,,34675,Basic Materials,Precious Metals
NAMS,NewAmsterdam Pharma Company N.V. Ordinary Shares,$18.11,-0.46,-2.477%,2033221960.00,Netherlands,,1159333,Health Care,Biotechnology: Pharmaceutical Preparations
NAMSW,NewAmsterdam Pharma Company N.V. Warrant,$8.00,-0.06,-0.744%,898165416.00,Netherlands,,2513,Health Care,Biotechnology: Pharmaceutical Preparations
NAN,Nuveen New York Quality Municipal Income Fund Common Stock,$11.41,0.04,0.352%,3449423278.00,United States,1999,51214,Finance,Investment Managers
NAOV,NanoVibronix Inc. Common Stock,$0.9272,-0.2428,-20.752%,2396659.00,United States,,2416244,Health Care,Industrial Specialties
NAT,Nordic American Tankers Limited Common Stock,$2.63,-0.07,-2.593%,556904244.00,Bermuda,1995,2993712,Consumer Discretionary,Marine Transportation
NATH,Nathan's Famous Inc. Common Stock,$110.58,0.11,0.10%,452218016.00,United States,1993,51624,Consumer Discretionary,Restaurants
NATL,NCR Atleos Corporation Common Stock,$28.53,-1.02,-3.452%,2095652491.00,United States,2023,456897,Miscellaneous,Office Equipment/Supplies/Services
NATR,Nature's Sunshine Products Inc. Common Stock,$14.79,0.29,2.00%,271408347.00,United States,,120567,Health Care,Biotechnology: Pharmaceutical Preparations
NAUT,Nautilus Biotechnolgy Inc. Common Stock,$0.7249,0.0312,4.498%,116232292.00,United States,2020,539609,Industrials,Biotechnology: Laboratory Analytical Instruments
NAVI,Navient Corporation Common Stock,$14.10,0.06,0.427%,1428816140.00,United States,,491787,Finance,Investment Bankers/Brokers/Service
NAZ,Nuveen Arizona Quality Municipal Income Fund Common Stock,$11.69,0.1242,1.074%,0.00,United States,1992,17506,Finance,Finance/Investors Services
NB,NioCorp Developments Ltd. Common Stock,$2.33,-0.15,-6.048%,88283700.00,United States,,952703,Basic Materials,Metal Mining
NBB,Nuveen Taxable Municipal Income Fund Common Shares of Beneficial Interest,$15.82,0.21,1.345%,0.00,United States,2010,62320,Finance,Finance Companies
NBBK,NB Bancorp Inc. Common Stock,$17.86,0.08,0.45%,724588112.00,United States,2023,424707,Finance,Banks
NBH,Neuberger Berman Municipal Fund Inc. Common Stock,$9.83,-0.01,-0.102%,0.00,United States,2002,173732,Finance,Finance/Investors Services
NBHC,National Bank Holdings Corporation Common Stock,$37.61,0.12,0.32%,1448129648.00,United States,2012,266346,Finance,Major Banks
NBIS,Nebius Group N.V. Class A Ordinary Shares,$55.33,3.49,6.732%,13174561619.00,Netherlands,2011,13735229,Technology,Computer Software: Programming Data Processing
NBIX,Neurocrine Biosciences Inc. Common Stock,$125.69,0.27,0.215%,12439013916.00,United States,1996,679416,Health Care,Biotechnology: Biological Products (No Diagnostic Substances)
NBN,Northeast Bank Common Stock,$88.99,0.69,0.781%,723488700.00,United States,,141187,Finance,Major Banks
NBR,Nabors Industries Ltd.,$28.02,0.11,0.394%,439901867.00,Bermuda,1951,321915,Energy,Oil & Gas Production
NBTB,NBT Bancorp Inc. Common Stock,$41.55,-0.34,-0.812%,1963558391.00,United States,,190676,Finance,Major Banks
NBTX,Nanobiotix S.A. American Depositary Shares,$4.73,0.2038,4.503%,224329005.00,France,2020,1274,Health Care,Biotechnology: Pharmaceutical Preparations
NBXG,Neuberger Berman Next Generation Connectivity Fund Inc. Common Stock,$14.60,0.15,1.038%,0.00,United States,2021,268290,Finance,Trusts Except Educational Religious and Charitable
NBY,NovaBay Pharmaceuticals Inc. Common Stock,$0.58,-0.0258,-4.259%,3373398.00,United States,2007,15393,Health Care,Biotechnology: Pharmaceutical Preparations
NC,NACCO Industries Inc. Common Stock,$44.31,0.83,1.909%,329760780.00,United States,,35884,Energy,Coal Mining
NCA,Nuveen California Municipal Value Fund,$8.68,0.14,1.639%,0.00,United States,,93586,Finance,Investment Managers
NCDL,Nuveen Churchill Direct Lending Corp. Common Stock,$16.19,-0.21,-1.28%,814055283.00,,2024,272396,,
NCEW,New Century Logistics (BVI) Limited Ordinary Shares,$0.945,-0.035,-3.571%,20317500.00,Hong Kong,2024,290085,Consumer Discretionary,Oil Refining/Marketing
NCI,Neo-Concept International Group Holdings Limited Class A Ordinary Shares,$2.34,-0.13,-5.263%,9509760.00,Hong Kong,2024,42126,Consumer Discretionary,Apparel
NCL,Northann Corp. Common Stock,$0.16,-0.0132,-7.621%,5498304.00,,2023,2156148,Industrials,Plastic Products
NCLH,Norwegian Cruise Line Holdings Ltd. Ordinary Shares,$20.28,0.10,0.496%,9061240424.00,United States,,14422086,Consumer Discretionary,Marine Transportation
NCMI,National CineMedia Inc. Common Stock,$4.845,-0.045,-0.92%,456904760.00,United States,2007,454252,Consumer Discretionary,Advertising
NCNA,NuCana plc American Depositary Share,$0.0574,-0.0285,-33.178%,489616.00,United Kingdom,2017,113685794,Health Care,Biotechnology: Pharmaceutical Preparations
NCNO,nCino Inc. Common Stock,$27.97,0.31,1.121%,3242885881.00,United States,2020,1912660,Technology,Computer Software: Prepackaged Software
NCPL,Netcapital Inc. Common Stock,$6.86,1.18,20.775%,15037436.00,United States,,1090250,Finance,Finance: Consumer Services
NCPLW,Netcapital Inc. Warrants,$0.037,-0.0028,-7.035%,81106.00,United States,,12222,Finance,Finance: Consumer Services
NCRA,Nocera Inc. Common Stock,$1.04,0.02,1.961%,14942241.00,Taiwan,,14860,Consumer Staples,Farming/Seeds/Milling
NCSM,NCS Multistage Holdings Inc. Common Stock,$29.53,-0.21,-0.706%,75031271.00,United States,2017,13114,Energy,Oilfield Services/Equipment
NCT,Intercont (Cayman) Limited Ordinary shares,$3.30,-0.32,-8.84%,88687503.00,China,2025,29095,Consumer Discretionary,Restaurants
NCTY,The9 Limited American Depository Shares,$7.78,0.14,1.832%,109405332.00,China,2004,78352,Finance,Finance: Consumer Services
NCV,Virtus Convertible & Income Fund Common Shares of Beneficial Interest,$14.20,0.15,1.068%,1283304680.00,United States,2003,67823,Finance,Finance Companies
NCV^A,Virtus Convertible & Income Fund 5.625% Series A Cumulative Preferred Shares,$21.48,0.11,0.515%,,United States,,1469,,
NCZ,Virtus Convertible & Income Fund II Common Shares of Beneficial Interest,$12.84,0.17,1.342%,977326217.00,United States,2003,47230,Finance,Finance Companies
NCZ^A,Virtus Convertible & Income Fund II 5.50% Series A Cumulative Preferred Shares,$20.85,0.14,0.676%,,United States,,2366,,
NDAQ,Nasdaq Inc. Common Stock,$89.42,0.34,0.382%,51337955260.00,United States,,3731472,Finance,Investment Bankers/Brokers/Service
NDLS,Noodles & Company Class A Common Stock,$0.7128,0.1053,17.333%,32748627.00,United States,2013,315695,Consumer Discretionary,Restaurants
NDMO,Nuveen Dynamic Municipal Opportunities Fund Common Shares of Beneficial Interest,$10.07,0.08,0.801%,598814906.00,,2020,194807,Finance,Trusts Except Educational Religious and Charitable
NDRA,ENDRA Life Sciences Inc. Common Stock,$3.51,-0.07,-1.955%,2591679.00,United States,2017,15764,Health Care,Biotechnology: Electromedical & Electrotherapeutic Apparatus
NDSN,Nordson Corporation Common Stock,$214.37,-0.75,-0.349%,12113822754.00,United States,,354429,Industrials,Industrial Machinery/Components
NE,Noble Corporation plc A Ordinary Shares,$26.55,-0.22,-0.822%,4215701367.00,United States,2022,1815031,Energy,Oil & Gas Production
NEA,Nuveen AMT-Free Quality Municipal Income Fund Common Shares of Beneficial Interest Par Value $.01,$10.92,0.08,0.738%,0.00,United States,2002,1150901,Finance,Finance/Investors Services
NECB,NorthEast Community Bancorp Inc. Common Stock,$23.245,-0.095,-0.407%,325973375.00,United States,2021,28858,Finance,Banks
NEE,NextEra Energy Inc. Common Stock,$69.42,-1.47,-2.074%,142910171448.00,United States,,20892375,Technology,EDP Services
NEE^N,NextEra Energy Inc. Series N Junior Subordinated Debentures due March 1 2079,$22.11,-0.13,-0.585%,,United States,,170444,,
NEE^R,NextEra Energy Inc. 6.926% Corporate Units,$39.74,-0.92,-2.263%,,United States,,979243,,
NEE^S,NextEra Energy Inc. 7.299% Corporate Units,$47.09,-0.84,-1.753%,,United States,,426088,,
NEE^T,NextEra Energy Inc. 7.234% Corporate Units,$44.25,-0.93,-2.058%,,United States,,264015,,
NEE^U,NextEra Energy Inc. Series U Junior Subordinated Debentures due June 1 2085,$24.99,0.02,0.08%,,United States,,437435,,
NEGG,Newegg Commerce Inc. Common Shares,$16.24,4.16,34.437%,316495091.00,China,2010,1190634,Consumer Discretionary,Other Specialty Stores
NEHC,New Era Helium Inc Common Stock,$0.492,-0.022,-4.28%,7121233.00,United States,,818872,Energy,Oil & Gas Production
NEHCW,New Era Helium Inc Warrants,$0.0929,0.00,0.00%,1344639.00,United States,,1524,Energy,Oil & Gas Production
NEM,Newmont Corporation,$58.26,1.50,2.643%,64843201375.00,United States,,9946458,Basic Materials,Precious Metals
NEN,New England Realty Associates Limited Partnership Class A Depositary Receipts Evidencing Units of Limited Partnership,$73.10,0.09,0.123%,206204793.00,United States,,1743,Real Estate,Building operators
NEO,NeoGenomics Inc. Common Stock,$7.31,0.13,1.811%,940756817.00,United States,,1235764,Health Care,Precision Instruments
NEOG,Neogen Corporation Common Stock,$4.78,0.05,1.057%,1037442916.00,United States,1989,8688028,Health Care,Biotechnology: In Vitro & In Vivo Diagnostic Substances
NEON,Neonode Inc. Common Stock,$25.50,2.67,11.695%,427964511.00,Sweden,,794296,Technology,Industrial Machinery/Components
NEOV,NeoVolta Inc. Common Stock,$3.30,-0.20,-5.714%,112612081.00,United States,,100176,Miscellaneous,Industrial Machinery/Components
NEOVW,NeoVolta Inc. Warrant,$1.41,-0.0299,-2.077%,48116071.00,United States,,674,Miscellaneous,Industrial Machinery/Components
NEPH,Nephros Inc. Common Stock,$4.09,0.23,5.959%,43355432.00,United States,,64926,Health Care,Medical/Dental Instruments
NERV,Minerva Neurosciences Inc Common Stock,$1.72,-0.06,-3.371%,12028658.00,United States,2014,6071,Health Care,Biotechnology: Pharmaceutical Preparations
NESR,National Energy Services Reunited Corp Ordinary Shares,$6.02,0.12,2.034%,578196053.00,United States,,1168505,Energy,Oilfield Services/Equipment
NESRW,National Energy Services Reunited Corp Warrants,$0.552,-0.048,-8.00%,53017313.00,United States,,3128,Energy,Oilfield Services/Equipment
NET,Cloudflare Inc. Class A Common Stock,$195.83,1.78,0.917%,67876710911.00,United States,2019,2897327,Technology,Computer Software: Prepackaged Software
NETD,Nabors Energy Transition Corp. II Class A Ordinary Shares,$11.10,0.02,0.181%,0.00,United States,2023,13732,,
NETDU,Nabors Energy Transition Corp. II Unit,$11.31,0.04,0.355%,0.00,United States,2023,700,,
NETDW,Nabors Energy Transition Corp. II Warrant,$0.4811,0.0111,2.362%,0.00,United States,2023,1134,,
NEU,NewMarket Corp Common Stock,$690.86,4.42,0.644%,6517922815.00,United States,,117623,Industrials,Major Chemicals
NEUE,NeueHealth Inc. Common Stock,$6.90,-0.04,-0.576%,61601530.00,United States,2021,1221,Health Care,Medical Specialities
NEUP,Neuphoria Therapeutics Inc. Common Stock,$7.10,0.10,1.429%,13347730.00,United States,2021,45733,,
NEWP,New Pacific Metals Corp. Common Shares,$1.34,0.02,1.515%,230146071.00,Canada,2021,135643,Basic Materials,Precious Metals
NEWT,NewtekOne Inc. Common Stock,$11.28,-0.03,-0.265%,297138065.00,United States,,100965,Finance,Major Banks
NEWTG,NewtekOne Inc. 8.50% Fixed Rate Senior Notes due 2029,$24.69,-0.0101,-0.041%,650384647.00,United States,,9281,Finance,Major Banks
NEWTH,NewtekOne Inc. 8.625% Fixed Rate Senior Notes due 2029,$24.93,0.032,0.129%,0.00,United States,,3700,Finance,Major Banks
NEWTI,NewtekOne Inc. 8.00% Fixed Rate Senior Notes due 2028,$24.97,-0.03,-0.12%,657760414.00,United States,,1438,Finance,Major Banks
NEWTZ,NewtekOne Inc. 5.50% Notes Due 2026,$24.83,0.00,0.00%,644687262.00,United States,,47491,Finance,Major Banks
NEXA,Nexa Resources S.A. Common Shares,$4.96,0.02,0.405%,656895511.00,Luxembourg,2017,22166,Basic Materials,Metal Mining
NEXN,Nexxen International Ltd. Ordinary Shares,$10.41,0.03,0.289%,682507395.00,Israel,2021,634667,Technology,Computer Software: Programming Data Processing
NEXT,NextDecade Corporation Common Stock,$8.91,0.22,2.532%,2324388739.00,United States,2015,3445561,Utilities,Oil & Gas Production
NFBK,Northfield Bancorp Inc. Common Stock (Delaware),$11.48,-0.43,-3.61%,489347479.00,United States,2007,207042,Finance,Savings Institutions
NFE,New Fortress Energy Inc. Class A Common Stock,$3.32,0.82,32.80%,908922413.00,United States,2019,39248461,Utilities,Oil/Gas Transmission
NFG,National Fuel Gas Company Common Stock,$84.71,-0.25,-0.294%,7653715887.00,United States,,462242,Utilities,Oil/Gas Transmission
NFGC,New Found Gold Corp Common Shares,$1.42,0.01,0.709%,285076351.00,,2021,549008,Basic Materials,Precious Metals
NFJ,Virtus Dividend Interest & Premium Strategy Fund Common Shares of Beneficial Interest,$12.40,0.04,0.324%,0.00,United States,2005,170268,Finance,Finance: Consumer Services
NFLX,Netflix Inc. Common Stock,$1339.13,16.01,1.21%,570045157007.00,United States,2002,3274291,Consumer Discretionary,Consumer Electronics/Video Chains
NG,Novagold Resources Inc.,$4.09,0.01,0.245%,1368704475.00,Canada,2003,3139105,Basic Materials,Precious Metals
NGD,New Gold Inc.,$4.95,0.20,4.211%,3917430000.00,Canada,,23576363,Basic Materials,Metal Mining
NGG,National Grid Transco PLC National Grid PLC (NEW) American Depositary Shares,$74.41,0.89,1.211%,72946103199.00,United Kingdom,,1259709,Utilities,Natural Gas Distribution
NGL,NGL ENERGY PARTNERS LP Common Units representing Limited Partner Interests,$4.27,-0.06,-1.386%,563694511.00,United States,2011,718228,Utilities,Natural Gas Distribution
NGL^B,NGL ENERGY PARTNERS LP 9.00% Class B Fixed-to-Floating Rate Cumulative Redeemable Perpetual Preferred Units representing limited partnership interests,$21.95,-0.17,-0.769%,,United States,,159425,,
NGL^C,NGL ENERGY PARTNERS LP 9.625% Class C Fixed-to-Floating Rate Cumulative  Redeemable Perpetual Preferred Units representing  limited partner interests,$22.57,0.071,0.316%,,United States,,3646,,
NGNE,Neurogene Inc. Common Stock ,$14.95,-1.21,-7.488%,213217887.00,Canada,2014,205526,Health Care,Biotechnology: Pharmaceutical Preparations
NGS,Natural Gas Services Group Inc. Common Stock,$25.81,-1.09,-4.052%,323397467.00,United States,2002,93531,Energy,Oilfield Services/Equipment
NGVC,Natural Grocers by Vitamin Cottage Inc. Common Stock,$39.25,0.03,0.076%,900802415.00,United States,2012,311074,Consumer Staples,Food Chains
NGVT,Ingevity Corporation Common Stock ,$43.09,-0.27,-0.623%,1571271765.00,United States,2016,243252,Industrials,Major Chemicals
NHC,National HealthCare Corporation Common Stock,$107.01,-1.13,-1.045%,1655550533.00,United States,1986,62519,Health Care,Hospital/Nursing Management
NHI,National Health Investors Inc. Common Stock,$70.12,-0.72,-1.016%,3274160211.00,United States,,317081,Real Estate,Real Estate Investment Trusts
NHIC,NewHold Investment Corp III Class A Ordinary Shares,$10.17,0.00,0.00%,0.00,United States,2025,4777,,
NHICU,NewHold Investment Corp III Units,$10.46,0.00,0.00%,0.00,United States,2025,1,Finance,Blank Checks
NHICW,NewHold Investment Corp III Warrants,$0.3259,0.00,0.00%,0.00,United States,2025,15,,
NHPAP,National Healthcare Properties Inc. 7.375% Series A Cumulative Redeemable Perpetual Preferred Stock,$14.99,-0.12,-0.794%,424163621.00,United States,,7443,Real Estate,Real Estate Investment Trusts
NHPBP,National Healthcare Properties Inc. 7.125% Series B Cumulative Redeemable Perpetual Preferred Stock,$14.73,-0.015,-0.102%,416806546.00,United States,,1437,Real Estate,Real Estate Investment Trusts
NHS,Neuberger Berman High Yield Strategies Fund,$7.58,0.06,0.798%,0.00,United States,,214305,Finance,Trusts Except Educational Religious and Charitable
NHTC,Natural Health Trends Corp. Common Stock,$4.33,0.00,0.00%,49851615.00,United States,,15525,Consumer Discretionary,Consumer Specialties
NI,NiSource Inc Common Stock,$40.34,0.37,0.926%,18988155551.00,United States,,4005252,Utilities,Power Generation
NIC,Nicolet Bankshares Inc. Common Stock,$123.48,-1.55,-1.24%,1861978752.00,United States,2022,68508,Finance,Major Banks
NICE,NICE Ltd American Depositary Shares,$168.91,3.82,2.314%,10683530981.00,Israel,,355450,Technology,Computer Software: Prepackaged Software
NIE,Virtus Equity & Convertible Income Fund Common Shares of Beneficial Interest,$23.90,0.07,0.294%,662244264.00,United States,2007,65152,Finance,Investment Managers
NIM,Nuveen Select Maturities Municipal Fund Common Stock,$9.06,0.03,0.332%,0.00,United States,1992,24407,Finance,Trusts Except Educational Religious and Charitable
NINE,Nine Energy Service Inc. Common Stock,$0.7711,0.071,10.141%,32655039.00,United States,2018,2424167,Energy,Oilfield Services/Equipment
NIO,NIO Inc. American depositary shares each  representing one Class A ordinary share,$3.43,-0.03,-0.867%,7703747751.00,United States,2018,24388302,Consumer Discretionary,Auto Manufacturing
NIOBW,NioCorp Developments Ltd. Warrant,$0.5074,0.00,0.00%,19225386.00,United States,,42,Basic Materials,Metal Mining
NIPG,NIP Group Inc. American Depositary Shares,$2.45,0.30,13.953%,138910801.00,Sweden,2024,1352223,Consumer Discretionary,Services-Misc. Amusement & Recreation
NISN,NiSun International Enterprise Development Group Co. Ltd. Class A Common Shares,$3.69,-0.16,-4.156%,17705941.00,China,2016,8186,Industrials,Metal Fabrications
NITO,N2OFF Inc. Common Stock,$0.23,-0.004,-1.709%,6074050.00,Israel,,517740,Industrials,Agricultural Chemicals
NIU,Niu Technologies American Depositary Shares,$3.36,-0.04,-1.176%,261958946.00,China,2018,412465,Consumer Discretionary,Auto Manufacturing
NIVF,NewGenIvf Group Limited Class A Ordinary Shares,$1.04,0.01,0.971%,4497548.00,Singapore,,2114668,Health Care,Misc Health and Biotechnology Services
NIVFW,NewGenIvf Group Limited Warrants,$0.0266,0.0035,15.152%,115033.00,Singapore,,51152,Health Care,Misc Health and Biotechnology Services
NIXX,Nixxy Inc. Common Stock,$2.09,0.29,16.111%,40054424.00,United States,,1634570,Technology,EDP Services
NIXXW,Nixxy Inc. Warrant,$0.0351,0.0091,35.00%,672684.00,United States,,37383,Technology,EDP Services
NJR,NewJersey Resources Corporation Common Stock,$44.82,0.14,0.313%,4498652871.00,United States,,815114,Utilities,Oil/Gas Transmission
NKE,Nike Inc. Common Stock,$71.04,-1.00,-1.388%,104854364196.00,United States,,31064629,Consumer Discretionary,Shoe Manufacturing
NKSH,National Bankshares Inc. Common Stock,$27.20,0.13,0.48%,173083691.00,United States,,22821,Finance,Major Banks
NKTR,Nektar Therapeutics  Common Stock,$25.84,0.08,0.311%,320594451.00,United States,,2446622,Health Care,Biotechnology: Pharmaceutical Preparations
NKTX,Nkarta Inc. Common Stock,$1.66,0.00,0.00%,117789540.00,United States,2020,505102,Health Care,Biotechnology: Pharmaceutical Preparations
NKX,Nuveen California AMT-Free Quality Municipal Income Fund,$11.77,0.05,0.427%,0.00,United States,2002,129543,Finance,Finance/Investors Services
NL,NL Industries Inc. Common Stock,$6.40,0.00,0.00%,312625498.00,United States,,68428,Industrials,Major Chemicals
NLOP,Net Lease Office Properties Common Shares of Beneficial Interest,$32.55,-0.57,-1.721%,482198141.00,United States,2023,84378,Real Estate,Real Estate Investment Trusts
NLSP,NLS Pharmaceutics Ltd. Ordinary Shares,$2.90,0.11,3.943%,10433159.00,Switzerland,2021,997059,Health Care,Biotechnology: Pharmaceutical Preparations
NLSPW,NLS Pharmaceutics Ltd. Warrant,$0.02,0.0011,5.82%,71953.00,Switzerland,2021,34361,Health Care,Biotechnology: Pharmaceutical Preparations
NLY,Annaly Capital Management Inc. Common Stock,$18.82,-0.59,-3.04%,11387776316.00,United States,,7928767,Real Estate,Real Estate Investment Trusts
NLY^F,Annaly Capital Management Inc 6.95% Series F,$25.19,-0.25,-0.983%,,United States,,453278,,
NLY^G,Annaly Capital Management Inc 6.50% Series G Fixed-to-Floating Rate Cumulative Redeemable Preferred Stock,$24.75,-0.45,-1.786%,,United States,,290477,,
NLY^I,Annaly Capital Management Inc 6.750% Series I Fixed-to-Floating Rate Cumulative Redeemable Preferred Stock,$25.19,-0.19,-0.749%,,United States,,280800,,
NMAI,Nuveen Multi-Asset Income Fund Common Shares of Beneficial Interest,$12.63,0.12,0.959%,0.00,United States,2021,147329,Finance,Investment Managers
NMAX,Newsmax Inc. Class B Common Stock,$15.13,1.82,13.674%,1939527954.00,,2025,2656737,Industrials,Broadcasting
NMCO,Nuveen Municipal Credit Opportunities Fund Common Shares,$10.73,0.09,0.846%,587697916.00,,2019,206271,Finance,Finance/Investors Services
NMFC,New Mountain Finance Corporation Common Stock,$10.55,0.01,0.095%,1137832428.00,United States,,690645,Finance,Finance/Investors Services
NMFCZ,New Mountain Finance Corporation 8.250% Notes due 2028,$25.46,-0.14,-0.547%,2745897026.00,United States,,114464,,
NMG,Nouveau Monde Graphite Inc. Common Shares,$1.64,0.00,0.00%,249708350.00,,,28850,Basic Materials,Other Metals and Minerals
NMI,Nuveen Municipal Income Fund Inc. Common Stock,$10.05,0.03,0.299%,0.00,United States,1988,45165,Finance,Trusts Except Educational Religious and Charitable
NMIH,NMI Holdings Inc. Common Stock,$42.19,0.00,0.00%,3296006754.00,United States,2013,403651,Finance,Property-Casualty Insurers
NML,Neuberger Berman Energy Infrastructure and Income Fund Inc. Common Stock,$9.00,0.08,0.897%,0.00,United States,2013,199365,Finance,Finance/Investors Services
NMM,Navios Maritime Partners LP Common Units Representing Limited Partner Interests,$37.68,-0.08,-0.212%,1134534966.00,Greece,2007,123076,Consumer Discretionary,Marine Transportation
NMR,Nomura Holdings Inc ADR American Depositary Shares,$6.58,-0.02,-0.303%,19451868150.00,Japan,,378770,Finance,Investment Bankers/Brokers/Service
NMRA,Neumora Therapeutics Inc. Common Stock,$0.7333,-0.0236,-3.118%,118609751.00,United States,2023,1013603,Health Care,Biotechnology: Biological Products (No Diagnostic Substances)
NMRK,Newmark Group Inc. Class A Common Stock,$12.15,-0.19,-1.54%,2242308258.00,United States,2017,1292788,Finance,Real Estate
NMS,Nuveen Minnesota Quality Municipal Income Fund ,$11.41,0.0962,0.85%,0.00,United States,2014,15942,Finance,Finance Companies
NMT,Nuveen Massachusetts Quality Municipal Income Fund Common Stock,$11.76,0.11,0.944%,0.00,United States,,36099,Finance,Finance/Investors Services
NMTC,NeuroOne Medical Technologies Corporation Common Stock,$0.6783,-0.0017,-0.25%,33791437.00,United States,,202673,Health Care,Medical/Dental Instruments
NMZ,Nuveen Municipal High Income Opportunity Fund Common Stock $0.01 par value per share,$10.37,0.05,0.484%,0.00,United States,2003,366865,Finance,Finance/Investors Services
NN,NextNav Inc. Common Stock,$15.20,0.13,0.863%,2012437106.00,United States,,1939515,Industrials,Industrial Machinery/Components
NNAVW,NextNav Inc. Warrant,$6.35,0.13,2.09%,840722080.00,United States,,5600,Industrials,Industrial Machinery/Components
NNBR,NN Inc. Common Stock,$2.10,0.15,7.692%,105939017.00,United States,1994,217747,Industrials,Industrial Machinery/Components
NNDM,Nano Dimension Ltd. American Depositary Shares,$1.62,-0.02,-1.22%,351999231.00,Israel,,1917134,Technology,Electrical Products
NNE,Nano Nuclear Energy Inc. Common Stock,$34.49,-0.07,-0.203%,1293418906.00,United States,2024,2413842,Utilities,Electric Utilities: Central
NNI,Nelnet Inc. Common Stock,$121.12,0.72,0.598%,4403244444.00,United States,2003,89200,Finance,Finance: Consumer Services
NNN,NNN REIT Inc. Common Stock,$43.18,0.30,0.70%,8115728714.00,United States,,1046110,Real Estate,Real Estate Investment Trusts
NNNN,Anbio Biotechnology Class A Ordinary Shares,$31.66,0.45,1.442%,4555595392.00,Germany,2025,177212,Health Care,Biotechnology: In Vitro & In Vivo Diagnostic Substances
NNOX,NANO-X IMAGING LTD Ordinary Shares,$5.17,-0.06,-1.147%,329649545.00,Israel,2020,804971,Health Care,Medical Electronics
NNVC,NanoViricides Inc. Common Stock,$1.40,0.00,0.00%,22500800.00,United States,,171661,Health Care,Biotechnology: Pharmaceutical Preparations
NNY,Nuveen New York Municipal Value Fund Common Stock,$8.11,0.03,0.371%,0.00,United States,1988,36181,Finance,Investment Managers
NOA,North American Construction Group Ltd. Common Shares (no par),$15.98,-0.16,-0.991%,444679966.00,Canada,2006,52230,Energy,Oilfield Services/Equipment
NOAH,Noah Holdings Limited American Depositary Shares,$11.94,-0.09,-0.748%,800346224.00,China,2010,91768,Finance,Investment Managers
NOC,Northrop Grumman Corporation Common Stock,$499.98,5.98,1.211%,71961213936.00,United States,,642834,Industrials,Industrial Machinery/Components
NODK,NI Holdings Inc. Common Stock,$12.74,-0.55,-4.138%,263699833.00,United States,2017,16327,Finance,Property-Casualty Insurers
NOEM,CO2 Energy Transition Corp. Common Stock,$10.07,0.01,0.099%,0.00,United States,2025,2208,,
NOEMR,CO2 Energy Transition Corp. Right,$0.175,0.00,0.00%,0.00,United States,2025,124,,
NOEMU,CO2 Energy Transition Corp. Unit,$10.40,0.00,0.00%,0.00,United States,2024,3,,
NOEMW,CO2 Energy Transition Corp. Warrant,$0.09,0.00,0.00%,0.00,United States,2025,488,,
NOG,Northern Oil and Gas Inc. Common Stock,$28.35,-0.63,-2.174%,2798260696.00,United States,2022,2167766,Energy,Oil & Gas Production
NOK,Nokia Corporation Sponsored American Depositary Shares,$5.18,0.01,0.193%,29038304787.00,Finland,1994,20788116,Technology,Radio And Television Broadcasting And Communications Equipment
NOM,Nuveen Missouri Quality Municipal Income Fund ,$10.365,0.0346,0.335%,0.00,United States,1993,2347,Finance,Investment Managers
NOMD,Nomad Foods Limited Ordinary Shares,$16.99,-0.06,-0.352%,2606316579.00,United Kingdom,2016,666628,Consumer Staples,Packaged Foods
NOTE,FiscalNote Holdings Inc. Class A common stock,$0.5364,0.0551,11.448%,84867442.00,United States,2022,2646807,Consumer Discretionary,Business Services
NOTV,Inotiv Inc. Common Stock,$1.82,0.12,7.059%,62522420.00,United States,,371528,Health Care,Biotechnology: Commercial Physical & Biological Resarch
NOV,NOV Inc. Common Stock,$12.43,-0.30,-2.357%,4670428747.00,United States,,7609519,Industrials,Metal Fabrications
NOVT,Novanta Inc. Common Stock,$128.93,-1.07,-0.823%,4637719370.00,United States,,428051,Miscellaneous,Industrial Machinery/Components
NOW,ServiceNow Inc. Common Stock,$1028.08,5.66,0.554%,212812560000.00,United States,2012,1007737,Technology,Computer Software: Prepackaged Software
NPAC,New Providence Acquisition Corp. III Class A Ordinary Shares,$10.20,-0.06,-0.585%,0.00,United States,2025,285307,,
NPACU,New Providence Acquisition Corp. III Units,$10.46,-0.07,-0.665%,0.00,United States,2025,16763,Finance,Blank Checks
NPACW,New Providence Acquisition Corp. III Warrants,$0.625,0.025,4.167%,0.00,United States,2025,14039,,
NPB,Northpointe Bancshares Inc. Common Stock,$13.71,-0.47,-3.315%,471139475.00,,2025,155351,Finance,Major Banks
NPCE,Neuropace Inc. Common Stock,$11.14,0.43,4.015%,365375346.00,United States,2021,618085,Health Care,Medical/Dental Instruments
NPCT,Nuveen Core Plus Impact Fund Common Shares of Beneficial Interest,$11.21,0.11,0.991%,0.00,United States,2021,216337,Finance,Investment Managers
NPFD,Nuveen Variable Rate Preferred & Income Fund Common Shares,$19.28,0.03,0.156%,0.00,United States,2021,50435,Finance,Trusts Except Educational Religious and Charitable
NPK,National Presto Industries Inc. Common Stock,$97.96,0.04,0.041%,700147745.00,United States,,131954,Industrials,Ordnance And Accessories
NPKI,NPK International Inc. Common Stock,$8.51,-0.29,-3.295%,719287973.00,United States,,553205,Industrials,Metal Fabrications
NPO,Enpro Inc. Common Stock,$191.55,0.31,0.162%,4030679382.00,United States,,204148,Industrials,Metal Fabrications
NPV,Nuveen Virginia Quality Municipal Income Fund Common Stock,$11.26,0.025,0.223%,0.00,United States,1993,33807,Finance,Investment Managers
NPWR,NET Power Inc. Class A Common Stock,$2.47,-0.01,-0.403%,541095646.00,United States,2021,1180298,Energy,Industrial Machinery/Components
NQP,Nuveen Pennsylvania Quality Municipal Income Fund Common Stock,$11.22,0.08,0.718%,0.00,United States,1991,112937,Finance,Trusts Except Educational Religious and Charitable
NRC,National Research Corporation Common Stock (Delaware),$16.80,0.13,0.78%,382795073.00,United States,,105527,Health Care,Biotechnology: Commercial Physical & Biological Resarch
NRDS,NerdWallet Inc. Class A Common Stock,$10.97,0.04,0.366%,817403321.00,United States,2021,414221,Technology,EDP Services
NRDY,Nerdy Inc. Class A Common Stock,$1.63,0.04,2.516%,300186808.00,United States,2020,782607,Real Estate,Other Consumer Services
NREF,NexPoint Real Estate Finance Inc. Common Stock,$13.79,-0.38,-2.682%,244275550.00,United States,2020,78826,Real Estate,Real Estate Investment Trusts
NREF^A,NexPoint Real Estate Finance Inc. 8.50% Series A Cumulative Redeemable Preferred Stock,$23.0775,-0.0825,-0.356%,,United States,,527,,
NRG,NRG Energy Inc. Common Stock,$160.58,-2.09,-1.285%,31395064528.00,United States,,2797601,Utilities,Electric Utilities: Central
NRGV,Energy Vault Holdings Inc. Common Stock,$0.7168,0.0633,9.686%,111852547.00,United States,2021,1848087,Miscellaneous,Industrial Machinery/Components
NRIM,Northrim BanCorp Inc Common Stock,$93.26,-0.75,-0.798%,514878388.00,United States,,57854,Finance,Savings Institutions
NRIX,Nurix Therapeutics Inc. Common stock,$11.39,-0.25,-2.148%,868323416.00,United States,2020,669720,Health Care,Biotechnology: Pharmaceutical Preparations
NRK,Nuveen New York AMT-Free Quality Municipal Income Fund ,$9.91,0.14,1.433%,0.00,United States,2002,238548,Finance,Trusts Except Educational Religious and Charitable
NRO,Neuberger Berman Real Estate Securities Income Fund Inc.,$3.22,0.00,0.00%,0.00,United States,2003,249885,Finance,Finance/Investors Services
NRP,Natural Resource Partners LP Limited Partnership,$95.51,1.21,1.283%,1254819644.00,United States,2002,16203,Energy,Coal Mining
NRSN,NeuroSense Therapeutics Ltd. Ordinary Shares,$1.89,-0.01,-0.526%,45338584.00,Israel,2021,206548,Health Care,Biotechnology: Pharmaceutical Preparations
NRSNW,NeuroSense Therapeutics Ltd. Warrant,$0.6343,0.0101,1.618%,15216013.00,Israel,2021,625,Health Care,Biotechnology: Pharmaceutical Preparations
NRT,North European Oil Royality Trust Common Stock,$5.01,-0.01,-0.199%,46044856.00,United States,,47981,Energy,Oil & Gas Production
NRUC,National Rural Utilities Cooperative Finance Corporation 5.500% Subordinated Notes due 2064 (Subordinated Deferrable Interest Notes),$23.86,-0.19,-0.79%,0.00,United States,2019,41427,Finance,Diversified Financial Services
NRXP,NRX Pharmaceuticals Inc. Common Stock,$3.26,-0.16,-4.678%,56362766.00,United States,2017,270424,Health Care,Biotechnology: Pharmaceutical Preparations
NRXPW,NRX Pharmaceuticals Inc. Warrant,$0.0851,0.0034,4.162%,1471310.00,United States,2017,4642,Health Care,Biotechnology: Pharmaceutical Preparations
NRXS,Neuraxis Inc. Common Stock,$2.42,-0.06,-2.419%,17462391.00,,2023,30126,Health Care,Biotechnology: Electromedical & Electrotherapeutic Apparatus
NSA,National Storage Affiliates Trust Common Shares of Beneficial Interest,$31.99,0.17,0.534%,2446889828.00,United States,2015,1487939,Real Estate,Real Estate Investment Trusts
NSA^A,National Storage Affiliates Trust 6.000% Series A Cumulative Redeemable Preferred Shares of Beneficial Interest (Liquidation Preference $25.00 per share),$22.35,-0.7799,-3.372%,,United States,,61030,,
NSA^B,National Storage Affiliates Trust 6.000% Series B Cumulative Redeemable Preferred Shares of Beneficial Interest,$21.47,0.01,0.047%,,United States,,528,,
NSC,Norfolk Southern Corporation Common Stock,$255.97,0.16,0.063%,57706772951.00,United States,,1466176,Industrials,Railroads
NSIT,Insight Enterprises Inc. Common Stock,$138.085,3.055,2.262%,4408807706.00,United States,1995,398338,Consumer Discretionary,Catalog/Specialty Distribution
NSP,Insperity Inc. Common Stock,$60.12,0.86,1.451%,2262106923.00,United States,,599638,Consumer Discretionary,Professional Services
NSPR,InspireMD Inc. Common Stock,$2.27,-0.02,-0.873%,69542235.00,Israel,,141804,Health Care,Medical/Dental Instruments
NSSC,NAPCO Security Technologies Inc. Common Stock,$29.69,0.06,0.202%,1058639139.00,United States,,202209,Telecommunications,Telecommunications Equipment
NSTS,NSTS Bancorp Inc. Common Stock,$12.3299,-0.0001,-0.001%,64705170.00,United States,2022,756,Finance,Savings Institutions
NSYS,Nortech Systems Incorporated Common Stock,$8.93,0.39,4.567%,24655667.00,United States,,39743,Technology,Industrial Machinery/Components
NTAP,NetApp Inc. Common Stock,$106.55,0.83,0.785%,21349014561.00,United States,1995,2005989,Technology,Electronic Components
NTB,Bank of N.T. Butterfield & Son Limited (The) Voting Ordinary Shares,$44.28,-0.32,-0.717%,1904040000.00,Bermuda,2016,219598,Finance,Commercial Banks
NTCL,NETCLASS TECHNOLOGY INC Class A Ordinary Shares,$1.65,0.02,1.227%,29419500.00,China,2024,137103,Technology,Computer Software: Prepackaged Software
NTCT,NetScout Systems Inc. Common Stock,$24.81,0.31,1.265%,1769665866.00,United States,1999,467355,Technology,EDP Services
NTES,NetEase Inc. American Depositary Shares,$134.58,1.93,1.455%,85215825061.00,China,,775128,Technology,Computer Software: Prepackaged Software
NTGR,NETGEAR Inc. Common Stock,$29.07,0.68,2.395%,836739078.00,United States,2003,723824,Utilities,Telecommunications Equipment
NTHI,NeOnc Technologies Holdings Inc. Common Stock,$3.57,-0.11,-2.989%,67925590.00,United States,,11973,Health Care,Biotechnology: Pharmaceutical Preparations
NTIC,Northern Technologies International Corporation Common Stock,$7.41,-0.44,-5.605%,70205030.00,United States,,57407,Industrials,Industrial Specialties
NTIP,Network-1 Technologies Inc. Common Stock,$1.22,0.06,5.172%,27872808.00,United States,,77373,Miscellaneous,Multi-Sector Companies
NTLA,Intellia Therapeutics Inc. Common Stock,$9.38,-0.18,-1.883%,971612236.00,United States,2016,2736239,Health Care,Biotechnology: In Vitro & In Vivo Diagnostic Substances
NTNX,Nutanix Inc. Class A Common Stock,$76.44,1.15,1.527%,20491840507.00,United States,2016,3315418,Technology,Computer Software: Prepackaged Software
NTR,Nutrien Ltd. Common Shares,$58.24,0.12,0.206%,28391227621.00,Canada,2018,2855648,Industrials,Agricultural Chemicals
NTRA,Natera Inc. Common Stock,$168.94,0.98,0.583%,23068179225.00,United States,2015,1058630,Health Care,Medical Specialities
NTRB,Nutriband Inc. Common Stock,$7.87,-0.11,-1.378%,87783326.00,United States,,46908,Health Care,Industrial Specialties
NTRBW,Nutriband Inc. Warrant,$1.60,0.06,3.896%,17846674.00,United States,,203,Health Care,Industrial Specialties
NTRP,NextTrip Inc. Common Stock,$3.51,0.00,0.00%,26863873.00,United States,,25176,Consumer Discretionary,Miscellaneous manufacturing industries
NTRS,Northern Trust Corporation Common Stock,$126.79,2.38,1.913%,24665545924.00,United States,,2944801,Finance,Major Banks
NTRSO,Northern Trust Corporation Depositary Shares Each Representing a 1/1000th Interest in a Share of Series E Non-Cumulative Perpetual Preferred Stock,$19.56,0.24,1.242%,3805174527.00,United States,,243601,Finance,Major Banks
NTST,NetSTREIT Corp. Common Stock,$16.93,0.14,0.834%,1383284171.00,United States,2020,789789,Real Estate,Real Estate Investment Trusts
NTWK,NetSol Technologies Inc. Common  Stock,$3.11,0.17,5.782%,36416679.00,United States,,47055,Technology,Computer Software: Prepackaged Software
NTWO,Newbury Street II Acquisition Corp Class A Ordinary Shares,$10.29,0.00,0.00%,0.00,United States,2024,94,,
NTWOW,Newbury Street II Acquisition Corp Warrant,$0.25,0.00,0.00%,0.00,United States,2024,16,,
NTZ,Natuzzi S.p.A.,$3.64,0.00,0.00%,40093177.00,Italy,1993,287,Consumer Discretionary,Home Furnishings
NU,Nu Holdings Ltd. Class A Ordinary Shares,$13.72,0.47,3.547%,66111996541.00,Cayman Islands,2021,121471521,Finance,Finance: Consumer Services
NUE,Nucor Corporation Common Stock,$129.54,-1.89,-1.438%,29891420547.00,United States,,2577918,Industrials,Steel/Iron Ore
NUKK,Nukkleus Inc. Common Stock,$10.93,0.97,9.739%,58594025.00,United States,2020,315635,Consumer Discretionary,Professional Services
NUKKW,Nukkleus Inc. Warrants,$0.1199,0.0024,2.043%,642765.00,United States,2020,67829,Consumer Discretionary,Professional Services
NUS,Nu Skin Enterprises Inc. Common Stock,$7.99,-0.10,-1.236%,394809822.00,United States,1996,444019,Health Care,Other Pharmaceuticals
NUTX,Nutex Health Inc. Common Stock,$124.49,1.59,1.294%,692871379.00,United States,,168643,Consumer Discretionary,Business Services
NUV,Nuveen Municipal Value Fund Inc. Common Stock,$8.69,0.01,0.115%,0.00,United States,1987,635014,Finance,Trusts Except Educational Religious and Charitable
NUVB,Nuvation Bio Inc. Class A Common Stock,$1.95,0.02,1.036%,663512803.00,United States,2020,8343457,Health Care,Biotechnology: Pharmaceutical Preparations
NUVL,Nuvalent Inc. Class A Common Stock,$76.30,-3.38,-4.242%,5479008770.00,United States,2021,710424,Health Care,Biotechnology: Pharmaceutical Preparations
NUW,Nuveen AMT-Free Municipal Value Fund,$13.68,0.03,0.22%,0.00,United States,2009,57786,Finance,Investment Managers
NUWE,Nuwellis Inc. Common Stock,$0.2204,-0.0173,-7.278%,964023.00,United States,,1873744,Health Care,Biotechnology: Electromedical & Electrotherapeutic Apparatus
NVA,Nova Minerals Limited American Depositary Shares,$12.56,0.0099,0.079%,56925449.00,Australia,2024,2477,Basic Materials,Precious Metals
NVAWW,Nova Minerals Limited Warrant,$5.22,-0.60,-10.309%,1419510519.00,Australia,2024,159,Basic Materials,Precious Metals
NVAX,Novavax Inc. Common Stock,$6.30,-0.07,-1.099%,1020413129.00,United States,,3582102,Health Care,Biotechnology: Biological Products (No Diagnostic Substances)
NVCR,NovoCure Limited Ordinary Shares,$17.80,-0.20,-1.111%,1984444285.00,Jersey,2015,1719409,Health Care,Medical/Dental Instruments
NVCT,Nuvectis Pharma Inc. Common Stock,$7.47,-0.08,-1.06%,176550357.00,United States,2022,146873,Health Care,Biotechnology: Pharmaceutical Preparations
NVDA,NVIDIA Corporation Common Stock,$157.99,0.24,0.152%,3854956000000.00,United States,1999,194105775,Technology,Semiconductors
NVEC,NVE Corporation Common Stock,$73.61,-0.42,-0.567%,356063789.00,United States,,84567,Technology,Semiconductors
NVEE,NV5 Global Inc. Common Stock,$23.09,0.30,1.316%,1515785489.00,United States,2013,753330,Consumer Discretionary,Other Consumer Services
NVFY,Nova Lifestyle Inc. Common Stock,$1.38,-0.02,-1.429%,18918174.00,United States,,215915,Consumer Discretionary,Home Furnishings
NVG,Nuveen AMT-Free Municipal Credit Income Fund ,$11.93,0.09,0.76%,0.00,United States,2002,422657,Finance,Investment Managers
NVGS,Navigator Holdings Ltd. Ordinary Shares (Marshall Islands),$14.15,-0.38,-2.615%,981976719.00,Marshall Islands,2013,804611,Consumer Discretionary,Marine Transportation
NVMI,Nova Ltd. Ordinary Shares,$275.20,7.56,2.825%,8057578323.00,Israel,2000,300308,Technology,Electronic Components
NVNI,Nvni Group Limited Ordinary Shares,$0.2963,-0.0003,-0.101%,27336638.00,Cayman Islands,,791098,Technology,Computer Software: Prepackaged Software
NVNIW,Nvni Group Limited Warrants,$0.0515,-0.0004,-0.771%,4751390.00,Cayman Islands,,1575,Technology,Computer Software: Prepackaged Software
NVNO,enVVeno Medical Corporation Common Stock,$3.99,-0.08,-1.966%,69968640.00,United States,2018,80696,Health Care,Medical/Dental Instruments
NVO,Novo Nordisk A/S Common Stock,$69.02,0.51,0.744%,308174300000.00,Denmark,,7625374,Health Care,Biotechnology: Pharmaceutical Preparations
NVR,NVR Inc. Common Stock,$7385.66,10.15,0.138%,21594421663.00,United States,1998,21157,Consumer Discretionary,Homebuilding
NVRI,Enviri Corporation Common Stock,$8.68,-0.12,-1.364%,698716390.00,United States,,472471,Miscellaneous,Diversified Commercial Services
NVS,Novartis AG Common Stock,$121.01,1.00,0.833%,239005549900.00,Switzerland,,1280728,Health Care,Biotechnology: Pharmaceutical Preparations
NVST,Envista Holdings Corporation Common Stock,$19.54,-0.13,-0.661%,3311776234.00,United States,2019,2020608,Health Care,Medical/Dental Instruments
NVT,nVent Electric plc Ordinary Shares ,$73.25,-0.10,-0.136%,12059569493.00,United Kingdom,2018,1276807,Industrials,Industrial Machinery/Components
NVTS,Navitas Semiconductor Corporation Common Stock,$6.55,-0.12,-1.799%,1256340998.00,United States,,26607965,Technology,Semiconductors
NVVE,Nuvve Holding Corp. Common Stock,$0.9479,0.0766,8.791%,3503941.00,United States,2020,1473670,Industrials,Electrical Products
NVVEW,Nuvve Holding Corp. Warrant,$0.0247,0.0006,2.49%,91304.00,United States,2020,22597,Industrials,Electrical Products
NVX,NOVONIX Limited American Depository Shares,$1.01,-0.025,-2.415%,143405353.00,Australia,,42466,Miscellaneous,Industrial Machinery/Components
NWBI,Northwest Bancshares Inc. Common Stock,$12.78,-0.05,-0.39%,1632676324.00,United States,2009,547794,Finance,Major Banks
NWE,NorthWestern Energy Group Inc. Common Stock,$51.30,0.45,0.885%,3148775994.00,United States,,353543,Utilities,Power Generation
NWFL,Norwood Financial Corp. Common Stock,$25.78,-0.07,-0.271%,238736257.00,United States,,11572,Finance,Major Banks
NWG,NatWest Group plc American Depositary Shares (each representing two (2) Ordinary Shares),$14.15,0.10,0.712%,57253377212.00,United Kingdom,2022,3450774,Finance,Commercial Banks
NWGL,Nature Wood Group Limited American Depositary Shares,$0.932,-0.098,-9.515%,15427550.00,China,2023,145478,Energy,
NWL,Newell Brands Inc. Common Stock,$5.40,-0.04,-0.735%,2255580000.00,United States,,6731338,Industrials,Plastic Products
NWN,Northwest Natural Holding Company Common Stock,$39.72,-0.06,-0.151%,1601103667.00,United States,,310649,Utilities,Oil/Gas Transmission
NWPX,NWPX Infrastructure Inc. Common Stock,$41.01,-0.74,-1.772%,405099774.00,United States,1995,118378,Industrials,Steel/Iron Ore
NWS,News Corporation Class B Common Stock,$34.31,0.44,1.299%,19423319395.00,United States,,666104,Consumer Discretionary,Newspapers/Magazines
NWSA,News Corporation Class A Common Stock,$29.72,0.29,0.985%,16824863084.00,United States,,3165965,Consumer Discretionary,Newspapers/Magazines
NWTG,Newton Golf Company Inc. Common Stock,$1.475,0.025,1.724%,6661299.00,United States,2023,85922,Consumer Discretionary,Recreational Games/Products/Toys
NWTN,NWTN Inc. Class B Ordinary Shares,$1.60,0.09,5.96%,467519509.00,United Arab Emirates,,119941,Consumer Discretionary,Auto Manufacturing
NWTNW,NWTN Inc. Warrant,$0.0563,0.0195,52.989%,16450843.00,United Arab Emirates,,6761,Consumer Discretionary,Auto Manufacturing
NX,Quanex Building Products Corporation Common Stock,$18.90,-0.37,-1.92%,868892648.00,United States,,354021,Industrials,Metal Fabrications
NXC,Nuveen California Select Tax-Free Income Portfolio Common Stock,$13.17,0.24,1.856%,83772829.00,United States,1992,16811,Finance,Investment Managers
NXDT,NexPoint Diversified Real Estate Trust Common Stock,$4.19,-0.13,-3.009%,191499995.00,United States,,196979,Real Estate,Real Estate Investment Trusts
NXDT^A,NexPoint Diversified Real Estate Trust 5.50% Series A Cumulative Preferred Shares ($25.00 liquidation preference per share),$13.7101,-0.0949,-0.687%,,United States,,2443,,
NXE,Nexgen Energy Ltd. Common Shares,$6.94,0.14,2.059%,3953499487.00,Canada,2017,9876544,Basic Materials,Other Metals and Minerals
NXG,NXG NextGen Infrastructure Income Fund Common Shares of Beneficial Interest,$50.29,0.65,1.309%,130840197.00,,2012,54242,,
NXGL,NexGel Inc Common Stock,$2.58,0.18,7.50%,19748705.00,United States,2021,81248,Health Care,Medical/Dental Instruments
NXGLW,NexGel Inc Warrant,$0.2501,-0.1097,-30.489%,1914400.00,United States,2021,42692,Health Care,Medical/Dental Instruments
NXJ,Nuveen New Jersey Qualified Municipal Fund ,$11.35,0.04,0.354%,0.00,United States,2001,233915,Finance,Finance/Investors Services
NXL,Nexalin Technology Inc. Common Stock,$0.9878,0.0678,7.37%,16968358.00,United States,2022,83085,Health Care,Biotechnology: Electromedical & Electrotherapeutic Apparatus
NXLIW,Nexalin Technology Inc. Warrant,$0.0473,-0.0239,-33.567%,812516.00,United States,2022,1216,Health Care,Biotechnology: Electromedical & Electrotherapeutic Apparatus
NXN,Nuveen New York Select Tax-Free Income Portfolio Common Stock,$11.63,0.05,0.432%,45646529.00,United States,1992,3128,Finance,Trusts Except Educational Religious and Charitable
NXP,Nuveen Select Tax Free Income Portfolio Common Stock,$14.05,0.09,0.645%,657527538.00,United States,1992,131881,Finance,Trusts Except Educational Religious and Charitable
NXPI,NXP Semiconductors N.V. Common Stock,$218.49,1.45,0.668%,55196844226.00,Netherlands,2010,2165265,Technology,Semiconductors
NXPL,NextPlat Corp Common Stock,$0.7429,-0.0011,-0.148%,19287951.00,United States,,31542,Telecommunications,Telecommunications Equipment
NXPLW,NextPlat Corp Warrants,$0.118,0.00,0.00%,3063640.00,United States,,45,Telecommunications,Telecommunications Equipment
NXRT,NexPoint Residential Trust Inc. Common Stock,$33.32,0.13,0.392%,842486237.00,United States,2015,160064,Real Estate,Real Estate Investment Trusts
NXST,Nexstar Media Group Inc. Common Stock,$172.95,0.47,0.272%,5214247931.00,United States,2003,203576,Industrials,Broadcasting
NXT,Nextracker Inc. Class A Common Stock,$54.37,-3.95,-6.773%,7952371614.00,United States,2023,4703279,Industrials,Industrial Machinery/Components
NXTC,NextCure Inc. Common Stock,$0.46,0.01,2.222%,12903088.00,United States,2019,266111,Health Care,Biotechnology: Pharmaceutical Preparations
NXTT,Next Technology Holding Inc. Ordinary Shares,$2.30,0.26,12.745%,1003409811.00,China,,586214,Technology,EDP Services
NXXT,NextNRG Inc. Common Stock,$2.77,0.00,0.00%,328235535.00,United States,2021,142065,Consumer Discretionary,Retail-Auto Dealers and Gas Stations
NYAX,Nayax Ltd. Ordinary Shares,$50.27,0.66,1.33%,1846204357.00,Israel,,13619,Technology,Computer Software: Prepackaged Software
NYC,American Strategic Investment Co. Class A Common Stock,$13.14,0.46,3.628%,34611785.00,,2020,6072,Real Estate,Real Estate Investment Trusts
NYMT,New York Mortgage Trust Inc. Common Stock,$6.70,0.05,0.752%,604998081.00,United States,,569976,Real Estate,Real Estate Investment Trusts
NYMTG,New York Mortgage Trust Inc. 9.125% Senior Notes Due 2030,$24.02,-0.44,-1.799%,0.00,United States,,36339,Real Estate,Real Estate Investment Trusts
NYMTI,New York Mortgage Trust Inc. 9.125% Senior Notes Due 2029,$24.23,-0.37,-1.504%,2194740049.00,United States,,20394,Real Estate,Real Estate Investment Trusts
NYMTL,New York Mortgage Trust Inc. 6.875% Series F Fixed-to-Floating Rate Cumulative Redeemable Preferred Stock $0.01 par value per share,$21.15,-0.54,-2.49%,1909807374.00,United States,,84005,Real Estate,Real Estate Investment Trusts
NYMTM,New York Mortgage Trust Inc. 7.875% Series E Fixed-to-Floating Rate Cumulative Redeemable Preferred Stock,$24.55,-0.16,-0.648%,2216821326.00,United States,,179688,Real Estate,Real Estate Investment Trusts
NYMTN,New York Mortgage Trust Inc. 8.00% Series D Fixed-to-Floating Rate Cumulative Redeemable Preferred Stock,$20.86,-0.59,-2.751%,1883620890.00,United States,,107081,Real Estate,Real Estate Investment Trusts
NYMTZ,New York Mortgage Trust Inc. 7.000% Series G Cumulative Redeemable Preferred Stock $0.01 par value per share,$18.76,0.01,0.053%,1693994626.00,United States,,3044,Real Estate,Real Estate Investment Trusts
NYT,New York Times Company (The) Common Stock,$55.98,0.37,0.665%,9127529707.00,United States,,1397635,Consumer Discretionary,Newspapers/Magazines
NYXH,Nyxoah SA Ordinary Shares,$7.48,0.01,0.134%,279955942.00,Belgium,2021,39777,Health Care,Medical/Dental Instruments
NZF,Nuveen Municipal Credit Income Fund ,$11.92,0.05,0.421%,0.00,United States,2007,615031,Finance,Finance Companies
O,Realty Income Corporation Common Stock,$57.61,0.58,1.017%,52026435747.00,United States,,7294623,Real Estate,Real Estate Investment Trusts
OABI,OmniAb Inc. Common Stock,$1.74,0.04,2.353%,212863485.00,United States,2021,510588,Health Care,Biotechnology: Commercial Physical & Biological Resarch
OABIW,OmniAb Inc. Warrant,$0.1731,-0.1169,-40.31%,21176247.00,United States,2021,158,Health Care,Biotechnology: Commercial Physical & Biological Resarch
OACC,Oaktree Acquisition Corp. III Life Sciences Class A Ordinary Share,$10.45,-0.0427,-0.407%,0.00,United States,2024,23222,Finance,Blank Checks
OACCU,Oaktree Acquisition Corp. III Life Sciences Unit,$10.61,0.00,0.00%,0.00,United States,2024,1,Finance,Blank Checks
OACCW,Oaktree Acquisition Corp. III Life Sciences Warrant,$0.875,0.0197,2.303%,0.00,United States,2024,610,Finance,Blank Checks
OAK^A,Brookfield Oaktree Holdings LLC 6.625% Series A Preferred Units,$22.99,-0.0999,-0.433%,,United States,,6206,,
OAK^B,Brookfield Oaktree Holdings LLC 6.550% Series B Preferred Units,$21.82,-0.89,-3.919%,,United States,,45627,,
OAKU,Oak Woods Acquisition Corporation Class A Ordinary Shares,$11.70,0.00,0.00%,0.00,Canada,2023,40,Finance,Blank Checks
OAKUW,Oak Woods Acquisition Corporation Warrant,$0.03,0.00,0.00%,0.00,Canada,2023,101,Finance,Blank Checks
OBAWU,Oxley Bridge Acquisition Limited Unit,$10.01,-0.01,-0.10%,0.00,Hong Kong,2025,495648,,
OBDC,Blue Owl Capital Corporation Common Stock,$14.34,-0.20,-1.376%,7328431719.00,,2019,3351449,Finance,Diversified Financial Services
OBE,Obsidian Energy Ltd. Common Shares,$5.55,0.06,1.093%,391379878.00,Canada,2022,366252,Energy,Oil & Gas Production
OBIO,Orchestra BioMed Holdings Inc. Ordinary Shares,$2.68,-0.10,-3.597%,102677532.00,United States,2020,443975,Health Care, Medicinal Chemicals and Botanical Products 
OBK,Origin Bancorp Inc. Common Stock,$35.74,-0.02,-0.056%,1113650037.00,United States,,186149,Finance,Major Banks
OBLG,Oblong Inc. Common Stock,$3.73,0.63,20.323%,4942138.00,United States,,109149,Technology,Computer Software: Programming Data Processing
OBT,Orange County Bancorp Inc. Common Stock,$25.84,0.00,0.00%,294155790.00,United States,,52533,Finance,Major Banks
OC,Owens Corning Inc Common Stock New,$137.52,-0.50,-0.362%,11696423926.00,United States,,510878,Industrials,Industrial Machinery/Components
OCC,Optical Cable Corporation Common Stock,$2.905,0.005,0.172%,23903052.00,United States,,17933,Industrials,Telecommunications Equipment
OCCI,OFS Credit Company Inc. Common Stock,$6.23,0.06,0.972%,72370857.00,United States,2018,213543,Finance,Trusts Except Educational Religious and Charitable
OCCIM,OFS Credit Company Inc. 7.875% Series F Term Preferred Stock,$24.80,0.00,0.00%,0.00,United States,,511,,
OCCIN,OFS Credit Company Inc. 5.25% Series E Term Preferred Stock Due 2026,$24.18,0.0825,0.342%,280887212.00,United States,,275,Finance,Trusts Except Educational Religious and Charitable
OCCIO,OFS Credit Company Inc. 6.125% Series C Term Preferred Stock,$24.8469,-0.0031,-0.012%,288634262.00,United States,,2707,Finance,Trusts Except Educational Religious and Charitable
OCFC,OceanFirst Financial Corp. Common Stock,$17.61,-0.11,-0.621%,1028133875.00,United States,,271360,Finance,Major Banks
OCFT,OneConnect Financial Technology Co. Ltd. American Depositary Shares each representing thirty ordinary shares,$7.20,0.00,0.00%,280795356.00,China,2019,38226,Technology,Computer Software: Programming Data Processing
OCG,Oriental Culture Holding LTD Ordinary Shares,$6.10,0.35,6.087%,126476955.00,China,2020,21436,Consumer Discretionary,Other Consumer Services
OCGN,Ocugen Inc. Common Stock,$0.9704,-0.0137,-1.392%,283387169.00,United States,2014,10923818,Health Care,Biotechnology: Biological Products (No Diagnostic Substances)
OCS,Oculis Holding AG Ordinary shares,$19.41,0.06,0.31%,847487223.00,Switzerland,,16275,Health Care,Biotechnology: Pharmaceutical Preparations
OCSL,Oaktree Specialty Lending Corporation Common Stock,$13.66,0.10,0.737%,1203248244.00,United States,,845603,Finance,Finance: Consumer Services
OCTO,Eightco Holdings Inc. Common Stock,$1.24,0.04,3.333%,3775483.00,United States,,8270,,
OCUL,Ocular Therapeutix Inc. Common Stock,$9.28,0.06,0.651%,1478301550.00,United States,2014,2636763,Health Care,Biotechnology: Pharmaceutical Preparations
ODC,Oil-Dri Corporation Of America Common Stock,$58.99,1.16,2.006%,863509070.00,United States,,58303,Consumer Discretionary,Miscellaneous manufacturing industries
ODD,ODDITY Tech Ltd. Class A Ordinary Shares,$75.47,0.50,0.667%,4213361122.00,Israel,2023,1309045,Consumer Discretionary,Package Goods/Cosmetics
ODFL,Old Dominion Freight Line Inc. Common Stock,$162.30,-1.38,-0.843%,34298111446.00,United States,1991,1884808,Industrials,Trucking Freight/Courier Services
ODP,The ODP Corporation Common Stock,$18.13,0.23,1.285%,545394365.00,United States,,402770,Consumer Discretionary,Other Specialty Stores
ODV,Osisko Development Corp. Common Shares,$2.14,0.04,1.905%,292438903.00,Canada,2022,149087,Basic Materials,Precious Metals
ODVWZ,Osisko Development Corp. Warrant expiring 5/27/2027,$0.15,-0.01,-6.25%,20498054.00,Canada,,10301,Basic Materials,Precious Metals
ODYS,Odysight.ai Inc. Common Stock,$5.10,-1.91,-27.247%,83213921.00,Israel,,66318,Technology,Electronic Components
OEC,Orion S.A. Common Shares,$10.49,-0.23,-2.146%,590268608.00,Luxembourg,2014,738467,Industrials,Major Chemicals
OESX,Orion Energy Systems Inc. Common Stock,$0.6001,-0.0249,-3.984%,19986750.00,United States,2015,80117,Consumer Discretionary,Building Products
OFAL,OFA Group Ordinary Shares,$1.76,-0.04,-2.222%,22829155.00,Hong Kong,2025,121061,Consumer Discretionary,Military/Government/Technical
OFG,OFG Bancorp Common Stock,$42.80,-0.29,-0.673%,1922281151.00,Puerto Rico,,210355,Finance,Major Banks
OFIX,Orthofix Medical Inc. Common Stock (DE),$11.15,0.06,0.541%,436866288.00,Curacao,1992,361458,Health Care,Medical/Dental Instruments
OFLX,Omega Flex Inc. Common Stock,$32.38,-1.66,-4.877%,326854146.00,United States,,102119,Industrials,Industrial Specialties
OFS,OFS Capital Corporation Common Stock,$8.44,-0.01,-0.118%,113079778.00,United States,,95868,Finance,Finance/Investors Services
OFSSH,OFS Capital Corporation 4.95% Notes due 2028,$23.18,0.03,0.13%,310567448.00,United States,,106,Finance,Finance Companies
OGE,OGE Energy Corp Common Stock,$44.38,0.34,0.772%,8935034054.00,United States,,2133221,Utilities,Electric Utilities: Central
OGEN,Oragenics Inc. Common Stock,$3.82,-0.23,-5.679%,2734520.00,United States,,133266,Health Care,Biotechnology: Pharmaceutical Preparations
OGI,Organigram Global Inc. Common Shares,$1.35,0.00,0.00%,180743308.00,Canada,,376175,Health Care,Biotechnology: Pharmaceutical Preparations
OGN,Organon & Co. Common Stock ,$9.68,-0.18,-1.826%,2516374690.00,United States,2021,3607748,Health Care,Biotechnology: Pharmaceutical Preparations
OGS,ONE Gas Inc. Common Stock,$71.86,0.27,0.377%,4306607742.00,United States,2014,746470,Utilities,Oil/Gas Transmission
OHI,Omega Healthcare Investors Inc. Common Stock,$36.65,0.07,0.191%,10606326750.00,United States,1992,1625716,Real Estate,Real Estate Investment Trusts
OI,O-I Glass Inc. Common Stock,$14.74,-0.32,-2.125%,2280028599.00,United States,,2227367,Consumer Discretionary,Containers/Packaging
OIA,Invesco Municipal Income Opportunities Trust Common Stock,$5.75,0.09,1.59%,273732137.00,United States,,268475,Finance,Finance Companies
OII,Oceaneering International Inc. Common Stock,$20.72,-0.13,-0.624%,2084318620.00,United States,,1283838,Energy,Oilfield Services/Equipment
OIS,Oil States International Inc. Common Stock,$5.36,-0.13,-2.368%,331616859.00,United States,2001,913180,Industrials,Metal Fabrications
OKE,ONEOK Inc. Common Stock,$81.63,0.38,0.468%,50988749261.00,United States,,2860003,Utilities,Oil & Gas Production
OKLO,Oklo Inc. Class A common stock,$55.99,0.73,1.321%,7794099092.00,United States,2021,13404432,Utilities,Electric Utilities: Central
OKTA,Okta Inc. Class A Common Stock,$99.97,1.54,1.565%,17502076901.00,United States,2017,2856809,Technology,Computer Software: Prepackaged Software
OKUR,OnKure Therapeutics Inc. Class A Common Stock,$2.39,-0.01,-0.417%,32289854.00,United States,2021,24888,Health Care,Biotechnology: Pharmaceutical Preparations
OKYO,OKYO Pharma Limited Ordinary Shares,$2.57,0.12,4.898%,86968800.00,Guernsey,2022,52964,Health Care,Biotechnology: Biological Products (No Diagnostic Substances)
OLB,The OLB Group Inc. Common Stock,$1.87,-0.25,-11.792%,5250584.00,United States,,49614,Consumer Discretionary,Business Services
OLED,Universal Display Corporation Common Stock,$154.46,-1.81,-1.158%,7340888357.00,United States,,350276,Technology,Electrical Products
OLLI,Ollie's Bargain Outlet Holdings Inc. Common Stock,$131.78,-1.02,-0.768%,8083533057.00,United States,2015,1458026,Consumer Discretionary,Department/Specialty Retail Stores
OLMA,Olema Pharmaceuticals Inc. Common Stock,$4.26,-0.36,-7.792%,291474640.00,United States,2020,1084206,Health Care,Biotechnology: Pharmaceutical Preparations
OLN,Olin Corporation Common Stock,$20.09,-0.34,-1.664%,2313076052.00,United States,,1730478,Industrials,Major Chemicals
OLO,Olo Inc. Class A Common Stock,$8.90,0.28,3.248%,1488061862.00,United States,2021,2806015,Technology,Computer Software: Prepackaged Software
OLP,One Liberty Properties Inc. Common Stock,$23.86,0.08,0.336%,515240642.00,United States,1986,75036,Real Estate,Real Estate Investment Trusts
OLPX,Olaplex Holdings Inc. Common Stock,$1.40,-0.10,-6.667%,932292038.00,United States,2021,1445871,Consumer Discretionary,Package Goods/Cosmetics
OM,Outset Medical Inc. Common Stock,$19.21,0.14,0.734%,340445575.00,United States,2020,308397,Health Care,Biotechnology: Electromedical & Electrotherapeutic Apparatus
OMAB,Grupo Aeroportuario del Centro Norte S.A.B. de C.V. ADS,$105.50,1.01,0.967%,5092609279.00,Mexico,2006,73686,Consumer Discretionary,Aerospace
OMC,Omnicom Group Inc. Common Stock,$71.94,0.58,0.813%,14036170955.00,United States,,3081429,Consumer Discretionary,Advertising
OMCC,Old Market Capital Corporation Common Stock,$5.50,0.20,3.774%,36850000.00,United States,,7063,Finance,Finance Companies
OMCL,Omnicell Inc. Common Stock ($0.001 par value),$29.40,0.02,0.068%,1377201958.00,United States,2001,410177,Technology,Computer Manufacturing
OMDA,Omada Health Inc. Common Stock,$18.30,0.69,3.918%,1020121422.00,United States,2025,790935,Health Care,Medical/Nursing Services
OMER,Omeros Corporation Common Stock,$3.00,-0.20,-6.25%,175777539.00,United States,2009,1236728,Health Care,Biotechnology: Pharmaceutical Preparations
OMEX,Odyssey Marine Exploration Inc. Common Stock,$1.18,0.06,5.357%,36975936.00,United States,,820515,Consumer Discretionary,Marine Transportation
OMF,OneMain Holdings Inc. Common Stock,$57.00,0.35,0.618%,6781221315.00,United States,2013,636469,Finance,Finance: Consumer Services
OMH,Ohmyhome Limited Ordinary Shares,$1.38,-0.09,-6.122%,32554625.00,Singapore,2023,101068,Finance,Real Estate
OMI,Owens & Minor Inc. Common Stock,$9.10,0.23,2.593%,697188665.00,United States,,1983821,Health Care,Medical Specialities
OMSE,OMS Energy Technologies Inc. Ordinary Shares,$6.73,-0.50,-6.916%,298142742.00,Singapore,2025,53482,Industrials,Metal Fabrications
ON,ON Semiconductor Corporation Common Stock,$52.41,-0.52,-0.982%,21901370984.00,United States,,7093948,Technology,Semiconductors
ONB,Old National Bancorp Common Stock,$21.34,-0.03,-0.14%,6823379640.00,United States,,2284801,Finance,Major Banks
ONBPO,Old National Bancorp Depositary Shares Each Representing a 1/40th Interest in a Share of Series C Preferred Stock,$24.78,-0.12,-0.482%,7923305880.00,United States,,47551,Finance,Major Banks
ONBPP,Old National Bancorp Depositary Shares Each Representing a 1/40th Interest in a Share of Series A Preferred Stock,$24.92,-0.14,-0.559%,7968070320.00,United States,,44470,Finance,Major Banks
ONC,BeOne Medicines Ltd. American Depositary Shares,$242.07,0.87,0.361%,26130731984.00,Cayman Islands,2016,402124,Health Care,Biotechnology: Pharmaceutical Preparations
ONCO,Onconetix Inc. Common Stock,$4.77,-0.06,-1.242%,2489287.00,United States,2022,150913,Health Care,Biotechnology: Pharmaceutical Preparations
ONCY,Oncolytics Biotech Inc. Common Shares,$0.773,0.0224,2.984%,68659592.00,Canada,,654897,Health Care,Biotechnology: Pharmaceutical Preparations
ONDS,Ondas Holdings Inc. Common Stock,$1.92,0.09,4.918%,263858968.00,United States,,46016972,Technology,Radio And Television Broadcasting And Communications Equipment
ONEG,OneConstruction Group Limited Ordinary Shares,$7.80,2.85,57.576%,101400000.00,Hong Kong,2024,1270416,Consumer Discretionary,Homebuilding
ONEW,OneWater Marine Inc. Class A Common Stock,$13.39,-0.35,-2.547%,218432610.00,United States,2020,67701,Consumer Discretionary,Auto & Home Supply Stores
ONFO,Onfolio Holdings Inc. Common Stock,$1.02,0.088,9.442%,5229944.00,United States,2022,57378,Technology,EDP Services
ONFOW,Onfolio Holdings Inc. Warrant,$0.1298,0.0098,8.167%,665536.00,United States,2022,113,Technology,EDP Services
ONIT,Onity Group Inc. Common Stock,$38.17,0.60,1.597%,305685018.00,United States,,25989,Finance,Finance: Consumer Services
ONL,Orion Properties Inc. Common Stock,$2.13,-0.04,-1.843%,119692506.00,United States,2021,1059521,Real Estate,Real Estate Investment Trusts
ONMD,OneMedNet Corp Class A Common Stock,$0.5701,0.0551,10.699%,17429571.00,United Kingdom,2021,1506935,Health Care,Biotechnology: Commercial Physical & Biological Resarch
ONMDW,OneMedNet Corp Warrant,$0.027,-0.002,-6.897%,825466.00,United Kingdom,2021,9402,Health Care,Biotechnology: Commercial Physical & Biological Resarch
ONON,On Holding AG Class A Ordinary Shares,$52.05,-0.44,-0.838%,33037896528.00,,2021,4837912,Consumer Discretionary,Shoe Manufacturing
ONTF,ON24 Inc. Common Stock,$5.43,-0.03,-0.549%,230640151.00,United States,2021,307300,Technology,Computer Software: Prepackaged Software
ONTO,Onto Innovation Inc. Common Stock,$100.93,2.05,2.073%,4932888045.00,United States,,1555823,Industrials,Industrial Machinery/Components
OOMA,Ooma Inc. Common Stock,$12.90,0.33,2.625%,356040000.00,United States,2015,295282,Technology,EDP Services
OP,OceanPal Inc. Common Stock,$1.84,-0.16,-8.00%,13809167.00,Greece,,393989,Consumer Discretionary,Marine Transportation
OPAD,Offerpad Solutions Inc. Class A Common Stock,$0.91,-0.0386,-4.069%,25064209.00,United States,2020,81172,Finance,Real Estate
OPAL,OPAL Fuels Inc. Class A Common Stock,$2.42,-0.10,-3.968%,419557622.00,United States,2021,446452,Utilities,Natural Gas Distribution
OPBK,OP Bancorp Common Stock,$12.99,0.10,0.776%,192403606.00,United States,2018,116070,Finance,Major Banks
OPCH,Option Care Health Inc. Common Stock,$32.48,0.23,0.713%,5318510680.00,United States,,1432025,Health Care,Medical/Nursing Services
OPEN,Opendoor Technologies Inc Common Stock,$0.533,-0.0254,-4.549%,388502042.00,United States,,95863865,Finance,Real Estate
OPFI,OppFi Inc. Class A Common Stock,$13.99,-0.62,-4.244%,1214441849.00,United States,2020,2082897,Finance,Finance: Consumer Services
OPHC,OptimumBank Holdings Inc. Common Stock,$4.47,-0.04,-0.887%,52527337.00,United States,,2115,Finance,Major Banks
OPI,Office Properties Income Trust Common Shares of Beneficial Interest,$0.247,0.037,17.619%,17511053.00,United States,,794873,Finance,Real Estate
OPINL,Office Properties Income Trust 6.375% Senior Notes due 2050,$6.15,-0.75,-10.87%,436003943.00,United States,,63641,Finance,Real Estate
OPK,OPKO Health Inc. Common Stock,$1.32,0.00,0.00%,1046829700.00,United States,,1889103,Health Care,Biotechnology: Pharmaceutical Preparations
OPOF,Old Point Financial Corporation Common Stock,$39.25,-0.68,-1.703%,200372388.00,United States,,48272,Finance,Major Banks
OPP,RiverNorth/DoubleLine Strategic Opportunity Fund Inc. Common Stock,$8.55,0.08,0.945%,0.00,United States,2016,95828,Finance,Finance/Investors Services
OPP^A,RiverNorth/DoubleLine Strategic Opportunity Fund Inc. 4.375% Series A Cumulative Preferred Stock,$17.13,-0.006,-0.035%,,United States,,2440,,
OPP^B,RiverNorth/DoubleLine Strategic Opportunity Fund Inc. 4.75% Series B Cumulative Preferred Stock,$18.44,-0.11,-0.593%,,United States,,4776,,
OPP^C,RiverNorth/DoubleLine Strategic Opportunity Fund Inc. 6.00% Series C Term Preferred Stock (Liquidation Preference $10.00 per share),$10.12,0.00,0.00%,,United States,,570,,
OPRA,Opera Limited American Depositary Shares,$18.90,0.43,2.328%,1691566141.00,Norway,2018,599303,Technology,Computer Software: Prepackaged Software
OPRT,Oportun Financial Corporation Common Stock,$7.16,-0.20,-2.717%,268508341.00,United States,2019,1581061,Finance,Finance: Consumer Services
OPRX,OptimizeRx Corporation Common Stock,$13.50,-0.14,-1.026%,249683999.00,United States,,583838,Consumer Discretionary,Business Services
OPTT,Ocean Power Technologies Inc. Common Stock,$0.4749,-0.0197,-3.983%,42159830.00,United States,2007,3715615,Utilities,Electric Utilities: Central
OPTX,Syntec Optics Holdings Inc. Class A Common Stock,$1.34,-0.07,-4.965%,49162276.00,United States,2022,49000,Technology,Electronic Components
OPTXW,Syntec Optics Holdings Inc. Warrant,$0.0869,0.00,0.00%,3188210.00,United States,2022,99,Technology,Electronic Components
OPXS,Optex Systems Holdings Inc. Common Stock,$11.49,0.00,0.00%,79429439.00,United States,,131256,Technology,Electronic Components
OPY,Oppenheimer Holdings Inc. Class A Common Stock (DE),$65.77,-0.42,-0.635%,692261806.00,United States,,102307,Finance,Investment Bankers/Brokers/Service
OR,OR Royalties Inc. Common Shares,$25.71,0.68,2.717%,4819775439.00,Canada,2016,551995,Basic Materials,Precious Metals
ORA,Ormat Technologies Inc. Common Stock,$83.76,-0.39,-0.463%,5081101554.00,United States,2004,555699,Utilities,Electric Utilities: Central
ORC,Orchid Island Capital Inc. Common Stock,$7.01,-0.02,-0.284%,747780464.00,United States,2013,3815374,Real Estate,Real Estate Investment Trusts
ORCL,Oracle Corporation Common Stock,$218.63,8.39,3.991%,614095158790.00,United States,1986,31821309,Technology,Computer Software: Prepackaged Software
ORGN,Origin Materials Inc. Common Stock,$0.4832,0.0023,0.478%,72453315.00,United States,2020,553795,Industrials,Major Chemicals
ORGNW,Origin Materials Inc. Warrants,$0.0192,0.0027,16.364%,2878940.00,United States,2020,7547,Industrials,Major Chemicals
ORGO,Organogenesis Holdings Inc. Class A Common Stock,$3.66,-0.01,-0.272%,464283942.00,United States,2016,1674569,Health Care,Biotechnology: Pharmaceutical Preparations
ORI,Old Republic International Corporation Common Stock,$38.44,0.32,0.839%,9500968361.00,United States,,1525734,Finance,Property-Casualty Insurers
ORIC,Oric Pharmaceuticals Inc. Common Stock,$10.15,-0.16,-1.552%,721544012.00,United States,2020,633457,Health Care,Biotechnology: Pharmaceutical Preparations
ORIS,Oriental Rise Holdings Limited Ordinary Shares,$0.5476,0.0117,2.183%,12054045.00,China,2024,241926,Consumer Staples,Farming/Seeds/Milling
ORKA,Oruka Therapeutics Inc. Common Stock,$11.21,0.13,1.173%,419708117.00,United States,,186441,Health Care,Biotechnology: In Vitro & In Vivo Diagnostic Substances
ORKT,Orangekloud Technology Inc. Class A Ordinary Shares,$0.51,0.0159,3.218%,11913090.00,Singapore,2024,341727,Technology,Computer Software: Prepackaged Software
ORLA,Orla Mining Ltd. Common Shares,$10.02,0.45,4.702%,3257745045.00,,2020,1037848,Basic Materials,Precious Metals
ORLY,O'Reilly Automotive Inc. Common Stock,$90.13,0.97,1.088%,77046508472.00,United States,1993,5367938,Consumer Discretionary,Auto & Home Supply Stores
ORMP,Oramed Pharmaceuticals Inc. Common Stock,$2.25,0.10,4.651%,91913524.00,Israel,,149028,Health Care,Biotechnology: Pharmaceutical Preparations
ORN,Orion Group Holdings Inc. Common,$9.07,-0.03,-0.33%,358754535.00,United States,,239417,Industrials,Military/Government/Technical
ORRF,Orrstown Financial Services Inc. Common Stock,$31.83,-0.09,-0.282%,620956987.00,United States,,106911,Finance,Major Banks
OS,OneStream Inc. Class A Common Stock,$28.30,0.61,2.203%,6780433960.00,United States,2024,2496124,Technology,Computer Software: Prepackaged Software
OSBC,Old Second Bancorp Inc. Common Stock,$17.74,0.04,0.226%,799296686.00,United States,,222602,Finance,Major Banks
OSCR,Oscar Health Inc. Class A Common Stock,$21.44,1.03,5.047%,5460274880.00,United States,2021,14735833,Health Care,Medical Specialities
OSIS,OSI Systems Inc. Common Stock (DE),$224.86,0.81,0.362%,3775088419.00,United States,1997,143233,Technology,Semiconductors
OSK,Oshkosh Corporation (Holding Company)Common Stock,$113.54,-0.08,-0.07%,7308920866.00,United States,,537346,Consumer Discretionary,Auto Manufacturing
OSPN,OneSpan Inc. Common Stock,$16.69,-0.12,-0.714%,638066494.00,United States,,399255,Technology,EDP Services
OSRH,OSR Holdings Inc. Common Stock,$1.38,0.03,2.222%,26602230.00,United States,2023,46385,Health Care,Medical/Dental Instruments
OSRHW,OSR Holdings Inc. Warrant,$0.0531,-0.006,-10.152%,1023608.00,United States,2023,562,Health Care,Medical/Dental Instruments
OSS,One Stop Systems Inc. Common Stock,$3.55,-0.17,-4.57%,76641763.00,United States,2018,500781,Technology,Computer Manufacturing
OST,Ostin Technology Group Co. Ltd. Class A Ordinary Shares,$0.1583,-0.1914,-54.733%,297860.00,China,2022,126976068,Technology,Industrial Machinery/Components
OSTX,OS Therapies Incorporated Common Stock,$1.88,0.04,2.174%,52823670.00,,2024,639422,Health Care,Biotechnology: Pharmaceutical Preparations
OSUR,OraSure Technologies Inc. Common Stock,$3.00,-0.01,-0.332%,224400393.00,United States,,502258,Health Care,Medical/Dental Instruments
OSW,OneSpaWorld Holdings Limited Common Shares,$20.39,-0.04,-0.196%,2093996622.00,Bahamas,,615521,Consumer Discretionary,Hotels/Resorts
OTEX,Open Text Corporation Common Shares,$29.20,0.52,1.813%,7763704789.00,Canada,1996,853469,Technology,EDP Services
OTF,Blue Owl Technology Finance Corp. Common Stock,$15.25,-0.15,-0.974%,7093125033.00,,2025,63908,,
OTIS,Otis Worldwide Corporation Common Stock ,$99.02,1.42,1.455%,39080876239.00,United States,2020,2350411,Technology,Consumer Electronics/Appliances
OTLK,Outlook Therapeutics Inc. Common Stock,$1.60,0.00,0.00%,53708837.00,United States,2016,593280,Health Care,Biotechnology: Biological Products (No Diagnostic Substances)
OTLY,Oatly Group AB American Depositary Shares,$11.87,0.23,1.976%,355245265.00,Sweden,2021,55028,Consumer Staples,Packaged Foods
OTRK,Ontrak Inc. Common Stock,$0.4991,-0.0543,-9.812%,2105128.00,United States,,993656,Health Care,Misc Health and Biotechnology Services
OTTR,Otter Tail Corporation Common Stock,$77.09,-1.46,-1.859%,3230407883.00,United States,,277625,Utilities,Electric Utilities: Central
OUST,Ouster Inc. Common Stock,$24.25,0.15,0.622%,1304528023.00,United States,,3543336,Industrials,Industrial Machinery/Components
OUSTW,Ouster Inc. Warrants,$0.0379,-0.0008,-2.067%,2038829.00,United States,,15891,Industrials,Industrial Machinery/Components
OUSTZ,Ouster Inc. Warrants,$0.1168,0.0063,5.701%,6283252.00,United States,,150941,Industrials,Industrial Machinery/Components
OUT,OUTFRONT Media Inc. Common Stock,$16.32,0.06,0.369%,2726643502.00,United States,2014,1835101,Real Estate,Real Estate Investment Trusts
OVBC,Ohio Valley Banc Corp. Common Stock,$32.23,2.05,6.793%,151835562.00,United States,,17666,Finance,Major Banks
OVID,Ovid Therapeutics Inc. Common Stock,$0.3299,0.0279,9.238%,23459029.00,United States,2017,1316429,Health Care,Biotechnology: Pharmaceutical Preparations
OVLY,Oak Valley Bancorp (CA) Common Stock,$27.24,0.02,0.073%,228327369.00,United States,,12740,Finance,Major Banks
OVV,Ovintiv Inc. (DE),$38.05,-0.36,-0.937%,9905345855.00,Canada,,3185114,Energy,Oil & Gas Production
OWL,Blue Owl Capital Inc. Class A Common Stock,$19.21,-0.24,-1.234%,17879268820.00,United States,2020,9542613,Finance,Investment Managers
OWLT,Owlet Inc. Class A Common Stock,$8.40,0.50,6.329%,138807396.00,United States,2020,139607,Industrials,Industrial Machinery/Components
OXBR,Oxbridge Re Holdings Limited Ordinary Shares,$1.74,-0.01,-0.571%,12950684.00,Cayman Islands,2014,18279,Finance,Property-Casualty Insurers
OXBRW,Oxbridge Re Holdings Limited Warrant expiring 3/26/2029,$0.3299,0.0098,3.062%,2455420.00,Cayman Islands,2014,3569,Finance,Property-Casualty Insurers
OXLC,Oxford Lane Capital Corp. Common Stock,$4.20,0.06,1.449%,729120000.00,United States,2011,5057980,Finance,Investment Managers
OXLCG,Oxford Lane Capital Corp. 7.95% Notes due 2032,$24.705,-0.175,-0.703%,0.00,United States,,136975,Finance,Investment Managers
OXLCI,Oxford Lane Capital Corp. 8.75% Notes due 2030,$25.58,0.05,0.196%,0.00,United States,,2261,,
OXLCL,Oxford Lane Capital Corp. 6.75% Notes due 2031,$23.6368,0.0718,0.305%,4103348480.00,United States,,2033,Finance,Finance Companies
OXLCN,Oxford Lane Capital Corp. 7.125% Series 2029 Term Preferred Stock,$24.19,0.1325,0.551%,4199384000.00,United States,,8984,Finance,Investment Managers
OXLCO,Oxford Lane Capital Corp. Preferred Stock Shares 6.00% Series 2029,$23.29,0.1185,0.511%,4043144000.00,United States,,12535,Finance,Investment Managers
OXLCP,Oxford Lane Capital Corp. 6.25% Series 2027 Term Preferred Shares,$24.2101,-0.04,-0.165%,4202873360.00,United States,,5787,Finance,Investment Managers
OXLCZ,Oxford Lane Capital Corp. 5.00% Notes due 2027,$23.99,-0.01,-0.042%,4164664000.00,United States,,5809,Finance,Finance Companies
OXM,Oxford Industries Inc. Common Stock,$40.25,0.50,1.258%,601150172.00,United States,,549806,Consumer Discretionary,Apparel
OXSQ,Oxford Square Capital Corp. Common Stock,$2.23,-0.01,-0.446%,159166181.00,United States,2003,773152,Finance,Blank Checks
OXSQG,Oxford Square Capital Corp. 5.50% Notes due 2028,$23.84,0.0719,0.303%,1519987382.00,United States,,2616,Consumer Discretionary,Other Consumer Services
OXSQZ,Oxford Square Capital Corp. 6.25% Notes due 2026,$25.10,0.00,0.00%,0.00,United States,,208,Finance,Blank Checks
OXY,Occidental Petroleum Corporation Common Stock,$42.01,-0.59,-1.385%,41343413803.00,United States,,9591329,Energy,Oil & Gas Production
OYSEU,Oyster Enterprises II Acquisition Corp Units,$10.12,0.0042,0.042%,0.00,United States,2025,66407,,
OZ,Belpointe PREP LLC Class A Units,$65.075,0.00,0.00%,246575748.00,,,97,Real Estate,Real Estate Investment Trusts
OZK,Bank OZK Common Stock,$47.06,-0.10,-0.212%,5324186372.00,United States,,495097,Finance,Major Banks
OZKAP,Bank OZK 4.625% Series A Non-Cumulative Perpetual Preferred Stock,$16.15,-0.04,-0.247%,1827148532.00,United States,,66376,Finance,Major Banks
PAA,Plains All American Pipeline L.P. Common Units representing Limited Partner Interests,$18.32,0.06,0.329%,12884442352.00,United States,1998,2450599,Energy,Natural Gas Distribution
PAAS,Pan American Silver Corp. Common Stock,$28.40,0.68,2.453%,10350096000.00,Canada,,4606014,Basic Materials,Precious Metals
PAC,Grupo Aeroportuario Del Pacifico S.A. B. de C.V. Grupo Aeroportuario Del Pacifico S.A. de C.V. (each representing 10 Series B shares),$229.62,2.42,1.065%,11602181037.00,Mexico,2006,139258,Consumer Discretionary,Aerospace
PACB,Pacific Biosciences of California Inc. Common Stock,$1.24,-0.05,-3.876%,372105009.00,United States,2010,11662702,Industrials,Biotechnology: Laboratory Analytical Instruments
PACHU,Pioneer Acquisition I Corp Units,$10.005,0.00,0.00%,0.00,United States,2025,19475,,
PACK,Ranpak Holdings Corp Class A Common Stock,$3.57,0.00,0.00%,300712324.00,United States,2018,505335,Consumer Discretionary,Containers/Packaging
PACS,PACS Group Inc. Common Stock,$12.92,-0.07,-0.539%,1969004550.00,United States,2024,560908,Health Care,Hospital/Nursing Management
PAG,Penske Automotive Group Inc. Common Stock,$171.81,-1.55,-0.894%,11368400192.00,United States,,279470,Consumer Discretionary,Retail-Auto Dealers and Gas Stations
PAGP,Plains GP Holdings L.P. Class A Units representing Limited Partner Interests,$19.43,0.06,0.31%,3842158614.00,United States,,1342693,Energy,Natural Gas Distribution
PAGS,PagSeguro Digital Ltd. Class A Common Shares,$9.64,0.25,2.662%,3177425207.00,Cayman Islands,2018,4224288,Technology,EDP Services
PAHC,Phibro Animal Health Corporation Class A Common Stock,$25.54,-0.12,-0.468%,1035228348.00,United States,2014,361289,Health Care,Biotechnology: Pharmaceutical Preparations
PAI,Western Asset Investment Grade Income Fund Inc.,$12.98,0.18,1.406%,0.00,United States,,6825,Finance,Trusts Except Educational Religious and Charitable
PAL,Proficient Auto Logistics Inc. Common Stock,$7.26,0.28,4.011%,196521768.00,United States,2024,281755,Consumer Discretionary,Transportation Services
PALI,Palisade Bio Inc. Common Stock,$0.6801,-0.0199,-2.843%,3261519.00,United States,,73571,Health Care,Biotechnology: Biological Products (No Diagnostic Substances)
PAM,Pampa Energia S.A.,$69.38,-0.94,-1.337%,3773276952.00,Argentina,,224034,Utilities,Electric Utilities: Central
PAMT,PAMT CORP Common Stock,$12.87,0.16,1.259%,280477943.00,United States,,13376,Industrials,Trucking Freight/Courier Services
PANL,Pangaea Logistics Solutions Ltd. Common Shares,$4.70,-0.13,-2.692%,308421341.00,United States,2013,338080,Consumer Discretionary,Marine Transportation
PANW,Palo Alto Networks Inc. Common Stock,$204.64,4.07,2.029%,136453952000.00,United States,,4347570,Technology,Computer peripheral equipment
PAR,PAR Technology Corporation Common Stock,$69.37,1.38,2.03%,2809311714.00,United States,,321077,Miscellaneous,Office Equipment/Supplies/Services
PARA,Paramount Global Class B Common Stock,$12.90,0.37,2.953%,8696635207.00,United States,,12942153,Industrials,Broadcasting
PARAA,Paramount Global Class A Common Stock,$22.95,0.45,2.00%,15471920776.00,United States,,93111,Industrials,Broadcasting
PARR,Par Pacific Holdings Inc.  Common Stock,$26.53,-0.07,-0.263%,1368387182.00,United States,,1531554,Energy,Oil & Gas Production
PASG,Passage Bio Inc. Common Stock,$0.4003,0.0692,20.90%,24877954.00,United States,2020,606213,Health Care,Biotechnology: Biological Products (No Diagnostic Substances)
PATH,UiPath Inc. Class A Common Stock,$12.80,0.07,0.55%,6848497318.00,United States,2021,8490305,Technology,Computer Software: Prepackaged Software
PATK,Patrick Industries Inc. Common Stock,$92.27,-0.16,-0.173%,3084335126.00,United States,,314802,Consumer Discretionary,Auto Parts:O.E.M.
PAVM,PAVmed Inc. Common Stock,$0.6003,0.0003,0.05%,10576106.00,United States,2016,138600,Health Care,Medical/Dental Instruments
PAVS,Paranovus Entertainment Technology Ltd. Class A Ordinary Shares,$0.84,0.00,0.00%,6163021.00,China,2019,458,Health Care, Medicinal Chemicals and Botanical Products 
PAX,Patria Investments Limited Class A Common Shares,$14.06,0.34,2.478%,2222540012.00,Cayman Islands,2021,569575,Finance,Investment Managers
PAXS,PIMCO Access Income Fund Common Shares of Beneficial Interest,$15.11,-0.05,-0.33%,0.00,United States,2022,270028,Finance,Investment Managers
PAY,Paymentus Holdings Inc. Class A Common Stock,$32.75,0.50,1.55%,4098080565.00,United States,2021,826426,Consumer Discretionary,Business Services
PAYC,Paycom Software Inc. Common Stock,$231.40,4.17,1.835%,13379491307.00,United States,2014,605438,Technology,Computer Software: Prepackaged Software
PAYO,Payoneer Global Inc. Common Stock,$6.85,0.22,3.318%,2477447720.00,United States,,2770858,Consumer Discretionary,Business Services
PAYS,Paysign Inc. Common Stock,$7.20,0.10,1.408%,390367253.00,United States,,1141381,Consumer Discretionary,Business Services
PAYX,Paychex Inc. Common Stock,$145.46,1.52,1.056%,52393334567.00,United States,1983,4050077,Consumer Discretionary,Diversified Commercial Services
PB,Prosperity Bancshares Inc. Common Stock,$70.24,0.12,0.171%,6692677920.00,United States,,973763,Finance,Major Banks
PBA,Pembina Pipeline Corp. Ordinary Shares (Canada),$37.51,0.30,0.806%,21789859080.00,Canada,,1146316,Energy,Oil & Gas Production
PBBK,PB Bankshares Inc. Common Stock,$17.67,-1.12,-5.961%,45099406.00,United States,2021,57652,Finance,Banks
PBF,PBF Energy Inc. Class A Common Stock,$21.67,-0.17,-0.778%,2506076363.00,United States,2012,3041582,Energy,Integrated oil Companies
PBFS,Pioneer Bancorp Inc. Common Stock,$12.03,-0.30,-2.433%,311012685.00,United States,2019,28947,Finance,Banks
PBH,Prestige Consumer Healthcare Inc. Common Stock,$79.85,-1.05,-1.298%,3945764354.00,United States,2005,386979,Health Care,Biotechnology: Pharmaceutical Preparations
PBHC,Pathfinder Bancorp Inc. Common Stock (MD),$15.34,0.38,2.54%,94210073.00,United States,,3148,Finance,Major Banks
PBI,Pitney Bowes Inc. Common Stock,$10.91,0.03,0.276%,1977474278.00,United States,,2820250,Miscellaneous,Office Equipment/Supplies/Services
PBI^B,Pitney Bowes Inc 6.70% Notes Due 2043,$18.64,-0.22,-1.166%,,United States,,130832,,
PBM,Psyence Biomedical Ltd. Common Shares,$5.33,0.42,8.554%,3801527.00,Canada,,27120,Health Care,Biotechnology: Pharmaceutical Preparations
PBMWW,Psyence Biomedical Ltd. Warrant,$0.0203,-0.0014,-6.452%,14479.00,Canada,,43084,Health Care,Biotechnology: Pharmaceutical Preparations
PBPB,Potbelly Corporation Common Stock,$12.25,-0.06,-0.487%,369609683.00,United States,2013,225648,Consumer Discretionary,Restaurants
PBR,Petroleo Brasileiro S.A.- Petrobras Common Stock,$12.51,0.13,1.05%,80619023426.00,Brazil,,30673734,Energy,Oil & Gas Production
PBT,Permian Basin Royalty Trust Common Stock,$12.46,0.00,0.00%,580745598.00,United States,,87684,Energy,Oil & Gas Production
PBYI,Puma Biotechnology Inc Common Stock,$3.43,0.10,3.003%,170258659.00,United States,,374468,Health Care,Biotechnology: Pharmaceutical Preparations
PC,Premium Catering (Holdings) Limited Ordinary Shares,$0.6743,0.0153,2.322%,10788800.00,Singapore,2024,419768,Consumer Discretionary,Restaurants
PCAPU,ProCap Acquisition Corp Unit,$10.72,-0.03,-0.279%,0.00,United States,2025,73891,,
PCAR,PACCAR Inc. Common Stock,$95.06,0.17,0.179%,49902642941.00,United States,,2256746,Consumer Discretionary,Auto Manufacturing
PCB,PCB Bancorp Common Stock,$20.98,0.06,0.287%,300207687.00,United States,2018,30081,Finance,Major Banks
PCF,High Income Securities Fund Common Stock,$6.35,-0.06,-0.936%,0.00,United States,,210338,Finance,Trusts Except Educational Religious and Charitable
PCG,Pacific Gas & Electric Co. Common Stock,$13.94,-0.05,-0.357%,30635729081.00,United States,,31906992,Utilities,Power Generation
PCG^A,Pacific Gas & Electric Co. 6% Preferred Stock,$21.92,0.46,2.144%,,United States,,4262,,
PCG^B,Pacific Gas & Electric Co. 5 1/2% Preferred Stock,$18.9701,-0.4252,-2.192%,,United States,,3205,,
PCG^C,Pacific Gas & Electric Co. 5% 1st Preferred Stock,$19.0149,0.00,0.00%,,United States,,23,,
PCG^D,Pacific Gas & Electric Co. 5% 1st  Red. Preferred Stock,$17.52,0.10,0.574%,,United States,,729,,
PCG^E,Pacific Gas & Electric Co. 5% 1st A Preferred Stock,$18.0928,0.00,0.00%,,United States,,17,,
PCG^G,Pacific Gas & Electric Co. 4.80% 1st Preferred Stock,$16.50,0.00,0.00%,,United States,,27,,
PCG^H,Pacific Gas & Electric Co. 4.50% 1st Preferred Stock,$15.39,-0.20,-1.283%,,United States,,172,,
PCG^I,Pacific Gas & Electric Co. 4.36% 1st Preferred Stock,$15.32,0.51,3.444%,,United States,,128,,
PCG^X,PG&E Corp 6.000% Series A Mandatory Convertible Preferred Stock,$37.60,-0.35,-0.922%,,United States,,252042,,
PCH,PotlatchDeltic Corporation Common Stock,$38.37,-0.52,-1.337%,3015728520.00,United States,,482609,Real Estate,Real Estate Investment Trusts
PCK,Pimco California Municipal Income Fund II Common Shares of Beneficial Interest,$5.36,0.03,0.563%,0.00,United States,2002,93618,Finance,Trusts Except Educational Religious and Charitable
PCLA,PicoCELA Inc. American Depositary Shares,$1.62,0.19,13.287%,39987853.00,Japan,2025,312708,Consumer Discretionary,Building Products
PCM,PCM Fund Inc. Common Stock,$6.33,0.02,0.317%,0.00,United States,1993,36128,Finance,Trusts Except Educational Religious and Charitable
PCN,Pimco Corporate & Income Strategy Fund Common Stock,$12.69,0.04,0.316%,0.00,United States,2001,319844,Finance,Investment Managers
PCOR,Procore Technologies Inc. Common Stock,$68.42,0.56,0.825%,10206158511.00,United States,2021,978349,Technology,Computer Software: Prepackaged Software
PCQ,PIMCO California Municipal Income Fund Common Stock,$8.59,0.05,0.585%,0.00,United States,2001,108607,Finance,Investment Managers
PCRX,Pacira BioSciences Inc. Common Stock,$23.90,0.42,1.789%,1106681541.00,United States,2011,1063624,Health Care,Biotechnology: Pharmaceutical Preparations
PCSA,Processa Pharmaceuticals Inc. Common Stock,$0.205,0.0088,4.485%,2436293.00,United States,,4932688,Health Care,Biotechnology: Pharmaceutical Preparations
PCSC,Perceptive Capital Solutions Corp Class A Ordinary Shares,$10.62,0.04,0.378%,0.00,United States,2024,2251,,
PCT,PureCycle Technologies Inc. Common stock,$13.70,0.00,0.00%,2459965287.00,United States,,2141270,Industrials,Major Chemicals
PCTTU,PureCycle Technologies Inc. Unit,$19.16,-0.09,-0.468%,3440360212.00,United States,,181,Industrials,Major Chemicals
PCTTW,PureCycle Technologies Inc. Warrant,$4.35,0.02,0.462%,781083869.00,United States,,5791,Industrials,Major Chemicals
PCTY,Paylocity Holding Corporation Common Stock,$181.19,1.63,0.908%,10007143993.00,United States,2014,430455,Technology,Computer Software: Prepackaged Software
PCVX,Vaxcyte Inc. Common Stock,$32.51,-0.07,-0.215%,4193924526.00,United States,2020,1583154,Health Care,Biotechnology: Pharmaceutical Preparations
PCYO,Pure Cycle Corporation Common Stock,$10.72,0.03,0.281%,258097990.00,United States,,49328,Utilities,Water Supply
PD,PagerDuty Inc. Common Stock,$15.28,0.05,0.328%,1408418338.00,United States,2019,1328989,Technology,Computer Software: Prepackaged Software
PDCC,Pearl Diver Credit Company Inc. Common Stock,$17.98,0.03,0.167%,0.00,,2024,2297,,
PDD,PDD Holdings Inc. American Depositary Shares,$104.66,-0.48,-0.457%,148580198713.00,China,2018,5699339,Consumer Discretionary,Business Services
PDEX,Pro-Dex Inc. Common Stock,$43.64,-1.24,-2.763%,142311917.00,United States,,101233,Health Care,Medical/Dental Instruments
PDFS,PDF Solutions Inc. Common Stock,$21.38,0.23,1.087%,836803857.00,United States,2001,414148,Technology,Computer Software: Prepackaged Software
PDI,PIMCO Dynamic Income Fund Common Stock,$18.97,0.10,0.53%,4611417300.00,United States,2012,1919358,Finance,Trusts Except Educational Religious and Charitable
PDLB,Ponce Financial Group Inc. Common Stock,$13.84,-0.14,-1.001%,331949632.00,United States,2017,35695,Finance,Savings Institutions
PDM,Piedmont Realty Trust Inc. Class A Common Stock,$7.29,0.01,0.137%,906934400.00,United States,,921298,Real Estate,Building operators
PDO,PIMCO Dynamic Income Opportunities Fund Common Shares of Beneficial Interest,$13.48,0.05,0.372%,1766240644.00,United States,2021,588670,Finance,Trusts Except Educational Religious and Charitable
PDPA,Pearl Diver Credit Company Inc. 8.00% Series A Preferred Stock Due 2029,$25.10,0.04,0.16%,0.00,,,126,,
PDS,Precision Drilling Corporation Common Stock,$47.24,0.07,0.148%,644583612.00,Canada,,83595,Energy,Oil & Gas Production
PDSB,PDS Biotechnology Corporation Common Stock,$1.33,-0.08,-5.674%,60794300.00,United States,2015,527218,Health Care,Biotechnology: Pharmaceutical Preparations
PDT,John Hancock Premium Dividend Fund,$13.17,0.03,0.228%,0.00,United States,,181964,Finance,Finance Companies
PDX,PIMCO Dynamic Income Strategy Fund Common Shares of Beneficial Interest,$24.65,0.03,0.122%,1102027550.00,,2019,88404,Finance,Finance/Investors Services
PDYN,Palladyne AI Corp. Common Stock,$8.66,-0.15,-1.703%,309279144.00,United States,,1941612,Technology,Computer Software: Prepackaged Software
PDYNW,Palladyne AI Corp Warrants,$0.3805,0.0055,1.467%,13588997.00,United States,,40345,Technology,Computer Software: Prepackaged Software
PEB,Pebblebrook Hotel Trust Common Shares of Beneficial Interest,$9.99,-0.04,-0.399%,1185664808.00,United States,2009,3395987,Real Estate,Real Estate Investment Trusts
PEB^E,Pebblebrook Hotel Trust 6.375% Series E Cumulative Redeemable Preferred Shares of Beneficial Interest,$17.56,-0.58,-3.197%,,United States,,34815,,
PEB^F,Pebblebrook Hotel Trust 6.3% Series F Cumulative Redeemable Preferred Shares of Beneficial Interest,$17.55,-0.89,-4.826%,,United States,,32674,,
PEB^G,Pebblebrook Hotel Trust 6.375% Series G Cumulative Redeemable Preferred Shares of Beneficial Interest,$17.55,-0.80,-4.36%,,United States,,47848,,
PEB^H,Pebblebrook Hotel Trust 5.700% Series H Cumulative Redeemable Preferred Shares of Beneficial Interest,$16.37,-0.04,-0.244%,,United States,,18625,,
PEBK,Peoples Bancorp of North Carolina Inc. Common Stock,$28.85,-0.23,-0.791%,157504873.00,United States,,30568,Finance,Major Banks
PEBO,Peoples Bancorp Inc. Common Stock,$30.54,-0.03,-0.098%,1088623434.00,United States,,146530,Finance,Major Banks
PECO,Phillips Edison & Company Inc. Common Stock,$35.03,0.13,0.372%,4392762000.00,United States,2021,758522,Real Estate,Real Estate Investment Trusts
PED,Pedevco Corp. Common Stock,$0.6543,-0.013,-1.948%,59763360.00,United States,,239565,Energy,Oil & Gas Production
PEG,Public Service Enterprise Group Incorporated Common Stock,$84.18,0.66,0.79%,42005644064.00,United States,,2842754,Utilities,Power Generation
PEGA,Pegasystems Inc. Common Stock,$54.13,0.81,1.519%,9265134385.00,United States,1996,2106162,Technology,EDP Services
PELI,Pelican Acquisition Corporation Ordinary Shares,$10.03,0.0127,0.127%,0.00,United States,2025,552,Finance,Blank Checks
PELIR,Pelican Acquisition Corporation Right,$0.19,0.00,0.00%,0.00,United States,2025,5073,Finance,Blank Checks
PELIU,Pelican Acquisition Corporation Unit,$10.16,-0.04,-0.392%,0.00,United States,2025,324,Finance,Blank Checks
PEN,Penumbra Inc. Common Stock,$256.63,0.20,0.078%,9938237982.00,United States,2015,262501,Health Care,Medical/Dental Instruments
PENG,Penguin Solutions Inc. Ordinary Shares,$19.81,-0.77,-3.741%,1063352404.00,United States,2017,847278,Technology,Semiconductors
PENN,PENN Entertainment Inc. Common Stock,$17.87,-0.41,-2.243%,2698405311.00,United States,1994,4567486,Consumer Discretionary,Hotels/Resorts
PEO,Adams Natural Resources Fund Inc. Common Stock,$21.37,-0.09,-0.419%,0.00,United States,,57840,Finance,Finance/Investors Services
PEP,PepsiCo Inc. Common Stock,$132.04,1.00,0.763%,181037342462.00,United States,,11394205,Consumer Staples,Beverages (Production/Distribution)
PEPG,PepGen Inc. Common Stock,$1.11,-0.04,-3.478%,36320247.00,United States,2022,296411,Health Care,Biotechnology: Pharmaceutical Preparations
PERF,Perfect Corp. Class A Ordinary Share,$2.30,0.12,5.505%,234251943.00,Taiwan,2022,232371,Technology,Computer Software: Prepackaged Software
PERI,Perion Network Ltd. Ordinary Shares,$10.15,0.05,0.495%,457127377.00,Israel,2006,149365,Technology,EDP Services
PESI,Perma-Fix Environmental Services Inc. Common Stock,$10.52,0.09,0.863%,194036897.00,United States,,142783,Industrials,Environmental Services
PET,Wag! Group Co. Common Stock,$0.2312,0.1262,120.19%,11730883.00,United States,2021,145699581,Consumer Discretionary,Other Consumer Services
PETS,PetMed Express Inc. Common Stock,$3.32,0.03,0.912%,68579437.00,United States,,75116,Consumer Staples,Retail-Drug Stores and Proprietary Stores
PETWW,Wag! Group Co Warrant,$0.016,0.0007,4.575%,811826.00,United States,2021,465366,Consumer Discretionary,Other Consumer Services
PETZ,TDH Holdings Inc. Common Shares,$0.98,0.0052,0.533%,10116803.00,China,2017,5071,Industrials,Steel/Iron Ore
PFAI,Pinnacle Food Group Limited Class A Common Shares,$2.3671,0.0471,2.03%,27695070.00,Canada,2025,23580,Consumer Staples,Farming/Seeds/Milling
PFBC,Preferred Bank Common Stock,$86.545,0.175,0.203%,1242501467.00,United States,,107222,Finance,Major Banks
PFD,Flaherty & Crumrine Preferred and Income Fund Incorporated,$11.31,0.02,0.177%,0.00,United States,1991,27203,Finance,Investment Managers
PFE,Pfizer Inc. Common Stock,$24.24,0.05,0.207%,137813261829.00,United States,,44590293,Health Care,Biotechnology: Pharmaceutical Preparations
PFG,Principal Financial Group Inc Common Stock,$79.43,0.24,0.303%,17807473179.00,United States,2001,845727,Finance,Accident &Health Insurance
PFGC,Performance Food Group Company Common Stock,$87.47,0.00,0.00%,13653271198.00,United States,2015,1027507,Consumer Discretionary,Food Distributors
PFH,Prudential Financial Inc. 4.125% Junior Subordinated Notes due 2060,$17.15,-0.19,-1.096%,6122550000.00,United States,2020,116173,Finance,Life Insurance
PFIS,Peoples Financial Services Corp. Common Stock,$49.37,-0.23,-0.464%,493476946.00,United States,,26275,Finance,Major Banks
PFL,PIMCO Income Strategy Fund Shares of Beneficial Interest,$8.34,0.04,0.482%,0.00,United States,2003,182272,Finance,Finance Companies
PFLT,PennantPark Floating Rate Capital Ltd. Common Stock,$10.33,0.08,0.78%,1024920866.00,United States,2022,810599,Finance,Finance: Consumer Services
PFN,PIMCO Income Strategy Fund II,$7.39,0.01,0.136%,0.00,United States,2004,270856,Finance,Finance/Investors Services
PFO,Flaherty & Crumrine Preferred and Income Opportunity Fund Incorporated,$9.25,0.02,0.217%,0.00,United States,1992,30037,Finance,Finance Companies
PFS,Provident Financial Services Inc Common Stock,$17.53,-0.18,-1.016%,2290468783.00,United States,2003,704734,Finance,Savings Institutions
PFSI,PennyMac Financial Services Inc. Common Stock,$99.64,0.50,0.504%,5147759709.00,United States,2013,274844,Finance,Finance: Consumer Services
PFX,PhenixFIN Corporation Common Stock,$50.65,0.65,1.30%,102301756.00,United States,,687,Finance,Finance: Consumer Services
PFXNZ,PhenixFIN Corporation  5.25% Notes due 2028,$23.515,0.035,0.149%,47495080.00,United States,,349,Finance,Finance: Consumer Services
PG,Procter & Gamble Company (The) Common Stock,$159.32,-0.54,-0.338%,373532436857.00,United States,,11235266,Consumer Discretionary,Package Goods/Cosmetics
PGC,Peapack-Gladstone Financial Corporation Common Stock,$28.25,0.00,0.00%,501040418.00,United States,,85000,Finance,Commercial Banks
PGEN,Precigen Inc. Common Stock,$1.42,0.00,0.00%,419155685.00,United States,,1227225,Health Care,Biotechnology: Pharmaceutical Preparations
PGNY,Progyny Inc. Common Stock,$22.00,0.09,0.411%,1885796638.00,United States,2019,1091339,Health Care,Misc Health and Biotechnology Services
PGP,Pimco Global StocksPlus & Income Fund Common Shares of Beneficial Interest,$8.29,0.075,0.913%,0.00,United States,2005,69571,Finance,Finance Companies
PGR,Progressive Corporation (The) Common Stock,$266.86,2.87,1.087%,156439641371.00,United States,,4015272,Finance,Property-Casualty Insurers
PGRE,Paramount Group Inc. Common Stock,$6.10,0.02,0.329%,1337273006.00,United States,2014,2680099,Real Estate,Real Estate Investment Trusts
PGY,Pagaya Technologies Ltd. Class A Ordinary Shares,$21.32,-0.07,-0.327%,1614085861.00,United States,,2962258,Finance,Finance: Consumer Services
PGYWW,Pagaya Technologies Ltd. Warrants,$0.1675,0.006,3.715%,12681022.00,United States,,130473,Finance,Finance: Consumer Services
PGZ,Principal Real Estate Income Fund Common Shares of Beneficial Interest,$10.52,0.05,0.478%,0.00,,2013,30188,Finance,Investment Managers
PH,Parker-Hannifin Corporation Common Stock,$698.47,-2.07,-0.295%,89249102454.00,United States,,1056609,Industrials,Metal Fabrications
PHAR,Pharming Group N.V. ADS each representing 10 ordinary shares,$10.69,-0.3136,-2.85%,731122325.00,Netherlands,,33193,Health Care,Biotechnology: Pharmaceutical Preparations
PHAT,Phathom Pharmaceuticals Inc. Common Stock,$9.59,-0.15,-1.54%,669517420.00,United States,2019,1401936,Health Care,Biotechnology: Pharmaceutical Preparations
PHD,Pioneer Floating Rate Fund Inc.,$9.82,0.01,0.102%,0.00,United States,2004,65725,Finance,Investment Managers
PHG,Koninklijke Philips N.V. NY Registry Shares,$23.98,-0.16,-0.663%,22183514320.00,Netherlands,,614444,Health Care,Medical Electronics
PHGE,BiomX Inc. COmmon Stock,$0.45,0.01,2.273%,11779340.00,,2019,389132,Health Care,Biotechnology: Biological Products (No Diagnostic Substances)
PHH,Park Ha Biological Technology Co. Ltd. Ordinary Shares,$34.99,1.09,3.215%,922840361.00,China,2002,563215,Consumer Discretionary,Package Goods/Cosmetics
PHI,PLDT Inc. Sponsored ADR,$21.76,0.39,1.825%,4701373664.00,Philippines,,54412,Telecommunications,Telecommunications Equipment
PHIN,PHINIA Inc. Common Stock,$44.49,-0.15,-0.336%,1770905141.00,United States,2023,281147,Consumer Discretionary,Auto Parts:O.E.M.
PHIO,Phio Pharmaceuticals Corp. Common Stock,$2.35,0.18,8.295%,11275662.00,United States,,168896,Health Care,Biotechnology: Pharmaceutical Preparations
PHK,Pimco High Income Fund,$4.80,0.02,0.418%,0.00,United States,2003,501209,Finance,Finance/Investors Services
PHLT,Performant Healthcare Inc. Common Stock,$4.00,0.00,0.00%,313234560.00,United States,2012,219232,Consumer Discretionary,Other Consumer Services
PHM,PulteGroup Inc. Common Stock,$105.46,-0.06,-0.057%,21137050192.00,United States,,1635085,Consumer Discretionary,Homebuilding
PHOE,Phoenix Asia Holdings Limited Ordinary Shares,$8.97,1.84,25.806%,193752000.00,Hong Kong,2025,19983,Consumer Discretionary,Engineering & Construction
PHR,Phreesia Inc. Common Stock,$28.46,-0.03,-0.105%,1693491496.00,United States,2019,1299710,Consumer Discretionary,Business Services
PHT,Pioneer High Income Fund Inc.,$8.09,0.03,0.372%,0.00,United States,,199338,Finance,Investment Managers
PHUN,Phunware Inc. Common Stock,$3.17,0.07,2.258%,63941262.00,Greece,2016,256083,Technology,EDP Services
PHVS,Pharvaris N.V. Ordinary Shares,$17.60,0.60,3.529%,959079299.00,Netherlands,2021,85320,Health Care,Biotechnology: Pharmaceutical Preparations
PI,Impinj Inc. Common Stock,$111.07,-0.76,-0.68%,3218675649.00,United States,2016,353128,Technology,Industrial Machinery/Components
PII,Polaris Inc. Common Stock,$40.65,-0.29,-0.708%,2284439351.00,United States,,1278916,Consumer Discretionary,Industrial Specialties
PIII,P3 Health Partners Inc. Class A Common Stock,$6.30,-0.07,-1.099%,45284507.00,United States,2021,1664,Health Care,Medical/Nursing Services
PIIIW,P3 Health Partners Inc. Warrant,$0.0112,0.0006,5.66%,80506.00,United States,2021,12005,Health Care,Medical/Nursing Services
PIM,Putnam Master Intermediate Income Trust Common Stock,$3.35,0.00,0.00%,168348870.00,United States,1988,39436,Finance,Finance Companies
PINC,Premier Inc. Class A Common Stock,$21.93,0.32,1.481%,1805769600.00,United States,2013,1688587,Consumer Discretionary,Other Consumer Services
PINE,Alpine Income Property Trust Inc. Common Stock,$14.71,-0.07,-0.474%,209863481.00,United States,2019,86064,Real Estate,Real Estate Investment Trusts
PINS,Pinterest Inc. Class A Common Stock,$35.86,-0.09,-0.25%,24263802945.00,United States,2019,11132852,Technology,Computer Software: Programming Data Processing
PIPR,Piper Sandler Companies Common Stock,$277.94,-3.88,-1.377%,4935307760.00,United States,,347774,Finance,Investment Bankers/Brokers/Service
PJT,PJT Partners Inc. Class A Common Stock,$165.01,-1.40,-0.841%,4031319543.00,United States,2015,233562,Finance,Investment Managers
PK,Park Hotels & Resorts Inc. Common Stock ,$10.23,-0.30,-2.849%,2044898464.00,United States,2016,4641688,Consumer Discretionary,Hotels/Resorts
PKBK,Parke Bancorp Inc. Common Stock,$20.37,-0.28,-1.356%,241248591.00,United States,,18240,Finance,Major Banks
PKE,Park Aerospace Corp. Common Stock,$14.77,0.10,0.682%,293195031.00,United States,,127057,Industrials,Military/Government/Technical
PKG,Packaging Corporation of America Common Stock,$188.45,-0.96,-0.507%,16956731754.00,United States,2000,730217,Consumer Discretionary,Containers/Packaging
PKOH,Park-Ohio Holdings Corp. Common Stock,$17.86,-0.05,-0.279%,254139263.00,United States,,27783,Industrials,Industrial Specialties
PKST,Peakstone Realty Trust Common Shares,$13.21,-0.13,-0.975%,485769282.00,United States,2023,141607,Real Estate,Real Estate Investment Trusts
PKX,POSCO HOLDINGS INC. American Depositary Shares (Each representing 1/4th of a share of Common Stock),$48.49,0.81,1.699%,16025824163.00,South Korea,1994,87280,Industrials,Steel/Iron Ore
PL,Planet Labs PBC Class A Common Stock,$6.10,0.03,0.494%,1850928673.00,United States,2021,12892223,Technology,Radio And Television Broadcasting And Communications Equipment
PLAB,Photronics Inc. Common Stock,$18.83,0.09,0.48%,1132634141.00,United States,1987,516770,Technology,Semiconductors
PLAG,Planet Green Holdings Corp. Common Stock,$0.8468,-0.0533,-5.922%,6167002.00,China,,64361,Consumer Staples,Packaged Foods
PLAY,Dave & Buster's Entertainment Inc. Common Stock,$30.08,-0.37,-1.215%,1040047494.00,United States,2014,1344175,Consumer Discretionary,Restaurants
PLBC,Plumas Bancorp,$44.46,0.02,0.045%,263608053.00,United States,,9405,Finance,Finance Companies
PLBY,Playboy Inc. Common Stock,$1.62,-0.04,-2.41%,152190247.00,United States,2020,210525,Consumer Discretionary,Other Specialty Stores
PLCE,Children's Place Inc. (The) Common Stock,$4.43,0.00,0.00%,98203748.00,United States,1997,356826,Consumer Discretionary,Clothing/Shoe/Accessory Stores
PLD,Prologis Inc. Common Stock,$105.12,-0.50,-0.473%,97543581120.00,United States,,7417978,Real Estate,Real Estate Investment Trusts
PLG,Platinum Group Metals Ltd. Ordinary Shares (Canada),$1.53,0.05,3.378%,158470477.00,Canada,,683615,Basic Materials,Precious Metals
PLL,Piedmont Lithium Inc. Common Stock,$5.82,-0.02,-0.342%,127726122.00,United States,,204558,Industrials,Mining & Quarrying of Nonmetallic Minerals (No Fuels)
PLMK,Plum Acquisition Corp. IV Class A Ordinary Shares,$10.28,0.00,0.00%,0.00,United States,2025,173,,
PLMKW,Plum Acquisition Corp. IV Warrants,$0.24,0.00,0.00%,0.00,United States,2025,15,,
PLMR,Palomar Holdings Inc. Common stock,$154.25,0.87,0.567%,4124975249.00,United States,2019,252571,Finance,Property-Casualty Insurers
PLNT,Planet Fitness Inc. Common Stock,$109.05,0.35,0.322%,9181248504.00,United States,2015,1628435,Consumer Discretionary,Hotels/Resorts
PLOW,Douglas Dynamics Inc. Common Stock,$29.47,0.47,1.621%,683981784.00,United States,2010,287498,Industrials,Construction/Ag Equipment/Trucks
PLPC,Preformed Line Products Company Common Stock,$159.81,0.81,0.509%,789503750.00,United States,,137225,Industrials,Water Sewer Pipeline Comm & Power Line Construction
PLRX,Pliant Therapeutics Inc. Common Stock,$1.16,-0.09,-7.20%,71208082.00,United States,2020,3093250,Health Care,Biotechnology: Pharmaceutical Preparations
PLRZ,Polyrizon Ltd. Ordinary Shares,$0.7389,-0.0001,-0.014%,3937105.00,Israel,2024,195723,,
PLSE,Pulse Biosciences Inc Common Stock (DE),$15.09,0.01,0.066%,1015162578.00,United States,2016,131879,Health Care,Medical/Dental Instruments
PLTK,Playtika Holding Corp. Common Stock,$4.73,-0.01,-0.211%,1774774873.00,Israel,2021,2060035,Technology,EDP Services
PLTR,Palantir Technologies Inc. Class A Common Stock,$136.32,5.58,4.268%,321703257959.00,United States,,96973175,Technology,Computer Software: Prepackaged Software
PLUG,Plug Power Inc. Common Stock,$1.49,0.33,28.448%,1606733317.00,United States,1999,249655336,Energy,Industrial Machinery/Components
PLUR,Pluri Inc. Common Stock,$4.95,-0.14,-2.75%,38771375.00,Israel,,16313,Health Care,Biotechnology: Biological Products (No Diagnostic Substances)
PLUS,ePlus inc. Common Stock,$72.10,-1.11,-1.516%,1912581054.00,United States,1996,193285,Technology,Retail: Computer Software & Peripheral Equipment
PLUT,Plutus Financial Group Limited Ordinary Shares,$2.21,-0.01,-0.45%,31492500.00,Hong Kong,2025,51193,Finance,Investment Bankers/Brokers/Service
PLX,Protalix BioTherapeutics Inc. (DE) Common Stock,$1.48,-0.06,-3.896%,117818530.00,Israel,,997748,Health Care,Biotechnology: Biological Products (No Diagnostic Substances)
PLXS,Plexus Corp. Common Stock,$135.31,-0.22,-0.162%,3665542623.00,United States,,145161,Technology,Electrical Products
PLYM,Plymouth Industrial REIT Inc. Common Stock,$16.06,-0.03,-0.186%,731499242.00,United States,2017,507381,Real Estate,Real Estate Investment Trusts
PM,Philip Morris International Inc Common Stock,$182.13,1.10,0.608%,283488474358.00,United States,,5253957,Health Care, Medicinal Chemicals and Botanical Products 
PMAX,Powell Max Limited Class A Ordinary Shares,$0.379,-0.0032,-0.837%,5566854.00,Hong Kong,2024,102642,Consumer Discretionary,Other Consumer Services
PMCB,PharmaCyte  Biotech Inc. Common Stock,$1.09,0.06,5.825%,7481432.00,United States,,37358,Health Care,Biotechnology: Biological Products (No Diagnostic Substances)
PMEC,Primech Holdings Ltd. Ordinary Shares,$1.40,0.02,1.449%,53270000.00,Singapore,2023,32455,Finance,Diversified Commercial Services
PMF,PIMCO Municipal Income Fund Common Stock,$7.98,0.11,1.398%,0.00,United States,2001,241979,Finance,Finance/Investors Services
PML,Pimco Municipal Income Fund II Common Shares of Beneficial Interest,$7.45,0.07,0.949%,0.00,United States,2002,268785,Finance,Investment Managers
PMM,Putnam Managed Municipal Income Trust Common Stock,$5.98,0.07,1.184%,291458078.00,United States,1989,153982,Finance,Investment Managers
PMN,ProMIS Neurosciences Inc. Common Shares (ON),$0.4838,0.0036,0.75%,15815030.00,Canada,,16477,Health Care,Biotechnology: Pharmaceutical Preparations
PMNT,Perfect Moment Ltd. Common Stock,$0.27,0.026,10.656%,4561583.00,United Kingdom,2024,27559489,,
PMO,Putnam Municipal Opportunities Trust Common Stock,$9.89,0.04,0.406%,336077698.00,United States,1993,97690,Finance,Finance Companies
PMT,PennyMac Mortgage Investment Trust Common Shares of Beneficial Interest,$12.86,0.11,0.863%,1118956419.00,United States,2009,688927,Real Estate,Real Estate Investment Trusts
PMT^A,PennyMac Mortgage Investment Trust 8.125% Series A Fixed-to-Floating Rate Cumulative Redeemable Preferred Shares of Beneficial Interest,$23.48,-0.03,-0.128%,,United States,,72621,,
PMT^B,PennyMac Mortgage Investment Trust 8.00% Series B Fixed-to-Floating Rate Cumulative Redeemable Preferred Shares of Beneficial Interest,$23.09,-0.40,-1.703%,,United States,,169010,,
PMT^C,PennyMac Mortgage Investment Trust 6.75% Series C Cumulative Redeemable Preferred Shares of Beneficial Interest,$18.65,-0.36,-1.894%,,United States,,98971,,
PMTR,Perimeter Acquisition Corp. I Class A Ordinary Shares,$10.17,0.05,0.494%,0.00,United States,2025,5917,Finance,Blank Checks
PMTRU,Perimeter Acquisition Corp. I Unit,$10.55,-0.09,-0.846%,0.00,United States,2025,2929,Finance,Blank Checks
PMTRW,Perimeter Acquisition Corp. I Warrant,$0.64,-0.0129,-1.976%,0.00,United States,2025,705,Finance,Blank Checks
PMTS,CPI Card Group Inc. Common Stock,$23.72,0.40,1.715%,267596919.00,United States,,49814,Consumer Discretionary,Publishing
PMTU,PennyMac Mortgage Investment Trust 8.50% Senior Notes due 2028,$25.33,0.15,0.596%,2203978701.00,United States,2023,3813,Real Estate,Real Estate Investment Trusts
PMTV,PennyMac Mortgage Investment Trust 9.00% Senior Notes due 2030,$25.05,-0.19,-0.753%,0.00,United States,2025,100060,Real Estate,Real Estate Investment Trusts
PMTW,PennyMac Mortgage Investment Trust 9.00% Senior Notes due 2030,$25.06,-0.01,-0.04%,0.00,United States,2025,528808,Real Estate,Real Estate Investment Trusts
PMVP,PMV Pharmaceuticals Inc. Common Stock,$1.06,-0.01,-0.935%,55069841.00,United States,2020,66482,Health Care,Biotechnology: Pharmaceutical Preparations
PMX,PIMCO Municipal Income Fund III Common Shares of Beneficial Interest,$6.86,0.07,1.031%,0.00,United States,2002,119094,Finance,Trusts Except Educational Religious and Charitable
PN,Skycorp Solar Group Limited Ordinary Shares,$2.767,0.177,6.834%,74709000.00,China,2025,16619,Technology,Retail: Computer Software & Peripheral Equipment
PNBK,Patriot National Bancorp Inc. Common Stock,$1.52,0.15,10.949%,115914698.00,United States,,890517,Finance,Major Banks
PNC,PNC Financial Services Group Inc. (The) Common Stock,$186.42,0.67,0.361%,73741601818.00,United States,,2306777,Finance,Major Banks
PNF,PIMCO New York Municipal Income Fund Common Stock,$6.99,0.02,0.287%,0.00,United States,2001,29707,Finance,Finance Companies
PNFP,Pinnacle Financial Partners Inc. Common Stock,$110.41,0.85,0.776%,8562968559.00,United States,,624540,Finance,Major Banks
PNFPP,Pinnacle Financial Partners Inc. Depositary shares of Pinnacle Financial Partners Inc. each representing a 1/40th Interest in a share of its 6.75% Fixed-Rate Non-Cumulative Perpetual Preferred Stock Series B,$23.91,-0.5295,-2.167%,1854366255.00,United States,,149614,Finance,Major Banks
PNI,Pimco New York Municipal Income Fund II Common Shares of Beneficial Interest,$6.72,0.066,0.992%,0.00,United States,2002,36017,Finance,Trusts Except Educational Religious and Charitable
PNNT,PennantPark Investment Corporation Common Stock,$6.84,0.07,1.034%,446625283.00,United States,2022,321693,Finance,Finance: Consumer Services
PNR,Pentair plc. Ordinary Share,$102.66,-0.92,-0.888%,16890341512.00,Switzerland,,1693972,Industrials,Industrial Machinery/Components
PNRG,PrimeEnergy Resources Corporation Common Stock,$146.38,-5.32,-3.507%,243063990.00,United States,,192954,Energy,Oil & Gas Production
PNTG,The Pennant Group Inc. Common Stock ,$29.85,0.05,0.168%,1028899083.00,United States,,617947,Health Care,Medical/Nursing Services
PNW,Pinnacle West Capital Corporation Common Stock,$89.47,0.92,1.039%,10682629335.00,United States,,1766068,Utilities,Electric Utilities: Central
POAI,Predictive Oncology Inc. Common Stock,$0.83,0.0001,0.012%,7413245.00,United States,,178107,Health Care,Industrial Specialties
POCI,Precision Optics Corporation Inc. Common stock,$4.90,-0.02,-0.407%,37564610.00,United States,,25722,Health Care,Biotechnology: Electromedical & Electrotherapeutic Apparatus
PODC,PodcastOne Inc. Common Stock,$2.4227,0.1227,5.335%,60316816.00,United States,,210048,Technology,Computer Software: Programming Data Processing
PODD,Insulet Corporation Common Stock,$314.18,1.10,0.351%,22110393308.00,United States,2007,679697,Health Care,Medical/Dental Instruments
POET,POET Technologies Inc. Common Shares,$5.21,-0.01,-0.192%,406778570.00,Canada,,1652007,Technology,Semiconductors
POLA,Polar Power Inc. Common Stock,$1.7399,0.0119,0.689%,4369815.00,United States,2016,11974,Miscellaneous,Industrial Machinery/Components
POLE,Andretti Acquisition Corp. II Class A Ordinary Shares,$10.38,-0.01,-0.096%,0.00,United States,2024,181,,
POLEW,Andretti Acquisition Corp. II Warrant,$0.20,-0.06,-23.077%,0.00,United States,2024,1781,,
PONY,Pony AI Inc. American Depositary Shares ,$13.20,-0.46,-3.367%,4689861700.00,China,2024,7331762,Technology,EDP Services
POOL,Pool Corporation Common Stock,$291.48,-1.285,-0.439%,10958165533.00,United States,1995,1106336,Consumer Discretionary,Industrial Specialties
POR,Portland General Electric Co Common Stock,$40.63,0.43,1.07%,4449567350.00,United States,,1483629,Utilities,Electric Utilities: Central
POST,Post Holdings Inc. Common Stock,$109.03,0.30,0.276%,6074998631.00,United States,2012,426856,Consumer Staples,Packaged Foods
POWI,Power Integrations Inc. Common Stock,$55.90,0.15,0.269%,3146629056.00,United States,1997,374193,Technology,Semiconductors
POWL,Powell Industries Inc. Common Stock,$210.45,-2.47,-1.16%,2539757530.00,United States,,358884,Energy,Electrical Products
POWW,Outdoor Holding Company Common Stock,$1.28,-0.02,-1.538%,149522124.00,United States,,321135,Industrials,Ordnance And Accessories
POWWP,Outdoor Holding Company 8.75% Series A Cumulative Redeemable Perpetual Preferred Stock,$22.70,0.55,2.483%,2651681409.00,United States,,1476,Industrials,Ordnance And Accessories
PPBI,Pacific Premier Bancorp Inc,$21.09,0.03,0.142%,2046964630.00,United States,,1005380,Finance,Major Banks
PPBT,Purple Biotech Ltd. American Depositary Shares,$2.345,0.005,0.214%,6210029.00,Israel,2015,2754,Health Care,Biotechnology: Pharmaceutical Preparations
PPC,Pilgrim's Pride Corporation Common Stock,$44.98,0.42,0.943%,10665795284.00,United States,,1405599,Consumer Staples,Meat/Poultry/Fish
PPG,PPG Industries Inc. Common Stock,$113.75,-0.40,-0.35%,25821250000.00,United States,,1405147,Consumer Discretionary,Paints/Coatings
PPIH,Perma-Pipe International Holdings Inc. Common Stock,$22.87,-0.11,-0.479%,182561330.00,United States,,93026,Industrials,Pollution Control Equipment
PPL,PPL Corporation Common Stock,$33.89,0.33,0.983%,25053653978.00,United States,,6646102,Utilities,Electric Utilities: Central
PPSI,Pioneer Power Solutions Inc. Common Stock,$2.75,0.11,4.167%,30580732.00,United States,,20433,Industrials,Electrical Products
PPT,Putnam Premier Income Trust Common Stock,$3.67,0.00,0.00%,365268725.00,United States,1988,656917,Finance,Finance Companies
PPTA,Perpetua Resources Corp. Common Shares,$12.14,0.28,2.361%,868537386.00,Canada,,3205254,Basic Materials,Precious Metals
PR,Permian Resources Corporation Class A Common Stock,$13.62,-0.12,-0.873%,10894222835.00,United States,2022,11368358,Energy,Oil & Gas Production
PRA,ProAssurance Corporation Common Stock,$22.83,0.00,0.00%,1171003962.00,United States,,492964,Finance,Property-Casualty Insurers
PRAA,PRA Group Inc. Common Stock,$14.75,-0.34,-2.253%,583638310.00,United States,2002,334243,Finance,Finance: Consumer Services
PRAX,Praxis Precision Medicines Inc. Common Stock,$42.05,-0.95,-2.209%,856515693.00,United States,2020,341828,Health Care,Biotechnology: Pharmaceutical Preparations
PRCH,Porch Group Inc. Common Stock,$11.79,0.01,0.085%,1432926760.00,United States,2020,4543154,Technology,Computer Software: Prepackaged Software
PRCT,PROCEPT BioRobotics Corporation Common Stock,$57.60,0.69,1.212%,3186931277.00,United States,2021,554155,Health Care,Medical/Dental Instruments
PRDO,Perdoceo Education Corporation Common Stock,$32.69,-0.29,-0.879%,2142380307.00,United States,,693852,Real Estate,Other Consumer Services
PRE,Prenetics Global Limited Class A Ordinary Share,$8.515,0.025,0.294%,110984348.00,Hong Kong,,59239,Finance,Blank Checks
PRENW,Prenetics Global Limited Warrant,$0.0391,0.0042,12.034%,509629.00,Hong Kong,,99402,Finance,Blank Checks
PRFX,PainReform Ltd. Ordinary Shares,$1.44,0.03,2.128%,2714401.00,Israel,2020,32466,Health Care,Biotechnology: Pharmaceutical Preparations
PRG,PROG Holdings Inc. Common Stock,$29.35,-0.29,-0.978%,1184390252.00,United States,,379925,Consumer Discretionary,Diversified Commercial Services
PRGO,Perrigo Company plc Ordinary Shares,$26.72,0.18,0.678%,3673393616.00,United States,,903109,Health Care,Biotechnology: Pharmaceutical Preparations
PRGS,Progress Software Corporation Common Stock (DE),$63.84,0.08,0.125%,2746779521.00,United States,1991,2427453,Technology,Computer Software: Prepackaged Software
PRH,Prudential Financial Inc. 5.950% Junior Subordinated Notes due 2062,$24.93,-0.08,-0.32%,8825220000.00,United States,2022,73560,Finance,Life Insurance
PRI,Primerica Inc. Common Stock,$273.67,5.14,1.914%,8992546066.00,United States,2010,401540,Finance,Life Insurance
PRIF^D,Priority Income Fund Inc. 7.00% Series D Term Preferred Stock due 2029,$24.4983,0.2483,1.024%,,,,1991,,
PRIF^I,Priority Income Fund Inc. 6.125% Series I Term Preferred Stock due 2028,$25.00,0.00,0.00%,,,,982,,
PRIF^J,Priority Income Fund Inc. 6.000% Series J Term Preferred Stock due 2028,$23.90,0.21,0.886%,,,,3215,,
PRIF^K,Priority Income Fund Inc. 7.000% Series K Cumulative Preferred Stock,$23.48,-0.07,-0.297%,,,,3075,,
PRIF^L,Priority Income Fund Inc. 6.375% Series L Term Preferred Stock Due 2029,$23.929,-0.151,-0.627%,,,,3758,,
PRIM,Primoris Services Corporation Common Stock,$77.94,-2.11,-2.636%,4208914945.00,United States,,1163272,Industrials,Water Sewer Pipeline Comm & Power Line Construction
PRK,Park National Corporation Common Stock,$167.26,-0.30,-0.179%,2708164699.00,United States,1994,68903,Finance,Major Banks
PRKS,United Parks & Resorts Inc. Common Stock,$47.15,-0.18,-0.38%,2592043384.00,United States,2013,792496,Health Care,Biotechnology: Electromedical & Electrotherapeutic Apparatus
PRLB,Proto Labs Inc. Common stock,$40.04,-0.44,-1.087%,951776426.00,United States,2012,171298,Industrials,Metal Fabrications
PRLD,Prelude Therapeutics Incorporated Common Stock,$0.8094,0.0241,3.069%,45699113.00,United States,2020,110335,Health Care,Biotechnology: Pharmaceutical Preparations
PRM,Perimeter Solutions SA Common Stock,$13.92,-0.06,-0.429%,2056384409.00,Luxembourg,,1447127,Industrials,Major Chemicals
PRMB,Primo Brands Corporation Class A Common Stock,$29.62,0.27,0.92%,11149647157.00,United States,2024,7543146,Consumer Staples,Beverages (Production/Distribution)
PRME,Prime Medicine Inc. Common Stock,$2.47,0.05,2.066%,324297301.00,United States,2022,3234150,Health Care,Biotechnology: Biological Products (No Diagnostic Substances)
PRO,PROS Holdings Inc. Common Stock,$15.66,0.67,4.47%,749369665.00,United States,2007,1091894,Technology,EDP Services
PROF,Profound Medical Corp. Common Stock,$5.90,-0.10,-1.667%,177246237.00,Canada,,30706,Health Care,Medical/Dental Instruments
PROK,ProKidney Corp. Class A Ordinary Shares,$0.5921,-0.0766,-11.455%,173309461.00,United States,2021,1605157,Health Care,Biotechnology: Biological Products (No Diagnostic Substances)
PROP,Prairie Operating Co. Common Stock,$2.995,-0.225,-6.988%,131269943.00,United States,,1591466,Finance,Finance: Consumer Services
PROV,Provident Financial Holdings Inc. Common Stock,$15.50,-0.22,-1.399%,102627825.00,United States,,20850,Finance,Savings Institutions
PRPH,ProPhase Labs Inc. Common Stock (DE),$0.3913,0.0243,6.621%,16255074.00,United States,,1218555,Health Care,Biotechnology: Pharmaceutical Preparations
PRPL,Purple Innovation Inc. Common Stock,$0.7292,0.023,3.257%,79035418.00,United States,2015,348649,Consumer Discretionary,Home Furnishings
PRPO,Precipio Inc.  Common Stock,$11.04,0.172,1.583%,16692601.00,United States,,36609,Industrials,Biotechnology: Laboratory Analytical Instruments
PRQR,ProQR Therapeutics N.V. Ordinary Shares,$2.04,0.00,0.00%,214633555.00,Netherlands,2014,408492,Health Care,Biotechnology: Pharmaceutical Preparations
PRS,Prudential Financial Inc. 5.625% Junior Subordinated Notes due 2058,$23.51,-0.06,-0.255%,8322540000.00,United States,2018,109212,Finance,Life Insurance
PRSO,Peraso Inc. Common Stock,$1.09,0.00,0.00%,5543429.00,United States,,209538,Technology,Semiconductors
PRSU,Pursuit Attractions and Hospitality Inc. Common Stock,$28.83,-0.09,-0.311%,814616617.00,United States,,208644,Consumer Discretionary,Business Services
PRT,PermRock Royalty Trust Trust Units,$4.19,-0.05,-1.179%,50974417.00,United States,2018,36252,Energy,Oil & Gas Production
PRTA,Prothena Corporation plc Ordinary Shares,$6.07,-0.01,-0.164%,326729781.00,United States,,1139529,Health Care,Biotechnology: Pharmaceutical Preparations
PRTC,PureTech Health plc American Depositary Shares,$17.25,0.10,0.583%,413001760.00,United States,,1697,Health Care,Biotechnology: Pharmaceutical Preparations
PRTG,Portage Biotech Inc. Common Stock,$5.52,-0.02,-0.361%,5788349.00,Canada,,34945,Energy,Oil & Gas Production
PRTH,Priority Technology Holdings Inc. Common Stock,$7.78,0.08,1.039%,620482043.00,United States,2016,582864,Consumer Discretionary,Business Services
PRTS,CarParts.com Inc. Common Stock,$0.7401,-0.0099,-1.32%,43279907.00,United States,2007,246452,Consumer Discretionary,Auto & Home Supply Stores
PRU,Prudential Financial Inc. Common Stock,$107.44,0.31,0.289%,38033760000.00,United States,2001,1664352,Finance,Life Insurance
PRVA,Privia Health Group Inc. Common Stock,$23.00,1.00,4.545%,2804148730.00,United States,2021,1873672,Health Care,Medical/Nursing Services
PRZO,ParaZero Technologies Ltd. Ordinary Shares,$1.25,0.13,11.607%,20849539.00,Israel,2023,1214440,Industrials,Military/Government/Technical
PSA,Public Storage Common Stock,$293.42,3.54,1.221%,51475064956.00,United States,,1255264,Real Estate,Real Estate Investment Trusts
PSA^F,Public Storage Depositary Shares Each Representing 1/1000 of a 5.15% Cumulative Preferred Share of Beneficial Interest Series F par value $0.01 per share,$20.34,-0.21,-1.022%,,United States,,87547,,
PSA^G,Public Storage Depositary Shares Each Representing 1/1000 of a 5.05% Cumulative Preferred Share of Beneficial Interest Series G,$20.02,-0.19,-0.94%,,United States,,90493,,
PSA^H,Public Storage Depositary Shares Each Representing 1/1000 of a  5.60% Cumulative Preferred  Share of Beneficial Interest Series H,$22.42,-0.19,-0.84%,,United States,,97141,,
PSA^I,Public Storage Depositary Shares Each Representing 1/1000 of a 4.875% Cumulative Preferred Share of Beneficial Interest Series I par value $0.01 per share,$19.12,-0.21,-1.086%,,United States,,99697,,
PSA^J,Public Storage Depositary Shares Each Representing 1/1000 of a 4.700% Cumulative Preferred Share of Beneficial Interest Series J par value $0.01 per share,$18.42,-0.22,-1.18%,,United States,,116892,,
PSA^K,Public Storage Depositary Shares Each Representing 1/1000 of a 4.75% Cumulative Preferred Share of Beneficial Interest Series K,$18.92,0.10,0.531%,,United States,,17570,,
PSA^L,Public Storage Depositary Shares Each Representing 1/1000 of a 4.625% Cumulative Preferred Share of Beneficial Interest Series L par value $0.01 per share,$18.26,-0.15,-0.815%,,United States,,147958,,
PSA^M,Public Storage Depositary Shares Each Representing 1/1000 of a 4.125% Cumulative Preferred Share of Beneficial Interest Series M,$16.58,0.07,0.424%,,United States,,10602,,
PSA^N,Public Storage Depositary Shares Each Representing 1/1000 of a 3.875% Cumulative Preferred Share of Beneficial Interest Series N,$15.30,-0.15,-0.971%,,United States,,65224,,
PSA^O,Public Storage Depositary Shares Each Representing 1/1000 of a 3.900% Cumulative Preferred Share of Beneficial Interest Series O,$15.41,-0.08,-0.516%,,United States,,178212,,
PSA^P,Public Storage Depositary Shares Each Representing 1/1000 of a 4.000% Cumulative Preferred Share of Bene cial Interest Series P,$15.76,-0.10,-0.631%,,United States,,174790,,
PSA^Q,Public Storage Depositary Shares Each Representing 1/1000 of a 3.950% Cumulative Preferred Share of Beneficial Interest Series Q par value $0.01 per share,$15.70,-0.03,-0.191%,,United States,,15325,,
PSA^R,Public Storage Depositary Shares Each Representing 1/1000 of a 4.00% Cumulative Preferred Share of Bene cial Interest Series R,$15.73,-0.12,-0.757%,,United States,,133623,,
PSA^S,Public Storage Depositary Shares Each Representing 1/1000 of a 4.100% Cumulative Preferred Share of Beneficial Interest Series S,$16.22,-0.04,-0.246%,,United States,,33445,,
PSBD,Palmer Square Capital BDC Inc. Common Stock,$13.96,0.04,0.287%,0.00,,2024,22529,,
PSEC,Prospect Capital Corporation Common Stock,$3.18,0.00,0.00%,1435880511.00,United States,2004,1798820,Finance,Finance: Consumer Services
PSEC^A,Prospect Capital Corporation 5.35% Series A Fixed Rate Cumulative Perpetual Preferred Stock,$15.50,0.02,0.129%,,United States,,15770,,
PSF,Cohen & Steers Select Preferred and Income Fund Inc. Common Stock,$20.14,0.14,0.70%,989651968.00,,2010,47778,Finance,Investment Managers
PSFE,Paysafe Limited Common Shares,$12.62,0.05,0.398%,755790396.00,,2021,255052,Consumer Discretionary,Business Services
PSHG,Performance Shipping Inc. Common Shares,$1.75,-0.03,-1.685%,21756277.00,Greece,,99820,Consumer Discretionary,Marine Transportation
PSIG,PS International Group Ltd. Ordinary Shares,$0.3817,0.0025,0.659%,9915396.00,Hong Kong,,231927,Consumer Discretionary,Oil Refining/Marketing
PSIX,Power Solutions International Inc. Common Stock,$64.68,-2.06,-3.087%,1488171540.00,United States,,470898,Industrials,Industrial Machinery/Components
PSMT,PriceSmart Inc. Common Stock,$105.04,-1.31,-1.232%,3230415391.00,United States,,306809,Consumer Discretionary,Department/Specialty Retail Stores
PSN,Parsons Corporation Common Stock,$71.77,1.20,1.70%,7670417673.00,United States,2019,1029381,Technology,EDP Services
PSNL,Personalis Inc. Common Stock,$6.56,-0.02,-0.304%,579412905.00,United States,2019,2225375,Health Care,Medical Specialities
PSNY,Polestar Automotive Holding UK PLC Class A ADS,$1.07,-0.04,-3.604%,2258079392.00,Sweden,,6080739,Consumer Discretionary,Auto Manufacturing
PSNYW,Polestar Automotive Holding UK PLC Class C-1 ADS (ADW),$0.1441,0.0041,2.929%,304102094.00,Sweden,,105583,Consumer Discretionary,Auto Manufacturing
PSO,Pearson Plc Common Stock,$14.93,0.07,0.471%,9843643076.00,United Kingdom,,779803,Consumer Discretionary,Books
PSQH,PSQ Holdings Inc. Class A Common Stock,$2.05,-0.01,-0.485%,93354901.00,,2021,620010,Consumer Discretionary,Advertising
PSTG,Pure Storage Inc. Class A Common Stock,$57.58,2.18,3.935%,18818968019.00,United States,2015,3047406,Technology,Electronic Components
PSTL,Postal Realty Trust Inc. Class A Common Stock,$14.73,-0.19,-1.273%,350655678.00,United States,2019,209276,Real Estate,Real Estate Investment Trusts
PSTV,PLUS THERAPEUTICS Inc. Common Stock ,$0.3478,0.0327,10.378%,11378991.00,United States,,23604322,Health Care,Medical/Dental Instruments
PSX,Phillips 66 Common Stock,$119.30,0.05,0.042%,48624519000.00,United States,,2060578,Energy,Integrated oil Companies
PT,Pintec Technology Holdings Limited American Depositary Shares,$0.9004,-0.043,-4.558%,14359543.00,China,2018,2869,Technology,Computer Software: Programming Data Processing
PTA,Cohen & Steers Tax-Advantaged Preferred Securities and Income Fund Common Shares of Beneficial Interest,$19.80,0.08,0.406%,1094414449.00,United States,2020,142059,Finance,Trusts Except Educational Religious and Charitable
PTC,PTC Inc. Common Stock,$172.34,3.04,1.796%,20671812814.00,United States,,874827,Technology,Computer Software: Prepackaged Software
PTCT,PTC Therapeutics Inc. Common Stock,$48.84,-1.00,-2.006%,3870912808.00,United States,2013,739101,Health Care,Biotechnology: Pharmaceutical Preparations
PTEN,Patterson-UTI Energy Inc. Common Stock,$5.93,0.02,0.338%,2288903064.00,United States,1993,7977715,Energy,Oil & Gas Production
PTGX,Protagonist Therapeutics Inc. Common Stock,$55.27,-0.42,-0.754%,3425742653.00,United States,2016,912326,Health Care,Biotechnology: Pharmaceutical Preparations
PTHL,Pheton Holdings Ltd Class A Ordinary Shares,$18.39,0.15,0.822%,262057500.00,China,2024,839199,Health Care,Biotechnology: Electromedical & Electrotherapeutic Apparatus
PTIX,Protagenic Therapeutics Inc. Common Stock,$3.65,-0.05,-1.351%,2149715.00,United States,,212176,Health Care,Biotechnology: Pharmaceutical Preparations
PTIXW,Protagenic Therapeutics Inc. Warrant,$0.0477,-0.0023,-4.60%,28094.00,United States,,2141,Health Care,Biotechnology: Pharmaceutical Preparations
PTLE,PTL LTD Class A Ordinary Shares,$0.30,0.0584,24.172%,11246250.00,Singapore,2024,3757040,Energy,Oil Refining/Marketing
PTLO,Portillo's Inc. Class A Common Stock,$11.67,0.14,1.214%,873094889.00,United States,2021,1177876,Consumer Discretionary,Restaurants
PTMN,Portman Ridge Finance Corporation Common Stock,$12.52,0.05,0.401%,115219932.00,United States,2006,36582,Finance,Finance: Consumer Services
PTNM,Pitanium Limited Class A Ordinary shares,$7.31,-0.48,-6.162%,166302500.00,Hong Kong,2025,212317,Consumer Discretionary,Package Goods/Cosmetics
PTON,Peloton Interactive Inc. Class A Common Stock,$6.94,0.14,2.059%,2766003520.00,United States,2019,11303641,Consumer Discretionary,Recreational Games/Products/Toys
PTY,Pimco Corporate & Income Opportunity Fund,$13.91,0.14,1.017%,0.00,United States,2002,2606190,Finance,Investment Managers
PUBM,PubMatic Inc. Class A Common Stock,$12.44,0.78,6.69%,603758594.00,United States,2020,752436,Technology,Computer Software: Programming Data Processing
PUK,Prudential Public Limited Company Common Stock,$25.02,-0.18,-0.714%,32455536825.00,United Kingdom,,1167154,Finance,Life Insurance
PULM,Pulmatrix Inc. Common Stock,$6.90,-0.10,-1.429%,25200767.00,United States,2014,16251,Health Care,Biotechnology: Pharmaceutical Preparations
PUMP,ProPetro Holding Corp. Common Stock,$5.97,0.00,0.00%,620341578.00,United States,2017,2489999,Energy,Oilfield Services/Equipment
PVBC,Provident Bancorp Inc. (MD) Common Stock,$12.49,0.14,1.134%,222172595.00,United States,2015,343040,Finance,Banks
PVH,PVH Corp. Common Stock,$68.60,2.86,4.35%,3297816032.00,United States,,2536235,Consumer Discretionary,Apparel
PVL,Permianville Royalty Trust Trust Units ,$1.85,0.03,1.648%,61050000.00,United States,2011,46168,Energy,Oil & Gas Production
PVLA,Palvella Therapeutics Inc. Common Stock,$22.54,0.46,2.083%,249194689.00,United States,,74453,Health Care,Biotechnology: Pharmaceutical Preparations
PW,Power REIT (MD) Common Stock,$1.082,-0.0278,-2.505%,3667613.00,United States,1998,3948,Real Estate,Real Estate Investment Trusts
PW^A,Power REIT 7.75% Series A Cumulative Perpetual Preferred Stock,$4.15,0.00,0.00%,,United States,,30,,
PWM,Prestige Wealth Inc. Class A Ordinary Shares,$0.3535,0.001,0.284%,11185433.00,Hong Kong,2023,25905232,Finance,Finance: Consumer Services
PWOD,Penns Woods Bancorp Inc. Common Stock,$30.36,-0.10,-0.328%,231167537.00,United States,,61276,Finance,Major Banks
PWP,Perella Weinberg Partners Class A Common Stock,$19.42,-0.46,-2.314%,1716401181.00,United States,2020,1497110,Finance,Finance: Consumer Services
PWR,Quanta Services Inc. Common Stock,$378.08,-3.18,-0.834%,56030970167.00,United States,,1354429,Industrials,Engineering & Construction
PX,P10 Inc. Class A Common Stock,$10.22,0.12,1.188%,1145912145.00,United States,2021,1009332,Finance,Investment Managers
PXLW,Pixelworks Inc.  Common Stock,$6.985,0.095,1.379%,36643652.00,United States,2000,13558,Technology,Semiconductors
PXS,Pyxis Tankers Inc. Common Stock,$2.80,-0.0399,-1.405%,29360422.00,Greece,,23118,Consumer Discretionary,Marine Transportation
PXSAW,Pyxis Tankers Inc. Warrant,$0.0301,0.00,0.00%,315625.00,Greece,,25,Consumer Discretionary,Marine Transportation
PYN,PIMCO New York Municipal Income Fund III Common Shares of Beneficial Interest,$5.24,-0.0199,-0.378%,0.00,United States,2002,19908,Finance,Investment Managers
PYPD,PolyPid Ltd. Ordinary Shares,$3.53,-0.04,-1.12%,35973891.00,Israel,2020,88905,Health Care,Biotechnology: Pharmaceutical Preparations
PYPL,PayPal Holdings Inc. Common Stock,$74.32,0.68,0.923%,72278639851.00,United States,,7734700,Consumer Discretionary,Business Services
PYXS,Pyxis Oncology Inc. Common Stock,$1.10,0.00,0.00%,68142432.00,United States,2021,361652,Health Care,Biotechnology: Pharmaceutical Preparations
PZC,PIMCO California Municipal Income Fund III Common Shares of Beneficial Interest,$6.23,0.05,0.809%,0.00,United States,2002,38932,Finance,Investment Managers
PZG,Paramount Gold Nevada Corp. Common Stock,$0.613,0.0221,3.74%,43798329.00,United States,2015,282725,Basic Materials,Metal Mining
PZZA,Papa John's International Inc. Common Stock,$48.94,0.25,0.513%,1602219009.00,United States,1993,934066,Consumer Discretionary,Restaurants
QBTS,D-Wave Quantum Inc. Common Shares,$14.64,0.62,4.422%,4277680061.00,,2022,37988362,Technology,EDP Services
QCOM,QUALCOMM Incorporated Common Stock,$159.26,0.72,0.454%,174867480000.00,United States,1991,7973173,Technology,Radio And Television Broadcasting And Communications Equipment
QCRH,QCR Holdings Inc. Common Stock,$67.90,-0.06,-0.088%,1149643282.00,United States,,143613,Finance,Major Banks
QD,Qudian Inc. American Depositary Shares each representing one Class A Ordinary Share,$3.14,0.05,1.618%,518497185.00,China,2017,448450,Finance,Finance: Consumer Services
QDEL,QuidelOrtho Corporation Common Stock,$28.82,-0.05,-0.173%,1948977631.00,United States,,1665414,Health Care,Biotechnology: In Vitro & In Vivo Diagnostic Substances
QETA,Quetta Acquisition Corporation Common Stock,$10.86,0.00,0.00%,0.00,United States,2023,12390,Finance,Blank Checks
QETAR,Quetta Acquisition Corporation Right,$1.17,0.00,0.00%,0.00,United States,2023,2419,Finance,Blank Checks
QFIN,Qifu Technology Inc. American Depositary Shares,$43.36,-1.17,-2.627%,6084048167.00,China,2018,1529445,Finance,Finance: Consumer Services
QGEN,Qiagen N.V. Common Shares,$48.06,0.29,0.607%,10386539862.00,Netherlands,,991697,Health Care,Biotechnology: Biological Products (No Diagnostic Substances)
QH,Quhuo Limited American Depository Shares,$1.20,-0.10,-7.692%,107634017.00,China,2020,24339,Consumer Discretionary,Business Services
QIPT,Quipt Home Medical Corp. Common Shares,$1.79,-0.01,-0.556%,77764710.00,United States,,443537,Health Care,Misc Health and Biotechnology Services
QLGN,Qualigen Therapeutics Inc. Common Stock,$3.413,-0.137,-3.859%,2513439.00,United States,2015,29476,Health Care,Biotechnology: Pharmaceutical Preparations
QLYS,Qualys Inc. Common Stock,$142.87,1.84,1.305%,5189913622.00,United States,2012,191238,Technology,Computer Software: Prepackaged Software
QMCO,Quantum Corporation Common Stock,$9.97,0.93,10.288%,58166964.00,United States,,2556119,Technology,Electronic Components
QMMM,QMMM Holdings Limited Class A Ordinary Shares,$1.40,0.14,11.111%,24088879.00,Hong Kong,2024,10064937,Consumer Discretionary,Advertising
QNCX,Quince Therapeutics Inc. Common Stock,$1.65,0.10,6.452%,75023490.00,United States,2019,433540,Health Care,Biotechnology: Biological Products (No Diagnostic Substances)
QNRX,Quoin Pharmaceuticals Ltd. American Depositary Shares,$9.23,-0.04,-0.431%,5428772.00,Israel,2016,2608,Health Care,Medical/Dental Instruments
QNST,QuinStreet Inc. Common Stock,$16.10,0.36,2.287%,916925993.00,United States,2010,466408,Consumer Discretionary,Business Services
QNTM,Quantum Biopharma Ltd. Class B Subordinate Voting Shares,$20.25,-1.47,-6.768%,59357792.00,Canada,,260260,Health Care,Biotechnology: Pharmaceutical Preparations
QQQX,Nuveen NASDAQ 100 Dynamic Overwrite Fund Shares of Beneficial Interest,$26.47,0.40,1.534%,0.00,United States,,201878,Finance,Finance Companies
QRHC,Quest Resource Holding Corporation Common Stock,$2.02,-0.15,-6.912%,41685845.00,United States,,199879,Utilities,Environmental Services
QRVO,Qorvo Inc. Common Stock,$84.91,1.06,1.264%,7898767949.00,United States,,1771498,Technology,Semiconductors
QS,QuantumScape Corporation Class A Common Stock,$6.72,0.10,1.511%,3755984622.00,United States,2020,51028834,Miscellaneous,Industrial Machinery/Components
QSEA,Quartzsea Acquisition Corporation Ordinary Shares,$10.045,-0.015,-0.149%,0.00,United States,2025,66334,Finance,Blank Checks
QSEAR,Quartzsea Acquisition Corporation Rights,$0.2601,0.00,0.00%,0.00,United States,2025,10,Finance,Blank Checks
QSG,QuantaSing Group Limited American Depositary Shares,$9.45,1.45,18.125%,483017878.00,China,2023,2648416,Real Estate,Other Consumer Services
QSI,Quantum-Si Incorporated Class A Common Stock,$1.96,0.01,0.513%,359656307.00,United States,2020,6991642,Industrials,Industrial Machinery/Components
QSIAW,Quantum-Si Incorporated Warrant,$0.651,0.021,3.333%,119457274.00,United States,2020,2145,Industrials,Industrial Machinery/Components
QSR,Restaurant Brands International Inc. Common Shares,$66.29,0.94,1.438%,30137184984.00,Canada,2014,3859832,Consumer Discretionary,Restaurants
QTRX,Quanterix Corporation Common Stock,$6.65,0.00,0.00%,258215417.00,United States,2017,487585,Industrials,Biotechnology: Laboratory Analytical Instruments
QTTB,Q32 Bio Inc. Common Stock,$1.49,0.04,2.759%,18174446.00,United States,2018,60426,Health Care,Biotechnology: Pharmaceutical Preparations
QTWO,Q2 Holdings Inc. Common Stock,$93.59,-0.40,-0.426%,5831016666.00,United States,2014,612967,Technology,Computer Software: Prepackaged Software
QUAD,Quad Graphics Inc Class A Common Stock,$5.65,-0.15,-2.586%,285960642.00,United States,,198020,Consumer Discretionary,Publishing
QUBT,Quantum Computing Inc. Common Stock,$19.17,1.88,10.873%,2701120785.00,United States,,31905217,Technology,Computer Software: Prepackaged Software
QUIK,QuickLogic Corporation Common Stock,$6.16,-0.16,-2.532%,97550123.00,United States,1999,297814,Technology,Semiconductors
QURE,uniQure N.V. Ordinary Shares,$13.94,0.08,0.577%,763194034.00,Netherlands,2014,1185715,Health Care,Biotechnology: Pharmaceutical Preparations
QVCC,QVC Inc. 6.250% Senior Secured Notes due 2068,$9.90,-0.02,-0.202%,0.00,United States,2019,1133697,Consumer Discretionary,Catalog/Specialty Distribution
QVCD,QVC Inc. 6.375% Senior Secured Notes due 2067,$10.06,0.35,3.605%,0.00,United States,2018,35855,Consumer Discretionary,Catalog/Specialty Distribution
QVCGA,QVC Group Inc. Series A Common Stock,$2.75,0.06,2.23%,22189008.00,United States,,119811,Consumer Discretionary,Catalog/Specialty Distribution
QVCGP,QVC Group Inc. 8.0% Fixed Rate Cumulative Redeemable Preferred Stock,$6.87,-0.38,-5.241%,55432175.00,United States,,277831,Consumer Discretionary,Catalog/Specialty Distribution
QXO,QXO Inc. Common Stock,$21.54,0.81,3.907%,12455838999.00,United States,,11160460,Technology,EDP Services
QXO^B,QXO Inc.  Depositary Shares each representing a 1/20th interest in a share of 5.50% Series B Mandatory Convertible Preferred Stock,$61.99,2.80,4.731%,,United States,,1763330,,
R,Ryder System Inc. Common Stock,$159.00,-1.88,-1.169%,6573185928.00,United States,,255228,Consumer Discretionary,Rental/Leasing Companies
RA,Brookfield Real Assets Income Fund Inc. Common Stock,$13.37,0.06,0.451%,0.00,United States,2016,308845,Finance,Investment Managers
RAAQ,Real Asset Acquisition Corp. Class A Ordinary Share,$10.15,-0.02,-0.197%,0.00,United States,2025,31584,,
RAAQU,Real Asset Acquisition Corp. Unit,$10.36,0.00,0.00%,0.00,United States,2025,31,Finance,Blank Checks
RAAQW,Real Asset Acquisition Corp. Warrants,$0.46,0.03,6.977%,0.00,United States,2025,125,,
RAC,Rithm Acquisition Corp. Class A Ordinary Shares,$10.19,-0.03,-0.294%,0.00,,2025,1508,,
RAC/WS,Rithm Acquisition Corp.,$0.4899,0.0699,16.643%,,,,10183,,
RACE,Ferrari N.V. Common Shares,$490.74,-0.36,-0.073%,118944189091.00,Italy,2015,339537,Consumer Discretionary,Auto Manufacturing
RADX,Radiopharm Theranostics Limited American Depositary Shares,$4.64,-0.0788,-1.67%,10082537908.00,Australia,,9192,,
RAIL,FreightCar America Inc. Common Stock,$8.62,-0.17,-1.934%,164127472.00,United States,2005,105021,Industrials,Railroads
RAIN,Rain Enhancement Technologies Holdco Inc. Class A Common Stock,$3.00,-0.33,-9.91%,22759539.00,United States,,5307,Technology,Industrial Machinery/Components
RAINW,Rain Enhancement Technologies Holdco Inc. Warrants,$0.1025,0.0098,10.572%,777618.00,United States,,776,Technology,Industrial Machinery/Components
RAL,Ralliant Corporation,$48.49,-4.49,-8.475%,0.00,,2025,27046595,,
RAMP,LiveRamp Holdings Inc. Common Stock,$33.04,0.34,1.04%,2147328576.00,United States,2018,582007,Technology,EDP Services
RAND,Rand Capital Corporation Common Stock,$16.12,0.6175,3.983%,47873402.00,United States,,11542,Finance,Finance: Consumer Services
RANG,Range Capital Acquisition Corp. Ordinary Shares,$10.20,0.00,0.00%,0.00,United States,2025,688,,
RANGR,Range Capital Acquisition Corp. Rights,$0.25,-0.0001,-0.04%,0.00,United States,2025,36261,,
RANGU,Range Capital Acquisition Corp. Units,$10.70,0.00,0.00%,0.00,United States,2024,69,,
RANI,Rani Therapeutics Holdings Inc. Class A Common Stock,$0.5139,-0.0381,-6.902%,29570888.00,United States,2021,321251,Health Care,Biotechnology: Pharmaceutical Preparations
RAPP,Rapport Therapeutics Inc. Common Stock,$11.37,-0.06,-0.525%,414977200.00,United States,2024,98324,Health Care,Biotechnology: Pharmaceutical Preparations
RAPT,RAPT Therapeutics Inc. Common Stock,$8.00,-0.43,-5.101%,132288688.00,United States,2019,71210,Health Care,Biotechnology: Pharmaceutical Preparations
RARE,Ultragenyx Pharmaceutical Inc. Common Stock,$36.36,-0.16,-0.438%,3437548393.00,United States,2014,906897,Health Care,Biotechnology: Pharmaceutical Preparations
RAVE,Rave Restaurant Group Inc. Common Stock,$2.75,0.12,4.563%,39081807.00,United States,,61361,Consumer Discretionary,Food Distributors
RAY,Raytech Holding Limited Ordinary Shares,$1.17,0.12,11.429%,20607307.00,Hong Kong,2024,268179,Consumer Discretionary,Consumer Electronics/Appliances
RAYA,Erayak Power Solution Group Inc. Class A Ordinary Shares,$2.50,0.52,26.263%,126470588.00,China,2022,674100,Consumer Discretionary,Metal Fabrications
RBA,RB Global Inc. Common Stock,$106.19,0.54,0.511%,19788822309.00,Canada,,758073,Consumer Discretionary,Business Services
RBB,RBB Bancorp Common Stock,$17.21,-0.03,-0.174%,305302973.00,United States,2017,94664,Finance,Major Banks
RBBN,Ribbon Communications Inc. Common Stock,$4.01,0.06,1.519%,707942988.00,United States,,528646,Technology,EDP Services
RBC,RBC Bearings Incorporated Common Stock,$384.80,3.44,0.902%,12112756718.00,United States,2022,197789,Industrials,Metal Fabrications
RBCAA,Republic Bancorp Inc. Class A Common Stock,$73.11,0.28,0.384%,1427459956.00,United States,1998,95262,Finance,Major Banks
RBKB,Rhinebeck Bancorp Inc. Common Stock,$11.73,-0.26,-2.168%,130184279.00,United States,2019,30313,Finance,Banks
RBLX,Roblox Corporation Class A Common Stock,$105.20,-0.39,-0.369%,71355510043.00,United States,2021,8941608,Technology,Computer Software: Prepackaged Software
RBNE,Robin Energy Ltd. Common Stock,$3.00,-0.35,-10.448%,7160196.00,Cyprus,,1074967,Consumer Discretionary,Marine Transportation
RBOT,Vicarious Surgical Inc. Class A Common Stock,$7.50,-0.11,-1.445%,44489880.00,Hong Kong,2020,18357,Health Care,Industrial Specialties
RBRK,Rubrik Inc. Class A Common Stock,$89.59,2.21,2.529%,17335069227.00,United States,2024,4714717,Technology,Computer Software: Prepackaged Software
RC,Ready Capital Corporation Common Stock,$4.37,-0.13,-2.889%,745116582.00,United States,2013,1929498,Real Estate,Real Estate Investment Trusts
RC^C,Ready Capital Corporation 6.25% Series C Cumulative Convertible Preferred Stock,$14.41,-0.7501,-4.948%,,United States,,1349,,
RC^E,Ready Capital Corporation 6.50% Series E Cumulative Redeemable Preferred Stock,$14.90,-0.875,-5.547%,,United States,,42763,,
RCAT,Red Cat Holdings Inc. Common Stock,$7.28,0.11,1.534%,661863129.00,United States,,5617704,Technology,Computer Software: Prepackaged Software
RCB,Ready Capital Corporation 6.20% Senior Notes due 2026,$24.28,-0.08,-0.328%,4139915472.00,United States,2019,1668,Real Estate,Real Estate Investment Trusts
RCC,Ready Capital Corporation 5.75% Senior Notes due 2026,$24.54,0.04,0.163%,4184247351.00,United States,2021,52822,Real Estate,Real Estate Investment Trusts
RCD,Ready Capital Corporation 9.00% Senior Notes due 2029,$22.88,-0.02,-0.087%,0.00,United States,2024,165112,Real Estate,Real Estate Investment Trusts
RCEL,Avita Medical Inc. Common Stock,$5.29,-0.16,-2.936%,139839341.00,United States,,256900,Health Care,Medical/Dental Instruments
RCG,RENN Fund Inc Common Stock,$2.66,0.075,2.901%,0.00,United States,,6938,Finance,Investment Managers
RCI,Rogers Communication Inc. Common Stock,$29.66,0.58,1.994%,15852310351.00,Canada,,1439685,Telecommunications,Cable & Other Pay Television Services
RCKT,Rocket Pharmaceuticals Inc. Common Stock,$2.45,-0.08,-3.162%,263957902.00,United States,2015,3109179,Health Care,Biotechnology: Pharmaceutical Preparations
RCKTW,Rocket Pharmaceuticals Inc. Warrant,$0.0394,0.00,0.00%,4244874.00,United States,,29,Health Care,Biotechnology: Pharmaceutical Preparations
RCKY,Rocky Brands Inc. Common Stock,$22.19,-0.16,-0.716%,165563296.00,United States,1993,38180,Consumer Discretionary,Shoe Manufacturing
RCL,Royal Caribbean Cruises Ltd. Common Stock,$313.14,3.63,1.173%,85036414888.00,United States,1993,3291701,Consumer Discretionary,Marine Transportation
RCMT,RCM Technologies Inc. Common Stock,$23.57,0.46,1.99%,174191374.00,United States,,75580,Consumer Discretionary,Professional Services
RCON,Recon Technology Ltd. Class A Ordinary Shares,$2.52,-0.16,-5.97%,38021657.00,China,2009,4271,Energy,Oilfield Services/Equipment
RCS,PIMCO Strategic Income Fund Inc.,$6.96,0.02,0.288%,0.00,United States,1994,160088,Finance,Investment Managers
RCT,RedCloud Holdings plc Ordinary Shares,$3.00,-0.24,-7.407%,132679905.00,United Kingdom,2025,1228009,Consumer Discretionary,Other Specialty Stores
RCUS,Arcus Biosciences Inc. Common Stock,$8.14,0.19,2.39%,861905023.00,United States,2018,1118262,Health Care,Biotechnology: Pharmaceutical Preparations
RDAC,Rising Dragon Acquisition Corp. Ordinary Shares,$10.30,0.00,0.00%,0.00,China,2024,27,,
RDACR,Rising Dragon Acquisition Corp. Rights,$0.1521,0.00,0.00%,0.00,China,2024,37,Finance,Blank Checks
RDAG,Republic Digital Acquisition Company Class A Ordinary Shares,$10.26,0.02,0.195%,0.00,United States,2025,71811,Finance,Blank Checks
RDAGU,Republic Digital Acquisition Company Unit,$10.70,0.12,1.134%,0.00,United States,2025,9565,Finance,Blank Checks
RDAGW,Republic Digital Acquisition Company Warrants,$0.72,0.00,0.00%,0.00,United States,2025,6,Finance,Blank Checks
RDCM,Radcom Ltd. Ordinary Shares,$13.59,0.14,1.041%,216293221.00,Israel,1997,299903,Technology,Computer peripheral equipment
RDDT,Reddit Inc. Class A Common Stock,$150.57,7.56,5.286%,27783268549.00,United States,2024,9862317,Technology,EDP Services
RDFN,Redfin Corporation Common Stock,$11.19,-0.04,-0.356%,1432668893.00,United States,2017,29656093,Finance,Real Estate
RDGT,Ridgetech Inc. Ordinary Shares,$1.09,0.005,0.461%,7252944.00,China,,3564,Consumer Staples,Retail-Drug Stores and Proprietary Stores
RDHL,Redhill Biopharma Ltd. American Depositary Shares,$1.94,0.08,4.301%,4445615.00,Israel,,14294,Health Care,Biotechnology: Pharmaceutical Preparations
RDI,Reading International Inc Class A Common Stock,$1.34,0.11,8.943%,30118420.00,United States,,18054,Consumer Discretionary,Movies/Entertainment
RDIB,Reading International Inc Class B Common Stock,$9.69,0.22,2.323%,217796636.00,United States,,49549,Consumer Discretionary,Movies/Entertainment
RDN,Radian Group Inc. Common Stock,$36.02,0.07,0.195%,4838715146.00,United States,,1124514,Finance,Property-Casualty Insurers
RDNT,RadNet Inc. Common Stock,$56.91,-0.21,-0.368%,4269962877.00,United States,,777225,Health Care,Medical Specialities
RDUS,Radius Recycling Inc. Class A Common Stock,$29.69,0.05,0.169%,837316846.00,United States,,566525,Consumer Discretionary,Industrial Specialties
RDVT,Red Violet Inc. Common Stock ,$49.20,-1.76,-3.454%,686631166.00,United States,,124414,Technology,Computer Software: Prepackaged Software
RDW,Redwire Corporation Common Stock,$16.30,0.18,1.117%,1256459290.00,United States,2021,2495887,Industrials,Military/Government/Technical
RDWR,Radware Ltd. Ordinary Shares,$29.44,0.27,0.926%,1256691561.00,Israel,1999,191146,Consumer Discretionary,Business Services
RDY,Dr. Reddy's Laboratories Ltd Common Stock,$15.03,-0.04,-0.265%,12541864136.00,India,,1449498,Health Care,Biotechnology: Pharmaceutical Preparations
RDZN,Roadzen Inc. Ordinary Shares,$0.98,-0.11,-10.092%,72805166.00,United States,2022,1943398,Finance,Specialty Insurers
RDZNW,Roadzen Inc. Warrants,$0.0511,-0.0031,-5.72%,3796269.00,United States,2022,28798,Finance,Specialty Insurers
REAL,The RealReal Inc. Common Stock,$4.79,-0.10,-2.045%,541726626.00,United States,2019,2561021,Consumer Discretionary,Other Specialty Stores
REAX,The Real Brokerage Inc. Common Shares,$4.51,0.01,0.222%,925835648.00,Canada,,820032,Finance,Real Estate
REBN,Reborn Coffee Inc. Common Stock,$2.54,0.02,0.794%,13470397.00,United States,2022,50388,Consumer Discretionary,Restaurants
RECT,Rectitude Holdings Ltd Ordinary Shares,$4.74,0.06,1.282%,68730000.00,Singapore,2024,2242,Consumer Discretionary,Industrial Machinery/Components
REE,REE Automotive Ltd. Class A Ordinary Shares,$0.595,-0.0319,-5.089%,18457455.00,Israel,,114558,Consumer Discretionary,Auto Manufacturing
REFI,Chicago Atlantic Real Estate Finance Inc. Common Stock,$13.96,-0.06,-0.428%,292705700.00,United States,2021,121693,Real Estate,Real Estate Investment Trusts
REFR,Research Frontiers Incorporated Common Stock,$1.64,-0.01,-0.606%,55183082.00,United States,,41723,Miscellaneous,Multi-Sector Companies
REG,Regency Centers Corporation Common Stock,$71.23,0.69,0.978%,12930331255.00,United States,1993,1526737,Real Estate,Real Estate Investment Trusts
REGCO,Regency Centers Corporation 5.875% Series B Cumulative Redeemable Preferred Stock,$22.46,0.10,0.447%,4077147831.00,United States,,2529,Real Estate,Real Estate Investment Trusts
REGCP,Regency Centers Corporation 6.25% Series A Cumulative Redeemable Preferred Stock,$23.72,0.04,0.169%,4305874735.00,United States,,791,Real Estate,Real Estate Investment Trusts
REGN,Regeneron Pharmaceuticals Inc. Common Stock,$525.00,4.00,0.768%,56681885925.00,United States,1991,1013178,Health Care,Biotechnology: Pharmaceutical Preparations
REI,Ring Energy Inc. Common Stock,$0.794,0.044,5.867%,163980459.00,United States,,4938517,Energy,Oil & Gas Production
REKR,Rekor Systems Inc. Common Stock,$1.16,0.02,1.754%,136968095.00,United States,,3953556,Telecommunications,Telecommunications Equipment
RELI,Reliance Global Group Inc. Common Stock,$1.87,-0.27,-12.617%,5563080.00,United States,,231412,Finance,Specialty Insurers
RELIW,Reliance Global Group Inc. Series A Warrants,$0.0328,0.0028,9.333%,97577.00,United States,,12567,Finance,Specialty Insurers
RELL,Richardson Electronics Ltd. Common Stock,$9.65,0.04,0.416%,138718750.00,United States,1983,38441,Technology,Electronic Components
RELX,RELX PLC PLC American Depositary Shares (Each representing One Ordinary Share),$54.34,0.54,1.004%,99980486823.00,United Kingdom,2015,950068,Consumer Discretionary,Business Services
RELY,Remitly Global Inc. Common Stock,$18.77,-0.14,-0.74%,3826425772.00,United States,2021,2586437,Consumer Discretionary,Business Services
RENB,Renovaro Inc. Common Stock,$0.2889,-0.0038,-1.298%,49725055.00,United States,,1789053,Health Care,Biotechnology: Pharmaceutical Preparations
RENT,Rent the Runway Inc. Class A Common Stock,$5.11,0.35,7.353%,20551848.00,United States,2021,30408,Consumer Discretionary,Other Specialty Stores
REPL,Replimune Group Inc. Common Stock,$9.29,-0.04,-0.429%,716135908.00,United States,2018,1251943,Health Care,Biotechnology: Biological Products (No Diagnostic Substances)
REPX,Riley Exploration Permian Inc. Common Stock,$26.23,-0.51,-1.907%,577664234.00,United States,1999,139504,Energy,Oil & Gas Production
RERE,ATRenew Inc. American Depositary Shares (every three of which representing two Class A ordinary shares),$3.31,-0.18,-5.158%,727592075.00,Cayman Islands,2021,3203193,Consumer Discretionary,Other Specialty Stores
RES,RPC Inc. Common Stock,$4.73,-0.02,-0.421%,1043270113.00,United States,,1381112,Energy,Oilfield Services/Equipment
RETO,ReTo Eco-Solutions Inc. Class A Shares,$1.94,-0.05,-2.513%,14867925.00,China,2017,76051,Industrials,Industrial Machinery/Components
REVB,Revelation Biosciences Inc. Common Stock,$0.75,-0.009,-1.186%,722847.00,United States,2020,282362,Health Care,Biotechnology: Pharmaceutical Preparations
REVBW,Revelation Biosciences Inc. Warrant,$0.012,-0.0026,-17.808%,11566.00,United States,2020,36284,Health Care,Biotechnology: Pharmaceutical Preparations
REVG,REV Group Inc. Common Stock,$47.59,1.05,2.256%,2322265934.00,United States,2017,936290,Consumer Discretionary,Auto Manufacturing
REX,REX American Resources Corporation,$48.71,-0.60,-1.217%,802198122.00,United States,,179297,Industrials,Major Chemicals
REXR,Rexford Industrial Realty Inc. Common Stock,$35.57,-0.66,-1.822%,8418887157.00,United States,2013,3202398,Real Estate,Real Estate Investment Trusts
REXR^B,Rexford Industrial Realty Inc. 5.875% Series B Cumulative Redeemable Preferred Stock,$22.395,0.027,0.121%,,United States,,709,,
REXR^C,Rexford Industrial Realty Inc. 5.625% Series C Cumulative Redeemable Preferred Stock par value $0.01 per share,$21.17,0.00,0.00%,,United States,,2656,,
REYN,Reynolds Consumer Products Inc. Common Stock,$21.42,0.12,0.563%,4505124508.00,United States,2020,1850551,Consumer Discretionary,Containers/Packaging
REZI,Resideo Technologies Inc. Common Stock ,$22.06,-0.40,-1.781%,3275987960.00,United States,2018,1077383,Industrials,Wholesale Distributors
RF,Regions Financial Corporation Common Stock,$23.52,0.17,0.728%,21142837222.00,United States,,9647793,Finance,Major Banks
RF^C,Regions Financial Corporation Depositary Shares each Representing a 1/40th Interest in a  Share of 5.700% Fixed-to-Floating Rate Non-Cumulative  Perpetual Preferred Stock Series C,$23.87,-0.25,-1.036%,,United States,,301830,,
RF^E,Regions Financial Corporation Depositary Shares Each Representing a 1/40th Interest in a Share of 4.45% Non-Cumulative Perpetual Preferred Stock Series E,$17.18,-0.24,-1.378%,,United States,,99648,,
RF^F,Regions Financial Corporation Depositary Shares Each Representing a 1/40th Interest in a Share of Non-Cumulative Perpetual Preferred Stock Series F,$24.85,-0.13,-0.52%,,United States,,287254,,
RFAI,RF Acquisition Corp II Ordinary Shares,$10.53,0.00,0.00%,0.00,Singapore,2024,35,,
RFAIR,RF Acquisition Corp II Right,$0.066,0.00,0.00%,0.00,Singapore,2024,6,Technology,Computer Software: Prepackaged Software
RFI,Cohen & Steers Total Return Realty Fund Inc. Common Stock,$12.06,0.08,0.668%,592611854.00,United States,1993,75411,Finance,Investment Managers
RFIL,RF Industries Ltd. Common Stock,$6.47,0.82,14.513%,69026185.00,United States,,443175,Technology,Electrical Products
RFL,Rafael Holdings Inc. Class B Common Stock,$1.73,0.07,4.217%,60706397.00,United States,2018,203164,Finance,Real Estate
RFM,RiverNorth Flexible Municipal Income Fund Inc. Common Stock,$13.95,-0.02,-0.143%,85300051.00,,2020,36834,Finance,Finance/Investors Services
RFMZ,RiverNorth Flexible Municipal Income Fund II Inc. Common Stock,$12.64,0.13,1.039%,307806196.00,,2021,75387,Finance,Trusts Except Educational Religious and Charitable
RGA,Reinsurance Group of America Incorporated Common Stock,$198.36,0.88,0.446%,13108813208.00,United States,,261244,Finance,Life Insurance
RGC,Regencell Bioscience Holdings Limited Ordinary Shares,$17.04,-0.36,-2.069%,8426023582.00,Hong Kong,2021,800371,Health Care, Medicinal Chemicals and Botanical Products 
RGCO,RGC Resources Inc. Common Stock,$22.38,-0.90,-3.866%,230773451.00,United States,,17459,Utilities,Oil & Gas Production
RGEN,Repligen Corporation Common Stock,$124.38,0.82,0.664%,6988053978.00,United States,1986,654389,Health Care,Biotechnology: Biological Products (No Diagnostic Substances)
RGLD,Royal Gold Inc. Common Stock,$177.84,2.36,1.345%,11704805649.00,United States,,419174,Industrials,Precious Metals
RGNX,REGENXBIO Inc. Common Stock,$8.21,-0.18,-2.145%,411816490.00,United States,2015,636467,Health Care,Biotechnology: Biological Products (No Diagnostic Substances)
RGP,Resources Connection Inc. Common Stock,$5.37,-0.09,-1.648%,177582012.00,United States,,155682,Consumer Discretionary,Business Services
RGR,Sturm Ruger & Company Inc. Common Stock,$35.90,0.17,0.476%,594323136.00,United States,,219643,Industrials,Ordnance And Accessories
RGS,Regis Corporation Common Stock,$22.3017,-0.3483,-1.538%,54326517.00,United States,1991,12151,Consumer Discretionary,Other Consumer Services
RGT,Royce Global Trust Inc. Common Stock,$12.03,0.15,1.263%,75391324.00,,2013,28474,Finance,Trusts Except Educational Religious and Charitable
RGTI,Rigetti Computing Inc. Common Stock,$11.86,0.79,7.136%,3443229464.00,United States,,47896780,Technology,EDP Services
RGTIW,Rigetti Computing Inc. Warrants,$4.19,0.24,6.076%,1216452905.00,United States,,229014,Technology,EDP Services
RH,RH Common Stock,$189.01,-1.82,-0.954%,3540620375.00,United States,2012,649671,Consumer Discretionary,Other Specialty Stores
RHI,Robert Half Inc. Common Stock,$41.05,-0.27,-0.653%,4193822430.00,United States,,1395564,Consumer Discretionary,Professional Services
RHLD,Resolute Holdings Management Common Stock ,$31.87,-2.22,-6.512%,271723556.00,United States,,128080,Finance,Finance: Consumer Services
RHP,Ryman Hospitality Properties Inc. (REIT),$98.67,-1.88,-1.87%,5920285350.00,United States,,851421,Real Estate,Real Estate Investment Trusts
RIBB,Ribbon Acquisition Corp Class A Ordinary Shares,$10.11,0.00,0.00%,0.00,Japan,2025,13,,
RIBBR,Ribbon Acquisition Corp Rights,$0.207,-0.003,-1.429%,0.00,Japan,2025,2402,,
RICK,RCI Hospitality Holdings Inc. Common Stock,$38.12,-0.76,-1.955%,335389290.00,United States,1995,39808,Consumer Discretionary,Restaurants
RIG,Transocean Ltd (Switzerland) Common Stock,$2.59,0.01,0.388%,2287647171.00,Switzerland,,29774983,Energy,Oil & Gas Production
RIGL,Rigel Pharmaceuticals Inc. Common Stock,$18.73,-0.75,-3.85%,334750651.00,United States,2000,292775,Health Care,Biotechnology: Pharmaceutical Preparations
RILY,B. Riley Financial Inc. Common Stock,$2.97,0.04,1.365%,90576286.00,United States,,803738,Finance,Investment Managers
RILYG,B. Riley Financial Inc. 5.00% Senior Notes due 2026,$11.28,-1.41,-11.111%,344006904.00,United States,,439713,Finance,Investment Managers
RILYK,B. Riley Financial Inc. 5.50% Senior Notes Due 2026,$18.62,-1.33,-6.667%,567855369.00,United States,,196233,Finance,Investment Managers
RILYL,B. Riley Financial Inc. Depositary Shares each representing 1/1000th in a share of 7.375% Series B Cumulative Perpetual Preferred Stock par value $0.0001,$2.001,-0.149,-6.93%,61024629.00,United States,,1915,Finance,Investment Managers
RILYN,B. Riley Financial Inc. 6.50% Senior Notes Due 2026,$12.30,-1.61,-11.574%,375113912.00,United States,,111288,Finance,Investment Managers
RILYP,B. Riley Financial Inc. Depositary Shares each representing a 1/1000th fractional interest in a share of Series A Cumulative Perpetual Preferred Stock,$2.18,-0.15,-6.438%,66483604.00,United States,,4396,Finance,Investment Managers
RILYT,B. Riley Financial Inc. 6.00% Senior Notes Due 2028,$6.07,-1.35,-18.194%,185117191.00,United States,,335113,Finance,Investment Managers
RILYZ,B. Riley Financial Inc. 5.25% Senior Notes due 2028,$6.16,-0.55,-8.197%,187861927.00,United States,,438832,Finance,Investment Managers
RIME,Algorhythm Holdings Inc. Common Stock,$2.45,-0.01,-0.407%,6160699.00,United States,,47066,Consumer Staples,Diversified Electronic Products
RIO,Rio Tinto Plc Common Stock,$58.33,-0.41,-0.698%,73147525278.00,Australia,2002,2916958,Basic Materials,Metal Mining
RIOT,Riot Platforms Inc. Common Stock ,$11.30,0.75,7.109%,4037080285.00,United States,,49042248,Finance,Finance: Consumer Services
RITM,Rithm Capital Corp. Common Stock,$11.29,-0.11,-0.965%,5985082765.00,United States,,4907535,Real Estate,Real Estate Investment Trusts
RITM^A,Rithm Capital Corp. 7.50% Series A Fixed-to-Floating Rate Cumulative Redeemable Preferred Stock,$25.35,-0.07,-0.275%,,United States,,59905,,
RITM^B,Rithm Capital Corp. 7.125% Series B Fixed-to-Floating Rate Cumulative Redeemable Preferred Stock,$25.20,-0.2576,-1.012%,,United States,,178710,,
RITM^C,Rithm Capital Corp. 6.375% Series C Fixed-to-Floating Rate Cumulative Redeemable Preferred Stock,$24.50,-0.3205,-1.291%,,United States,,274620,,
RITM^D,Rithm Capital Corp. 7.00% Fixed-Rate Reset Series D Cumulative Redeemable Preferred Stock,$23.94,-0.2451,-1.013%,,United States,,303621,,
RITR,Reitar Logtech Holdings Limited Ordinary shares,$4.47,1.16,35.045%,367098750.00,Hong Kong,2024,1518930,Finance,Real Estate
RIV,RiverNorth Opportunities Fund Inc. Common Stock,$12.26,0.01,0.082%,0.00,United States,2015,85960,Finance,Finance Companies
RIV^A,RiverNorth Opportunities Fund Inc. 6.00% Series A Perpetual Preferred Stock,$23.33,0.03,0.129%,,United States,,6316,,
RIVN,Rivian Automotive Inc. Class A Common Stock,$13.74,0.14,1.029%,15751877755.00,United States,2021,18712677,Consumer Discretionary,Auto Manufacturing
RJF,Raymond James Financial Inc. Common Stock,$153.37,0.14,0.091%,30943093493.00,United States,,1138200,Finance,Investment Bankers/Brokers/Service
RJF^B,Raymond James Financial Inc. Depositary Shares each representing a 1/40th interest in a share of 6.375% Fixed-to-Floating Rate Series B Non-Cumulative Perpetual Preferred Stock,$25.11,0.01,0.04%,,United States,,4762,,
RKDA,Arcadia Biosciences Inc. Common Stock,$4.3078,0.0478,1.122%,5888935.00,United States,2015,64260,Consumer Staples,Farming/Seeds/Milling
RKLB,Rocket Lab Corporation Common Stock,$35.77,0.39,1.102%,16505436698.00,United States,2020,18329232,Industrials,Military/Government/Technical
RKT,Rocket Companies Inc. Class A Common Stock,$14.18,-0.04,-0.281%,28362156991.00,United States,2020,23430267,Finance,Finance: Consumer Services
RL,Ralph Lauren Corporation Common Stock,$274.28,-2.07,-0.749%,16545614058.00,United States,1997,603527,Consumer Discretionary,Apparel
RLAY,Relay Therapeutics Inc. Common Stock,$3.46,0.16,4.848%,593199582.00,United States,2020,1492852,Health Care,Biotechnology: Biological Products (No Diagnostic Substances)
RLGT,Radiant Logistics Inc. Common Stock,$6.08,-0.13,-2.093%,286630522.00,United States,,174980,Consumer Discretionary,Oil Refining/Marketing
RLI,RLI Corp. Common Stock (DE),$72.22,0.90,1.262%,6627848515.00,United States,,674265,Finance,Property-Casualty Insurers
RLJ,RLJ Lodging Trust Common Shares of Beneficial Interest $0.01 par value,$7.28,-0.22,-2.933%,1104476690.00,United States,2011,1132478,Real Estate,Real Estate Investment Trusts
RLJ^A,RLJ Lodging Trust $1.95 Series A Cumulative Convertible  Preferred Shares,$23.66,-0.8001,-3.271%,,United States,,92784,,
RLMD,Relmada Therapeutics Inc. Common Stock,$0.6003,-0.0097,-1.59%,19924931.00,United States,,194611,Health Care,Biotechnology: Pharmaceutical Preparations
RLTY,Cohen & Steers Real Estate Opportunities and Income Fund Common Shares of Beneficial Interest,$15.18,0.01,0.066%,0.00,,2022,61756,Finance,Investment Managers
RLX,RLX Technology Inc. American Depositary Shares each representing the right to receive one (1) Class A ordinary share,$2.21,-0.01,-0.45%,3471447160.00,Cayman Islands,2021,2905009,Health Care, Medicinal Chemicals and Botanical Products 
RLYB,Rallybio Corporation Common Stock,$0.338,0.0054,1.624%,14065520.00,United States,2021,49163,Health Care,Biotechnology: Pharmaceutical Preparations
RM,Regional Management Corp. Common Stock,$29.21,-0.12,-0.409%,289781310.00,United States,2012,28177,Finance,Finance: Consumer Services
RMAX,RE/MAX Holdings Inc. Class A Common Stock,$8.18,-0.33,-3.878%,163067433.00,United States,2013,231711,Finance,Real Estate
RMBI,Richmond Mutual Bancorporation Inc. Common Stock,$13.80,0.37,2.755%,143623334.00,United States,2019,43959,Finance,Major Banks
RMBL,RumbleOn Inc. Class B Common Stock,$2.31,0.17,7.944%,87454355.00,United States,,81887,Technology,EDP Services
RMBS,Rambus Inc. Common Stock,$64.02,0.02,0.031%,6876510862.00,United States,1997,1192359,Technology,Semiconductors
RMCF,Rocky Mountain Chocolate Factory Inc. Common Stock,$1.41,-0.01,-0.704%,10949335.00,United States,,10029,Consumer Staples,Specialty Foods
RMCO,Royalty Management Holding Corporation Class A Common Stock,$1.298,0.0505,4.048%,19389690.00,United States,2023,21897,Miscellaneous,Multi-Sector Companies
RMCOW,Royalty Management Holding Corporation Warrant,$0.022,0.00,0.00%,328639.00,United States,2023,50,Miscellaneous,Multi-Sector Companies
RMD,ResMed Inc. Common Stock,$258.00,2.84,1.113%,37841478942.00,United States,,958137,Health Care,Medical/Dental Instruments
RMI,RiverNorth Opportunistic Municipal Income Fund Inc. Common Stock,$14.2547,0.0447,0.315%,90849023.00,,2018,21478,Finance,Finance/Investors Services
RMM,RiverNorth Managed Duration Municipal Income Fund Inc. Common Stock,$13.41,0.05,0.374%,264708411.00,,2019,75157,Finance,Trusts Except Educational Religious and Charitable
RMMZ,RiverNorth Managed Duration Municipal Income Fund II Inc. Common Stock,$14.06,0.07,0.50%,277539170.00,,2022,43639,Finance,Investment Managers
RMNI,Rimini Street Inc. (DE) Common Stock,$3.77,0.00,0.00%,346029450.00,United States,2015,269366,Consumer Discretionary,Business Services
RMR,The RMR Group Inc. Class A Common Stock,$16.35,-0.33,-1.978%,521192972.00,United States,,123476,Consumer Discretionary,Professional Services
RMSG,Real Messenger Corporation Ordinary Shares,$1.88,-0.05,-2.591%,17524040.00,United States,,73064,Technology,Computer Software: Programming Data Processing
RMSGW,Real Messenger Corporation Warrants,$0.0449,0.0053,13.384%,418526.00,United States,,29070,Technology,Computer Software: Programming Data Processing
RMT,Royce Micro-Cap Trust Inc. Common Stock,$9.25,0.08,0.872%,427989240.00,United States,,118713,Finance,Investment Managers
RMTI,Rockwell Medical Inc. Common Stock,$0.848,0.0559,7.057%,28980135.00,United States,1998,224002,Health Care,Biotechnology: Pharmaceutical Preparations
RNA,Avidity Biosciences Inc. Common Stock,$28.40,-0.63,-2.17%,3423289396.00,United States,2020,946287,Health Care,Biotechnology: Pharmaceutical Preparations
RNAC,Cartesian Therapeutics Inc. Common Stock,$10.39,-0.29,-2.715%,269665083.00,United States,2016,51193,Health Care,Biotechnology: Pharmaceutical Preparations
RNAZ,TransCode Therapeutics Inc. Common Stock,$7.80,-0.17,-2.133%,6502236.00,United States,2021,12038,Health Care,Biotechnology: Pharmaceutical Preparations
RNG,RingCentral Inc. Class A Common Stock,$28.35,0.56,2.015%,2549691950.00,United States,2013,1086443,Technology,EDP Services
RNGR,Ranger Energy Services Inc. Class A Common Stock,$11.94,-0.28,-2.291%,268627099.00,United States,2017,212641,Energy,Oilfield Services/Equipment
RNP,Cohen & Steers REIT and Preferred and Income Fund Inc. Common Shares,$22.77,0.14,0.619%,1118886560.00,United States,2003,154126,Finance,Investment Managers
RNR,RenaissanceRe Holdings Ltd. Common Stock,$242.90,1.44,0.596%,11817105647.00,Bermuda,,622553,Finance,Property-Casualty Insurers
RNR^F,RenaissanceRe Holdings Ltd. Depositary Shares each Representing a 1/1000th Interest in a 5.750% Series F Preference Share,$21.20,-0.30,-1.395%,,Bermuda,,120330,,
RNR^G,RenaissanceRe Holdings Ltd. Depositary Shares each representing a 1/1000th interest in a share of 4.20% Series G Preference Shares,$15.55,-0.21,-1.332%,,Bermuda,,101952,,
RNST,Renasant Corporation Common Stock,$35.93,-0.12,-0.333%,3413724642.00,United States,2023,667651,Finance,Major Banks
RNTX,Rein Therapeutics Inc. Common Stock,$1.40,-0.07,-4.762%,31015230.00,United States,2017,61540,Health Care,Biotechnology: Pharmaceutical Preparations
RNW,ReNew Energy Global plc Class A Ordinary Shares,$6.91,0.10,1.468%,3375767501.00,United Kingdom,,854867,Utilities,Electric Utilities: Central
RNWWW,ReNew Energy Global plc Warrant,$0.135,-0.0124,-8.412%,65952042.00,United Kingdom,,364,Utilities,Electric Utilities: Central
RNXT,RenovoRx Inc. Common Stock,$1.315,0.035,2.734%,48092485.00,United States,2021,143649,Health Care,Biotechnology: Pharmaceutical Preparations
ROAD,Construction Partners Inc. Class A Common Stock,$106.28,0.28,0.264%,5954972023.00,United States,2018,726173,Industrials,Military/Government/Technical
ROCK,Gibraltar Industries Inc. Common Stock,$59.00,-1.73,-2.849%,1739931240.00,United States,1993,363536,Industrials,Steel/Iron Ore
ROG,Rogers Corporation Common Stock,$68.48,-0.07,-0.102%,1268582824.00,United States,1960,113594,Industrials,Major Chemicals
ROIV,Roivant Sciences Ltd. Common Shares,$11.27,-0.12,-1.054%,7661414409.00,United Kingdom,,6440299,Health Care,Biotechnology: Pharmaceutical Preparations
ROK,Rockwell Automation Inc. Common Stock,$332.17,2.22,0.673%,37441030172.00,United States,,698663,Industrials,Industrial Machinery/Components
ROKU,Roku Inc. Class A Common Stock,$87.89,0.95,1.093%,12889683730.00,United States,2017,3008543,Telecommunications,Cable & Other Pay Television Services
ROL,Rollins Inc. Common Stock,$56.42,0.25,0.445%,27343753048.00,United States,,2351169,Finance,Diversified Commercial Services
ROLR,High Roller Technologies Inc. Common Stock,$3.00,0.10,3.448%,25280547.00,,2024,38788,Consumer Discretionary,Services-Misc. Amusement & Recreation
ROMA,Roma Green Finance Limited Ordinary Shares,$3.01,0.1007,3.461%,46835600.00,Hong Kong,2024,379112,Consumer Discretionary,Professional Services
ROOT,Root Inc. Class A Common Stock,$127.97,-0.28,-0.218%,1966320860.00,United States,2020,375804,Finance,Property-Casualty Insurers
ROP,Roper Technologies Inc. Common Stock,$566.84,3.33,0.591%,60944027635.00,United States,1992,910291,Industrials,Industrial Machinery/Components
ROST,Ross Stores Inc. Common Stock,$127.58,-0.32,-0.25%,41727657069.00,United States,1985,2553245,Consumer Discretionary,Clothing/Shoe/Accessory Stores
RPAY,Repay Holdings Corporation Class A Common Stock,$4.82,0.06,1.261%,453803043.00,United States,2018,944663,Consumer Discretionary,Business Services
RPD,Rapid7 Inc. Common Stock,$23.13,0.43,1.894%,1485854963.00,United States,2015,837591,Technology,Computer Software: Prepackaged Software
RPID,Rapid Micro Biosystems Inc. Class A Common Stock,$3.45,-0.13,-3.631%,151219368.00,United States,2021,43385,Industrials,Biotechnology: Laboratory Analytical Instruments
RPM,RPM International Inc. Common Stock,$109.84,-0.72,-0.651%,14105929157.00,United States,,652954,Consumer Discretionary,Paints/Coatings
RPRX,Royalty Pharma plc Class A Ordinary Shares ,$36.03,0.16,0.446%,20257516892.00,United States,2020,3662319,Health Care,Biotechnology: Pharmaceutical Preparations
RPT,Rithm Property Trust Inc. Common stock,$2.70,0.02,0.746%,122642332.00,United States,2015,165718,Real Estate,Real Estate Investment Trusts
RPT^C,Rithm Property Trust Inc. 9.875% Series C Fixed-to-Floating Rate Cumulative Redeemable Preferred Stock,$24.91,-0.054,-0.216%,,United States,,6044,,
RPTX,Repare Therapeutics Inc. Common Shares,$1.39,0.00,0.00%,59619050.00,Canada,2020,58069,Health Care,Biotechnology: Pharmaceutical Preparations
RQI,Cohen & Steers Quality Income Realty Fund Inc Common Shares,$12.45,0.11,0.891%,1672040080.00,United States,2002,386155,Finance,Trusts Except Educational Religious and Charitable
RR,Richtech Robotics Inc. Class B Common Stock,$1.95,0.01,0.515%,223867373.00,United States,2023,7057855,Industrials,Industrial Machinery/Components
RRBI,Red River Bancshares Inc. Common Stock,$58.70,0.20,0.342%,398476556.00,United States,2019,23449,Consumer Discretionary,Hotels/Resorts
RRC,Range Resources Corporation Common Stock,$40.67,-0.54,-1.31%,9719062006.00,United States,,2110860,Energy,Oil & Gas Production
RRGB,Red Robin Gourmet Burgers Inc. Common Stock,$5.79,0.29,5.273%,102690954.00,United States,2002,313555,Consumer Discretionary,Restaurants
RRR,Red Rock Resorts Inc. Class A Common Stock,$52.03,0.18,0.347%,5519246040.00,United States,2016,461623,Consumer Discretionary,Hotels/Resorts
RRX,Regal Rexnord Corporation Common Stock,$144.96,-1.55,-1.058%,9616004952.00,United States,1976,657120,Consumer Discretionary,Metal Fabrications
RS,Reliance Inc. Common Stock,$313.90,-2.91,-0.919%,16507406473.00,United States,1994,291265,Industrials,Metal Fabrications
RSF,RiverNorth Capital and Income Fund Common Stock,$14.55,-0.09,-0.615%,48619945.00,,2019,48737,Finance,Investment Managers
RSG,Republic Services Inc. Common Stock,$246.61,2.24,0.917%,77064888376.00,United States,1998,1572794,Utilities,Environmental Services
RSI,Rush Street Interactive Inc. Class A Common Stock,$14.90,0.19,1.292%,3411820327.00,United States,2020,2134922,Consumer Discretionary,Services-Misc. Amusement & Recreation
RSKD,Riskified Ltd. Class A Ordinary Shares,$4.99,0.02,0.402%,806805565.00,,2021,360911,Consumer Discretionary,Business Services
RSLS,ReShape Lifesciences Inc. Common Stock,$2.44,0.00,0.00%,1801396.00,United States,2016,135949,Health Care,Medical/Dental Instruments
RSSS,Research Solutions Inc Common Stock,$2.87,0.00,0.00%,93156546.00,United States,,19349,Consumer Discretionary,Business Services
RSVR,Reservoir Media Inc. Common Stock,$7.67,0.05,0.656%,500871333.00,United States,2021,75378,Consumer Discretionary,Services-Misc. Amusement & Recreation
RSVRW,Reservoir Media Inc. Warrant,$1.25,0.26,26.263%,81628314.00,United States,2021,4000,Consumer Discretionary,Services-Misc. Amusement & Recreation
RTAC,Renatus Tactical Acquisition Corp I Class A Ordinary Shares,$11.80,0.20,1.724%,0.00,United States,2025,807975,Finance,Blank Checks
RTACU,Renatus Tactical Acquisition Corp I Unit,$12.73,0.28,2.249%,0.00,United States,2025,281568,Finance,Blank Checks
RTACW,Renatus Tactical Acquisition Corp I Warrant,$2.04,0.16,8.511%,0.00,United States,2025,334177,Finance,Blank Checks
RTO,Rentokil Initial plc American Depositary Shares (each representing five (5) Ordinary Shares),$24.00,-0.42,-1.72%,12117791448.00,United States,2022,1133745,Consumer Discretionary,Other Consumer Services
RTX,RTX Corporation Common Stock,$146.02,1.36,0.94%,195075969495.00,United States,,5937682,Industrials,Aerospace
RUM,Rumble Inc. Class A Common Stock,$8.98,-0.21,-2.285%,3901123201.00,United States,2021,3009136,Technology,Computer Software: Programming Data Processing
RUMBW,Rumble Inc. Warrant,$3.1007,-0.0493,-1.565%,1347017005.00,United States,2021,10333,Technology,Computer Software: Programming Data Processing
RUN,Sunrun Inc. Common Stock,$8.18,0.75,10.094%,1869019325.00,United States,2015,42276862,Miscellaneous,Industrial Machinery/Components
RUSHA,Rush Enterprises Inc. Common Stock Cl A,$51.51,-0.23,-0.445%,4008354752.00,United States,,638336,Consumer Discretionary,Retail-Auto Dealers and Gas Stations
RUSHB,Rush Enterprises Inc. Class B,$52.48,-1.18,-2.199%,4083837262.00,United States,,54398,Consumer Discretionary,Retail-Auto Dealers and Gas Stations
RVLV,Revolve Group Inc. Class A Common Stock,$20.05,-0.85,-4.067%,1429346515.00,United States,2019,1569771,Consumer Discretionary,Catalog/Specialty Distribution
RVMD,Revolution Medicines Inc. Common Stock,$36.79,-0.12,-0.325%,6852782944.00,United States,2020,2585685,Health Care,Biotechnology: Biological Products (No Diagnostic Substances)
RVMDW,Revolution Medicines Inc. Warrant,$0.2627,0.0329,14.317%,48932484.00,United States,,47868,,
RVP,Retractable Technologies Inc. Common Stock,$0.6395,0.0195,3.145%,19144813.00,United States,2001,20768,Health Care,Medical/Dental Instruments
RVPH,Reviva Pharmaceuticals Holdings Inc. Common Stock ,$0.3811,0.0436,12.919%,17812595.00,United States,2020,3944712,Health Care,Biotechnology: Pharmaceutical Preparations
RVPHW,Reviva Pharmaceuticals Holdings Inc. Warrants,$0.0323,0.0072,28.685%,1509700.00,United States,2018,54251,Health Care,Biotechnology: Pharmaceutical Preparations
RVSB,Riverview Bancorp Inc Common Stock,$5.50,0.00,0.00%,115369100.00,United States,,161540,Finance,Savings Institutions
RVSN,Rail Vision Ltd. Ordinary Share,$0.3287,-0.0033,-0.994%,17088517.00,Israel,2022,451261,Industrials,Railroads
RVSNW,Rail Vision Ltd. Warrant,$0.0701,-0.0001,-0.142%,3644372.00,Israel,2022,19153,Industrials,Railroads
RVT,Royce Small-Cap Trust Inc. Common Stock,$15.05,0.11,0.736%,1624748561.00,United States,1986,224177,Finance,Trusts Except Educational Religious and Charitable
RVTY,Revvity Inc. Common Stock,$96.72,-1.10,-1.125%,11400353515.00,United States,,958879,Industrials,Biotechnology: Laboratory Analytical Instruments
RVYL,Ryvyl Inc. Common Stock,$0.8506,0.0316,3.858%,7113559.00,United States,,550356,Consumer Discretionary,Professional Services
RWAY,Runway Growth Finance Corp. Common Stock,$10.73,0.14,1.322%,400737902.00,United States,2021,439661,Finance,Finance: Consumer Services
RWAYL,Runway Growth Finance Corp. 7.50% Notes due 2027,$25.10,-0.01,-0.04%,937420443.00,United States,,1272,Finance,Finance: Consumer Services
RWAYZ,Runway Growth Finance Corp. 8.00% Notes due 2027,$25.20,0.00,0.00%,941155186.00,United States,,13578,Finance,Finance: Consumer Services
RWT,Redwood Trust Inc. Common Stock,$5.91,0.08,1.372%,786724803.00,United States,1995,1898093,Real Estate,Real Estate Investment Trusts
RWT^A,Redwood Trust Inc. 10.00% Series A Fixed-Rate Reset Cumulative Redeemable Preferred Stock,$25.31,0.31,1.24%,,United States,,13193,,
RWTN,Redwood Trust Inc. 9.125% Senior Notes Due 2029,$24.60,-0.0501,-0.203%,3274692074.00,United States,2024,976,Real Estate,Real Estate Investment Trusts
RWTO,Redwood Trust Inc. 9.00% Senior Notes Due 2029,$24.55,0.10,0.409%,3268036196.00,United States,2024,6040,Real Estate,Real Estate Investment Trusts
RWTP,Redwood Trust Inc. 9.125% Senior Notes Due 2030,$24.10,-0.20,-0.823%,0.00,United States,2025,9543,Real Estate,Real Estate Investment Trusts
RXO,RXO Inc. Common Stock,$15.72,-0.05,-0.317%,2576761485.00,United States,2022,1798736,Consumer Discretionary,Transportation Services
RXRX,Recursion Pharmaceuticals Inc. Class A Common Stock,$5.06,0.03,0.596%,2056865449.00,United States,2021,25661279,Health Care,Biotechnology: Biological Products (No Diagnostic Substances)
RXST,RxSight Inc. Common Stock,$13.00,0.33,2.605%,528280753.00,United States,2021,942652,Health Care,Ophthalmic Goods
RXT,Rackspace Technology Inc. Common Stock,$1.28,-0.02,-1.538%,303857549.00,United States,2020,834142,Technology,Computer Software: Programming Data Processing
RY,Royal Bank Of Canada Common Stock,$131.55,1.84,1.419%,185424855450.00,Canada,,828010,Finance,Commercial Banks
RYAAY,Ryanair Holdings plc American Depositary Shares,$57.67,0.68,1.193%,31689510329.00,Ireland,1997,1351201,Consumer Discretionary,Air Freight/Delivery Services
RYAM,Rayonier Advanced Materials Inc. Common Stock,$3.85,0.04,1.05%,257081971.00,United States,2014,723310,Basic Materials,Paper
RYAN,Ryan Specialty Holdings Inc. Class A Common Stock,$67.99,0.41,0.607%,17842564096.00,United States,2021,919339,Finance,Specialty Insurers
RYDE,Ryde Group Ltd. Class A Ordinary Shares,$0.30,0.0309,11.483%,8786948.00,,2024,674027,Consumer Discretionary,Business Services
RYET,Ruanyun Edai Technology Inc. Ordinary shares,$8.20,2.05,33.333%,276750033.00,China,2025,864913,Technology,Computer Software: Prepackaged Software
RYI,Ryerson Holding Corporation Common Stock,$21.57,-0.53,-2.398%,694469575.00,United States,2014,480523,Industrials,Metal Fabrications
RYN,Rayonier Inc. REIT Common Stock,$22.18,0.06,0.271%,3455136699.00,United States,,1251249,Real Estate,Real Estate Investment Trusts
RYTM,Rhythm Pharmaceuticals Inc. Common Stock,$63.19,0.46,0.733%,4020240816.00,United States,2017,785290,Health Care,Biotechnology: Pharmaceutical Preparations
RZB,Reinsurance Group of America Incorporated 5.75% Fixed-To-Floating Rate Subordinated Debentures due 2056,$24.55,-0.06,-0.244%,1622410588.00,United States,2016,1687018,Finance,Life Insurance
RZC,Reinsurance Group of America Incorporated 7.125% Fixed-Rate Reset Subordinated Debentures due 2052,$25.44,-0.06,-0.235%,1681227102.00,United States,2022,468556,Finance,Life Insurance
RZLT,Rezolute Inc. Common Stock (NV),$4.46,0.11,2.529%,381416158.00,United States,,2222368,Health Care,Biotechnology: Pharmaceutical Preparations
RZLV,Rezolve AI PLC Ordinary Shares,$3.075,0.335,12.226%,749289475.00,United Kingdom,,16089810,Technology,Computer Software: Programming Data Processing
RZLVW,Rezolve AI PLC Warrants,$0.7999,0.0965,13.719%,194912732.00,United Kingdom,,179505,Technology,Computer Software: Programming Data Processing
S,SentinelOne Inc. Class A Common Stock,$18.28,0.43,2.409%,6077833989.00,United States,2021,5203680,Technology,Computer Software: Prepackaged Software
SA,Seabridge Gold Inc. Ordinary Shares (Canada),$14.52,0.44,3.125%,1459886015.00,Canada,,510248,Basic Materials,Precious Metals
SABA,Saba Capital Income & Opportunities Fund II Shares of Beneficial Interest,$9.19,0.02,0.218%,0.00,United States,,49467,,
SABR,Sabre Corporation Common Stock,$3.16,-0.02,-0.629%,1225468736.00,United States,2014,4754081,Technology,Computer Software: Programming Data Processing
SABS,SAB Biotherapeutics Inc. Common Stock,$1.755,0.065,3.846%,16306928.00,United States,2021,14746,Health Care,Biotechnology: Biological Products (No Diagnostic Substances)
SABSW,SAB Biotherapeutics Inc. Warrant,$0.0333,0.004,13.652%,309414.00,United States,2021,2972,Health Care,Biotechnology: Biological Products (No Diagnostic Substances)
SACH,Sachem Capital Corp. Common Shares,$1.20,0.02,1.695%,56772167.00,United States,2017,471750,Real Estate,Real Estate Investment Trusts
SACH^A,Sachem Capital Corp. 7.75% Series A Cumulative Redeemable Preferred Stock,$15.15,0.15,1.00%,,United States,,6292,,
SAFE,Safehold Inc. New Common Stock ,$15.56,-0.20,-1.269%,1116014066.00,United States,2023,519328,Real Estate,Real Estate Investment Trusts
SAFT,Safety Insurance Group Inc. Common Stock,$79.39,0.55,0.698%,1182399093.00,United States,2002,147523,Finance,Property-Casualty Insurers
SAFX,XCF Global Inc. Class A Common Stock,$1.76,-0.18,-9.278%,262706287.00,United States,,1543328,Industrials,Major Chemicals
SAGE,Sage Therapeutics Inc. Common Stock,$9.12,-0.03,-0.328%,571100729.00,United States,2014,2723304,Health Care,Biotechnology: Pharmaceutical Preparations
SAGT,SAGTEC GLOBAL LIMITED Ordinary shares,$2.24,0.13,6.161%,28112000.00,Malaysia,2025,54177,Technology,Computer Software: Prepackaged Software
SAH,Sonic Automotive Inc. Common Stock,$79.93,-0.63,-0.782%,2714502250.00,United States,1997,168798,Consumer Discretionary,Retail-Auto Dealers and Gas Stations
SAIA,Saia Inc. Common Stock,$273.99,-3.27,-1.179%,7297451030.00,United States,,482164,Industrials,Trucking Freight/Courier Services
SAIC,Science Applications International Corporation Common Stock,$112.61,3.37,3.085%,5278345445.00,United States,,1194574,Technology,EDP Services
SAIH,SAIHEAT Limited Class A Ordinary Shares,$7.14,0.11,1.565%,12516063.00,Singapore,2021,7434,Technology,EDP Services
SAIHW,SAIHEAT Limited Warrant,$0.1354,-0.0145,-9.673%,237349.00,Singapore,2021,10705,Technology,EDP Services
SAIL,SailPoint Inc. Common Stock,$22.86,0.09,0.395%,12723621111.00,United States,2025,2045484,Technology,Computer Software: Prepackaged Software
SAJ,Saratoga Investment Corp 8.00% Notes due 2027,$25.6247,0.00,0.00%,393720031.00,United States,2022,35,Finance,Investment Managers
SAM,Boston Beer Company Inc. (The) Common Stock,$190.81,0.64,0.337%,2126769405.00,United States,,489292,Consumer Staples,Beverages (Production/Distribution)
SAMG,Silvercrest Asset Management Group Inc. Class A Common Stock,$15.86,-0.24,-1.491%,212677636.00,United States,2013,57936,Finance,Investment Managers
SAN,Banco Santander S.A. Sponsored ADR (Spain),$8.30,0.06,0.728%,123663447382.00,Spain,,3358143,Finance,Commercial Banks
SANA,Sana Biotechnology Inc. Common Stock,$2.73,-0.08,-2.847%,615766185.00,United States,2021,4796640,Health Care,Biotechnology: Biological Products (No Diagnostic Substances)
SAND          ,Sandstorm Gold Ltd. Ordinary Shares (Canada),$9.40,0.37,4.097%,2755847397.00,Canada,,4051619,Basic Materials,Precious Metals
SANG,Sangoma Technologies Corporation Common Shares,$6.0529,0.0785,1.314%,202807856.00,Canada,,10761,Technology,Computer Software: Programming Data Processing
SANM,Sanmina Corporation Common Stock,$97.83,-0.24,-0.245%,5230364239.00,United States,1993,453294,Technology,Electrical Products
SANW,S&W Seed Company Common Stock (NV),$2.18,-0.02,-0.909%,4680037.00,United States,,26011,Consumer Staples,Farming/Seeds/Milling
SAP,SAP  SE ADS,$304.10,3.01,1.00%,373588136951.00,Germany,,884623,Technology,Computer Software: Prepackaged Software
SAR,Saratoga Investment Corp New,$24.80,0.12,0.486%,381048627.00,United States,,119565,Finance,Investment Managers
SARO,StandardAero Inc. Common Stock,$31.65,0.02,0.063%,10585710590.00,United States,2024,3700051,Industrials,Aerospace
SAT,Saratoga Investment Corp 6.00% Notes due 2027,$24.29,-0.36,-1.46%,373212547.00,United States,2022,72262,Finance,Investment Managers
SATL,Satellogic Inc. Class A Common Stock,$3.62,-0.14,-3.723%,376876676.00,Uruguay,,1785438,Technology,Radio And Television Broadcasting And Communications Equipment
SATLW,Satellogic Inc. Warrant,$0.43,-0.026,-5.702%,44767119.00,Uruguay,,805,Technology,Radio And Television Broadcasting And Communications Equipment
SATS,EchoStar  Corporation Common Stock,$27.70,-1.11,-3.853%,7960388328.00,United States,,2747863,Consumer Discretionary,Telecommunications Equipment
SATX,SatixFy Communications Ltd. Ordinary Share,$2.93,0.00,0.00%,254469199.00,,2022,1383529,Technology,Radio And Television Broadcasting And Communications Equipment
SAVA,Cassava Sciences Inc. Common Stock,$1.81,0.06,3.429%,87437292.00,United States,,1067594,Health Care,Biotechnology: Pharmaceutical Preparations
SAY,Saratoga Investment Corp 8.125% Notes due 2027,$25.40,0.015,0.059%,390267546.00,United States,2022,674,Finance,Investment Managers
SAZ,Saratoga Investment Corp 8.50% Notes due 2028,$25.38,-0.01,-0.039%,389960248.00,United States,2023,3772,Finance,Investment Managers
SB,Safe Bulkers Inc Common Stock ($0.001 par value),$3.61,-0.08,-2.168%,380023660.00,Monaco,2008,363998,Consumer Discretionary,Marine Transportation
SB^C,Safe Bulkers Inc Cumulative Redeemable Perpetual Preferred Series C (Marshall Islands),$25.70,0.00,0.00%,,Monaco,,17,,
SB^D,Safe Bulkers Inc Perpetual Preferred Series D (Marshall Islands),$25.50,0.1615,0.637%,,Monaco,,1748,,
SBAC,SBA Communications Corporation Class A Common Stock,$234.84,4.04,1.75%,25233973902.00,United States,1999,621431,Real Estate,Real Estate Investment Trusts
SBC,SBC Medical Group Holdings Incorporated Common Stock,$4.64,0.00,0.00%,480756205.00,United States,2022,217753,Health Care,Medical/Nursing Services
SBCF,Seacoast Banking Corporation of Florida Common Stock,$27.62,0.14,0.509%,2374918074.00,United States,,1436295,Finance,Major Banks
SBCWW,SBC Medical Group Holdings Incorporated Warrants,$0.1931,-0.0019,-0.974%,20007333.00,United States,2022,79150,Health Care,Medical/Nursing Services
SBET,SharpLink Gaming Inc. Common Stock,$9.93,0.57,6.09%,616904586.00,Israel,,8724788,Technology,Computer Software: Prepackaged Software
SBEV,Splash Beverage Group Inc. (NV) Common Stock,$3.76,0.04,1.075%,5819634.00,,2021,56091,Consumer Staples,Beverages (Production/Distribution)
SBFG,SB Financial Group Inc. Common Stock,$19.10,0.73,3.974%,124629926.00,United States,,81979,Finance,Major Banks
SBFM,Sunshine Biopharma Inc. Common Stock,$1.44,-0.02,-1.37%,3898859.00,Canada,,41979,Health Care,Biotechnology: Pharmaceutical Preparations
SBFMW,Sunshine Biopharma Inc. Warrant,$0.285,0.00,0.00%,771649.00,Canada,,69,Health Care,Biotechnology: Pharmaceutical Preparations
SBGI,Sinclair Inc. Class A Common Stock,$13.82,0.33,2.446%,961478724.00,United States,1995,389186,Industrials,Broadcasting
SBH,Sally Beauty Holdings Inc. (Name to be changed from Sally Holdings Inc.) Common Stock,$9.26,0.25,2.775%,934280561.00,United States,,2698729,Consumer Discretionary,Other Specialty Stores
SBI,Western Asset Intermediate Muni Fund Inc Common Stock,$7.52,0.03,0.401%,0.00,United States,1992,79991,Finance,Finance/Investors Services
SBLK,Star Bulk Carriers Corp. Common Shares,$17.25,0.13,0.759%,2020449910.00,Greece,,2360945,Consumer Discretionary,Marine Transportation
SBR,Sabine Royalty Trust Common Stock,$66.68,0.03,0.045%,972150725.00,United States,,24844,Energy,Oil & Gas Production
SBRA,Sabra Health Care REIT Inc. Common Stock,$18.44,0.18,0.986%,4387548322.00,United States,,3631926,Real Estate,Real Estate Investment Trusts
SBS,Companhia de saneamento Basico Do Estado De Sao Paulo - Sabesp American Depositary Shares (Each repstg 250 Common Shares),$21.97,1.00,4.769%,15016711800.00,Brazil,2002,1120508,Utilities,Water Supply
SBSI,Southside Bancshares Inc. Common Stock,$29.43,0.04,0.136%,889196931.00,United States,,132728,Finance,Major Banks
SBSW,D/B/A Sibanye-Stillwater Limited ADS,$7.22,0.21,2.996%,5109173912.00,South Africa,,6840475,Basic Materials,Precious Metals
SBUX,Starbucks Corporation Common Stock,$91.63,-0.48,-0.521%,104128332000.00,United States,1992,10080734,Consumer Discretionary,Restaurants
SBXD,SilverBox Corp IV Class A Ordinary Shares,$10.96,-0.03,-0.273%,0.00,,2024,237590,,
SCAG,Scage Future American Depositary Shares,$9.00,9.00,,0.00,China,,146557,,
SCAGW,Scage Future Warrants,$0.0801,0.0801,,0.00,China,,304309,,
SCCC,Sachem Capital Corp. 7.75% Notes due 2025,$24.9998,-0.0002,-0.001%,1182744013.00,United States,2020,701,Real Estate,Real Estate Investment Trusts
SCCD,Sachem Capital Corp. 6.00% Notes due 2026,$21.74,0.04,0.184%,1028522422.00,United States,,8900,Real Estate,Real Estate Investment Trusts
SCCE,Sachem Capital Corp. 6.00% Notes due 2027,$19.5499,0.0299,0.153%,924908486.00,United States,2022,1713,Real Estate,Real Estate Investment Trusts
SCCF,Sachem Capital Corp. 7.125% Notes due 2027,$19.23,0.065,0.339%,909773973.00,United States,2022,668,Real Estate,Real Estate Investment Trusts
SCCG,Sachem Capital Corp. 8.00% Notes due 2027,$19.00,-0.2181,-1.135%,898892641.00,United States,2022,952,Real Estate,Real Estate Investment Trusts
SCCO,Southern Copper Corporation Common Stock,$101.17,-1.34,-1.307%,80550148243.00,United States,,1613469,Basic Materials,Metal Mining
SCD,LMP Capital and Income Fund Inc. Common Stock,$15.60,0.14,0.906%,0.00,United States,2004,64423,Finance,Trusts Except Educational Religious and Charitable
SCE^G,SCE Trust II Trust Preferred Securities,$16.26,-0.50,-2.983%,,United States,,49885,,
SCE^J,Southern California Edison Company 5.375% Fixed-to-Floating Rate Trust Preference Securities,$22.54,-0.15,-0.661%,,United States,,237079,,
SCE^K,Southern California Edison Company 5.45% Fixed-to-Floating Rate Trust Preference Securities,$22.80,-0.14,-0.61%,,United States,,248381,,
SCE^L,SCE TRUST VI,$16.00,-0.08,-0.498%,,United States,,104878,,
SCE^M,SCE Trust VII 7.50% Trust Preference Securities,$22.22,-0.26,-1.157%,,United States,,145104,,
SCE^N,SCE Trust VIII 6.95% Trust Preference Securities,$21.42,-0.08,-0.372%,,United States,,60490,,
SCHL,Scholastic Corporation Common Stock,$20.98,-0.29,-1.363%,559882749.00,United States,1992,190514,Consumer Discretionary,Books
SCHW,Charles Schwab Corporation (The) Common Stock,$91.24,1.26,1.40%,165780377745.00,United States,,9523611,Finance,Investment Bankers/Brokers/Service
SCHW^D,The Charles Schwab Corporation Depositary Shares each representing 1/40th interest in a share of 5.95% Non-Cumulative Perpetual Preferred Stock Series D,$24.66,-0.12,-0.484%,,United States,,463610,,
SCHW^J,The Charles Schwab Corporation Depositary Shares Each Representing a 1/40th Interest in a Share of 4.450% Non-Cumulative Perpetual Preferred Stock Series J,$18.94,0.19,1.013%,,United States,,169639,,
SCI,Service Corporation International Common Stock,$81.40,-0.25,-0.306%,11587981330.00,United States,,797432,Consumer Discretionary,Other Consumer Services
SCKT,Socket Mobile Inc. Common Stock,$1.1501,-0.0099,-0.853%,9110541.00,United States,,4983,Technology,Computer Manufacturing
SCL,Stepan Company Common Stock,$54.58,-0.83,-1.498%,1232331746.00,United States,,89637,Consumer Discretionary,Package Goods/Cosmetics
SCLX,Scilex Holding Company Common Stock,$5.89,-0.16,-2.645%,40945054.00,United States,2021,70876,Health Care,Biotechnology: Biological Products (No Diagnostic Substances)
SCLXW,Scilex Holding Company Warrant,$0.1046,0.0001,0.096%,727140.00,United States,2021,1100,Health Care,Biotechnology: Biological Products (No Diagnostic Substances)
SCM,Stellus Capital Investment Corporation Common Stock,$13.94,-0.05,-0.357%,396121103.00,United States,2012,108151,Finance,Finance/Investors Services
SCNI,Scinai Immunotherapeutics Ltd. American Depositary Shares,$2.28,0.00,0.00%,2279815.00,Israel,2015,46086,Health Care,Biotechnology: Biological Products (No Diagnostic Substances)
SCNX,Scienture Holdings Inc. Common Stock,$1.04,0.1045,11.17%,13641086.00,United States,,114682,Health Care,Other Pharmaceuticals
SCOR,comScore Inc. Common Stock,$4.82,0.00,0.00%,23846348.00,United States,2018,1488,Consumer Discretionary,Business Services
SCPH,scPharmaceuticals Inc. Common Stock,$3.81,-0.06,-1.55%,201137436.00,United States,2017,284831,Health Care,Biotechnology: Pharmaceutical Preparations
SCS,Steelcase Inc. Common Stock,$10.43,-0.05,-0.477%,1195703116.00,United States,1998,1238325,Consumer Discretionary,Office Equipment/Supplies/Services
SCSC,ScanSource Inc. Common Stock,$41.81,-0.14,-0.334%,944722370.00,United States,,233718,Technology,Retail: Computer Software & Peripheral Equipment
SCVL,Shoe Carnival Inc. Common Stock,$18.71,-0.54,-2.805%,511451564.00,United States,1993,470485,Consumer Discretionary,Clothing/Shoe/Accessory Stores
SCWO,374Water Inc. Common Stock,$0.3243,-0.0195,-5.672%,46920685.00,United States,,1212121,Consumer Discretionary,Metal Fabrications
SCYX,SCYNEXIS Inc. Common Stock,$0.6748,-0.0165,-2.387%,26330881.00,United States,2014,198826,Health Care,Biotechnology: Pharmaceutical Preparations
SD,SandRidge Energy Inc. Common Stock,$10.82,-0.28,-2.523%,396953784.00,United States,2016,345826,Energy,Oil & Gas Production
SDA,SunCar Technology Group Inc. Class A Ordinary Shares,$2.55,-0.01,-0.391%,251187898.00,Hong Kong,2021,150506,Consumer Discretionary,Automotive Aftermarket
SDAWW,SunCar Technology Group Inc. Warrant,$0.07,-0.0062,-8.136%,6895354.00,Hong Kong,2021,20885,Consumer Discretionary,Automotive Aftermarket
SDGR,Schrodinger Inc. Common Stock,$20.12,-0.49,-2.377%,1476342946.00,United States,2020,2033049,Health Care,Biotechnology: Pharmaceutical Preparations
SDHC,Smith Douglas Homes Corp. Class A Common Stock,$19.42,-0.08,-0.41%,998717681.00,United States,2024,131761,Consumer Discretionary,Homebuilding
SDHI,Siddhi Acquisition Corp Class A Common stock,$10.11,-0.01,-0.099%,0.00,United States,2025,2339,Finance,Blank Checks
SDHIR,Siddhi Acquisition Corp Right,$0.23,0.00,0.00%,0.00,United States,2025,35527,,
SDHIU,Siddhi Acquisition Corp Unit,$10.31,-0.01,-0.097%,0.00,United States,2025,1148,Finance,Blank Checks
SDHY,PGIM Short Duration High Yield Opportunities Fund Common Shares,$16.84,0.14,0.838%,415494263.00,,2020,91926,Finance,Finance/Investors Services
SDM,Smart Digital Group Limited Ordinary Shares,$11.40,3.38,42.145%,302100000.00,Singapore,2025,1107295,Consumer Discretionary,Other Consumer Services
SDOT,Sadot Group Inc. Common Stock,$1.32,-0.07,-5.036%,8202066.00,United States,2020,166882,Consumer Discretionary,Restaurants
SDRL,Seadrill Limited Common Shares,$26.25,0.19,0.729%,1633414151.00,,2022,745891,Energy,Oil & Gas Production
SDST,Stardust Power Inc. Common Stock,$0.197,-0.001,-0.505%,11851682.00,United States,2021,2069664,Industrials,Major Chemicals
SDSTW,Stardust Power Inc. Warrant,$0.0268,-0.0044,-14.103%,1612310.00,United States,2021,11250,Industrials,Major Chemicals
SE,Sea Limited American Depositary Shares each representing one Class A Ordinary Share,$159.94,0.63,0.395%,94687668244.00,United States,2017,4680632,Consumer Discretionary,Other Consumer Services
SEAL^A,Seapeak LLC 9.00% Series A Cumulative Redeemable Perpetual Preferred Units,$25.03,-0.695,-2.702%,,Bermuda,,94502,,
SEAL^B,Seapeak LLC 8.50% Series B Fixed-to-Floating Rate Cumulative Redeemable Perpetual Preferred Units,$24.86,-1.03,-3.978%,,Bermuda,,156050,,
SEAT,Vivid Seats Inc. Class A Common Stock,$1.69,0.09,5.625%,348262642.00,United States,,1057593,Consumer Discretionary,Services-Misc. Amusement & Recreation
SEATW,Vivid Seats Inc. Warrant,$0.14,-0.0001,-0.071%,28850160.00,United States,,301,Consumer Discretionary,Services-Misc. Amusement & Recreation
SEB,Seaboard Corporation Common Stock,$2861.20,17.91,0.63%,2778382566.00,United States,1996,3686,Industrials,Farming/Seeds/Milling
SEDG,SolarEdge Technologies Inc. Common Stock,$20.40,0.60,3.03%,1204502333.00,Israel,2015,6280487,Technology,Semiconductors
SEE,Sealed Air Corporation Common Stock,$31.03,-0.22,-0.704%,4563064023.00,United States,,1095425,Industrials,Major Chemicals
SEED,Origin Agritech Limited Common Stock,$1.02,-0.0201,-1.933%,7343998.00,China,,74737,Consumer Staples,Farming/Seeds/Milling
SEER,Seer Inc. Class A Common Stock,$2.14,0.02,0.943%,125979330.00,United States,2020,111065,Industrials,Biotechnology: Laboratory Analytical Instruments
SEG,Seaport Entertainment Group Inc. Common Stock,$18.65,0.72,4.016%,236754868.00,United States,2024,174037,Consumer Discretionary,Services-Misc. Amusement & Recreation
SEI,Solaris Energy Infrastructure Inc. Class A Common Stock,$28.29,-0.69,-2.381%,1910782983.00,United States,2017,1566931,Industrials,Metal Fabrications
SEIC,SEI Investments Company Common Stock,$89.86,0.30,0.335%,11186371088.00,United States,1981,1162274,Finance,Investment Bankers/Brokers/Service
SELF,Global Self Storage Inc. Common Stock,$5.34,0.10,1.908%,60547008.00,United States,,51873,Real Estate,Real Estate Investment Trusts
SELX,Semilux International Ltd. Ordinary Shares,$1.30,0.05,4.00%,48656860.00,Taiwan,,3470,Technology,Semiconductors
SEM,Select Medical Holdings Corporation Common Stock,$15.18,-0.09,-0.589%,1951220365.00,United States,2009,1143686,Health Care,Hospital/Nursing Management
SEMR,SEMrush Holdings Inc. Class A Common Stock,$9.05,0.13,1.457%,1341060394.00,United States,2021,1162659,Technology,Computer Software: Prepackaged Software
SENEA,Seneca Foods Corp. Class A Common Stock,$101.43,0.83,0.825%,699097146.00,United States,,173791,Consumer Staples,Packaged Foods
SENEB,Seneca Foods Corp. Class B Common Stock,$101.99,2.00,2.00%,702956896.00,United States,,2115,Consumer Staples,Packaged Foods
SENS,Senseonics Holdings Inc. Common Stock,$0.4764,-0.0177,-3.582%,311704280.00,United States,,12421958,Industrials,Industrial Machinery/Components
SEPN,Septerna Inc. Common Stock,$10.57,0.06,0.571%,470981633.00,United States,2024,320089,Health Care,Biotechnology: Pharmaceutical Preparations
SER,Serina Therapeutics Inc. Common Stock,$6.16,-0.01,-0.162%,61399067.00,,2018,50517,Health Care,Biotechnology: Pharmaceutical Preparations
SERA,Sera Prognostics Inc. Class A Common Stock,$2.77,-1.32,-32.274%,104353612.00,United States,2021,1819081,Health Care,Medical Specialities
SERV,Serve Robotics Inc. Common Stock,$11.44,0.00,0.00%,653491193.00,United States,,7502481,Consumer Discretionary,Industrial Specialties
SES,SES AI Corporation Class A Common Stock,$0.8883,0.0009,0.101%,325875753.00,United States,2021,7348781,Miscellaneous,Industrial Machinery/Components
SEVN,Seven Hills Realty Trust Common Stock,$12.07,0.04,0.333%,179912366.00,United States,,34995,Real Estate,Real Estate Investment Trusts
SEZL,Sezzle Inc. Common Stock,$179.25,13.85,8.374%,5966568379.00,United States,,1206087,Consumer Discretionary,Business Services
SF,Stifel Financial Corporation Common Stock,$103.78,0.10,0.096%,10660971633.00,United States,,665762,Finance,Investment Bankers/Brokers/Service
SF^B,Stifel Financial Corporation Depositary Shares Each Representing 1/1000th  Interest in a Share of 6.25% Non-Cumulative  Preferred Stock Series B,$23.59,0.17,0.726%,,United States,,5185,,
SF^C,Stifel Financial Corporation Depositary Shares Each Representing 1/1000th Interest in a Share of 6.125% Non Cumulative Preferred Stock Series C,$22.62,-0.15,-0.659%,,United States,,111131,,
SF^D,Stifel Financial Corporation Depositary Shares Each Representing 1/1000th Interest in a Share of 4.50% Non-Cumulative Preferred Stock Series D,$16.93,-0.58,-3.312%,,United States,,124655,,
SFB,Stifel Financial Corporation 5.20% Senior Notes due 2047,$22.00,0.02,0.091%,2259986278.00,United States,2017,162677,Finance,Investment Bankers/Brokers/Service
SFBC,Sound Financial Bancorp Inc. Common Stock,$46.00,0.00,0.00%,118039174.00,United States,,23192,Finance,Savings Institutions
SFBS,ServisFirst Bancshares Inc. Common Stock,$77.51,-1.56,-1.973%,4232980926.00,United States,,264594,Finance,Major Banks
SFD,Smithfield Foods Inc. Common Stock,$23.53,0.41,1.773%,9249942090.00,United States,2025,937225,Consumer Staples,Meat/Poultry/Fish
SFHG,Samfine Creation Holdings Group Limited Class A Ordinary Share,$0.748,0.029,4.033%,13464000.00,Hong Kong,2024,40198,Consumer Discretionary,Publishing
SFIX,Stitch Fix Inc. Class A Common Stock,$3.70,0.17,4.816%,482800394.00,United States,2017,1831249,Consumer Discretionary,Catalog/Specialty Distribution
SFL,SFL Corporation Ltd,$8.33,-0.13,-1.537%,1213752005.00,Bermuda,,1531166,Consumer Discretionary,Marine Transportation
SFM,Sprouts Farmers Market Inc. Common Stock,$164.64,2.51,1.548%,16111443197.00,United States,2013,2189231,Consumer Staples,Food Chains
SFNC,Simmons First National Corporation Class A Common Stock,$18.96,0.03,0.158%,2388057978.00,United States,,601814,Finance,Major Banks
SFST,Southern First Bancshares Inc. Common Stock,$38.03,0.00,0.00%,310661936.00,United States,,11404,Finance,Major Banks
SFWL,Shengfeng Development Limited Class A Ordinary Shares,$1.02,0.0503,5.187%,84147463.00,China,2023,29526,Industrials,Trucking Freight/Courier Services
SG,Sweetgreen Inc. Class A Common Stock,$14.88,1.29,9.492%,1751106002.00,United States,2021,8257197,Consumer Discretionary,Restaurants
SGA,Saga Communications Inc. Class A Common Stock (FL),$13.00,0.12,0.932%,83744869.00,United States,,5282,Consumer Discretionary,Broadcasting
SGBX,Safe & Green Holdings Corp. Common Stock,$0.6416,-0.0072,-1.11%,6493410.00,United States,2017,171786,Consumer Discretionary,RETAIL: Building Materials
SGC,Superior Group of Companies Inc. Common Stock,$10.30,0.01,0.097%,164621151.00,United States,,51301,Consumer Discretionary,Apparel
SGD,Safe and Green Development Corporation Common Stock,$0.86,0.0318,3.84%,1798905.00,United States,,23474,Finance,Real Estate
SGHC,Super Group (SGHC) Limited Ordinary Shares,$10.97,-0.13,-1.171%,5546844395.00,,2022,1723194,Consumer Discretionary,Services-Misc. Amusement & Recreation
SGHT,Sight Sciences Inc. Common Stock,$4.13,-0.17,-3.953%,213529623.00,United States,2021,85457,Health Care,Medical/Dental Instruments
SGI,Somnigroup International Inc. Common Stock,$68.05,0.54,0.80%,14194201492.00,United States,,2038943,Consumer Discretionary,Home Furnishings
SGLY,Singularity Future Technology Ltd. Common Stock,$1.02,0.01,0.99%,4287562.00,United States,2008,22669,Consumer Discretionary,Oil Refining/Marketing
SGMA,SigmaTron International Inc. Common Stock,$2.975,0.005,0.168%,18204882.00,United States,1994,30980,Technology,Electrical Products
SGML,Sigma Lithium Corporation Common Shares,$4.50,-0.12,-2.597%,500768906.00,Canada,,1049227,Basic Materials,Metal Mining
SGMO,Sangamo Therapeutics Inc. Common Stock,$0.5413,0.0004,0.074%,126213282.00,United States,2000,2230835,Health Care,Biotechnology: Biological Products (No Diagnostic Substances)
SGMT,Sagimet Biosciences Inc. Series A Common Stock,$7.62,-0.25,-3.177%,245328529.00,United States,2023,1294988,Health Care,Biotechnology: Pharmaceutical Preparations
SGN,Signing Day Sports Inc. Common Stock,$1.04,-0.01,-0.952%,3767601.00,,2023,146546,Technology,EDP Services
SGRP,SPAR Group Inc. Common Stock,$0.96,-0.0345,-3.469%,22511713.00,United States,,83452,Consumer Discretionary,Business Services
SGRY,Surgery Partners Inc. Common Stock,$22.23,0.28,1.276%,2848998467.00,United States,2015,1929721,Health Care,Hospital/Nursing Management
SGU,Star Group L.P. Common Stock,$11.70,0.33,2.902%,404421908.00,United States,,57090,Consumer Discretionary,Other Specialty Stores
SHAK,Shake Shack Inc. Class A Common Stock,$140.60,2.12,1.531%,5998931271.00,United States,2015,1039937,Consumer Discretionary,Restaurants
SHBI,Shore Bancshares Inc Common Stock,$15.72,0.13,0.834%,524643446.00,United States,,412747,Finance,Major Banks
SHC,Sotera Health Company Common Stock,$11.12,-0.20,-1.767%,3156468423.00,United States,2020,1384957,Health Care,Misc Health and Biotechnology Services
SHCO,Soho House & Co Inc. Class A Common Stock,$7.35,0.00,0.00%,1429729872.00,,2021,246384,Consumer Discretionary,Hotels/Resorts
SHEL,Shell PLC American Depositary Shares (each representing two (2) Ordinary Shares) ,$70.41,-0.57,-0.803%,209347838817.00,Netherlands,2022,3423422,Energy,Oil & Gas Production
SHEN,Shenandoah Telecommunications Co Common Stock,$13.66,-0.02,-0.146%,749346620.00,United States,,311402,Telecommunications,Telecommunications Equipment
SHFS,SHF Holdings Inc. Class A Common Stock,$2.17,-0.06,-2.691%,6042274.00,United States,2021,10378,Finance,Finance: Consumer Services
SHFSW,SHF Holdings Inc. Warrants,$0.0221,0.00,0.00%,61537.00,United States,2021,66,Finance,Finance: Consumer Services
SHG,Shinhan Financial Group Co Ltd American Depositary Shares,$45.18,0.86,1.94%,22745659784.00,South Korea,,137046,Finance,Major Banks
SHIM,Shimmick Corporation Common Stock,$1.71,0.00,0.00%,58861227.00,United States,2023,9098,Industrials,Military/Government/Technical
SHIP,Seanergy Maritime Holdings Corp. Common Stock,$6.31,-0.25,-3.811%,131893923.00,Greece,,186778,Consumer Discretionary,Marine Transportation
SHLS,Shoals Technologies Group Inc. Class A Common Stock,$4.25,-0.48,-10.148%,710492938.00,United States,2021,14510676,Technology,Semiconductors
SHMD,SCHMID Group N.V. Class A Ordinary Shares,$2.77,0.15,5.725%,119040368.00,Cayman Islands,,6466,Technology,Industrial Machinery/Components
SHMDW,SCHMID Group N.V. Warrants,$0.30,0.01,3.448%,12892459.00,Cayman Islands,,2315,Technology,Industrial Machinery/Components
SHO,Sunstone Hotel Investors Inc. Sunstone Hotel Investors Inc. Common Shares,$8.68,-0.24,-2.691%,1726095781.00,United States,2004,2301284,Consumer Discretionary,Hotels/Resorts
SHO^H,Sunstone Hotel Investors Inc. 6.125% Series H Cumulative Redeemable Preferred Stock,$20.12,-0.735,-3.524%,,United States,,21024,,
SHO^I,Sunstone Hotel Investors Inc. 5.70% Series I Cumulative Redeemable Preferred Stock,$18.64,-0.79,-4.066%,,United States,,15462,,
SHOO,Steven Madden Ltd. Common Stock,$23.98,-0.58,-2.362%,1741613445.00,United States,1993,1234777,Consumer Discretionary,Shoe Manufacturing
SHOP,Shopify Inc. Class A Subordinate Voting Shares,$115.35,1.70,1.496%,149652883470.00,Canada,,7094329,Technology,Computer Software: Prepackaged Software
SHOT,Safety Shot Inc. Common Stock,$0.3299,0.0293,9.747%,24800762.00,United States,2020,1469861,Consumer Discretionary,Package Goods/Cosmetics
SHOTW,Safety Shot Inc. Warrant,$0.0447,0.00,0.00%,3360394.00,United States,2020,151,Consumer Discretionary,Package Goods/Cosmetics
SHPH,Shuttle Pharmaceuticals Holdings Inc. Common Stock,$3.765,0.335,9.767%,1654236.00,United States,2022,327105,Health Care,Biotechnology: Pharmaceutical Preparations
SHW,Sherwin-Williams Company (The) Common Stock,$343.36,-2.36,-0.683%,86046215836.00,United States,,1799767,Consumer Discretionary,RETAIL: Building Materials
SHYF,The Shyft Group Inc. Common Stock,$12.54,-0.10,-0.791%,438976293.00,United States,,159843,Consumer Discretionary,Auto Manufacturing
SIBN,SI-BONE Inc. Common Stock,$18.82,0.39,2.116%,802005153.00,United States,2018,469484,Health Care,Medical/Dental Instruments
SID,Companhia Siderurgica Nacional S.A. Common Stock,$1.40,0.01,0.719%,1856531526.00,Brazil,,1227878,Industrials,Steel/Iron Ore
SIDU,Sidus Space Inc. Class A Common Stock,$1.73,0.09,5.488%,31666756.00,United States,2021,490424,Telecommunications,Telecommunications Equipment
SIEB,Siebert Financial Corp. Common Stock,$4.42,-0.42,-8.678%,178611917.00,United States,,195990,Finance,Investment Bankers/Brokers/Service
SIF,SIFCO Industries Inc. Common Stock,$3.73,0.31,9.064%,23090147.00,United States,1969,12044,Industrials,Aerospace
SIFY,Sify Technologies Limited American Depositary Shares,$4.59,0.02,0.438%,332088336.00,India,,21349,Technology,Computer Software: Programming Data Processing
SIG,Signet Jewelers Limited Common Shares,$79.55,-2.81,-3.412%,3273501194.00,Bermuda,,1175561,Consumer Discretionary,Consumer Specialties
SIGA,SIGA Technologies Inc. Common Stock,$6.52,0.06,0.929%,465795861.00,United States,,474879,Health Care,Biotechnology: Pharmaceutical Preparations
SIGI,Selective Insurance Group Inc. Common Stock,$86.65,0.65,0.756%,5266105573.00,United States,,259991,Finance,Property-Casualty Insurers
SIGIP,Selective Insurance Group Inc. Depositary Shares each representing a 1/1000th interest in a share of 4.60% Non-Cumulative Preferred Stock Series B,$16.66,-0.37,-2.173%,1012502237.00,United States,,44252,Finance,Property-Casualty Insurers
SII,Sprott Inc. Common Shares,$69.09,2.00,2.981%,1782522000.00,,2020,192575,Finance,Finance: Consumer Services
SILA,Sila Realty Trust Inc. Common Stock,$23.67,-0.36,-1.498%,1305302814.00,United States,2024,758479,Real Estate,Real Estate Investment Trusts
SILC,Silicom Ltd Ordinary Shares,$15.466,-0.209,-1.333%,88103074.00,Israel,,10889,Telecommunications,Computer Communications Equipment
SILO,Silo Pharma Inc. Common Stock,$0.63,-0.011,-1.716%,2825207.00,United States,,215571,Consumer Discretionary,Apparel
SIM,Grupo Simec S.A.B. de C.V. American Depositary Shares,$27.00,0.77,2.936%,4149043830.00,Mexico,1998,22293,Industrials,Steel/Iron Ore
SIMA,SIM Acquisition Corp. I Class A Ordinary Shares,$10.4221,-0.0179,-0.171%,0.00,United States,2024,658,Miscellaneous,Industrial Machinery/Components
SIMAW,SIM Acquisition Corp. I Warrant,$0.2736,-0.0001,-0.037%,0.00,United States,2024,160,Finance,Blank Checks
SIMO,Silicon Motion Technology Corporation American Depositary Shares,$75.17,-0.60,-0.792%,2554552474.00,Taiwan,2005,355607,Technology,Semiconductors
SINT,SiNtx Technologies Inc. Common Stock,$3.22,0.00,0.00%,8078033.00,United States,2014,18581,Health Care,Medical/Dental Instruments
SION,Sionna Therapeutics Inc. Common Stock,$17.35,1.51,9.533%,765558236.00,United States,2025,238720,Health Care,Biotechnology: Pharmaceutical Preparations
SIRI,SiriusXM Holdings Inc. Common Stock,$22.97,0.41,1.817%,7762126661.00,United States,,3132348,Consumer Discretionary,Broadcasting
SISI,Shineco Inc. Common Stock,$0.1926,-0.0206,-9.662%,3995650.00,China,2016,2488659,Health Care, Medicinal Chemicals and Botanical Products 
SITC,SITE Centers Corp. Common Stock,$11.31,-0.22,-1.908%,593151796.00,United States,,1896533,Real Estate,Real Estate Investment Trusts
SITE,SiteOne Landscape Supply Inc. Common Stock,$120.94,0.40,0.332%,5419266856.00,United States,2016,571728,Consumer Discretionary,Professional and commerical equipment
SITM,SiTime Corporation Common Stock,$213.08,0.15,0.07%,5054597889.00,United States,2019,702617,Technology,Semiconductors
SJ,Scienjoy Holding Corporation Class A Ordinary Shares ,$0.809,0.009,1.125%,33980749.00,China,2019,18097,Technology,EDP Services
SJM,The J.M. Smucker Company Common Stock,$98.20,2.57,2.687%,10459087269.00,United States,,2265421,Consumer Staples,Packaged Foods
SJT,San Juan Basin Royalty Trust Common Stock,$5.98,0.17,2.926%,278720600.00,United States,,231958,Energy,Oil & Gas Production
SKBL,Skyline Builders Group Holding Limited Class A Ordinary Shares,$12.61,-0.29,-2.248%,378300000.00,Hong Kong,2025,1184102,Consumer Discretionary,Engineering & Construction
SKE,Skeena Resources Limited Common Shares,$15.92,0.74,4.875%,1824470288.00,,2021,309663,Basic Materials,Precious Metals
SKIL,Skillsoft Corp. Class A Common Stock,$15.97,0.07,0.44%,136911241.00,United States,2019,60605,Technology,Computer Software: Prepackaged Software
SKIN,The Beauty Health Company Class A Common Stock,$1.91,-0.04,-2.051%,240649195.00,United States,2020,493970,Health Care,Medical/Dental Instruments
SKK,SKK Holdings Limited Ordinary Shares,$0.6399,-0.0099,-1.524%,11998125.00,Singapore,2024,22737,Industrials,Water Sewer Pipeline Comm & Power Line Construction
SKLZ,Skillz Inc. Class A Common Stock,$6.82,0.14,2.096%,121863095.00,United States,2020,83788,Technology,EDP Services
SKM,SK Telecom Co. Ltd. Common Stock,$23.35,0.41,1.787%,8956593000.00,South Korea,,502766,Telecommunications,Telecommunications Equipment
SKT,Tanger Inc. Common Stock,$30.58,-0.02,-0.065%,3460848871.00,United States,1993,1340432,Real Estate,Real Estate Investment Trusts
SKWD,Skyward Specialty Insurance Group Inc. Common Stock,$57.79,0.86,1.511%,2334882377.00,United States,2023,323863,Finance,Property-Casualty Insurers
SKX,Skechers U.S.A. Inc. Common Stock,$63.10,0.02,0.032%,9439956809.00,United States,1999,3727263,Consumer Discretionary,Shoe Manufacturing
SKY,Champion Homes Inc. Common Stock,$62.61,0.03,0.048%,3586460894.00,United States,,652462,Consumer Discretionary,Homebuilding
SKYE,Skye Bioscience Inc. Common Stock,$4.18,0.07,1.703%,129514616.00,United States,,2131755,Health Care,Biotechnology: Pharmaceutical Preparations
SKYH,Sky Harbour Group Corporation Class A Common Stock,$9.77,0.06,0.618%,741364492.00,United States,2022,143190,Finance,Real Estate
SKYQ,Sky Quarry Inc. Common Stock,$0.6196,-0.0304,-4.677%,13265401.00,United States,2024,127195,Industrials,Environmental Services
SKYT,SkyWater Technology Inc. Common Stock,$9.84,-0.05,-0.506%,472684316.00,United States,2021,544345,Technology,Semiconductors
SKYW,SkyWest Inc. Common Stock,$102.97,-0.43,-0.416%,4166911497.00,United States,1986,631916,Consumer Discretionary,Air Freight/Delivery Services
SKYX,SKYX Platforms Corp. Common Stock,$1.045,-0.13,-11.064%,110519199.00,United States,2022,1181320,Consumer Discretionary,Building Products
SLAB,Silicon Laboratories Inc. Common Stock,$147.36,-0.49,-0.331%,4799787816.00,United States,2000,352299,Technology,Semiconductors
SLB,Schlumberger N.V. Common Stock,$33.80,-0.21,-0.617%,45973463905.00,France,,13100376,Energy,Oilfield Services/Equipment
SLDB,Solid Biosciences Inc. Common Stock,$4.87,0.15,3.178%,377499886.00,United States,2018,1209169,Health Care,Biotechnology: Biological Products (No Diagnostic Substances)
SLDE,Slide Insurance Holdings Inc. Common Stock,$21.66,1.01,4.891%,2706072281.00,United States,2025,1786193,Finance,Property-Casualty Insurers
SLDP,Solid Power Inc. Class A Common Stock,$2.19,0.04,1.86%,392802951.00,United States,2021,8036364,Miscellaneous,Industrial Machinery/Components
SLDPW,Solid Power Inc. Warrant,$0.33,0.01,3.125%,59189486.00,United States,2021,39748,Miscellaneous,Industrial Machinery/Components
SLE,Super League Enterprise Inc. Common Stock,$4.635,0.115,2.544%,3803495.00,United States,2019,162883,Consumer Discretionary,Services-Misc. Amusement & Recreation
SLF,Sun Life Financial Inc. Common Stock,$66.45,0.52,0.789%,37770218275.00,Canada,,462561,Finance,Life Insurance
SLG,SL Green Realty Corp Common Stock,$61.90,0.15,0.243%,4395941529.00,United States,1997,1355351,Real Estate,Real Estate Investment Trusts
SLG^I,SL Green Realty Corporation Preferred Series I,$21.81,-0.01,-0.046%,,United States,,10340,,
SLGL,Sol-Gel Technologies Ltd. Ordinary Shares,$7.40,0.08,1.093%,20614639.00,Israel,2018,1146,Health Care,Biotechnology: Pharmaceutical Preparations
SLGN,Silgan Holdings Inc. Common Stock,$54.18,-0.22,-0.404%,5796890492.00,United States,2022,536919,Industrials,Containers/Packaging
SLI,Standard Lithium Ltd. Common Shares,$1.96,0.08,4.255%,389257966.00,Canada,2021,1366608,Industrials,Major Chemicals
SLM,SLM Corporation Common Stock,$32.79,-0.17,-0.516%,6910126728.00,United States,,1505809,Finance,Finance: Consumer Services
SLMBP,SLM Corporation Floating Rate Non-Cumulative Preferred Stock Series B,$72.29,-2.21,-2.966%,15234311105.00,United States,,79626,Finance,Finance: Consumer Services
SLN,Silence Therapeutics Plc American Depository Share,$5.80,0.01,0.173%,271440000.00,United Kingdom,,77373,Health Care,Biotechnology: Pharmaceutical Preparations
SLND,Southland Holdings Inc. Common Stock,$4.18,-0.03,-0.713%,225704969.00,United States,,74895,Industrials,Military/Government/Technical
SLNG,Stabilis Solutions Inc. Common Stock,$4.75,0.03,0.636%,88332430.00,United States,,1722,Utilities,Oil/Gas Transmission
SLNH,Soluna Holdings Inc. Common Stock,$0.576,0.0231,4.178%,7922366.00,United States,,589405,Technology,EDP Services
SLNHP,Soluna Holdings Inc 9.0% Series A Cumulative Perpetual Preferred Stock ,$2.58,-0.2681,-9.413%,35485599.00,United States,,46840,Technology,EDP Services
SLNO,Soleno Therapeutics Inc. Common Stock,$83.78,0.53,0.637%,4222003539.00,United States,2014,1342990,Health Care,Biotechnology: Electromedical & Electrotherapeutic Apparatus
SLP,Simulations Plus Inc. Common Stock,$17.45,0.59,3.499%,350937735.00,United States,,596928,Technology,EDP Services
SLQT,SelectQuote Inc. Common Stock,$2.38,0.08,3.478%,411076618.00,United States,2020,964361,Finance,Specialty Insurers
SLRC,SLR Investment Corp. Common Stock,$16.14,0.05,0.311%,880511793.00,United States,2010,280211,Finance,Finance/Investors Services
SLRX,Salarius Pharmaceuticals Inc. Common Stock,$0.8959,-0.094,-9.496%,1905836.00,United States,2015,219272,Health Care,Biotechnology: Pharmaceutical Preparations
SLS,SELLAS Life Sciences Group Inc. Common Stock,$2.19,0.24,12.308%,218512697.00,United States,,4108793,Health Care,Biotechnology: Pharmaceutical Preparations
SLSN,Solesence Inc. Common Stock,$4.36,0.00,0.00%,305650296.00,United States,,127582,Consumer Discretionary,Package Goods/Cosmetics
SLSR,Solaris Resources Inc. Common Shares,$4.58,0.05,1.104%,753849543.00,,2024,20933,,
SLVM,Sylvamo Corporation Common Stock,$50.10,-0.57,-1.125%,2040208673.00,United States,2021,473704,Basic Materials,Paper
SLXN,Silexion Therapeutics Corp Ordinary Shares,$0.81,0.011,1.377%,7040838.00,Israel,,50121,Health Care,Biotechnology: Biological Products (No Diagnostic Substances)
SLXNW,Silexion Therapeutics Corp Warrant,$0.0409,0.0006,1.489%,355519.00,Israel,,169244,Health Care,Biotechnology: Biological Products (No Diagnostic Substances)
SM,SM Energy Company Common Stock,$24.71,-0.39,-1.554%,2828361407.00,United States,,2014297,Energy,Oil & Gas Production
SMA,SmartStop Self Storage REIT Inc. Common Stock,$36.23,0.18,0.499%,2009218305.00,,2025,1195992,Real Estate,Real Estate Investment Trusts
SMBC,Southern Missouri Bancorp Inc. Common Stock,$54.78,0.19,0.348%,619011918.00,United States,,108549,Finance,Banks
SMBK,SmartFinancial Inc. Common Stock,$33.78,0.12,0.357%,574852738.00,United States,,77664,Finance,Major Banks
SMC,Summit Midstream Corporation Common Stock,$24.53,-1.24,-4.812%,460319309.00,United States,2012,296380,Utilities,Natural Gas Distribution
SMCI,Super Micro Computer Inc. Common Stock,$49.01,1.43,3.005%,29250032830.00,United States,2020,49147615,Technology,Computer Manufacturing
SMFG,Sumitomo Mitsui Financial Group Inc Unsponsored American Depositary Shares (Japan),$15.11,-0.09,-0.592%,296541682085.00,Japan,,2102763,Finance,Commercial Banks
SMG,Scotts Miracle-Gro Company (The) Common Stock,$65.96,0.22,0.335%,3806882983.00,United States,1992,806316,Industrials,Agricultural Chemicals
SMHI,SEACOR Marine Holdings Inc. Common Stock ,$5.10,-0.20,-3.774%,136946970.00,United States,2017,141918,Consumer Discretionary,Marine Transportation
SMID,Smith-Midland Corporation Common Stock,$33.56,0.08,0.239%,178022577.00,United States,,22307,Industrials,Building Materials
SMLR,Semler Scientific Inc. Common Stock,$38.74,0.24,0.623%,432011899.00,United States,,762358,Health Care,Biotechnology: Electromedical & Electrotherapeutic Apparatus
SMMT,Summit Therapeutics Inc. Common Stock ,$21.28,0.68,3.301%,15803930863.00,United States,2015,2139662,Health Care,Biotechnology: Pharmaceutical Preparations
SMRT,SmartRent Inc. Class A Common Stock,$0.99,0.0596,6.406%,186296721.00,United States,,5608346,Technology,EDP Services
SMSI,Smith Micro Software Inc. Common Stock,$0.8618,-0.0412,-4.563%,16730831.00,United States,1995,146052,Technology,Computer Software: Prepackaged Software
SMTC,Semtech Corporation Common Stock,$45.14,0.23,0.512%,3910730668.00,United States,,2627893,Technology,Semiconductors
SMTI,Sanara MedTech Inc. Common Stock,$28.39,-0.02,-0.07%,252326147.00,United States,,24728,Health Care,Industrial Specialties
SMTK,SmartKem Inc. Common Stock,$1.01,0.0799,8.59%,4475477.00,United Kingdom,,63407,Technology,Semiconductors
SMWB,Similarweb Ltd. Ordinary Shares,$7.84,0.24,3.158%,649382716.00,,2021,306866,Technology,Computer Software: Programming Data Processing
SMX,SMX (Security Matters) Public Limited Company Class A Ordinary Shares,$4.29,0.18,4.38%,4464736.00,Ireland,,24254,Technology,Industrial Machinery/Components
SMXT,Solarmax Technology Inc. Common Stock,$1.09,0.03,2.83%,51674292.00,United States,2024,185303,Consumer Discretionary,Engineering & Construction
SMXWW,SMX (Security Matters) Public Limited Company Warrant,$0.015,-0.006,-28.571%,15611.00,Ireland,,8621,Technology,Industrial Machinery/Components
SN,SharkNinja Inc. Ordinary Shares,$98.99,2.49,2.58%,13892992690.00,United States,2023,1620076,Consumer Discretionary,Consumer Electronics/Appliances
SNA,Snap-On Incorporated Common Stock,$311.18,0.17,0.055%,16271920848.00,United States,,462937,Consumer Discretionary,Industrial Machinery/Components
SNAL,Snail Inc. Class A Common Stock,$1.37,-0.04,-2.837%,50982714.00,United States,2022,31553,Technology,Computer Software: Prepackaged Software
SNAP,Snap Inc. Class A Common Stock,$8.69,-0.03,-0.344%,14522537680.00,United States,2017,32349788,Technology,Computer Software: Programming Data Processing
SNBR,Sleep Number Corporation Common Stock,$6.755,0.035,0.521%,153068300.00,United States,,380574,Consumer Discretionary,Home Furnishings
SNCR,Synchronoss Technologies Inc. Common Stock,$6.85,0.26,3.945%,78761136.00,United States,2018,182704,Technology,EDP Services
SNCY,Sun Country Airlines Holdings Inc. Common Stock,$11.75,-0.12,-1.011%,625111785.00,United States,2021,1713530,Consumer Discretionary,Air Freight/Delivery Services
SND,Smart Sand Inc. Common Stock,$2.01,-0.06,-2.899%,88607517.00,United States,2016,61347,Industrials,Mining & Quarrying of Nonmetallic Minerals (No Fuels)
SNDA,Sonida Senior Living Inc. Common Stock,$24.95,-0.21,-0.835%,470691980.00,United States,,26552,Health Care,Hospital/Nursing Management
SNDK,Sandisk Corporation Common Stock,$45.35,-1.80,-3.818%,6589319536.00,United States,,2984513,Technology,Electronic Components
SNDL,SNDL Inc. Common Shares,$1.21,-0.02,-1.626%,311325740.00,Canada,2019,1278899,Health Care, Medicinal Chemicals and Botanical Products 
SNDR,Schneider National Inc. Common Stock,$24.15,-0.32,-1.308%,4231053459.00,United States,2017,562890,Industrials,Trucking Freight/Courier Services
SNDX,Syndax Pharmaceuticals Inc. Common Stock,$9.365,0.325,3.595%,805834360.00,United States,2016,2218458,Health Care,Biotechnology: Pharmaceutical Preparations
SNES,SenesTech Inc. Common Stock,$5.09,0.33,6.933%,9039484.00,United States,2016,416987,Industrials,Agricultural Chemicals
SNEX,StoneX Group Inc. Common Stock,$91.14,-0.24,-0.263%,4458258924.00,United States,,424799,Finance,Investment Bankers/Brokers/Service
SNFCA,Security National Financial Corporation Class A Common Stock,$9.85,0.38,4.013%,243708661.00,United States,,116227,Finance,Finance: Consumer Services
SNGX,Soligenix Inc. Common Stock,$1.31,-0.05,-3.676%,4276293.00,United States,,78630,Health Care,Biotechnology: Pharmaceutical Preparations
SNN,Smith & Nephew SNATS Inc. Common Stock,$30.63,0.41,1.357%,13415102790.00,United Kingdom,,626237,Health Care,Industrial Specialties
SNOA,Sonoma Pharmaceuticals Inc. Common Stock,$2.845,-0.025,-0.871%,4673666.00,United States,2007,12869,Health Care,Biotechnology: Pharmaceutical Preparations
SNOW,Snowflake Inc. Class A Common Stock,$223.77,1.16,0.521%,74672049000.00,United States,2020,3490972,Technology,Computer Software: Prepackaged Software
SNPS,Synopsys Inc. Common Stock,$512.68,10.05,1.999%,79547909694.00,United States,1992,1343595,Technology,Computer Software: Prepackaged Software
SNPX,Synaptogenix Inc. Common Stock,$7.85,1.805,29.859%,10910048.00,United States,,990946,Health Care,Biotechnology: Pharmaceutical Preparations
SNRE,Sunrise Communications AG American Depositary Shares representing Class A shares,$56.55,1.07,1.929%,5413928368.00,Switzerland,,213239,Telecommunications,Cable & Other Pay Television Services
SNSE,Sensei Biotherapeutics Inc. Common Stock,$8.58,-0.10,-1.152%,10814258.00,United States,2021,24549,Health Care,Biotechnology: Pharmaceutical Preparations
SNT,Senstar Technologies Corporation Common Shares,$4.73,0.33,7.50%,110335069.00,Canada,,102226,Telecommunications,Telecommunications Equipment
SNTG,Sentage Holdings Inc. Class A Ordinary Shares,$1.84,-0.01,-0.541%,5161798.00,China,2021,2630,Finance,Finance: Consumer Services
SNTI,Senti Biosciences Inc. Common Stock,$2.11,-0.05,-2.315%,55031203.00,United States,2021,72708,Health Care,Biotechnology: Biological Products (No Diagnostic Substances)
SNV,Synovus Financial Corp. Common Stock,$51.75,0.05,0.097%,7193924199.00,United States,,1029155,Finance,Major Banks
SNV^D,Synovus Financial Corp. Fixed-to-Floating Rate Non-Cumulative Perpetual Preferred Stock Series D Liquation Preference $25.00 per Share,$25.18,0.10,0.399%,,United States,,153785,,
SNV^E,Synovus Financial Corp. 5.875% Fixed-Rate Reset Non-Cumulative Perpetual Preferred Stock Series E,$25.57,-0.18,-0.699%,,United States,,201012,,
SNWV,SANUWAVE Health Inc. Common Stock,$32.86,2.91,9.716%,281137542.00,United States,,131364,Health Care,Medical/Dental Instruments
SNX,TD SYNNEX Corporation Common Stock,$135.70,0.92,0.683%,11388135608.00,United States,2003,1229314,Technology,Retail: Computer Software & Peripheral Equipment
SNY,Sanofi ADS,$48.31,0.46,0.961%,122042917303.00,France,,1745672,Health Care,Biotechnology: Pharmaceutical Preparations
SNYR,Synergy CHC Corp. Common Stock,$2.85,0.42,17.284%,27228056.00,United States,2024,257147,Health Care,Other Pharmaceuticals
SO,Southern Company (The) Common Stock,$91.83,0.93,1.023%,100926226527.00,United States,,4924077,Utilities,Electric Utilities: Central
SOAR,Volato Group Inc. Class A Common Stock,$1.29,0.00,0.00%,2479278.00,,2022,217123,Consumer Discretionary,Transportation Services
SOBO,South Bow Corporation Common Shares,$25.91,-0.02,-0.077%,5394996549.00,Canada,2024,798292,Energy,Natural Gas Distribution
SOBR,SOBR Safe Inc. Common Stock,$2.89,0.05,1.761%,4381659.00,United States,,20066,Consumer Discretionary,Newspapers/Magazines
SOC,Sable Offshore Corp. Common Stock,$21.98,-0.94,-4.101%,1965305609.00,United States,2021,3718361,Energy,Oil & Gas Production
SOFI,SoFi Technologies Inc. Common Stock  ,$18.21,1.03,5.995%,20128661978.00,United States,,148560537,Finance,Finance: Consumer Services
SOGP,Sound Group Inc. American Depositary Shares,$4.75,0.45,10.465%,23443977.00,China,2020,152367,Technology,Computer Software: Programming Data Processing
SOHO,Sotherly Hotels Inc. Common Stock,$0.95,-0.0451,-4.532%,19465976.00,United States,,12942,Real Estate,Real Estate Investment Trusts
SOHOB,Sotherly Hotels Inc. 8.0% Series B Cumulative Redeemable Perpetual Preferred Stock,$16.02,0.01,0.062%,328257826.00,United States,,716,Real Estate,Real Estate Investment Trusts
SOHON,Sotherly Hotels Inc. 8.25% Series D Cumulative Redeemable Perpetual Preferred Stock,$16.29,0.00,0.00%,333790261.00,United States,,45,Real Estate,Real Estate Investment Trusts
SOHOO,Sotherly Hotels Inc. 7.875% Series C Cumulative Redeemable Perpetual Preferred Stock,$16.00,0.00,0.00%,327848016.00,United States,,14,Real Estate,Real Estate Investment Trusts
SOHU,Sohu.com Limited American Depositary Shares,$13.31,0.24,1.836%,400170474.00,China,,97803,Technology,EDP Services
SOJC,Southern Company (The) Series 2017B 5.25% Junior Subordinated Notes due December 1 2077,$21.31,-0.12,-0.56%,23420863414.00,United States,2017,109005,Utilities,Electric Utilities: Central
SOJD,Southern Company (The) Series 2020A 4.95% Junior Subordinated Notes due January 30 2080,$19.80,-0.13,-0.652%,21761290267.00,United States,2020,283196,Utilities,Electric Utilities: Central
SOJE,Southern Company (The) Series 2020C 4.20% Junior Subordinated Notes due October 15 2060,$17.57,0.00,0.00%,19231519999.00,United States,2020,181032,Basic Materials,Metal Mining
SOJF,Southern Company (The) Series 2025A 6.50% Junior Subordinated Notes due March 15 2085,$25.68,0.21,0.824%,0.00,United States,2025,493019,Basic Materials,Metal Mining
SOL,Emeren Group Ltd American Depositary Shares each representing 10 shares,$1.87,0.03,1.63%,95971433.00,China,2008,214509,Technology,Semiconductors
SOLV,Solventum Corporation Common Stock,$75.84,0.38,0.504%,13121300004.00,United States,2024,750457,Health Care,Medical/Dental Instruments
SON,Sonoco Products Company Common Stock,$43.56,-0.26,-0.593%,4296234852.00,United States,,1398874,Consumer Discretionary,Containers/Packaging
SOND,Sonder Holdings Inc. Class A Common Stock,$2.70,0.43,18.943%,31281188.00,United States,2021,452156,Consumer Discretionary,Hotels/Resorts
SONDW,Sonder Holdings Inc. Warrants,$0.0094,-0.0003,-3.093%,108905.00,United States,2021,289940,Consumer Discretionary,Hotels/Resorts
SONM,Sonim Technologies Inc. Common Stock,$1.22,-0.20,-14.085%,11225907.00,United States,2019,2559418,Utilities,Telecommunications Equipment
SONN,Sonnet BioTherapeutics Holdings Inc. Common Stock,$1.24,0.12,10.714%,3925604.00,United States,,122013,Health Care,Biotechnology: Pharmaceutical Preparations
SONO,Sonos Inc. Common Stock,$10.81,0.08,0.746%,1298145799.00,United States,2018,1528324,Consumer Staples,Consumer Electronics/Appliances
SONY,Sony Group Corporation American Depositary Shares ,$26.03,-0.27,-1.027%,156830809739.00,Japan,,4392847,Consumer Staples,Consumer Electronics/Appliances
SOPA,Society Pass Incorporated Common Stock,$1.38,0.07,5.344%,6915264.00,United States,2021,894406,Consumer Discretionary,Business Services
SOPH,SOPHiA GENETICS SA Ordinary Shares,$3.10,0.01,0.324%,207176320.00,Switzerland,2021,41237,Health Care,Biotechnology: Biological Products (No Diagnostic Substances)
SOR,Source Capital Inc. Cmn Shs of BI,$43.363,0.193,0.447%,361841816.00,United States,,7149,Finance,Investment Managers
SORA,Top Win International Limited Ordinary Shares,$6.38,0.45,7.589%,158632320.00,Hong Kong,2025,25929,Industrials,Other Specialty Stores
SOS,SOS Limited American Depositary Shares one hundred and fifty (150) Class A Ordinary Shares,$6.2968,0.6068,10.664%,2801142084.00,China,,30347,Finance,Finance: Consumer Services
SOTK,Sono-Tek Corporation Common Stock,$3.7522,0.1222,3.366%,59013483.00,United States,,5662,Technology,Industrial Machinery/Components
SOUL,Soulpower Acquisition Corporation Class A Ordinary Shares,$10.04,0.00,0.00%,0.00,,2025,69386,Consumer Discretionary,Publishing
SOUN,SoundHound AI Inc Class A Common Stock,$10.73,0.90,9.156%,4310609479.00,United States,,63829337,Technology,Computer Software: Prepackaged Software
SOUNW,SoundHound AI Inc. Warrant,$4.50,0.424,10.402%,1807804535.00,United States,2021,133770,Technology,Computer Software: Prepackaged Software
SOWG,Sow Good Inc. Common Stock,$0.7817,-0.0523,-6.271%,8898138.00,United States,,45253,Consumer Staples,Packaged Foods
SPAI,Safe Pro Group Inc. Common Stock,$2.75,0.08,2.996%,41723509.00,United States,2024,24468,Health Care,Industrial Specialties
SPB,Spectrum Brands Holdings Inc. Common Stock,$53.00,0.15,0.284%,1325207018.00,United States,,699562,Miscellaneous,Industrial Machinery/Components
SPCB,SuperCom Ltd. Ordinary Shares (Israel),$10.38,0.01,0.096%,22554235.00,Israel,,111813,Technology,Semiconductors
SPCE,Virgin Galactic Holdings Inc. Common Stock,$2.73,-0.13,-4.545%,113499327.00,United States,2017,2997910,Consumer Discretionary,Transportation Services
SPE,Special Opportunities Fund Inc Common Stock,$15.49,0.11,0.715%,0.00,United States,,57979,Finance,Finance/Investors Services
SPE^C,Special Opportunities Fund Inc. 2.75% Convertible Preferred Stock Series C,$24.80,-0.08,-0.322%,,United States,,4896,,
SPFI,South Plains Financial Inc. Common Stock,$36.04,0.32,0.896%,584845839.00,United States,2019,148483,Finance,Major Banks
SPG,Simon Property Group Inc. Common Stock,$160.76,0.26,0.162%,52476089270.00,United States,,2060148,Real Estate,Real Estate Investment Trusts
SPG^J,Simon Property Group Inc. Simon Property Group 8 3/8% Series J Cumulative Redeemable Preferred Stock,$55.76,0.0263,0.047%,,United States,,3686,,
SPGI,S&P Global Inc. Common Stock,$527.29,9.58,1.85%,161719843000.00,United States,,1496310,Finance,Finance: Consumer Services
SPH,Suburban Propane Partners L.P. Common Stock,$18.53,-0.08,-0.43%,1203696996.00,United States,1996,92938,Consumer Discretionary,Other Specialty Stores
SPHL,Springview Holdings Ltd Class A Ordinary Shares,$0.534,0.003,0.565%,11481000.00,Singapore,2024,29512,Consumer Discretionary,Homebuilding
SPHR,Sphere Entertainment Co. Class A Common Stock,$41.80,-0.67,-1.578%,1504775631.00,United States,2020,836941,Consumer Discretionary,Services-Misc. Amusement & Recreation
SPIR,Spire Global Inc. Class A Common Stock,$11.90,0.37,3.209%,387749410.00,United States,2020,492022,Consumer Discretionary,Telecommunications Equipment
SPKL,Spark I Acquisition Corp. Class A Ordinary Share,$10.90,-0.0097,-0.089%,0.00,United States,2023,317626,,
SPKLW,Spark I Acquisition Corp. Warrant,$0.1946,0.0345,21.549%,0.00,United States,2023,1014,,
SPMA,Sound Point Meridian Capital Inc. 8.00% Series A Preferred Shares Due 2029,$25.12,0.0599,0.239%,0.00,,,1568,,
SPMC,Sound Point Meridian Capital Inc. Common Stock,$17.88,-0.07,-0.39%,0.00,,2024,15098,,
SPNS,Sapiens International Corporation N.V. Common Shares (Cayman Islands),$29.25,0.50,1.739%,1634701331.00,Curacao,1992,133670,Technology,Computer Software: Prepackaged Software
SPNT,SiriusPoint Ltd. Common Shares,$20.39,-0.01,-0.049%,2377248833.00,Bermuda,2013,601553,Finance,Property-Casualty Insurers
SPNT^B,SiriusPoint Ltd. 8.00% Resettable Fixed Rate Preference Shares Series B $25.00 liquidation preference per share,$25.26,-0.09,-0.355%,,Bermuda,,227676,,
SPOK,Spok Holdings Inc. Common Stock,$17.68,0.29,1.668%,363718193.00,United States,,150778,Telecommunications,Telecommunications Equipment
SPOT,Spotify Technology S.A. Ordinary Shares,$767.34,-5.26,-0.681%,156417968802.00,Luxembourg,2018,1932570,Consumer Discretionary,Broadcasting
SPPL,SIMPPLE LTD. Ordinary Shares,$2.66,-0.12,-4.317%,9415841.00,Singapore,2023,13680,Consumer Discretionary,Diversified Commercial Services
SPR,Spirit Aerosystems Holdings Inc. Common Stock,$38.15,-0.48,-1.243%,4475717599.00,United States,2006,1578490,Industrials,Military/Government/Technical
SPRC,SciSparc Ltd. Ordinary Shares,$0.311,0.003,0.974%,3367586.00,Israel,,180075,Health Care,Biotechnology: Pharmaceutical Preparations
SPRO,Spero Therapeutics Inc. Common Stock,$2.90,-0.04,-1.361%,162140859.00,United States,2017,1154153,Health Care,Biotechnology: Pharmaceutical Preparations
SPRU,Spruce Power Holding Corporation Class A Common Stock,$2.02,-0.01,-0.493%,36009651.00,United States,2019,44181,Consumer Discretionary,Auto Parts:O.E.M.
SPRY,ARS Pharmaceuticals Inc. Common Stock,$17.45,-0.75,-4.121%,1713826639.00,United States,2020,3160385,Health Care,Biotechnology: Pharmaceutical Preparations
SPSC,SPS Commerce Inc. Common Stock,$136.09,2.96,2.223%,5168341372.00,United States,2010,445503,Technology,Computer Software: Prepackaged Software
SPT,Sprout Social Inc Class A Common Stock,$20.91,0.56,2.752%,1216452047.00,United States,2019,677666,Technology,Computer Software: Prepackaged Software
SPTN,SpartanNash Company Common Stock,$26.49,-0.02,-0.075%,896683136.00,United States,,1154481,Consumer Discretionary,Food Distributors
SPWH,Sportsman's Warehouse Holdings Inc. Common Stock,$3.45,-0.08,-2.266%,132197683.00,United States,2014,595847,Consumer Discretionary,Other Specialty Stores
SPWR,Complete Solaria Inc. Common Stock,$1.84,0.11,6.358%,147700951.00,United States,,1120524,Technology,Semiconductors
SPWRW,Complete Solaria Inc. Warrants,$0.3255,0.0305,10.339%,26128619.00,United States,,23495,Technology,Semiconductors
SPXC,SPX Technologies Inc. Common Stock,$167.68,0.53,0.317%,7831733512.00,United States,,397300,Industrials,Industrial Machinery/Components
SPXX,Nuveen S&P 500 Dynamic Overwrite Fund,$17.74,0.19,1.083%,0.00,United States,,83115,Finance,Trusts Except Educational Religious and Charitable
SQFT,Presidio Property Trust Inc. Class A Common Stock,$5.23,0.34,6.953%,6281654.00,United States,2020,105371,Real Estate,Real Estate Investment Trusts
SQFTP,Presidio Property Trust Inc. 9.375% Series D Cumulative Redeemable Perpetual Preferred Stock $0.01 par value per share,$13.955,0.0801,0.577%,16761085.00,United States,,2281,Real Estate,Real Estate Investment Trusts
SQFTW,Presidio Property Trust Inc. Series A Common Stock Purchase Warrants,$0.0337,-0.0002,-0.59%,40476.00,United States,,7100,Real Estate,Real Estate Investment Trusts
SQM,Sociedad Quimica y Minera S.A. Common Stock,$35.27,0.26,0.743%,10074445488.00,Chile,1993,950962,Industrials,Mining & Quarrying of Nonmetallic Minerals (No Fuels)
SQNS,Sequans Communications S.A. American Depositary Shares (each representing ten (10) Ordinary Shares),$1.47,0.1899,14.835%,37319666.00,France,,1282865,Technology,Semiconductors
SR,Spire Inc. Common Stock,$72.99,0.10,0.137%,4307641633.00,United States,,281467,Utilities,Oil/Gas Transmission
SR^A,Spire Inc. Depositary Shares each representing a 1/1000th interest in a share of 5.90% Series A Cumulative Redeemable Perpetual Preferred Stock,$23.59,-0.06,-0.254%,,United States,,64750,,
SRAD,Sportradar Group AG Class A Ordinary Shares,$28.08,0.03,0.107%,8408834722.00,Switzerland,2021,3071875,Technology,Computer Software: Programming Data Processing
SRBK,SR Bancorp Inc. Common stock,$13.50,0.05,0.372%,121457273.00,United States,2023,61679,Finance,Banks
SRCE,1st Source Corporation Common Stock,$62.07,0.23,0.372%,1524619886.00,United States,,92886,Finance,Major Banks
SRDX,Surmodics Inc. Common Stock,$29.71,0.90,3.124%,424831193.00,United States,1998,172448,Health Care,Medical/Dental Instruments
SRE,DBA Sempra Common Stock,$75.77,0.41,0.544%,49414949693.00,United States,,3815875,Utilities,Natural Gas Distribution
SREA,DBA Sempra 5.750% Junior Subordinated Notes due 2079,$20.55,-0.28,-1.344%,13011147731.00,United States,2019,196073,Utilities,Natural Gas Distribution
SRFM,Surf Air Mobility Inc. Common Stock,$3.69,0.42,12.844%,71157222.00,,2023,11762199,Consumer Discretionary,Transportation Services
SRG,Seritage Growth Properties Class A Common Stock,$3.08,0.08,2.667%,173479790.00,United States,2015,68964,Finance,Real Estate
SRG^A,Seritage Growth Properties 7.00% Series A Cumulative Redeemable Preferred Shares of Beneficial Interest,$22.5634,0.1538,0.686%,,United States,,2603,,
SRI,Stoneridge Inc. Common Stock,$7.04,0.44,6.667%,196037896.00,United States,1997,508459,Consumer Discretionary,Auto Parts:O.E.M.
SRL,Scully Royalty Ltd.,$5.80,-0.2364,-3.916%,85969056.00,Canada,,8332,Finance,Commercial Banks
SRM,SRM Entertainment Inc. Common Stock,$7.75,0.07,0.911%,133637978.00,United States,2023,6705847,Consumer Discretionary,Recreational Games/Products/Toys
SRPT,Sarepta Therapeutics Inc. Common Stock (DE),$17.10,-0.01,-0.058%,1680537247.00,United States,,4587789,Health Care,Biotechnology: Pharmaceutical Preparations
SRRK,Scholar Rock Holding Corporation Common Stock,$35.42,-0.39,-1.089%,3362971806.00,United States,2018,853498,Health Care,Biotechnology: Biological Products (No Diagnostic Substances)
SRTS,Sensus Healthcare Inc. Common Stock,$4.74,-0.12,-2.469%,77949471.00,United States,2016,56003,Health Care,Medical/Dental Instruments
SRV,NXG Cushing Midstream Energy Fund Common Shares of Beneficial Interest,$42.35,0.57,1.364%,0.00,United States,,28370,Finance,Finance Companies
SRXH,SRX Health Solutions Inc. Common Stock,$0.5999,0.0299,5.246%,6999078.00,,2021,173553,Consumer Staples,Beverages (Production/Distribution)
SRZN,Surrozen Inc. Common Stock,$8.94,-0.08,-0.887%,76549501.00,United States,,59546,Health Care,Biotechnology: Biological Products (No Diagnostic Substances)
SRZNW,Surrozen Inc. Warrant,$0.0181,0.00,0.00%,154983.00,United States,,141,Health Care,Biotechnology: Biological Products (No Diagnostic Substances)
SSB,SouthState Corporation Common Stock,$92.03,1.05,1.154%,9340434841.00,United States,,1340382,Finance,Major Banks
SSBI,Summit State Bank Common Stock,$10.84,0.84,8.40%,72336729.00,United States,2006,24811,Finance,Major Banks
SSBK,Southern States Bancshares Inc. Common Stock,$36.37,-0.03,-0.082%,360925260.00,United States,2021,140059,Finance,Savings Institutions
SSD,Simpson Manufacturing Company Inc. Common Stock,$155.31,-1.81,-1.152%,6496290062.00,United States,,288088,Consumer Discretionary,Industrial Machinery/Components
SSII,SS Innovations International Inc. Common Stock,$5.89,0.12,2.08%,1140327383.00,India,,81815,Health Care,Medical/Dental Instruments
SSKN,Strata Skin Sciences Inc. Common Stock,$2.29,0.04,1.778%,9551959.00,United States,2005,22060,Health Care,Medical/Dental Instruments
SSL,Sasol Ltd. American Depositary Shares,$4.42,0.00,0.00%,2838275406.00,South Africa,,715115,Energy,Oil & Gas Production
SSNC,SS&C Technologies Holdings Inc. Common Stock,$82.80,0.96,1.173%,20423646554.00,United States,2010,938794,Technology,Computer Software: Prepackaged Software
SSP,E.W. Scripps Company (The) Class A Common Stock,$2.94,0.15,5.376%,257868805.00,United States,,849912,Industrials,Broadcasting
SSRM,SSR Mining Inc. Common Stock,$12.74,0.43,3.493%,2578399997.00,Canada,,1710306,Industrials,Precious Metals
SSSS,SuRo Capital Corp. Common Stock,$8.21,0.07,0.86%,193360762.00,United States,2011,238772,Finance,Finance: Consumer Services
SSSSL,SuRo Capital Corp. 6.00% Notes due 2026,$24.64,-0.0979,-0.396%,580317806.00,United States,,674,Finance,Finance: Consumer Services
SST,System1 Inc. Class A Common Stock,$5.53,-0.79,-12.50%,54470500.00,United States,2020,276017,Technology,Computer Software: Programming Data Processing
SSTI,SoundThinking Inc. Common Stock,$13.055,-0.125,-0.948%,165447321.00,United States,2017,80549,Technology,Computer Software: Prepackaged Software
SSTK,Shutterstock Inc. Common Stock,$18.96,0.17,0.905%,668410228.00,United States,2012,169540,Technology,EDP Services
SSY,SunLink Health Systems Inc. Common Stock,$0.88,0.0049,0.56%,6195731.00,United States,1996,54367,Health Care,Hospital/Nursing Management
SSYS,Stratasys Ltd. Ordinary Shares (Israel),$11.47,0.27,2.411%,823345390.00,United States,1994,467975,Technology,Computer peripheral equipment
ST,Sensata Technologies Holding plc Ordinary Shares,$30.11,0.15,0.501%,4404797802.00,Netherlands,2010,1335634,Industrials,Industrial Machinery/Components
STAA,STAAR Surgical Company Common Stock,$16.78,-0.14,-0.827%,831048445.00,United States,,910367,Health Care,Ophthalmic Goods
STAG,Stag Industrial Inc. Common Stock,$36.28,0.08,0.221%,6770484823.00,United States,2011,1536824,Real Estate,Real Estate Investment Trusts
STAI,ScanTech AI Systems Inc. Common stock,$0.6683,0.0083,1.258%,17114836.00,United States,,346709,Industrials,Electrical Products
STAK,STAK Inc. Class A Ordinary Shares,$1.78,0.05,2.89%,20025000.00,China,2025,127642,Industrials,Metal Fabrications
STBA,S&T Bancorp Inc. Common Stock,$37.82,-0.19,-0.50%,1449653081.00,United States,,156840,Finance,Major Banks
STC,Stewart Information Services Corporation Common Stock,$65.10,-0.15,-0.23%,1817553851.00,United States,,152248,Finance,Specialty Insurers
STE,STERIS plc (Ireland) Ordinary Shares,$240.22,1.43,0.599%,23630996308.00,United States,,570020,Health Care,Industrial Specialties
STEC,Santech Holdings Limited American Depositary Shares,$0.8635,-0.0065,-0.747%,72534000.00,China,2021,20256,Finance,Investment Managers
STEL,Stellar Bancorp Inc. Common Stock,$27.98,-0.08,-0.285%,1440219464.00,United States,,341088,Finance,Major Banks
STEM,Stem Inc. Class A Common Stock,$6.23,-0.20,-3.11%,51820760.00,United States,2020,542690,Miscellaneous,Industrial Machinery/Components
STEP,StepStone Group Inc. Class A Common Stock,$55.50,-0.66,-1.175%,6461218592.00,United States,2020,683132,Finance,Investment Managers
STEW,SRH Total Return Fund Inc. Common Stock,$17.68,0.13,0.741%,0.00,United States,,101668,Finance,Investment Managers
STFS,Star Fashion Culture Holdings Limited Class A Ordinary Shares,$1.07,0.07,7.00%,11609500.00,China,2024,31346,Consumer Discretionary,Advertising
STG,Sunlands Technology Group American Depositary Shares representing Class A ordinary shares,$5.72,0.13,2.326%,77312939.00,,2018,8954,Real Estate,Other Consumer Services
STGW,Stagwell Inc. Class A Common Stock,$4.50,0.03,0.671%,1204572308.00,Canada,,1077656,Consumer Discretionary,Advertising
STHO,Star Holdings Shares of Beneficial Interest,$7.81,0.10,1.297%,104025701.00,United States,,105635,Real Estate,Real Estate
STI,Solidion Technology Inc. Common Stock,$3.94,-0.05,-1.253%,10704610.00,United States,2022,52049,Miscellaneous,Industrial Machinery/Components
STIM,Neuronetics Inc. Common Stock,$3.49,-0.04,-1.133%,229713001.00,United States,2018,496691,Health Care,Medical/Dental Instruments
STK,Columbia Seligman Premium Technology Growth Fund Inc,$30.41,0.19,0.629%,0.00,United States,2009,72760,Finance,Investment Managers
STKH,Steakholder Foods Ltd. American Depositary Shares,$1.575,0.0951,6.426%,1268486.00,Israel,2021,61746,Consumer Staples,Packaged Foods
STKL,SunOpta Inc. Common Stock,$5.80,-0.07,-1.193%,677676855.00,Canada,,454126,Industrials,Farming/Seeds/Milling
STKS,The ONE Group Hospitality Inc. Common Stock,$4.05,-0.09,-2.174%,125156332.00,United States,,335931,Consumer Discretionary,Restaurants
STLA,Stellantis N.V. Common Shares,$10.03,-0.16,-1.57%,28891337558.00,United Kingdom,2014,15703660,Consumer Discretionary,Auto Manufacturing
STLD,Steel Dynamics Inc.,$128.01,-2.70,-2.066%,19003580667.00,United States,1996,1288500,Industrials,Steel/Iron Ore
STM,STMicroelectronics N.V. Common Stock,$30.41,0.31,1.03%,27313514157.00,Switzerland,,6455259,Technology,Semiconductors
STN,Stantec Inc Common Stock,$108.68,-0.90,-0.821%,12396801017.00,Canada,,416766,Consumer Discretionary,Military/Government/Technical
STNE,StoneCo Ltd. Class A Common Shares,$16.04,0.68,4.427%,4355535140.00,Brazil,2018,5791431,Technology,EDP Services
STNG,Scorpio Tankers Inc. Common Shares,$39.13,-1.27,-3.144%,1953234288.00,Monaco,2010,2762810,Consumer Discretionary,Marine Transportation
STOK,Stoke Therapeutics Inc. Common Stock,$11.35,-0.28,-2.408%,619675087.00,United States,2019,509358,Health Care,Biotechnology: Pharmaceutical Preparations
STR,Sitio Royalties Corp. Class A Common Stock,$18.38,-0.06,-0.325%,2773705858.00,United States,2022,1797475,Energy,Oil & Gas Production
STRA,Strategic Education Inc. Common Stock,$85.13,-0.76,-0.885%,2057016536.00,United States,1996,141633,Real Estate,Other Consumer Services
STRD,MicroStrategy Incorporated 10.00% Series A Perpetual Stride Preferred Stock,$89.75,2.35,2.689%,25070952667.00,United States,,1868254,Technology,Computer Software: Prepackaged Software
STRF,MicroStrategy Incorporated 10.00% Series A Perpetual Strife Preferred Stock,$113.15,7.85,7.455%,31607557597.00,United States,,705788,Technology,Computer Software: Prepackaged Software
STRK,MicroStrategy Incorporated 8.00% Series A Perpetual Strike Preferred Stock,$121.01,15.45,14.636%,33803186432.00,United States,,1040332,Technology,Computer Software: Prepackaged Software
STRL,Sterling Infrastructure Inc. Common Stock,$230.73,-0.78,-0.337%,7017032517.00,United States,,449410,Industrials,Military/Government/Technical
STRM,Streamline Health Solutions Inc. Common Stock,$5.19,0.01,0.193%,22607962.00,United States,,10263,Technology,EDP Services
STRO,Sutro Biopharma Inc. Common Stock,$0.7139,-0.0201,-2.738%,60296968.00,United States,2018,722075,Health Care,Biotechnology: Biological Products (No Diagnostic Substances)
STRR,Star Equity Holdings Inc. Common Stock,$2.00,-0.02,-0.99%,6418680.00,United States,2004,8954,Health Care,Biotechnology: Electromedical & Electrotherapeutic Apparatus
STRRP,Star Equity Holdings Inc. Series A Cumulative Perpetual Preferred Stock,$8.9893,0.0493,0.551%,28849720.00,United States,,106,Health Care,Biotechnology: Electromedical & Electrotherapeutic Apparatus
STRS,Stratus Properties Inc. Common Stock,$18.88,0.33,1.779%,152409857.00,United States,,14453,Real Estate,Homebuilding
STRT,STRATTEC SECURITY CORPORATION Common Stock,$62.21,1.19,1.95%,259297750.00,United States,,175004,Consumer Discretionary,Auto Parts:O.E.M.
STRW,Strawberry Fields REIT Inc. Common Stock,$10.54,-0.53,-4.788%,131171301.00,,2023,51234,Real Estate,Real Estate Investment Trusts
STRZ,Starz Entertainment Corp. Common Shares,$16.07,-0.08,-0.495%,257759088.00,United States,,78859,Consumer Discretionary,Movies/Entertainment
STSS,Sharps Technology Inc. Common Stock,$5.45,0.00,0.00%,5553975.00,United States,2022,42482,Health Care,Medical/Dental Instruments
STSSW,Sharps Technology Inc. Warrant,$0.0299,-0.0032,-9.668%,30470.00,United States,2022,10826,Finance,Finance: Consumer Services
STT,State Street Corporation Common Stock,$106.34,0.34,0.321%,30326212620.00,United States,,2182192,Finance,Major Banks
STT^G,State Street Corporation Depositary shares each representing a 1/4000th ownership interest in a share of Fixed-to-Floating Rate Non-Cumulative,$21.72,0.00,0.00%,,United States,,336394,,
STTK,Shattuck Labs Inc. Common Stock,$0.7918,-0.0619,-7.251%,37926618.00,United States,2020,552461,Health Care,Biotechnology: Pharmaceutical Preparations
STVN,Stevanato Group S.p.A. Ordinary Shares,$24.43,-0.21,-0.852%,7398443154.00,,2021,237074,Health Care,Medical/Dental Instruments
STWD,STARWOOD PROPERTY TRUST INC. Starwood Property Trust Inc.,$20.07,-0.33,-1.618%,6812859120.00,United States,2009,2285405,Real Estate,Real Estate Investment Trusts
STX,Seagate Technology Holdings PLC Ordinary Shares (Ireland),$144.33,2.89,2.043%,30629346435.00,Ireland,2002,3663374,Technology,Electronic Components
STXS,Stereotaxis Inc. Common Stock,$2.12,-0.17,-7.424%,182321800.00,United States,,264790,Health Care,Biotechnology: Electromedical & Electrotherapeutic Apparatus
STZ,Constellation Brands Inc. Common Stock,$162.68,1.35,0.837%,28960325323.00,United States,,2901837,Consumer Staples,Beverages (Production/Distribution)
SU,Suncor Energy  Inc. Common Stock,$37.45,-0.14,-0.372%,45972892159.00,Canada,,3224944,Energy,Integrated oil Companies
SUGP,SU Group Holdings Limited Ordinary Shares,$0.4788,-0.0212,-4.24%,6630183.00,Hong Kong,2024,61580,Consumer Discretionary,Diversified Commercial Services
SUI,Sun Communities Inc. Common Stock,$126.49,-0.15,-0.118%,16145393573.00,United States,1993,1060948,Real Estate,Real Estate Investment Trusts
SUN,Sunoco LP Common Units representing limited partner interests,$53.59,-0.72,-1.326%,8185495869.00,United States,2012,410235,Energy,Integrated oil Companies
SUNE,SUNation Energy Inc. Common Stock,$1.58,-0.05,-3.067%,5382450.00,United States,,106347,Utilities,Telecommunications Equipment
SUNS,Sunrise Realty Trust Inc. Common Stock,$10.60,-0.39,-3.549%,142267836.00,United States,,117159,Real Estate,Real Estate Investment Trusts
SUPN,Supernus Pharmaceuticals Inc. Common Stock,$31.52,0.36,1.155%,1764792917.00,United States,2012,534853,Health Care,Biotechnology: Pharmaceutical Preparations
SUPV,Grupo Supervielle S.A. American Depositary Shares each Representing five Class B shares,$10.59,-0.39,-3.552%,967337874.00,,2016,1111296,Finance,Commercial Banks
SUPX,Super X AI Technology Limited Ordinary Shares,$10.09,0.117,1.173%,198468827.00,Hong Kong,2024,23205,,
SURG,SurgePays Inc. Common Stock,$3.11,-0.07,-2.201%,63479917.00,United States,,165337,Consumer Discretionary,Advertising
SUUN,SolarBank Corporation Common Stock,$1.52,-0.07,-4.403%,53060335.00,Canada,,322154,Utilities,Power Generation
SUZ,Suzano S.A. American Depositary Shares (each representing One Ordinary Share),$9.41,0.11,1.183%,11895346757.00,Brazil,2018,1276626,Basic Materials,Paper
SVC,Service Properties Trust Common Stock,$2.39,-0.03,-1.24%,398260360.00,United States,,1788820,Real Estate,Real Estate Investment Trusts
SVCC,Stellar V Capital Corp. Class A Ordinary Shares,$10.22,0.00,0.00%,0.00,United States,2025,36,,
SVCCW,Stellar V Capital Corp. Warrant,$0.27,0.00,0.00%,0.00,United States,2025,15,Finance,Blank Checks
SVCO,Silvaco Group Inc. Common Stock,$4.72,-0.25,-5.03%,138699296.00,United States,2024,586169,Technology,Computer Software: Prepackaged Software
SVII,Spring Valley Acquisition Corp. II Class A Ordinary Shares,$11.75,0.02,0.171%,0.00,United States,2022,3051,Finance,Blank Checks
SVIIR,Spring Valley Acquisition Corp. II Rights,$0.14,0.0199,16.57%,0.00,United States,2022,150,,
SVIIW,Spring Valley Acquisition Corp. II Warrant,$0.14,-0.015,-9.677%,0.00,United States,2022,3544,Finance,Blank Checks
SVM,Silvercorp Metals Inc. Common Shares,$4.22,0.15,3.686%,919764614.00,Canada,,5908532,Basic Materials,Precious Metals
SVRA,Savara Inc. Common Stock,$2.28,0.07,3.167%,394068182.00,United States,,2766262,Health Care,Biotechnology: Pharmaceutical Preparations
SVRE,SaverOne 2014 Ltd. American Depositary Shares,$2.97,-0.22,-6.897%,1042161.00,Israel,2022,679269,Technology,EDP Services
SVREW,SaverOne 2014 Ltd. Warrant,$0.0302,-0.0098,-24.50%,38149486.00,Israel,2022,944,Technology,EDP Services
SVT,Servotronics Inc. Common Stock,$46.94,-0.05,-0.106%,120002204.00,United States,1970,55283,Consumer Discretionary,Industrial Machinery/Components
SVV,Savers Value Village Inc. Common Stock,$10.20,-0.07,-0.682%,1606005953.00,United States,2023,755821,Consumer Discretionary,Other Specialty Stores
SW,Smurfit WestRock plc Ordinary Shares,$43.15,0.09,0.209%,22525515579.00,,2024,3376999,Consumer Discretionary,Containers/Packaging
SWAG,Stran & Company Inc. Common Stock,$1.44,-0.01,-0.69%,26796108.00,United States,2021,34110,Consumer Discretionary,Advertising
SWAGW,Stran & Company Inc. Warrant,$0.0233,-0.0005,-2.101%,433576.00,United States,2021,33393,Consumer Discretionary,Advertising
SWBI,Smith & Wesson Brands Inc. Common Stock,$8.68,0.02,0.231%,384610279.00,United States,,990296,Industrials,Ordnance And Accessories
SWIM,Latham Group Inc. Common Stock,$6.38,-0.20,-3.04%,742425326.00,United States,2021,914823,Industrials,Plastic Products
SWIN,Solowin Holdings Class A Ordinary Share,$3.19,-0.01,-0.313%,50976200.00,Hong Kong,2023,214590,Finance,Investment Bankers/Brokers/Service
SWK,Stanley Black & Decker Inc. Common Stock,$67.75,0.10,0.148%,10481773840.00,United States,,2453261,Consumer Discretionary,Industrial Machinery/Components
SWKH,SWK Holdings Corporation Common Stock,$14.74,-0.49,-3.217%,180854110.00,United States,,15563,Finance,Diversified Financial Services
SWKHL,SWK Holdings Corporation 9.00% Senior Notes due 2027,$25.50,0.00,0.00%,312875157.00,United States,,838,,
SWKS,Skyworks Solutions Inc. Common Stock,$74.52,-0.28,-0.374%,11187623960.00,United States,,1852002,Technology,Semiconductors
SWTX,SpringWorks Therapeutics Inc. Common Stock,$46.99,0.01,0.021%,3539413485.00,United States,2019,4975661,Health Care,Biotechnology: Biological Products (No Diagnostic Substances)
SWVL,Swvl Holdings Corp Class A Common Shares,$4.225,0.045,1.077%,41821230.00,United Arab Emirates,,2193,Consumer Discretionary,Business Services
SWVLW,Swvl Holdings Corp Warrant,$0.0168,0.0016,10.526%,166295.00,United Arab Emirates,,442,Consumer Discretionary,Business Services
SWX,Southwest Gas Holdings Inc. Common Stock (DE),$74.39,0.24,0.324%,5349583744.00,United States,,564349,Utilities,Oil & Gas Production
SWZ,Total Return Securities Fund Common Stock,$6.34,0.04,0.635%,0.00,United States,,9676,Finance,Finance Companies
SXC,SunCoke Energy Inc. Common Stock,$8.59,0.41,5.012%,727152923.00,United States,2011,2744640,Industrials,Steel/Iron Ore
SXI,Standex International Corporation Common Stock,$156.48,-2.44,-1.535%,1888965220.00,United States,,130264,Industrials,Industrial Machinery/Components
SXT,Sensient Technologies Corporation Common Stock,$98.52,0.11,0.112%,4183065705.00,United States,,270817,Industrials,Major Chemicals
SXTC,China SXT Pharmaceuticals Inc. Ordinary Shares,$1.73,0.01,0.581%,878501.00,China,2019,32400,Health Care,Biotechnology: Pharmaceutical Preparations
SXTP,60 Degrees Pharmaceuticals Inc. Common Stock,$2.37,0.07,3.043%,3490752.00,United States,2023,44839,Health Care,Biotechnology: Pharmaceutical Preparations
SXTPW,60 Degrees Pharmaceuticals Inc. Warrant,$0.0564,0.00,0.00%,83071.00,United States,2023,14,Health Care,Biotechnology: Pharmaceutical Preparations
SY,So-Young International Inc. American Depository Shares,$3.10,0.73,30.802%,312160536.00,China,2019,5125617,Technology,EDP Services
SYBT,Stock Yards Bancorp Inc. Common Stock,$78.98,0.27,0.343%,2327454907.00,United States,,155166,Finance,Major Banks
SYBX,Synlogic Inc. Common Stock,$1.27,0.03,2.419%,14854058.00,United States,2015,4106,Health Care,Biotechnology: Pharmaceutical Preparations
SYF,Synchrony Financial Common Stock,$66.74,0.55,0.831%,25404628319.00,United States,2014,3572687,Finance,Finance: Consumer Services
SYF^A,Synchrony Financial Depositary Shares each Representing a 1/40th Interest in a Share of 5.625% Fixed Rate Non-Cumulative Perpetual Preferred Stock Series A,$18.40,-0.02,-0.109%,,United States,,256824,,
SYF^B,Synchrony Financial Depositary Shares Each Representing a 1/40th Interest in a Share of 8.250% Fixed Rate Reset Non-Cumulative Perpetual Preferred Stock Series B,$24.84,-0.35,-1.389%,,United States,,367135,,
SYK,Stryker Corporation Common Stock,$395.63,2.08,0.529%,151195885540.00,United States,,1151592,Health Care,Medical/Dental Instruments
SYM,Symbotic Inc. Class A Common Stock,$38.85,1.60,4.295%,22906369479.00,United States,2021,2466613,Industrials,Industrial Machinery/Components
SYNA,Synaptics Incorporated Common Stock $0.001 Par Value,$64.82,0.04,0.062%,2498516588.00,United States,2002,338086,Technology,Semiconductors
SYNX,Silynxcom Ltd. Ordinary Shares,$1.72,-0.02,-1.149%,9093609.00,,2024,53267,Consumer Staples,Consumer Electronics/Appliances
SYPR,Sypris Solutions Inc. Common Stock,$2.21,-0.09,-3.913%,50786825.00,United States,,16087,Industrials,Industrial Machinery/Components
SYRE,Spyre Therapeutics Inc. Common Stock,$14.97,-0.25,-1.643%,903492808.00,United States,2016,435393,Health Care,Biotechnology: Pharmaceutical Preparations
SYTA,Siyata Mobile Inc. Common Shares,$2.96,0.65,28.139%,2861426.00,Canada,2020,10534099,Telecommunications,Telecommunications Equipment
SYTAW,Siyata Mobile Inc. Warrant,$0.175,0.0502,40.224%,169172.00,Canada,2020,167071,Telecommunications,Telecommunications Equipment
SYY,Sysco Corporation Common Stock,$75.74,0.73,0.973%,36715092319.00,United States,,4262387,Consumer Discretionary,Food Distributors
SZZL,Sizzle Acquisition Corp. II Class A ordinary shares,$10.05,0.00,0.00%,0.00,United States,2025,65236,Finance,Blank Checks
SZZLR,Sizzle Acquisition Corp. II Right,$0.20,0.00,0.00%,0.00,United States,2025,2089,Finance,Blank Checks
SZZLU,Sizzle Acquisition Corp. II Unit,$10.28,-0.04,-0.388%,0.00,United States,2025,5882,Finance,Blank Checks
T,AT&T Inc.,$28.94,0.86,3.063%,208240727031.00,United States,,42548383,Telecommunications,Telecommunications Equipment
T^A,AT&T Inc. Depositary Shares each representing a 1/1000th interest in a share of 5.000% Perpetual Preferred Stock Series A,$20.15,0.16,0.80%,,United States,,428998,,
T^C,AT&T Inc. Depositary Shares each representing a 1/1000th interest in a share of 4.750% Perpetual Preferred Stock Series C,$19.10,0.15,0.792%,,United States,,460092,,
TAC,TransAlta Corporation Ordinary Shares,$10.79,0.10,0.935%,3198156000.00,Canada,,778957,Utilities,Electric Utilities: Central
TACH,Titan Acquisition Corp. Class A Ordinary Shares,$10.08,0.00,0.00%,0.00,United States,2025,65,,
TACHU,Titan Acquisition Corp. Units,$10.45,0.28,2.753%,0.00,United States,2025,784,Finance,Blank Checks
TACHW,Titan Acquisition Corp. Warrants,$0.37,0.03,8.824%,0.00,United States,2025,4115,,
TACO,Berto Acquisition Corp. Ordinary Shares,$10.42,0.03,0.289%,379728057.00,United States,2025,175834,Finance,Blank Checks
TACOU,Berto Acquisition Corp. Unit,$10.71,0.00,0.00%,0.00,United States,2025,46683,Finance,Blank Checks
TACOW,Berto Acquisition Corp. Warrant,$0.7955,0.1155,16.985%,0.00,United States,2025,36267,Finance,Blank Checks
TACT,TransAct Technologies Incorporated Common Stock,$3.66,0.09,2.521%,36895424.00,United States,1996,15643,Technology,Computer peripheral equipment
TAIT,Taitron Components Incorporated Class A Common Stock,$2.24,0.0672,3.093%,13487443.00,United States,1995,10661,Technology,Electronic Components
TAK,Takeda Pharmaceutical Company Limited American Depositary Shares (each representing 1/2 of a share of Common Stock),$15.46,0.36,2.384%,48657247054.00,Japan,2018,3119829,Health Care,Biotechnology: Pharmaceutical Preparations
TAL,TAL Education Group American Depositary Shares,$10.22,-0.47,-4.397%,6234421662.00,China,,6830818,Real Estate,Other Consumer Services
TALK,Talkspace Inc. Common Stock,$2.78,0.01,0.361%,465136056.00,United States,2020,1331523,Health Care,Medical/Nursing Services
TALKW,Talkspace Inc. Warrant,$0.0661,-0.0062,-8.575%,11059530.00,United States,2020,1125,Health Care,Medical/Nursing Services
TALO,Talos Energy Inc. Common Stock,$8.48,-0.21,-2.417%,1513299638.00,United States,2018,3020840,Energy,Oil & Gas Production
TANH,Tantech Holdings Ltd. Common Shares,$1.96,-0.04,-2.00%,2662344.00,China,2015,13399,Industrials,Major Chemicals
TAOP,Taoping Inc. Ordinary Shares ,$4.06,-0.34,-7.727%,3613400.00,Hong Kong,,7653,Technology,Computer Software: Prepackaged Software
TAP,Molson Coors Beverage Company Class B Common Stock,$48.09,0.65,1.37%,9252543892.00,Canada,,3795633,Consumer Staples,Beverages (Production/Distribution)
TARA,Protara Therapeutics Inc.  Common Stock,$3.03,0.15,5.208%,116903045.00,United States,2014,727000,Health Care,Biotechnology: Biological Products (No Diagnostic Substances)
TARS,Tarsus Pharmaceuticals Inc. Common Stock,$40.51,0.16,0.397%,1701996741.00,United States,2020,444832,Health Care,Biotechnology: Biological Products (No Diagnostic Substances)
TASK,TaskUs Inc. Class A Common Stock,$16.76,0.00,0.00%,1489469496.00,United States,2021,309969,Technology,EDP Services
TATT,TAT Technologies Ltd. Ordinary Shares,$30.54,0.35,1.159%,334118533.00,Israel,,219716,Industrials,Aerospace
TAVI,Tavia Acquisition Corp. Ordinary Shares,$10.25,0.01,0.098%,0.00,United States,2024,50047,Finance,Blank Checks
TAVIR,Tavia Acquisition Corp. Right,$0.165,0.005,3.125%,0.00,United States,2024,100,Finance,Blank Checks
TAYD,Taylor Devices Inc. Common Stock,$43.40,-2.28,-4.991%,136133995.00,United States,,42360,Industrials,Industrial Machinery/Components
TBB,AT&T Inc. 5.350% Global Notes due 2066,$22.20,-0.15,-0.671%,159742368352.00,United States,2017,340696,Telecommunications,Telecommunications Equipment
TBBB,BBB Foods Inc. Class A Common Shares,$27.76,0.30,1.092%,3185926507.00,Mexico,2024,1126468,Consumer Staples,Food Chains
TBBK,The Bancorp Inc Common Stock,$56.97,-0.14,-0.245%,2661054287.00,United States,2004,1096907,Finance,Major Banks
TBCH,Turtle Beach Corporation Common Stock,$13.83,-0.06,-0.432%,278624726.00,United States,,328844,Telecommunications,Telecommunications Equipment
TBH,Brag House Holdings Inc. Common Stock,$0.7615,-0.0783,-9.324%,8241401.00,United States,2025,183011,Consumer Discretionary,Services-Misc. Amusement & Recreation
TBI,TrueBlue Inc. Common Stock,$6.48,-0.18,-2.703%,193518876.00,United States,,142697,Consumer Discretionary,Professional Services
TBLA,Taboola.com Ltd. Ordinary Shares,$3.66,0.03,0.826%,1176341810.00,Israel,,2346630,Technology,Computer Software: Programming Data Processing
TBLAW,Taboola.com Ltd. Warrant,$0.24,0.0569,31.076%,77137168.00,Israel,,20085,Technology,Computer Software: Programming Data Processing
TBLD,Thornburg Income Builder Opportunities Trust Common Stock,$19.62,0.16,0.822%,629446544.00,United States,2021,75530,Finance,Investment Managers
TBMC,Trailblazer Merger Corporation I Class A Common Stock,$11.71,0.01,0.085%,0.00,United States,2023,778,Finance,Blank Checks
TBMCR,Trailblazer Merger Corporation I Rights,$0.3731,-0.0069,-1.816%,0.00,United States,2023,32523,Finance,Blank Checks
TBN,Tamboran Resources Corporation Common stock,$21.32,-0.63,-2.87%,309924022.00,,2024,47895,Energy,Oil & Gas Production
TBPH,Theravance Biopharma Inc. Ordinary Shares,$11.03,-0.19,-1.693%,551514692.00,Cayman Islands,,208255,Health Care,Biotechnology: Pharmaceutical Preparations
TBRG,TruBridge Inc. Common Stock,$23.42,0.22,0.948%,351847513.00,United States,2002,236577,Technology,EDP Services
TC,Token Cat Limited American Depositary Shares,$0.78,-0.0086,-1.091%,2473544.00,China,2018,44884,Consumer Discretionary,Business Services
TCBI,Texas Capital Bancshares Inc. Common Stock,$79.40,0.44,0.557%,3644728372.00,United States,2003,346405,Finance,Major Banks
TCBIO,Texas Capital Bancshares Inc. Depositary Shares 5.75% Fixed Rate Non-Cumulative Perpetual Preferred Stock Series B,$21.25,-0.04,-0.188%,975446825.00,United States,,309946,Finance,Major Banks
TCBK,TriCo Bancshares Common Stock,$40.49,-0.69,-1.676%,1330438438.00,United States,,101817,Finance,Major Banks
TCBS,Texas Community Bancshares Inc. Common Stock,$16.05,-0.09,-0.558%,48834565.00,United States,2021,1050,Finance,Banks
TCBX,Third Coast Bancshares Inc. Common Stock,$32.67,-0.56,-1.685%,451933552.00,United States,2021,114900,Finance,Banks
TCI,Transcontinental Realty Investors Inc. Common Stock,$42.61,-3.60,-7.791%,368121255.00,United States,,4172,Real Estate,Real Estate Investment Trusts
TCMD,Tactile Systems Technology Inc. Common Stock,$10.14,-0.20,-1.934%,235738299.00,United States,2016,158399,Health Care,Medical/Dental Instruments
TCOM,Trip.com Group Limited American Depositary Shares,$58.64,-0.03,-0.051%,38307794845.00,China,2003,1961256,Consumer Discretionary,Business Services
TCPC,BlackRock TCP Capital Corp. Common Stock,$7.70,0.06,0.785%,654791037.00,United States,2012,698152,Finance,Finance/Investors Services
TCRT,Alaunos Therapeutics Inc. Common Stock,$4.85,-0.28,-5.458%,7951677.00,United States,,56249,Health Care,Biotechnology: Pharmaceutical Preparations
TCRX,TScan Therapeutics Inc. Common Stock,$1.45,0.05,3.571%,82056409.00,United States,2021,433857,Health Care,Biotechnology: Biological Products (No Diagnostic Substances)
TCX,Tucows Inc. Class A Common Stock,$19.71,0.23,1.181%,217935678.00,Canada,,16087,Technology,EDP Services
TD,Toronto Dominion Bank (The) Common Stock,$73.45,0.86,1.185%,126516009100.00,Canada,,1525014,Finance,Commercial Banks
TDAC,Translational Development Acquisition Corp. Ordinary Shares,$10.27,0.00,0.00%,0.00,United States,2025,109,,
TDACW,Translational Development Acquisition Corp. Warrants,$0.2503,-0.0001,-0.04%,0.00,United States,2025,92,,
TDC,Teradata Corporation Common Stock,$22.31,0.39,1.779%,2132836000.00,United States,,1099467,Technology,Computer Software: Prepackaged Software
TDF,Templeton Dragon Fund Inc. Common Stock,$9.99,-0.05,-0.498%,0.00,United States,,30876,Finance,Finance/Investors Services
TDG,Transdigm Group Incorporated Common Stock,$1520.64,21.47,1.432%,85409916134.00,United States,2006,289655,Industrials,Military/Government/Technical
TDOC,Teladoc Health Inc. Common Stock,$8.71,0.30,3.567%,1528036873.00,United States,2015,7893074,Health Care,Medical/Nursing Services
TDS,Telephone and Data Systems Inc. Common Shares,$35.58,1.27,3.702%,4056120000.00,United States,,1760766,Telecommunications,Telecommunications Equipment
TDS^U,Telephone and Data Systems Inc. Depositary Shares Each Representing a 1/1000th Interest in a 6.625% Series UU Cumulative Redeemable Perpetual Preferred Stock,$19.29,-0.04,-0.207%,,United States,,157998,,
TDS^V,Telephone and Data Systems Inc. Depositary Shares Each Representing a 1/1000th Interest in a 6.000% Series VV Cumulative Redeemable Perpetual Preferred Stock,$17.70,-0.05,-0.282%,,United States,,232790,,
TDTH,Trident Digital Tech Holdings Ltd American Depository Shares,$0.2421,0.0271,12.605%,18622462.00,Singapore,2024,4971363,Consumer Discretionary,Business Services
TDUP,ThredUp Inc. Class A Common Stock,$7.49,0.04,0.537%,885671595.00,United States,2021,3065277,Consumer Discretionary,Catalog/Specialty Distribution
TDW,Tidewater Inc. Common Stock,$46.13,-0.68,-1.453%,2282341765.00,United States,2017,821116,Consumer Discretionary,Marine Transportation
TDY,Teledyne Technologies Incorporated Common Stock,$512.31,2.62,0.514%,24006511549.00,United States,,425990,Industrials,Industrial Machinery/Components
TE,T1 Energy Inc. Common Stock,$1.23,-0.02,-1.60%,191803853.00,Luxembourg,2021,2504991,Miscellaneous,Industrial Machinery/Components
TEAD,Teads Holding Co. Common Stock,$2.48,0.02,0.813%,233864228.00,United States,2021,340800,Technology,Computer Software: Programming Data Processing
TEAF,Tortoise Sustainable and Social Impact Term Fund Common shares of beneficial interest,$12.245,0.165,1.366%,165198850.00,,2019,101015,Finance,Trusts Except Educational Religious and Charitable
TEAM,Atlassian Corporation Class A Common Stock,$203.09,0.77,0.381%,53312310436.00,Australia,2015,1626448,Technology,Computer Software: Prepackaged Software
TECH,Bio-Techne Corp Common Stock,$51.45,-0.39,-0.752%,8065677328.00,United States,,1917504,Health Care,Biotechnology: Biological Products (No Diagnostic Substances)
TECK,Teck Resources Ltd Ordinary Shares,$40.38,-0.15,-0.37%,20109240000.00,Canada,,3000887,Industrials,Mining & Quarrying of Nonmetallic Minerals (No Fuels)
TECTP,Tectonic Financial Inc. 9.00% Fixed-to-Floating Rate Series B Non-Cumulative Perpetual Preferred Stock,$10.60,0.00,0.00%,71831971.00,United States,2019,4,Finance,Major Banks
TECX,Tectonic Therapeutic Inc. Common Stock,$19.87,0.07,0.354%,371022754.00,United States,2018,112075,Health Care,Biotechnology: Biological Products (No Diagnostic Substances)
TEF,Telefonica SA Common Stock,$5.23,0.04,0.771%,29654944927.00,Spain,1988,445374,Telecommunications,Telecommunications Equipment
TEI,Templeton Emerging Markets Income Fund Inc. Common Stock,$6.00,0.06,1.01%,0.00,United States,1993,381963,Finance,Finance Companies
TEL,TE Connectivity plc Ordinary Shares,$168.67,1.80,1.079%,50018500348.00,Ireland,,2182697,Technology,Electronic Components
TELA,TELA Bio Inc. Common Stock,$1.94,-0.03,-1.523%,76736679.00,United States,2019,97891,Health Care,Medical/Dental Instruments
TELO,Telomir Pharmaceuticals Inc. Common Stock,$1.25,-0.28,-18.301%,37203339.00,United States,2024,378553,Health Care,Biotechnology: Pharmaceutical Preparations
TEM,Tempus AI Inc. Class A Common Stock,$63.54,-2.98,-4.48%,10999806207.00,United States,2024,12228362,Technology,Computer Software: Programming Data Processing
TEN,Tsakos Energy Navigation Ltd Common Shares,$19.19,-0.58,-2.934%,578148702.00,Greece,,309245,Consumer Discretionary,Marine Transportation
TEN^E,Tsakos Energy Navigation Ltd Series E Fixed-to-Floating Rate Cumulative Redeemable Perpetual Preferred Shares par value $1.00,$26.21,0.44,1.707%,,Greece,,18420,,
TEN^F,Tsakos Energy Navigation Ltd Series F Fixed-to-Floating Rate Cumulative Redeemable Perpetual Preferred Shares par value $1.00,$26.4868,0.042,0.159%,,Greece,,7377,,
TENB,Tenable Holdings Inc. Common Stock,$33.78,0.98,2.988%,4126925266.00,United States,2018,1395960,Technology,Computer Software: Prepackaged Software
TENX,Tenax Therapeutics Inc. Common Stock,$5.76,-0.09,-1.538%,23895331.00,United States,,8968,Health Care,Biotechnology: Pharmaceutical Preparations
TEO,Telecom Argentina SA,$8.83,-0.10,-1.12%,3803413026.00,Argentina,,168252,Telecommunications,Telecommunications Equipment
TER,Teradyne Inc. Common Stock,$89.92,-0.43,-0.476%,14424992207.00,United States,,1932468,Industrials,Electrical Products
TERN,Terns Pharmaceuticals Inc. Common Stock,$3.73,-0.10,-2.611%,325769998.00,United States,2021,574763,Health Care,Biotechnology: Pharmaceutical Preparations
TEVA,Teva Pharmaceutical Industries Limited American Depositary Shares,$16.76,0.00,0.00%,19223047170.00,Israel,,7557286,Health Care,Biotechnology: Pharmaceutical Preparations
TEX,Terex Corporation Common Stock,$46.69,-0.84,-1.767%,3062864000.00,United States,,780013,Industrials,Construction/Ag Equipment/Trucks
TFC,Truist Financial Corporation Common Stock,$42.99,0.38,0.892%,56297079933.00,United States,,7689071,Finance,Major Banks
TFC^I,Truist Financial Corporation Depositary Shares,$20.20,-0.05,-0.247%,,United States,,233746,,
TFC^O,Truist Financial Corporation Depositary Shares Each Representing a 1/1000th Interest in a Share of Series O Non-Cumulative Perpetual Preferred Stock,$20.97,0.04,0.191%,,United States,,103475,,
TFC^R,Truist Financial Corporation Depositary Shares each representing 1/1000th interest in a share of Series R Non-Cumulative Perpetual Preferred Stock,$18.96,0.11,0.584%,,United States,,296560,,
TFII,TFI International Inc. Common Shares,$89.67,-0.62,-0.687%,7529747450.00,Canada,,724985,Industrials,Trucking Freight/Courier Services
TFIN,Triumph Financial Inc. Common Stock,$55.11,-1.29,-2.287%,1290661871.00,United States,2014,300453,Finance,Major Banks
TFINP,Triumph Financial Inc. Depositary Shares Each Representing a 1/40th Interest in a Share of 7.125% Series C Fixed-Rate Non-Cumulative Perpetual Preferred Stock,$21.60,0.0102,0.047%,505866384.00,United States,,2855,Finance,Major Banks
TFPM,Triple Flag Precious Metals Corp. Common Shares,$23.69,0.61,2.643%,4757561378.00,Canada,2022,407567,Industrials,Precious Metals
TFSA,Terra Income Fund 6 LLC 7.00% Notes due 2026,$23.28,0.00,0.00%,196457336.00,,2021,2,,
TFSL,TFS Financial Corporation Common Stock,$12.95,0.02,0.155%,3636838477.00,United States,2007,301478,Finance,Savings Institutions
TFX,Teleflex Incorporated Common Stock,$118.36,-1.11,-0.929%,5230208265.00,United States,,1027225,Health Care,Medical/Dental Instruments
TG,Tredegar Corporation Common Stock,$8.80,-0.17,-1.895%,307311162.00,United States,,85350,Industrials,Metal Fabrications
TGB,Taseko Mines Ltd. Common Stock,$3.15,0.10,3.279%,995007346.00,Canada,,7558660,Basic Materials,Precious Metals
TGE,The Generation Essentials Group Class A Ordinary Shares,$7.91,-0.31,-3.771%,335834427.00,,2025,61071,Consumer Discretionary,Newspapers/Magazines
TGEN,Tecogen Inc. Common Stock,$6.80,-0.35,-4.895%,171763016.00,,2025,324031,Industrials,Industrial Machinery/Components
TGI,Triumph Group Inc. Common Stock,$25.75,-0.04,-0.155%,2001162975.00,United States,1996,555251,Industrials,Aerospace
TGL,Treasure Global Inc. Common Stock,$1.10,0.05,4.762%,2920876.00,United States,2022,164671,Consumer Discretionary,Business Services
TGLS,Tecnoglass Inc. Ordinary Shares,$77.36,-0.54,-0.693%,3635032526.00,Colombia,2022,398061,Consumer Discretionary,Electronic Components
TGNA,TEGNA Inc,$16.76,0.02,0.119%,2693741095.00,United States,,1135128,Industrials,Broadcasting
TGS,Transportadora de Gas del Sur SA TGS Common Stock,$25.90,-0.4421,-1.678%,3899302291.00,Argentina,,423940,Utilities,Natural Gas Distribution
TGT,Target Corporation Common Stock,$98.65,-0.58,-0.585%,44823196134.00,United States,,4932055,Consumer Discretionary,Department/Specialty Retail Stores
TGTX,TG Therapeutics Inc. Common Stock,$35.99,-0.73,-1.988%,5713593746.00,United States,,1545373,Health Care,Biotechnology: Pharmaceutical Preparations
TH,Target Hospitality Corp. Common Stock,$7.12,-0.05,-0.697%,707476778.00,United States,2018,264530,Consumer Discretionary,Hotels/Resorts
THAR,Tharimmune Inc. Common Stock,$1.9402,0.1377,7.639%,5162343.00,United States,2022,68397,Health Care,Biotechnology: Pharmaceutical Preparations
THC,Tenet Healthcare Corporation Common Stock,$176.00,2.37,1.365%,16347760000.00,United States,,1727897,Health Care,Hospital/Nursing Management
THCH,TH International Limited Ordinary shares,$2.965,0.055,1.89%,98567221.00,China,,18204,Consumer Discretionary,Restaurants
THFF,First Financial Corporation Common Stock,$54.19,-0.02,-0.037%,642186453.00,United States,,67812,Finance,Major Banks
THG,Hanover Insurance Group Inc,$169.87,2.37,1.415%,6101098993.00,United States,,269260,Finance,Property-Casualty Insurers
THM,International Tower Hill Mines Ltd. Ordinary Shares (Canada),$0.8555,0.0055,0.647%,177846022.00,Canada,,127657,Basic Materials,Metal Mining
THO,Thor Industries Inc. Common Stock,$88.81,-0.91,-1.014%,4725008874.00,United States,,627630,Industrials,Homebuilding
THQ,abrdn Healthcare Opportunities Fund Shares of Beneficial Interest,$18.39,0.20,1.10%,0.00,United States,2014,196095,Finance,Finance Companies
THR,Thermon Group Holdings Inc. Common Stock,$28.08,-0.13,-0.461%,929131398.00,United States,2011,132664,Energy,Industrial Machinery/Components
THRD,Third Harmonic Bio Inc. Common Stock,$5.43,0.00,0.00%,245043938.00,United States,2022,206085,Health Care,Biotechnology: Pharmaceutical Preparations
THRM,Gentherm Inc Common Stock,$28.29,-0.33,-1.153%,873023318.00,United States,,292631,Consumer Discretionary,Auto Parts:O.E.M.
THRY,Thryv Holdings Inc. Common Stock,$12.16,0.23,1.928%,531856816.00,United States,,882383,Consumer Discretionary,Advertising
THS,Treehouse Foods Inc. Common Stock,$19.42,-0.07,-0.359%,980710000.00,United States,,564858,Consumer Staples,Packaged Foods
THTX,Theratechnologies Inc. Common Shares,$2.36,0.01,0.426%,108512845.00,Canada,,67063,Health Care,Biotechnology: Pharmaceutical Preparations
THW,abrdn World Healthcare Fund Shares of Beneficial Interest,$10.26,-0.01,-0.097%,0.00,United States,2015,243585,Finance,Finance Companies
TIC,Acuren Corporation Common Stock,$11.04,0.58,5.545%,1341097414.00,,2025,2052343,Consumer Discretionary,Business Services
TIGO,Millicom International Cellular S.A. Common Stock,$37.47,1.13,3.11%,6448448548.00,Luxembourg,,1038628,Telecommunications,Telecommunications Equipment
TIGR,UP Fintech Holding Ltd American Depositary Share representing fifteen Class A Ordinary Shares,$9.65,0.23,2.442%,1803545416.00,China,2019,5098459,Finance,Investment Bankers/Brokers/Service
TIL,Instil Bio Inc. Common Stock,$20.83,-2.14,-9.316%,136643279.00,United States,2021,262342,Health Care,Biotechnology: Biological Products (No Diagnostic Substances)
TILE,Interface Inc. Common Stock,$20.93,-0.15,-0.712%,1226721072.00,United States,,270923,Consumer Discretionary,Home Furnishings
TIMB,TIM S.A. American Depositary Shares (Each representing 5 Common Shares) ,$20.11,0.66,3.393%,9736475297.00,Brazil,2020,542067,Telecommunications,Telecommunications Equipment
TIPT,Tiptree Inc. Common Stock,$23.58,-1.14,-4.612%,884178718.00,United States,,366282,Finance,Property-Casualty Insurers
TIRX,TIAN RUIXIANG Holdings Ltd Class A Ordinary Shares,$1.18,-0.05,-4.065%,12002867.00,China,2021,447732,Finance,Specialty Insurers
TISI,Team Inc. Common Stock,$18.20,0.19,1.055%,81779716.00,United States,,18608,Consumer Discretionary,Other Consumer Services
TITN,Titan Machinery Inc. Common Stock,$19.81,0.08,0.405%,457305312.00,United States,2007,125676,Consumer Discretionary,Other Specialty Stores
TIVC,Tivic Health Systems Inc. Common Stock,$4.15,0.345,9.067%,3645115.00,United States,2021,37441,Health Care,Biotechnology: Electromedical & Electrotherapeutic Apparatus
TIXT,TELUS International (Cda) Inc. Subordinate Voting Shares,$3.63,0.03,0.833%,996327276.00,,2021,231807,Technology,EDP Services
TJX,TJX Companies Inc. (The) Common Stock,$123.49,0.11,0.089%,137767373408.00,United States,,6202976,Consumer Discretionary,Clothing/Shoe/Accessory Stores
TK,Teekay Corporation Ltd. Common Stock,$8.25,-0.19,-2.251%,689201189.00,Bermuda,,1093232,Consumer Discretionary,Marine Transportation
TKC,Turkcell Iletisim Hizmetleri AS Common Stock,$6.05,0.38,6.702%,5324000000.00,Turkey,,984046,Telecommunications,Telecommunications Equipment
TKLF,Tokyo Lifestyle Co. Ltd. American Depositary Shares,$3.73,0.01,0.269%,15748138.00,Japan,2022,3711,Consumer Discretionary,Other Specialty Stores
TKNO,Alpha Teknova Inc. Common Stock,$4.91,-0.20,-3.914%,262394377.00,United States,2021,390458,Health Care,Biotechnology: In Vitro & In Vivo Diagnostic Substances
TKO,TKO Group Holdings Inc. Class A Common Stock,$181.95,2.60,1.45%,36009011256.00,United States,2023,1048012,Consumer Discretionary,Services-Misc. Amusement & Recreation
TKR,Timken Company (The) Common Stock,$72.55,-0.66,-0.902%,5075818697.00,United States,,578001,Industrials,Metal Fabrications
TLF,Tandy Leather Factory Inc. Common Stock,$3.09,0.01,0.325%,26303792.00,United States,,10420,Consumer Discretionary,Apparel
TLK,PT Telekomunikasi Indonesia Tbk,$16.94,0.46,2.791%,16781139492.00,Indonesia,,615009,Telecommunications,Telecommunications Equipment
TLN,Talen Energy Corporation Common Stock,$290.77,-7.11,-2.387%,13232878731.00,United States,,813784,Utilities,Electric Utilities: Central
TLPH,Talphera Inc. Common Stock,$0.4602,-0.0078,-1.667%,9435694.00,United States,2011,46244,Health Care,Biotechnology: Pharmaceutical Preparations
TLRY,Tilray Brands Inc. Common Stock ,$0.4144,0.0137,3.419%,418204605.00,United States,2018,17708434,Health Care, Medicinal Chemicals and Botanical Products 
TLS,Telos Corporation Common Stock,$3.17,0.13,4.276%,232946562.00,United States,2020,2270326,Technology,EDP Services
TLSA,Tiziana Life Sciences Ltd. Common Shares,$1.58,-0.02,-1.25%,176110935.00,United Kingdom,2018,376487,Health Care,Biotechnology: Pharmaceutical Preparations
TLSI,TriSalus Life Sciences Inc. Common Stock,$5.45,0.13,2.444%,206222343.00,United States,2021,141596,Health Care,Medical Specialities
TLX,Telix Pharmaceuticals Limited American Depositary Shares,$16.07,0.07,0.438%,5379022474.00,Australia,,41647,Health Care,Biotechnology: Pharmaceutical Preparations
TLYS,Tilly's Inc. Common Stock,$1.38,0.13,10.40%,41609632.00,United States,2012,629183,Consumer Discretionary,Clothing/Shoe/Accessory Stores
TM,Toyota Motor Corporation Common Stock,$172.26,-3.48,-1.98%,224780864218.00,Japan,,521768,Consumer Discretionary,Auto Manufacturing
TMC,TMC the metals company Inc. Common Stock,$6.60,-0.21,-3.084%,2390427613.00,Canada,,8902497,Basic Materials,Metal Mining
TMCI,Treace Medical Concepts Inc. Common Stock,$5.88,0.13,2.261%,369881118.00,United States,2021,374759,Health Care,Medical/Dental Instruments
TMCWW,TMC the metals company Inc. Warrants,$1.47,-0.08,-5.161%,532413423.00,Canada,,3024024,Basic Materials,Metal Mining
TMDE,TMD Energy Limited Ordinary Shares,$1.20,-0.05,-4.00%,28278000.00,,2025,181111,Energy,Oil Refining/Marketing
TMDX,TransMedics Group Inc. Common Stock,$134.01,2.56,1.948%,4534065930.00,United States,2019,574846,Health Care,Biotechnology: Electromedical & Electrotherapeutic Apparatus
TME,Tencent Music Entertainment Group American Depositary Shares each representing two Class A Ordinary Shares,$19.49,0.39,2.042%,30188148783.00,United States,2018,7048079,Consumer Discretionary,Broadcasting
TMHC,Taylor Morrison Home Corporation Common Stock,$61.42,0.14,0.228%,6164582967.00,United States,2013,1550598,Consumer Discretionary,Homebuilding
TMO,Thermo Fisher Scientific Inc Common Stock,$405.46,-2.82,-0.691%,153058681560.00,United States,,3919130,Industrials,Industrial Machinery/Components
TMP,Tompkins Financial Corporation Common Stock,$62.73,-0.92,-1.445%,905473299.00,United States,1997,53045,Finance,Major Banks
TMQ,Trilogy Metals Inc. Common Stock,$1.35,-0.09,-6.25%,221692154.00,Canada,,495240,Basic Materials,Precious Metals
TMUS,T-Mobile US Inc. Common Stock,$238.26,3.01,1.279%,270531151432.00,United States,,5118369,Telecommunications,Telecommunications Equipment
TNC,Tennant Company Common Stock,$77.48,-0.22,-0.283%,1445273645.00,United States,,145724,Industrials,Industrial Machinery/Components
TNDM,Tandem Diabetes Care Inc. Common Stock,$18.64,-0.30,-1.584%,1241558320.00,United States,2013,1242901,Health Care,Medical/Dental Instruments
TNET,TriNet Group Inc. Common Stock,$73.14,0.47,0.647%,3539914928.00,United States,2014,370783,Consumer Discretionary,Business Services
TNFA,TNF Pharmaceuticals Inc. Common Stock,$0.1228,-0.0072,-5.538%,1741806.00,United States,2014,2872361,Health Care,Biotechnology: In Vitro & In Vivo Diagnostic Substances
TNGX,Tango Therapeutics Inc.,$5.12,0.11,2.196%,554978253.00,United States,2020,2307529,Health Care,Biotechnology: Pharmaceutical Preparations
TNK,Teekay Tankers Ltd.,$41.72,-0.59,-1.394%,1434424633.00,Bermuda,2007,1132408,Consumer Discretionary,Marine Transportation
TNL,Travel   Leisure Co. Common  Stock,$51.61,-0.28,-0.54%,3427708858.00,United States,,600310,Consumer Discretionary,Hotels/Resorts
TNMG,TNL Mediagene Ordinary Shares,$0.49,-0.02,-3.922%,13859716.00,Taiwan,,315699,,
TNON,Tenon Medical Inc. Common Stock,$0.9774,0.0274,2.884%,7418437.00,United States,2022,142766,Health Care,Medical/Dental Instruments
TNONW,Tenon Medical Inc. Warrant,$0.0184,0.0025,15.723%,139655.00,United States,,6588,Health Care,Medical/Dental Instruments
TNXP,Tonix Pharmaceuticals Holding Corp. Common Stock,$35.98,1.09,3.124%,263541627.00,United States,,713266,Health Care,Biotechnology: Pharmaceutical Preparations
TNYA,Tenaya Therapeutics Inc. Common Stock,$0.6112,0.0016,0.262%,99422028.00,United States,2021,1568412,Health Care,Biotechnology: Biological Products (No Diagnostic Substances)
TOI,The Oncology Institute Inc. Common Stock,$2.05,-0.14,-6.393%,182929930.00,United States,2020,1273505,Health Care,Medical/Nursing Services
TOIIW,The Oncology Institute Inc. Warrant,$0.0513,0.0007,1.383%,4577710.00,United States,2020,12942,Health Care,Medical/Nursing Services
TOL,Toll Brothers Inc. Common Stock,$114.13,-0.17,-0.149%,11205397530.00,United States,,962640,Consumer Discretionary,Homebuilding
TOMZ,TOMI Environmental Solutions Inc. Common Stock,$1.0652,0.0152,1.448%,21320196.00,United States,,4521,Industrials,Major Chemicals
TOON,Kartoon Studios Inc. Common Stock,$0.7428,0.0028,0.378%,35501175.00,United States,,92886,Consumer Discretionary,Movies/Entertainment
TOP,TOP Financial Group Limited Class A Ordinary Shares,$1.225,-0.015,-1.21%,45358248.00,Hong Kong,2022,51134,Finance,Investment Bankers/Brokers/Service
TOPP,Toppoint Holdings Inc. Common Stock,$1.60,-0.03,-1.84%,28000000.00,,2025,9297,Industrials,Trucking Freight/Courier Services
TOPS,TOP Ships Inc. Common Stock,$5.26,-0.0801,-1.50%,24333796.00,Greece,,38702,Consumer Discretionary,Marine Transportation
TORO,Toro Corp. Common Stock,$2.18,0.08,3.81%,41624600.00,Cyprus,,49388,Consumer Discretionary,Marine Transportation
TOST,Toast Inc. Class A Common Stock,$44.29,0.40,0.911%,25643910000.00,United States,2021,6057195,Technology,EDP Services
TOUR,Tuniu Corporation American Depositary Shares,$0.842,0.0149,1.801%,97694216.00,China,2014,160192,Consumer Discretionary,Transportation Services
TOVX,Theriva Biologics Inc. Common Stock,$0.4338,0.0038,0.884%,3551516.00,United States,,85058,Health Care,Biotechnology: Pharmaceutical Preparations
TOWN,TowneBank Common Stock,$34.18,-0.17,-0.495%,2550420339.00,United States,,269146,Finance,Major Banks
TOYO,TOYO Co. Ltd Ordinary Shares,$3.70,0.00,0.00%,172404249.00,Japan,,6025,Consumer Discretionary,Miscellaneous manufacturing industries
TPB,Turning Point Brands Inc. Common Stock,$75.77,-0.39,-0.512%,1356355360.00,United States,2016,186426,Consumer Discretionary,Tobacco
TPC,Tutor Perini Corporation Common Stock,$46.78,-0.07,-0.149%,2465424728.00,United States,1970,834114,Consumer Discretionary,General Bldg Contractors - Nonresidential Bldgs
TPCS,TechPrecision Corporation Common stock,$3.74,0.35,10.324%,36471826.00,United States,,46672,Industrials,Metal Fabrications
TPET,Trio Petroleum Corp. Common Stock,$1.24,0.01,0.813%,9327899.00,,2023,228665,Energy,Oil & Gas Production
TPG,TPG Inc. Class A Common Stock,$52.45,-0.64,-1.206%,19383792454.00,United States,2022,1522755,Finance,Investment Managers
TPGXL,TPG Operating Group II L.P. 6.950% Fixed-Rate Junior Subordinated Notes due 2064,$25.23,-0.12,-0.473%,9204554303.00,United States,,71864,,
TPH,Tri Pointe Homes Inc. Common Stock,$31.95,-0.01,-0.031%,2896909024.00,United States,2013,1252266,Consumer Discretionary,Homebuilding
TPIC,TPI Composites Inc. Common Stock,$0.8593,-0.0369,-4.117%,41804957.00,United States,2016,576140,Industrials,Industrial Machinery/Components
TPL,Texas Pacific Land Corporation Common Stock,$1056.39,0.95,0.09%,24283581313.00,United States,,142651,Energy,Oil & Gas Production
TPR,Tapestry Inc. Common Stock,$87.81,0.70,0.804%,18237271808.00,United States,,2724071,Consumer Discretionary,Apparel
TPST,Tempest Therapeutics Inc. Common Stock,$6.80,-0.10,-1.449%,25040510.00,United States,,60063,Health Care,Biotechnology: Pharmaceutical Preparations
TPTA,Terra Property Trust Inc. 6.00% Notes due 2026,$18.8001,0.00,0.00%,457569806.00,,2021,280,Real Estate,Real Estate Investment Trusts
TPVG,TriplePoint Venture Growth BDC Corp. Common Stock,$7.01,0.04,0.574%,282032131.00,United States,2014,377599,Consumer Discretionary,Other Consumer Services
TR,Tootsie Roll Industries Inc. Common Stock,$33.45,0.03,0.09%,2441402774.00,United States,,279007,Consumer Staples,Specialty Foods
TRAK,ReposiTrak Inc. Common Stock,$19.65,-0.34,-1.701%,359130867.00,United States,,301474,Technology,EDP Services
TRAW,Traws Pharma Inc. Common Stock,$1.48,0.05,3.497%,8235186.00,United States,2013,64538,Health Care,Biotechnology: Pharmaceutical Preparations
TRC,Tejon Ranch Co Common Stock,$16.96,-0.14,-0.819%,455904711.00,United States,2000,94786,Finance,Real Estate
TRDA,Entrada Therapeutics Inc. Common Stock,$6.72,-0.19,-2.75%,255046962.00,United States,2021,160972,Health Care,Biotechnology: Pharmaceutical Preparations
TREE,LendingTree Inc. Common Stock,$37.07,0.12,0.325%,501749234.00,United States,,269808,Finance,Finance: Consumer Services
TREX,Trex Company Inc. Common Stock,$54.38,-0.50,-0.911%,5831006870.00,United States,,1266125,Basic Materials,Forest Products
TRGP,Targa Resources Inc. Common Stock,$174.08,-0.30,-0.172%,37763498015.00,United States,2010,2119708,Utilities,Natural Gas Distribution
TRI,Thomson Reuters Corporation Common Shares,$201.13,3.20,1.617%,90604726224.00,United States,,415626,Consumer Discretionary,Publishing
TRIB,Trinity Biotech plc American Depositary Shares,$0.65,-0.002,-0.307%,12110812.00,Ireland,1992,257220,Health Care,Biotechnology: In Vitro & In Vivo Diagnostic Substances
TRIN,Trinity Capital Inc. Common Stock,$14.07,0.24,1.735%,909636770.00,United States,2021,1006638,Finance,Finance: Consumer Services
TRINI,Trinity Capital Inc. 7.875% Notes Due 2029,$25.21,-0.12,-0.474%,1629846693.00,United States,,93876,Finance,Finance: Consumer Services
TRINZ,Trinity Capital Inc. 7.875% Notes due 2029,$25.12,-0.07,-0.278%,1624028121.00,United States,,50099,Finance,Finance: Consumer Services
TRIP,TripAdvisor Inc. Common Stock,$13.05,-0.01,-0.077%,1541101957.00,United States,,4470914,Technology,Computer Software: Programming Data Processing
TRMB,Trimble Inc. Common Stock,$75.98,0.33,0.436%,18127834106.00,United States,1990,1543133,Industrials,Industrial Machinery/Components
TRMD,TORM plc Class A Common Stock,$16.66,-0.42,-2.459%,1629582090.00,United Kingdom,,1347478,Consumer Discretionary,Marine Transportation
TRMK,Trustmark Corporation Common Stock,$36.46,-0.32,-0.87%,2205012640.00,United States,,398762,Finance,Major Banks
TRML,Tourmaline Bio Inc. Common Stock,$15.99,-0.55,-3.325%,410758779.00,United States,2021,137832,Health Care,Biotechnology: Biological Products (No Diagnostic Substances)
TRN,Trinity Industries Inc. Common Stock,$27.01,0.03,0.111%,2204366131.00,United States,,692974,Industrials,Railroads
TRNO,Terreno Realty Corporation Common Stock,$56.07,-0.05,-0.089%,5793378755.00,United States,2010,1076004,Finance,Real Estate
TRNR,Interactive Strength Inc. Common Stock,$5.84,0.79,15.644%,6113569.00,United States,2023,230949,Technology,Consumer Electronics/Appliances
TRNS,Transcat Inc. Common Stock,$85.96,1.14,1.344%,800947945.00,United States,,118855,Industrials,Electrical Products
TROO,TROOPS Inc. Ordinary Shares ,$0.7086,0.0322,4.76%,79724704.00,China,,11649,Finance,Diversified Financial Services
TROW,T. Rowe Price Group Inc. Common Stock,$96.50,0.40,0.416%,21260502492.00,United States,1986,1822034,Finance,Investment Bankers/Brokers/Service
TROX,Tronox Holdings plc Ordinary Shares (UK),$5.07,-0.57,-10.106%,803404875.00,United States,,7012756,Industrials,Major Chemicals
TRP,TC Energy Corporation Common Stock,$48.79,-0.09,-0.184%,50708438120.00,Canada,,2860914,Utilities,Natural Gas Distribution
TRS,TriMas Corporation Common Stock,$28.61,0.23,0.81%,1163044794.00,United States,2007,364732,Industrials,Industrial Specialties
TRSG,Tungray Technologies Inc Class A Ordinary Shares,$1.6299,0.00,0.00%,26654545.00,Singapore,2024,12436,Industrials,Industrial Machinery/Components
TRST,TrustCo Bank Corp NY Common Stock,$33.42,0.07,0.21%,635640012.00,United States,,135264,Finance,Major Banks
TRT,Trio-Tech International Common Stock,$5.42,-0.07,-1.275%,23375403.00,United States,1998,5846,Technology,Industrial Machinery/Components
TRTN^A,Triton International Limited 8.50% Series A Cumulative Redeemable Perpetual  Preference Shares,$25.3712,0.1512,0.60%,,United States,,10594,,
TRTN^B,Triton International Limited 8.00% Series B Cumulative Redeemable Perpetual Preference Shares,$24.39,-0.29,-1.175%,,United States,,65810,,
TRTN^C,Triton International Limited 7.375% Series C Cumulative Redeemable Perpetual Preference Shares,$24.00,0.25,1.053%,,United States,,9728,,
TRTN^D,Triton International Limited 6.875% Series D Cumulative Redeemable Perpetual Preference Shares,$22.24,0.00,0.00%,,United States,,31683,,
TRTN^E,Triton International Limited 5.75% Series E Cumulative Redeemable Perpetual Preference Shares,$18.95,0.25,1.337%,,United States,,7281,,
TRTN^F,Triton International Limited 7.625% Series F Cumulative Redeemable Perpetual Preference Shares,$23.85,-0.61,-2.494%,,United States,,42433,,
TRTX,TPG RE Finance Trust Inc. Common Stock,$7.72,0.04,0.521%,616498927.00,United States,2017,998057,Real Estate,Real Estate Investment Trusts
TRTX^C,TPG RE Finance Trust Inc. 6.25% Series C Cumulative Redeemable Preferred Stock $0.001 par value per share,$17.10,-0.4899,-2.785%,,United States,,39275,,
TRU,TransUnion Common Stock,$88.00,0.74,0.848%,17168800000.00,United States,2015,2230202,Finance,Finance: Consumer Services
TRUE,TrueCar Inc. Common Stock,$1.90,-0.07,-3.553%,166585099.00,United States,2014,308699,Technology,Computer Software: Programming Data Processing
TRUG,TruGolf Holdings Inc. Class A Common Stock,$5.72,-0.55,-8.772%,5780952.00,United States,2021,88797,Consumer Discretionary,Recreational Games/Products/Toys
TRUP,Trupanion Inc. Common Stock,$55.35,-0.65,-1.161%,2368076411.00,United States,,791732,Health Care,Medical Specialities
TRV,The Travelers Companies Inc. Common Stock,$267.54,4.23,1.606%,60616213006.00,United States,,1311870,Finance,Property-Casualty Insurers
TRVG,trivago N.V. American Depositary Shares,$3.77,0.16,4.432%,265058540.00,Germany,2016,39359,Technology,EDP Services
TRVI,Trevi Therapeutics Inc. Common Stock,$5.47,-0.15,-2.669%,556543875.00,United States,2019,1499109,Health Care,Biotechnology: Pharmaceutical Preparations
TRX,TRX Gold Corporation Common Stock,$0.335,0.011,3.395%,94503722.00,Canada,,352515,Basic Materials,Precious Metals
TS,Tenaris S.A. American Depositary Shares,$37.40,0.49,1.328%,20275889990.00,Luxembourg,,1592741,Industrials,Steel/Iron Ore
TSAT,Telesat Corporation Class A Common Shares and Class B Variable Voting Shares ,$24.44,0.40,1.664%,349492000.00,Canada,,88407,Industrials,Metal Fabrications
TSBK,Timberland Bancorp Inc. Common Stock,$31.20,-0.52,-1.639%,246519936.00,United States,,9277,Finance,Banks
TSBX,Turnstone Biologics Corp. Common Stock,$0.359,0.0063,1.786%,8307385.00,United States,2023,1884083,Health Care,Biotechnology: Biological Products (No Diagnostic Substances)
TSCO,Tractor Supply Company Common Stock,$52.77,1.06,2.05%,27978808774.00,United States,1994,5371704,Consumer Discretionary,RETAIL: Building Materials
TSE,Trinseo PLC Ordinary Shares ,$3.12,-0.32,-9.302%,111228970.00,United States,2014,490397,Industrials,Major Chemicals
TSEM,Tower Semiconductor Ltd. Ordinary Shares,$43.35,-0.08,-0.184%,4844649607.00,Israel,1994,455132,Technology,Semiconductors
TSHA,Taysha Gene Therapies Inc. Common Stock,$2.31,-0.07,-2.941%,495868562.00,United States,2020,1319234,Health Care,Biotechnology: Biological Products (No Diagnostic Substances)
TSI,TCW Strategic Income Fund Inc. Common Stock,$4.88,-0.09,-1.811%,0.00,United States,,716098,Finance,Investment Managers
TSLA,Tesla Inc. Common Stock,$317.66,-5.97,-1.845%,1023168949986.00,United States,2010,74009332,Consumer Discretionary,Auto Manufacturing
TSLX,Sixth Street Specialty Lending Inc. Common Stock,$23.81,0.04,0.168%,2237291364.00,,2014,929054,Finance,Investment Managers
TSM,Taiwan Semiconductor Manufacturing Company Ltd.,$226.49,-2.08,-0.91%,1174700950306.00,Taiwan,1997,9271820,Technology,Semiconductors
TSN,Tyson Foods Inc. Common Stock,$55.94,0.70,1.267%,19927751385.00,United States,,2486569,Consumer Staples,Meat/Poultry/Fish
TSQ,Townsquare Media Inc. Class A Common Stock,$7.91,0.17,2.196%,129340412.00,United States,2014,88720,Consumer Discretionary,Broadcasting
TSSI,TSS Inc. Common Stock,$28.83,-1.42,-4.694%,721340957.00,United States,,3113094,Consumer Discretionary,Professional Services
TT,Trane Technologies plc,$437.41,5.12,1.184%,97550306442.00,Ireland,,1254814,Industrials,Auto Parts:O.E.M.
TTAM,Titan America SA Common Shares,$12.48,-0.59,-4.514%,2300843563.00,,2025,708502,Industrials,Mining & Quarrying of Nonmetallic Minerals (No Fuels)
TTAN,ServiceTitan Inc. Class A Common Stock,$107.18,-0.75,-0.695%,9718102025.00,United States,2024,1528451,Technology,Computer Software: Prepackaged Software
TTC,Toro Company (The) Common Stock,$70.68,0.33,0.469%,6975075025.00,United States,,747006,Consumer Discretionary,Tools/Hardware
TTD,The Trade Desk Inc. Class A Common Stock,$71.99,2.66,3.837%,35378669781.00,United States,2016,7872883,Technology,Computer Software: Programming Data Processing
TTE,TotalEnergies SE,$61.39,-0.11,-0.179%,137154490539.00,France,,1235913,Energy,Oil & Gas Production
TTEC,TTEC Holdings Inc. Common Stock,$4.81,-0.03,-0.62%,230077634.00,United States,1996,201811,Consumer Discretionary,Professional Services
TTEK,Tetra Tech Inc. Common Stock,$35.96,0.32,0.898%,9475554179.00,United States,1991,1511053,Consumer Discretionary,Military/Government/Technical
TTGT,TechTarget Inc. Common Stock,$7.77,0.75,10.684%,555469530.00,United States,,521896,Telecommunications,Telecommunications Equipment
TTI,Tetra Technologies Inc. Common Stock,$3.36,-0.17,-4.816%,447125179.00,United States,,1085544,Energy,Oil & Gas Production
TTMI,TTM Technologies Inc. Common Stock,$40.82,0.57,1.416%,4148550275.00,United States,2000,2292809,Technology,Electrical Products
TTNP,Titan Pharmaceuticals Inc. Common Stock,$4.20,-0.20,-4.545%,3839783.00,United States,,3960,Health Care,Biotechnology: Biological Products (No Diagnostic Substances)
TTSH,Tile Shop Holdings Inc. Common Stock,$6.36,-0.52,-7.558%,284482317.00,United States,,82072,Consumer Discretionary,Home Furnishings
TTWO,Take-Two Interactive Software Inc. Common Stock,$242.85,1.41,0.584%,43087638908.00,United States,1997,3234906,Technology,Computer Software: Prepackaged Software
TU,Telus Corporation Ordinary Shares,$16.06,0.23,1.453%,24314840000.00,Canada,,3730764,Telecommunications,Telecommunications Equipment
TURB,Turbo Energy S.A. American Depositary Shares,$2.3432,-0.0258,-1.089%,25815362.00,Spain,2023,5345,Miscellaneous,Industrial Machinery/Components
TURN,180 Degree Capital Corp. Common Stock,$3.9736,0.0086,0.217%,39736560.00,United States,,7190,Finance,Finance/Investors Services
TUSK,Mammoth Energy Services Inc. Common Stock,$2.80,-0.08,-2.778%,134756633.00,United States,2016,89295,Energy,Oilfield Services/Equipment
TUYA,Tuya Inc. American Depositary Shares each representing one Class A Ordinary Share,$2.31,-0.02,-0.858%,1408457702.00,China,2021,1272667,Technology,Computer Software: Prepackaged Software
TV,Grupo Televisa S.A.B. Common Stock,$2.19,-0.09,-3.947%,4182900000.00,Mexico,1993,1327029,Industrials,Broadcasting
TVA,Texas Ventures Acquisition III Corp Class A Ordinary Share,$10.09,0.02,0.199%,0.00,United States,2025,2489,,
TVACU,Texas Ventures Acquisition III Corp Unit,$10.21,0.00,0.00%,0.00,United States,2025,18,Finance,Blank Checks
TVACW,Texas Ventures Acquisition III Corp Warrants,$0.27,0.02,8.00%,0.00,United States,2025,924,,
TVAIU,Thayer Ventures Acquisition Corporation II Unit,$10.16,-0.005,-0.049%,0.00,United States,2025,18919,Finance,Blank Checks
TVC,Tennessee Valley Authority Common Stock,$23.40,-0.12,-0.51%,0.00,United States,,209872,Utilities,Electric Utilities: Central
TVE,Tennessee Valley Authority,$23.30,0.09,0.388%,0.00,United States,,206989,Utilities,Electric Utilities: Central
TVGN,Tevogen Bio Holdings Inc. Common Stock,$1.25,0.01,0.806%,229866791.00,United States,2022,656242,Health Care,Biotechnology: Biological Products (No Diagnostic Substances)
TVGNW,Tevogen Bio Holdings Inc. Warrant,$0.0699,0.0003,0.431%,12854151.00,United States,2022,135110,Health Care,Biotechnology: Biological Products (No Diagnostic Substances)
TVRD,Tvardi Therapeutics Inc. Common Stock,$23.33,-1.28,-5.201%,218389890.00,United States,2014,56807,Health Care,Biotechnology: Pharmaceutical Preparations
TVTX,Travere Therapeutics Inc. Common Stock,$14.80,0.03,0.203%,1314311306.00,United States,,1371779,Health Care,Biotechnology: Pharmaceutical Preparations
TW,Tradeweb Markets Inc. Class A Common Stock,$146.40,1.47,1.014%,34614685850.00,United States,2019,1544178,Finance,Investment Bankers/Brokers/Service
TWFG,TWFG Inc. Class A Common Stock,$35.00,0.00,0.00%,1962644040.00,United States,2024,410294,Finance,Specialty Insurers
TWG,Top Wealth Group Holding Limited Class A Ordinary Shares,$0.1289,-0.0012,-0.922%,7218400.00,Hong Kong,2024,926167,Consumer Staples,Packaged Foods
TWI,Titan International Inc. (DE) Common Stock,$10.27,-0.16,-1.534%,654242216.00,United States,,648013,Industrials,Steel/Iron Ore
TWIN,Twin Disc Incorporated Common Stock,$8.83,-0.41,-4.437%,124923847.00,United States,,93087,Industrials,Industrial Machinery/Components
TWLO,Twilio Inc. Class A Common Stock,$124.36,1.62,1.32%,19058709971.00,United States,2016,2063880,Technology,Computer Software: Prepackaged Software
TWN,Taiwan Fund Inc. (The) Common Stock,$44.81,0.4566,1.029%,0.00,United States,1986,4070,Finance,Trusts Except Educational Religious and Charitable
TWNP,Twin Hospitality Group Inc. Class A Common Stock,$4.52,0.02,0.444%,226760585.00,United States,,10641,Consumer Discretionary,Restaurants
TWO,Two Harbors Investment Corp,$10.77,0.15,1.412%,1120350284.00,United States,,2113433,Real Estate,Real Estate Investment Trusts
TWO^A,Two Harbors Investments Corp 8.125% Series A Fixed-to-Floating Rate Cumulative Redeemable Preferred Stock ($25.00 liquidation preference per share),$22.97,-0.22,-0.949%,,United States,,63570,,
TWO^B,Two Harbors Investments Corp 7.625% Series B Fixed-to-Floating Rate Cumulative Redeemable Preferred Stock,$22.36,-0.2777,-1.227%,,United States,,140557,,
TWO^C,Two Harbors Investments Corp 7.25% Series C Fixed-to-Floating Rate Cumulative Redeemable Preferred Stock,$23.55,-0.2284,-0.961%,,United States,,145961,,
TWOD,Two Harbors Investments Corp 9.375% Senior Notes due 2030,$25.60,-0.059,-0.23%,0.00,United States,2025,62071,Real Estate,Real Estate Investment Trusts
TWST,Twist Bioscience Corporation Common Stock,$36.79,0.86,2.394%,2204314827.00,United States,2018,753250,Health Care,Biotechnology: Biological Products (No Diagnostic Substances)
TX,Ternium S.A. Ternium S.A. American Depositary Shares (each representing ten shares USD1.00 par value),$30.10,-0.65,-2.114%,6034277754.00,Luxembourg,,215517,Industrials,Steel/Iron Ore
TXG,10x Genomics Inc. Class A Common Stock,$11.58,-0.15,-1.279%,1425888825.00,United States,2019,3113652,Industrials,Biotechnology: Laboratory Analytical Instruments
TXMD,TherapeuticsMD Inc. Common Stock,$1.16,0.04,3.571%,13426260.00,United States,,70415,Health Care,Biotechnology: Pharmaceutical Preparations
TXN,Texas Instruments Incorporated Common Stock,$207.62,0.54,0.261%,188616973042.00,United States,,5310749,Technology,Semiconductors
TXNM,TXNM Energy Inc. Common Stock,$56.32,0.06,0.107%,5218573747.00,United States,,1964889,Utilities,Electric Utilities: Central
TXO,TXO Partners L.P. Common Units Representing Limited Partner Interests,$15.04,-0.18,-1.183%,622169080.00,United States,2023,300627,Energy,Oil & Gas Production
TXRH,Texas Roadhouse Inc. Common Stock,$187.41,-0.33,-0.176%,12433089189.00,United States,2004,984038,Consumer Discretionary,Restaurants
TXT,Textron Inc. Common Stock,$80.29,-0.05,-0.062%,14495460172.00,United States,,1245630,Industrials,Aerospace
TY,Tri Continental Corporation Common Stock,$31.66,0.11,0.349%,1720750602.00,United States,,37273,Finance,Finance Companies
TY^,Tri Continental Corporation Preferred Stock,$44.505,0.21,0.474%,,United States,,413,,
TYG,Tortoise Energy Infrastructure Corporation Common Stock,$43.89,1.06,2.475%,523515663.00,United States,2004,270587,Finance,Investment Managers
TYGO,Tigo Energy Inc. Common Stock,$1.275,0.135,11.842%,79070803.00,United States,2021,61920,Technology,Semiconductors
TYL,Tyler Technologies Inc. Common Stock,$592.84,11.74,2.02%,25565363011.00,United States,,266813,Technology,Computer Software: Prepackaged Software
TYRA,Tyra Biosciences Inc. Common Stock,$9.57,0.47,5.165%,508913364.00,United States,2021,384247,Health Care,Biotechnology: Pharmaceutical Preparations
TZOO,Travelzoo Common Stock,$12.73,-0.62,-4.644%,141240343.00,United States,,131784,Consumer Discretionary,Advertising
TZUP,Thumzup Media Corporation Common Stock,$7.01,0.04,0.574%,66656646.00,United States,,66510,Technology,EDP Services
U,Unity Software Inc. Common Stock,$24.20,-0.12,-0.493%,10059809998.00,United States,2020,8570841,Technology,Computer Software: Prepackaged Software
UA,Under Armour Inc. Class C Common Stock,$6.49,-0.10,-1.517%,2765520922.00,United States,2016,2587252,Consumer Discretionary,Apparel
UAA,Under Armour Inc. Class A Common Stock,$6.83,-0.06,-0.871%,2910401833.00,United States,,7902164,Consumer Discretionary,Apparel
UAL,United Airlines Holdings Inc. Common Stock,$79.63,0.45,0.568%,26007203389.00,United States,,4893239,Consumer Discretionary,Air Freight/Delivery Services
UAMY,United States Antimony Corporation Common Stock,$2.18,-0.21,-8.787%,257072077.00,United States,,6485582,Industrials,Metal Fabrications
UAN,CVR Partners LP Common Units representing Limited Partner Interests,$88.84,0.59,0.669%,939006551.00,United States,2011,15698,Industrials,Agricultural Chemicals
UAVS,AgEagle Aerial Systems Inc. Common Stock,$1.03,-0.05,-4.63%,14343499.00,United States,,1982355,Industrials,Aerospace
UBCP,United Bancorp Inc. Common Stock,$14.50,0.00,0.00%,84013160.00,United States,,4793,Finance,Major Banks
UBER,Uber Technologies Inc. Common Stock,$93.30,1.77,1.934%,195105983543.00,United States,2019,16141073,Consumer Discretionary,Business Services
UBFO,United Security Bancshares Common Stock,$8.65,0.06,0.698%,151166769.00,United States,,86460,Finance,Major Banks
UBS,UBS Group AG Registered Ordinary Shares,$33.82,0.38,1.136%,216554003582.00,Switzerland,2014,2511566,Finance,Major Banks
UBSI,United Bankshares Inc. Common Stock,$36.43,0.00,0.00%,5175230645.00,United States,,844806,Finance,Major Banks
UBX,Unity Biotechnology Inc. Common Stock,$0.3841,-0.3873,-50.207%,6611195.00,United States,2018,2228780,Health Care,Biotechnology: Pharmaceutical Preparations
UBXG,U-BX Technology Ltd. Ordinary Shares,$2.7706,-0.0394,-1.402%,5142926.00,China,2024,4174,Technology,Computer Software: Programming Data Processing
UCAR,U Power Limited Class A Ordinary Shares,$3.83,-0.03,-0.777%,16928048.00,China,2023,39810,Consumer Discretionary,Auto Parts:O.E.M.
UCB,United Community Banks Inc. Common Stock,$29.79,-0.16,-0.534%,3619463611.00,United States,2024,794442,Finance,Major Banks
UCB^I,United Community Banks Inc. Depositary Shares each representing 1/1000th interest in a share of Series I Non-Cumulative Preferred Stock,$24.3068,-0.3632,-1.472%,,United States,,14244,,
UCL,uCloudlink Group Inc. American Depositary Shares,$1.932,0.072,3.871%,72706268.00,Hong Kong,2020,69946,Consumer Discretionary,Telecommunications Equipment
UCTT,Ultra Clean Holdings Inc. Common Stock,$22.57,-0.17,-0.748%,1019014961.00,United States,2004,440642,Technology,Semiconductors
UDMY,Udemy Inc. Common Stock,$7.03,0.00,0.00%,1045581130.00,United States,2021,1087884,Real Estate,Other Consumer Services
UDR,UDR Inc. Common Stock,$40.83,0.12,0.295%,13526809066.00,United States,,2633264,Real Estate,Real Estate Investment Trusts
UE,Urban Edge Properties Common Shares of Beneficial Interest,$18.66,-0.21,-1.113%,2346485483.00,United States,2015,1055617,Finance,Real Estate
UEC,Uranium Energy Corp. Common Stock,$6.80,0.09,1.341%,3021574200.00,Canada,,10792736,Basic Materials,Other Metals and Minerals
UEIC,Universal Electronics Inc. Common Stock,$6.62,0.27,4.252%,87185380.00,United States,1993,34991,Consumer Staples,Consumer Electronics/Appliances
UFCS,United Fire Group Inc. Common Stock,$28.70,0.20,0.702%,730440026.00,United States,,145657,Finance,Property-Casualty Insurers
UFG,Uni-Fuels Holdings Limited Class A Ordinary Shares,$2.25,-0.04,-1.747%,72933750.00,Singapore,2025,12381,Energy,Oil Refining/Marketing
UFI,Unifi Inc. New Common Stock,$5.22,-0.02,-0.382%,95842661.00,United States,,12921,Consumer Discretionary,Textiles
UFPI,UFP Industries Inc. Common Stock,$99.36,-0.42,-0.421%,6000835972.00,United States,1993,435650,Basic Materials,Forest Products
UFPT,UFP Technologies Inc. Common Stock,$244.16,-0.51,-0.208%,1881698392.00,United States,1993,108692,Health Care,Medical/Dental Instruments
UG,United-Guardian Inc. Common Stock,$7.999,-0.1537,-1.885%,36749958.00,United States,,6443,Consumer Discretionary,Package Goods/Cosmetics
UGI,UGI Corporation Common Stock,$36.42,0.29,0.803%,7809953166.00,United States,,1587073,Utilities,Natural Gas Distribution
UGP,Ultrapar Participacoes S.A. (New) American Depositary Shares (Each representing one Common Share),$3.28,0.18,5.806%,3549198105.00,Brazil,,2526477,Utilities,Oil/Gas Transmission
UGRO,urban-gro Inc. Common Stock,$0.301,0.0011,0.367%,3821664.00,United States,,580840,Consumer Discretionary,Industrial Specialties
UHAL,U-Haul Holding Company Common Stock,$60.56,-0.39,-0.64%,11874476413.00,United States,2022,168674,Consumer Discretionary,Rental/Leasing Companies
UHG,United Homes Group Inc Class A Common Stock,$2.90,-0.11,-3.654%,169946925.00,United States,2021,266063,Consumer Discretionary,Homebuilding
UHGWW,United Homes Group Inc. Warrant,$0.81,0.00,0.00%,47467934.00,United States,2021,8,Consumer Discretionary,Homebuilding
UHS,Universal Health Services Inc. Common Stock,$181.15,3.07,1.724%,11673377373.00,United States,,1165356,Health Care,Hospital/Nursing Management
UHT,Universal Health Realty Income Trust Common Stock,$39.97,0.00,0.00%,553644735.00,United States,,67309,Real Estate,Real Estate Investment Trusts
UI,Ubiquiti Inc. Common Stock,$411.65,8.92,2.215%,24901221004.00,United States,,128105,Technology,Radio And Television Broadcasting And Communications Equipment
UIS,Unisys Corporation New Common Stock,$4.53,0.04,0.891%,321933949.00,United States,,680464,Technology,EDP Services
UK,Ucommune International Ltd Ordinary Shares,$1.0555,-0.0044,-0.415%,2237526.00,United States,2019,4395,Consumer Discretionary,Business Services
UKOMW,Ucommune International Ltd Warrant expiring 11/17/2025,$0.0084,0.00,0.00%,17807.00,United States,2019,6,Consumer Discretionary,Business Services
UL,Unilever PLC Common Stock,$61.17,0.25,0.41%,150033615278.00,United Kingdom,,2310625,Consumer Discretionary,Package Goods/Cosmetics
ULBI,Ultralife Corporation Common Stock,$8.98,0.88,10.864%,149364026.00,United States,1992,273616,Miscellaneous,Industrial Machinery/Components
ULCC,Frontier Group Holdings Inc. Common Stock,$3.63,0.02,0.554%,826785335.00,United States,2021,2168536,Consumer Discretionary,Air Freight/Delivery Services
ULH,Universal Logistics Holdings Inc. Common Stock,$25.38,-0.35,-1.36%,668337580.00,United States,2005,50662,Industrials,Trucking Freight/Courier Services
ULS,UL Solutions Inc. Class A Common Stock,$72.86,0.69,0.956%,14608353424.00,United States,2024,1230195,Health Care,Precision Instruments
ULTA,Ulta Beauty Inc. Common Stock,$467.82,9.55,2.084%,21026452931.00,United States,2007,675667,Consumer Discretionary,Other Specialty Stores
ULY,Urgent.ly Inc. Common Stock,$6.40,0.77,13.677%,7966912.00,United States,,97897,Technology,EDP Services
UMAC,Unusual Machines Inc. Common Stock,$8.57,0.66,8.344%,212794557.00,United States,2024,4248031,Technology,Radio And Television Broadcasting And Communications Equipment
UMBF,UMB Financial Corporation Common Stock,$105.16,-0.86,-0.811%,7983593561.00,United States,,571856,Finance,Major Banks
UMBFO,UMB Financial Corporation Depositary Shares Each Representing a 1/400th Interest in a Share of 7.750% Fixed-Rate Reset Non-Cumulative Perpetual Preferred Stock Series B,$25.94,-0.01,-0.039%,1969326902.00,United States,,2330563,Finance,Major Banks
UMBFP,UMB Financial Corporation Depositary Shares each representing a 1/400th of 7.00% Fixed-Rate Reset Non-Cumulative Perpetual Preferred Stock,$24.96,0.0274,0.11%,1894926733.00,United States,,46204,,
UMC,United Microelectronics Corporation (NEW) Common Stock,$7.65,-0.03,-0.391%,19217896100.00,Taiwan,,7032243,Technology,Semiconductors
UMH,UMH Properties Inc. Common Stock,$16.79,0.06,0.359%,1411624824.00,United States,1994,405222,Real Estate,Real Estate Investment Trusts
UMH^D,UMH Properties Inc. 6.375% Series D Cumulative Redeemable Preferred Stock Liquidation Preference $25 per share,$21.79,-0.283,-1.282%,,United States,,68348,,
UNB,Union Bankshares Inc. Common Stock,$26.62,0.29,1.101%,120817532.00,United States,,18950,Finance,Major Banks
UNCY,Unicycive Therapeutics Inc. Common Stock,$4.77,-2.03,-29.853%,57540167.00,United States,2021,4708998,Health Care,Biotechnology: Pharmaceutical Preparations
UNF,Unifirst Corporation Common Stock,$188.22,1.90,1.02%,3494292442.00,United States,,237722,Consumer Discretionary,Other Consumer Services
UNFI,United Natural Foods Inc. Common Stock,$23.31,0.54,2.372%,1411782598.00,United States,2019,2019299,Consumer Discretionary,Food Distributors
UNH,UnitedHealth Group Incorporated Common Stock (DE),$311.97,2.86,0.925%,283000603379.00,United States,,10048614,Health Care,Medical Specialities
UNIT,Uniti Group Inc. Common Stock,$4.32,0.07,1.647%,1060358774.00,United States,,1820219,Real Estate,Real Estate Investment Trusts
UNM,Unum Group Common Stock,$80.76,0.30,0.373%,14081467286.00,United States,,974247,Finance,Accident &Health Insurance
UNMA,Unum Group 6.250% Junior Subordinated Notes due 2058,$22.87,-0.22,-0.953%,3987656722.00,United States,2018,280690,Finance,Accident &Health Insurance
UNP,Union Pacific Corporation Common Stock,$230.08,-1.33,-0.575%,137467188349.00,United States,,3578991,Industrials,Railroads
UNTY,Unity Bancorp Inc. Common Stock,$47.08,-0.37,-0.78%,472265083.00,United States,,120582,Finance,Major Banks
UOKA,MDJM LTD Ordinary Share,$2.55,0.05,2.00%,2725086.00,China,2019,16145,Finance,Real Estate
UONE,Urban One Inc. Class A Common Stock,$1.6006,-0.0194,-1.198%,73096071.00,United States,,14759,Consumer Discretionary,Broadcasting
UONEK,Urban One Inc. Class D Common Stock,$0.637,0.032,5.289%,29090464.00,United States,,16019,Consumer Discretionary,Broadcasting
UP,Wheels Up Experience Inc. Class A Common Stock,$1.07,-0.16,-13.008%,747795421.00,Singapore,2020,2285616,Consumer Discretionary,Transportation Services
UPB,Upstream Bio Inc. Common Stock,$10.98,0.05,0.457%,590654859.00,United States,2024,395578,Health Care,Biotechnology: Pharmaceutical Preparations
UPBD,Upbound Group Inc. Common Stock,$25.10,-0.38,-1.491%,1451420903.00,United States,,505846,Consumer Discretionary,Diversified Commercial Services
UPC,Universe Pharmaceuticals Inc. Ordinary Shares,$3.75,0.10,2.74%,2112518.00,China,2021,41257,Health Care,Biotechnology: Pharmaceutical Preparations
UPLD,Upland Software Inc. Common Stock,$1.95,0.19,10.795%,55544344.00,United States,2014,152387,Technology,Computer Software: Prepackaged Software
UPS,United Parcel Service Inc. Common Stock,$100.94,-0.24,-0.237%,85475770538.00,United States,1999,5445875,Industrials,Trucking Freight/Courier Services
UPST,Upstart Holdings Inc. Common stock,$64.68,1.25,1.971%,6153969415.00,United States,2020,5222744,Finance,Finance: Consumer Services
UPWK,Upwork Inc. Common Stock,$13.44,-0.19,-1.394%,1768568377.00,United States,2018,2959338,Technology,EDP Services
UPXI,Upexi Inc. Common Stock,$2.98,0.38,14.615%,111015052.00,United States,2021,5917277,Health Care, Medicinal Chemicals and Botanical Products 
URBN,Urban Outfitters Inc. Common Stock,$72.54,3.14,4.524%,6502641561.00,United States,1993,2331080,Consumer Discretionary,Clothing/Shoe/Accessory Stores
URG,Ur Energy Inc Common Shares (Canada),$1.05,0.05,5.00%,383060223.00,Canada,,7126184,Basic Materials,Precious Metals
URGN,UroGen Pharma Ltd. Ordinary Shares,$13.70,0.21,1.557%,631672079.00,Israel,2017,2099852,Health Care,Biotechnology: Pharmaceutical Preparations
URI,United Rentals Inc. Common Stock,$753.40,0.78,0.104%,48970272969.00,United States,1997,406300,Consumer Discretionary,Diversified Commercial Services
UROY,Uranium Royalty Corp. Common Stock,$2.50,0.06,2.459%,334090298.00,Canada,,3644499,Finance,Investment Bankers/Brokers/Service
USA,Liberty All-Star Equity Fund Common Stock,$6.81,0.04,0.591%,0.00,United States,1986,992421,Finance,Finance Companies
USAC,USA Compression Partners LP Common Units Representing Limited Partner Interests,$24.31,-0.09,-0.369%,2858427269.00,United States,2013,153784,Utilities,Natural Gas Distribution
USAR,USA Rare Earth Inc. Class A Common Stock,$10.955,-0.23,-2.056%,995116772.00,United States,2023,1678754,Basic Materials,Metal Mining
USARW,USA Rare Earth Inc. Warrant,$2.38,0.13,5.778%,216191503.00,United States,2023,59115,Basic Materials,Metal Mining
USAS,Americas Gold and Silver Corporation Common Shares no par value,$0.8077,0.0297,3.817%,526908655.00,Canada,2017,1497590,Basic Materials,Metal Mining
USAU,U.S. Gold Corp. Common Stock,$12.20,0.02,0.164%,152330615.00,United States,,456782,Basic Materials,Metal Mining
USB,U.S. Bancorp Common Stock,$45.25,-0.51,-1.115%,70500748131.00,United States,,13621044,Finance,Major Banks
USB^A,U.S. Bancorp Depositary Shares Each representing a 1/100th interest in a share of Series A Non-CumulativePerpetual Pfd Stock,$824.20,-16.01,-1.905%,,United States,,7665,,
USB^H,U.S. Bancorp Depositary Shares repstg 1/1000th Pfd Ser B,$20.08,-0.21,-1.035%,,United States,,726645,,
USB^P,U.S. Bancorp Depositary Shares each representing a 1/1000th interest in a share of Series K Non-Cumulative Perpetual Preferred Stock,$22.14,-0.43,-1.905%,,United States,,140458,,
USB^Q,U.S. Bancorp Depositary Shares Each Representing a 1/1000th Interest in a Share of Series L Non-Cumulative Perpetual Preferred Stock,$15.05,-0.11,-0.726%,,United States,,183981,,
USB^R,U.S. Bancorp Depositary Shares Each Representing a 1/1000th Interest in a Share of Series M Non-Cumulative Perpetual Preferred Stock,$16.11,-0.07,-0.433%,,United States,,164250,,
USB^S,U.S. Bancorp Depositary Shares each representing a 1/1000th interest in a share of Series O Non-Cumulative Perpetual Preferred Stock,$18.31,-0.27,-1.453%,,United States,,86865,,
USCB,USCB Financial Holdings Inc. Class A Common Stock,$16.54,0.04,0.242%,331600288.00,United States,2021,14993,Finance,Major Banks
USEA,United Maritime Corporation Common Stock,$1.47,-0.01,-0.676%,13001072.00,Greece,,15038,Consumer Discretionary,Marine Transportation
USEG,U.S. Energy Corp. Common Stock (DE),$1.40,-0.10,-6.667%,47589825.00,United States,,962029,Energy,Oil & Gas Production
USFD,US Foods Holding Corp. Common Stock,$77.01,-0.26,-0.336%,17816264732.00,United States,2016,1626235,Consumer Discretionary,Food Distributors
USGO,U.S. GoldMining Inc. Common stock,$8.20,-0.42,-4.872%,102572841.00,United States,2023,36257,Basic Materials,Precious Metals
USGOW,U.S. GoldMining Inc. Warrant,$0.91,-0.06,-6.186%,11383084.00,United States,2023,9745,Basic Materials,Precious Metals
USIO,Usio Inc. Common Stock,$1.53,0.08,5.517%,40707036.00,United States,,262986,Finance,Investment Bankers/Brokers/Service
USLM,United States Lime & Minerals Inc. Common Stock,$99.80,1.16,1.176%,2857553340.00,United States,,274533,Industrials,Mining & Quarrying of Nonmetallic Minerals (No Fuels)
USM,United States Cellular Corporation Common Stock,$63.97,1.43,2.287%,5437450000.00,United States,1988,243626,Telecommunications,Telecommunications Equipment
USNA,USANA Health Sciences Inc. Common Stock,$30.53,-0.60,-1.927%,568562480.00,United States,,142093,Health Care, Medicinal Chemicals and Botanical Products 
USPH,U.S. Physical Therapy Inc. Common Stock,$78.20,-0.83,-1.05%,1187990080.00,United States,1992,208603,Health Care,Medical/Nursing Services
UTF,Cohen & Steers Infrastructure Fund Inc Common Stock,$26.95,0.30,1.126%,0.00,United States,2004,354850,Finance,Finance Companies
UTG,Reaves Utility Income Fund Common Shares of Beneficial Interest,$36.18,0.39,1.09%,0.00,United States,2004,322393,Finance,Investment Managers
UTHR,United Therapeutics Corporation Common Stock,$287.35,3.08,1.083%,12961388119.00,United States,1999,397145,Health Care,Biotechnology: Pharmaceutical Preparations
UTI,Universal Technical Institute Inc Common Stock,$33.89,-0.63,-1.825%,1843826626.00,United States,2003,564888,Real Estate,Other Consumer Services
UTL,UNITIL Corporation Common Stock,$52.15,-0.25,-0.477%,847487303.00,United States,1985,97850,Utilities,Power Generation
UTMD,Utah Medical Products Inc. Common Stock,$56.92,-0.88,-1.522%,184888113.00,United States,,21448,Health Care,Medical/Dental Instruments
UTSI,UTStarcom Holdings Corp. Ordinary Shares,$2.79,0.09,3.333%,26422011.00,China,2000,1196,Telecommunications,Telecommunications Equipment
UTZ,Utz Brands Inc Class A Common Stock ,$12.55,0.10,0.803%,1774704950.00,United States,2018,929085,Consumer Staples,Packaged Foods
UUU,Universal Security Instruments Inc. Common Stock,$3.05,0.18,6.272%,7054305.00,United States,2003,26741,Technology,Electronic Components
UUUU,Energy Fuels Inc Ordinary Shares (Canada),$5.75,0.20,3.604%,1208885790.00,Canada,,9000323,Industrials,Mining & Quarrying of Nonmetallic Minerals (No Fuels)
UVE,UNIVERSAL INSURANCE HOLDINGS INC Common Stock,$27.73,0.14,0.507%,780451949.00,United States,,390689,Finance,Property-Casualty Insurers
UVSP,Univest Financial Corporation Common Stock,$30.04,-0.58,-1.894%,867559826.00,United States,,213329,Finance,Major Banks
UVV,Universal Corporation Common Stock,$58.24,-0.40,-0.682%,1439438000.00,United States,,200930,Industrials,Farming/Seeds/Milling
UWMC,UWM Holdings Corporation Class A Common Stock,$4.14,0.04,0.976%,6620692393.00,United States,,6860757,Finance,Finance: Consumer Services
UXIN,Uxin Limited ADS,$3.54,-0.11,-3.014%,729839099.00,China,2018,35229,Consumer Discretionary,Business Services
UYSC,UY Scuti Acquisition Corp. Ordinary Shares,$10.05,0.01,0.10%,0.00,United States,2025,14263,Finance,Blank Checks
UYSCU,UY Scuti Acquisition Corp. Units,$10.27,0.07,0.686%,0.00,United States,2025,323,,
UZD,United States Cellular Corporation 6.250% Senior Notes due 2069,$23.63,-0.17,-0.714%,2008550000.00,United States,2020,69637,Telecommunications,Telecommunications Equipment
UZE,United States Cellular Corporation 5.500% Senior Notes due 2070,$20.52,-0.22,-1.061%,1744200000.00,United States,2020,73183,Telecommunications,Telecommunications Equipment
UZF,United States Cellular Corporation 5.500% Senior Notes due 2070,$20.51,-0.14,-0.678%,1743350000.00,United States,2021,93882,Telecommunications,Telecommunications Equipment
V,Visa Inc.,$355.05,6.44,1.847%,678322177496.00,United States,,7077777,Consumer Discretionary,Business Services
VABK,Virginia National Bankshares Corporation Common Stock,$37.00,0.38,1.038%,199503223.00,United States,,5578,Finance,Major Banks
VAC,Marriott Vacations Worldwide Corporation Common Stock,$72.31,-1.52,-2.059%,2497245952.00,United States,,620443,Finance,Real Estate
VACH,Voyager Acquisition Corp Class A Ordinary Shares,$10.3868,-0.0132,-0.127%,0.00,United States,2024,20861,,
VACHW,Voyager Acquisition Corp Warrants,$0.2999,0.0199,7.107%,0.00,United States,2024,2616,Finance,Blank Checks
VAL,Valaris Limited Common Shares,$42.11,0.25,0.597%,2992717274.00,United States,2021,916480,Energy,Oil & Gas Production
VALE,VALE S.A.  American Depositary Shares Each Representing one common share,$9.71,-0.03,-0.308%,41449842022.00,Brazil,,45312590,Basic Materials,Metal Mining
VALN,Valneva SE American Depositary Shares,$5.67,-0.13,-2.241%,460748521.00,France,2021,11452,Health Care,Biotechnology: Biological Products (No Diagnostic Substances)
VALU,Value Line Inc. Common Stock,$39.15,0.89,2.326%,368540952.00,United States,1983,2860,Finance,Investment Managers
VANI,Vivani Medical Inc. Common Stock (DE),$1.29,-0.03,-2.273%,76424635.00,United States,2014,69530,Health Care,Biotechnology: Electromedical & Electrotherapeutic Apparatus
VAPE,CEA Industries Inc. Common Stock,$10.0416,0.2416,2.465%,8056838.00,United States,,8399,Industrials,Industrial Machinery/Components
VAPEW,CEA Industries Inc. Warrant,$0.037,0.00,0.00%,0.00,United States,,177,,
VATE,INNOVATE Corp. Common Stock,$5.15,-0.21,-3.918%,68408573.00,United States,,22022,Industrials,Metal Fabrications
VBF,Invesco Bond Fund Common Stock,$15.44,0.03,0.195%,0.00,United States,,51524,Finance,Trusts Except Educational Religious and Charitable
VBIX,Viewbix Inc. Common Stock,$3.41,-0.39,-10.263%,22574060.00,Israel,,56349,Technology,Computer Software: Prepackaged Software
VBNK,VersaBank Common Shares,$11.40,-0.01,-0.088%,370714160.00,Canada,,11381,Finance,Commercial Banks
VBTX,Veritex Holdings Inc. Common Stock,$26.10,-0.05,-0.191%,1416486750.00,United States,2014,415071,Finance,Major Banks
VC,Visteon Corporation Common Stock,$93.30,-0.89,-0.945%,2543193605.00,United States,,477161,Consumer Discretionary,Auto Parts:O.E.M.
VCEL,Vericel Corporation Common Stock,$42.55,0.82,1.965%,2142093331.00,United States,,684938,Health Care,Biotechnology: Biological Products (No Diagnostic Substances)
VCIC,Vine Hill Capital Investment Corp. Class A Ordinary Shares,$10.40,0.01,0.096%,0.00,United States,2024,17103,,
VCICU,Vine Hill Capital Investment Corp. Unit,$10.48,0.00,0.00%,0.00,United States,2024,7,,
VCICW,Vine Hill Capital Investment Corp. Warrant,$0.2418,-0.0082,-3.28%,0.00,United States,2024,1829,Finance,Blank Checks
VCIG,VCI Global Limited Ordinary Share,$2.15,0.07,3.365%,7684846.00,Malaysia,2023,114763,Consumer Discretionary,Diversified Commercial Services
VCTR,Victory Capital Holdings Inc. Class A Common Stock,$63.67,-0.41,-0.64%,4280934393.00,United States,2018,238824,Finance,Investment Managers
VCV,Invesco California Value Municipal Income Trust Common Stock,$10.37,0.13,1.27%,496624744.00,United States,,136257,Finance,Trusts Except Educational Religious and Charitable
VCYT,Veracyte Inc. Common Stock,$27.03,-0.35,-1.278%,2116843935.00,United States,2013,701420,Health Care,Medical Specialities
VECO,Veeco Instruments Inc. Common Stock,$20.32,-0.20,-0.975%,1184496529.00,United States,1994,598784,Technology,Industrial Machinery/Components
VEEA,Veea Inc. Common Stock,$1.83,-0.10,-5.181%,66750868.00,United States,2021,23742,Finance,Blank Checks
VEEAW,Veea Inc. Warrant,$0.136,-0.002,-1.449%,4960720.00,United States,2021,905,Finance,Blank Checks
VEEE,Twin Vee PowerCats Co. Common Stock,$2.24,0.03,1.357%,3331550.00,United States,2021,57818,Industrials,Marine Transportation
VEEV,Veeva Systems Inc. Class A Common Stock,$287.98,4.57,1.613%,47059466379.00,United States,2013,1280941,Technology,Computer Software: Prepackaged Software
VEL,Velocity Financial Inc. Common Stock,$18.54,-0.27,-1.435%,676552781.00,United States,2020,199904,Finance,Finance: Consumer Services
VENU,Venu Holding Corporation Common Stock,$11.79,0.47,4.152%,442368263.00,United States,2024,38566,Consumer Discretionary,Services-Misc. Amusement & Recreation
VEON,VEON Ltd. ADS,$46.07,1.58,3.551%,3407688576.00,Netherlands,,119244,Telecommunications,Telecommunications Equipment
VERA,Vera Therapeutics Inc. Class A Common Stock,$23.56,0.91,4.018%,1502519162.00,United States,2021,1353952,Health Care,Biotechnology: Pharmaceutical Preparations
VERB,Verb Technology Company Inc. Common Stock,$6.86,0.06,0.882%,9727171.00,United States,,40352,Consumer Discretionary,Other Consumer Services
VERI,Veritone Inc. Common Stock,$1.26,-0.16,-11.268%,57070686.00,United States,2017,4257707,Technology,EDP Services
VERO,Venus Concept Inc. Common Stock,$2.37,0.19,8.716%,3375835.00,United States,2017,8793143,Health Care,Medical/Dental Instruments
VERU,Veru Inc. Common Stock,$0.5818,0.0003,0.052%,85282525.00,United States,,1441623,Health Care,Biotechnology: Pharmaceutical Preparations
VERV,Verve Therapeutics Inc. Common Stock,$11.23,-0.07,-0.619%,1001078552.00,United States,2021,3221849,Health Care,Biotechnology: Pharmaceutical Preparations
VERX,Vertex Inc. Class A Common Stock,$35.335,0.845,2.45%,5600098923.00,United States,2020,2759831,Technology,Computer Software: Prepackaged Software
VET,Vermilion Energy Inc. Common (Canada),$7.28,-0.12,-1.622%,1124760000.00,Canada,,819014,Energy,Oil & Gas Production
VFC,V.F. Corporation Common Stock,$11.75,-0.09,-0.76%,4579495643.00,United States,,7569294,Consumer Discretionary,Apparel
VFF,Village Farms International Inc. Common Shares,$1.10,0.03,2.804%,123570754.00,Canada,,287026,,
VFL,abrdn National Municipal Income Fund Common Stock,$9.66,0.05,0.52%,0.00,United States,1993,30659,Finance,Finance/Investors Services
VFS,VinFast Auto Ltd. Ordinary Shares,$3.57,-0.02,-0.557%,8349561253.00,Singapore,,293079,Finance,Blank Checks
VFSWW,VinFast Auto Ltd. Warrant,$0.275,0.00,0.00%,643173486.00,Singapore,,109,,
VG,Venture Global Inc. Class A common stock,$15.58,-0.11,-0.701%,37701441671.00,,2025,3835019,Utilities,Oil/Gas Transmission
VGAS,Verde Clean Fuels Inc. Class A Common Stock,$3.44,-0.16,-4.444%,153250696.00,United States,2021,4969,Industrials,Major Chemicals
VGASW,Verde Clean Fuels Inc. Warrant,$0.1713,0.0003,0.175%,7631350.00,United States,2021,2881,Industrials,Major Chemicals
VGI,Virtus Global Multi-Sector Income Fund Common Shares of Beneficial Interest,$7.84,0.036,0.461%,0.00,United States,2012,17532,Finance,Investment Managers
VGM,Invesco Trust for Investment Grade Municipals Common Stock (DE),$9.49,0.01,0.105%,514661376.00,United States,,574619,Finance,Trusts Except Educational Religious and Charitable
VGZ,Vista Gold Corp Common Stock,$0.9759,-0.0141,-1.424%,121822087.00,United States,1986,390745,Basic Materials,Precious Metals
VHC,VirnetX Holding Corp Common Stock,$10.85,0.02,0.185%,45988604.00,United States,,12420,Miscellaneous,Multi-Sector Companies
VHI,Valhi Inc. Common Stock,$16.16,-0.02,-0.124%,457243855.00,United States,,10479,Industrials,Major Chemicals
VIASP,Via Renewables Inc. 8.75% Series A Fixed-to-Floating Rate Cumulative Redeemable Perpetual Preferred Stock,$25.73,0.255,1.001%,188429255.00,United States,,26483,Utilities,Power Generation
VIAV,Viavi Solutions Inc. Common Stock,$10.07,0.07,0.70%,2247993106.00,United States,,1992652,Technology,Semiconductors
VICI,VICI Properties Inc. Common Stock,$32.60,0.32,0.991%,34448652210.00,United States,2018,6433883,Real Estate,Real Estate Investment Trusts
VICR,Vicor Corporation Common Stock,$45.36,-1.30,-2.786%,2050645404.00,United States,,602641,Technology,Industrial Machinery/Components
VIGL,Vigil Neuroscience Inc. Common Stock,$7.95,0.00,0.00%,371038695.00,United States,2022,314727,Health Care,Biotechnology: Biological Products (No Diagnostic Substances)
VIK,Viking Holdings Ltd Ordinary Shares,$53.29,0.57,1.081%,23604833957.00,United States,2024,3269140,Consumer Discretionary,Marine Transportation
VINP,Vinci Partners Investments Ltd. Class A Common Shares,$9.67,0.19,2.004%,619328253.00,Brazil,2021,65231,Finance,Investment Managers
VIOT,Viomi Technology Co. Ltd American Depositary Shares,$1.35,0.03,2.273%,92080404.00,China,2018,380322,Consumer Discretionary,Consumer Electronics/Appliances
VIPS,Vipshop Holdings Limited American Depositary Shares each representing two ordinary shares,$15.05,-0.07,-0.463%,8919910830.00,China,2012,2634932,Consumer Discretionary,Catalog/Specialty Distribution
VIR,Vir Biotechnology Inc. Common Stock,$5.04,-0.13,-2.515%,696719535.00,United States,2019,926485,Health Care,Biotechnology: Biological Products (No Diagnostic Substances)
VIRC,Virco Manufacturing Corporation Common Stock,$7.98,0.03,0.377%,125590341.00,United States,,110057,Consumer Discretionary,Industrial Specialties
VIRT,Virtu Financial Inc. Class A Common Stock,$44.79,0.37,0.833%,6906539170.00,United States,,665384,Finance,Investment Bankers/Brokers/Service
VIST,Vista Energy S.A.B. de C.V. American Depositary Shares each representing one series A share with no par value,$47.81,-0.43,-0.891%,4555597508.00,Mexico,2019,992465,Energy,Oil & Gas Production
VITL,Vital Farms Inc. Common Stock,$38.52,-0.31,-0.798%,1716154827.00,United States,2020,853277,Consumer Staples,Packaged Foods
VIV,Telefonica Brasil S.A. American Depositary Shares (Each representing One Common Share),$11.40,0.29,2.61%,18544181686.00,Brazil,2020,4508272,Telecommunications,Telecommunications Equipment
VIVK,Vivakor Inc. Common Stock,$0.80,-0.012,-1.478%,37837878.00,United States,,55501,Utilities,Environmental Services
VIVS,VivoSim Labs Inc. Common Stock,$1.47,0.00,0.00%,3821702.00,United States,,10703,Health Care,Biotechnology: Biological Products (No Diagnostic Substances)
VKI,Invesco Advantage Municipal Income Trust II Common Shares of Beneficial Interest (DE),$8.37,0.14,1.701%,371678387.00,United States,1993,224919,Finance,Finance Companies
VKQ,Invesco Municipal Trust Common Stock,$9.15,0.04,0.439%,506319962.00,United States,,253663,Finance,Trusts Except Educational Religious and Charitable
VKTX,Viking Therapeutics Inc. Common Stock,$26.50,-0.02,-0.075%,2976202943.00,United States,2015,4399646,Health Care,Biotechnology: Pharmaceutical Preparations
VLCN,Volcon Inc. Common stock,$6.9601,0.1101,1.607%,3789663.00,United States,2021,26920,Consumer Discretionary,Auto Manufacturing
VLGEA,Village Super Market Inc. Class A Common Stock,$38.50,-0.07,-0.181%,568102997.00,United States,,140712,Consumer Staples,Food Chains
VLN,Valens Semiconductor Ltd. Ordinary Shares,$2.63,0.08,3.137%,278040081.00,,,531624,Technology,Semiconductors
VLO,Valero Energy Corporation Common Stock,$134.42,-0.27,-0.20%,42101166785.00,United States,,2413480,Energy,Integrated oil Companies
VLRS,Controladora Vuela Compania de Aviacion S.A.B. de C.V. American Depositary Shares each representing ten (10) Ordinary Participation Certificates,$4.75,0.08,1.713%,553838923.00,,2013,1029934,Consumer Discretionary,Air Freight/Delivery Services
VLT,Invesco High Income Trust II,$10.935,0.035,0.321%,0.00,United States,1989,19494,Finance,Trusts Except Educational Religious and Charitable
VLTO,Veralto Corp Common Stock ,$100.95,-0.12,-0.119%,25021584809.00,United States,2023,1542969,Industrials,Electrical Products
VLY,Valley National Bancorp Common Stock,$8.93,-0.03,-0.335%,5003847077.00,United States,,7911431,Finance,Major Banks
VLYPN,Valley National Bancorp 8.250% Fixed-Rate Reset Non-Cumulative Perpetual Preferred Stock Series C,$24.63,-0.48,-1.912%,13801204199.00,United States,,71231,Finance,Major Banks
VLYPO,Valley National Bancorp 5.50% Fixed-to-Floating Rate Non-Cumulative Perpetual Preferred Stock Series B,$24.43,-0.2891,-1.17%,13689135956.00,United States,,44564,Finance,Major Banks
VLYPP,Valley National Bancorp 6.25% Fixed-to-Floating Rate Non-Cumulative Perpetual Preferred Stock Series A,$24.43,-0.16,-0.651%,13689135956.00,United States,,58780,Finance,Major Banks
VMAR,Vision Marine Technologies Inc. Common Shares,$7.74,0.53,7.351%,8050150.00,Canada,2020,82460,Industrials,Marine Transportation
VMC,Vulcan Materials Company (Holding Company) Common Stock,$260.82,-1.36,-0.519%,34455239043.00,United States,,1097896,Industrials,Mining & Quarrying of Nonmetallic Minerals (No Fuels)
VMD,Viemed Healthcare Inc. Common Shares,$6.91,-0.01,-0.145%,273109368.00,United States,,462752,Health Care,Misc Health and Biotechnology Services
VMEO,Vimeo Inc. Common Stock,$4.04,0.03,0.748%,665565841.00,United States,,1356474,Technology,Computer Software: Programming Data Processing
VMI,Valmont Industries Inc. Common Stock,$326.57,-7.29,-2.184%,6554579285.00,United States,,227607,Industrials,Metal Fabrications
VMO,Invesco Municipal Opportunity Trust Common Stock,$9.18,0.08,0.879%,619105488.00,United States,,320904,Finance,Trusts Except Educational Religious and Charitable
VNCE,Vince Holding Corp. Common Stock,$1.44,0.03,2.128%,18499072.00,,2013,128332,Consumer Discretionary,Clothing/Shoe/Accessory Stores
VNDA,Vanda Pharmaceuticals Inc. Common Stock,$4.72,-0.06,-1.255%,278170755.00,United States,2006,375218,Health Care,Biotechnology: Pharmaceutical Preparations
VNET,VNET Group Inc. American Depositary Shares,$6.90,-0.08,-1.146%,1856278717.00,China,2011,11545371,Technology,Computer Software: Programming Data Processing
VNO,Vornado Realty Trust Common Stock,$38.24,-0.05,-0.131%,7340135611.00,United States,,1780463,Real Estate,Real Estate Investment Trusts
VNO^L,Vornado Realty Trust Pfd Ser L %,$17.09,-0.67,-3.773%,,United States,,111790,,
VNO^M,Vornado Realty Trust 5.25% Series M Cumulative Redeemable Preferred Shares of Beneficial Interest liquidation preference $25.00 per share no par value per share,$16.55,-0.50,-2.933%,,United States,,69774,,
VNO^N,Vornado Realty Trust 5.25% Series N Cumulative Redeemable Preferred Shares of Beneficial Interest liquidation preference $25.00 per share,$16.51,-0.55,-3.224%,,United States,,121976,,
VNO^O,Vornado Realty Trust 4.45% Series O Cumulative Redeemable Preferred Shares Liquidation Preference $25.00 Per Share,$14.40,-0.10,-0.69%,,United States,,38709,,
VNOM,Viper Energy Inc. Class A Common Stock,$38.13,-0.09,-0.235%,11002110044.00,United States,2014,2447739,Energy,Oil & Gas Production
VNRX,VolitionRX Limited Common Stock,$0.76,-0.0777,-9.275%,78297235.00,Singapore,2015,105464,Health Care,Biotechnology: In Vitro & In Vivo Diagnostic Substances
VNT,Vontier Corporation Common Stock ,$36.90,-0.10,-0.27%,5457510000.00,United States,2020,1092686,Industrials,Industrial Machinery/Components
VNTG,Vantage Corp Class A Ordinary Shares,$3.84,-0.11,-2.785%,120000000.00,,2025,43635,,
VOC,VOC Energy Trust Units of Beneficial Interest,$2.86,0.10,3.623%,48620000.00,United States,2011,110072,Energy,Oil & Gas Production
VOD,Vodafone Group Plc American Depositary Shares,$10.66,0.11,1.043%,26361116271.00,United Kingdom,,12435918,Telecommunications,Telecommunications Equipment
VOR,Vor Biopharma Inc. Common Stock,$1.62,0.56,52.83%,202434422.00,United States,2021,66646347,Health Care,Biotechnology: Biological Products (No Diagnostic Substances)
VOXR,Vox Royalty Corp. Common Stock,$3.16,0.0525,1.689%,160390132.00,Canada,,568152,Basic Materials,Precious Metals
VOYA,Voya Financial Inc. Common Stock,$71.00,0.32,0.453%,6836869527.00,United States,2013,705461,Finance,Life Insurance
VOYA^B,Voya Financial Inc. Depositary Shares each representing a 1/40th interest in a share of 5.35% Fixed-Rate Reset Non-Cumulative Preferred Stock Series B,$23.80,-0.31,-1.286%,,United States,,204271,,
VOYG,Voyager Technologies Inc. Class A Common Stock,$39.25,-2.72,-6.481%,2160483359.00,,2025,1732813,Industrials,Military/Government/Technical
VPG,Vishay Precision Group Inc. Common Stock,$28.10,-0.21,-0.742%,372531254.00,United States,,118107,Technology,Electrical Products
VPV,Invesco Pennsylvania Value Municipal Income Trust Common Stock (DE),$10.06,0.08,0.802%,239725213.00,United States,,67904,Finance,Trusts Except Educational Religious and Charitable
VRA,Vera Bradley Inc. Common Stock,$2.21,0.11,5.238%,61732779.00,United States,2010,342843,Consumer Discretionary,Apparel
VRAR,The Glimpse Group Inc. Common Stock,$1.36,0.06,4.615%,28635488.00,United States,2021,70687,Technology,EDP Services
VRAX,Virax Biolabs Group Limited Ordinary Shares,$0.7917,0.0117,1.50%,3435978.00,United Kingdom,2022,91228,Health Care,Biotechnology: In Vitro & In Vivo Diagnostic Substances
VRCA,Verrica Pharmaceuticals Inc. Common Stock,$0.5301,0.0075,1.435%,49029475.00,United States,2018,168429,Health Care,Biotechnology: Pharmaceutical Preparations
VRDN,Viridian Therapeutics Inc. Common Stock,$13.98,-0.35,-2.442%,1140656523.00,United States,2014,470330,Health Care,Medical Specialities
VRE,Veris Residential Inc. Common Stock,$14.89,-0.10,-0.667%,1389552876.00,United States,,735738,Real Estate,Real Estate Investment Trusts
VREX,Varex Imaging Corporation Common Stock,$8.67,0.09,1.049%,359805000.00,United States,,448918,Technology,Industrial Machinery/Components
VRM,Vroom Inc. Common Stock,$28.51,0.00,0.00%,147204942.00,United States,,10877,Consumer Discretionary,Retail-Auto Dealers and Gas Stations
VRME,VerifyMe Inc. Common Stock,$0.7535,0.0035,0.467%,9358895.00,United States,,41848,Technology,EDP Services
VRNA,Verona Pharma plc American Depositary Share,$94.58,0.76,0.81%,8051784844.00,United Kingdom,2017,532213,Health Care,Biotechnology: Pharmaceutical Preparations
VRNS,Varonis Systems Inc. Common Stock,$50.75,0.49,0.975%,5680191669.00,United States,2014,1465034,Technology,Computer Software: Prepackaged Software
VRNT,Verint Systems Inc. Common Stock,$19.67,0.89,4.739%,1183355166.00,United States,2010,2241790,Technology,EDP Services
VRRM,Verra Mobility Corporation Class A Common Stock,$25.39,-0.01,-0.039%,4047894261.00,United States,2017,719099,Consumer Discretionary,Transportation Services
VRSK,Verisk Analytics Inc. Common Stock,$311.50,2.84,0.92%,43573889986.00,United States,2009,1045839,Technology,EDP Services
VRSN,VeriSign Inc. Common Stock,$288.80,1.12,0.389%,27118320000.00,United States,1998,833045,Technology,EDP Services
VRT,Vertiv Holdings LLC Class A Common Stock,$128.41,1.25,0.983%,48937715907.00,United States,2018,4969628,Technology,Industrial Machinery/Components
VRTS,Virtus Investment Partners Inc. Common Stock,$181.40,-1.79,-0.977%,1253685150.00,United States,,196770,Finance,Investment Managers
VRTX,Vertex Pharmaceuticals Incorporated Common Stock,$445.20,3.90,0.884%,114326107652.00,United States,1991,1114621,Health Care,Biotechnology: Pharmaceutical Preparations
VS,Versus Systems Inc. Common Stock,$2.33,0.12,5.43%,11420907.00,Canada,,24665,Technology,EDP Services
VSA,TCTM Kids IT Education Inc. American Depositary Shares,$1.0111,-0.0089,-0.873%,10064885.00,China,2014,84860,Real Estate,Other Consumer Services
VSAT,ViaSat Inc. Common Stock,$14.60,0.00,0.00%,1902665941.00,United States,1996,2138219,Technology,Radio And Television Broadcasting And Communications Equipment
VSCO,Victorias Secret & Co. Common Stock ,$18.52,-0.80,-4.141%,1478868374.00,United States,2021,2949370,Consumer Discretionary,Clothing/Shoe/Accessory Stores
VSEC,VSE Corporation Common Stock,$130.98,0.72,0.553%,2707315210.00,United States,,200348,Consumer Discretionary,Military/Government/Technical
VSEE,VSee Health Inc. Common Stock,$1.16,0.06,5.455%,18171142.00,United States,2021,225930,Health Care,Medical/Nursing Services
VSH,Vishay Intertechnology Inc. Common Stock,$15.88,-0.08,-0.501%,2152601172.00,United States,,1256755,Technology,Electrical Products
VSME,VS Media Holdings Limited Class A Ordinary Shares,$1.04,0.03,2.97%,9873127.00,China,2023,10761,Consumer Discretionary,Publishing
VSSYW,Versus Systems Inc. Class A Warrants,$0.04,-0.0146,-26.74%,196067.00,Canada,,5801,Technology,EDP Services
VST,Vistra Corp. Common Stock,$193.81,-1.23,-0.631%,65765926005.00,United States,,4752238,Utilities,Electric Utilities: Central
VSTA,Vasta Platform Limited Class A Ordinary Shares,$4.27,0.00,0.00%,342462638.00,Brazil,2020,46287,Real Estate,Other Consumer Services
VSTM,Verastem Inc. Common Stock,$4.15,0.00,0.00%,228039056.00,United States,2012,2366431,Health Care,Biotechnology: Pharmaceutical Preparations
VSTS,Vestis Corporation Common Stock,$5.73,-0.38,-6.219%,755115284.00,United States,2023,2692307,,
VTAK,Catheter Precision Inc. Common Stock,$0.242,0.0047,1.981%,2666186.00,,2018,7372517,Health Care,Medical/Dental Instruments
VTEX,VTEX Class A Common Shares,$6.60,0.14,2.167%,1256400130.00,United Kingdom,2021,1306767,Technology,Computer Software: Prepackaged Software
VTGN,Vistagen Therapeutics Inc. Common Stock,$2.00,0.03,1.523%,58315466.00,United States,,232737,Health Care,Biotechnology: Pharmaceutical Preparations
VTLE,Vital Energy Inc. Common Stock par value $0.01 per share,$16.09,-0.47,-2.838%,1330642533.00,United States,2011,1171885,Energy,Oil & Gas Production
VTMX,Corporacion Inmobiliaria Vesta S.A.B de C.V. American Depositary Shares each representing ten (10) Common Shares,$27.39,0.11,0.403%,2422608359.00,,2023,119494,Finance,Real Estate
VTN,Invesco Trust for Investment Grade New York Municipals Common Stock,$10.44,0.19,1.854%,203433621.00,United States,,68356,Finance,Finance Companies
VTOL,Bristow Group Inc. Common Stock,$32.97,-0.38,-1.139%,948711750.00,United States,,151392,Consumer Discretionary,Transportation Services
VTR,Ventas Inc. Common Stock,$63.15,0.27,0.429%,28499490171.00,United States,,4231414,Real Estate,Real Estate Investment Trusts
VTRS,Viatris Inc. Common Stock,$8.93,-0.08,-0.888%,10480979939.00,United States,,9400486,Health Care,Biotechnology: Pharmaceutical Preparations
VTS,Vitesse Energy Inc. Common Stock,$22.09,-0.40,-1.779%,852975440.00,United States,2023,386297,Energy,Oil & Gas Production
VTSI,VirTra Inc. Common Stock,$7.07,0.63,9.783%,79619427.00,United States,,323204,Consumer Discretionary,Miscellaneous manufacturing industries
VTVT,vTv Therapeutics Inc. Class A Common Stock,$15.00,0.51,3.52%,47918460.00,United States,2015,1639,Health Care,Biotechnology: Pharmaceutical Preparations
VTYX,Ventyx Biosciences Inc. Common Stock,$2.14,-0.20,-8.547%,152284970.00,United States,2021,1921385,Health Care,Biotechnology: Pharmaceutical Preparations
VUZI,Vuzix Corporation Common Stock,$2.92,0.11,3.915%,222627852.00,United States,,3756840,Technology,Radio And Television Broadcasting And Communications Equipment
VVOS,Vivos Therapeutics Inc. Common Stock,$3.16,-0.12,-3.659%,18610883.00,United States,2020,123451,Health Care,Medical/Dental Instruments
VVPR,VivoPower International PLC Ordinary Shares,$4.07,0.48,13.37%,18069713.00,United Kingdom,,1143086,Utilities,Power Generation
VVR,Invesco Senior Income Trust Common Stock (DE),$3.80,0.06,1.604%,0.00,United States,1998,1659631,Finance,Trusts Except Educational Religious and Charitable
VVV,Valvoline Inc. Common Stock,$37.87,-0.33,-0.864%,4813719322.00,United States,2016,1885779,Industrials,Major Chemicals
VVX,V2X Inc. Common Stock,$48.55,0.25,0.518%,1538282232.00,United States,2014,215061,Consumer Discretionary,Diversified Commercial Services
VXRT,Vaxart Inc Common Stock,$0.452,-0.0425,-8.595%,103156775.00,United States,,2694964,Health Care,Biotechnology: Biological Products (No Diagnostic Substances)
VYGR,Voyager Therapeutics Inc. Common Stock,$3.11,0.15,5.068%,172096347.00,United States,2015,990183,Health Care,Biotechnology: Biological Products (No Diagnostic Substances)
VYNE,VYNE Therapeutics Inc. Common Stock,$1.65,0.23,16.197%,27497072.00,United States,2018,1052440,Health Care,Biotechnology: Pharmaceutical Preparations
VYX,NCR Voyix Corporation Common Stock,$11.73,-0.05,-0.424%,1615830608.00,United States,,1352375,Miscellaneous,Office Equipment/Supplies/Services
VZ,Verizon Communications Inc. Common Stock,$43.27,0.96,2.269%,182437350129.00,United States,,22784363,Telecommunications,Telecommunications Equipment
VZLA,Vizsla Silver Corp. Common Shares,$2.94,0.11,3.887%,842653301.00,Canada,2024,4023333,Basic Materials,Precious Metals
W,Wayfair Inc. Class A Common Stock,$51.14,-0.08,-0.156%,6562053289.00,United States,2014,3345566,Consumer Discretionary,Catalog/Specialty Distribution
WAB,Westinghouse Air Brake Technologies Corporation Common Stock,$209.35,1.66,0.799%,35825297186.00,United States,,1255302,Industrials,Railroads
WABC,Westamerica Bancorporation Common Stock,$48.44,-0.13,-0.268%,1268191897.00,United States,,109407,Finance,Major Banks
WAFD,WaFd Inc. Common Stock,$29.28,-0.04,-0.136%,2347033648.00,United States,,398203,Finance,Major Banks
WAFDP,WaFd Inc. Depositary Shares,$15.44,-0.1053,-0.677%,1237643426.00,United States,,78411,Finance,Major Banks
WAFU,Wah Fu Education Group Limited Ordinary Shares,$1.40,0.00,0.00%,6174783.00,China,2019,7188,Real Estate,Other Consumer Services
WAI,Top KingWin Ltd Class A Ordinary Shares,$3.51,0.07,2.035%,25833351.00,China,2023,2771350,Consumer Discretionary,Business Services
WAL,Western Alliance Bancorporation Common Stock (DE),$77.98,0.36,0.464%,8609323883.00,United States,2005,1026624,Finance,Major Banks
WAL^A,Western Alliance Bancorporation Depositary Shares Each Representing a 1/400th Interest in a Share of 4.250% Fixed-Rate Non-Cumulative Perpetual Preferred Stock Series A,$21.82,-0.15,-0.683%,,United States,,205250,,
WALD,Waldencast plc Class A Ordinary Share,$2.45,-0.15,-5.769%,300666232.00,United States,2021,138570,Consumer Discretionary,Package Goods/Cosmetics
WALDW,Waldencast plc Warrant ,$0.097,0.0271,38.77%,11903928.00,United States,2021,3535,Consumer Discretionary,Package Goods/Cosmetics
WASH,Washington Trust Bancorp Inc. Common Stock,$28.28,0.03,0.106%,545552534.00,United States,,224893,Finance,Major Banks
WAT,Waters Corporation Common Stock,$349.04,-3.37,-0.956%,20771052425.00,United States,1995,429411,Industrials,Biotechnology: Laboratory Analytical Instruments
WATT,Energous Corporation Common Stock,$0.2729,-0.0034,-1.231%,9315797.00,United States,2014,435476,Technology,Radio And Television Broadcasting And Communications Equipment
WAVE,Eco Wave Power Global AB (publ) American Depositary Shares,$6.15,-0.07,-1.125%,287413141.00,Israel,2021,17314,Utilities,Electric Utilities: Central
WAY,Waystar Holding Corp. Common Stock,$40.87,1.11,2.792%,7071286489.00,United States,2024,2739334,Technology,EDP Services
WB,Weibo Corporation American Depositary Share,$9.53,-0.14,-1.448%,2333184918.00,China,2014,593485,Technology,Computer Software: Programming Data Processing
WBA,Walgreens Boots Alliance Inc. Common Stock,$11.48,0.03,0.262%,9936636549.00,United States,,8719297,Consumer Staples,Retail-Drug Stores and Proprietary Stores
WBD,Warner Bros. Discovery Inc. Series A Common Stock ,$11.46,0.16,1.416%,28352899534.00,United States,,43956400,Telecommunications,Cable & Other Pay Television Services
WBS,Webster Financial Corporation Common Stock,$54.60,-0.16,-0.292%,9185308423.00,United States,,1246778,Finance,Major Banks
WBS^F,Webster Financial Corporation Depositary Shares Each Representing 1/1000th Interest in a Share of 5.25% Series F Non-Cumulative Perpetual Preferred Stock,$19.06,0.18,0.953%,,United States,,7317,,
WBS^G,Webster Financial Corporation Depositary Shares each representing a 1/40th interest in a share of 6.50% Series G non-cumulative perpetual preferred stock,$23.17,-0.131,-0.562%,,United States,,6875,,
WBTN,WEBTOON Entertainment Inc. Common stock,$9.08,0.42,4.85%,1182114177.00,United States,2024,278529,Consumer Discretionary,Publishing
WBUY,WEBUY GLOBAL LTD. Class A Ordinary Shares,$7.73,2.10,37.30%,6033876.00,Singapore,2023,44385858,Consumer Discretionary,Other Specialty Stores
WBX,Wallbox N.V. Class A Ordinary Shares,$0.3177,-0.0093,-2.844%,88623122.00,Spain,,337202,Consumer Discretionary,Industrial Specialties
WCC,WESCO International Inc. Common Stock,$185.20,-0.26,-0.14%,9038443758.00,United States,1999,522209,Consumer Discretionary,Telecommunications Equipment
WCN,Waste Connections Inc. Common Shares,$186.72,0.82,0.441%,48180747249.00,Canada,,1048072,Utilities,Environmental Services
WCT,Wellchange Holdings Company Limited Ordinary shares,$0.1817,0.0061,3.474%,8406351.00,Hong Kong,2024,340638,Technology,Computer Software: Prepackaged Software
WD,Walker & Dunlop Inc Common Stock,$70.48,-0.05,-0.071%,2395018516.00,United States,2010,306838,Finance,Finance: Consumer Services
WDAY,Workday Inc. Class A Common Stock,$240.00,2.63,1.108%,64080000000.00,United States,,1516770,Technology,EDP Services
WDC,Western Digital Corporation Common Stock,$63.99,0.70,1.106%,22324726576.00,United States,,6074223,Technology,Electronic Components
WDFC,WD-40 Company Common Stock,$228.09,-0.69,-0.302%,3089562075.00,United States,1973,169731,Industrials,Major Chemicals
WDH,Waterdrop Inc. American Depositary Shares (each representing the right to receive 10 Class A Ordinary Shares),$1.35,0.02,1.504%,488244389.00,Cayman Islands,2021,191432,Finance,Specialty Insurers
WDI,Western Asset Diversified Income Fund Common Shares of Beneficial Interest,$14.84,0.05,0.338%,0.00,United States,2021,157581,Finance,Trusts Except Educational Religious and Charitable
WDS,Woodside Energy Group Limited American Depositary Shares each representing one Ordinary Share,$15.43,0.01,0.065%,29297708967.00,Australia,2022,924217,Energy,Oil & Gas Production
WEA,Western Asset Bond Fund Share of Beneficial Interest,$10.85,0.07,0.649%,0.00,United States,2002,50459,Finance,Trusts Except Educational Religious and Charitable
WEAV,Weave Communications Inc. Common Stock,$8.32,0.09,1.094%,625512609.00,United States,2021,643082,Technology,Computer Software: Prepackaged Software
WEC,WEC Energy Group Inc. Common Stock,$104.20,1.07,1.038%,33253710804.00,United States,,1925800,Utilities,Power Generation
WELL,Welltower Inc. Common Stock,$153.73,1.60,1.052%,100531975625.00,United States,,4618446,Real Estate,Real Estate Investment Trusts
WEN,Wendy's Company (The) Common Stock,$11.42,-0.14,-1.211%,2192928332.00,United States,,6280566,Consumer Discretionary,Restaurants
WENNU,Wen Acquisition Corp Unit,$10.57,-0.02,-0.189%,0.00,United States,2025,37473,Finance,Blank Checks
WERN,Werner Enterprises Inc. Common Stock,$27.36,-0.24,-0.87%,1689532367.00,United States,1986,852259,Industrials,Trucking Freight/Courier Services
WES,Western Midstream Partners LP Common Units Representing Limited Partner Interests,$38.70,0.14,0.363%,14757368909.00,United States,2012,1029516,Utilities,Natural Gas Distribution
WEST,Westrock Coffee Company Common Stock,$5.73,-0.22,-3.697%,542293938.00,United States,,258493,Consumer Staples,Beverages (Production/Distribution)
WETH,Wetouch Technology Inc. Common Stock,$0.9498,-0.0402,-4.061%,11332571.00,China,,112971,Technology,Computer peripheral equipment
WETO,Webus International Limited Ordinary Shares,$2.23,-0.08,-3.463%,49060000.00,China,2025,21324,Industrials,Other Transportation
WEX,WEX Inc. common stock,$146.89,0.01,0.007%,5030181215.00,United States,,386227,Consumer Discretionary,Business Services
WEYS,Weyco Group Inc. Common Stock,$33.16,-0.62,-1.835%,317629327.00,United States,,10179,Consumer Staples,Apparel
WF,Woori Financial Group Inc. American Depositary Shares (each representing three (3) shares of Common Stock),$49.73,0.69,1.407%,12288076720.00,South Korea,,46213,Finance,Commercial Banks
WFC,Wells Fargo & Company Common Stock,$80.12,0.62,0.78%,260725097574.00,United States,,21676321,Finance,Major Banks
WFC^A,Wells Fargo & Company Depositary Shares each representing a 1/1000th interest in a share of Non-Cumulative Perpetual Class A Preferred Stock Series AA,$18.83,0.15,0.803%,,United States,,164382,,
WFC^C,Wells Fargo & Company Depositary Shares each representing a 1/1000th interest in a share of Non-Cumulative Perpetual Class A Preferred Stock Series CC,$17.56,0.09,0.515%,,United States,,273678,,
WFC^D,Wells Fargo & Company Depositary Shares each representing a 1/1000th interest in  a share of Non-Cumulative Perpetual Class A Preferred Stock Series DD,$17.25,0.22,1.292%,,United States,,231682,,
WFC^L,Wells Fargo & Company 7.50% Non-Cumulative Perpetual Convertible Class A Preferred Stock Series L,$1174.13,15.13,1.305%,,United States,,12201,,
WFC^Y,Wells Fargo & Company Depositary Shares each representing a 1/1000th interest in a share of Non-Cumulative Perpetual Class A Preferred Stock Series Y,$23.19,0.14,0.607%,,United States,,96471,,
WFC^Z,Wells Fargo & Company Depositary Shares each representing a 1/1000th interest in a share of Non-Cumulative Perpetual Class A Preferred Stock Series Z,$19.04,0.20,1.062%,,United States,,586791,,
WFCF,Where Food Comes From Inc. Common Stock,$11.06,-0.49,-4.242%,57649000.00,United States,,7429,Technology,Computer Software: Prepackaged Software
WFF,WF Holding Limited Ordinary Shares,$2.33,-1.66,-41.604%,58133500.00,Malaysia,2025,6711415,Consumer Discretionary,Miscellaneous manufacturing industries
WFG,West Fraser Timber Co. Ltd Common stock,$73.30,0.30,0.411%,5815360759.00,,2021,272573,Basic Materials,Forest Products
WFRD,Weatherford International plc Ordinary Shares,$50.31,0.23,0.459%,3650299806.00,United States,,1088439,Industrials,Metal Fabrications
WGO,Winnebago Industries Inc. Common Stock,$29.00,-0.27,-0.922%,812885660.00,United States,,775226,Industrials,Homebuilding
WGRX,Wellgistics Health Inc. Common Stock,$0.9686,-0.0414,-4.099%,69604085.00,United States,2025,285613,Health Care,Other Pharmaceuticals
WGS,GeneDx Holdings Corp. Class A Common Stock,$92.31,1.21,1.328%,2633900061.00,United States,2020,606956,Technology,Retail: Computer Software & Peripheral Equipment
WGSWW,GeneDx Holdings Corp. Warrant,$0.0724,-0.0061,-7.771%,2065804.00,United States,2020,87238,Technology,Retail: Computer Software & Peripheral Equipment
WH,Wyndham Hotels & Resorts Inc. Common Stock ,$81.21,-0.66,-0.806%,6252978507.00,United States,2018,931240,Consumer Discretionary,Hotels/Resorts
WHD,Cactus Inc. Class A Common Stock,$43.72,-0.60,-1.354%,3489968324.00,United States,2018,515224,Industrials,Metal Fabrications
WHF,WhiteHorse Finance Inc. Common Stock,$8.72,-0.02,-0.229%,202679727.00,United States,,107434,Finance,Finance Companies
WHFCL,WhiteHorse Finance Inc. 7.875% Notes due 2028,$25.20,0.0601,0.239%,585725818.00,United States,,1091,,
WHG,Westwood Holdings Group Inc Common Stock,$15.60,0.13,0.84%,146323008.00,United States,,38665,Finance,Investment Managers
WHLR,Wheeler Real Estate Investment Trust Inc. Common Stock,$6.06,-0.12,-1.942%,2658619.00,United States,2012,110249,Real Estate,Real Estate Investment Trusts
WHLRD,Wheeler Real Estate Investment Trust Inc. Series D Cumulative Preferred Stock,$34.18,-0.33,-0.956%,14995313.00,United States,,101,Real Estate,Real Estate Investment Trusts
WHLRL,Wheeler Real Estate Investment Trust Inc. 7.00% Senior Subordinated Convertible Notes Due 2031,$151.50,0.00,0.00%,66465474.00,United States,,106,Real Estate,Real Estate Investment Trusts
WHLRP,Wheeler Real Estate Investment Trust Inc. Class B Preferred Stock,$3.96,-0.04,-1.00%,1737315.00,United States,,113,Real Estate,Real Estate Investment Trusts
WHR,Whirlpool Corporation Common Stock,$101.42,5.25,5.459%,5639975733.00,United States,,2137148,Consumer Discretionary,Consumer Electronics/Appliances
WHWK,Whitehawk Therapeutics Inc. Common Stock,$1.87,-0.06,-3.109%,88094378.00,United States,,68840,Health Care,Biotechnology: Pharmaceutical Preparations
WIA,Western Asset Inflation-Linked Income Fund,$8.40,0.00,0.00%,0.00,United States,2003,27616,Finance,Trusts Except Educational Religious and Charitable
WILC,G. Willi-Food International  Ltd. Ordinary Shares,$18.86,0.76,4.199%,261531941.00,Israel,,56791,Consumer Discretionary,Food Distributors
WIMI,WiMi Hologram Cloud Inc. Class B Ordinary Shares,$2.77,-0.21,-7.047%,13601816.00,China,2020,393107,Technology,Computer Software: Prepackaged Software
WINA,Winmark Corporation Common Stock,$377.61,2.66,0.709%,1333722296.00,United States,,66894,Consumer Discretionary,Other Specialty Stores
WING,Wingstop Inc. Common Stock,$336.74,-10.87,-3.127%,9396018505.00,United States,2015,842651,Consumer Discretionary,Restaurants
WINT,Windtree Therapeutics Inc. Common Stock,$0.5161,0.0666,14.816%,1889591.00,United States,,2470293,Health Care,Biotechnology: Biological Products (No Diagnostic Substances)
WIT,Wipro Limited Common Stock,$3.02,-0.02,-0.658%,31625850868.00,India,,5217531,Technology,EDP Services
WIW,Western Asset Inflation-Linked Opportunities & Income Fund,$8.76,0.01,0.114%,0.00,United States,2004,161409,Finance,Finance Companies
WIX,Wix.com Ltd. Ordinary Shares,$158.46,0.45,0.285%,8821178852.00,Israel,2013,868711,Technology,Computer Software: Programming Data Processing
WK,Workiva Inc. Class A Common Stock,$68.45,2.63,3.996%,3814976830.00,United States,2014,726259,Technology,Computer Software: Prepackaged Software
WKC,World Kinect Corporation Common Stock,$28.35,0.18,0.639%,1605382623.00,United States,,681186,Energy,Oil Refining/Marketing
WKEY,WISeKey International Holding Ltd American Depositary Shares,$6.56,-0.01,-0.152%,59761298.00,Switzerland,,119795,Technology,EDP Services
WKHS,Workhorse Group Inc. Common Stock,$1.10,-0.04,-3.509%,10420361.00,United States,,365622,Consumer Discretionary,Auto Manufacturing
WKSP,Worksport Ltd. Common Stock,$2.83,-0.14,-4.714%,14716368.00,Canada,,83587,Consumer Discretionary,Auto Parts:O.E.M.
WLAC,Willow Lane Acquisition Corp. Class A Ordinary Shares,$10.23,-0.02,-0.195%,0.00,United States,2024,521689,,
WLACU,Willow Lane Acquisition Corp. Unit,$10.40,0.00,0.00%,0.00,United States,2024,10,Finance,Blank Checks
WLACW,Willow Lane Acquisition Corp. Warrants,$0.36,0.00,0.00%,0.00,United States,2024,12607,,
WLDN,Willdan Group Inc. Common Stock,$62.51,0.21,0.337%,906196468.00,United States,2006,139509,Consumer Discretionary,Military/Government/Technical
WLDS,Wearable Devices Ltd. Ordinary Share,$1.50,0.08,5.634%,1543470.00,Israel,2022,122670,Telecommunications,Computer Communications Equipment
WLDSW,Wearable Devices Ltd. Warrant,$1.6899,0.00,0.00%,1738873.00,Israel,2022,304,Telecommunications,Computer Communications Equipment
WLFC,Willis Lease Finance Corporation Common Stock,$142.78,-6.06,-4.071%,985606771.00,United States,1996,191540,Consumer Discretionary,Industrial Specialties
WLGS,Wang & Lee Group Inc. Ordinary Shares,$0.0385,-0.0071,-15.57%,668280.00,Hong Kong,2023,51744110,Consumer Discretionary,Engineering & Construction
WLK,Westlake Corporation Common Stock,$75.93,-0.21,-0.276%,9737112555.00,United States,2004,1211708,Industrials,Major Chemicals
WLKP,Westlake Chemical Partners LP Common Units representing limited partner interests,$22.09,-0.07,-0.316%,778419702.00,United States,2014,37903,Industrials,Major Chemicals
WLY,John Wiley & Sons Inc. Common Stock,$44.63,-0.50,-1.108%,2382951012.00,United States,,870953,Consumer Discretionary,Books
WLYB,John Wiley & Sons Inc. Common Stock,$45.14,-0.27,-0.595%,2410181687.00,United States,,725,Consumer Discretionary,Books
WM,Waste Management Inc. Common Stock,$228.82,0.56,0.245%,92078993068.00,United States,,1752230,Utilities,Environmental Services
WMB,Williams Companies Inc. (The) Common Stock,$62.81,0.14,0.223%,76691410665.00,United States,,8237652,Utilities,Natural Gas Distribution
WMG,Warner Music Group Corp. Class A Common Stock,$27.24,0.04,0.147%,14199309784.00,United States,2020,1395916,Consumer Discretionary,Services-Misc. Amusement & Recreation
WMK,Weis Markets Inc. Common Stock,$72.49,0.36,0.499%,1949868133.00,United States,,96629,Consumer Staples,Food Chains
WMS,Advanced Drainage Systems Inc. Common Stock,$114.86,-1.11,-0.957%,8911428836.00,United States,2014,621714,Consumer Discretionary,Containers/Packaging
WMT,Walmart Inc. Common Stock,$97.78,0.51,0.524%,780325288076.00,United States,,17796759,Consumer Discretionary,Department/Specialty Retail Stores
WNC,Wabash National Corporation Common Stock,$10.63,-0.13,-1.208%,445079599.00,United States,1991,433051,Industrials,Construction/Ag Equipment/Trucks
WNEB,Western New England Bancorp Inc. Common Stock,$9.23,0.03,0.326%,191162788.00,United States,,118478,Finance,Savings Institutions
WNS,WNS (Holdings) Limited Ordinary Shares,$63.24,2.80,4.633%,2935391412.00,India,2024,1418795,Consumer Discretionary,Business Services
WNW,Meiwu Technology Company Limited Ordinary Shares,$1.946,0.206,11.839%,6165187.00,China,2020,44963,Consumer Discretionary,Catalog/Specialty Distribution
WOK,WORK Medical Technology Group LTD Class A Ordinary Shares,$0.6901,-0.0247,-3.456%,10069899.00,China,2024,45082,Health Care,Medical/Dental Instruments
WOLF,Wolfspeed Inc. Common Stock,$0.3988,-0.0143,-3.462%,62063936.00,United States,,87250381,Technology,Semiconductors
WOOF,Petco Health and Wellness Company Inc. Class A Common Stock,$2.83,0.00,0.00%,896483514.00,United States,2021,4626557,Consumer Discretionary,Other Specialty Stores
WOR,Worthington Enterprises Inc. Common Shares,$63.64,-0.17,-0.266%,3176732263.00,United States,,274708,Industrials,Steel/Iron Ore
WORX,SCWorx Corp. Common Stock,$0.4331,0.0141,3.365%,1575922.00,United States,2016,462656,Consumer Discretionary,Services-Misc. Amusement & Recreation
WOW,WideOpenWest Inc. Common Stock,$4.06,0.00,0.00%,347032308.00,United States,2017,212700,Telecommunications,Cable & Other Pay Television Services
WPC,W. P. Carey Inc. REIT,$62.38,-0.49,-0.779%,13659736791.00,United States,,1491901,Real Estate,Real Estate Investment Trusts
WPM,Wheaton Precious Metals Corp Common Shares (Canada),$89.80,2.47,2.828%,40763092971.00,Canada,,2045576,Basic Materials,Precious Metals
WPP,WPP plc American Depositary Shares,$35.01,-0.14,-0.398%,7553774125.00,Ireland,,377471,Consumer Discretionary,Advertising
WPRT,Westport Fuel Systems Inc Common Shares,$3.1394,0.1544,5.173%,54395542.00,Canada,2008,39790,Industrials,Industrial Machinery/Components
WRAP,Wrap Technologies Inc. Common Stock,$1.56,-0.02,-1.266%,78900382.00,United States,,85443,Industrials,Ordnance And Accessories
WRB,W.R. Berkley Corporation Common Stock,$73.47,1.18,1.632%,27871273638.00,United States,,1537823,Finance,Property-Casualty Insurers
WRB^E,W.R. Berkley Corporation 5.70% Subordinated Debentures due 2058,$22.66,0.11,0.488%,,United States,,164816,,
WRB^F,W.R. Berkley Corporation 5.10% Subordinated Debentures due 2059,$20.45,0.32,1.59%,,United States,,224465,,
WRB^G,W.R. Berkley Corporation 4.25% Subordinated Debentures due 2060,$16.30,-0.11,-0.67%,,United States,,66885,,
WRB^H,W.R. Berkley Corporation 4.125% Subordinated Debentures due 2061,$15.90,-0.08,-0.501%,,United States,,68445,,
WRBY,Warby Parker Inc. Class A Common Stock,$21.93,0.04,0.183%,2662440466.00,United States,2021,1273418,Health Care,Ophthalmic Goods
WRD,WeRide Inc. American Depositary Shares,$7.88,-0.15,-1.868%,2242087771.00,China,2024,4453617,Technology,EDP Services
WRLD,World Acceptance Corporation Common Stock,$165.12,-2.96,-1.761%,876342532.00,United States,1991,54743,Finance,Finance: Consumer Services
WRN,Western Copper and Gold Corporation Common Stock,$1.25,0.02,1.626%,250007698.00,Canada,2011,452760,Basic Materials,Metal Mining
WS,Worthington Steel Inc. Common Shares,$29.83,-2.20,-6.869%,1513590487.00,United States,2023,478535,Industrials,Steel/Iron Ore
WSBC,WesBanco Inc. Common Stock,$31.63,-0.04,-0.126%,3026111813.00,United States,,599098,Finance,Major Banks
WSBCP,WesBanco Inc. Depositary Shares Each Representing a 1/40th Interest in a Share of 6.75% Fixed-Rate Reset Non-Cumulative Perpetual Preferred Stock Series A,$25.25,-0.0366,-0.145%,2415723151.00,United States,,64690,Finance,Major Banks
WSBF,Waterstone Financial Inc. Common Stock (MD),$13.81,-0.11,-0.79%,263432904.00,United States,2005,37371,Finance,Savings Institutions
WSBK,Winchester Bancorp Inc. Common Stock,$8.95,-0.03,-0.334%,0.00,United States,2025,30110,,
WSC,WillScot Holdings Corporation Class A Common Stock,$27.40,-0.98,-3.453%,4997474300.00,United States,2015,1985071,Industrials,Misc Corporate Leasing Services
WSFS,WSFS Financial Corporation Common Stock,$55.00,-0.03,-0.055%,3122734670.00,United States,,546109,Finance,Major Banks
WSM,Williams-Sonoma Inc. Common Stock (DE),$163.37,-0.85,-0.518%,20094193226.00,United States,,1697202,Consumer Discretionary,Home Furnishings
WSO,Watsco Inc. Common Stock,$441.62,5.12,1.173%,17890777837.00,United States,,451145,Consumer Discretionary,Industrial Machinery/Components
WSO/B,Watsco Inc.,$437.48,0.00,0.00%,,United States,,102,,
WSR,Whitestone REIT Common Shares,$12.48,-0.05,-0.399%,635176901.00,United States,2010,282406,Real Estate,Real Estate Investment Trusts
WST,West Pharmaceutical Services Inc. Common Stock,$218.80,-0.07,-0.032%,15719765643.00,United States,,666723,Health Care,Medical/Dental Instruments
WT,WisdomTree Inc. Common Stock,$11.51,0.09,0.788%,1692330597.00,United States,2022,2772253,Finance,Investment Bankers/Brokers/Service
WTBA,West Bancorporation Common Stock,$19.63,-0.26,-1.307%,332203986.00,United States,,26508,Finance,Major Banks
WTF,Waton Financial Limited Ordinary Shares,$5.97,-0.09,-1.485%,287791145.00,Hong Kong,2025,172819,Finance,Investment Bankers/Brokers/Service
WTFC,Wintrust Financial Corporation Common Stock,$123.98,0.66,0.535%,8298021817.00,United States,,397264,Finance,Major Banks
WTFCM,Wintrust Financial Corporation Fixed-to-Floating Rate Non-Cumulative Perpetual Preferred Stock Series D,$25.36,0.0198,0.078%,1697353067.00,United States,,58136,Finance,Major Banks
WTFCN,Wintrust Financial Corporation Depositary Shares Each Representing a 1/1000th Interest in a Share of 7.875% Fixed-Rate Reset Non-Cumulative Perpetual Preferred StocK,$25.60,-0.25,-0.967%,1713416346.00,United States,,246829,Finance,Major Banks
WTFCP,Wintrust Financial Corporation Depositary Shares Each Representing a 1/1000th Interest in a Share of 6.875% Fixed-Rate Reset Non-Cumulative Perpetual Preferred Stock Series E,$25.38,0.01,0.039%,1698691674.00,United States,,116432,Finance,Major Banks
WTGUU,Wintergreen Acquisition Corp. Unit,$10.09,0.01,0.099%,0.00,China,2025,50949,,
WTI,W&T Offshore Inc. Common Stock,$1.65,-0.08,-4.624%,243625496.00,United States,2005,1724350,Energy,Oil & Gas Production
WTM,White Mountains Insurance Group Ltd. Common Stock,$1795.72,11.79,0.661%,4621691253.00,United States,,25285,Finance,Property-Casualty Insurers
WTO,UTime Limited Ordinary Shares,$0.9622,0.0422,4.587%,3467781.00,China,2021,15433,Technology,Consumer Electronics/Appliances
WTRG,Essential Utilities Inc. Common Stock,$37.14,0.22,0.596%,10411738501.00,United States,,1669243,Utilities,Water Supply
WTS,Watts Water Technologies Inc. Class A Common Stock,$245.89,-0.06,-0.024%,8206698990.00,United States,1986,177538,Industrials,Metal Fabrications
WTTR,Select Water Solutions Inc. Class A common stock,$8.64,-0.13,-1.482%,1038659656.00,United States,2017,662325,Energy,Oilfield Services/Equipment
WTW,Willis Towers Watson Public Limited Company Ordinary Shares,$306.50,2.92,0.962%,30389410942.00,United Kingdom,,705821,Finance,Specialty Insurers
WU,Western Union Company (The) Common Stock,$8.42,0.05,0.597%,2783023152.00,United States,,9731738,Consumer Discretionary,Business Services
WULF,TeraWulf Inc. Common Stock,$4.38,0.16,3.791%,1684477964.00,United States,,52634941,Technology,EDP Services
WVE,Wave Life Sciences Ltd. Ordinary Shares,$6.50,-0.17,-2.549%,1001871904.00,Singapore,2015,850813,Health Care,Biotechnology: Pharmaceutical Preparations
WVVI,Willamette Valley Vineyards Inc. Common Stock,$5.55,0.17,3.16%,27553136.00,United States,,36086,Consumer Staples,Beverages (Production/Distribution)
WVVIP,Willamette Valley Vineyards Inc. Series A Redeemable Preferred Stock,$3.1133,-0.0099,-0.317%,15456068.00,United States,,2443,Consumer Staples,Beverages (Production/Distribution)
WWD,Woodward Inc. Common Stock,$245.09,-0.87,-0.354%,14583167000.00,United States,,634226,Energy,Industrial Machinery/Components
WWR,Westwater Resources Inc. Common Stock,$0.6012,0.0005,0.083%,45936947.00,United States,,464562,Basic Materials,Metal Mining
WWW,Wolverine World Wide Inc. Common Stock,$18.08,-0.45,-2.428%,1465276442.00,United States,,1357063,Consumer Discretionary,Shoe Manufacturing
WXM,WF International Limited Ordinary Shares,$2.70,-0.04,-1.46%,18630000.00,China,2025,117383,Consumer Discretionary,Engineering & Construction
WY,Weyerhaeuser Company Common Stock,$25.69,-0.16,-0.619%,18632263370.00,United States,,5859157,Real Estate,Real Estate Investment Trusts
WYHG,Wing Yip Food Holdings Group Limited American Depositary Shares,$1.49,0.33,28.448%,74993083.00,China,2024,2607315,Consumer Staples,Specialty Foods
WYNN,Wynn Resorts Limited Common stock,$93.67,-1.01,-1.067%,9793601375.00,United States,2002,1730603,Consumer Discretionary,Hotels/Resorts
WYY,WidePoint Corporation Common Stock,$3.42,-0.02,-0.581%,33449608.00,United States,,75139,Technology,EDP Services
XAGE,Longevity Health Holdings Inc. Common Stock,$2.52,-0.07,-2.703%,2530067.00,United States,2021,29214,Health Care,Medical/Dental Instruments
XAGEW,Longevity Health Holdings Inc. Warrant,$0.0304,0.0058,23.577%,30521.00,United States,2021,220,Health Care,Medical/Dental Instruments
XAIR,Beyond Air Inc. Common Stock,$0.1723,0.0123,7.688%,15988540.00,United States,,1890481,Health Care,Medical/Dental Instruments
XBIO,Xenetic Biosciences Inc. Common Stock,$3.92,0.39,11.048%,6045185.00,United States,,56434,Health Care,Biotechnology: Pharmaceutical Preparations
XBIT,XBiotech Inc. Common Stock,$2.97,0.17,6.071%,90548561.00,United States,2015,131607,Health Care,Biotechnology: Pharmaceutical Preparations
XBP,XBP Europe Holdings Inc. Common Stock,$0.9299,0.0299,3.322%,33397868.00,United States,2021,135390,Consumer Discretionary,Business Services
XBPEW,XBP Europe Holdings Inc. Warrant,$0.0546,0.0172,45.989%,1960989.00,United States,2021,2720,Consumer Discretionary,Business Services
XCH,XCHG Limited American Depositary Share,$1.34,-0.02,-1.471%,79665061.00,Germany,2024,9689,Industrials,Electrical Products
XCUR,Exicure Inc. Common Stock,$7.04,1.15,19.525%,44477108.00,United States,,4254765,Health Care,Biotechnology: Pharmaceutical Preparations
XEL,Xcel Energy Inc. Common Stock,$68.10,0.32,0.472%,39277397745.00,United States,,4116025,Utilities,Power Generation
XELB,Xcel Brands Inc. Common Stock,$1.81,-0.02,-1.093%,4374303.00,United States,,62115,Miscellaneous,Multi-Sector Companies
XENE,Xenon Pharmaceuticals Inc. Common Shares,$31.30,-1.10,-3.395%,2401761649.00,Canada,2014,1061528,Health Care,Biotechnology: Pharmaceutical Preparations
XERS,Xeris Biopharma Holdings Inc. Common Stock,$4.67,-0.03,-0.638%,747923850.00,United States,2018,3019269,Health Care,Biotechnology: Pharmaceutical Preparations
XFLT,XAI Octagon Floating Rate & Alternative Income Trust Common Shares of Beneficial Interest,$5.65,0.07,1.254%,200397206.00,United States,2017,493000,Finance,Investment Managers
XFLT^A,XAI Octagon Floating Rate & Alternative Income Trust 6.50% Series 2026 Term Preferred Shares (Liquidation Preference $25.00),$25.24,-0.05,-0.198%,,United States,,5851,,
XFOR,X4 Pharmaceuticals Inc. Common Stock,$1.90,0.07,3.825%,10998503.00,United States,2017,453640,Health Care,Biotechnology: Biological Products (No Diagnostic Substances)
XGN,Exagen Inc. Common Stock,$6.98,-0.02,-0.286%,125656864.00,United States,2019,147252,Health Care,Medical Specialities
XHG,XChange TEC.INC American Depositary Shares ,$1.28,-0.09,-6.569%,1313658.00,China,2019,23417,Finance,Real Estate
XHLD,TEN Holdings Inc. Common Stock,$0.3649,-0.0321,-8.086%,10470237.00,United States,2025,1095968,Consumer Discretionary,Business Services
XHR,Xenia Hotels & Resorts Inc. Common Stock,$12.57,-0.22,-1.72%,1240698420.00,United States,2015,1375971,Consumer Discretionary,Hotels/Resorts
XIFR,XPLR Infrastructure LP Common Units representing limited partner interests,$8.20,-0.13,-1.561%,770808339.00,United States,2014,1163705,Utilities,Electric Utilities: Central
XIN,Xinyuan Real Estate Co Ltd American Depositary Shares,$1.80,0.04,2.273%,10104624.00,China,2007,2405,Consumer Discretionary,Homebuilding
XLO,Xilio Therapeutics Inc. Common Stock,$0.6799,0.0046,0.681%,35206767.00,United States,2021,381095,Health Care,Biotechnology: Pharmaceutical Preparations
XMTR,Xometry Inc. Class A Common Stock,$33.79,0.16,0.476%,1712364206.00,United States,2021,595102,Consumer Discretionary,Business Services
XNCR,Xencor Inc. Common Stock,$7.86,-0.28,-3.44%,559402126.00,United States,2013,891692,Health Care,Biotechnology: Pharmaceutical Preparations
XNET,Xunlei Limited American Depositary Shares,$4.05,-0.05,-1.22%,1263034341.00,China,2014,418889,Technology,Computer Software: Prepackaged Software
XOM,Exxon Mobil Corporation Common Stock,$107.80,-1.58,-1.445%,464579064904.00,United States,,19191556,Energy,Integrated oil Companies
XOMA,XOMA Royalty Corporation Common Stock,$25.20,-2.29,-8.33%,301565603.00,United States,1986,122897,Health Care,Biotechnology: Pharmaceutical Preparations
XOMAO,XOMA Royalty Corporation Depositary Shares Rep Series B 8.375% Cumulative Preferred Stock,$25.39,-0.01,-0.039%,303839312.00,United States,,9697,Health Care,Biotechnology: Pharmaceutical Preparations
XOMAP,XOMA Royalty Corporation 8.625% Series A Cumulative Perpetual Preferred Stock,$25.92,0.115,0.446%,310181763.00,United States,,3136,Health Care,Biotechnology: Pharmaceutical Preparations
XOS,Xos Inc. Common Stock,$3.02,0.00,0.00%,25101310.00,United States,2020,9727,Consumer Discretionary,Auto Parts:O.E.M.
XOSWW,Xos Inc. Warrants,$0.0096,-0.0007,-6.796%,79792.00,United States,2020,719,Consumer Discretionary,Auto Parts:O.E.M.
XP,XP Inc. Class A Common Stock,$20.20,0.50,2.538%,10855953104.00,Brazil,2019,4061679,Finance,Investment Bankers/Brokers/Service
XPEL,XPEL Inc. Common Stock,$35.90,-0.49,-1.347%,993165064.00,United States,,131835,Industrials,Industrial Specialties
XPER,Xperi Inc. Common Stock ,$7.91,0.03,0.381%,361384740.00,United States,2022,209266,Technology,Computer Software: Prepackaged Software
XPEV,XPeng Inc. American depositary shares each representing two Class A ordinary shares,$17.88,-0.25,-1.379%,16990009822.00,China,2020,6072612,Consumer Discretionary,Auto Manufacturing
XPL,Solitario Resources Corp. Common Stock,$0.65,-0.037,-5.386%,53733497.00,United States,,104023,Basic Materials,Precious Metals
XPO,XPO Inc. Common Stock,$126.29,-1.19,-0.933%,14877787810.00,United States,,1464339,Consumer Discretionary,Transportation Services
XPOF,Xponential Fitness Inc. Class A Common Stock,$7.49,-0.11,-1.447%,364500850.00,United States,2021,527729,Consumer Discretionary,Services-Misc. Amusement & Recreation
XPON,Expion360 Inc. Common Stock,$0.9098,0.0498,5.791%,3070091.00,United States,2022,114629,Miscellaneous,Industrial Machinery/Components
XPRO,Expro Group Holdings N.V. Common Stock,$8.59,0.14,1.657%,991207779.00,United States,2013,1184622,Energy,Oilfield Services/Equipment
XRAY,DENTSPLY SIRONA Inc. Common Stock,$15.88,-0.05,-0.314%,3164778954.00,United States,1987,1823501,Health Care,Medical/Dental Instruments
XRTX,XORTX Therapeutics Inc. Common Stock,$0.905,-0.045,-4.737%,3428363.00,Canada,,90690,Health Care,Biotechnology: Pharmaceutical Preparations
XRX,Xerox Holdings Corporation Common Stock,$5.27,0.015,0.285%,660232957.00,United States,,3690557,Technology,Computer peripheral equipment
XTIA,XTI Aerospace Inc. Common Stock,$1.63,-0.04,-2.395%,10248690.00,United States,2014,1962650,Technology,EDP Services
XTKG,X3 Holdings Co. Ltd. Ordinary Shares,$1.61,0.15,10.274%,22166754.00,China,2019,47495,Technology,EDP Services
XTLB,XTL Biopharmaceuticals Ltd. American Depositary Shares,$1.14,-0.02,-1.724%,10047791.00,Israel,,5200,Health Care,Biotechnology: Pharmaceutical Preparations
XTNT,Xtant Medical Holdings Inc. Common Stock,$0.739,0.11,17.488%,102959824.00,United States,,625050,Health Care,Biotechnology: Biological Products (No Diagnostic Substances)
XWEL,XWELL Inc. Common Stock,$0.9223,-0.0177,-1.883%,4852242.00,United States,,81379,Consumer Discretionary,Other Consumer Services
XXII,22nd Century Group Inc. Common Stock,$7.53,-0.60,-7.38%,3767492.00,United States,,27403,Health Care, Medicinal Chemicals and Botanical Products 
XYF,X Financial American Depositary Shares each representing six Class A Ordinary Shares,$17.46,0.91,5.498%,736976019.00,Cayman Islands,2018,240100,Finance,Finance: Consumer Services
XYL,Xylem Inc. Common Stock New,$129.36,1.13,0.881%,31479886783.00,United States,2011,2548264,Industrials,Fluid Controls
XYLO,Xylo Technologies Ltd. American Depositary Shares,$5.0802,0.0784,1.567%,17354527.00,Israel,,1186,Health Care,Medical/Dental Instruments
XYZ,Block Inc. Class A Common Stock,$67.93,1.30,1.951%,41778240670.00,United States,2015,5625412,Technology,Computer Software: Prepackaged Software
YAAS,Youxin Technology Ltd Class A Ordinary shares,$4.17,-0.33,-7.333%,139903500.00,China,2024,2020420,Technology,Computer Software: Prepackaged Software
YALA,Yalla Group Limited American Depositary Shares each representing one Class A Ordinary Share,$6.74,-0.14,-2.035%,1061791649.00,United Arab Emirates,2020,392569,Technology,Computer Software: Programming Data Processing
YB,Yuanbao Inc. American Depositary Shares,$21.02,-0.90,-4.106%,947685922.00,China,2025,139003,Finance,Specialty Insurers
YCBD,cbdMD Inc. Common Stock,$0.8918,-0.0152,-1.676%,7944516.00,United States,2017,247557,Consumer Discretionary,Package Goods/Cosmetics
YELP,Yelp Inc. Common Stock,$34.27,-0.11,-0.32%,2187880008.00,United States,2012,766530,Consumer Discretionary,Other Consumer Services
YETI,YETI Holdings Inc. Common Stock,$31.52,0.93,3.04%,2610344213.00,United States,2018,2121999,Consumer Discretionary,Recreational Games/Products/Toys
YEXT,Yext Inc. Common Stock,$8.50,0.00,0.00%,1040380586.00,United States,2017,803593,Technology,EDP Services
YGMZ,MingZhu Logistics Holdings Limited Ordinary Shares,$1.02,-0.01,-0.971%,78212646.00,China,2020,25950,Consumer Discretionary,Transportation Services
YHC,LQR House Inc. Common Stock,$1.47,0.175,13.514%,1560242.00,United States,2023,454667,Consumer Staples,Beverages (Production/Distribution)
YHGJ,Yunhong Green CTI Ltd. Common Stock,$0.849,0.0666,8.512%,22263858.00,United States,,4423,Industrials,Specialty Chemicals
YHNA,YHN Acquisition I Limited Ordinary Shares,$10.336,0.006,0.058%,0.00,Hong Kong,2024,245,,
YHNAR,YHN Acquisition I Limited Right,$0.163,0.0239,17.182%,0.00,Hong Kong,2024,200,,
YI,111 Inc. American Depositary Shares,$7.1407,0.2107,3.04%,61891560.00,China,2018,16162,Consumer Staples,Retail-Drug Stores and Proprietary Stores
YIBO,Planet Image International Limited Class A Ordinary Shares,$1.44,0.04,2.857%,77589504.00,China,2024,13929,Industrials,Industrial Machinery/Components
YJ,Yunji Inc. American Depository Shares,$2.06,-0.015,-0.723%,10146612.00,China,2019,367958,Consumer Discretionary,Other Specialty Stores
YMAB,Y-mAbs Therapeutics Inc. Common Stock,$4.51,-0.19,-4.043%,204229383.00,United States,2018,131170,Health Care,Biotechnology: Pharmaceutical Preparations
YMM,Full Truck Alliance Co. Ltd. American Depositary Shares (each representing 20 Class A Ordinary Shares),$11.81,0.00,0.00%,123520104193.00,China,2021,4649974,Technology,Computer Software: Prepackaged Software
YORKU,Yorkville Acquisition Corp. Unit,$11.25,0.39,3.591%,0.00,United States,2025,1970698,,
YORW,York Water Company (The) Common Stock,$31.60,-0.0208,-0.066%,455048753.00,United States,,146342,Utilities,Water Supply
YOSH,Yoshiharu Global Co. Class A Common Stock,$9.6618,0.2626,2.794%,17026459.00,United States,2022,2140,Consumer Discretionary,Restaurants
YOU,Clear Secure Inc. Class A Common Stock,$27.76,0.14,0.507%,3693105232.00,United States,2021,2008723,Technology,Computer Software: Prepackaged Software
YPF,YPF Sociedad Anonima Common Stock,$31.45,-1.88,-5.641%,12369687340.00,Argentina,1993,5220491,Energy,Integrated oil Companies
YQ,17 Education & Technology Group Inc. American Depositary Shares,$2.1916,-0.1184,-5.126%,19399408.00,China,2020,103678,Real Estate,Other Consumer Services
YRD,Yiren Digital Ltd. American Depositary Shares each representing two ordinary shares,$5.87,0.02,0.342%,507206061.00,China,2015,78927,Finance,Finance: Consumer Services
YSG,Yatsen Holding Limited American Depositary Shares each representing twenty (20) Class A Ordinary Shares,$9.64,-0.72,-6.95%,885513829.00,China,,1289126,Consumer Discretionary,Package Goods/Cosmetics
YSXT,YSX Tech. Co. Ltd Class A Ordinary Shares,$5.43,-0.06,-1.093%,126247500.00,China,2024,829652,Consumer Discretionary,Automotive Aftermarket
YTRA,Yatra Online Inc. Ordinary Shares,$0.9743,0.0059,0.609%,59993857.00,India,,16476,Consumer Discretionary,Transportation Services
YUM,Yum! Brands Inc.,$148.18,-0.23,-0.155%,41188779758.00,United States,,2435024,Consumer Discretionary,Restaurants
YUMC,Yum China Holdings Inc. Common Stock,$44.71,0.04,0.09%,16691296681.00,United States,2016,2001500,Consumer Discretionary,Restaurants
YXT,YXT.COM GROUP HOLDING LIMITED American Depository Shares,$0.9708,-0.0012,-0.123%,58321326.00,China,2024,2757,Technology,Computer Software: Prepackaged Software
YYAI,Connexa Sports Technologies Inc. Common Stock,$0.903,0.0042,0.467%,13150412.00,United States,,75275,Consumer Discretionary,Recreational Games/Products/Toys
YYGH,YY Group Holding Limited Class A Ordinary Shares,$2.71,0.23,9.274%,111374361.00,Singapore,2024,335519,Consumer Discretionary,Professional Services
Z,Zillow Group Inc. Class C Capital Stock,$70.05,0.31,0.445%,16913594145.00,United States,,1894504,Consumer Discretionary,Business Services
ZBAI,ATIF Holdings Limited Ordinary Shares,$0.3118,-0.0042,-1.329%,5399582.00,United States,2019,217715,Consumer Discretionary,Professional Services
ZBAO,Zhibao Technology Inc. Class A Ordinary Shares,$1.01,-0.01,-0.98%,31839003.00,China,2024,12242,Finance,Specialty Insurers
ZBH,Zimmer Biomet Holdings Inc. Common Stock,$91.21,-0.25,-0.273%,18045706412.00,United States,,1245404,Health Care,Industrial Specialties
ZBIO,Zenas BioPharma Inc. Common Stock,$9.69,0.11,1.148%,405373224.00,United States,2024,165539,Health Care,Biotechnology: Pharmaceutical Preparations
ZBRA,Zebra Technologies Corporation Class A Common Stock,$308.36,-0.90,-0.291%,15681440274.00,United States,1991,783791,Industrials,Industrial Machinery/Components
ZCMD,Zhongchao Inc. Class A Ordinary Shares,$1.21,0.07,6.14%,30720573.00,China,2020,117598,Real Estate,Other Consumer Services
ZD,Ziff Davis Inc. Common Stock,$30.27,-0.16,-0.526%,1273990835.00,United States,,796731,Telecommunications,Telecommunications Equipment
ZDAI,Primega Group Holdings Limited Ordinary Shares,$0.7831,0.0023,0.295%,18794400.00,Hong Kong,2024,56674,Consumer Discretionary,General Bldg Contractors - Nonresidential Bldgs
ZDGE,Zedge Inc. Class B Common Stock ,$4.01,0.00,0.00%,54664003.00,,2016,91353,Technology,Computer Software: Prepackaged Software
ZENA,ZenaTech Inc. Common Stock,$3.67,0.22,6.377%,93589125.00,Canada,,694408,Technology,Computer Software: Prepackaged Software
ZENV,Zenvia Inc. Class A Common Stock,$1.50,0.00,0.00%,77901951.00,Brazil,2021,84598,Technology,Computer Software: Prepackaged Software
ZEO,Zeo Energy Corporation Class A Common Stock,$2.90,-0.12,-3.974%,142984051.00,United States,2021,34343,Miscellaneous,Industrial Machinery/Components
ZEOWW,Zeo Energy Corporation Warrants,$0.0639,0.0014,2.24%,3150580.00,United States,2021,3015,Miscellaneous,Industrial Machinery/Components
ZEPP,Zepp Health Corporation American depositary shares each representing sixteen Class A ordinary shares,$2.66,0.11,4.314%,38219045.00,China,,33493,Technology,Computer Manufacturing
ZETA,Zeta Global Holdings Corp. Class A Common Stock,$15.49,0.38,2.515%,3648578620.00,United States,2021,13857723,Technology,Computer Software: Prepackaged Software
ZEUS,Olympic Steel Inc. Common Stock,$32.59,-0.44,-1.332%,363792523.00,United States,1994,101528,Industrials,Metal Fabrications
ZG,Zillow Group Inc. Class A Common Stock,$68.49,0.29,0.425%,16536931663.00,United States,2011,261044,Consumer Discretionary,Business Services
ZGN,Ermenegildo Zegna N.V. Ordinary Shares,$8.55,0.00,0.00%,2159557965.00,,2021,1417782,Consumer Discretionary,Apparel
ZH,Zhihu Inc. American Depositary Shares each representing three (3) Class A Ordinary Shares,$3.98,0.05,1.272%,348508147.00,China,,455305,Consumer Discretionary,Business Services
ZIM,ZIM Integrated Shipping Services Ltd. Ordinary Shares,$16.09,-0.44,-2.662%,1938161336.00,,2021,4837663,Consumer Discretionary,Marine Transportation
ZIMV,ZimVie Inc. Common Stock,$9.35,0.09,0.972%,261066474.00,United States,,159460,Health Care,Medical/Dental Instruments
ZION,Zions Bancorporation N.A. Common Stock,$51.94,0.47,0.913%,7664827923.00,United States,,1174744,Finance,Major Banks
ZIONP,Zions Bancorporation N.A. Depositary Shares (Each representing 1/40th Interest in a Share of Series A Floating-Rate Non-Cumulative Perpetual Preferred Stock),$22.36,0.11,0.494%,3299683334.00,United States,,3079,Finance,Major Banks
ZIP,ZipRecruiter Inc. Class A Common Stock,$5.01,0.05,1.008%,465443579.00,United States,2021,944120,Technology,Computer Software: Programming Data Processing
ZJK,ZJK Industrial Co. Ltd. Ordinary Shares,$3.89,-0.11,-2.75%,238773059.00,China,2024,63254,Industrials,Metal Fabrications
ZJYL,JIN MEDICAL INTERNATIONAL LTD. Ordinary Shares,$0.65,0.0001,0.015%,101755615.00,China,2023,81684,Health Care,Industrial Specialties
ZK,ZEEKR Intelligent Technology Holding Limited American Depositary Shares (each representing ten (10) Ordinary Shares),$25.50,-0.67,-2.56%,6482026407.00,Cayman Islands,2024,1071804,Consumer Discretionary,Auto Manufacturing
ZKH,ZKH Group Limited American Depositary Shares each representing thirty-five (35) Class A Ordinary Shares,$3.07,-0.095,-3.002%,490627543.00,Cayman Islands,2023,18884,Consumer Discretionary,RETAIL: Building Materials
ZKIN,ZK International Group Co. Ltd Ordinary Share,$2.06,0.11,5.641%,10637729.00,China,2017,12984,Industrials,Metal Fabrications
ZLAB,Zai Lab Limited American Depositary Shares,$34.97,0.23,0.662%,3793349278.00,China,2017,847285,Health Care,Biotechnology: Pharmaceutical Preparations
ZM,Zoom Communications Inc. Class A Common Stock,$77.98,-0.40,-0.51%,23592663720.00,United States,2019,3626208,Technology,Computer Software: Programming Data Processing
ZNTL,Zentalis Pharmaceuticals Inc. Common Stock,$1.16,-0.02,-1.695%,83464243.00,United States,2020,1202250,Health Care,Biotechnology: Pharmaceutical Preparations
ZONE,CleanCore Solutions Inc. Class B Common Stock,$2.43,-0.17,-6.538%,20606490.00,,2024,68445,Industrials,Industrial Machinery/Components
ZOOZ,ZOOZ Power Ltd. Ordinary Shares,$0.9964,0.095,10.539%,12061916.00,Israel,,125158,Technology,Industrial Machinery/Components
ZOOZW,ZOOZ Power Ltd. Warrant,$0.0723,0.00,0.00%,875227.00,Israel,,24,Technology,Industrial Machinery/Components
ZS,Zscaler Inc. Common Stock,$313.94,-1.38,-0.438%,48879099268.00,United States,2018,2519374,Technology,EDP Services
ZSPC,zSpace Inc. Common stock,$3.26,0.08,2.516%,74594280.00,United States,2024,38949,Technology,Computer Software: Prepackaged Software
ZTEK,Zentek Ltd. Common Stock,$1.09,-0.0699,-6.026%,113430648.00,Canada,,75991,Industrials,Major Chemicals
ZTO,ZTO Express (Cayman) Inc. American Depositary Shares each representing one Class A ordinary share.,$17.75,-0.03,-0.169%,14279315698.00,China,2016,862858,Industrials,Trucking Freight/Courier Services
ZTR,Virtus Total Return Fund Inc.,$6.23,0.04,0.646%,0.00,United States,1988,259576,Finance,Investment Managers
ZTS,Zoetis Inc. Class A Common Stock,$155.95,-0.22,-0.141%,69430195865.00,United States,2013,2826626,Health Care,Biotechnology: Pharmaceutical Preparations
ZUMZ,Zumiez Inc. Common Stock,$13.26,0.36,2.791%,235638686.00,United States,2005,326024,Consumer Discretionary,Clothing/Shoe/Accessory Stores
ZURA,Zura Bio Limited Class A Ordinary Shares,$1.05,0.00,0.00%,64968748.00,Cayman Islands,,361111,Health Care,Biotechnology: Biological Products (No Diagnostic Substances)
ZVIA,Zevia PBC Class A Common Stock,$3.22,-0.42,-11.538%,238992396.00,United States,2021,1995467,Consumer Staples,Beverages (Production/Distribution)
ZVRA,Zevra Therapeutics Inc. Common Stock,$8.81,-0.19,-2.111%,481727637.00,United States,,415159,Health Care,Biotechnology: Pharmaceutical Preparations
ZVSA,ZyVersa Therapeutics Inc. Common Stock,$0.6771,-0.0353,-4.955%,3232107.00,United States,2022,290397,Health Care,Biotechnology: Pharmaceutical Preparations
ZWS,Zurn Elkay Water Solutions Corporation Common Stock,$36.57,0.06,0.164%,6152985368.00,United States,2012,797717,Industrials,Industrial Machinery/Components
ZYBT,Zhengye Biotechnology Holding Limited Ordinary Shares,$5.97,-0.64,-9.682%,281583265.00,China,2025,212142,Health Care,Biotechnology: Pharmaceutical Preparations
ZYME,Zymeworks Inc. Common Stock,$12.55,0.08,0.642%,874527825.00,United States,,420695,Health Care,Biotechnology: Pharmaceutical Preparations
ZYXI,Zynex Inc. Common Stock,$2.58,0.03,1.176%,78016300.00,United States,,137342,Health Care,Biotechnology: Electromedical & Electrotherapeutic Apparatus
