Symbol,Name,Last Sale,Net Change,% Change,Market Cap,Country,IPO Year,Volume,Sector,Industry
A,Agilent Technologies Inc. Common Stock,$134.975,-0.565,-0.417%,38548225887.00,United States,1999,188499,Industrials,Biotechnology: Laboratory Analytical Instruments
AA,Alcoa Corporation Common Stock ,$37.30,-0.38,-1.008%,9636635084.00,United States,2016,1032654,Industrials,Aluminum
AACG,ATA Creativity Global American Depositary Shares,$0.7857,0.0231,3.029%,25142502.00,China,2008,39076,Real Estate,Other Consumer Services
AACT,Ares Acquisition Corporation II Class A Ordinary Shares,$10.96,0.00,0.00%,0.00,,2023,110,Finance,Blank Checks
AADI,Aadi Bioscience Inc. Common Stock,$3.01,-0.20,-6.231%,74188650.00,United States,,124926,Health Care,Biotechnology: Pharmaceutical Preparations
AAL,American Airlines Group Inc. Common Stock,$17.665,0.315,1.816%,11608219044.00,United States,,10439457,Consumer Discretionary,Air Freight/Delivery Services
AAM,AA Mission Acquisition Corp. Class A Ordinary Shares,$10.11,0.02,0.198%,0.00,,2024,53322,,
AAME,Atlantic American Corporation Common Stock,$1.50,0.0157,1.058%,30599637.00,United States,,5559,Finance,Life Insurance
AAOI,Applied Optoelectronics Inc. Common Stock,$35.905,-1.835,-4.862%,1618532879.00,United States,2013,1450882,Technology,Semiconductors
AAON,AAON Inc. Common Stock,$120.04,-1.38,-1.137%,9756806185.00,United States,,183904,Industrials,Industrial Machinery/Components
AAP,Advance Auto Parts Inc.,$46.0201,1.9601,4.449%,2748988262.00,United States,,1215595,Consumer Discretionary,Auto & Home Supply Stores
AAPL,Apple Inc. Common Stock,$252.92,-2.67,-1.045%,3823093953160.00,United States,1980,15978720,Technology,Computer Manufacturing
AAT,American Assets Trust Inc. Common Stock,$25.89,-0.23,-0.881%,1576741984.00,United States,2011,43944,Real Estate,Real Estate Investment Trusts
AB,AllianceBernstein Holding L.P.  Units,$36.96,-0.28,-0.752%,4192570795.00,United States,,187815,Finance,Investment Managers
ABAT,American Battery Technology Company Common Stock,$3.07,-0.29,-8.631%,228781524.00,United States,,10582511,Basic Materials,Metal Mining
ABBV,AbbVie Inc. Common Stock,$176.63,-1.38,-0.775%,312129995251.00,United States,2012,987379,Health Care,Biotechnology: Pharmaceutical Preparations
ABCB,Ameris Bancorp Common Stock,$63.11,0.06,0.095%,4358801330.00,United States,1994,63021,Finance,Major Banks
ABCL,AbCellera Biologics Inc. Common Shares,$2.865,-0.125,-4.181%,844216749.00,Canada,2020,1886243,Health Care,Pharmaceuticals and Biotechnology
ABEO,Abeona Therapeutics Inc. Common Stock,$5.62,-0.01,-0.178%,244307189.00,United States,,157008,Health Care,Biotechnology: Pharmaceutical Preparations
ABEV,Ambev S.A. American Depositary Shares (Each representing 1 Common Share),$1.86,-0.01,-0.535%,29302129908.00,Brazil,2013,27465571,Consumer Staples,Beverages (Production/Distribution)
ABG,Asbury Automotive Group Inc Common Stock,$243.85,-0.68,-0.278%,4776401877.00,United States,2002,37348,Consumer Discretionary,Retail-Auto Dealers and Gas Stations
ABL,Abacus Life Inc. Class A Common Stock,$7.69,-0.06,-0.774%,574279734.00,United States,2020,50863,Finance,Investment Managers
ABLLL,Abacus Life Inc. 9.875% Fixed Rate Senior Notes due 2028,$30.85,1.74,5.977%,2302994055.00,United States,,83695,Finance,Investment Managers
ABLLW,Abacus Life Inc. Warrant,$1.05,-0.01,-0.943%,78412707.00,United States,2020,161,Finance,Investment Managers
ABLV,Able View Global Inc. Class B Ordinary Shares,$0.68,-0.0019,-0.279%,28804278.00,China,,4443,Consumer Discretionary,Other Consumer Services
ABM,ABM Industries Incorporated Common Stock,$51.33,0.29,0.568%,3192899033.00,United States,,98860,Finance,Diversified Commercial Services
ABNB,Airbnb Inc. Class A Common Stock,$132.06,-1.325,-0.993%,83722294778.00,United States,2020,1206823,Finance,Diversified Commercial Services
ABOS,Acumen Pharmaceuticals Inc. Common Stock,$1.76,-0.02,-1.124%,105740409.00,United States,2021,160815,Health Care,Biotechnology: Biological Products (No Diagnostic Substances)
ABP,Abpro Holdings Inc Common Stock,$2.1541,-2.3359,-52.024%,110976227.00,United States,2022,1611843,Health Care,Biotechnology: Pharmaceutical Preparations
ABPWW,Abpro Holdings Inc. Warrant,$0.0966,-0.0459,-32.211%,4976697.00,United States,2022,35742,Health Care,Biotechnology: Pharmaceutical Preparations
ABR,Arbor Realty Trust Common Stock,$13.63,-0.03,-0.22%,2570737631.00,United States,2004,1115271,Real Estate,Real Estate Investment Trusts
ABR^D,Arbor Realty Trust 6.375% Series D Cumulative Redeemable Preferred Stock Liquidation Preference $25.00 per Share,$18.86,0.01,0.053%,,United States,,9072,,
ABR^E,Arbor Realty Trust 6.25% Series E Cumulative Redeemable Preferred Stock,$18.65,0.06,0.323%,,United States,,5436,,
ABR^F,Arbor Realty Trust 6.25% Series F Fixed-to-Floating Rate Cumulative Redeemable Preferred Stock Liquidation Preference $25.00 per share,$22.92,-0.08,-0.348%,,United States,,30570,,
ABSI,Absci Corporation Common Stock,$2.67,-0.10,-3.61%,306664877.00,United States,2021,1224503,Health Care,Biotechnology: Commercial Physical & Biological Resarch
ABT,Abbott Laboratories Common Stock,$113.05,-1.94,-1.687%,196080161830.00,United States,,1305008,Health Care,Biotechnology: Pharmaceutical Preparations
ABTS,Abits Group Inc Ordinary Shares,$0.47,0.0369,8.52%,16710698.00,China,,23801,Technology,Computer Software: Programming Data Processing
ABUS,Arbutus Biopharma Corporation Common Stock,$3.235,0.025,0.779%,613005601.00,Canada,,487431,Health Care,Biotechnology: Pharmaceutical Preparations
ABVC,ABVC BioPharma Inc. Common Stock,$0.60,0.0188,3.235%,7785295.00,United States,,172192,Health Care,Biotechnology: Pharmaceutical Preparations
ABVE,Above Food Ingredients Inc. Common Stock,$0.525,-0.005,-0.943%,14597419.00,Canada,,88905,Consumer Staples,Packaged Foods
ABVEW,Above Food Ingredients Inc. Warrants,$0.0257,-0.0043,-14.333%,714578.00,Canada,,13008,Consumer Staples,Packaged Foods
ABVX,Abivax SA American Depositary Shares,$7.02,-0.10,-1.404%,441680703.00,France,2023,371162,Health Care,Biotechnology: Pharmaceutical Preparations
AC,Associated Capital Group Inc. Common Stock,$35.45,0.46,1.315%,752856436.00,United States,2015,809,Finance,Investment Bankers/Brokers/Service
ACA,Arcosa Inc. Common Stock ,$98.23,-0.30,-0.304%,4791346832.00,United States,2018,37582,Industrials,Metal Fabrications
ACAD,ACADIA Pharmaceuticals Inc. Common Stock,$16.71,-0.24,-1.416%,2780408499.00,United States,1985,253553,Health Care,Biotechnology: Pharmaceutical Preparations
ACB,Aurora Cannabis Inc. Common Shares,$4.25,-0.05,-1.163%,232308302.00,Canada,,361920,Health Care, Medicinal Chemicals and Botanical Products 
ACCD,Accolade Inc. Common Stock,$3.465,-0.075,-2.119%,279060982.00,United States,2020,224436,Consumer Discretionary,Business Services
ACCO,Acco Brands Corporation Common Stock,$5.26,0.01,0.19%,488554102.00,United States,,216056,Consumer Discretionary,Publishing
ACDC,ProFrac Holding Corp. Class A Common Stock,$7.73,0.40,5.457%,1237933233.00,United States,2022,237103,Energy,Oilfield Services/Equipment
ACEL,Accel Entertainment Inc. ,$10.626,-0.014,-0.132%,874981574.00,United States,2017,56633,Consumer Discretionary,Services-Misc. Amusement & Recreation
ACET,Adicet Bio Inc. Common Stock ,$0.8836,-0.042,-4.538%,72809488.00,United States,2018,292972,Health Care,Biotechnology: Pharmaceutical Preparations
ACGL,Arch Capital Group Ltd. Common Stock,$92.0199,-0.3201,-0.347%,34621740081.00,Bermuda,,317229,Finance,Property-Casualty Insurers
ACGLN,Arch Capital Group Ltd. Depositary Shares each Representing a 1/1000th Interest in a 4.550% Non-Cumulative Preferred Share Series G,$17.8237,0.1037,0.585%,6706022379.00,Bermuda,,24562,Finance,Property-Casualty Insurers
ACGLO,Arch Capital Group Ltd. Depositary Shares Each Representing 1/1000th Interest in a Share of 5.45% Non-Cumulative Preferred Shares Series F,$21.14,0.13,0.619%,7953753322.00,Bermuda,,21753,Finance,Property-Casualty Insurers
ACHC,Acadia Healthcare Company Inc. Common Stock,$38.7782,0.8182,2.155%,3601926757.00,United States,,751292,Health Care,Medical Specialities
ACHL,Achilles Therapeutics plc American Depositary Shares,$1.18,0.05,4.425%,48477879.00,United Kingdom,2021,311079,Health Care,Biotechnology: Biological Products (No Diagnostic Substances)
ACHR,Archer Aviation Inc. Class A Common Stock,$10.1987,-0.9813,-8.777%,4337228410.00,United States,2020,30030763,Industrials,Aerospace
ACHV,Achieve Life Sciences Inc. Common Shares,$3.60,-0.04,-1.099%,123803806.00,United States,,64971,Health Care,Biotechnology: In Vitro & In Vivo Diagnostic Substances
ACI,Albertsons Companies Inc. Class A Common Stock,$19.585,-0.335,-1.682%,11346532127.00,United States,2020,1708609,Consumer Staples,Food Chains
ACIC,American Coastal Insurance Corporation Common Stock,$13.262,-0.118,-0.882%,639294206.00,United States,,45324,Finance,Property-Casualty Insurers
ACIU,AC Immune SA Common Stock,$2.66,-0.07,-2.564%,263866225.00,Switzerland,2016,49414,Health Care,Biotechnology: Pharmaceutical Preparations
ACIW,ACI Worldwide Inc. Common Stock,$51.92,0.02,0.039%,5445818293.00,United States,,191862,Technology,Computer Software: Prepackaged Software
ACLS,Axcelis Technologies Inc. Common Stock,$70.40,-0.84,-1.179%,2288430214.00,United States,2000,177243,Technology,Industrial Machinery/Components
ACLX,Arcellx Inc. Common Stock,$78.055,-1.025,-1.296%,4220798367.00,United States,2022,217619,Health Care,Biotechnology: Biological Products (No Diagnostic Substances)
ACM,AECOM Common Stock,$107.28,-0.40,-0.371%,14210706165.00,United States,2007,174046,Consumer Discretionary,Military/Government/Technical
ACMR,ACM Research Inc. Class A Common Stock,$15.06,-0.14,-0.921%,943175376.00,United States,2017,593163,Technology,Industrial Machinery/Components
ACN,Accenture plc Class A Ordinary Shares (Ireland),$353.65,-2.53,-0.71%,221309816922.00,Ireland,2001,613130,Consumer Discretionary,Business Services
ACNB,ACNB Corporation Common Stock,$39.17,-0.47,-1.186%,334849641.00,United States,,7615,Finance,Major Banks
ACNT,Ascent Industries Co. Common Stock,$11.34,0.06,0.532%,114454234.00,United States,,13054,Industrials,Steel/Iron Ore
ACOG,Alpha Cognition Inc. Common Stock,$5.25,0.12,2.339%,81539231.00,Canada,,29779,,
ACON,Aclarion Inc. Common Stock,$0.141,-0.0006,-0.424%,1470793.00,United States,2022,721729,Health Care,Medical Specialities
ACONW,Aclarion Inc. Warrant,$0.025,0.00,0.00%,260779.00,United States,2022,94,Health Care,Medical Specialities
ACP,abrdn Income Credit Strategies Fund Common Shares,$5.985,-0.065,-1.074%,0.00,United States,2011,705226,Finance,Investment Managers
ACP^A,abrdn Income Credit Strategies Fund 5.250% Series A Perpetual Preferred Stock,$23.4039,-0.0571,-0.243%,,United States,,3334,,
ACR,ACRES Commercial Realty Corp. Common Stock,$15.935,-0.345,-2.119%,123287613.00,United States,,9138,Real Estate,Real Estate Investment Trusts
ACR^C,ACRES Commercial Realty Corp. 8.625% Fixed-to-Floating Series C Cumulative Redeemable Preferred Stock ,$25.15,0.08,0.319%,,United States,,3305,,
ACR^D,ACRES Commercial Realty Corp. 7.875% Series D Cumulative Redeemable Preferred Stock,$22.875,-0.175,-0.759%,,United States,,506,,
ACRE,Ares Commercial Real Estate Corporation Common Stock,$5.9725,-0.1375,-2.25%,325753158.00,United States,2012,627149,Real Estate,Real Estate Investment Trusts
ACRS,Aclaris Therapeutics Inc. Common Stock,$2.555,-0.175,-6.41%,182506057.00,United States,2015,320646,Health Care,Biotechnology: Pharmaceutical Preparations
ACRV,Acrivon Therapeutics Inc. Common Stock,$5.56,-0.36,-6.081%,173117806.00,United States,2022,37912,Health Care,Biotechnology: Pharmaceutical Preparations
ACT,Enact Holdings Inc. Common Stock,$32.45,0.09,0.278%,4983971617.00,United States,2021,63273,Finance,Specialty Insurers
ACTG,Acacia Research Corporation (Acacia Tech) Common Stock,$4.35,-0.02,-0.458%,423551518.00,United States,,72690,Miscellaneous,Multi-Sector Companies
ACTU,Actuate Therapeutics Inc. Common stock,$8.11,-0.73,-8.258%,158401568.00,United States,2024,10158,Health Care,Biotechnology: Pharmaceutical Preparations
ACU,Acme United Corporation. Common Stock,$36.3201,-0.4999,-1.358%,135889947.00,United States,1988,3819,Consumer Discretionary,Industrial Machinery/Components
ACV,Virtus Diversified Income & Convertible Fund Common Shares of Beneficial Interest,$22.11,-0.28,-1.251%,229124913.00,United States,2015,39858,Finance,Finance/Investors Services
ACVA,ACV Auctions Inc. Class A Common Stock,$21.70,-0.10,-0.459%,3637787197.00,United States,2021,177652,Consumer Discretionary,Business Services
ACXP,Acurx Pharmaceuticals Inc. Common Stock,$0.8502,-0.0438,-4.899%,14362044.00,United States,2021,107476,Health Care,Biotechnology: Pharmaceutical Preparations
ADAG,Adagene Inc. American Depositary Shares,$1.97,0.01,0.51%,86909842.00,China,2021,11322,Health Care,Biotechnology: Pharmaceutical Preparations
ADAP,Adaptimmune Therapeutics plc American Depositary Shares,$0.5678,-0.0222,-3.763%,145290485.00,United Kingdom,2015,1809489,Health Care,Biotechnology: Biological Products (No Diagnostic Substances)
ADBE,Adobe Inc. Common Stock,$446.34,-0.14,-0.031%,196478868000.00,United States,1986,1547423,Technology,Computer Software: Prepackaged Software
ADC,Agree Realty Corporation Common Stock,$69.68,-0.62,-0.882%,7213460133.00,United States,,147053,Real Estate,Real Estate Investment Trusts
ADC^A,Agree Realty Corporation Depositary Shares each representing 1/1000th of a 4.250% Series A Cumulative Redeemable Preferred Stock,$18.2796,0.0796,0.437%,,United States,,16779,,
ADCT,ADC Therapeutics SA Common Shares,$1.965,-0.065,-3.202%,189995097.00,Switzerland,2020,211205,Health Care,Biotechnology: Pharmaceutical Preparations
ADD,Color Star Technology Co. Ltd. Class A Ordinary Shares,$2.17,-0.18,-7.66%,1333762.00,United States,,876208,Consumer Discretionary,Engineering & Construction
ADEA,Adeia Inc. Common Stock,$13.84,0.04,0.29%,1512226728.00,United States,2003,145471,Technology,Computer Software: Prepackaged Software
ADGM,Adagio Medical Holdings Inc Common Stock,$1.0021,-0.0479,-4.562%,14565660.00,United States,,254742,Health Care,Medical/Dental Instruments
ADI,Analog Devices Inc. Common Stock,$213.4699,-3.5201,-1.622%,105944439794.00,United States,,512013,Technology,Semiconductors
ADIL,Adial Pharmaceuticals Inc Common Stock,$1.07,0.05,4.902%,6854186.00,United States,2018,51756,Health Care,Biotechnology: Pharmaceutical Preparations
ADM,Archer-Daniels-Midland Company Common Stock,$49.91,-0.67,-1.325%,23883607983.00,United States,,818545,Consumer Staples,Packaged Foods
ADMA,ADMA Biologics Inc Common Stock,$17.39,-0.06,-0.344%,4110826500.00,United States,,648784,Health Care,Biotechnology: Biological Products (No Diagnostic Substances)
ADN,Advent Technologies Holdings Inc. Class A Common Stock,$5.48,0.33,6.408%,14448064.00,United States,2018,17234,Miscellaneous,Industrial Machinery/Components
ADNT,Adient plc Ordinary Shares ,$17.305,-0.135,-0.774%,1468619334.00,United States,2016,256461,Consumer Discretionary,Auto Parts:O.E.M.
ADNWW,Advent Technologies Holdings Inc. Warrant,$0.0109,0.0012,12.371%,28738.00,United States,2018,95623,Miscellaneous,Industrial Machinery/Components
ADP,Automatic Data Processing Inc. Common Stock,$294.0399,-2.1401,-0.723%,119808586424.00,United States,,361652,Technology,EDP Services
ADPT,Adaptive Biotechnologies Corporation Common Stock,$6.175,-0.115,-1.828%,911303326.00,United States,2019,237632,Health Care,Biotechnology: Biological Products (No Diagnostic Substances)
ADSE,ADS-TEC ENERGY PLC Ordinary Shares,$14.56,-0.09,-0.614%,736514149.00,Ireland,,92112,Consumer Discretionary,Industrial Specialties
ADSEW,ADS-TEC ENERGY PLC Warrant,$3.70,0.10,2.778%,187163623.00,Ireland,,30827,Consumer Discretionary,Industrial Specialties
ADSK,Autodesk Inc. Common Stock,$298.3899,0.7999,0.269%,64153828500.00,United States,,739091,Technology,Computer Software: Prepackaged Software
ADT,ADT Inc. Common Stock,$6.925,-0.045,-0.646%,6281067753.00,United States,2018,3023338,Consumer Discretionary,Diversified Commercial Services
ADTN,ADTRAN Holdings Inc. Common Stock,$8.355,0.145,1.766%,662124910.00,United States,1994,207651,Utilities,Telecommunications Equipment
ADTX,Aditxt Inc. Common Stock,$0.21,0.022,11.702%,2989184.00,United States,2020,11759323,Health Care,Biotechnology: Pharmaceutical Preparations
ADUR,Aduro Clean Technologies Inc. Common Stock,$6.16,-0.19,-2.992%,175177981.00,Canada,,67845,,
ADUS,Addus HomeCare Corporation Common Stock,$127.61,-0.63,-0.491%,2313966805.00,United States,2009,19098,Health Care,Medical/Nursing Services
ADV,Advantage Solutions Inc. Class A Common Stock,$2.935,-0.035,-1.178%,941412253.00,United States,2019,48239,Consumer Discretionary,Business Services
ADVM,Adverum Biotechnologies Inc. Common Stock,$4.73,-0.07,-1.458%,98395650.00,United States,2014,71647,Health Care,Biotechnology: Biological Products (No Diagnostic Substances)
ADVWW,Advantage Solutions Inc. Warrant,$0.016,0.00,0.00%,5132060.00,United States,2019,8581,Consumer Discretionary,Business Services
ADX,Adams Diversified Equity Fund Inc.,$20.33,-0.17,-0.829%,0.00,United States,,127937,Finance,Investment Managers
ADXN,Addex Therapeutics Ltd American Depositary Shares,$7.40,-0.12,-1.596%,7720383.00,Switzerland,,5515,Health Care,Biotechnology: Pharmaceutical Preparations
AE,Adams Resources & Energy Inc. Common Stock,$37.21,-0.14,-0.375%,95922617.00,United States,1980,2686,Energy,Oil Refining/Marketing
AEE,Ameren Corporation Common Stock,$89.64,-0.48,-0.533%,23927405034.00,United States,,240435,Utilities,Power Generation
AEF,abrdn Emerging Markets Equity Income Fund Inc. Common Stock,$5.205,-0.135,-2.528%,558821813.00,United States,,80410,Finance,Finance/Investors Services
AEFC,Aegon Funding Company LLC 5.10% Subordinated Notes due 2049,$20.29,0.05,0.247%,0.00,United States,2019,24824,,
AEG,Aegon Ltd. New York Registry Shares,$5.86,0.02,0.342%,12918288851.00,Netherlands,,3633271,Finance,Life Insurance
AEHL,Antelope Enterprise Holdings Limited Class A Ordinary Shares,$0.2149,0.0219,11.347%,1906296.00,China,,3210302,Industrials,Building Materials
AEHR,Aehr Test Systems Common Stock,$17.10,0.59,3.574%,506687672.00,United States,1997,843256,Industrials,Electrical Products
AEI,Alset Inc. Common Stock (TX),$0.8851,0.045,5.357%,8174004.00,United States,2020,21197,Finance,Real Estate
AEIS,Advanced Energy Industries Inc. Common Stock,$115.275,0.135,0.117%,4342762798.00,United States,1995,67634,Technology,Industrial Machinery/Components
AEM,Agnico Eagle Mines Limited Common Stock,$78.38,-0.27,-0.343%,39339506793.00,Canada,,633442,Basic Materials,Precious Metals
AEMD,Aethlon Medical Inc. Common Stock,$0.6077,0.0021,0.347%,8484706.00,United States,,902046,Health Care,Medical/Dental Instruments
AENT,Alliance Entertainment Holding Corporation Class A Common Stock,$8.87,0.12,1.371%,451991872.00,United States,,217227,Consumer Discretionary,Durable Goods
AENTW,Alliance Entertainment Holding Corporation Warrants,$0.4999,-0.0001,-0.02%,25473589.00,United States,,38416,Consumer Discretionary,Durable Goods
AEO,American Eagle Outfitters Inc. Common Stock,$16.475,0.015,0.091%,3164876875.00,United States,,1223388,Consumer Discretionary,Clothing/Shoe/Accessory Stores
AEON,AEON Biopharma Inc. Class A Common Stock,$0.58,-0.01,-1.695%,23183002.00,United States,,63372,Health Care,Biotechnology: Pharmaceutical Preparations
AEP,American Electric Power Company Inc. Common Stock,$92.00,-0.51,-0.551%,48996010820.00,United States,,523290,Utilities,Electric Utilities: Central
AER,AerCap Holdings N.V. Ordinary Shares,$95.9613,0.4713,0.494%,19431507642.00,Netherlands,2006,291004,Consumer Discretionary,Diversified Commercial Services
AERT,Aeries Technology Inc. Class A Ordinary Share,$2.32,1.4431,164.568%,103240991.00,United States,2021,6842296,Consumer Discretionary,Professional Services
AERTW,Aeries Technology Inc. Warrant,$0.078,0.0436,126.744%,3471033.00,United States,2021,609633,Consumer Discretionary,Professional Services
AES,The AES Corporation Common Stock,$12.565,-0.185,-1.451%,8934054795.00,United States,,4930279,Utilities,Electric Utilities: Central
AESI,Atlas Energy Solutions Inc. Common Stock,$22.42,0.44,2.002%,2471061463.00,United States,2023,164138,Industrials,Mining & Quarrying of Nonmetallic Minerals (No Fuels)
AEVA,Aeva Technologies Inc. Common Stock,$4.7473,-0.0227,-0.476%,255797821.00,United States,2020,206389,Consumer Discretionary,Auto Parts:O.E.M.
AEYE,AudioEye Inc. Common Stock,$15.61,-0.50,-3.104%,190100609.00,United States,,117581,Technology,Computer Software: Prepackaged Software
AFB,AllianceBernstein National Municipal Income Fund Inc,$10.85,0.03,0.277%,0.00,United States,2002,60472,Finance,Trusts Except Educational Religious and Charitable
AFBI,Affinity Bancshares Inc. Common Stock (MD),$21.87,0.07,0.321%,140239844.00,United States,2017,433,Finance,Banks
AFCG,Advanced Flower Capital Inc. Common Stock,$8.49,-0.20,-2.301%,186378228.00,United States,2021,237674,Finance,Real Estate
AFG,American Financial Group Inc. Common Stock,$136.70,-0.30,-0.219%,11473402832.00,United States,,45044,Finance,Property-Casualty Insurers
AFGB,American Financial Group Inc. 5.875% Subordinated Debentures due 2059,$22.6299,0.0899,0.399%,1899355953.00,United States,2019,7843,Finance,Property-Casualty Insurers
AFGC,American Financial Group Inc. 5.125% Subordinated Debentures due 2059,$20.16,0.04,0.199%,1692054141.00,United States,2019,8810,Finance,Property-Casualty Insurers
AFGD,American Financial Group Inc. 5.625% Subordinated Debentures due 2060,$21.98,-0.11,-0.498%,1844809029.00,United States,2020,9683,Finance,Property-Casualty Insurers
AFGE,American Financial Group Inc. 4.500% Subordinated Debentures due 2060,$18.26,0.05,0.275%,1532584753.00,United States,2020,4483,Finance,Property-Casualty Insurers
AFJK,Aimei Health Technology Co. Ltd Ordinary Share,$10.55,-0.06,-0.566%,0.00,United States,2024,201,,
AFJKR,Aimei Health Technology Co. Ltd Right,$0.18,0.00,0.00%,0.00,United States,2024,10,,
AFJKU,Aimei Health Technology Co. Ltd Unit,$10.95,0.00,0.00%,0.00,United States,2023,22,,
AFL,AFLAC Incorporated Common Stock,$103.47,0.09,0.087%,57480525307.00,United States,,509826,Finance,Accident &Health Insurance
AFMD,Affimed N.V.,$1.25,-0.04,-3.101%,19034329.00,Germany,2014,177622,Health Care,Biotechnology: Pharmaceutical Preparations
AFRI,Forafric Global PLC Ordinary Shares,$10.0749,-0.0351,-0.347%,270805272.00,Gibraltar,,13686,Consumer Staples,Packaged Foods
AFRM,Affirm Holdings Inc. Class A Common Stock,$63.81,-0.83,-1.284%,20039919550.00,United States,2021,2257790,Finance,Finance: Consumer Services
AFYA,Afya Limited Class A Common Shares,$15.86,0.01,0.063%,1426596739.00,Brazil,2019,55231,Real Estate,Other Consumer Services
AG,First Majestic Silver Corp. Ordinary Shares (Canada),$5.5093,-0.0307,-0.554%,1661643754.00,Canada,,9111410,Basic Materials,Precious Metals
AGAE,Allied Gaming & Entertainment Inc. Common Stock,$0.7901,-0.0079,-0.99%,34848162.00,United States,2017,27448,Consumer Discretionary,Services-Misc. Amusement & Recreation
AGCO,AGCO Corporation Common Stock,$92.805,-0.395,-0.424%,6927455303.00,United States,,164275,Industrials,Industrial Machinery/Components
AGD,abrdn Global Dynamic Dividend Fund Common Shares of Beneficial Interest,$9.82,-0.21,-2.094%,0.00,United States,2006,71117,Finance,Trusts Except Educational Religious and Charitable
AGEN,Agenus Inc. Common Stock,$2.82,0.07,2.545%,66154180.00,United States,2000,246825,Health Care,Biotechnology: Biological Products (No Diagnostic Substances)
AGFY,Agrify Corporation Common Stock,$29.40,-4.13,-12.317%,44974562.00,United States,2021,35672,Consumer Staples,Farming/Seeds/Milling
AGI,Alamos Gold Inc. Class A Common Shares,$18.125,-0.225,-1.226%,7607382569.00,Canada,2015,892915,Basic Materials,Precious Metals
AGIO,Agios Pharmaceuticals Inc. Common Stock,$32.67,-0.73,-2.186%,1863176471.00,United States,2013,186226,Health Care,Biotechnology: Pharmaceutical Preparations
AGL,agilon health inc. Common Stock,$1.955,0.055,2.895%,805494887.00,United States,2021,1544451,Health Care,Misc Health and Biotechnology Services
AGM,Federal Agricultural Mortgage Corporation Common Stock,$196.079,-1.171,-0.594%,2134477366.00,United States,,9248,Finance,Finance Companies
AGM^D,Federal Agricultural Mortgage Corporation 5.700% Non-Cumulative Preferred Stock Series D,$22.05,0.18,0.823%,,United States,,1602,,
AGM^E,Federal Agricultural Mortgage Corporation 5.750% Non-Cumulative Preferred Stock Series E,$22.56,-0.0399,-0.177%,,United States,,1546,,
AGM^F,Federal Agricultural Mortgage Corporation 5.250% Non-Cumulative Preferred Stock Series F,$20.1353,-0.0978,-0.483%,,United States,,11140,,
AGM^G,Federal Agricultural Mortgage Corporation 4.875% Non-Cumulative Preferred Stock Series G,$18.84,0.04,0.213%,,United States,,9252,,
AGMH,AGM Group Holdings Inc. Class A Ordinary Shares,$1.34,0.09,7.20%,35315488.00,Hong Kong,2018,11240,Technology,EDP Services
AGNC,AGNC Investment Corp. Common Stock,$9.275,-0.055,-0.589%,8214309451.00,United States,2008,14762603,Real Estate,Real Estate Investment Trusts
AGNCL,AGNC Investment Corp. Depositary Shares Each Representing a 1/1000th Interest in a Share of 7.75% Series G Fixed-Rate Reset Cumulative Redeemable Preferred Stock,$25.00,0.05,0.20%,22140995825.00,United States,,8042,Real Estate,Real Estate Investment Trusts
AGNCM,AGNC Investment Corp. Depositary Shares rep 6.875% Series D Fixed-to-Floating Cumulative Redeemable Preferred Stock,$25.49,-0.03,-0.118%,22574959343.00,United States,,3458,Real Estate,Real Estate Investment Trusts
AGNCN,AGNC Investment Corp. Depositary Shares Each Representing a 1/1000th Interest in a Share of 7.00% Series C Fixed-To-Floating Rate Cumulative Redeemable Preferred Stock,$25.93,0.16,0.621%,22964640870.00,United States,,26464,Real Estate,Real Estate Investment Trusts
AGNCO,AGNC Investment Corp. Depositary Shares each representing a 1/1000th interest in a share of 6.50% Series E Fixed-to-Floating Cumulative Redeemable Preferred Stock,$25.62,0.02,0.078%,22690092521.00,United States,,43632,Real Estate,Real Estate Investment Trusts
AGNCP,AGNC Investment Corp. Depositary Shares Each Representing a 1/1000th Interest in a Share of 6.125% Series F Fixed-to-Floating Rate Cumulative Redeemable Preferred Stock,$24.90,-0.05,-0.20%,22052431842.00,United States,,14137,Real Estate,Real Estate Investment Trusts
AGO,Assured Guaranty Ltd. Common Stock,$89.64,0.06,0.067%,4562752194.00,Bermuda,2004,58127,Finance,Property-Casualty Insurers
AGRI,AgriFORCE  Growing Systems Ltd. Common Shares,$2.49,-0.05,-1.969%,3860237.00,Canada,2021,47325,Industrials,Metal Fabrications
AGRO,Adecoagro S.A. Common Shares,$9.295,-0.175,-1.848%,967933087.00,Luxembourg,2011,345113,Consumer Staples,Farming/Seeds/Milling
AGS,PlayAGS Inc. Common Stock,$11.50,0.03,0.262%,470657959.00,United States,2018,21086,Consumer Discretionary,Miscellaneous manufacturing industries
AGX,Argan Inc. Common Stock,$139.80,-3.15,-2.204%,1897801217.00,United States,,116050,Consumer Discretionary,Engineering & Construction
AGYS,Agilysys Inc. Common Stock (DE),$134.73,-0.85,-0.627%,3765772212.00,United States,,33846,Technology,EDP Services
AHCO,AdaptHealth Corp. Common Stock,$9.395,-0.135,-1.417%,1264143182.00,United States,2018,264709,Health Care,Medical/Nursing Services
AHG,Akso Health Group ADS,$1.52,0.40,35.714%,366114911.00,China,2017,3155395,Consumer Discretionary,Business Services
AHH,Armada Hoffler Properties Inc. Common Stock,$9.99,-0.07,-0.696%,796140453.00,United States,2013,313294,Finance,Real Estate
AHH^A,Armada Hoffler Properties Inc. 6.75% Series A Cumulative Redeemable Perpetual Preferred Stock,$22.75,0.15,0.664%,,United States,,361,,
AHL^C,Aspen Insurance Holdings Limited 5.95% Fixed-to-Floating Rate Perpetual Non-Cumulative Preference Shares,$24.99,0.02,0.08%,,Bermuda,,10143,,
AHL^D,Aspen Insurance Holdings Limited 5.625% Perpetual Non-Cumulative Preference Shares,$20.25,0.21,1.048%,,Bermuda,,13381,,
AHL^E,Aspen Insurance Holdings Limited Depositary Shares each representing a 1/1000th interest in a share of 5.625% Perpetual Non-Cumulative Preference Shares,$19.39,0.17,0.884%,,Bermuda,,20640,,
AHL^F,Aspen Insurance Holdings Limited Depositary Shares each representing a 1/1000th Interest in a 7.00% Perpetual Non-Cumulative Preference Share,$25.165,-0.005,-0.02%,,Bermuda,,15724,,
AHR,American Healthcare REIT Inc. Common Stock,$28.165,-0.315,-1.106%,4311002609.00,United States,2024,502538,Real Estate,Real Estate Investment Trusts
AHT,Ashford Hospitality Trust Inc Common Stock,$7.20,-0.35,-4.636%,39750847.00,United States,2003,63119,Real Estate,Real Estate Investment Trusts
AHT^D,Ashford Hospitality Trust Inc 8.45% Series D Cumulative Preferred Stock,$15.50,0.14,0.911%,,United States,,790,,
AHT^F,Ashford Hospitality Trust Inc 7.375% Series F Cumulative Preferred Stock,$13.50,-0.37,-2.668%,,United States,,1018,,
AHT^G,Ashford Hospitality Trust Inc 7.375% Series G Cumulative Preferred Stock,$13.01,-0.27,-2.033%,,United States,,601,,
AHT^H,Ashford Hospitality Trust Inc 7.50% Series H Cumulative Preferred Stock,$13.50,-0.14,-1.026%,,United States,,1188,,
AHT^I,Ashford Hospitality Trust Inc 7.50% Series I Cumulative Preferred Stock,$13.01,-0.49,-3.63%,,United States,,1303,,
AI,C3.ai Inc. Class A Common Stock,$35.57,-0.16,-0.448%,4590853397.00,United States,2020,2776585,Technology,Computer Software: Prepackaged Software
AIEV,Thunder Power Holdings Inc. Common Stock,$0.45,0.07,18.421%,22826099.00,United States,2022,1895463,Consumer Discretionary,Auto Manufacturing
AIFF,Firefly Neuroscience Inc. Common Stock,$2.68,0.06,2.29%,22789018.00,United States,,43404,Technology,Computer Software: Prepackaged Software
AIFU,AIX Inc. American Depositary Shares,$1.12,-0.015,-1.322%,63510075.00,China,2007,386422,Finance,Specialty Insurers
AIG,American International Group Inc. New Common Stock,$72.92,-0.08,-0.11%,45485262825.00,United States,,711633,Finance,Life Insurance
AIHS,Senmiao Technology Limited Common Stock,$0.99,0.01,1.02%,10412860.00,China,2018,13966,Finance,Finance: Consumer Services
AILE,iLearningEngines Inc. Common Stock,$0.656,0.0628,10.587%,92609668.00,United States,2021,31206755,Technology,Computer Software: Prepackaged Software
AILEW,iLearningEngines Inc. Warrant,$0.0301,-0.0092,-23.41%,4249316.00,United States,2021,489686,Technology,Computer Software: Prepackaged Software
AIM,AIM ImmunoTech Inc. Common Stock,$0.2097,0.0014,0.672%,13359242.00,United States,1997,883032,Health Care,Biotechnology: Biological Products (No Diagnostic Substances)
AIMAU,Aimfinity Investment Corp. I Unit,$12.10,0.00,0.00%,0.00,United States,2022,4,Finance,Blank Checks
AIMAW,Aimfinity Investment Corp. I Warrant,$0.01,0.00,0.00%,0.00,United States,2022,2679,Finance,Blank Checks
AIMBU,Aimfinity Investment Corp. I Subunit,$11.78,0.00,0.00%,0.00,United States,2022,30,Finance,Blank Checks
AIMD,Ainos Inc. Common Stock,$0.4663,0.0123,2.709%,6453045.00,United States,,77207,Health Care,Biotechnology: Pharmaceutical Preparations
AIMDW,Ainos Inc. Warrants,$0.0497,0.0047,10.444%,687790.00,United States,,100,Health Care,Biotechnology: Pharmaceutical Preparations
AIN,Albany International Corporation Common Stock,$80.19,0.06,0.075%,2509947000.00,United States,,48257,Consumer Discretionary,Textiles
AIO,Virtus Artificial Intelligence & Technology Opportunities Fund Common Shares of Beneficial Interest,$24.84,-0.24,-0.957%,853029744.00,,2019,139690,Finance,Finance/Investors Services
AIOT,PowerFleet Inc. Common Stock,$6.775,-0.025,-0.368%,895238724.00,United States,,1858553,Telecommunications,Telecommunications Equipment
AIP,Arteris Inc. Common Stock,$10.33,0.06,0.584%,415032470.00,United States,2021,75946,Technology,Semiconductors
AIR,AAR Corp. Common Stock,$61.53,1.13,1.871%,2209399920.00,United States,,90904,Industrials,Aerospace
AIRE,reAlpha Tech Corp. Common Stock,$2.70,0.16,6.299%,123834158.00,United States,,2543073,Finance,Real Estate
AIRG,Airgain Inc. Common Stock,$7.235,0.075,1.047%,82078463.00,United States,2016,44268,Technology,Radio And Television Broadcasting And Communications Equipment
AIRI,Air Industries Group Common Stock,$4.255,-0.185,-4.167%,14288796.00,United States,,40793,Industrials,Military/Government/Technical
AIRJ,AirJoule Technologies Corporation Class A Common Stock,$8.16,-1.77,-17.825%,455680226.00,United States,2022,115505,Industrials,Industrial Machinery/Components
AIRJW,AirJoule Technologies Corporation Warrant,$1.11,-0.28,-20.144%,61985913.00,United States,2022,48041,Industrials,Industrial Machinery/Components
AIRS,AirSculpt Technologies Inc. Common Stock,$5.44,-0.14,-2.509%,314879625.00,United States,2021,226577,Health Care,Medical/Nursing Services
AIRT,Air T Inc. Common Stock,$20.85,0.45,2.206%,57546980.00,United States,,2724,Consumer Discretionary,Air Freight/Delivery Services
AIRTP,Air T Inc. Air T Funding Alpha Income Trust Preferred Securities,$17.00,-0.10,-0.585%,46920799.00,United States,,7201,Consumer Discretionary,Air Freight/Delivery Services
AISP,Airship AI Holdings Inc. Class A Common Stock,$6.73,1.12,19.964%,183624786.00,United States,2021,4675464,Technology,Computer Software: Prepackaged Software
AISPW,Airship AI Holdings Inc. Warrants,$2.25,0.50,28.571%,61390159.00,United States,2021,417143,Technology,Computer Software: Prepackaged Software
AIT,Applied Industrial Technologies Inc. Common Stock,$241.315,-0.235,-0.097%,9277723904.00,United States,,75718,Consumer Discretionary,Industrial Specialties
AITR,AI TRANSPORTATION ACQUISITION CORP Ordinary shares,$10.7499,0.00,0.00%,0.00,United States,2024,130,,
AITRR,AI TRANSPORTATION ACQUISITION CORP Right,$0.13,-0.01,-7.143%,0.00,United States,2024,387,,
AITRU,AI TRANSPORTATION ACQUISITION CORP Unit,$10.99,0.21,1.948%,0.00,United States,2023,810,,
AIV,Apartment Investment and Management Company Common Stock,$8.295,-0.025,-0.30%,1171829408.00,United States,1994,297309,Real Estate,Real Estate Investment Trusts
AIXI,XIAO-I Corporation American Depositary Shares,$6.08,-0.07,-1.138%,50874497.00,China,2023,55184,Technology,Computer Software: Prepackaged Software
AIZ,Assurant Inc. Common Stock,$213.26,-1.79,-0.832%,10937545806.00,United States,2004,60966,Finance,Property-Casualty Insurers
AIZN,Assurant Inc. 5.25% Subordinated Notes due 2061,$20.75,-0.07,-0.336%,1064213052.00,United States,2020,6870,Finance,Property-Casualty Insurers
AJG,Arthur J. Gallagher & Co. Common Stock,$284.66,-1.88,-0.656%,62454404000.00,United States,,351465,Finance,Specialty Insurers
AKA,a.k.a. Brands Holding Corp. Common Stock,$19.0399,-0.3701,-1.907%,202592019.00,,2021,4401,Consumer Discretionary,Catalog/Specialty Distribution
AKAM,Akamai Technologies Inc. Common Stock,$96.35,-0.62,-0.639%,14474370101.00,United States,1999,313028,Consumer Discretionary,Business Services
AKAN,Akanda Corp. Common Shares,$1.46,-0.08,-5.195%,2083147.00,United Kingdom,2022,68000,Health Care, Medicinal Chemicals and Botanical Products 
AKBA,Akebia Therapeutics Inc. Common Stock,$1.88,-0.07,-3.59%,410180660.00,United States,2014,1284532,Health Care,Biotechnology: Pharmaceutical Preparations
AKO/A,Embotelladora Andina S.A.,$14.20,-0.58,-3.924%,,Chile,,1364,,
AKO/B,Embotelladora Andina S.A.,$17.8227,-0.6303,-3.416%,,Chile,,5790,,
AKR,Acadia Realty Trust Common Stock,$23.875,-0.115,-0.479%,2856760881.00,United States,,212036,Real Estate,Real Estate Investment Trusts
AKRO,Akero Therapeutics Inc. Common Stock,$27.97,-0.28,-0.991%,1952282170.00,United States,2019,147837,Health Care,Biotechnology: Pharmaceutical Preparations
AKTX,Akari Therapeutics plc ADS,$0.9733,0.0051,0.527%,24097505.00,United Kingdom,,55683,Health Care,Biotechnology: Pharmaceutical Preparations
AKYA,Akoya BioSciences Inc. Common Stock,$2.385,-0.005,-0.209%,118208676.00,United States,2021,81539,Industrials,Biotechnology: Laboratory Analytical Instruments
AL,Air Lease Corporation Class A Common Stock,$48.36,-0.54,-1.104%,5386186110.00,United States,2011,163893,Consumer Discretionary,Diversified Commercial Services
ALAB,Astera Labs Inc. Common Stock,$137.80,-3.73,-2.635%,21856575543.00,United States,2024,1894937,Technology,Semiconductors
ALAR,Alarum Technologies Ltd. American Depositary Share,$11.11,-0.39,-3.391%,76325700.00,Israel,2018,201662,Technology,Computer Software: Prepackaged Software
ALB,Albemarle Corporation Common Stock,$86.85,-1.44,-1.631%,10208378442.00,United States,,865130,Industrials,Major Chemicals
ALB^A,Albemarle Corporation Depositary Shares each representing a 1/20th of 7.25% Series A Mandatory Convertible Preferred Stock,$41.14,-0.49,-1.177%,,United States,,37006,,
ALBT,Avalon GloboCare Corp. Common Stock,$3.2751,-0.0149,-0.453%,3583683.00,United States,,96053,Health Care,Biotechnology: Biological Products (No Diagnostic Substances)
ALC,Alcon Inc. Ordinary Shares,$85.00,-0.65,-0.759%,42474500000.00,Switzerland,2019,235138,Health Care,Ophthalmic Goods
ALCE,Alternus Clean Energy Inc. Class A Common Stock,$0.8988,0.0008,0.089%,3927109.00,United States,2022,29828,Utilities,Power Generation
ALCO,Alico Inc. Common Stock,$25.48,0.01,0.039%,194490598.00,United States,,26713,,
ALCY,Alchemy Investments Acquisition Corp 1 Class A Ordinary Shares,$10.94,0.00,0.00%,0.00,United States,2023,2,Finance,Blank Checks
ALCYW,Alchemy Investments Acquisition Corp 1 Warrants,$0.10,0.00,0.00%,0.00,United States,2023,10000,Finance,Blank Checks
ALDF,Aldel Financial II Inc. Class A Ordinary Shares,$10.00,0.09,0.908%,0.00,United States,2024,7291,,
ALDFU,Aldel Financial II Inc. Units,$10.15,0.09,0.895%,0.00,United States,2024,8869,Finance,Blank Checks
ALDFW,Aldel Financial II Inc. Warrants,$0.31,0.0441,16.585%,0.00,United States,2024,1066,,
ALDX,Aldeyra Therapeutics Inc. Common Stock,$4.89,-0.05,-1.012%,291197534.00,United States,2014,227829,Health Care,Biotechnology: Pharmaceutical Preparations
ALE,Allete Inc.,$64.5518,0.1218,0.189%,3732318652.00,United States,,116664,Utilities,Power Generation
ALEC,Alector Inc. Common Stock,$1.70,-0.08,-4.494%,166485429.00,United States,2019,560102,Health Care,Biotechnology: Biological Products (No Diagnostic Substances)
ALEX,Alexander & Baldwin Inc. Common Stock REIT Holding Company,$17.36,-0.04,-0.23%,1260907960.00,United States,,113506,Real Estate,Real Estate Investment Trusts
ALF,Centurion Acquisition Corp. Class A Ordinary Shares,$10.10,0.00,0.00%,0.00,United States,2024,5,,
ALFUW,Centurion Acquisition Corp. Warrant,$0.1417,-0.0001,-0.071%,0.00,United States,2024,10,Finance,Blank Checks
ALG,Alamo Group Inc. Common Stock,$184.70,-0.70,-0.378%,2227508043.00,United States,,12858,Industrials,Industrial Machinery/Components
ALGM,Allegro MicroSystems Inc. Common Stock,$21.32,-0.97,-4.352%,3922535767.00,United States,2020,574547,Technology,Semiconductors
ALGN,Align Technology Inc. Common Stock,$207.9999,-3.4301,-1.622%,15527829015.00,United States,2001,222305,Health Care,Industrial Specialties
ALGS,Aligos Therapeutics Inc. Common Stock,$40.57,-0.58,-1.409%,145560778.00,United States,2020,246670,Health Care,Biotechnology: Biological Products (No Diagnostic Substances)
ALGT,Allegiant Travel Company Common Stock,$92.58,1.47,1.613%,1698282521.00,United States,2006,109247,Consumer Discretionary,Air Freight/Delivery Services
ALHC,Alignment Healthcare Inc. Common Stock,$11.06,0.24,2.218%,2120158789.00,United States,2021,448414,Health Care,Medical Specialities
ALIT,Alight Inc. Class A Common Stock,$6.855,-0.055,-0.796%,3722432166.00,United States,2021,3472093,Consumer Discretionary,Business Services
ALK,Alaska Air Group Inc. Common Stock,$65.365,-0.465,-0.706%,8297731099.00,United States,,812064,Consumer Discretionary,Air Freight/Delivery Services
ALKS,Alkermes plc Ordinary Shares,$29.23,-0.32,-1.083%,4729487309.00,Ireland,1991,288646,Health Care,Biotechnology: Pharmaceutical Preparations
ALKT,Alkami Technology Inc. Common Stock,$37.18,-1.35,-3.504%,3736465596.00,United States,2021,483906,Technology,Computer Software: Prepackaged Software
ALL,Allstate Corporation (The) Common Stock,$192.64,-1.16,-0.599%,51011738342.00,United States,,277001,Finance,Property-Casualty Insurers
ALL^B,Allstate Corporation (The) 5.100% Fixed-to-Floating Rate Subordinated Debentures due 2053,$26.13,-0.13,-0.495%,,United States,,38274,,
ALL^H,Allstate Corporation (The) Depositary Shares each representing a 1/1000th interest in a share of Fixed Rate Noncumulative Perpetual Preferred Stock Series H,$21.795,0.005,0.023%,,United States,,125013,,
ALL^I,Allstate Corporation (The) Depositary Shares each representing a 1/1000th interest in a share of Fixed Rate Noncumulative Perpetual Preferred Stock Series I,$20.30,0.06,0.296%,,United States,,26062,,
ALL^J,Allstate Corporation (The) Depositary Shares each representing a 1/1000th interest in a share of Fixed Rate Noncumulative Perpetual Preferred Stock Series J,$27.0675,0.0875,0.324%,,United States,,21718,,
ALLE,Allegion plc Ordinary Shares,$131.4649,-0.5051,-0.383%,11428149234.00,United States,2013,102018,Consumer Discretionary,Diversified Commercial Services
ALLK,Allakos Inc. Common Stock,$1.235,-0.065,-5.00%,110339388.00,United States,2018,150563,Health Care,Biotechnology: Pharmaceutical Preparations
ALLO,Allogene Therapeutics Inc. Common Stock,$2.085,-0.105,-4.795%,437166310.00,United States,2018,1675953,Health Care,Biotechnology: Biological Products (No Diagnostic Substances)
ALLR,Allarity Therapeutics Inc. Common Stock,$1.0589,-0.0211,-1.954%,4694725.00,United States,,222577,Health Care,Biotechnology: Pharmaceutical Preparations
ALLT,Allot Ltd. Ordinary Shares,$6.21,0.29,4.899%,238320791.00,Israel,2006,987160,Telecommunications,Computer Communications Equipment
ALLY,Ally Financial Inc. Common Stock,$35.90,0.25,0.701%,10939260746.00,United States,2014,446320,Finance,Major Banks
ALMS,Alumis Inc. Common Stock,$7.96,-0.10,-1.241%,433082323.00,United States,2024,29526,Health Care,Biotechnology: Pharmaceutical Preparations
ALNT,Allient Inc. Common Stock,$24.125,0.095,0.395%,406394744.00,United States,,30567,Industrials,Electrical Products
ALNY,Alnylam Pharmaceuticals Inc. Common Stock,$235.88,-2.09,-0.878%,30424018702.00,United States,2004,148835,Health Care,Biotechnology: Pharmaceutical Preparations
ALOT,AstroNova Inc. Common Stock,$11.90,-0.46,-3.722%,89593172.00,United States,1983,9966,Technology,Computer peripheral equipment
ALRM,Alarm.com Holdings Inc. Common Stock,$61.69,-0.38,-0.612%,3049280747.00,United States,2015,85363,Technology,Computer Software: Prepackaged Software
ALRN,Aileron Therapeutics Inc. Common Stock,$2.278,0.048,2.152%,49355014.00,United States,2017,68764,Health Care,Biotechnology: Pharmaceutical Preparations
ALRS,Alerus Financial Corporation Common Stock,$19.13,-0.09,-0.468%,484721296.00,United States,2019,11751,Finance,Major Banks
ALSN,Allison Transmission Holdings Inc. Common Stock,$108.63,-0.11,-0.101%,9409837480.00,United States,2012,133669,Consumer Discretionary,Auto Parts:O.E.M.
ALT,Altimmune Inc. Common Stock,$7.345,-0.325,-4.237%,522410371.00,United States,,1367900,Health Care,Biotechnology: Pharmaceutical Preparations
ALTG,Alta Equipment Group Inc. Class A Common Stock,$6.55,-0.19,-2.819%,217828903.00,United States,2019,118281,Industrials,Industrial Machinery/Components
ALTG^A,Alta Equipment Group Inc. Depositary Shares (each representing 1/1000th in a share of 10% Series A Cumulative Perpetual Preferred Stock),$25.7321,0.1821,0.713%,,United States,,178,,
ALTI,AlTi Global Inc. Class A Common Stock,$4.41,0.02,0.456%,616632025.00,United States,2021,21372,Finance,Investment Managers
ALTM,Arcadium Lithium plc Ordinary Shares,$5.165,0.035,0.682%,5555629513.00,United States,2024,2313786,Industrials,Major Chemicals
ALTO,Alto Ingredients Inc. Common Stock,$1.575,-0.105,-6.25%,120717647.00,United States,,311526,Industrials,Major Chemicals
ALTR,Altair Engineering Inc. Class A Common Stock,$109.2499,0.2399,0.22%,9295111609.00,United States,2017,142026,Technology,Computer Software: Prepackaged Software
ALTS,ALT5 Sigma Corporation Common Stock,$4.6398,0.1898,4.265%,65279522.00,United States,,151771,Consumer Discretionary,Home Furnishings
ALUR,Allurion Technologies Inc. Common Stock,$0.4931,0.0583,13.408%,31798302.00,United States,,807341,Health Care,Medical/Dental Instruments
ALV,Autoliv Inc. Common Stock,$93.30,-1.09,-1.155%,7347537902.00,Sweden,,116906,Consumer Discretionary,Auto Parts:O.E.M.
ALVO,Alvotech Ordinary Shares,$12.99,0.32,2.526%,3922200600.00,Luxembourg,,49475,Health Care,Biotechnology: Biological Products (No Diagnostic Substances)
ALVOW,Alvotech Warrant,$3.35,0.1201,3.718%,1011499000.00,Luxembourg,,1215,Health Care,Biotechnology: Biological Products (No Diagnostic Substances)
ALVR,AlloVir Inc. Common Stock,$0.46,0.003,0.656%,53146813.00,United States,2020,138947,Health Care,Biotechnology: Biological Products (No Diagnostic Substances)
ALX,Alexander's Inc. Common Stock,$198.80,0.62,0.313%,1015329252.00,United States,,8023,Real Estate,Real Estate Investment Trusts
ALXO,ALX Oncology Holdings Inc. Common Stock,$1.63,0.01,0.617%,85971260.00,United States,2020,387729,Health Care,Biotechnology: Pharmaceutical Preparations
ALZN,Alzamend Neuro Inc. Common Stock,$1.1801,-0.0199,-1.658%,6411244.00,United States,2021,107614,Health Care,Biotechnology: Pharmaceutical Preparations
AM,Antero Midstream Corporation Common Stock,$15.255,0.145,0.96%,7342597620.00,United States,2017,764816,Utilities,Natural Gas Distribution
AMAL,Amalgamated Financial Corp. Common Stock (DE),$33.5899,-0.1301,-0.386%,1030178821.00,United States,2018,41129,Finance,Major Banks
AMAT,Applied Materials Inc. Common Stock,$164.619,-2.211,-1.325%,133947951423.00,United States,1972,1779733,Technology,Semiconductors
AMBA,Ambarella Inc. Ordinary Shares,$72.25,-1.26,-1.714%,3012966104.00,United States,2012,119311,Technology,Semiconductors
AMBC,Ambac Financial Group Inc. Common Stock,$12.48,0.14,1.135%,592090400.00,United States,,95122,Finance,Property-Casualty Insurers
AMBI,Ambipar Emergency Response Class A Ordinary Shares,$5.79,0.50,9.452%,320938837.00,,,10915,Industrials,Environmental Services
AMBO,Ambow Education Holding Ltd. American Depository Shares (each representing twenty (20) Class A Ordinary Shares),$3.05,-0.42,-12.104%,8711947.00,China,,358353,Real Estate,Other Consumer Services
AMBP,Ardagh Metal Packaging S.A. Ordinary Shares,$2.96,-0.06,-1.987%,1768998398.00,,,694230,Industrials,Containers/Packaging
AMC,AMC Entertainment Holdings Inc. Class A Common Stock,$3.9877,-0.0123,-0.308%,1498097936.00,United States,2013,7424161,Consumer Discretionary,Movies/Entertainment
AMCR,Amcor plc Ordinary Shares,$9.345,-0.095,-1.006%,13506732316.00,,2019,3787670,Consumer Discretionary,Miscellaneous manufacturing industries
AMCX,AMC Networks Inc. Class A Common Stock,$9.475,0.055,0.584%,418044381.00,United States,,190920,Telecommunications,Cable & Other Pay Television Services
AMD,Advanced Micro Devices Inc. Common Stock,$123.455,-1.735,-1.386%,200343680900.00,United States,,17908380,Technology,Semiconductors
AME,AMETEK Inc.,$181.32,-1.13,-0.619%,41940708538.00,United States,,248616,Industrials,Industrial Machinery/Components
AMED,Amedisys Inc Common Stock,$90.57,0.61,0.678%,2966269935.00,United States,,205847,Health Care,Medical/Nursing Services
AMG,Affiliated Managers Group Inc. Common Stock,$186.96,-0.68,-0.362%,5650890679.00,United States,,51151,Finance,Investment Managers
AMGN,Amgen Inc. Common Stock,$260.79,-1.86,-0.708%,140183158831.00,United States,1983,783457,Health Care,Biotechnology: Biological Products (No Diagnostic Substances)
AMH,American Homes 4 Rent Common Shares of Beneficial Interest,$36.90,-0.20,-0.539%,13634818890.00,United States,2013,361944,Real Estate,Real Estate Investment Trusts
AMH^G,American Homes 4 Rent Series G cumulative redeemable perpetual preferred shares of beneficial interest,$23.98,0.28,1.181%,,United States,,1632,,
AMH^H,American Homes 4 Rent Series H cumulative redeemable perpetual Preferred Shares of Beneficial Interest,$24.70,0.21,0.857%,,United States,,4144,,
AMIX,Autonomix Medical Inc. Common Stock,$4.0497,0.7497,22.718%,4665858.00,United States,2024,11398837,Health Care,Medical/Dental Instruments
AMKR,Amkor Technology Inc. Common Stock,$25.9999,-0.0601,-0.231%,6412382897.00,United States,1998,317492,Technology,Semiconductors
AMLX,Amylyx Pharmaceuticals Inc. Common Stock,$3.80,-0.07,-1.809%,260481868.00,United States,2022,241960,Health Care,Biotechnology: Pharmaceutical Preparations
AMN,AMN Healthcare Services Inc,$24.00,-0.24,-0.99%,913769328.00,United States,,284767,Consumer Discretionary,Professional Services
AMOD,Alpha Modus Holdings Inc. Class A Common Stock,$2.86,-0.335,-10.485%,18644569.00,United States,,10586,Miscellaneous,Multi-Sector Companies
AMODW,Alpha Modus Holdings Inc. Warrant,$0.0802,-0.005,-5.869%,522830.00,United States,,24195,Miscellaneous,Multi-Sector Companies
AMP,Ameriprise Financial Inc. Common Stock,$532.55,-3.40,-0.634%,51665107123.00,United States,,87849,Finance,Investment Managers
AMPG,Amplitech Group Inc. Common Stock,$5.55,-0.16,-2.802%,61558386.00,United States,,11632871,Telecommunications,Telecommunications Equipment
AMPGW,Amplitech Group Inc. Warrants,$1.1801,-0.0217,-1.806%,13089198.00,United States,,57125,Telecommunications,Telecommunications Equipment
AMPH,Amphastar Pharmaceuticals Inc. Common Stock,$37.26,-0.54,-1.429%,1791514194.00,United States,2014,236074,Health Care,Biotechnology: Pharmaceutical Preparations
AMPL,Amplitude Inc. Class A Common Stock,$10.55,-0.14,-1.31%,1347061716.00,United States,,75004,Technology,Computer Software: Prepackaged Software
AMPS,Altus Power Inc. Class A Common Stock,$4.1601,-0.0699,-1.652%,668929424.00,United States,2021,331401,Utilities,Electric Utilities: Central
AMPX,Amprius Technologies Inc. Common Stock,$2.9401,0.5801,24.581%,311176624.00,United States,2022,6956597,Miscellaneous,Industrial Machinery/Components
AMPY,Amplify Energy Corp. Common Stock,$5.9201,0.2001,3.498%,235443833.00,United States,2016,220713,Energy,Oil & Gas Production
AMR,Alpha Metallurgical Resources Inc. Common Stock,$201.15,2.17,1.091%,2618170412.00,United States,2018,71409,Energy,Coal Mining
AMRC,Ameresco Inc. Class A Common Stock,$23.12,-0.06,-0.259%,1212476403.00,United States,2010,68593,Consumer Discretionary,Engineering & Construction
AMRK,A-Mark Precious Metals Inc. Common Stock,$25.90,-0.22,-0.842%,600467128.00,United States,,107056,Industrials,Other Specialty Stores
AMRN,Amarin Corporation plc,$0.4447,-0.0033,-0.737%,182922067.00,Ireland,,2477537,Health Care,Biotechnology: Pharmaceutical Preparations
AMRX,Amneal Pharmaceuticals Inc. Class A Common Stock,$7.825,0.005,0.064%,2424532665.00,United States,,510206,Health Care,Biotechnology: Pharmaceutical Preparations
AMS,American Shared Hospital Services Common Stock,$3.15,-0.04,-1.254%,20223000.00,United States,1988,7590,Health Care,Medical Specialities
AMSC,American Superconductor Corporation Common Stock,$24.9516,-0.1084,-0.433%,984420839.00,United States,1991,840887,Consumer Discretionary,Metal Fabrications
AMSF,AMERISAFE Inc. Common Stock,$51.65,0.02,0.039%,983930951.00,United States,2005,17544,Finance,Property-Casualty Insurers
AMST,Amesite Inc. Common Stock,$4.8417,-0.1383,-2.777%,13520157.00,United States,2020,12898,Technology,Computer Software: Prepackaged Software
AMT,American Tower Corporation (REIT) Common Stock,$180.48,-1.39,-0.764%,84336390732.00,United States,,617968,Real Estate,Real Estate Investment Trusts
AMTB,Amerant Bancorp Inc. Class A Common Stock,$22.45,0.12,0.537%,945334613.00,United States,,28298,Finance,Major Banks
AMTD,AMTD IDEA Group American Depositary Shares each representing six (6) Class A Ordinary Shares,$1.12,-0.0207,-1.815%,73976000.00,,,19405,Finance,Finance: Consumer Services
AMTM,Amentum Holdings Inc. Common Stock,$21.44,0.96,4.688%,5216400390.00,United States,2024,2088612,,
AMTX,Aemetis Inc. (DE) Common Stock,$2.91,0.10,3.559%,144727605.00,United States,,344820,Industrials,Major Chemicals
AMWD,American Woodmark Corporation Common Stock,$81.00,0.23,0.285%,1219388013.00,United States,1986,50189,Basic Materials,Forest Products
AMWL,American Well Corporation Class A Common Stock,$7.62,-0.18,-2.308%,116737097.00,United States,2020,22055,Consumer Discretionary,Business Services
AMX,America Movil S.A.B. de C.V. American Depositary Shares (each representing the right to receive twenty (20) Series B Shares,$14.32,-0.19,-1.309%,44714200000.00,Mexico,2023,378193,Telecommunications,Telecommunications Equipment
AMZN,Amazon.com Inc. Common Stock,$221.77,-1.98,-0.885%,2331913991244.00,United States,1997,14241708,Consumer Discretionary,Catalog/Specialty Distribution
AN,AutoNation Inc. Common Stock,$170.16,-1.69,-0.983%,6746198073.00,United States,,126150,Consumer Discretionary,Retail-Auto Dealers and Gas Stations
ANAB,AnaptysBio Inc. Common Stock,$13.00,-0.04,-0.307%,395572866.00,United States,2017,315066,Health Care,Biotechnology: Pharmaceutical Preparations
ANDE,Andersons Inc. (The) Common Stock,$39.925,-0.135,-0.337%,1360244870.00,United States,,98406,Industrials,Farming/Seeds/Milling
ANEB,Anebulo Pharmaceuticals Inc. Common Stock,$1.6338,-0.0662,-3.894%,42369690.00,United States,2021,27929,Health Care,Biotechnology: Pharmaceutical Preparations
ANET,Arista Networks Inc. Common Stock,$112.11,-0.92,-0.814%,141231641133.00,United States,,1750391,Telecommunications,Computer Communications Equipment
ANF,Abercrombie & Fitch Company Common Stock,$154.32,0.44,0.286%,7773513366.00,United States,,827650,Consumer Discretionary,Clothing/Shoe/Accessory Stores
ANG^A,American National Group Inc. Depositary Shares each representing a 1/1000th interest in a share of  5.95% Fixed-Rate Reset Non-Cumulative Preferred Stock Series A,$25.38,0.06,0.237%,,United States,,35159,,
ANG^B,American National Group Inc. Depositary Shares each representing a 1/1000th interest in a share of 6.625% Fixed-Rate Reset Non-Cumulative Preferred Stock Series B,$24.94,0.04,0.161%,,United States,,9153,,
ANGH,Anghami Inc. Ordinary Shares,$0.8079,0.0159,2.008%,24002419.00,United Arab Emirates,,37133,Consumer Discretionary,Telecommunications Equipment
ANGHW,Anghami Inc. Warrants,$0.0236,-0.0014,-5.60%,701148.00,United Arab Emirates,,7490,Consumer Discretionary,Telecommunications Equipment
ANGI,Angi Inc. Class A Common Stock,$1.615,-0.035,-2.121%,803089490.00,United States,,670372,Consumer Discretionary,Advertising
ANGO,AngioDynamics Inc. Common Stock,$8.97,0.06,0.673%,364489214.00,United States,2004,208667,Health Care,Medical/Dental Instruments
ANIK,Anika Therapeutics Inc. Common Stock,$16.4136,0.1736,1.069%,240386955.00,United States,,25690,Health Care,Medical/Dental Instruments
ANIP,ANI Pharmaceuticals Inc.,$53.49,-0.92,-1.691%,1124898391.00,United States,,73485,Health Care,Biotechnology: Pharmaceutical Preparations
ANIX,Anixa Biosciences Inc. Common Stock,$2.49,-0.07,-2.734%,80126935.00,United States,,173997,Health Care,Biotechnology: Pharmaceutical Preparations
ANL,Adlai Nortye Ltd. American Depositary Shares,$2.38,-0.02,-0.833%,87822638.00,Cayman Islands,2023,953,Health Care,Biotechnology: Pharmaceutical Preparations
ANNA,AleAnna Inc. Class A Common Stock,$7.075,0.455,6.873%,48392384.00,United States,,13783,Energy,Oil & Gas Production
ANNAW,AleAnna Inc. Warrant,$0.1662,-0.0001,-0.06%,1136794.00,United States,,105422,Energy,Oil & Gas Production
ANNX,Annexon Inc. Common Stock,$5.155,-0.035,-0.674%,549489518.00,United States,2020,289090,Health Care,Biotechnology: Pharmaceutical Preparations
ANRO,Alto Neuroscience Inc. Common Stock,$4.33,0.02,0.464%,116780827.00,United States,2024,127537,Health Care,Biotechnology: Pharmaceutical Preparations
ANSC,Agriculture & Natural Solutions Acquisition Corporation Class A Ordinary Shares,$10.48,0.00,0.00%,0.00,United States,2024,10040,,
ANSCU,Agriculture & Natural Solutions Acquisition Corporation Unit,$10.58,0.00,0.00%,0.00,United States,2023,2,,
ANSCW,Agriculture & Natural Solutions Acquisition Corporation Warrant,$0.27,0.00,0.00%,0.00,United States,2024,45,,
ANSS,ANSYS Inc. Common Stock,$339.72,0.015,0.004%,29708498373.00,United States,1996,97220,Technology,Computer Software: Prepackaged Software
ANTE,AirNet Technology Inc. American Depositary Shares,$0.46,0.051,12.469%,6582600.00,China,2007,101058,Consumer Discretionary,Advertising
ANTX,AN2 Therapeutics Inc. Common Stock,$1.41,-0.03,-2.083%,42129235.00,United States,2022,38198,Health Care,Biotechnology: Pharmaceutical Preparations
ANVS,Annovis Bio Inc. Common Stock,$5.24,-0.03,-0.569%,72297548.00,United States,2020,115957,Health Care,Biotechnology: Pharmaceutical Preparations
ANY,Sphere 3D Corp. Common Shares,$0.9508,-0.0102,-1.061%,20193321.00,Canada,,291814,Finance,Finance: Consumer Services
AOD,abrdn Total Dynamic Dividend Fund Common Shares of Beneficial Interest,$8.455,-0.165,-1.914%,0.00,United States,2007,277905,Finance,Investment Managers
AOMN,Angel Oak Mortgage REIT Inc. 9.500% Senior Notes due 2029,$25.42,0.0347,0.137%,0.00,United States,2024,386,Finance,Real Estate
AOMR,Angel Oak Mortgage REIT Inc. Common Stock,$9.185,-0.055,-0.595%,215951033.00,United States,2021,51630,Finance,Real Estate
AON,Aon plc Class A Ordinary Shares (Ireland),$358.42,-1.96,-0.544%,77514159361.00,United States,,149118,Finance,Specialty Insurers
AORT,Artivion Inc. Common Stock,$28.92,-0.08,-0.276%,1212323392.00,United States,,38908,Health Care,Medical/Dental Instruments
AOS,A.O. Smith Corporation Common Stock,$68.19,-0.24,-0.351%,9887240622.00,United States,,242986,Consumer Discretionary,Consumer Electronics/Appliances
AOSL,Alpha and Omega Semiconductor Limited Common Shares,$37.15,-1.21,-3.154%,1078495632.00,Bermuda,2010,209360,Technology,Semiconductors
AOUT,American Outdoor Brands Inc. Common Stock ,$14.93,-0.01,-0.067%,190565132.00,United States,,59825,Consumer Discretionary,Recreational Games/Products/Toys
AP,Ampco-Pittsburgh Corporation Common Stock,$2.1701,0.1101,5.345%,43606617.00,United States,,37548,Industrials,Fluid Controls
APA,APA Corporation Common Stock,$22.615,0.525,2.377%,8366361650.00,United States,,2265087,Energy,Oil & Gas Production
APAM,Artisan Partners Asset Management Inc. Class A Common Stock,$43.65,-0.32,-0.728%,3507763717.00,United States,2013,117134,Finance,Investment Managers
APCX,AppTech Payments Corp. Common Stock,$0.6875,-0.0376,-5.185%,19006752.00,United States,,580115,Technology,Computer Software: Prepackaged Software
APCXW,AppTech Payments Corp. Warrant,$0.1351,-0.0035,-2.525%,3735000.00,United States,,37542,Technology,Computer Software: Prepackaged Software
APD,Air Products and Chemicals Inc. Common Stock,$289.81,-3.00,-1.025%,64447631617.00,United States,,171535,Industrials,Major Chemicals
APDN,Applied DNA Sciences Inc. Common Stock,$0.20,0.02,11.111%,10458872.00,United States,,4639028,Consumer Discretionary,Other Consumer Services
APEI,American Public Education Inc. Common Stock,$21.805,0.325,1.513%,386211294.00,United States,2007,92794,Real Estate,Other Consumer Services
APG,APi Group Corporation Common Stock,$36.195,0.195,0.542%,9945508995.00,United States,2020,281132,Consumer Discretionary,Engineering & Construction
APGE,Apogee Therapeutics Inc. Common Stock,$44.96,-0.85,-1.855%,2630753382.00,United States,2023,89760,Health Care,Biotechnology: Biological Products (No Diagnostic Substances)
APH,Amphenol Corporation Common Stock,$70.03,-0.71,-1.004%,84429072017.00,United States,,1840728,Technology,Electrical Products
API,Agora Inc. American Depositary Shares,$4.20,-0.20,-4.545%,387249139.00,China,2020,437153,Technology,Computer Software: Prepackaged Software
APLD,Applied Digital Corporation Common Stock,$7.985,-0.405,-4.827%,1719642613.00,United States,2022,12143685,Finance,Finance: Consumer Services
APLE,Apple Hospitality REIT Inc. Common Shares,$15.455,0.015,0.097%,3708041880.00,United States,2015,532192,Real Estate,Real Estate Investment Trusts
APLM,Apollomics Inc. Class A Ordinary Shares,$9.84,-0.04,-0.405%,10850224.00,United States,,28569,Health Care,Biotechnology: Pharmaceutical Preparations
APLMW,Apollomics Inc. Warrant,$0.0129,0.001,8.403%,14224.00,United States,,6898,Health Care,Biotechnology: Pharmaceutical Preparations
APLS,Apellis Pharmaceuticals Inc. Common Stock,$32.23,-0.45,-1.377%,4009186938.00,United States,2017,579707,Health Care,Biotechnology: Pharmaceutical Preparations
APLT,Applied Therapeutics Inc. Common Stock,$0.8112,-0.0421,-4.934%,94388372.00,United States,2019,2641701,Health Care,Biotechnology: Pharmaceutical Preparations
APM,Aptorum Group Limited Class A Ordinary Shares,$1.20,0.12,11.111%,6218036.00,Hong Kong,2018,115999,Health Care,Biotechnology: Pharmaceutical Preparations
APO,Apollo Global Management Inc. (New) Common Stock,$168.32,-1.96,-1.151%,95238225874.00,United States,,1214644,Finance,Investment Managers
APO^A,Apollo Global Management Inc. 6.75% Series A Mandatory Convertible Preferred Stock,$88.56,-0.96,-1.072%,,United States,,3919,,
APOG,Apogee Enterprises Inc. Common Stock,$72.015,-0.325,-0.449%,1580226297.00,United States,,79028,Consumer Discretionary,Auto Parts:O.E.M.
APOS,Apollo Global Management Inc. 7.625% Fixed-Rate Resettable Junior Subordinated Notes due 2053,$26.57,-0.04,-0.15%,15132525580.00,United States,1987,54776,Finance,Investment Managers
APP,Applovin Corporation Class A Common Stock,$339.655,4.485,1.338%,113985434188.00,United States,2021,1344750,Technology,Computer Software: Programming Data Processing
APPF,AppFolio Inc. Class A Common Stock,$248.88,-1.01,-0.404%,9042635686.00,United States,2015,71007,Technology,Computer Software: Prepackaged Software
APPN,Appian Corporation Class A Common Stock,$32.77,-0.66,-1.974%,2421286362.00,United States,2017,111300,Technology,Computer Software: Prepackaged Software
APPS,Digital Turbine Inc. Common Stock,$1.84,-0.02,-1.075%,190855038.00,United States,,3710628,Miscellaneous,Multi-Sector Companies
APRE,Aprea Therapeutics Inc. Common stock,$3.23,-0.14,-4.154%,17554737.00,United States,2019,7782,Health Care,Biotechnology: Pharmaceutical Preparations
APT,Alpha Pro Tech Ltd. Common Stock,$5.26,0.01,0.19%,57853162.00,Canada,2000,26327,Health Care,Industrial Specialties
APTO,Aptose Biosciences Inc. Common Shares,$0.24,-0.001,-0.415%,4346254.00,Canada,,1043794,Health Care,Biotechnology: Biological Products (No Diagnostic Substances)
APTV,Aptiv PLC Ordinary Shares,$60.34,0.00,0.00%,14182056491.00,United Kingdom,,1200864,Consumer Discretionary,Auto Parts:O.E.M.
APVO,Aptevo Therapeutics Inc. Common Stock,$4.87,0.06,1.247%,2436592.00,United States,,58157,Health Care,Biotechnology: Pharmaceutical Preparations
APWC,Asia Pacific Wire & Cable Corporation Ltd. Ordinary Shares (Bermuda),$1.3999,-0.052,-3.582%,28860656.00,Taiwan,,11434,Industrials,Telecommunications Equipment
APYX,Apyx Medical Corporation Common Stock,$1.6431,0.0031,0.189%,56923369.00,United States,,39661,Health Care,Medical/Dental Instruments
AQB,AquaBounty Technologies Inc. Common Stock,$0.6801,-0.0179,-2.564%,2629116.00,United States,,179073,Consumer Staples,Meat/Poultry/Fish
AQMS,Aqua Metals Inc. Common Stock,$2.6777,0.0577,2.202%,19096783.00,United States,2015,196002,Industrials,Metal Fabrications
AQN,Algonquin Power & Utilities Corp. Common Shares,$4.4748,-0.0052,-0.116%,3432126852.00,United States,2016,3666705,Utilities,Electric Utilities: Central
AQNB,Algonquin Power & Utilities Corp. 6.20% Fixed-to-Floating Subordinated Notes Series 2019-A due July 1 2079,$25.38,-0.02,-0.079%,19466206200.00,United States,2019,16174,Utilities,Electric Utilities: Central
AQST,Aquestive Therapeutics Inc. Common Stock,$3.475,-0.045,-1.278%,316844221.00,United States,2018,553051,Health Care,Biotechnology: Pharmaceutical Preparations
AQU,Aquaron Acquisition Corp. Common Stock,$11.50,0.00,0.00%,0.00,United States,2022,4,Finance,Blank Checks
AR,Antero Resources Corporation Common Stock,$35.97,2.67,8.018%,11192569080.00,United States,2013,3980671,Energy,Oil & Gas Production
ARAY,Accuray Incorporated Common Stock,$1.7948,-0.0352,-1.923%,180494091.00,United States,2007,494916,Health Care,Medical/Dental Instruments
ARBB,ARB IOT Group Limited Ordinary Shares,$0.4505,0.0052,1.168%,11910094.00,Malaysia,2023,77149,Technology,EDP Services
ARBE,Arbe Robotics Ltd. Ordinary Shares,$2.04,-0.10,-4.673%,159571976.00,Israel,,1241873,Technology,EDP Services
ARBEW,Arbe Robotics Ltd. Warrant,$0.249,-0.0138,-5.251%,19477168.00,Israel,,110579,Technology,EDP Services
ARBK,Argo Blockchain plc American Depositary Shares,$0.5903,-0.0197,-3.23%,42339288.00,United Kingdom,2021,847853,Finance,Finance: Consumer Services
ARBKL,Argo Blockchain plc 8.75% Senior Notes due 2026,$6.57,0.07,1.077%,4180819500.00,United Kingdom,,4667,Finance,Finance: Consumer Services
ARCB,ArcBest Corporation Common Stock,$92.58,-1.02,-1.09%,2166331450.00,United States,,85954,Industrials,Trucking Freight/Courier Services
ARCC,Ares Capital Corporation Common Stock,$21.9907,-0.0293,-0.133%,14207666550.00,United States,2004,5628982,Finance,Finance: Consumer Services
ARCH,Arch Resources Inc. Class A Common Stock,$140.48,3.92,2.871%,2543897392.00,United States,2016,45919,Energy,Coal Mining
ARCO,Arcos Dorados Holdings Inc. Class A Shares,$7.1058,-0.1842,-2.527%,1496872079.00,Argentina,2011,377970,Consumer Discretionary,Restaurants
ARCT,Arcturus Therapeutics Holdings Inc. Common Stock,$16.49,-0.53,-3.114%,446670550.00,Israel,2013,137821,Health Care,Biotechnology: Pharmaceutical Preparations
ARDC,Ares Dynamic Credit Allocation Fund Inc. Common Shares,$15.13,0.08,0.532%,346703027.00,United States,2012,46672,Finance,Investment Managers
ARDT,Ardent Health Partners Inc. Common Stock,$16.81,-0.10,-0.591%,2399338620.00,,2024,92726,Health Care,Hospital/Nursing Management
ARDX,Ardelyx Inc. Common Stock,$5.225,0.015,0.288%,1237563561.00,United States,2014,2574240,Health Care,Biotechnology: Pharmaceutical Preparations
ARE,Alexandria Real Estate Equities Inc. Common Stock,$97.375,-0.975,-0.991%,17017474970.00,United States,,484020,Real Estate,Real Estate Investment Trusts
AREB,American Rebel Holdings Inc. Common Stock,$1.87,0.04,2.186%,1767445.00,United States,,59955,Industrials,Plastic Products
AREBW,American Rebel Holdings Inc. Warrants,$0.01,-0.0049,-32.886%,9452.00,United States,,17452,Industrials,Plastic Products
AREC,American Resources Corporation Class A Common Stock,$1.1189,0.0889,8.631%,86626642.00,United States,,201928,Energy,Coal Mining
AREN,The Arena Group Holdings Inc. Common Stock,$1.40,0.02,1.449%,66452049.00,United States,2022,42477,Technology,EDP Services
ARES,Ares Management Corporation Class A Common Stock,$179.615,0.115,0.064%,56229588465.00,United States,2014,146759,Finance,Investment Managers
ARES^B,Ares Management Corporation 6.75% Series B Mandatory Convertible Preferred Stock,$56.314,0.264,0.471%,,United States,,4534,,
ARGD,Argo Group International Holdings Ltd. 6.5% Senior Notes Due 2042,$21.74,0.04,0.184%,283.00,Bermuda,,2577,Finance,Specialty Insurers
ARGO^A,Argo Group International Holdings Inc. Depositary Shares Each Representing a 1/1000th Interest in a 7.00% Resettable Fixed Rate Preference Share Series A,$25.01,0.13,0.523%,,Bermuda,,30260,,
ARGX,argenx SE American Depositary Shares,$624.68,-1.63,-0.26%,36977612764.00,Netherlands,2017,59544,Health Care,Biotechnology: Biological Products (No Diagnostic Substances)
ARHS,Arhaus Inc. Class A Common Stock,$9.295,0.035,0.378%,1306223617.00,United States,2021,499781,Consumer Discretionary,Other Specialty Stores
ARI,Apollo Commercial Real Estate Finance Inc,$8.785,-0.115,-1.292%,1213864177.00,United States,2009,611353,Real Estate,Real Estate Investment Trusts
ARIS,Aris Water Solutions Inc. Class A Common Stock,$24.32,0.25,1.039%,1416066024.00,United States,2021,255219,Energy,Oilfield Services/Equipment
ARKO,ARKO Corp. Common Stock,$6.62,0.09,1.378%,766406125.00,United States,,101950,Consumer Staples,Food Chains
ARKOW,ARKO Corp. Warrant,$0.45,0.00,0.00%,52097093.00,United States,,1,Consumer Staples,Food Chains
ARKR,Ark Restaurants Corp. Common Stock,$11.17,-0.3206,-2.79%,40258434.00,United States,,298,Consumer Discretionary,Restaurants
ARL,American Realty Investors Inc. Common Stock,$14.53,-0.24,-1.625%,234689185.00,United States,,596,Real Estate,Other Consumer Services
ARLO,Arlo Technologies Inc. Common Stock,$11.35,-0.12,-1.046%,1138874618.00,United States,2018,164955,Consumer Staples,Consumer Electronics/Appliances
ARLP,Alliance Resource Partners L.P. Common Units representing Limited Partners Interests,$25.8504,-0.0396,-0.153%,3310453434.00,United States,1999,73295,Energy,Coal Mining
ARM,Arm Holdings plc American Depositary Shares,$127.27,-1.93,-1.494%,132402862353.00,United Kingdom,2023,1675145,Technology,Semiconductors
ARMK,Aramark Common Stock,$37.58,0.15,0.401%,9919154491.00,United States,2013,399431,Consumer Discretionary,Restaurants
ARMN,Aris Mining Corporation Common Shares,$3.445,-0.095,-2.684%,586721540.00,,2023,224289,,
ARMP,Armata Pharmaceuticals Inc. Common Stock,$1.88,-0.23,-10.90%,68024166.00,United States,,23661,Health Care,Biotechnology: Biological Products (No Diagnostic Substances)
AROC,Archrock Inc. Common Stock,$25.0019,0.4619,1.882%,4379635777.00,United States,,173105,Utilities,Natural Gas Distribution
AROW,Arrow Financial Corporation Common Stock,$28.74,0.25,0.878%,481078285.00,United States,,18997,Finance,Major Banks
ARQ,Arq Inc. Common Stock,$7.20,0.075,1.053%,302631019.00,United States,,96394,Industrials,Major Chemicals
ARQQ,Arqit Quantum Inc. Ordinary Shares,$42.96,0.27,0.632%,537172227.00,United Kingdom,,902397,Technology,Computer Software: Prepackaged Software
ARQQW,Arqit Quantum Inc. Warrants,$3.55,-0.585,-14.148%,44389232.00,United Kingdom,,345760,Technology,Computer Software: Prepackaged Software
ARQT,Arcutis Biotherapeutics Inc. Common Stock,$14.17,-0.13,-0.909%,1658521854.00,United States,2020,634630,Health Care,Biotechnology: Pharmaceutical Preparations
ARR,ARMOUR Residential REIT Inc.,$18.555,-0.135,-0.722%,1034631736.00,United States,,1124278,Real Estate,Real Estate Investment Trusts
ARR^C,ARMOUR Residential REIT Inc. 7% Series C Cumulative Redeemable Preferred Stock (liquidation preference $25.00 per share),$21.14,0.13,0.619%,,United States,,5106,,
ARRY,Array Technologies Inc. Common Stock,$6.055,0.025,0.415%,920014750.00,United States,2020,1636647,Consumer Discretionary,Miscellaneous manufacturing industries
ARTL,Artelo Biosciences Inc. Common Stock,$1.0501,-0.0099,-0.934%,3389408.00,United States,,11081,Health Care,Biotechnology: Pharmaceutical Preparations
ARTNA,Artesian Resources Corporation Class A Common Stock,$31.3062,-0.1838,-0.584%,322389526.00,United States,,10805,Utilities,Water Supply
ARTV,Artiva Biotherapeutics Inc. Common Stock,$10.69,0.05,0.47%,259652916.00,United States,2024,22718,Health Care,Biotechnology: Biological Products (No Diagnostic Substances)
ARTW,Art's-Way Manufacturing Co. Inc. Common Stock,$3.682,1.242,50.902%,18525832.00,United States,,3438476,Industrials,Industrial Machinery/Components
ARVN,Arvinas Inc. Common Stock,$18.95,-0.05,-0.263%,1302113207.00,United States,2018,206099,Health Care,Biotechnology: Pharmaceutical Preparations
ARW,Arrow Electronics Inc. Common Stock,$113.755,-0.215,-0.189%,5982417312.00,United States,,151336,Technology,Electronic Components
ARWR,Arrowhead Pharmaceuticals Inc. Common Stock,$18.74,-0.22,-1.16%,2331901443.00,United States,,481775,Health Care,Biotechnology: Pharmaceutical Preparations
AS,Amer Sports Inc. Ordinary Shares,$28.51,0.09,0.317%,14404666296.00,,2024,825563,Consumer Discretionary,Apparel
ASA,ASA  Gold and Precious Metals Limited,$20.00,-0.15,-0.744%,379191420.00,United States,,28998,Industrials,Precious Metals
ASAI,Sendas Distribuidora S A ADS,$4.435,-0.155,-3.377%,1199076048.00,,2021,335584,Consumer Staples,Food Chains
ASAN,Asana Inc. Class A Common Stock,$20.9293,-0.6607,-3.06%,4787016491.00,United States,2020,1452961,Technology,Computer Software: Prepackaged Software
ASB,Associated Banc-Corp Common Stock,$24.0373,-0.0127,-0.053%,3635762124.00,United States,,216984,Finance,Major Banks
ASB^E,Associated Banc-Corp Depositary Shares each representing a 1/40th interest in a share of 5.875% Non-Cumulative Perpetual Preferred Stock Series E,$21.0987,-0.0013,-0.006%,,United States,,4420,,
ASB^F,Associated Banc-Corp Depositary Shares each representing a 1/40th interest in a share of Associated Banc-Corp 5.625% Non-Cumulative Perpetual Preferred Stock Series F,$20.45,0.09,0.442%,,United States,,6156,,
ASBA,Associated Banc-Corp 6.625% Fixed-Rate Reset Subordinated Notes due 2033,$24.70,0.01,0.041%,3727250131.00,United States,2023,7445,Finance,Major Banks
ASC,Ardmore Shipping Corporation Common Stock,$11.88,-0.11,-0.917%,490699230.00,,2013,319615,Consumer Discretionary,Marine Transportation
ASG,Liberty All-Star Growth Fund Inc.,$5.70,-0.05,-0.87%,0.00,United States,,202912,Finance,Investment Managers
ASGI,abrdn Global Infrastructure Income Fund Common Shares of Beneficial Interest,$17.8099,-0.3301,-1.82%,0.00,United States,2020,104028,Finance,Investment Managers
ASGN,ASGN Incorporated Common Stock,$83.5285,-0.1615,-0.193%,3691959700.00,United States,1992,67834,Consumer Discretionary,Professional Services
ASH,Ashland Inc. Common Stock,$71.35,-0.22,-0.307%,3361250410.00,United States,,100206,Consumer Discretionary,Specialty Chemicals
ASIX,AdvanSix Inc. Common Stock ,$28.265,0.105,0.373%,755551969.00,United States,2016,38930,Industrials,Major Chemicals
ASLE,AerSale Corporation Common Stock,$6.17,0.04,0.653%,328310895.00,United States,2019,246528,Consumer Discretionary,Industrial Specialties
ASM,Avino Silver & Gold Mines Ltd. Common Shares (Canada),$0.8735,-0.0136,-1.533%,118014045.00,Canada,,773091,Basic Materials,Metal Mining
ASMB,Assembly Biosciences Inc. Common Stock,$15.80,0.64,4.222%,100429319.00,United States,2010,82543,Health Care,Biotechnology: Pharmaceutical Preparations
ASML,ASML Holding N.V. New York Registry Shares,$700.565,-13.025,-1.825%,275617487972.00,Netherlands,1995,690553,Technology,Industrial Machinery/Components
ASND,Ascendis Pharma A/S American Depositary Shares,$136.49,-1.01,-0.735%,7727297409.00,Denmark,2015,91069,Health Care,Biotechnology: Pharmaceutical Preparations
ASNS,Actelis Networks Inc. Common Stock,$1.33,0.22,19.82%,8317441.00,United States,2022,1432388,Telecommunications,Telecommunications Equipment
ASO,Academy Sports and Outdoors Inc. Common Stock,$58.0119,-2.0381,-3.394%,4025857451.00,United States,2020,831030,Consumer Discretionary,Other Specialty Stores
ASPCU,A SPAC III Acquisition Corp. Unit,$10.05,0.00,0.00%,0.00,China,2024,2502,Finance,Blank Checks
ASPI,ASP Isotopes Inc. Common Stock,$4.77,-0.05,-1.037%,340530810.00,United States,2022,651575,Industrials,Major Chemicals
ASPN,Aspen Aerogels Inc. Common Stock,$12.20,-0.27,-2.165%,1000976914.00,United States,2014,702071,Consumer Discretionary,RETAIL: Building Materials
ASPS,Altisource Portfolio Solutions S.A. Common Stock,$0.7455,0.0254,3.527%,20258118.00,Luxembourg,,220730,Consumer Discretionary,Other Consumer Services
ASR,Grupo Aeroportuario del Sureste S.A. de C.V. Common Stock,$255.90,-7.27,-2.762%,7677000000.00,Mexico,,10995,Consumer Discretionary,Aerospace
ASRT,Assertio Holdings Inc. Common Stock,$0.8632,-0.0281,-3.153%,82416437.00,United States,,296023,Health Care,Biotechnology: Pharmaceutical Preparations
ASRV,AmeriServ Financial Inc. Common Stock,$2.57,-0.01,-0.388%,42454516.00,United States,,28651,Finance,Major Banks
ASST,Asset Entities Inc. Class B Common Stock,$0.4624,-0.0034,-0.73%,2018457.00,United States,2023,355844,Technology,Computer Software: Prepackaged Software
ASTC,Astrotech Corporation (DE) Common Stock,$6.9901,0.0851,1.232%,11895256.00,United States,,6750,Industrials,Biotechnology: Laboratory Analytical Instruments
ASTE,Astec Industries Inc. Common Stock,$33.185,-0.035,-0.105%,756677235.00,United States,1986,25129,Industrials,Construction/Ag Equipment/Trucks
ASTH,Astrana Health Inc. Common Stock,$32.17,-0.55,-1.681%,1809650324.00,United States,,75665,Consumer Discretionary,Professional Services
ASTI,Ascent Solar Technologies Inc. Common Stock,$3.62,0.66,22.297%,4795790.00,United States,,478535,Technology,Semiconductors
ASTL,Algoma Steel Group Inc. Common Shares,$9.72,-0.10,-1.018%,1012076260.00,Canada,,91942,Industrials,Steel/Iron Ore
ASTLW,Algoma Steel Group Inc. Warrant,$1.57,-0.07,-4.268%,163441823.00,Canada,,11563,Industrials,Steel/Iron Ore
ASTS,AST SpaceMobile Inc. Class A Common Stock,$22.1173,-0.8027,-3.502%,6408155363.00,United States,2019,6650772,Consumer Discretionary,Telecommunications Equipment
ASUR,Asure Software Inc Common Stock,$9.43,0.08,0.856%,250403522.00,United States,,40795,Technology,EDP Services
ASX,ASE Technology Holding Co. Ltd. American Depositary Shares (each representing Two Common Shares) ,$10.205,-0.135,-1.306%,22371537431.00,Taiwan,2018,4201091,Technology,Semiconductors
ASYS,Amtech Systems Inc. Common Stock,$5.41,-0.13,-2.347%,77238927.00,United States,,64651,Technology,Industrial Machinery/Components
ATAI,ATAI Life Sciences N.V. Common Shares,$1.34,0.06,4.688%,224855211.00,Germany,2008,1264021,Health Care,Biotechnology: Pharmaceutical Preparations
ATAT,Atour Lifestyle Holdings Limited American Depositary Shares,$26.58,-0.42,-1.556%,3657281373.00,China,2022,550903,Consumer Discretionary,Hotels/Resorts
ATCH,AtlasClear Holdings Inc. Common Stock,$0.1635,-0.0205,-11.141%,3805490.00,,2024,992733,Finance,Finance: Consumer Services
ATCO^D,Atlas Corp. 7.95% Series D,$25.02,0.12,0.482%,,United Kingdom,,5130,,
ATCO^H,Atlas Corp. 7.875% Series H,$24.9097,0.0497,0.20%,,United Kingdom,,4740,,
ATCOL,Atlas Corp. 7.125% Notes due 2027,$25.1599,0.0498,0.198%,5140879016.00,United Kingdom,,482,Consumer Discretionary,Marine Transportation
ATEC,Alphatec Holdings Inc. Common Stock,$9.17,-0.02,-0.218%,1300011368.00,United States,2006,319310,Health Care,Medical/Dental Instruments
ATEN,A10 Networks Inc. Common Stock,$18.46,-0.12,-0.646%,1362327676.00,United States,2014,110051,Telecommunications,Computer Communications Equipment
ATER,Aterian Inc. Common Stock,$2.6342,0.2642,11.148%,23062914.00,United States,2019,108101,Consumer Discretionary,Home Furnishings
ATEX,Anterix Inc. Common Stock,$30.46,-0.28,-0.911%,567112535.00,United States,2015,18271,Telecommunications,Telecommunications Equipment
ATGE,Adtalem Global Education Inc. Common Stock,$90.89,0.02,0.022%,3407539539.00,United States,,55600,Real Estate,Other Consumer Services
ATGL,Alpha Technology Group Limited Ordinary Shares,$14.50,0.98,7.249%,221306250.00,China,2023,14216,Technology,EDP Services
ATH^A,Athene Holding Ltd. Depositary Shares Each Representing a 1/1000th Interest in a 6.35% Fixed-to-Floating Rate Perpetual Non-Cumulative Preference Share Series A,$24.085,0.185,0.774%,,Bermuda,,95009,,
ATH^B,Athene Holding Ltd. Depositary Shares Each Representing a 1/1000th Interest in a 5.625% Fixed Rate Perpetual Non- Cumulative Preference Share Series B par value $1.00 per share,$19.96,0.19,0.961%,,Bermuda,,36143,,
ATH^C,Athene Holding Ltd. Depositary Shares each representing a 1/1000th Interest in a Share of 6.375% Fixed-Rate Reset Perpetual Non-Cumulative Preference Shares Series C,$25.035,-0.135,-0.536%,,Bermuda,,17552,,
ATH^D,Athene Holding Ltd. Depositary Shares Each Representing a 1/1000th Interest in a 4.875% Fixed-Rate Perpetual Non-Cumulative Preference Share Series D,$17.7591,0.1991,1.134%,,Bermuda,,51631,,
ATH^E,Athene Holding Ltd. Depositary Shares Each Representing a 1/1000th Interest in a 7.750% Fixed-Rate Reset Perpetual Non-Cumulative Preference Share Series E,$26.22,0.03,0.115%,,Bermuda,,17370,,
ATHA,Athira Pharma Inc. Common Stock,$0.5392,-0.0107,-1.946%,20850364.00,United States,2020,264514,Health Care,Biotechnology: Biological Products (No Diagnostic Substances)
ATHE,Alterity Therapeutics Limited American Depositary Shares,$3.71,0.57,18.153%,32435651.00,Australia,,145857,Health Care,Biotechnology: Pharmaceutical Preparations
ATHM,Autohome Inc. American Depositary Shares each representing four class A ordinary shares.,$26.42,-0.32,-1.197%,3192844451.00,China,2013,259534,Technology,EDP Services
ATHS,Athene Holding Ltd. 7.250% Fixed-Rate Reset Junior Subordinated Debentures due 2064,$25.18,0.09,0.359%,5131820778.00,Bermuda,2024,11811,,
ATI,ATI Inc. Common Stock,$55.18,-0.27,-0.487%,7871018061.00,United States,,278335,Industrials,Steel/Iron Ore
ATKR,Atkore Inc. Common Stock,$84.13,0.76,0.912%,2936388717.00,United States,2016,174429,Miscellaneous,Industrial Machinery/Components
ATLC,Atlanticus Holdings Corporation Common Stock,$57.56,0.56,0.982%,848368897.00,United States,1995,21386,Finance,Finance: Consumer Services
ATLCL,Atlanticus Holdings Corporation 6.125% Senior Notes due 2026,$23.765,0.115,0.486%,350269055.00,United States,,2191,Finance,Finance: Consumer Services
ATLCP,Atlanticus Holdings Corporation 7.625% Series B Cumulative Perpetual Preferred Stock no par value per share,$23.11,-0.18,-0.773%,340615101.00,United States,,3052,Finance,Finance: Consumer Services
ATLCZ,Atlanticus Holdings Corporation 9.25% Senior Notes due 2029,$25.26,0.07,0.278%,372303654.00,United States,,5121,Finance,Finance: Consumer Services
ATLN,Atlantic International Corp. Common Stock,$4.70,0.20,4.444%,235689669.00,United States,2024,6054,Industrials,Biotechnology: Laboratory Analytical Instruments
ATLO,Ames National Corporation Common Stock,$16.37,-0.13,-0.788%,147201774.00,United States,,16452,Finance,Major Banks
ATLX,Atlas Lithium Corporation Common Stock,$6.477,-0.193,-2.894%,98772903.00,United States,,92293,Industrials,Mining & Quarrying of Nonmetallic Minerals (No Fuels)
ATMC,AlphaTime Acquisition Corp Ordinary Shares,$11.35,0.00,0.00%,0.00,United States,2023,1,Finance,Blank Checks
ATMU,Atmus Filtration Technologies Inc. Common Stock,$38.62,-0.07,-0.181%,3209169567.00,United States,2023,97118,Consumer Discretionary,Auto Parts:O.E.M.
ATMV,AlphaVest Acquisition Corp Ordinary Shares,$11.35,0.00,0.00%,0.00,United States,2023,99,Finance,Blank Checks
ATMVR,AlphaVest Acquisition Corp Right.,$0.1488,0.0238,19.04%,0.00,United States,2023,400,Finance,Blank Checks
ATNF,180 Life Sciences Corp. Common Stock,$2.02,-0.13,-6.047%,3993538.00,United States,2017,142430,Health Care,Biotechnology: Pharmaceutical Preparations
ATNFW,180 Life Sciences Corp. Warrant,$0.0086,-0.0002,-2.273%,17002.00,United States,2017,118172,Health Care,Biotechnology: Pharmaceutical Preparations
ATNI,ATN International Inc. Common Stock,$16.53,-0.06,-0.362%,249837990.00,United States,,46977,Telecommunications,Telecommunications Equipment
ATNM,Actinium Pharmaceuticals Inc. (Delaware) Common Stock,$1.20,0.00,0.00%,37435069.00,United States,,134952,Health Care,Biotechnology: Pharmaceutical Preparations
ATO,Atmos Energy Corporation Common Stock,$138.92,-0.44,-0.316%,21588103124.00,United States,,143445,Utilities,Oil/Gas Transmission
ATOM,Atomera Incorporated Common Stock,$13.70,-0.57,-3.994%,394260354.00,United States,2016,823785,Technology,Semiconductors
ATOS,Atossa Therapeutics Inc. Common Stock,$0.9812,0.0001,0.01%,123436190.00,United States,2012,559299,Health Care,Biotechnology: Pharmaceutical Preparations
ATPC,Agape ATP Corporation Common Stock,$1.1429,-0.0071,-0.617%,4559092.00,Malaysia,,49028,Health Care,Medical/Nursing Services
ATR,AptarGroup Inc. Common Stock,$156.8136,-1.3364,-0.845%,10434886902.00,United States,,88313,Industrials,Plastic Products
ATRA,Atara Biotherapeutics Inc. Common Stock,$13.6527,1.5027,12.368%,78636139.00,United States,2014,85930,Health Care,Biotechnology: Biological Products (No Diagnostic Substances)
ATRC,AtriCure Inc. Common Stock,$30.48,-0.17,-0.555%,1485999090.00,United States,2005,99467,Health Care,Medical/Dental Instruments
ATRO,Astronics Corporation Common Stock,$16.055,0.025,0.156%,566137720.00,United States,,87319,Industrials,Military/Government/Technical
ATS,ATS Corporation Common Shares,$30.21,0.19,0.633%,2958349324.00,Canada,2023,62848,Industrials,Industrial Machinery/Components
ATSG,Air Transport Services Group Inc,$21.965,0.045,0.205%,1444416291.00,United States,,805485,Consumer Discretionary,Air Freight/Delivery Services
ATUS,Altice USA Inc. Class A Common Stock,$2.39,-0.02,-0.83%,1103284792.00,United States,2017,899419,Telecommunications,Cable & Other Pay Television Services
ATXG,Addentax Group Corp. Common Stock,$0.6899,-0.0037,-0.533%,4169596.00,China,,27376,Consumer Discretionary,Professional Services
ATXI,Avenue Therapeutics Inc. Common Stock,$1.93,-0.01,-0.515%,3689452.00,United States,2017,33971,Health Care,Biotechnology: Pharmaceutical Preparations
ATXS,Astria Therapeutics Inc. Common Stock,$8.94,-0.21,-2.295%,504521918.00,United States,2015,86683,Health Care,Biotechnology: Pharmaceutical Preparations
ATYR,aTyr Pharma Inc. Common Stock,$3.51,-0.23,-6.15%,294637849.00,United States,2015,584925,Health Care,Biotechnology: Biological Products (No Diagnostic Substances)
AU,AngloGold Ashanti PLC Ordinary Shares,$22.98,-0.29,-1.246%,9645392091.00,South Africa,,680410,Basic Materials,Precious Metals
AUB,Atlantic Union Bankshares Corporation Common Stock,$37.89,-0.19,-0.499%,3401636359.00,United States,,144762,Finance,Major Banks
AUB^A,Atlantic Union Bankshares Corporation Depositary Shares each representing a 1/400th ownership interest in a share of 6.875% Perpetual Non-Cumulative Preferred Stock Series A,$23.61,-0.07,-0.296%,,United States,,15684,,
AUBN,Auburn National Bancorporation Inc. Common Stock,$23.95,0.035,0.146%,83674091.00,United States,,1636,Finance,Major Banks
AUDC,AudioCodes Ltd. Common Stock,$9.31,-0.12,-1.273%,284017870.00,Israel,1999,38914,Utilities,Telecommunications Equipment
AUID,authID Inc. Common Stock,$6.13,0.09,1.49%,66945172.00,United States,,16941,Technology,Computer Software: Prepackaged Software
AUNA,Auna SA Class A Ordinary Shares,$6.625,-0.225,-3.285%,489703948.00,Peru,2024,61167,Health Care,Medical/Nursing Services
AUPH,Aurinia Pharmaceuticals Inc Ordinary Shares,$9.18,-0.02,-0.217%,1312657141.00,Canada,,516455,Health Care,Biotechnology: Pharmaceutical Preparations
AUR,Aurora Innovation Inc. Class A Common Stock,$6.61,-0.33,-4.755%,11358788490.00,United States,2021,4758454,Technology,EDP Services
AURA,Aura Biosciences Inc. Common Stock,$8.25,-0.08,-0.96%,412099595.00,United States,2021,47585,Health Care,Biotechnology: Biological Products (No Diagnostic Substances)
AUROW,Aurora Innovation Inc. Warrant,$1.13,-0.11,-8.871%,1941820120.00,United States,2021,77120,Technology,EDP Services
AUST,Austin Gold Corp. Common Shares,$1.2571,0.0771,6.534%,16683917.00,,2022,89625,Basic Materials,Precious Metals
AUTL,Autolus Therapeutics plc American Depositary Share,$2.205,-0.055,-2.434%,586798324.00,United Kingdom,2018,587423,Health Care,Biotechnology: Biological Products (No Diagnostic Substances)
AUUD,Auddia Inc. Common Stock,$0.515,-0.0181,-3.395%,2921943.00,United States,2021,590216,Technology,EDP Services
AUUDW,Auddia Inc. Warrants,$0.0165,-0.0015,-8.333%,93616.00,United States,2021,9350,Technology,EDP Services
AVA,Avista Corporation Common Stock,$36.48,-0.05,-0.137%,2888589164.00,United States,,151566,Utilities,Power Generation
AVAH,Aveanna Healthcare Holdings Inc. Common Stock,$4.575,-0.085,-1.824%,884005185.00,United States,2021,121897,Health Care,Medical/Nursing Services
AVAL,Grupo Aval Acciones y Valores S.A. ADR (Each representing 20 preferred shares),$2.01,-0.06,-2.899%,2386286016.00,,2014,27167,Finance,Commercial Banks
AVAV,AeroVironment Inc. Common Stock,$155.1127,-2.5473,-1.616%,4374855362.00,United States,2007,172248,Industrials,Aerospace
AVB,AvalonBay Communities Inc. Common Stock,$218.94,-2.24,-1.013%,31141419793.00,United States,,74336,Real Estate,Real Estate Investment Trusts
AVBP,ArriVent BioPharma Inc. Common Stock,$27.37,0.11,0.404%,922291297.00,United States,2024,80914,Health Care,Biotechnology: Pharmaceutical Preparations
AVD,American Vanguard Corporation Common Stock ($0.10 Par Value),$4.57,0.01,0.219%,131560379.00,United States,1998,73415,Industrials,Agricultural Chemicals
AVDL,Avadel Pharmaceuticals plc Ordinary Share,$10.45,-0.085,-0.807%,1006977968.00,France,,305420,Health Care,Biotechnology: Pharmaceutical Preparations
AVDX,AvidXchange Holdings Inc. Common Stock,$10.255,-0.115,-1.109%,2109719812.00,United States,2021,483138,Technology,Computer Software: Prepackaged Software
AVGO,Broadcom Inc. Common Stock,$237.82,-3.93,-1.626%,1114747041020.00,United States,2009,14971335,Technology,Semiconductors
AVGR,Avinger Inc. Common Stock,$0.8105,-0.1545,-16.01%,2590999.00,United States,2015,1147120,Health Care,Medical/Dental Instruments
AVIR,Atea Pharmaceuticals Inc. Common Stock,$3.355,0.025,0.751%,283373563.00,United States,2020,204042,Health Care,Biotechnology: Pharmaceutical Preparations
AVK,Advent Convertible and Income Fund,$11.755,-0.045,-0.381%,0.00,United States,2003,101133,Finance,Trusts Except Educational Religious and Charitable
AVNS,Avanos Medical Inc. Common Stock,$15.76,-0.16,-1.005%,724282273.00,United States,2014,181059,Health Care,Industrial Specialties
AVNT,Avient Corporation Common Stock,$40.33,-0.12,-0.297%,3684728027.00,United States,,180832,Industrials,Major Chemicals
AVNW,Aviat Networks Inc. Common Stock,$17.47,-0.35,-1.964%,221700467.00,United States,,77866,Technology,Radio And Television Broadcasting And Communications Equipment
AVO,Mission Produce Inc. Common Stock,$14.375,0.125,0.877%,1019399776.00,United States,2020,318124,Consumer Staples,Farming/Seeds/Milling
AVPT,AvePoint Inc. Class A Common Stock,$16.615,-0.335,-1.976%,3115500266.00,United States,2019,1205872,Technology,Computer Software: Prepackaged Software
AVPTW,AvePoint Inc. Warrant,$5.70,-0.15,-2.564%,1068814416.00,United States,2019,3127,Technology,Computer Software: Prepackaged Software
AVR,Anteris Technologies Global Corp. Common Stock,$5.49,-0.12,-2.139%,197309590.00,United States,2024,25176,Health Care,Industrial Specialties
AVT,Avnet Inc. Common Stock,$52.32,-0.60,-1.134%,4548750399.00,United States,,210836,Technology,Electronic Components
AVTE,Aerovate Therapeutics Inc. Common Stock,$2.665,-0.005,-0.187%,76950577.00,United States,2021,26293,Health Care,Biotechnology: Pharmaceutical Preparations
AVTR,Avantor Inc. Common Stock,$21.20,-0.21,-0.981%,14429012560.00,United States,2019,1048267,Industrials,Biotechnology: Laboratory Analytical Instruments
AVTX,Avalo Therapeutics Inc. Common Stock,$8.00,-0.33,-3.962%,83151632.00,United States,2015,22396,Health Care,Biotechnology: Pharmaceutical Preparations
AVXL,Anavex Life Sciences Corp. Common Stock,$11.25,-0.86,-7.102%,954174566.00,United States,,1709728,Health Care,Biotechnology: Biological Products (No Diagnostic Substances)
AVY,Avery Dennison Corporation Common Stock,$187.78,-0.73,-0.387%,15087449433.00,United States,,136706,Consumer Discretionary,Containers/Packaging
AWF,Alliancebernstein Global High Income Fund,$10.6199,0.0099,0.093%,0.00,United States,1993,172758,Finance,Trusts Except Educational Religious and Charitable
AWH,Aspira Women's Health Inc. Common Stock,$0.7125,-0.0295,-3.976%,11875419.00,United States,,48441,Health Care,Biotechnology: In Vitro & In Vivo Diagnostic Substances
AWI,Armstrong World Industries Inc Common Stock,$142.37,-1.28,-0.891%,6205648048.00,United States,,54680,Industrials,Plastic Products
AWK,American Water Works Company Inc. Common Stock,$124.43,-0.86,-0.686%,24250646608.00,United States,2008,254427,Utilities,Water Supply
AWP,abrdn Global Premier Properties Fund Common Shares of Beneficial Interest,$3.8335,-0.1065,-2.703%,0.00,United States,2007,346371,Finance,Trusts Except Educational Religious and Charitable
AWR,American States Water Company Common Stock,$77.95,-0.02,-0.026%,2946266250.00,United States,,40279,Utilities,Water Supply
AWRE,Aware Inc. Common Stock,$1.58,-0.07,-4.242%,33502192.00,United States,1996,23085,Technology,Computer Software: Prepackaged Software
AWX,Avalon Holdings Corporation Common Stock,$3.514,0.214,6.485%,13702601.00,United States,1998,8305,Utilities,Environmental Services
AX,Axos Financial Inc. Common Stock,$71.098,-0.192,-0.269%,4059157873.00,United States,2018,97311,Finance,Savings Institutions
AXDX,Accelerate Diagnostics Inc. Common Stock,$1.1319,0.0319,2.90%,28347102.00,United States,,75756,Industrials,Biotechnology: Laboratory Analytical Instruments
AXGN,Axogen Inc. Common Stock,$16.50,-0.16,-0.96%,726136274.00,United States,,138298,Health Care,Biotechnology: Electromedical & Electrotherapeutic Apparatus
AXIL,AXIL Brands Inc. Common Stock,$3.97,0.0027,0.068%,25665462.00,,2024,2620,Consumer Discretionary,Package Goods/Cosmetics
AXL,American Axle & Manufacturing Holdings Inc. Common Stock,$5.79,-0.07,-1.195%,680794152.00,United States,,721938,Consumer Discretionary,Auto Parts:O.E.M.
AXON,Axon Enterprise Inc. Common Stock,$604.61,-6.37,-1.043%,46104400117.00,United States,2001,248544,Industrials,Ordnance And Accessories
AXP,American Express Company Common Stock,$299.43,-1.62,-0.538%,210931933413.00,United States,,669297,Finance,Finance: Consumer Services
AXR,AMREP Corporation Common Stock,$30.455,-0.085,-0.278%,161029259.00,United States,,7601,Real Estate,Homebuilding
AXS,Axis Capital Holdings Limited Common Stock,$88.92,-0.37,-0.414%,7438638524.00,Bermuda,2003,117174,Finance,Property-Casualty Insurers
AXS^E,Axis Capital Holdings Limited Depositary Shares each representing 1/100th interest in a share of a 5.50% Series E Preferred Shares,$20.765,0.055,0.266%,,Bermuda,,60325,,
AXSM,Axsome Therapeutics Inc. Common Stock,$81.50,-5.20,-5.998%,3949683644.00,United States,2015,2472965,Health Care,Biotechnology: Pharmaceutical Preparations
AXTA,Axalta Coating Systems Ltd. Common Shares,$34.14,-0.23,-0.669%,7444679150.00,United States,2014,501271,Consumer Discretionary,Paints/Coatings
AXTI,AXT Inc Common Stock,$2.235,-0.045,-1.974%,100017549.00,United States,1998,146430,Technology,Semiconductors
AYI,Acuity Brands Inc. ,$295.54,-2.19,-0.736%,9121352686.00,United States,,68432,Consumer Discretionary,Building Products
AYRO,AYRO Inc. Common Stock,$0.678,-0.0075,-1.094%,4618632.00,United States,,95375,Consumer Discretionary,Telecommunications Equipment
AYTU,Aytu BioPharma Inc.  Common Stock,$1.58,0.06,3.947%,9716003.00,United States,,20886,Health Care,Biotechnology: Pharmaceutical Preparations
AZ,A2Z Cust2Mate Solutions Corp. Common Shares,$6.35,-0.50,-7.299%,158092737.00,Canada,,78904,Industrials,Industrial Machinery/Components
AZEK,The AZEK Company Inc. Class A Common Stock,$48.36,-0.16,-0.33%,6916235093.00,United States,2020,174695,Industrials,Plastic Products
AZI,Autozi Internet Technology (Global) Ltd. Class A Ordinary Shares,$0.87,0.035,4.192%,91333644.00,China,2024,381274,Consumer Discretionary,Automotive Aftermarket
AZN,AstraZeneca PLC American Depositary Shares,$65.73,-0.53,-0.80%,203804697666.00,United Kingdom,,1735206,Health Care,Biotechnology: Pharmaceutical Preparations
AZO,AutoZone Inc. Common Stock,$3202.56,-39.06,-1.205%,53745874330.00,United States,,37784,Consumer Discretionary,Auto & Home Supply Stores
AZPN,Aspen Technology Inc. Common Stock,$249.88,-1.18,-0.47%,15804839784.00,United States,,281717,Technology,EDP Services
AZTA,Azenta Inc.,$50.515,-0.785,-1.53%,2302635601.00,United States,,133738,Technology,Industrial Machinery/Components
AZTR,Azitra Inc Common Stock,$0.4317,-0.0331,-7.121%,3292168.00,,2023,316912,Health Care,Biotechnology: Pharmaceutical Preparations
AZUL,Azul S.A. American Depositary Shares (each representing three preferred shares),$1.635,0.005,0.307%,182984184.00,Brazil,2017,978089,Consumer Discretionary,Air Freight/Delivery Services
AZZ,AZZ Inc.,$81.795,-0.265,-0.323%,2443785289.00,United States,,27589,Industrials,Industrial Specialties
B,Barnes Group Inc. Common Stock,$47.27,0.06,0.127%,2407934698.00,United States,,233694,Industrials,Metal Fabrications
BA,Boeing Company (The) Common Stock,$177.0501,-3.6699,-2.031%,129298936452.00,United States,,12788526,Industrials,Aerospace
BA^A,Boeing Company (The) Depositary Shares each representing a 1/20th interest in a share of 6.00% Series A Mandatory Convertible Preferred Stock par value $1.00,$61.68,-0.94,-1.501%,,United States,,621527,,
BABA,Alibaba Group Holding Limited American Depositary Shares each representing eight Ordinary share,$84.0549,-1.0051,-1.182%,204559439964.00,China,2014,6427936,Consumer Discretionary,Business Services
BAC,Bank of America Corporation Common Stock,$44.105,-0.235,-0.53%,338412354714.00,United States,,6970416,Finance,Major Banks
BAC^B,Bank of America Corporation Depositary Shares each representing a 1/1000th interest in a share of 6.000% Non-Cumulative Preferred Stock Series GG,$25.11,0.10,0.40%,,United States,,52140,,
BAC^E,Bank of America Corporation Depositary Sh repstg 1/1000th Perp Pfd Ser E,$23.54,-0.2015,-0.849%,,United States,,19568,,
BAC^K,Bank of America Corporation Depositary Shares each representing a 1/1000th interest in a share of 5.875% Non- Cumulative Preferred Stock Series HH,$24.81,0.09,0.364%,,United States,,39358,,
BAC^L,Bank of America Corporation Non Cumulative Perpetual Conv Pfd Ser L,$1217.855,4.3777,0.361%,,United States,,2149,,
BAC^M,Bank of America Corporation Depositary Shares each representing a 1/1000th interest in a share of 5.375% Non-Cumulative Preferred Stock Series KK,$22.46,0.075,0.335%,,United States,,116269,,
BAC^N,Bank of America Corporation Depositary shares each representing 1/1000th interest in a share of 5.000% Non-Cumulative Preferred Stock Series LL,$21.33,0.17,0.803%,,United States,,180264,,
BAC^O,Bank of America Corporation Depositary shares each representing 1/1000th interest in a share of 4.375% Non-Cumulative Preferred Stock Series NN,$19.04,0.18,0.954%,,United States,,112222,,
BAC^P,Bank of America Corporation Depositary Shares each representing a 1/1000th interest in a share of 4.125% Non-Cumulative Preferred Stock Series PP,$17.9401,0.0701,0.392%,,United States,,60539,,
BAC^Q,Bank of America Corporation Depositary shares each representing 1/1000th interest in a share of 4.250% Non-Cumulative Preferred Stock Series QQ,$18.25,0.06,0.33%,,United States,,145639,,
BAC^S,Bank of America Corporation Depositary shares each representing 1/1000th interest in a share of 4.750% Non-Cumulative Preferred Stock Series SS,$20.42,0.12,0.591%,,United States,,78222,,
BACK,IMAC Holdings Inc. Common Stock,$1.3166,0.0166,1.277%,2650578.00,United States,2019,30292,Health Care,Medical Specialities
BACQ,Bleichroeder Acquisition Corp. I Class A Ordinary Shares,$9.86,0.00,0.00%,0.00,United States,2024,98,,
BACQR,Bleichroeder Acquisition Corp. I Right,$0.20,0.03,17.647%,0.00,United States,2024,137,,
BAER,Bridger Aerospace Group Holdings Inc. Common Stock,$1.98,-0.11,-5.263%,107014674.00,United States,,208821,Consumer Discretionary,Business Services
BAERW,Bridger Aerospace Group Holdings Inc. Warrant,$0.0401,-0.0099,-19.80%,2167317.00,United States,,89484,Consumer Discretionary,Business Services
BAFN,BayFirst Financial Corp. Common Stock,$13.0001,-0.4899,-3.632%,53729231.00,United States,,2081,Finance,Major Banks
BAH,Booz Allen Hamilton Holding Corporation Common Stock,$128.81,-0.84,-0.648%,16458407155.00,United States,2010,308333,Consumer Discretionary,Professional Services
BAK,Braskem SA ADR,$3.765,-0.035,-0.921%,1700532475.00,Brazil,,694329,Industrials,Major Chemicals
BALL,Ball Corporation Common Stock,$55.34,-0.49,-0.878%,16514892737.00,United States,,498144,Industrials,Containers/Packaging
BALY,Bally's Corporation Common Stock,$17.885,0.055,0.308%,727326505.00,United States,2019,71188,Consumer Discretionary,Hotels/Resorts
BAM,Brookfield Asset Management Inc Class A Limited Voting Shares,$54.61,-0.03,-0.055%,21335906867.00,,2022,240622,Consumer Discretionary,Other Consumer Services
BANC,Banc of California Inc. Common Stock,$15.555,0.045,0.29%,2470241781.00,United States,,326505,Finance,Major Banks
BANC^F,Banc of California Inc. Depositary Shares each representing a 1/40th interest in a share of 7.75% non-cumulative perpetual preferred stock Series F,$24.75,0.23,0.938%,,United States,,12015,,
BAND,Bandwidth Inc. Class A Common Stock,$16.955,-0.365,-2.107%,466433898.00,United States,2017,107374,Technology,Computer Software: Prepackaged Software
BANF,BancFirst Corporation Common Stock,$120.35,0.46,0.384%,3987065883.00,United States,1993,18826,Finance,Major Banks
BANFP,BancFirst Corporation - BFC Capital Trust II Cumulative Trust Preferred Securities,$25.66,0.0099,0.039%,850088164.00,United States,,1123,Finance,Major Banks
BANL,CBL International Limited Ordinary Shares,$1.04,0.00,0.00%,28600000.00,Malaysia,2023,2931,Energy,Oil Refining/Marketing
BANR,Banner Corporation Common Stock,$67.06,0.20,0.299%,2310823424.00,United States,,36612,Finance,Major Banks
BANX,ArrowMark Financial Corp. Common Stock,$20.8353,-0.3347,-1.581%,147985343.00,United States,,32282,Finance,Trusts Except Educational Religious and Charitable
BAOS,Baosheng Media Group Holdings Limited Ordinary shares,$3.449,0.029,0.848%,5292446.00,China,2021,567243,Consumer Discretionary,Business Services
BAP,Credicorp Ltd. Common Stock,$181.48,0.36,0.199%,17128502889.00,Peru,,125662,Finance,Commercial Banks
BARK,BARK Inc. Class A Common Stock,$1.895,0.025,1.337%,329643148.00,United States,2020,284110,Consumer Discretionary,Other Specialty Stores
BASE,Couchbase Inc. Common Stock,$15.3242,0.0842,0.552%,802190517.00,United States,2021,140242,Technology,Computer Software: Prepackaged Software
BATL,Battalion Oil Corporation Common Stock,$1.9386,-0.1414,-6.798%,31902693.00,United States,,96180,Energy,Oil & Gas Production
BATRA,Atlanta Braves Holdings Inc. Series A Common Stock,$40.135,-0.135,-0.335%,2493932069.00,United States,,12212,Consumer Discretionary,Services-Misc. Amusement & Recreation
BATRK,Atlanta Braves Holdings Inc. Series C Common Stock,$37.6701,-0.0599,-0.159%,2340766673.00,United States,,67896,Consumer Discretionary,Services-Misc. Amusement & Recreation
BAX,Baxter International Inc. Common Stock,$28.825,-0.375,-1.284%,14717687022.00,United States,,2013196,Health Care,Medical/Dental Instruments
BB,BlackBerry Limited Common Stock,$3.885,-0.025,-0.639%,2292822742.00,Canada,,7114587,Technology,Computer Software: Prepackaged Software
BBAI,BigBear.ai Inc. Common Stock,$4.9387,0.7287,17.309%,1237568570.00,United States,2021,52945896,Technology,Computer Software: Prepackaged Software
BBAR,Banco BBVA Argentina S.A. ADS,$18.70,-0.98,-4.98%,3819226159.00,Argentina,,400866,Finance,Commercial Banks
BBCP,Concrete Pumping Holdings Inc. Common Stock,$6.575,0.085,1.31%,351981191.00,United States,2017,13756,Consumer Discretionary,Engineering & Construction
BBD,Banco Bradesco Sa American Depositary Shares,$1.89,-0.01,-0.526%,20113701731.00,Brazil,,11061896,Finance,Major Banks
BBDC,Barings BDC Inc. Common Stock,$9.57,0.05,0.525%,1010199037.00,United States,,130430,Finance,Diversified Financial Services
BBDO,Banco Bradesco Sa American Depositary Shares (each representing one Common Share),$1.78,-0.01,-0.559%,18943063006.00,Brazil,,51902,Finance,Major Banks
BBGI,Beasley Broadcast Group Inc. Class A Common Stock,$8.62,0.13,1.531%,15273149.00,United States,2000,6844,Consumer Discretionary,Broadcasting
BBIO,BridgeBio Pharma Inc. Common Stock,$27.61,-0.38,-1.358%,5218008433.00,United States,2019,421773,Health Care,Biotechnology: Pharmaceutical Preparations
BBLG,Bone Biologics Corp Common Stock,$0.95,0.00,0.00%,2340357.00,United States,,116750,Health Care,Industrial Specialties
BBLGW,Bone Biologics Corp Warrants,$30.50,0.00,0.00%,75137787.00,United States,,220,Health Care,Industrial Specialties
BBN,BlackRock Taxable Municipal Bond Trust Common Shares of Beneficial Interest,$15.995,0.095,0.597%,0.00,United States,2010,242762,Finance,Finance Companies
BBSI,Barrett Business Services Inc. Common Stock,$43.43,0.05,0.115%,1126446038.00,United States,1993,15656,Consumer Discretionary,Professional Services
BBU,Brookfield Business Partners L.P. Limited Partnership Units ,$22.34,-0.11,-0.49%,4846477980.00,,2016,5585,Consumer Discretionary,Engineering & Construction
BBUC,Brookfield Business Corporation Class A Exchangeable Subordinate Voting Shares,$23.495,0.015,0.064%,2323386999.00,,2022,7900,Consumer Discretionary,Engineering & Construction
BBVA,Banco Bilbao Vizcaya Argentaria S.A. Common Stock,$9.759,0.069,0.712%,56972460168.00,Spain,,1126433,Finance,Commercial Banks
BBW,Build-A-Bear Workshop Inc. Common Stock,$46.28,-0.39,-0.836%,621998711.00,United States,2004,99395,Consumer Discretionary,Recreational Games/Products/Toys
BBWI,Bath & Body Works Inc.,$38.72,0.54,1.414%,8386058873.00,United States,,1045892,Consumer Discretionary,Clothing/Shoe/Accessory Stores
BBY,Best Buy Co. Inc. Common Stock,$86.27,-1.76,-1.999%,18444146671.00,United States,,666326,Consumer Discretionary,Consumer Electronics/Video Chains
BC,Brunswick Corporation Common Stock,$64.415,-0.285,-0.44%,4250309245.00,United States,,421090,Industrials,Industrial Machinery/Components
BC^A,Brunswick Corporation 6.500% Senior Notes due 2048,$24.59,0.17,0.696%,,United States,,13092,,
BC^B,Brunswick Corporation 6.625% Senior Notes due 2049,$25.33,0.00,0.00%,,United States,,40194,,
BC^C,Brunswick Corporation 6.375% Notes due 2049,$24.59,0.28,1.152%,,United States,,5456,,
BCAB,BioAtla Inc. Common Stock,$0.604,-0.034,-5.329%,29200726.00,United States,2020,764741,Health Care,Biotechnology: Biological Products (No Diagnostic Substances)
BCAL,California BanCorp Common Stock,$16.755,0.005,0.03%,538927725.00,United States,,11528,Finance,Major Banks
BCAN,Femto Technologies Inc. Common Stock,$8.00,0.23,2.96%,5200696.00,Canada,,6133,Technology,Computer Software: Prepackaged Software
BCAT,BlackRock Capital Allocation Term Trust Common Shares of Beneficial Interest,$15.23,-0.11,-0.717%,1646896050.00,United States,2020,360140,Finance,Finance/Investors Services
BCAX,Bicara Therapeutics Inc. Common Stock,$18.005,-0.265,-1.45%,979753220.00,United States,2024,47592,Health Care,Biotechnology: Pharmaceutical Preparations
BCBP,BCB Bancorp Inc. (NJ) Common Stock,$11.698,0.038,0.326%,199427200.00,United States,2005,10970,Finance,Savings Institutions
BCC,Boise Cascade L.L.C. Common Stock,$120.04,-0.59,-0.489%,4610082422.00,United States,2013,57802,Consumer Discretionary,RETAIL: Building Materials
BCDA,BioCardia Inc. Common Stock,$2.32,-0.14,-5.691%,10635541.00,United States,,14216,Health Care,Biotechnology: Biological Products (No Diagnostic Substances)
BCE,BCE Inc. Common Stock,$22.57,-0.09,-0.397%,20590229635.00,Canada,,1589880,Telecommunications,Telecommunications Equipment
BCG,Binah Capital Group Inc. Common Stock,$3.2501,0.3501,12.072%,53959655.00,United States,,225659,Finance,Finance: Consumer Services
BCGWW,Binah Capital Group Inc. Warrants,$0.056,0.00,0.00%,929738.00,United States,,600,Finance,Finance: Consumer Services
BCH,Banco De Chile ADS,$22.605,-0.145,-0.637%,11417455603.00,Chile,,33749,Finance,Commercial Banks
BCLI,Brainstorm Cell Therapeutics Inc. Common Stock,$2.42,-0.03,-1.224%,13802291.00,United States,,125191,Health Care,Biotechnology: Biological Products (No Diagnostic Substances)
BCML,BayCom Corp Common Stock,$26.81,0.04,0.149%,298166745.00,United States,2018,6490,Finance,Major Banks
BCO,Brinks Company (The) Common Stock,$92.2798,0.5798,0.632%,4027336305.00,United States,,64056,Consumer Discretionary,Oil Refining/Marketing
BCOV,Brightcove Inc. Common Stock,$4.36,0.00,0.00%,196791447.00,United States,2012,128675,Technology,EDP Services
BCOW,1895 Bancorp of Wisconsin Inc. (MD) Common Stock,$10.01,0.00,0.00%,59642193.00,United States,2019,96,Finance,Banks
BCPC,Balchem Corporation Common Stock,$164.18,-0.98,-0.593%,5337116813.00,United States,,36283,Industrials,Major Chemicals
BCRX,BioCryst Pharmaceuticals Inc. Common Stock,$7.64,-0.07,-0.908%,1582492842.00,United States,1994,437126,Health Care,Biotechnology: Biological Products (No Diagnostic Substances)
BCS,Barclays PLC Common Stock,$13.3399,0.0599,0.451%,48560796433.00,United Kingdom,,8398537,Finance,Commercial Banks
BCSF,Bain Capital Specialty Finance Inc. Common Stock,$17.8166,0.1166,0.659%,1150280051.00,United States,2018,235453,Finance,Finance/Investors Services
BCTX,BriaCell Therapeutics Corp. Common Shares,$0.5501,-0.0057,-1.026%,19714572.00,Canada,,753918,Health Care,Biotechnology: Pharmaceutical Preparations
BCTXW,BriaCell Therapeutics Corp. Warrant,$0.29,0.0104,3.72%,10393067.00,Canada,,10226,Health Care,Biotechnology: Pharmaceutical Preparations
BCV,Bancroft Fund Ltd.,$17.91,-0.33,-1.809%,0.00,United States,1972,4980,Finance,Finance/Investors Services
BCV^A,Bancroft Fund Limited 5.375% Series A Cumulative Preferred Shares,$22.45,0.00,0.00%,,United States,,864,,
BCX,BlackRock Resources Common Shares of Beneficial Interest,$8.535,-0.045,-0.524%,724263115.00,United States,2011,289755,Finance,Finance/Investors Services
BCYC,Bicycle Therapeutics plc American Depositary Shares,$14.15,-0.40,-2.749%,977001197.00,United Kingdom,2019,303699,Health Care,Biotechnology: Pharmaceutical Preparations
BDC,Belden Inc Common Stock,$112.38,-1.09,-0.961%,4533031940.00,United States,,68259,Industrials,Telecommunications Equipment
BDJ,Blackrock Enhanced Equity Dividend Trust,$8.3412,-0.0388,-0.463%,1476481150.00,United States,2005,409082,Finance,Finance Companies
BDL,Flanigan's Enterprises Inc. Common Stock,$24.71,-0.4118,-1.639%,45927167.00,United States,1972,8934,Consumer Discretionary,Restaurants
BDMD,Baird Medical Investment Holdings Ltd Ordinary Share,$1.62,-0.10,-5.814%,47647058.00,China,,54394,Health Care,Medical/Dental Instruments
BDMDW,Baird Medical Investment Holdings Ltd Warrant,$0.037,-0.003,-7.50%,1088235.00,China,,750,Health Care,Medical/Dental Instruments
BDN,Brandywine Realty Trust Common Stock,$5.50,-0.01,-0.181%,949663209.00,United States,,427778,Real Estate,Real Estate Investment Trusts
BDRX,Biodexa Pharmaceuticals plc American Depositary Shs,$4.1292,-0.1608,-3.748%,2398405.00,United Kingdom,,7737,Health Care,Biotechnology: Pharmaceutical Preparations
BDSX,Biodesix Inc. Common Stock,$1.46,-0.02,-1.351%,212382251.00,United States,2020,71773,Health Care,Medical Specialities
BDTX,Black Diamond Therapeutics Inc. Common Stock,$2.155,-0.035,-1.598%,121940811.00,United States,2020,268682,Health Care,Biotechnology: Biological Products (No Diagnostic Substances)
BDX,Becton Dickinson and Company Common Stock,$227.29,-1.20,-0.525%,65714566655.00,United States,,677682,Health Care,Medical/Dental Instruments
BE,Bloom Energy Corporation Class A Common Stock,$22.8132,-0.0868,-0.379%,5214549501.00,United States,2018,1876365,Energy,Industrial Machinery/Components
BEAG,Bold Eagle Acquisition Corp. Class A Ordinary Shares,$9.87,0.01,0.101%,0.00,United States,2024,16250,,
BEAGR,Bold Eagle Acquisition Corp. Right,$0.2275,-0.003,-1.302%,0.00,United States,2024,6827,,
BEAGU,Bold Eagle Acquisition Corp. Units,$10.15,0.02,0.197%,0.00,United States,2024,71700,,
BEAM,Beam Therapeutics Inc. Common Stock,$25.40,-1.19,-4.475%,2103262926.00,United States,2020,468245,Health Care,Biotechnology: Biological Products (No Diagnostic Substances)
BEAT,Heartbeam Inc. Common Stock,$2.20,-0.06,-2.655%,58664034.00,United States,2021,100397,Health Care,Medical/Dental Instruments
BEATW,Heartbeam Inc. Warrant,$0.6486,-0.0214,-3.194%,17295224.00,United States,2021,119,Health Care,Medical/Dental Instruments
BECN,Beacon Roofing Supply Inc. Common Stock,$100.12,-0.20,-0.199%,6196224958.00,United States,2004,102955,Consumer Discretionary,RETAIL: Building Materials
BEDU,Bright Scholar Education Holdings Limited American Depositary Shares each  representing four Class A Ordinary Share,$1.6148,-0.1452,-8.25%,48001874.00,China,2017,3174,Real Estate,Other Consumer Services
BEEM,Beam Global Common Stock,$3.3297,-0.1703,-4.866%,49192658.00,United States,,218193,Technology,Semiconductors
BEEP,Mobile Infrastructure Corporation Common Stock,$4.42,-0.06,-1.339%,185198000.00,,2023,15945,Finance,Blank Checks
BEKE,KE Holdings Inc American Depositary Shares (each representing three Class A Ordinary Shares),$18.385,-0.105,-0.568%,22007585787.00,China,2020,1989959,Finance,Real Estate
BELFA,Bel Fuse Inc. Class A Common Stock,$89.80,1.50,1.699%,1126568928.00,United States,,9773,,
BELFB,Bel Fuse Inc. Class B Common Stock,$82.20,0.75,0.921%,1031224564.00,United States,,27275,,
BEN,Franklin Resources Inc. Common Stock,$20.27,-0.39,-1.888%,10614743813.00,United States,,1222990,Finance,Investment Managers
BENF,Beneficient Class A Common Stock,$0.7674,0.0674,9.629%,3898857.00,United States,,391830,Finance,Finance: Consumer Services
BENFW,Beneficient Warrant,$0.0085,0.00,0.00%,43185.00,United States,,165548,Finance,Finance: Consumer Services
BEP,Brookfield Renewable Partners L.P. Limited Partnership Units,$22.97,-0.09,-0.39%,11057709947.00,Canada,,244760,Utilities,Electric Utilities: Central
BEP^A,Brookfield Renewable Partners L.P. 5.25% Class A Preferred Limited Partnership Units Series 17,$18.07,-0.01,-0.055%,,Canada,,3055,,
BEPC,Brookfield Renewable Corporation Brookfield Renewable Corporation Class A Subordinate Voting Shares,$28.06,-0.13,-0.461%,10497598574.00,United States,,310527,Utilities,Electric Utilities: Central
BEPH,Brookfield BRP Holdings (Canada) Inc. 4.625% Perpetual Subordinated Notes,$15.80,-0.05,-0.315%,4537196572.00,Canada,,9996,Utilities,Electric Utilities: Central
BEPI,Brookfield BRP Holdings (Canada) Inc. 4.875% Perpetual Subordinated Notes,$16.265,-0.065,-0.398%,4670727990.00,Canada,2021,24303,Utilities,Electric Utilities: Central
BEPJ,Brookfield BRP Holdings (Canada) Inc. 7.250% Perpetual Subordinated Notes,$24.89,-0.06,-0.24%,7147520423.00,Canada,2024,6631,Utilities,Electric Utilities: Central
BERY,Berry Global Group Inc. Common Stock,$64.37,-0.65,-1.00%,7415424000.00,United States,2012,383601,Industrials,Plastic Products
BEST,BEST Inc. American Depositary Shares each representing twenty (20) Class A Ordinary Shares,$2.6439,-0.0135,-0.508%,53342586.00,Cayman Islands,2023,13014,Industrials,Trucking Freight/Courier Services
BETR,Better Home & Finance Holding Company Class A Common Stock,$9.43,-0.58,-5.794%,142868272.00,United Kingdom,2021,30074,Finance,Finance: Consumer Services
BETRW,Better Home & Finance Holding Company Warrant,$0.10,0.00,0.00%,1515040.00,United Kingdom,2021,1950,Finance,Finance: Consumer Services
BF/A,Brown Forman Corporation,$37.57,-0.63,-1.649%,,United States,,50525,,
BF/B,Brown Forman Corporation,$37.93,-0.89,-2.293%,,United States,,1381655,,
BFAM,Bright Horizons Family Solutions Inc. Common Stock,$110.235,-0.295,-0.267%,6413827808.00,United States,2013,88996,Consumer Discretionary,Other Consumer Services
BFC,Bank First Corporation Common Stock,$99.90,1.23,1.247%,1000204494.00,United States,,5757,Finance,Major Banks
BFH,Bread Financial Holdings Inc. Common Stock,$61.815,-0.115,-0.186%,3073136558.00,United States,,135657,Consumer Discretionary,Business Services
BFIN,BankFinancial Corporation Common Stock,$12.30,-0.20,-1.60%,153266339.00,United States,2005,18004,Finance,Savings Institutions
BFK,BlackRock Municipal Income Trust,$9.83,0.04,0.409%,0.00,United States,,173997,Finance,Finance Companies
BFLY,Butterfly Network Inc. Class A Common Stock,$3.30,-0.16,-4.624%,703104755.00,United States,2020,1405277,Health Care,Medical Electronics
BFRG,Bullfrog AI Holdings Inc. Common Stock,$2.21,0.00,0.00%,19256066.00,United States,2023,214725,Health Care,Biotechnology: Pharmaceutical Preparations
BFRGW,Bullfrog AI Holdings Inc. Warrants,$0.425,-0.065,-13.265%,3703090.00,United States,2023,28046,Health Care,Biotechnology: Pharmaceutical Preparations
BFRI,Biofrontera Inc. Common Stock,$1.13,0.02,1.802%,8756608.00,United States,2021,323699,Health Care,Biotechnology: Pharmaceutical Preparations
BFRIW,Biofrontera Inc. Warrants,$0.0855,-0.0001,-0.117%,662558.00,United States,2021,5,Health Care,Biotechnology: Pharmaceutical Preparations
BFS,Saul Centers Inc. Common Stock,$38.59,0.24,0.626%,932751558.00,United States,1993,8755,Real Estate,Real Estate Investment Trusts
BFS^D,Saul Centers Inc. Depositary Shares each representing 1/100th of a share of 6.125% Series D Cumulative Redeemable Preferred Stock,$21.22,-0.30,-1.394%,,United States,,649,,
BFS^E,Saul Centers Inc. Depositary shares each representing a 1/100th fractional interest in a share of 6.000% Series E Cumulative Redeemable Preferred Stock,$21.30,-0.0852,-0.398%,,United States,,1871,,
BFST,Business First Bancshares Inc. Common Stock,$25.78,0.07,0.272%,761578710.00,United States,,19237,Finance,Major Banks
BFZ,BlackRock California Municipal Income Trust,$11.2034,0.0334,0.299%,0.00,United States,2001,86735,Finance,Finance Companies
BG,Bunge Limited Common Shares,$77.195,-0.875,-1.121%,10778514293.00,United States,,328791,Consumer Staples,Packaged Foods
BGB,Blackstone Strategic Credit 2027 Term Fund Common Shares of Beneficial Interest,$12.225,-0.005,-0.041%,0.00,United States,2012,99334,Finance,Trusts Except Educational Religious and Charitable
BGC,BGC Group Inc. Class A Common Stock,$8.95,-0.15,-1.648%,4293484665.00,United States,,1058005,Finance,Investment Bankers/Brokers/Service
BGFV,Big 5 Sporting Goods Corporation Common Stock,$1.76,-0.02,-1.124%,39951648.00,United States,2002,178022,Consumer Discretionary,Other Specialty Stores
BGH,Barings Global Short Duration High Yield Fund Common Shares of Beneficial Interests,$15.435,0.075,0.488%,0.00,United States,2012,45435,Finance,Investment Managers
BGI,Birks Group Inc. Common Stock,$1.595,-0.0055,-0.344%,30569721.00,Canada,,7742,Consumer Discretionary,Consumer Specialties
BGLC,BioNexus Gene Lab Corp Common stock,$0.2673,0.00,0.00%,4802756.00,Malaysia,,297966,Health Care,Medical Specialities
BGM,BGM Group Ltd. Class A Ordinary Shares,$8.4153,-0.4847,-5.446%,60169395.00,China,2021,9625,Health Care,Biotechnology: Pharmaceutical Preparations
BGNE,BeiGene Ltd. American Depositary Shares,$182.82,0.93,0.511%,19491907331.00,Cayman Islands,2016,91438,Health Care,Biotechnology: Pharmaceutical Preparations
BGR,BlackRock Energy and Resources Trust,$12.6022,0.0422,0.336%,1708684334.00,United States,2004,67401,Finance,Trusts Except Educational Religious and Charitable
BGS,B&G Foods Inc. Common Stock,$6.89,-0.20,-2.821%,545439175.00,United States,,685309,Consumer Staples,Packaged Foods
BGSF,BGSF Inc. Common Stock,$5.97,-0.17,-2.769%,65813358.00,United States,,9645,Consumer Discretionary,Professional Services
BGT,BlackRock Floating Rate Income Trust,$12.88,-0.08,-0.617%,0.00,United States,2004,84518,Finance,Trusts Except Educational Religious and Charitable
BGX,Blackstone Long Short Credit Income Fund Common Shares,$12.71,0.03,0.237%,0.00,,2011,26005,Finance,Trusts Except Educational Religious and Charitable
BGY,Blackrock Enhanced International Dividend Trust,$5.305,-0.035,-0.655%,0.00,United States,2007,205950,Finance,Trusts Except Educational Religious and Charitable
BH,Biglari Holdings Inc. Class B Common Stock,$260.04,2.84,1.104%,591722060.00,United States,2018,4276,Consumer Discretionary,Restaurants
BHAT,Blue Hat Interactive Entertainment Technology Ordinary Shares,$0.1133,-0.0035,-2.997%,6616525.00,China,2019,4111444,Consumer Discretionary,Recreational Games/Products/Toys
BHB,Bar Harbor Bankshares Inc. Common Stock,$30.30,0.05,0.165%,462616037.00,United States,1997,14958,Finance,Major Banks
BHC,Bausch Health Companies Inc. Common Stock,$7.695,0.045,0.588%,2830247171.00,Canada,,669603,Health Care,Biotechnology: Pharmaceutical Preparations
BHE,Benchmark Electronics Inc. Common Stock,$46.04,-0.02,-0.043%,1657298151.00,United States,,49709,Technology,Electrical Products
BHF,Brighthouse Financial Inc. Common Stock,$48.38,0.16,0.332%,2871558712.00,United States,,76119,Finance,Life Insurance
BHFAL,Brighthouse Financial Inc. 6.25% Junior Subordinated Debentures due 2058,$23.265,-0.165,-0.704%,1380876673.00,United States,,30798,Finance,Life Insurance
BHFAM,Brighthouse Financial Inc. Depositary shares each representing a 1/1000th Interest in a Share of 4.625% Non-Cumulative Preferred Stock Series D,$15.80,-0.03,-0.19%,937797182.00,United States,,41106,Finance,Life Insurance
BHFAN,Brighthouse Financial Inc. Depositary shares each representing a 1/1000th interest in a share of 5.375% Non-Cumulative Preferred Stock Series C,$18.64,0.10,0.539%,1106363257.00,United States,,29493,Finance,Life Insurance
BHFAO,Brighthouse Financial Inc. Depositary Shares 6.75% Non-Cumulative Preferred Stock Series B,$22.14,-0.20,-0.895%,1314103139.00,United States,,59304,Finance,Life Insurance
BHFAP,Brighthouse Financial Inc. Depositary Shares 6.6% Non-Cumulative Preferred Stock Series A,$21.649,0.019,0.088%,1284960202.00,United States,,70231,Finance,Life Insurance
BHIL,Benson Hill Inc. Common Stock,$1.90,-0.38,-16.667%,11616638.00,United States,,27226,Consumer Staples,Packaged Foods
BHK,Blackrock Core Bond Trust,$10.41,-0.05,-0.478%,0.00,United States,2001,215958,Finance,Finance Companies
BHLB,Berkshire Hills Bancorp Inc. Common Stock,$28.37,0.07,0.247%,1219215332.00,United States,,108999,Finance,Banks
BHM,Bluerock Homes Trust Inc. Class A Common Stock,$13.23,-0.0001,-0.001%,52422658.00,,2022,320,Real Estate,Real Estate Investment Trusts
BHP,BHP Group Limited American Depositary Shares (Each representing two Ordinary Shares),$48.915,-0.295,-0.599%,124006205419.00,Australia,,970294,Energy,Coal Mining
BHR,Braemar Hotels & Resorts Inc. Common Stock,$3.205,0.005,0.156%,213203670.00,United States,2013,132147,Real Estate,Real Estate Investment Trusts
BHR^B,Braemar Hotels & Resorts Inc. 5.50% Series B Cumulative Convertible Preferred Stock par value $0.01 per share,$14.20,0.00,0.00%,,United States,,37,,
BHR^D,Braemar Hotels & Resorts Inc. 8.25% Series D Cumulative Preferred Stock  par value $0.01 per share,$18.80,-0.22,-1.157%,,United States,,3329,,
BHRB,Burke & Herbert Financial Services Corp. Common Stock,$62.92,0.48,0.769%,941769320.00,United States,,8636,Finance,Major Banks
BHST,BioHarvest Sciences Inc. Common Stock,$6.15,0.00,0.00%,106565453.00,Canada,,6797,,
BHV,BlackRock Virginia Municipal Bond Trust,$11.15,-0.0483,-0.431%,0.00,United States,2002,2772,Finance,Finance/Investors Services
BHVN,Biohaven Ltd. Common Shares ,$35.82,-0.84,-2.291%,3622198852.00,United States,2022,339850,Health Care,Biotechnology: Pharmaceutical Preparations
BIAF,bioAffinity Technologies Inc. Common Stock,$0.90,0.0102,1.146%,14026172.00,United States,2022,169379,Health Care,Biotechnology: Commercial Physical & Biological Resarch
BIAFW,bioAffinity Technologies Inc. Warrant,$0.3364,0.00,0.00%,5242671.00,United States,2022,16,Health Care,Biotechnology: Commercial Physical & Biological Resarch
BIDU,Baidu Inc. ADS,$83.88,-2.72,-3.141%,29412431829.00,China,2005,1831186,Technology,Computer Software: Programming Data Processing
BIGC,BigCommerce Holdings Inc. Series 1 Common Stock,$6.1158,-0.0142,-0.232%,479356282.00,United States,2020,249641,Technology,Computer Software: Prepackaged Software
BIGZ,BlackRock Innovation and Growth Term Trust Common Shares of Beneficial Interest,$7.4501,-0.0499,-0.665%,1756705076.00,United States,2021,764234,,
BIIB,Biogen Inc. Common Stock,$150.73,-0.58,-0.383%,21964276118.00,United States,,471118,Health Care,Biotechnology: Biological Products (No Diagnostic Substances)
BILI,Bilibili Inc. American Depositary Shares,$18.385,-0.455,-2.415%,7577503246.00,China,2018,1373838,Technology,EDP Services
BILL,BILL Holdings Inc. Common Stock,$86.23,-0.71,-0.817%,8924518371.00,United States,2019,712539,Technology,EDP Services
BIO,Bio-Rad Laboratories Inc. Class A Common Stock,$328.29,-2.58,-0.78%,9191057982.00,United States,1980,33193,Industrials,Biotechnology: Laboratory Analytical Instruments
BIO/B,Bio-Rad Laboratories Inc.,$325.60,-0.25,-0.077%,,United States,,103,,
BIOA,BioAge Labs Inc. Common Stock,$5.81,0.31,5.636%,208281168.00,United States,2024,208848,Health Care,Biotechnology: Pharmaceutical Preparations
BIOX,Bioceres Crop Solutions Corp. Ordinary Shares,$6.06,-0.29,-4.567%,380861807.00,Argentina,,161760,Industrials,Agricultural Chemicals
BIP,Brookfield Infrastructure Partners LP Limited Partnership Units,$31.88,0.24,0.759%,14707645827.00,Bermuda,,96546,Consumer Discretionary,Marine Transportation
BIP^A,Brookfield Infrastructure Partners LP 5.125% Class A Preferred Limited Partnership Units Series 13,$17.71,-0.06,-0.338%,,Bermuda,,5358,,
BIP^B,Brookfield Infrastructure Partners LP 5.000% Class A Preferred Limited Partnership Units Series 14,$17.75,0.01,0.056%,,Bermuda,,8524,,
BIPC,Brookfield Infrastructure Corporation Brookfield Infrastructure Corporation,$39.90,1.70,4.45%,5706788432.00,Canada,,236353,Consumer Discretionary,Marine Transportation
BIPH,Brookfield Infrastructure Corporation 5.000% Subordinated Notes due 2081,$16.82,0.00,0.00%,7759805609.00,Canada,2021,11180,Utilities,Oil & Gas Production
BIPI,BIP Bermuda Holdings I Limited 5.125% Perpetual Subordinated Notes,$16.83,0.04,0.238%,159496227.00,Bermuda,2022,13203,Consumer Discretionary,Marine Transportation
BIPJ,Brookfield Infrastructure Corporation 7.250% Subordinated Notes due 2084,$23.92,-0.22,-0.911%,11035347810.00,Canada,2024,14280,Utilities,Oil & Gas Production
BIRD,Allbirds Inc. Class A Common Stock,$7.3409,-0.0491,-0.664%,58230735.00,United States,2021,63004,Consumer Discretionary,Apparel
BIRK,Birkenstock Holding plc Ordinary Shares,$58.08,-1.04,-1.759%,10909120052.00,,2023,357448,Consumer Discretionary,Shoe Manufacturing
BIT,BlackRock Multi-Sector Income Trust Common Shares of Beneficial Interest,$14.24,-0.02,-0.14%,0.00,,2013,171929,Finance,Trusts Except Educational Religious and Charitable
BITF,Bitfarms Ltd. Common Stock,$1.57,-0.06,-3.681%,741825543.00,Canada,,29452236,Finance,Finance: Consumer Services
BIVI,BioVie Inc. Class A Common Stock,$2.11,-0.02,-0.939%,37490847.00,United States,,534125,Health Care,Biotechnology: Pharmaceutical Preparations
BJ,BJ's Wholesale Club Holdings Inc. Common Stock,$89.92,-2.87,-3.093%,11877867482.00,United States,2018,491238,Consumer Discretionary,Department/Specialty Retail Stores
BJDX,Bluejay Diagnostics Inc. Common Stock,$3.651,0.031,0.856%,2018470.00,United States,2021,83825,Health Care,Medical/Dental Instruments
BJRI,BJ's Restaurants Inc. Common Stock,$35.04,0.30,0.864%,799491071.00,United States,,84242,Consumer Discretionary,Restaurants
BK,The Bank of New York Mellon Corporation Common Stock,$77.065,-0.505,-0.651%,56032290731.00,United States,,571036,Finance,Major Banks
BKD,Brookdale Senior Living Inc. Common Stock,$5.005,-0.065,-1.282%,997058708.00,United States,2005,576178,Health Care,Hospital/Nursing Management
BKDT,Brookdale Senior Living Inc. 7.00% Tangible Equity Units,$69.04,0.00,0.00%,13753633002.00,United States,2022,4,Health Care,Hospital/Nursing Management
BKE,Buckle Inc. (The) Common Stock,$51.395,-0.135,-0.262%,2609519245.00,United States,,99061,Consumer Discretionary,Clothing/Shoe/Accessory Stores
BKH,Black Hills Corporation Common Stock,$58.27,-0.28,-0.478%,4170572403.00,United States,,133753,Utilities,Electric Utilities: Central
BKKT,Bakkt Holdings Inc. Class A Common Stock,$26.815,-0.675,-2.455%,366596634.00,United States,,238563,Finance,Finance: Consumer Services
BKN,BlackRock Investment Quality Municipal Trust Inc. (The),$11.10,0.03,0.271%,0.00,United States,1993,159277,Finance,Trusts Except Educational Religious and Charitable
BKNG,Booking Holdings Inc. Common Stock,$5016.48,-20.91,-0.415%,166028998830.00,United States,,50857,Consumer Discretionary,Transportation Services
BKR,Baker Hughes Company Class A Common Stock,$40.88,0.08,0.196%,40451815072.00,United States,,1300190,Industrials,Metal Fabrications
BKSY,BlackSky Technology Inc. Class A Common Stock,$11.075,-0.185,-1.643%,340876694.00,United States,2019,326087,Technology,Radio And Television Broadcasting And Communications Equipment
BKT,BlackRock Income Trust Inc. (The),$11.54,0.07,0.61%,1716718915.00,United States,,47631,Finance,Investment Bankers/Brokers/Service
BKTI,BK Technologies Corporation Common Stock,$35.145,-0.635,-1.775%,125231300.00,United States,,16863,Technology,Radio And Television Broadcasting And Communications Equipment
BKU,BankUnited Inc. Common Stock,$38.49,0.08,0.208%,2877089472.00,United States,2011,144498,Finance,Savings Institutions
BKV,BKV Corporation Common Stock,$23.50,0.97,4.305%,1988107074.00,,2024,59128,Energy,Oil & Gas Production
BKYI,BIO-key International Inc. Common Stock,$2.01,0.60,42.553%,6285368.00,United States,,2894011,Technology,Computer Software: Prepackaged Software
BL,BlackLine Inc. Common Stock,$60.725,-0.475,-0.776%,3794433263.00,United States,2016,109066,Technology,Computer Software: Prepackaged Software
BLAC,Bellevue Life Sciences Acquisition Corp. Common Stock,$11.53,0.00,0.00%,0.00,United States,2023,11,Finance,Blank Checks
BLACW,Bellevue Life Sciences Acquisition Corp. Warrant,$0.0479,0.00,0.00%,0.00,United States,2023,330,Finance,Blank Checks
BLBD,Blue Bird Corporation Common Stock,$38.975,-0.465,-1.179%,1257646157.00,United States,2014,227154,Consumer Discretionary,Construction/Ag Equipment/Trucks
BLBX,Blackboxstocks Inc. Common Stock,$3.10,1.43,85.629%,10936887.00,United States,,368601,Technology,EDP Services
BLCO,Bausch + Lomb Corporation Common Shares,$17.81,-0.16,-0.89%,6272041285.00,,2022,163683,Health Care,Ophthalmic Goods
BLD,TopBuild Corp. Common Stock,$311.82,1.15,0.37%,9199488259.00,United States,2015,94090,Consumer Discretionary,Engineering & Construction
BLDE,Blade Air Mobility Inc. Class A Common Stock,$4.275,-0.135,-3.061%,334792448.00,United States,2019,445699,Consumer Discretionary,Transportation Services
BLDEW,Blade Air Mobility Inc. Warrants,$0.43,-0.003,-0.693%,33675030.00,United States,2019,10941,Consumer Discretionary,Transportation Services
BLDP,Ballard Power Systems Inc. Common Shares,$1.665,-0.025,-1.479%,498514951.00,Canada,,5221051,Energy,Industrial Machinery/Components
BLDR,Builders FirstSource Inc. Common Stock,$143.73,-1.35,-0.931%,16541164175.00,United States,2005,707654,Consumer Discretionary,RETAIL: Building Materials
BLE,BlackRock Municipal Income Trust II,$10.4323,0.0523,0.504%,0.00,United States,2002,205886,Finance,Finance/Investors Services
BLFS,BioLife Solutions Inc. Common Stock,$26.49,-0.10,-0.376%,1228797299.00,United States,,58255,Health Care,Biotechnology: Electromedical & Electrotherapeutic Apparatus
BLFY,Blue Foundry Bancorp Common Stock,$9.805,0.045,0.461%,223517467.00,United States,2021,10648,Finance,Banks
BLIN,Bridgeline Digital Inc. Common Stock,$1.6741,0.2441,17.07%,17440119.00,United States,2007,359123,Technology,Computer Software: Prepackaged Software
BLK,BlackRock Inc. Common Stock,$1031.28,-12.90,-1.235%,159723542930.00,United States,1999,249125,Finance,Investment Bankers/Brokers/Service
BLKB,Blackbaud Inc. Common Stock,$74.235,-0.695,-0.928%,3765026826.00,United States,2004,27833,Technology,Computer Software: Prepackaged Software
BLMN,Bloomin' Brands Inc. Common Stock,$12.165,-0.105,-0.856%,1032115971.00,United States,2012,541851,Consumer Discretionary,Restaurants
BLMZ,BloomZ Inc. Ordinary Shares,$0.70,0.09,14.754%,9401000.00,Japan,2024,236303,Consumer Discretionary,Movies/Entertainment
BLND,Blend Labs Inc. Class A Common Stock,$4.325,0.035,0.816%,1106897544.00,United States,2021,1398413,Technology,Computer Software: Programming Data Processing
BLNK,Blink Charging Co. Common Stock,$1.48,-0.07,-4.516%,149739601.00,United States,,2755646,Consumer Discretionary,Industrial Specialties
BLRX,BioLineRx Ltd. American Depositary Shares,$0.214,-0.0076,-3.43%,17107160.00,Israel,,1029094,Health Care,Biotechnology: Pharmaceutical Preparations
BLTE,Belite Bio Inc American Depositary Shares,$61.58,-0.42,-0.677%,1795022762.00,United States,2022,39373,Health Care,Biotechnology: Pharmaceutical Preparations
BLUE,bluebird bio Inc. Common Stock,$8.17,-0.61,-6.948%,79430513.00,United States,2013,205109,Health Care,Biotechnology: Biological Products (No Diagnostic Substances)
BLW,Blackrock Limited Duration Income Trust,$14.132,0.052,0.369%,504671427.00,United States,2003,44862,Consumer Discretionary,Other Consumer Services
BLX,Banco Latinoamericano de Comercio Exterior S.A.,$35.56,0.18,0.509%,2598714914.00,Panama,1992,19839,Finance,Commercial Banks
BLZE,Backblaze Inc. Class A Common Stock,$6.16,-0.07,-1.124%,273504000.00,United States,2021,110148,Technology,Computer Software: Prepackaged Software
BMA,Banco Macro S.A.  ADR (representing Ten Class B Common Shares),$96.71,-3.52,-3.512%,6183767088.00,Argentina,,101130,Finance,Commercial Banks
BMBL,Bumble Inc. Class A Common Stock,$8.20,0.18,2.244%,887095557.00,United States,2021,788504,Technology,Computer Software: Programming Data Processing
BME,Blackrock Health Sciences Trust,$37.9551,-0.3649,-0.952%,506056031.00,United States,2005,44253,Finance,Trusts Except Educational Religious and Charitable
BMEA,Biomea Fusion Inc. Common Stock,$3.86,-0.14,-3.50%,139881332.00,United States,2021,585211,Health Care,Biotechnology: Pharmaceutical Preparations
BMEZ,BlackRock Health Sciences Term Trust Common Shares of Beneficial Interest,$14.49,-0.17,-1.16%,193195431.00,United States,2020,378494,Finance,Trusts Except Educational Religious and Charitable
BMI,Badger Meter Inc. Common Stock,$216.47,1.02,0.473%,6366524704.00,United States,1971,42975,Industrials,Industrial Machinery/Components
BML^G,Bank of America Corporation Depositary Shares (Each representing a 1/1200th interest in a share of Floating Rate Non-Cumulative Preferred Stock  Series 1),$21.82,-0.07,-0.32%,,United States,,5114,,
BML^H,Bank of America Corporation Depositary Shares (Each representing a 1/1200th interest in a Share of Floating Rate Non-Cumulative Preferred Stock Series 2),$22.01,0.01,0.045%,,United States,,7134,,
BML^J,Bank of America Corporation Depositary Shares (Each representing a 1/1200th interest in a Share of Floating Rate Non-Cumulative Preferred Stock Series 4),$22.67,0.165,0.733%,,United States,,14493,,
BML^L,Bank of America Corporation Depositary Shares (Each representing a 1/1200th Interest in a Share of Floating Rate Non-Cumulative Preferred Stock Series 5),$23.53,0.08,0.341%,,United States,,26108,,
BMN,BlackRock 2037 Municipal Target Term Trust Common Shares of Beneficial Interest,$25.66,0.00,0.00%,0.00,,2022,22328,Finance,Trusts Except Educational Religious and Charitable
BMO,Bank Of Montreal Common Stock,$97.20,0.15,0.155%,70898980147.00,Canada,,86490,Finance,Commercial Banks
BMR,Beamr Imaging Ltd. Ordinary Share,$5.75,1.68,41.278%,89182500.00,Israel,2023,2777370,Technology,Computer Software: Prepackaged Software
BMRA,Biomerica Inc. Common Stock,$0.3224,0.007,2.219%,5423299.00,United States,,181112,Health Care,Biotechnology: In Vitro & In Vivo Diagnostic Substances
BMRC,Bank of Marin Bancorp Common Stock,$23.46,-0.06,-0.255%,377304388.00,United States,,17300,Finance,Major Banks
BMRN,BioMarin Pharmaceutical Inc. Common Stock,$66.135,-0.755,-1.129%,12604207763.00,United States,1999,469292,Health Care,Biotechnology: Pharmaceutical Preparations
BMTX,BM Technologies Inc. Common Stock,$4.91,0.07,1.446%,59408496.00,,2018,130028,Finance,Major Banks
BMY,Bristol-Myers Squibb Company Common Stock,$56.73,-0.95,-1.647%,115058462716.00,United States,,2158703,Health Care,Biotechnology: Pharmaceutical Preparations
BN,Brookfield Corporation Class A Limited Voting Shares,$57.53,0.34,0.595%,86743559339.00,Canada,1925,1052750,Real Estate,Building operators
BNAI,Brand Engagement Network Inc. Common Stock,$0.9615,0.1515,18.704%,36471391.00,United States,2021,9823451,Technology,EDP Services
BNAIW,Brand Engagement Network Inc. Warrant,$0.0607,0.0107,21.40%,2302458.00,United States,2021,29287,Technology,EDP Services
BNED,Barnes & Noble Education Inc Common Stock,$10.07,-0.22,-2.138%,304254134.00,United States,2015,182575,Consumer Discretionary,Other Specialty Stores
BNGO,Bionano Genomics Inc. Common Stock,$0.2761,0.0661,31.476%,28160329.00,United States,2018,13357830,Industrials,Biotechnology: Laboratory Analytical Instruments
BNH,Brookfield Finance Inc. 4.625% Subordinated Notes due October 16 2080,$16.81,0.06,0.358%,25346066965.00,Canada,2020,7445,Real Estate,Building operators
BNIXW,Bannix Acquisition Corp. Warrant,$0.0278,0.0008,2.963%,0.00,United States,2021,713,Finance,Blank Checks
BNJ,Brookfield Finance Inc. 4.50% Perpetual Subordinated Notes,$16.07,0.05,0.312%,24230297211.00,Canada,2020,15214,Real Estate,Building operators
BNL,Broadstone Net Lease Inc. Common Stock,$15.86,-0.08,-0.502%,2990359607.00,United States,2020,267935,Real Estate,Real Estate Investment Trusts
BNR,Burning Rock Biotech Limited American Depositary Shares,$6.90,-0.2421,-3.39%,70785209.00,China,2020,8910,Health Care,Medical Specialities
BNRG,Brenmiller Energy Ltd Ordinary Shares,$0.9901,-0.0299,-2.931%,2130443.00,Israel,,276561,Industrials,Building Products
BNS,Bank Nova Scotia Halifax Pfd 3 Ordinary Shares,$53.95,0.19,0.353%,67137322200.00,Canada,,319777,Finance,Major Banks
BNT,Brookfield Wealth Solutions Ltd. Class A Exchangeable Limited Voting Shares,$57.47,0.58,1.02%,8359948836.00,,2021,2018,Finance,Property-Casualty Insurers
BNTC,Benitec Biopharma Inc. Common Stock,$11.7374,-0.2626,-2.188%,272500467.00,United States,2015,7152,Health Care,Biotechnology: Pharmaceutical Preparations
BNTX,BioNTech SE American Depositary Share,$112.01,-1.94,-1.703%,26627659577.00,Germany,2019,268413,Health Care,Biotechnology: Biological Products (No Diagnostic Substances)
BNY,BlackRock New York Municipal Income Trust,$10.22,0.02,0.196%,0.00,United States,,70416,Finance,Trusts Except Educational Religious and Charitable
BNZI,Banzai International Inc. Class A Common Stock,$1.7189,-0.0111,-0.642%,10116094.00,United States,2021,183617,Technology,Computer Software: Prepackaged Software
BNZIW,Banzai International Inc. Warrant,$0.0138,0.0027,24.324%,81216.00,United States,2021,156140,Technology,Computer Software: Prepackaged Software
BOC,Boston Omaha Corporation Class A Common Stock,$14.27,0.07,0.493%,447705082.00,United States,2022,79941,Finance,Real Estate
BODI,The Beachbody Company Inc. Class A Common Stock,$6.0463,-0.0237,-0.39%,41862157.00,United States,2021,7016,Consumer Discretionary,Other Consumer Services
BOE,Blackrock Enhanced Global Dividend Trust Common Shares of Beneficial Interest,$10.825,-0.055,-0.506%,0.00,United States,2005,91569,Finance,Trusts Except Educational Religious and Charitable
BOF,BranchOut Food Inc. Common Stock,$1.68,0.03,1.818%,13193379.00,United States,2023,179538,Consumer Staples,Packaged Foods
BOH,Bank of Hawaii Corporation Common Stock,$70.64,0.25,0.355%,2807809528.00,United States,,102595,Finance,Major Banks
BOH^A,Bank of Hawaii Corporation Depositary Shares Each Representing a 1/40th Interest in a Share of 4.375% Fixed Rate Non-Cumulative Perpetual Preferred Stock Series A,$15.80,0.14,0.894%,,United States,,7010,,
BOH^B,Bank of Hawaii Corporation Depositary Shares Each Representing a 1/40th Interest in a Share of 8.000% Fixed Rate Non-Cumulative Perpetual Preferred Stock Series B,$26.17,0.01,0.038%,,United States,,7495,,
BOKF,BOK Financial Corporation Common Stock,$107.83,-0.37,-0.342%,6913888905.00,United States,,24485,Finance,Major Banks
BOLD,Boundless Bio Inc. Common Stock,$2.60,0.05,1.961%,57980112.00,United States,2024,7734,Health Care,Biotechnology: Pharmaceutical Preparations
BOLT,Bolt Biotherapeutics Inc. Common Stock,$0.5402,0.0222,4.286%,20675076.00,United States,2021,198505,Health Care,Biotechnology: Pharmaceutical Preparations
BON,Bon Natural Life Limited Ordinary Shares,$1.83,0.13,7.647%,7265100.00,China,2021,32643,Health Care, Medicinal Chemicals and Botanical Products 
BOOM,DMC Global Inc. Common Stock,$7.16,0.10,1.416%,143389676.00,United States,,94530,Industrials,Industrial Specialties
BOOT,Boot Barn Holdings Inc. Common Stock,$154.38,-2.29,-1.462%,4712488404.00,United States,2014,216844,Consumer Discretionary,Clothing/Shoe/Accessory Stores
BORR,Borr Drilling Limited Common Shares,$3.74,0.14,3.889%,950932400.00,,2019,7821068,Energy,Oil & Gas Production
BOSC,B.O.S. Better Online Solutions Common Stock,$3.21,-0.04,-1.231%,18451138.00,Israel,,25440,Telecommunications,Computer Communications Equipment
BOTJ,Bank of the James Financial Group Inc. Common Stock,$15.88,0.34,2.188%,72148207.00,United States,,1065,Finance,Major Banks
BOW,Bowhead Specialty Holdings Inc. Common Stock,$34.67,0.19,0.551%,1132281393.00,,2024,40991,Finance,Property-Casualty Insurers
BOWN,Bowen Acquisition Corp Ordinary Shares,$10.91,-0.01,-0.092%,0.00,United States,2023,1651,,
BOWNU,Bowen Acquisition Corp Unit,$11.01,0.00,0.00%,0.00,United States,2023,1,,
BOX,Box Inc. Class A Common Stock,$31.91,-0.11,-0.344%,4585587269.00,United States,2015,360822,Technology,Computer Software: Prepackaged Software
BOXL,Boxlight Corporation Class A Common Stock,$0.3949,-0.0126,-3.092%,3882037.00,United States,2017,105788,Real Estate,Other Consumer Services
BP,BP p.l.c. Common Stock,$29.155,0.195,0.673%,79047538928.00,United Kingdom,,3484435,Energy,Integrated oil Companies
BPMC,Blueprint Medicines Corporation Common Stock,$86.45,-2.95,-3.30%,5491808695.00,United States,2015,295141,Health Care,Biotechnology: Pharmaceutical Preparations
BPOP,Popular Inc. Common Stock,$94.65,-0.11,-0.116%,6749125488.00,United States,,133724,Finance,Major Banks
BPOPM,Popular Inc. Popular Capital Trust II - 6.125% Cumulative Monthly Income Trust Preferred Securities,$25.20,0.24,0.962%,1796914552.00,United States,,3409,Finance,Major Banks
BPRN,Princeton Bancorp Inc. Common Stock (PA),$34.23,-0.13,-0.378%,234439490.00,United States,,1882,Finance,Major Banks
BPT,BP Prudhoe Bay Royalty Trust Common Stock,$0.54,-0.057,-9.548%,11556000.00,United States,,453972,Energy,Integrated oil Companies
BPTH,Bio-Path Holdings Inc. Common Stock,$1.1556,0.0156,1.368%,4977044.00,United States,,478283,Health Care,Biotechnology: Pharmaceutical Preparations
BPYPM,Brookfield Property Partners L.P. 6.25% Class A Cumulative Redeemable Preferred Units Series 1,$15.44,-0.07,-0.451%,13916752132.00,Bermuda,,19901,Finance,Real Estate
BPYPN,Brookfield Property Partners L.P. 5.750% Class A Cumulative Redeemable Perpetual Preferred Units Series 3,$12.85,0.22,1.742%,11582271043.00,Bermuda,,17883,Finance,Real Estate
BPYPO,Brookfield Property Partners L.P. 6.375% Class A Cumulative Redeemable Perpetual Preferred Units Series 2,$14.03,-0.06,-0.426%,12645857022.00,Bermuda,,24100,Finance,Real Estate
BPYPP,Brookfield Property Partners L.P. 6.50% Class A Cumulative Redeemable Perpetual Preferred Units,$14.16,-0.08,-0.562%,12763031748.00,Bermuda,,15874,Finance,Real Estate
BQ,Boqii Holding Limited American Depositary Shares representing Class A Ordinary Shares,$0.3633,0.0233,6.853%,3892868.00,,2020,72609,Consumer Discretionary,Other Specialty Stores
BR,Broadridge Financial Solutions Inc. Common Stock,$225.16,-1.21,-0.535%,26318809198.00,United States,,116808,Consumer Discretionary,Business Services
BRAC,Broad Capital Acquisition Corp Common Stock,$11.75,0.01,0.085%,0.00,United States,2022,30199,Finance,Blank Checks
BRACR,Broad Capital Acquisition Corp Rights,$0.1436,0.007,5.124%,0.00,United States,2022,100,Finance,Blank Checks
BRAG,Bragg Gaming Group Inc. Common Shares,$3.42,-0.06,-1.724%,85316264.00,Canada,,61888,Technology,Office Equipment/Supplies/Services
BRBR,BellRing Brands Inc. Common Stock ,$75.90,-0.14,-0.184%,9774584008.00,United States,2022,185237,Consumer Staples,Packaged Foods
BRBS,Blue Ridge Bankshares Inc. Common Stock,$3.20,0.01,0.313%,235251667.00,United States,,47789,Finance,Major Banks
BRC,Brady Corporation Common Stock,$73.4912,-0.4088,-0.553%,3510112269.00,United States,,42919,Consumer Discretionary,Miscellaneous manufacturing industries
BRCC,BRC Inc. Class A Common Stock,$3.185,0.135,4.426%,677586031.00,United States,2022,506476,Consumer Staples,Beverages (Production/Distribution)
BRDG,Bridge Investment Group Holdings Inc. Class A Common Stock,$8.36,-0.02,-0.239%,1012263553.00,United States,2021,50130,Finance,Investment Managers
BREA,Brera Holdings PLC Class B Ordinary Shares,$0.7513,-0.0827,-9.916%,9560293.00,Ireland,2023,186180,Consumer Discretionary,Services-Misc. Amusement & Recreation
BRFH,Barfresh Food Group Inc. Common Stock,$2.9711,0.2311,8.434%,43812352.00,United States,,1716,Consumer Staples,Packaged Foods
BRFS,BRF S.A.,$4.1112,0.0612,1.511%,6901290823.00,Brazil,,2321232,Consumer Staples,Meat/Poultry/Fish
BRIA,BrilliA Inc Class A Ordinary Shares,$3.82,-0.17,-4.261%,116987500.00,,2024,5808,Consumer Discretionary,Apparel
BRID,Bridgford Foods Corporation Common Stock,$10.42,-0.34,-3.16%,94580589.00,United States,,3513,Consumer Staples,Specialty Foods
BRK/A,Berkshire Hathaway Inc.,$681353.010000000009,-3555.49,-0.519%,1002184427231.00,United States,,1425,,
BRK/B,Berkshire Hathaway Inc.,$454.295,-2.215,-0.485%,1002316224288.00,United States,,1401228,,
BRKL,Brookline Bancorp Inc. Common Stock,$11.75,-0.02,-0.17%,1046906705.00,United States,,215837,Finance,Savings Institutions
BRKR,Bruker Corporation Common Stock,$58.57,0.16,0.274%,8879108917.00,United States,,285622,Industrials,Biotechnology: Laboratory Analytical Instruments
BRLS,Borealis Foods Inc. Class A Common Shares,$5.90,-0.50,-7.813%,126135451.00,Kazakhstan,2021,645,Consumer Staples,Packaged Foods
BRLSW,Borealis Foods Inc. Warrant,$0.0698,0.00,0.00%,1492247.00,Kazakhstan,2021,38930,Consumer Staples,Packaged Foods
BRLT,Brilliant Earth Group Inc. Class A Common Stock,$2.0205,-0.0195,-0.956%,199123504.00,United States,2021,58036,Consumer Discretionary,Consumer Specialties
BRN,Barnwell Industries Inc. Common Stock,$1.559,-0.001,-0.064%,15673460.00,United States,1965,14703,Energy,Oil & Gas Production
BRNS,Barinthus Biotherapeutics plc American Depositary Shares,$1.085,0.025,2.358%,43647875.00,United Kingdom,2021,14427,Health Care,Biotechnology: Pharmaceutical Preparations
BRO,Brown & Brown Inc. Common Stock,$102.19,-0.70,-0.68%,29222087874.00,United States,,171786,Finance,Specialty Insurers
BROG,Brooge Energy Limited Ordinary Shares,$1.421,0.021,1.50%,155724339.00,United Kingdom,2018,3805,Energy,Integrated oil Companies
BROS,Dutch Bros Inc. Class A Common Stock,$53.075,-0.285,-0.534%,8183735676.00,United States,2021,691211,Consumer Discretionary,Restaurants
BRSP,BrightSpire Capital Inc. Class A Common Stock,$5.755,-0.075,-1.286%,746338240.00,United States,2018,351322,Real Estate,Real Estate Investment Trusts
BRT,BRT Apartments Corp. (MD) Common Stock,$17.71,-0.04,-0.225%,333054490.00,United States,,7042,Real Estate,Real Estate Investment Trusts
BRTX,BioRestorative Therapies Inc. Common Stock (NV),$1.445,-0.105,-6.774%,9999283.00,United States,,72380,Health Care,Managed Health Care
BRW,Saba Capital Income & Opportunities Fund SBI,$7.59,0.05,0.663%,0.00,United States,,216480,Finance,Trusts Except Educational Religious and Charitable
BRX,Brixmor Property Group Inc. Common Stock,$27.33,-0.24,-0.871%,8255391902.00,United States,2013,308348,Real Estate,Real Estate Investment Trusts
BRY,Berry Corporation (bry) Common Stock,$4.03,0.16,4.134%,310064146.00,United States,2018,597824,Energy,Oil & Gas Production
BRZE,Braze Inc. Class A Common Stock,$42.28,-0.62,-1.445%,4375341741.00,United States,2021,295845,Technology,Computer Software: Prepackaged Software
BSAC,Banco Santander - Chile ADS,$18.84,-0.16,-0.842%,8875812572.00,Chile,,62302,Finance,Commercial Banks
BSBK,Bogota Financial Corp. Common Stock,$7.54,-0.0332,-0.438%,98584957.00,United States,2020,12707,Finance,Banks
BSBR,Banco Santander Brasil SA American Depositary Shares each representing one unit,$3.875,0.005,0.129%,28907465125.00,Brazil,2009,156084,Finance,Commercial Banks
BSET,Bassett Furniture Industries Incorporated Common Stock,$13.83,-0.03,-0.216%,121719725.00,United States,,4096,Consumer Discretionary,Home Furnishings
BSGM,BioSig Technologies Inc. Common Stock,$1.3091,-0.1709,-11.547%,22562246.00,United States,,52767,Health Care,Biotechnology: Electromedical & Electrotherapeutic Apparatus
BSIG,BrightSphere Investment Group Inc. Common Stock,$26.60,-0.30,-1.115%,992657151.00,United Kingdom,2014,37404,Finance,Investment Managers
BSII,Black Spade Acquisition II Co Class A Ordinary Share,$9.93,-0.005,-0.05%,0.00,Hong Kong,2024,55110,,
BSIIW,Black Spade Acquisition II Co Warrant,$0.41,-0.01,-2.381%,0.00,Hong Kong,2024,100,Finance,Blank Checks
BSL,Blackstone Senior Floating Rate 2027 Term Fund Common Shares of Beneficial Interest,$14.48,0.02,0.138%,0.00,United States,2010,9073,Finance,Trusts Except Educational Religious and Charitable
BSLK,Bolt Projects Holdings Inc. Common Stock,$0.57,0.05,9.615%,18432404.00,United States,2021,5024934,Industrials,Major Chemicals
BSLKW,Bolt Projects Holdings Inc. Warrant,$0.05,0.0079,18.765%,1616878.00,United States,2021,1923,Industrials,Major Chemicals
BSM,Black Stone Minerals L.P. Common units representing limited partner interests,$14.33,0.18,1.272%,3019258390.00,United States,2015,529713,Energy,Oil & Gas Production
BSRR,Sierra Bancorp Common Stock,$28.78,-0.24,-0.827%,414247750.00,United States,,25807,Finance,Major Banks
BST,BlackRock Science and Technology Trust Common Shares of Beneficial Interest,$36.80,-0.22,-0.594%,815408144.00,United States,2014,73388,Finance,Finance Companies
BSTZ,BlackRock Science and Technology Term Trust Common Shares of Beneficial Interest,$21.18,-0.10,-0.47%,469302839.00,United States,2019,71874,Finance,Trusts Except Educational Religious and Charitable
BSVN,Bank7 Corp. Common stock,$46.55,0.76,1.66%,434925262.00,United States,2018,13837,Finance,Major Banks
BSX,Boston Scientific Corporation Common Stock,$89.92,-0.74,-0.816%,132526567451.00,United States,,1157792,Health Care,Medical/Dental Instruments
BSY,Bentley Systems Incorporated Class B Common Stock,$47.7299,0.1499,0.315%,14426358648.00,United States,2020,245765,Technology,Computer Software: Prepackaged Software
BTA,BlackRock Long-Term Municipal Advantage Trust Common Shares of Beneficial Interest,$9.7801,-0.0499,-0.508%,0.00,United States,2006,81046,Finance,Trusts Except Educational Religious and Charitable
BTAI,BioXcel Therapeutics Inc. Common Stock,$0.3799,-0.0139,-3.53%,16240103.00,United States,2018,936829,Health Care,Biotechnology: Pharmaceutical Preparations
BTBD,BT Brands Inc. Common Stock,$1.61,0.0221,1.392%,9936819.00,United States,2021,1016,Consumer Discretionary,Restaurants
BTBDW,BT Brands Inc. Warrant,$0.05,0.00,0.00%,308597.00,United States,2021,11,Consumer Discretionary,Restaurants
BTBT,Bit Digital Inc. Ordinary Shares,$3.055,-0.125,-3.931%,451498450.00,United States,2018,8447212,Finance,Finance: Consumer Services
BTCM,BIT Mining Limited ADS,$2.65,-0.14,-5.018%,29447656.00,,2013,94413,Technology,EDP Services
BTCS,BTCS Inc. Common Stock,$2.47,-0.07,-2.756%,42052447.00,United States,,209300,Finance,Finance: Consumer Services
BTCT,BTC Digital Ltd. Ordinary Shares,$4.75,-0.13,-2.664%,15662897.00,China,,243375,Real Estate,Other Consumer Services
BTCTW,BTC Digital Ltd. Warrant,$0.0499,0.0049,10.889%,164543.00,China,,12295,Real Estate,Other Consumer Services
BTDR,Bitdeer Technologies Group Class A Ordinary Shares,$22.19,-1.46,-6.173%,3558526422.00,Singapore,,7315066,Finance,Finance: Consumer Services
BTE,Baytex Energy Corp Common Shares,$2.49,0.07,2.893%,2004450000.00,Canada,2023,11144553,Energy,Oil & Gas Production
BTG,B2Gold Corp Common shares (Canada),$2.41,-0.06,-2.429%,3159022963.00,Canada,,8157582,Basic Materials,Precious Metals
BTI,British American Tobacco  Industries p.l.c. Common Stock ADR,$35.9891,-0.3209,-0.884%,79706755648.00,United Kingdom,1998,1191587,Health Care, Medicinal Chemicals and Botanical Products 
BTM,Bitcoin Depot Inc. Class A Common Stock,$1.565,-0.045,-2.795%,94511654.00,United States,2022,306654,Finance,Finance: Consumer Services
BTMD,Biote Corp. Class A Common Stock,$5.905,-0.085,-1.419%,320860800.00,United States,,22293,Health Care, Medicinal Chemicals and Botanical Products 
BTMWW,Bitcoin Depot Inc. Warrant,$0.0701,-0.002,-2.774%,4233397.00,United States,2022,7265,Finance,Finance: Consumer Services
BTO,John Hancock Financial Opportunities Fund Common Stock,$34.90,-0.67,-1.884%,0.00,United States,1994,36580,Finance,Investment Managers
BTOC,Armlogi Holding Corp. Common Stock,$4.39,-0.18,-3.939%,182773260.00,United States,2024,141433,Consumer Discretionary,Office Equipment/Supplies/Services
BTOG,Bit Origin Limited Ordinary Shares,$0.85,-0.06,-6.593%,7196756.00,United States,2019,63903,Finance,Finance: Consumer Services
BTSG,BrightSpring Health Services Inc. Common Stock,$17.18,0.16,0.94%,2991492016.00,United States,2024,175435,Health Care,Medical/Nursing Services
BTSGU,BrightSpring Health Services Inc. Tangible Equity Unit,$63.15,0.21,0.334%,10996083865.00,United States,2024,6911,Health Care,Medical/Nursing Services
BTT,BlackRock Municipal 2030 Target Term Trust,$20.47,0.04,0.196%,0.00,United States,2012,274674,Finance,Investment Managers
BTTR,Better Choice Company Inc. Common Stock,$2.41,0.02,0.837%,4658865.00,,2021,18008,Consumer Staples,Beverages (Production/Distribution)
BTU,Peabody Energy Corporation Common Stock ,$20.805,0.845,4.233%,2527807500.00,United States,2017,1025629,Energy,Coal Mining
BTZ,BlackRock Credit Allocation Income Trust,$10.42,0.00,0.00%,1126766700.00,United States,2006,165784,Finance,Finance Companies
BUD,Anheuser-Busch Inbev SA Sponsored ADR (Belgium),$50.0001,-0.3699,-0.734%,86860036870.00,Belgium,,1341038,Consumer Staples,Beverages (Production/Distribution)
BUI,BlackRock Utility Infrastructure & Power Opportunities Trust,$22.9108,-0.2092,-0.905%,0.00,United States,2011,23678,Finance,Trusts Except Educational Religious and Charitable
BUJA,Bukit Jalil Global Acquisition 1 Ltd. Ordinary Shares,$11.20,0.00,0.00%,0.00,Malaysia,2023,100,Finance,Blank Checks
BUJAW,Bukit Jalil Global Acquisition 1 Ltd. Warrants,$0.029,0.00,0.00%,0.00,Malaysia,2023,10100,Finance,Blank Checks
BUR,Burford Capital Limited Ordinary Shares,$12.78,0.06,0.472%,2804205185.00,,2020,442315,Finance,Finance: Consumer Services
BURL,Burlington Stores Inc. Common Stock,$286.82,-5.18,-1.774%,18207621567.00,United States,2013,251225,Consumer Discretionary,Department/Specialty Retail Stores
BURU,Nuburu Inc. Common Stock,$0.8537,0.2827,49.51%,15953033.00,United States,,13336956,Miscellaneous,Industrial Machinery/Components
BUSE,First Busey Corporation Class A Common Stock,$23.62,-0.10,-0.422%,1343457321.00,United States,,71209,Finance,Major Banks
BV,BrightView Holdings Inc. Common Stock,$16.12,0.08,0.499%,1531400000.00,United States,2018,81015,Consumer Discretionary,Business Services
BVFL,BV Financial Inc. Common Stock,$17.261,-0.099,-0.57%,200192819.00,United States,2023,16874,Finance,Savings Institutions
BVN,Buenaventura Mining Company Inc.,$11.985,-0.275,-2.243%,3044032601.00,Peru,1996,576443,Basic Materials,Metal Mining
BVS,Bioventus Inc. Class A Common Stock,$10.58,-0.04,-0.377%,858615319.00,United States,2021,84247,Health Care,Medical/Dental Instruments
BW,Babcock & Wilcox Enterprises Inc. Common Stock,$1.655,-0.045,-2.647%,156094033.00,United States,2015,899811,Industrials,Building Products
BW^A,Babcock & Wilcox Enterprises Inc. 7.75% Series A Cumulative Perpetual Preferred Stock,$10.861,-0.1271,-1.157%,,United States,,90874,,
BWA,BorgWarner Inc. Common Stock,$31.90,-0.29,-0.901%,6976526108.00,United States,,531070,Consumer Discretionary,Auto Parts:O.E.M.
BWAY,BrainsWay Ltd. American Depositary Shares,$9.1702,0.0402,0.44%,152844684.00,Israel,2019,33122,Health Care,Medical/Dental Instruments
BWB,Bridgewater Bancshares Inc. Common Stock,$13.45,-0.04,-0.297%,368875531.00,United States,2018,11108,Finance,Major Banks
BWBBP,Bridgewater Bancshares Inc. Depositary Shares Each Representing a 1/100th Interest in a Share of 5.875% Non-Cumulative Perpetual Preferred Stock Series A,$20.25,0.8999,4.651%,555370223.00,United States,,8422,Finance,Major Banks
BWEN,Broadwind Inc. Common Stock,$2.06,0.14,7.292%,45554937.00,United States,,316457,Telecommunications,Metal Fabrications
BWFG,Bankwell Financial Group Inc. Common Stock,$31.47,0.11,0.351%,247309292.00,United States,2014,3278,Finance,Major Banks
BWG,BrandywineGLOBAL Global Income Opportunities Fund Inc.,$7.95,0.02,0.252%,0.00,United States,2012,60198,Finance,Finance/Investors Services
BWIN,The Baldwin Insurance Group Inc. Class A Common Stock,$38.62,-0.22,-0.566%,4541047929.00,United States,2019,172840,Finance,Specialty Insurers
BWLP,BW LPG Limited Common Shares,$11.135,0.225,2.062%,0.00,,2024,248953,Consumer Discretionary,Transportation Services
BWMN,Bowman Consulting Group Ltd. Common Stock,$24.82,0.24,0.976%,435090157.00,United States,2021,42203,Consumer Discretionary,Professional Services
BWMX,Betterware de Mexico S.A.P.I. de C.V. Ordinary Shares,$10.90,0.20,1.869%,406750351.00,Mexico,,32771,Consumer Discretionary,Catalog/Specialty Distribution
BWNB,Babcock & Wilcox Enterprises Inc. 6.50% Senior Notes due 2026,$19.25,-0.09,-0.465%,1815595243.00,United States,2021,11601,Industrials,Building Products
BWSN,Babcock & Wilcox Enterprises Inc. 8.125% Senior Notes due 2026,$22.145,-0.255,-1.138%,2088641904.00,United States,2021,13312,Industrials,Building Products
BWXT,BWX Technologies Inc. Common Stock,$113.67,1.15,1.022%,10394383213.00,United States,,228595,Industrials,Industrial Machinery/Components
BX,Blackstone Inc. Common Stock,$172.886,-1.124,-0.646%,124824158619.00,United States,2007,730957,Finance,Investment Managers
BXC,Bluelinx Holdings Inc. Common Stock,$103.24,-0.48,-0.463%,865222952.00,United States,2004,8624,Consumer Discretionary,Wholesale Distributors
BXMT,Blackstone Mortgage Trust Inc. Common Stock,$17.665,-0.245,-1.368%,3055847134.00,United States,,1334392,Real Estate,Real Estate Investment Trusts
BXMX,Nuveen S&P 500 Buy-Write Income Fund Common Shares of Beneficial Interest,$14.03,0.07,0.501%,0.00,United States,,172173,Finance,Investment Managers
BXP,BXP Inc. Common Stock,$74.10,-0.51,-0.684%,11716002648.00,United States,1997,199095,Real Estate,Real Estate Investment Trusts
BXSL,Blackstone Secured Lending Fund Common Shares of Beneficial Interest,$33.15,-0.12,-0.361%,0.00,,2021,515129,Finance,Trusts Except Educational Religious and Charitable
BY,Byline Bancorp Inc. Common Stock,$28.89,-0.07,-0.242%,1282288544.00,United States,2017,33636,Finance,Major Banks
BYD,Boyd Gaming Corporation Common Stock,$71.995,-0.415,-0.573%,6363574622.00,United States,1993,159253,Consumer Discretionary,Hotels/Resorts
BYFC,Broadway Financial Corporation Class A Common Stock,$6.86,-0.062,-0.896%,62510824.00,United States,,1821,Finance,Savings Institutions
BYM,Blackrock Municipal Income Quality Trust Common Shares of Beneficial Interest,$10.77,0.06,0.56%,0.00,United States,2002,115019,Finance,Investment Managers
BYND,Beyond Meat Inc. Common Stock,$3.9876,-0.0924,-2.265%,260004747.00,United States,2019,2831135,Consumer Staples,Packaged Foods
BYNO,byNordic Acquisition Corporation Class A Common Stock,$11.42,0.00,0.00%,0.00,Sweden,2022,109,Finance,Blank Checks
BYON,Beyond Inc. Common Stock,$4.91,0.29,6.277%,224965447.00,United States,,2287335,Consumer Discretionary,Catalog/Specialty Distribution
BYRN,Byrna Technologies Inc. Common Stock,$29.935,-0.125,-0.416%,673818859.00,United States,,230146,Miscellaneous,Industrial Machinery/Components
BYSI,BeyondSpring Inc. Ordinary Shares,$1.6115,-0.0035,-0.217%,62895496.00,United States,2017,6509,Health Care,Biotechnology: Pharmaceutical Preparations
BZ,KANZHUN LIMITED American Depository Shares,$13.795,-0.075,-0.541%,6068782702.00,China,2021,623384,Technology,Computer Software: Programming Data Processing
BZFD,BuzzFeed Inc. Class A Common Stock,$2.77,-0.07,-2.465%,105262773.00,United States,2021,227742,Consumer Discretionary,Telecommunications Equipment
BZFDW,BuzzFeed Inc. Warrant,$0.163,0.0135,9.03%,6194163.00,United States,2021,5349,Consumer Discretionary,Telecommunications Equipment
BZH,Beazer Homes USA Inc. Common Stock,$27.44,-0.17,-0.616%,852018229.00,United States,1994,81404,Consumer Discretionary,Homebuilding
BZUN,Baozun Inc. American Depositary Shares,$2.74,-0.16,-5.517%,165498392.00,China,2015,643805,Consumer Discretionary,Catalog/Specialty Distribution
C,Citigroup Inc. Common Stock,$70.78,-0.22,-0.31%,133863722756.00,United States,,3086957,Finance,Major Banks
C^N,Citigroup Capital XIII 7.875% Fixed rate Floating Rate trust Preferred Securities (TruPS),$30.13,0.02,0.066%,,United States,,12684,,
CAAP,Corporacion America Airports SA Common Shares,$18.77,-0.12,-0.635%,3063690210.00,,2018,24531,Consumer Discretionary,Aerospace
CAAS,China Automotive Systems Inc. Common Stock,$3.9906,-0.0494,-1.223%,120459062.00,China,,21817,Consumer Discretionary,Auto Parts:O.E.M.
CABA,Cabaletta Bio Inc. Common Stock,$2.295,0.005,0.218%,112173091.00,United States,2019,714015,Health Care,Biotechnology: Biological Products (No Diagnostic Substances)
CABO,Cable One Inc. Common Stock,$365.48,-5.09,-1.374%,2053837885.00,United States,2015,35466,Telecommunications,Cable & Other Pay Television Services
CAC,Camden National Corporation Common Stock,$42.61,-0.22,-0.514%,621135259.00,United States,,19649,Finance,Major Banks
CACC,Credit Acceptance Corporation Common Stock,$469.50,0.30,0.064%,5686651608.00,United States,1992,11844,Finance,Finance: Consumer Services
CACI,CACI International Inc. Class A Common Stock,$405.35,-0.82,-0.202%,9083145224.00,United States,,46862,Technology,EDP Services
CADE,Cadence Bank Common Stock,$34.56,0.07,0.203%,6311381587.00,United States,,144503,Finance,Major Banks
CADE^A,Cadence Bank 5.50% Series A ,$19.80,-0.13,-0.652%,,United States,,15642,,
CADL,Candel Therapeutics Inc. Common Stock,$8.105,-0.765,-8.625%,263214227.00,United States,2021,1374343,Health Care,Biotechnology: Biological Products (No Diagnostic Substances)
CAE,CAE Inc. Ordinary Shares,$25.39,0.07,0.276%,8092222091.00,Canada,,127006,Miscellaneous,Industrial Machinery/Components
CAF,Morgan Stanley China A Share Fund Inc. Common Stock,$12.52,0.00,0.00%,0.00,United States,2006,29616,Finance,Investment Managers
CAG,ConAgra Brands Inc. Common Stock,$27.585,-0.075,-0.271%,13166884944.00,United States,,1540238,Consumer Staples,Packaged Foods
CAH,Cardinal Health Inc. Common Stock,$118.21,-0.93,-0.781%,28608061560.00,United States,,348731,Health Care,Other Pharmaceuticals
CAKE,Cheesecake Factory Incorporated (The) Common Stock,$47.795,-0.195,-0.406%,2439443800.00,United States,1992,351758,Consumer Discretionary,Restaurants
CAL,Caleres Inc. Common Stock,$22.71,-0.73,-3.114%,763715907.00,United States,,225272,Consumer Discretionary,Shoe Manufacturing
CALC,CalciMedica Inc. Common Stock,$2.7551,-0.0949,-3.33%,37144030.00,United States,2023,12013,Health Care,Biotechnology: Pharmaceutical Preparations
CALM,Cal-Maine Foods Inc. Common Stock,$103.10,1.96,1.938%,5055671604.00,United States,1996,200094,Consumer Staples,Farming/Seeds/Milling
CALX,Calix Inc Common Stock,$34.34,-0.61,-1.745%,2277290238.00,United States,2010,89893,Consumer Discretionary,Telecommunications Equipment
CAMP,CAMP4 Therapeutics Corporation Common Stock,$5.43,0.00,0.00%,0.00,United States,2024,66354,,
CAMT,Camtek Ltd. Ordinary Shares,$81.20,-1.26,-1.528%,3646011706.00,Israel,2000,72453,Technology,Electronic Components
CAN,Canaan Inc. American Depositary Shares,$2.23,0.00,0.00%,567026362.00,China,2019,12375692,Technology,Semiconductors
CANF,Can-Fite Biopharma Ltd Sponsored ADR (Israel),$1.5514,-0.0286,-1.81%,8641298.00,Israel,,121726,Health Care,Biotechnology: Pharmaceutical Preparations
CANG,Cango Inc. American Depositary Shares  each representing two (2) Class A Ordinary Shares,$4.62,-0.30,-6.098%,503200716.00,,2018,443289,Technology,Computer Software: Prepackaged Software
CAPL,CrossAmerica Partners LP Common Units representing limited partner interests,$21.765,-0.055,-0.252%,828086164.00,United States,2012,13560,Energy,Oil Refining/Marketing
CAPN,Cayson Acquisition Corp Ordinary shares,$10.02,0.01,0.10%,0.00,United States,2024,100,,
CAPNU,Cayson Acquisition Corp Unit,$10.12,0.00,0.00%,0.00,United States,2024,2,,
CAPR,Capricor Therapeutics Inc. Common Stock,$13.62,-0.46,-3.267%,619300147.00,United States,,324248,Health Care,Biotechnology: Pharmaceutical Preparations
CAPT,Captivision Inc. Ordinary Shares,$0.78,0.074,10.482%,22742961.00,United Kingdom,,172776,Miscellaneous,Industrial Machinery/Components
CAPTW,Captivision Inc. Warrant,$0.01,-0.0003,-2.913%,291576.00,United Kingdom,,198895,Miscellaneous,Industrial Machinery/Components
CAR,Avis Budget Group Inc. Common Stock,$80.17,-0.79,-0.976%,2817109504.00,United States,,303345,Consumer Discretionary,Rental/Leasing Companies
CARA,Cara Therapeutics Inc. Common Stock,$0.3651,-0.0129,-3.413%,20027748.00,United States,2014,1265146,Health Care,Biotechnology: Pharmaceutical Preparations
CARE,Carter Bankshares Inc. Common Stock,$17.61,0.00,0.00%,406298167.00,United States,,24427,Finance,Major Banks
CARG,CarGurus Inc. Class A Common Stock ,$36.81,-0.26,-0.701%,3817492732.00,United States,2017,180737,Technology,EDP Services
CARM,Carisma Therapeutics Inc. Common Stock,$0.4509,-0.0094,-2.042%,18825124.00,United States,2014,126107,Health Care,Biotechnology: Pharmaceutical Preparations
CARR,Carrier Global Corporation Common Stock ,$68.62,-0.28,-0.406%,61567741512.00,United States,2020,960160,Industrials,Industrial Machinery/Components
CARS,Cars.com Inc. Common Stock ,$17.37,0.01,0.058%,1124521172.00,United States,2017,113711,Technology,EDP Services
CART,Maplebear Inc. Common Stock,$42.235,0.035,0.083%,10849950864.00,United States,2023,1342522,Consumer Discretionary,Business Services
CARV,Carver Bancorp Inc. Common Stock,$1.8526,-0.0174,-0.93%,9466282.00,United States,,6581,Finance,Savings Institutions
CASH,Pathward Financial Inc. Common Stock,$74.315,0.315,0.426%,1792441237.00,United States,1993,35655,Finance,Major Banks
CASI,CASI Pharmaceuticals Inc. Ordinary Shares,$2.826,-0.154,-5.168%,43691251.00,United States,,26106,Health Care,Biotechnology: Pharmaceutical Preparations
CASK,Heritage Distilling Holding Company Inc. Common Stock,$1.93,-0.35,-15.351%,9946072.00,United States,2024,255814,Consumer Staples,Beverages (Production/Distribution)
CASS,Cass Information Systems Inc Common Stock,$40.93,-0.10,-0.244%,555389198.00,United States,,6284,Consumer Discretionary,Business Services
CASY,Casey's General Stores Inc. Common Stock,$400.64,-3.34,-0.827%,14870776835.00,United States,1983,47852,Consumer Discretionary,Retail-Auto Dealers and Gas Stations
CAT,Caterpillar Inc. Common Stock,$364.58,-0.28,-0.077%,176020131075.00,United States,,547552,Industrials,Construction/Ag Equipment/Trucks
CATO,Cato Corporation (The) Class A Common Stock,$3.84,-0.09,-2.29%,78865060.00,United States,,61189,Consumer Discretionary,Clothing/Shoe/Accessory Stores
CATX,Perspective Therapeutics Inc. Common Stock,$3.05,-0.14,-4.389%,206141997.00,United States,,440174,Health Care,Medical/Dental Instruments
CATY,Cathay General Bancorp Common Stock,$47.97,-0.07,-0.146%,3415398377.00,United States,,64924,Finance,Major Banks
CAVA,CAVA Group Inc. Common Stock,$113.25,-1.12,-0.979%,12976152611.00,United States,2023,996245,Consumer Discretionary,Restaurants
CB,Chubb Limited  Common Stock,$275.935,-1.745,-0.628%,111228845802.00,Switzerland,,410562,Finance,Property-Casualty Insurers
CBAN,Colony Bankcorp Inc. Common Stock,$16.30,0.05,0.308%,285689383.00,United States,,7066,Finance,Major Banks
CBAT,CBAK Energy Technology Inc. Common Stock,$1.15,0.08,7.477%,103430069.00,China,,3420245,Miscellaneous,Industrial Machinery/Components
CBFV,CB Financial Services Inc. Common Stock,$28.39,-0.28,-0.977%,145459600.00,United States,,6927,Finance,Major Banks
CBL,CBL & Associates Properties Inc. Common Stock,$29.91,0.16,0.538%,919710726.00,United States,2021,58209,Real Estate,Real Estate Investment Trusts
CBLL,CeriBell Inc. Common Stock,$25.5184,-0.9316,-3.522%,914177388.00,United States,2024,50469,Health Care,Biotechnology: Electromedical & Electrotherapeutic Apparatus
CBNA,Chain Bridge Bancorp Inc. Class A Common Stock,$24.82,0.60,2.477%,162864298.00,,2024,22289,Finance,Major Banks
CBNK,Capital Bancorp Inc. Common Stock,$28.375,-0.225,-0.787%,469823035.00,United States,2018,25624,Finance,Major Banks
CBOE,Cboe Global Markets Inc. Common Stock,$196.05,-1.18,-0.598%,21922065938.00,,2010,201525,Finance,Investment Bankers/Brokers/Service
CBRE,CBRE Group Inc Common Stock Class A,$130.855,0.225,0.172%,40043983296.00,United States,,397575,Finance,Real Estate
CBRL,Cracker Barrel Old Country Store Inc Common Stock,$55.83,-0.58,-1.028%,1242729349.00,United States,1981,196906,Consumer Discretionary,Restaurants
CBSH,Commerce Bancshares Inc. Common Stock,$62.48,-0.34,-0.541%,8412239222.00,United States,,153021,Finance,Major Banks
CBT,Cabot Corporation Common Stock,$91.055,-0.625,-0.682%,4952866431.00,United States,,85168,Industrials,Major Chemicals
CBU,Community Financial System Inc. Common Stock,$62.03,-0.28,-0.449%,3260311997.00,United States,,29911,Finance,Major Banks
CBUS,Cibus Inc. Class A Common Stock,$2.50,0.14,5.932%,73920245.00,United States,2017,128293,Industrials,Agricultural Chemicals
CBZ,CBIZ Inc. Common Stock,$81.725,-0.295,-0.36%,4101605392.00,United States,,74987,Consumer Discretionary,Business Services
CC,Chemours Company (The) Common Stock,$16.92,-0.09,-0.529%,2528025762.00,United States,2015,543413,Industrials,Major Chemicals
CCAP,Crescent Capital BDC Inc. Common stock,$19.83,0.08,0.405%,734930477.00,United States,,48399,Finance,Finance: Consumer Services
CCB,Coastal Financial Corporation Common Stock,$85.355,1.635,1.953%,1156084652.00,United States,2018,63706,Finance,Major Banks
CCBG,Capital City Bank Group Common Stock,$36.68,0.06,0.164%,621523050.00,United States,,6069,Finance,Major Banks
CCCC,C4 Therapeutics Inc. Common Stock,$3.71,-0.08,-2.111%,261885038.00,United States,2020,556056,Health Care,Biotechnology: Biological Products (No Diagnostic Substances)
CCCS,CCC Intelligent Solutions Holdings Inc. Common Stock,$11.81,-0.14,-1.172%,7387182565.00,United States,,682550,Technology,Computer Software: Prepackaged Software
CCD,Calamos Dynamic Convertible & Income Fund Common Stock,$24.92,0.455,1.86%,0.00,United States,,44868,Finance,Trusts Except Educational Religious and Charitable
CCEC,Capital Clean Energy Carriers Corp. Common Share,$18.3403,-0.1547,-0.836%,1015827273.00,Greece,2007,4413,Consumer Discretionary,Marine Transportation
CCEL,Cryo-Cell International Inc. Common Stock,$7.39,-0.33,-4.275%,59579355.00,United States,2022,22638,Health Care,Misc Health and Biotechnology Services
CCEP,Coca-Cola Europacific Partners plc Ordinary Shares,$76.56,0.08,0.105%,35290106684.00,United Kingdom,,489136,Consumer Staples,Beverages (Production/Distribution)
CCG,Cheche Group Inc. Class A Ordinary Shares,$0.8695,-0.0304,-3.378%,65595696.00,China,,287281,Finance,Specialty Insurers
CCGWW,Cheche Group Inc. Warrant,$0.0337,0.0036,11.96%,2542352.00,China,,6600,Finance,Specialty Insurers
CCI,Crown Castle Inc. Common Stock,$89.405,-1.155,-1.275%,38855252786.00,United States,,981709,Real Estate,Real Estate Investment Trusts
CCIA,Carlyle Credit Income Fund 8.75% Series A Preferred Shares due 2028,$25.67,-0.065,-0.253%,0.00,,2023,2014,,
CCIF,Carlyle Credit Income Fund Shares of Beneficial Interest,$7.91,-0.09,-1.125%,0.00,,2019,77271,Finance,Finance/Investors Services
CCIR,Cohen Circle Acquisition Corp. I Class A Ordinary Shares,$10.01,0.02,0.20%,0.00,United States,2024,3361,,
CCIRU,Cohen Circle Acquisition Corp. I Unit,$10.12,-0.04,-0.394%,0.00,United States,2024,303,Finance,Blank Checks
CCIRW,Cohen Circle Acquisition Corp. I Warrant,$0.44,0.00,0.00%,0.00,United States,2024,9,,
CCIX,Churchill Capital Corp IX Ordinary Shares,$10.30,-0.0063,-0.061%,0.00,United States,2024,3533,,
CCIXU,Churchill Capital Corp IX Unit,$10.65,0.00,0.00%,0.00,United States,2024,10,,
CCIXW,Churchill Capital Corp IX Warrant,$0.5181,0.00,0.00%,0.00,United States,2024,1,,
CCJ,Cameco Corporation Common Stock,$52.3211,-0.1689,-0.322%,22769126226.00,Canada,1996,736737,Basic Materials,Other Metals and Minerals
CCK,Crown Holdings Inc.,$82.21,-0.98,-1.178%,9834970561.00,United States,,186990,Industrials,Containers/Packaging
CCL,Carnival Corporation Common Stock,$25.34,0.26,1.037%,34002407060.00,United States,1987,9337835,Consumer Discretionary,Marine Transportation
CCLD,CareCloud Inc. Common Stock,$3.79,0.15,4.121%,61548755.00,United States,2014,99092,Technology,Computer Software: Prepackaged Software
CCLDO,CareCloud Inc. 8.75% Series B Cumulative Redeemable Perpetual Preferred Stock,$18.40,-0.0999,-0.54%,298811897.00,United States,,3405,Technology,Computer Software: Prepackaged Software
CCLDP,CareCloud Inc. 11% Series A Cumulative Redeemable Perpetual Preferred Stock,$18.93,0.18,0.96%,307418979.00,United States,,1988,Technology,Computer Software: Prepackaged Software
CCM,Concord Medical Services Holdings Limited American Depositary Shares (Each represents thirty (30) Class A ordinary shares),$5.85,0.83,16.534%,25399080.00,China,2024,8430,Health Care,Medical/Nursing Services
CCNE,CNB Financial Corporation Common Stock,$24.82,-0.08,-0.321%,521064081.00,United States,,13873,Finance,Major Banks
CCNEP,CNB Financial Corporation Depositary Shares each representing a 1/40th ownership interest in a share of 7.125% Series A Fixed-Rate Non-Cumulative Perpetual Preferred Stock,$24.90,0.30,1.22%,522743578.00,United States,,120,Finance,Major Banks
CCO,Clear Channel Outdoor Holdings Inc. Common Stock,$1.40,0.05,3.704%,684709795.00,United States,2005,700152,Consumer Discretionary,Advertising
CCOI,Cogent Communications Holdings Inc.,$75.67,-0.10,-0.132%,3709669084.00,United States,,115760,Consumer Discretionary,Telecommunications Equipment
CCRD,CoreCard Corporation Common Stock,$21.67,0.57,2.701%,171217877.00,United States,1986,40675,Technology,Computer Software: Prepackaged Software
CCRN,Cross Country Healthcare Inc. Common Stock $0.0001 Par Value,$17.995,-0.005,-0.028%,592335063.00,United States,2001,181885,Consumer Discretionary,Professional Services
CCS,Century Communities Inc. Common Stock,$73.16,-0.43,-0.584%,2292619456.00,United States,2014,64408,Consumer Discretionary,Homebuilding
CCSI,Consensus Cloud Solutions Inc. Common Stock,$23.80,-0.11,-0.46%,459425632.00,United States,,64295,Technology,Computer Software: Prepackaged Software
CCTG,CCSC Technology International Holdings Limited Class A Ordinary Shares,$1.95,0.31,18.902%,22583438.00,Hong Kong,2024,516253,Consumer Discretionary,Building Products
CCU,Compania Cervecerias Unidas S.A. Common Stock,$11.3181,-0.1819,-1.582%,2091035228.00,Chile,,90287,Consumer Staples,Beverages (Production/Distribution)
CCZ,Comcast Holdings ZONES,$61.0725,0.00,0.00%,233696364333.00,United States,,7,Telecommunications,Cable & Other Pay Television Services
CDE,Coeur Mining Inc. Common Stock,$5.74,-0.03,-0.52%,2291640975.00,United States,,6322287,Basic Materials,Precious Metals
CDIO,Cardio Diagnostics Holdings Inc. Common stock,$0.8979,-0.0271,-2.93%,36310905.00,United States,2022,1174221,Health Care,Biotechnology: In Vitro & In Vivo Diagnostic Substances
CDIOW,Cardio Diagnostics Holdings Inc. Warrant,$0.092,-0.0054,-5.544%,3720463.00,United States,2022,26167,Health Care,Biotechnology: In Vitro & In Vivo Diagnostic Substances
CDLR,Cadeler A/S American Depositary Share (each representing four (4) Ordinary Shares),$22.65,0.19,0.846%,1986178500.00,,2023,6532,Consumer Discretionary,Marine Transportation
CDLX,Cardlytics Inc. Common Stock,$3.855,0.125,3.351%,195920518.00,United States,2018,308364,Technology,Computer Software: Programming Data Processing
CDMO,Avid Bioservices Inc. Common Stock,$12.33,0.09,0.735%,788667514.00,United States,,715167,Health Care,Biotechnology: Pharmaceutical Preparations
CDNA,CareDx Inc. Common Stock,$21.12,0.03,0.142%,1132747356.00,United States,2014,160460,Health Care,Medical Specialities
CDNS,Cadence Design Systems Inc. Common Stock,$303.965,-1.065,-0.349%,83366352795.00,United States,,332713,Technology,Computer Software: Prepackaged Software
CDP,COPT Defense Properties Common Shares of Beneficial Interest,$30.90,-0.14,-0.451%,3482220065.00,United States,,229517,Real Estate,Real Estate Investment Trusts
CDR^B,Cedar Realty Trust Inc. 7.25% Series B Cumulative Redeemable Preferred Stock,$14.88,-0.1784,-1.185%,,United States,,935,,
CDR^C,Cedar Realty Trust Inc. 6.50% Series C Cumulative Redeemable Preferred Stock,$14.22,-0.09,-0.629%,,United States,,2085,,
CDRE,Cadre Holdings Inc. Common Stock,$32.36,0.31,0.967%,1314074492.00,United States,2021,86902,Health Care,Industrial Specialties
CDRO,Codere Online Luxembourg S.A. Ordinary Shares,$6.38,-0.39,-5.761%,289014000.00,Luxembourg,,142487,Consumer Discretionary,Services-Misc. Amusement & Recreation
CDROW,Codere Online Luxembourg S.A. Warrants,$0.65,-0.1141,-14.933%,29329271.00,Luxembourg,,8313,Consumer Discretionary,Services-Misc. Amusement & Recreation
CDT,Conduit Pharmaceuticals Inc. Common Stock,$0.0762,0.0161,26.789%,7837016.00,United States,2022,37765688,Health Care,Biotechnology: Pharmaceutical Preparations
CDTG,CDT Environmental Technology Investment Holdings Limited ordinary shares,$4.32,0.06,1.408%,46224000.00,China,2024,1409931,Industrials,Miscellaneous
CDTTW,Conduit Pharmaceuticals Inc. Warrant,$0.006,0.0001,1.695%,617088.00,United States,2022,128456,Health Care,Biotechnology: Pharmaceutical Preparations
CDTX,Cidara Therapeutics Inc. Common Stock,$24.80,1.11,4.686%,271284894.00,United States,2015,63765,Health Care,Biotechnology: Biological Products (No Diagnostic Substances)
CDW,CDW Corporation Common Stock,$173.90,-1.91,-1.086%,23174620382.00,United States,2013,229455,Consumer Discretionary,Catalog/Specialty Distribution
CDXC,ChromaDex Corporation Common Stock,$5.49,-0.03,-0.543%,419344136.00,United States,,178468,Health Care, Medicinal Chemicals and Botanical Products 
CDXS,Codexis Inc. Common Stock,$4.77,-0.22,-4.409%,388172368.00,United States,2010,255617,Industrials,Major Chemicals
CDZI,CADIZ Inc. Common Stock,$4.99,0.04,0.808%,375168689.00,United States,,568233,Utilities,Water Supply
CDZIP,Cadiz Inc. Depositary Shares,$17.50,0.595,3.52%,1315721855.00,United States,,40599,Utilities,Water Supply
CE,Celanese Corporation Common Stock,$68.50,-0.26,-0.378%,7487887139.00,United States,2005,564915,Industrials,Major Chemicals
CEAD,CEA Industries Inc. Common Stock,$7.70,-0.1072,-1.373%,6095166.00,United States,,5781,Industrials,Industrial Machinery/Components
CEADW,CEA Industries Inc. Warrant,$0.01,-0.0025,-20.00%,7916.00,United States,,23422,Industrials,Industrial Machinery/Components
CECO,CECO Environmental Corp. Common Stock,$30.47,1.00,3.393%,1065810678.00,United States,1998,91739,Industrials,Pollution Control Equipment
CEE,The Central and Eastern Europe Fund Inc. (The) Common Stock,$11.2503,-0.3397,-2.931%,0.00,United States,,6710,Finance,Finance Companies
CEG,Constellation Energy Corporation Common Stock ,$227.675,1.135,0.501%,71209135427.00,United States,,717158,Utilities,Electric Utilities: Central
CEIX,CONSOL Energy Inc. Common Stock ,$106.02,3.20,3.112%,3116401285.00,United States,2017,144398,Energy,Coal Mining
CELC,Celcuity Inc. Common Stock,$13.44,-0.40,-2.89%,499021233.00,United States,2017,110307,Health Care,Medical Specialities
CELH,Celsius Holdings Inc. Common Stock,$26.32,-0.14,-0.529%,6186027817.00,United States,,2862987,Consumer Staples,Beverages (Production/Distribution)
CELU,Celularity Inc. Class A Common Stock,$2.05,-0.19,-8.482%,46092690.00,United States,2019,115539,Health Care,Biotechnology: Pharmaceutical Preparations
CELUW,Celularity Inc. Warrant,$0.02,0.0049,32.45%,449685.00,United States,2019,7900,Health Care,Biotechnology: Pharmaceutical Preparations
CELZ,Creative Medical Technology Holdings Inc. Common Stock,$2.3092,-0.0008,-0.035%,4037470.00,United States,,2851,Finance,Finance: Consumer Services
CENN,Cenntro Inc. Common Stock,$1.10,-0.01,-0.901%,33953275.00,New Zealand,,131376,Consumer Discretionary,Auto Manufacturing
CENT,Central Garden & Pet Company Common Stock,$38.80,-0.36,-0.919%,2545057792.00,United States,1993,22956,Consumer Discretionary,Consumer Specialties
CENTA,Central Garden & Pet Company Class A Common Stock Nonvoting,$33.01,-0.29,-0.871%,2165266952.00,United States,,35682,Consumer Discretionary,Consumer Specialties
CENX,Century Aluminum Company Common Stock,$18.30,-0.11,-0.598%,1698218845.00,United States,1996,283364,Industrials,Aluminum
CEP,Cantor Equity Partners Inc. Class A Ordinary Shares,$10.50,0.15,1.449%,301731927.00,United States,2024,775,Finance,Investment Managers
CEPU,Central Puerto S.A. American Depositary Shares (each represents ten Common Shares),$14.465,-0.155,-1.06%,2190033199.00,,2018,155334,Utilities,Electric Utilities: Central
CERO,CERo Therapeutics Holdings Inc. Common Stock,$0.0577,-0.0023,-3.833%,8673035.00,United States,2021,31940925,Health Care,Biotechnology: Biological Products (No Diagnostic Substances)
CEROW,CERo Therapeutics Holdings Inc. Warrants,$0.009,0.00,0.00%,1352813.00,United States,2021,52715,Health Care,Biotechnology: Biological Products (No Diagnostic Substances)
CERS,Cerus Corporation Common Stock,$1.555,-0.005,-0.321%,288787470.00,United States,1997,617176,Technology,EDP Services
CERT,Certara Inc. Common Stock,$10.575,-0.115,-1.076%,1702308647.00,United States,2020,295864,Technology,Computer Software: Prepackaged Software
CET,Central Securities Corporation Common Stock,$45.31,-0.538,-1.173%,10966161812.00,United States,1951,20653,Finance,Finance/Investors Services
CETX,Cemtrex Inc. Common Stock,$3.16,0.09,2.932%,2310112.00,United States,,118855,Technology,Electrical Products
CETY,Clean Energy Technologies Inc. Common Stock,$0.571,0.019,3.442%,25684369.00,United States,,24867,Consumer Discretionary,Metal Fabrications
CEV,Eaton Vance California Municipal Income Trust Shares of Beneficial Interest,$10.05,0.03,0.299%,70687429.00,United States,1999,22839,Finance,Finance/Investors Services
CEVA,CEVA Inc. Common Stock,$32.33,-0.04,-0.124%,763852731.00,United States,,38962,Technology,Computer Software: Programming Data Processing
CF,CF Industries Holdings Inc. Common Stock,$84.40,-0.35,-0.413%,14687282008.00,United States,2005,406636,Industrials,Agricultural Chemicals
CFB,CrossFirst Bankshares Inc. Common Stock,$15.28,-0.03,-0.196%,753314467.00,United States,2019,30963,Finance,Major Banks
CFBK,CF Bankshares Inc. Common Stock,$24.45,0.54,2.258%,156152003.00,United States,,97689,Finance,Major Banks
CFFI,C&F Financial Corporation Common Stock,$71.86,-0.32,-0.443%,231777891.00,United States,,3008,Finance,Major Banks
CFFN,Capitol Federal Financial Inc. Common Stock,$5.935,-0.015,-0.252%,788015856.00,United States,,191766,Finance,Savings Institutions
CFG,Citizens Financial Group Inc. Common Stock,$43.72,0.10,0.229%,19267427303.00,United States,2014,640406,Finance,Major Banks
CFG^E,Citizens Financial Group Inc. Depositary Shares Each Representing 1/40th Interest in a Share of 5.000% Fixed-Rate Non-Cumulative Perpetual Preferred Stock Series E,$18.8872,0.1372,0.732%,,United States,,96187,,
CFG^H,Citizens Financial Group Inc. Depositary Shares Each Representing a 1/40th Interest in a Share of 7.375% Fixed-Rate Non-Cumulative Perpetual Preferred Stock Series H,$26.2399,0.1399,0.536%,,United States,,14583,,
CFLT,Confluent Inc. Class A Common Stock,$28.44,-0.45,-1.558%,9328174984.00,United States,2021,978676,Technology,Computer Software: Prepackaged Software
CFR,Cullen/Frost Bankers Inc. Common Stock,$135.36,0.12,0.089%,8680888840.00,United States,,57494,Finance,Major Banks
CFR^B,Cullen/Frost Bankers Inc. Depositary Shares each representing a 1/40th ownership interest in a share of 4.450% non-cumulative perpetual preferred stock Series B,$17.53,-0.01,-0.057%,,United States,,16689,,
CFSB,CFSB Bancorp Inc. Common Stock,$6.75,-0.0428,-0.63%,44770334.00,United States,2022,17146,Finance,Savings Institutions
CG,The Carlyle Group Inc. Common Stock,$50.80,-0.07,-0.138%,18170208059.00,United States,2012,362952,Finance,Investment Managers
CGABL,The Carlyle Group Inc. 4.625% Subordinated Notes due 2061,$17.67,0.08,0.455%,6320227882.00,United States,,26501,Finance,Investment Managers
CGAU,Centerra Gold Inc. Common Shares,$5.585,-0.085,-1.499%,1188062322.00,Canada,2021,303336,Basic Materials,Precious Metals
CGBD,Carlyle Secured Lending Inc. Common Stock,$18.28,0.00,0.00%,930566469.00,United States,2017,158060,Finance,Finance: Consumer Services
CGBDL,Carlyle Secured Lending Inc. 8.20% Notes due 2028,$25.80,-0.099,-0.382%,1311890216.00,United States,,4720,,
CGBS,Crown LNG Holdings Limited Ordinary Shares,$0.321,-0.001,-0.311%,22142382.00,Jersey,,3304320,Utilities,Oil/Gas Transmission
CGBSW,Crown LNG Holdings Limited Warrants,$0.0336,0.0005,1.511%,2317707.00,Jersey,,10546,Utilities,Oil/Gas Transmission
CGC,Canopy Growth Corporation Common Shares,$2.705,-0.075,-2.698%,277151836.00,Canada,,2868557,Health Care, Medicinal Chemicals and Botanical Products 
CGEM,Cullinan Therapeutics Inc. Common Stock,$12.135,0.115,0.957%,706591841.00,United States,2021,177381,Health Care,Biotechnology: Biological Products (No Diagnostic Substances)
CGEN,Compugen Ltd. Ordinary Shares,$1.5152,-0.0548,-3.49%,131246624.00,Israel,2000,376707,Health Care,Biotechnology: Biological Products (No Diagnostic Substances)
CGNT,Cognyte Software Ltd. Ordinary Shares,$8.68,-0.09,-1.026%,616249924.00,Israel,,91744,Technology,Computer Software: Prepackaged Software
CGNX,Cognex Corporation Common Stock,$35.8499,-0.1901,-0.527%,6148805601.00,United States,1989,310402,Industrials,Industrial Machinery/Components
CGO,Calamos Global Total Return Fund Common Stock,$11.30,-0.15,-1.31%,0.00,United States,2005,26272,Finance,Investment Managers
CGON,CG Oncology Inc. Common stock,$28.42,-1.62,-5.393%,1922035364.00,United States,2024,198015,,
CGTL,Creative Global Technology Holdings Limited Ordinary Shares,$7.58,-0.11,-1.43%,161075000.00,China,2024,98940,Technology,Retail: Computer Software & Peripheral Equipment
CGTX,Cognition Therapeutics Inc. Common Stock,$0.7359,-0.1041,-12.393%,30575170.00,United States,2021,3730994,Health Care,Biotechnology: Biological Products (No Diagnostic Substances)
CHAR,Charlton Aria Acquisition Corporation Class A Ordinary Shares,$9.94,0.00,0.00%,0.00,United States,2024,15,,
CHCI,Comstock Holding Companies Inc. Class A Common Stock,$7.75,-0.07,-0.895%,76639967.00,United States,2004,11587,Finance,Real Estate
CHCO,City Holding Company Common Stock,$120.89,-0.20,-0.165%,1777339891.00,United States,,6801,Finance,Major Banks
CHCT,Community Healthcare Trust Incorporated Common Stock,$18.53,0.18,0.981%,523331116.00,United States,2015,68672,Real Estate,Real Estate Investment Trusts
CHD,Church & Dwight Company Inc. Common Stock,$104.71,-1.23,-1.161%,25653691890.00,United States,,260945,Consumer Discretionary,Package Goods/Cosmetics
CHDN,Churchill Downs Incorporated Common Stock,$133.95,1.34,1.01%,9844888457.00,United States,,189532,Consumer Discretionary,Services-Misc. Amusement & Recreation
CHE,Chemed Corp,$527.88,5.08,0.972%,7909018583.00,United States,,42004,Health Care,Medical/Nursing Services
CHEB,Chenghe Acquisition II Co. Class A Ordinary Shares,$10.12,0.01,0.099%,0.00,,2024,50276,,
CHEF,The Chefs' Warehouse Inc. Common Stock,$48.755,0.075,0.154%,1928480184.00,United States,2011,111393,Consumer Discretionary,Food Distributors
CHEK,Check-Cap Ltd. Ordinary Share,$1.1304,0.0304,2.764%,6613710.00,Israel,2015,192139,Health Care,Medical Electronics
CHGG,Chegg Inc. Common Stock,$1.545,-0.035,-2.215%,161154820.00,United States,2013,1664184,Real Estate,Other Consumer Services
CHH,Choice Hotels International Inc. Common Stock,$141.93,1.11,0.788%,6657556070.00,United States,,95305,Consumer Discretionary,Hotels/Resorts
CHI,Calamos Convertible Opportunities and Income Fund Common Stock,$12.0101,0.0751,0.629%,0.00,United States,2002,80808,Finance,Investment Managers
CHKP,Check Point Software Technologies Ltd. Ordinary Shares,$187.575,-0.325,-0.173%,21178423045.00,Israel,1996,114617,Technology,Computer Software: Prepackaged Software
CHMG,Chemung Financial Corp Common Stock,$49.255,-0.145,-0.294%,234383218.00,United States,,2227,Finance,Major Banks
CHMI,Cherry Hill Mortgage Investment Corporation Common Stock,$2.825,0.015,0.534%,89340831.00,,2013,443105,Real Estate,Real Estate Investment Trusts
CHMI^A,Cherry Hill Mortgage Investment Corporation 8.20% Series A Cumulative Redeemable Preferred Stock,$23.25,0.46,2.018%,,,,872,,
CHMI^B,Cherry Hill Mortgage Investment Corporation 8.250% Series B Fixed-to-Floating Rate Cumulative Redeemable Preferred Stock,$24.5101,-0.0099,-0.04%,,,,5806,,
CHN,China Fund Inc. (The) Common Stock,$11.9299,-0.3901,-3.166%,0.00,United States,,14835,Finance,Investment Managers
CHNR,China Natural Resources Inc. Common Stock,$0.6199,-0.0103,-1.634%,6115789.00,Hong Kong,,25104,Basic Materials,Precious Metals
CHPT,ChargePoint Holdings Inc. Common Stock,$1.1141,-0.0259,-2.272%,492811968.00,United States,2019,16096339,Consumer Discretionary,Industrial Specialties
CHR,Cheer Holding Inc. Class A Ordinary Share,$2.47,-0.11,-4.264%,24872930.00,China,2018,20980,Technology,EDP Services
CHRD,Chord Energy Corporation Common Stock,$114.75,2.68,2.391%,7014721892.00,United States,,250540,Energy,Oil & Gas Production
CHRO,Channel Therapeutics Corporation Common Stock,$0.6399,0.0099,1.571%,3857324.00,,2024,79654,Health Care,Biotechnology: Biological Products (No Diagnostic Substances)
CHRS,Coherus BioSciences Inc. Common Stock,$1.51,0.02,1.342%,173972245.00,United States,2014,1139044,Health Care,Biotechnology: Biological Products (No Diagnostic Substances)
CHRW,C.H. Robinson Worldwide Inc. Common Stock,$104.18,0.29,0.279%,12314617632.00,United States,1997,239297,Consumer Discretionary,Oil Refining/Marketing
CHSCL,CHS Inc Class B Cumulative Redeemable Preferred Stock Series 4,$25.81,0.21,0.82%,316740397.00,United States,,36698,Industrials,Farming/Seeds/Milling
CHSCM,CHS Inc Class B Reset Rate Cumulative Redeemable Preferred Stock Series 3,$24.965,0.215,0.869%,306370555.00,United States,,22038,Industrials,Farming/Seeds/Milling
CHSCN,CHS Inc Preferred Class B Series 2 Reset Rate,$25.17,0.15,0.60%,308886316.00,United States,,26088,Industrials,Farming/Seeds/Milling
CHSCO,CHS Inc. Class B Cumulative Redeemable Preferred Stock,$26.91,0.78,2.985%,330239601.00,United States,,38830,Industrials,Farming/Seeds/Milling
CHSCP,CHS Inc. 8%  Cumulative Redeemable Preferred Stock,$27.7415,0.6015,2.216%,340443771.00,United States,,14682,Industrials,Farming/Seeds/Milling
CHSN,Chanson International Holding Class A Ordinary Shares,$5.36,-0.43,-7.427%,66599710.00,China,2023,25058,Consumer Staples,Packaged Foods
CHT,Chunghwa Telecom Co. Ltd.,$37.84,-0.12,-0.316%,29354177745.00,Taiwan,,24247,Telecommunications,Telecommunications Equipment
CHTR,Charter Communications Inc. Class A Common Stock New,$344.91,-3.74,-1.073%,49044736477.00,United States,,205026,Telecommunications,Cable & Other Pay Television Services
CHW,Calamos Global Dynamic Income Fund Common Stock,$6.79,-0.05,-0.731%,0.00,United States,2007,128070,Finance,Investment Managers
CHWY,Chewy Inc. Class A Common Stock,$34.235,0.165,0.484%,13976278941.00,United States,2019,1503159,Consumer Discretionary,Catalog/Specialty Distribution
CHX,ChampionX Corporation Common Stock ,$26.76,0.12,0.45%,5097780000.00,United States,,327967,Industrials,Industrial Machinery/Components
CHY,Calamos Convertible and High Income Fund Common Stock,$12.2712,0.2012,1.667%,0.00,United States,2003,94710,Finance,Investment Managers
CI,The Cigna Group Common Stock,$276.51,-2.20,-0.789%,76911977085.00,United States,,460854,Health Care,Medical Specialities
CIA,Citizens Inc. Class A Common Stock ($1.00 Par),$4.03,-0.29,-6.713%,201123497.00,United States,1994,61857,Finance,Life Insurance
CIB,BanColombia S.A. Common Stock,$31.57,-0.48,-1.498%,7591219598.00,Colombia,,120230,Finance,Commercial Banks
CICB,CION Investment Corporation 7.50% Notes due 2029,$25.07,0.21,0.845%,0.00,United States,2024,765,Finance,Finance/Investors Services
CIEN,Ciena Corporation Common Stock,$85.42,-1.24,-1.431%,12139514125.00,United States,1997,426195,Utilities,Telecommunications Equipment
CIF,MFS Intermediate High Income Fund Common Stock,$1.73,0.01,0.581%,0.00,United States,,53546,Finance,Trusts Except Educational Religious and Charitable
CIFR,Cipher Mining Inc. Common Stock,$4.765,-0.095,-1.955%,1657296176.00,United States,2020,6744758,Finance,Finance: Consumer Services
CIFRW,Cipher Mining Inc. Warrant,$1.39,-0.03,-2.113%,483450511.00,United States,2020,45931,Finance,Finance: Consumer Services
CIG,Comp En De Mn Cemig ADS American Depositary Shares,$1.78,-0.02,-1.111%,5093970244.00,Brazil,,851333,Utilities,Electric Utilities: Central
CIGI,Colliers International Group Inc. Subordinate Voting Shares,$134.46,-0.50,-0.37%,6760228747.00,Canada,,18026,Finance,Real Estate
CII,Blackrock Capital and Income Fund Inc.,$20.19,-0.11,-0.542%,3003514289.00,United States,2004,45737,Finance,Investment Bankers/Brokers/Service
CIK,Credit Suisse Asset Management Income Fund Inc. Common Stock,$2.89,0.00,0.00%,0.00,United States,,433051,Finance,Finance/Investors Services
CIM,Chimera Investment Corporation Common Stock,$13.97,-0.20,-1.411%,1129828444.00,United States,2007,552157,Real Estate,Real Estate Investment Trusts
CIM^A,Chimera Investment Corporation 8.00% Series A Cumulative Redeemable Preferred Stock,$22.22,0.00,0.00%,,United States,,16299,,
CIM^B,Chimera Investment Corporation 8.00% Series B Fixed-to-Floating Rate Cumulative Redeemable Preferred Stock,$24.845,0.135,0.546%,,United States,,28240,,
CIM^C,Chimera Investment Corporation 7.75% Series C Fixed-to-Floating Rate  Cumulative Redeemable  Preferred Stock,$23.19,0.16,0.695%,,United States,,11705,,
CIM^D,Chimera Investment Corporation 8.00% Series D Fixed-to-Floating Rate Cumulative Redeemable Preferred Stock,$24.48,0.01,0.041%,,United States,,9662,,
CIMN,Chimera Investment Corporation 9.000% Senior Notes due 2029,$25.1477,0.0577,0.23%,2025161784.00,United States,2024,2066,Real Estate,Real Estate Investment Trusts
CIMO,Chimera Investment Corporation 9.250% Senior Notes due 2029,$25.30,0.15,0.596%,0.00,United States,2024,7157,Real Estate,Real Estate Investment Trusts
CINF,Cincinnati Financial Corporation Common Stock,$143.3099,-0.7401,-0.514%,22401501636.00,United States,,109501,Finance,Property-Casualty Insurers
CING,Cingulate Inc. Common Stock,$4.7985,0.0185,0.387%,15413900.00,United States,2021,71555,Health Care,Biotechnology: Pharmaceutical Preparations
CINGW,Cingulate Inc. Warrants,$0.0513,-0.0099,-16.176%,164788.00,United States,2021,6977,Health Care,Biotechnology: Pharmaceutical Preparations
CINT,CI&T Inc Class A Common Shares,$6.08,0.00,0.00%,817225045.00,,2021,56885,Technology,EDP Services
CIO,City Office REIT Inc. Common Stock,$5.355,0.015,0.281%,215024965.00,Canada,2014,108072,Real Estate,Real Estate Investment Trusts
CIO^A,City Office REIT Inc. 6.625% Series A Cumulative Redeemable Preferred Stock,$20.59,-0.10,-0.483%,,Canada,,1820,,
CION,CION Investment Corporation Common Stock,$11.255,-0.085,-0.75%,599733288.00,United States,2021,152278,Finance,Finance/Investors Services
CISO,CISO Global Inc. Common Stock,$2.95,0.07,2.431%,34874505.00,United States,,467553,Consumer Discretionary,Professional Services
CISS,C3is Inc. Common Stock,$0.5701,-0.1599,-21.904%,5849226.00,Greece,,919375,Consumer Discretionary,Marine Transportation
CITE,Cartica Acquisition Corp Class A Ordinary Shares,$11.68,0.00,0.00%,0.00,United States,2022,7,Finance,Blank Checks
CITEW,Cartica Acquisition Corp Warrant,$0.28,0.00,0.00%,0.00,United States,2022,5415,Finance,Blank Checks
CIVB,Civista Bancshares Inc. Common Stock,$20.92,-0.19,-0.90%,329208166.00,United States,,7769,Finance,Major Banks
CIVI,Civitas Resources Inc. Common Stock,$45.13,1.46,3.343%,4355679753.00,United States,2017,416438,Energy,Oil & Gas Production
CIX,CompX International Inc. Common Stock,$26.92,0.28,1.051%,331615554.00,United States,1998,3443,Consumer Discretionary,Industrial Machinery/Components
CJET,Chijet Motor Company Inc. Ordinary Shares,$2.3157,0.0157,0.683%,12404985.00,Cayman Islands,,21030,Consumer Discretionary,Auto Manufacturing
CJJD,China Jo-Jo Drugstores Inc. (Cayman Islands) Ordinary Shares,$1.65,-0.1601,-8.845%,10979227.00,China,,7888,Consumer Staples,Retail-Drug Stores and Proprietary Stores
CKPT,Checkpoint Therapeutics Inc. Common Stock,$3.375,-0.12,-3.433%,164809688.00,United States,,913500,Health Care,Biotechnology: Pharmaceutical Preparations
CKX,CKX Lands Inc. Common Stock,$12.86,0.31,2.47%,26067632.00,United States,2003,717,Energy,Oil & Gas Production
CL,Colgate-Palmolive Company Common Stock,$90.88,-0.93,-1.013%,74249955772.00,United States,,1029817,Consumer Discretionary,Package Goods/Cosmetics
CLAR,Clarus Corporation Common Stock,$4.4655,-0.0745,-1.641%,171306234.00,United States,,94953,Consumer Discretionary,Recreational Games/Products/Toys
CLB,Core Laboratories Inc. Common Stock,$17.16,0.42,2.509%,805664145.00,Netherlands,2023,83645,Energy,Oilfield Services/Equipment
CLBK,Columbia Financial Inc. Common Stock,$15.91,0.10,0.633%,1666150153.00,United States,2018,19936,Finance,Savings Institutions
CLBR,Colombier Acquisition Corp. II Class A Ordinary Shares,$11.65,-0.10,-0.851%,0.00,,2024,13763,,
CLBT,Cellebrite DI Ltd. Ordinary Shares,$22.07,-0.13,-0.586%,4530906225.00,Israel,,376135,Technology,Computer Software: Prepackaged Software
CLCO,Cool Company Ltd. Common Shares,$7.785,0.025,0.322%,418076656.00,,2023,192921,Consumer Discretionary,Marine Transportation
CLDI,Calidi Biotherapeutics Inc. Common Stock,$1.285,-0.055,-4.104%,16805258.00,,2021,616531,Health Care,Biotechnology: Biological Products (No Diagnostic Substances)
CLDT,Chatham Lodging Trust (REIT) Common Shares of Beneficial Interest,$8.95,-0.03,-0.334%,437757853.00,United States,2010,54776,Real Estate,Real Estate Investment Trusts
CLDT^A,Chatham Lodging Trust (REIT) 6.625% Series A Cumulative Redeemable Preferred Shares of Beneficial Interest,$22.49,-0.1574,-0.695%,,United States,,13034,,
CLDX,Celldex Therapeutics Inc.,$25.225,-0.165,-0.65%,1673533353.00,United States,,141434,Health Care,Biotechnology: In Vitro & In Vivo Diagnostic Substances
CLEU,China Liberal Education Holdings Limited Ordinary Shares,$4.28,0.63,17.26%,125209020.00,China,2020,418720,Real Estate,Other Consumer Services
CLF,Cleveland-Cliffs Inc. Common Stock,$9.2411,0.0011,0.012%,4564581768.00,United States,,7169261,Basic Materials,Metal Mining
CLFD,Clearfield Inc. Common Stock,$30.99,-0.13,-0.418%,442803931.00,United States,,44818,Utilities,Telecommunications Equipment
CLGN,CollPlant Biotechnologies Ltd Ordinary Shares,$3.6101,0.0401,1.123%,41345291.00,Israel,,19755,Health Care,Industrial Specialties
CLH,Clean Harbors Inc. Common Stock,$230.245,0.675,0.294%,12409998970.00,United States,,106751,Industrials,Environmental Services
CLIK,Click Holdings Limited Ordinary Share,$1.24,0.15,13.761%,18600000.00,Hong Kong,2024,83827,Consumer Discretionary,Diversified Commercial Services
CLIR,ClearSign Technologies Corporation Common Stock (DE),$1.44,0.22,18.033%,72337546.00,United States,2012,495303,Industrials,Industrial Machinery/Components
CLLS,Cellectis S.A. American Depositary Shares,$1.7501,0.3401,24.121%,175167509.00,France,2015,438696,Health Care,Biotechnology: Pharmaceutical Preparations
CLM,Cornerstone Strategic Investment Fund Inc. Common Shares,$8.51,-0.04,-0.468%,0.00,United States,2003,964785,Finance,Finance/Investors Services
CLMB,Climb Global Solutions Inc. Common Stock,$126.895,0.605,0.479%,584578617.00,United States,,31117,Technology,Retail: Computer Software & Peripheral Equipment
CLMT,Calumet Inc. Common Stock,$21.45,0.28,1.323%,1842643052.00,United States,2006,122418,Energy,Integrated oil Companies
CLNE,Clean Energy Fuels Corp. Common Stock,$2.525,-0.095,-3.626%,564227743.00,United States,2007,1440822,Utilities,Natural Gas Distribution
CLNN,Clene Inc. Common Stock,$4.9832,-0.0068,-0.136%,39764571.00,United States,,29804,Health Care,Biotechnology: Pharmaceutical Preparations
CLNNW,Clene Inc. Warrant,$0.0353,0.00,0.00%,281684.00,United States,,201,Health Care,Biotechnology: Pharmaceutical Preparations
CLOV,Clover Health Investments Corp. Class A Common Stock,$3.205,-0.055,-1.687%,1606054460.00,United States,,2269934,Health Care,Medical Specialities
CLPR,Clipper Realty Inc. Common Stock,$4.85,0.21,4.526%,77974857.00,United States,2017,58271,Real Estate,Real Estate Investment Trusts
CLPS,CLPS Incorporation Common Stock,$1.1269,-0.0031,-0.274%,31373650.00,China,2018,6035,Technology,Computer Software: Prepackaged Software
CLPT,ClearPoint Neuro Inc. Common Stock,$15.67,-0.08,-0.508%,432252233.00,United States,,86886,Health Care,Medical/Dental Instruments
CLRB,Cellectar Biosciences Inc.  Common Stock,$0.295,-0.0138,-4.469%,12174600.00,United States,,897452,Health Care,Biotechnology: Pharmaceutical Preparations
CLRC,ClimateRock Class A Ordinary Shares,$11.79,0.04,0.34%,0.00,United Kingdom,2022,8600,Finance,Blank Checks
CLRCR,ClimateRock Right,$0.0694,0.00,0.00%,0.00,United Kingdom,2022,1,Finance,Blank Checks
CLRO,ClearOne Inc. (DE) Common Stock,$0.641,0.0322,5.289%,15364224.00,United States,,63711,Utilities,Telecommunications Equipment
CLS,Celestica Inc. Common Stock,$95.015,-0.085,-0.089%,11268863943.00,Canada,1998,684770,Technology,Electrical Products
CLSD,Clearside Biomedical Inc. Common Stock,$1.005,0.055,5.789%,76222722.00,United States,2016,507655,Health Care,Biotechnology: Pharmaceutical Preparations
CLSK,CleanSpark Inc. Common Stock,$9.705,-0.075,-0.767%,2839310978.00,United States,,18442249,Finance,Finance: Consumer Services
CLSKW,CleanSpark Inc. Warrant,$0.82,0.035,4.459%,239900567.00,United States,,154962,Finance,Finance: Consumer Services
CLST,Catalyst Bancorp Inc. Common Stock,$11.70,-0.0024,-0.021%,50806396.00,United States,2021,853,Finance,Savings Institutions
CLVT,Clarivate Plc Ordinary Shares,$5.0994,-0.0206,-0.402%,3622631950.00,United Kingdom,2019,1556952,Technology,EDP Services
CLW,Clearwater Paper Corporation Common Stock,$29.52,-0.85,-2.799%,489079153.00,United States,,99776,Basic Materials,Paper
CLWT,Euro Tech Holdings Company Limited Common Stock,$1.43,0.03,2.143%,11034308.00,Hong Kong,1997,1934,Consumer Discretionary,Professional and commerical equipment
CLX,Clorox Company (The) Common Stock,$161.8125,-1.1875,-0.729%,20029364519.00,United States,,244297,Consumer Discretionary,Specialty Chemicals
CLYM,Climb Bio Inc. Common Stock,$1.93,-0.17,-8.095%,129741857.00,United States,2021,189770,Health Care,Biotechnology: Pharmaceutical Preparations
CM,Canadian Imperial Bank of Commerce Common Stock,$63.53,0.64,1.018%,60009797427.00,Canada,,174188,Finance,Commercial Banks
CMA,Comerica Incorporated Common Stock,$61.64,-0.13,-0.21%,8106533932.00,United States,,273378,Finance,Major Banks
CMBM,Cambium Networks Corporation Ordinary Shares,$0.8434,-0.0149,-1.736%,23820828.00,Cayman Islands,2019,181879,Technology,Radio And Television Broadcasting And Communications Equipment
CMBT,CMB.TECH NV Ordinary Shares,$10.0911,0.0611,0.609%,2220291381.00,,2015,58405,Consumer Discretionary,Marine Transportation
CMC,Commercial Metals Company Common Stock,$49.51,-0.60,-1.197%,5639663652.00,United States,,184272,Industrials,Steel/Iron Ore
CMCL,Caledonia Mining Corporation Plc Common Shares,$9.43,0.09,0.964%,180943528.00,Canada,,21659,Basic Materials,Precious Metals
CMCM,Cheetah Mobile Inc. American Depositary Shares each representing fifty (50) Class A Ordinary Shares,$4.662,-0.2379,-4.855%,139316355.00,China,2022,7412,Technology,Computer Software: Prepackaged Software
CMCO,Columbus McKinnon Corporation Common Stock,$37.47,0.03,0.08%,1075008829.00,United States,1996,57926,Industrials,Construction/Ag Equipment/Trucks
CMCSA,Comcast Corporation Class A Common Stock,$37.465,-0.465,-1.226%,143361321212.00,United States,,4954168,Telecommunications,Cable & Other Pay Television Services
CMCT,Creative Media & Community Trust Corporation Common stock,$0.1741,0.0009,0.52%,15092704.00,United States,,3438746,Real Estate,Real Estate Investment Trusts
CME,CME Group Inc. Class A Common Stock,$232.46,-1.04,-0.445%,83769797244.00,United States,2002,368585,Finance,Investment Bankers/Brokers/Service
CMG,Chipotle Mexican Grill Inc. Common Stock,$60.50,-0.28,-0.461%,82436876500.00,United States,2006,2070861,Consumer Discretionary,Restaurants
CMI,Cummins Inc. Common Stock,$350.11,-1.04,-0.296%,48028738204.00,United States,,89053,Industrials,Industrial Machinery/Components
CMLS,Cumulus Media Inc. Class A Common Stock,$0.685,-0.0319,-4.45%,11635179.00,United States,,83703,Consumer Discretionary,Broadcasting
CMMB,Chemomab Therapeutics Ltd. American Depositary Share,$2.03,0.02,0.995%,28835612.00,Israel,2019,33989,Health Care,Biotechnology: Pharmaceutical Preparations
CMND,Clearmind Medicine Inc. Common Shares,$1.47,-0.03,-2.00%,5953500.00,Canada,,221314,Health Care,Biotechnology: Pharmaceutical Preparations
CMP,Compass Minerals Intl Inc Common Stock,$10.95,0.11,1.015%,453908083.00,United States,2003,295492,Industrials,Mining & Quarrying of Nonmetallic Minerals (No Fuels)
CMPO,CompoSecure Inc. Class A Common Stock,$15.71,-0.14,-0.883%,1384538136.00,United States,2020,440094,Finance,Finance: Consumer Services
CMPOW,CompoSecure Inc. Warrant,$5.02,-0.07,-1.375%,442417660.00,United States,2020,50098,Finance,Finance: Consumer Services
CMPR,Cimpress plc Ordinary Shares (Ireland),$72.49,0.31,0.429%,1823379897.00,Netherlands,2005,40128,Consumer Discretionary,Publishing
CMPS,COMPASS Pathways Plc American Depository Shares,$3.795,-0.195,-4.887%,259540050.00,United Kingdom,2020,616962,Health Care,Biotechnology: Pharmaceutical Preparations
CMPX,Compass Therapeutics Inc. Common Stock,$1.475,0.015,1.027%,202944027.00,United States,,147429,Health Care,Biotechnology: Biological Products (No Diagnostic Substances)
CMRE,Costamare Inc. Common Stock $0.0001 par value,$12.70,-0.11,-0.859%,1503357712.00,Greece,2010,77248,Consumer Discretionary,Marine Transportation
CMRE^B,Costamare Inc. Perpetual Preferred Stock Series B (Marshall Islands),$25.7676,-0.0312,-0.121%,,Greece,,1043,,
CMRE^C,Costamare Inc. Perpetual Preferred Series C (Marshall Islands),$25.92,-0.0517,-0.199%,,Greece,,1733,,
CMRE^D,Costamare Inc. 8.75% Series D Cumulative Redeemable Perpetual Preferred Stock,$25.83,0.0177,0.069%,,Greece,,2412,,
CMRX,Chimerix Inc. Common Stock,$3.39,-0.07,-2.023%,304883220.00,United States,2013,1187430,Health Care,Biotechnology: Pharmaceutical Preparations
CMS,CMS Energy Corporation Common Stock,$66.57,-0.49,-0.731%,19890108463.00,United States,,288440,Utilities,Power Generation
CMS^B,CMS Energy Corporation Preferred Stock,$76.96,0.96,1.263%,,United States,,96,,
CMS^C,CMS Energy Corporation Depositary Shares each representing a 1/1000th interest in a share of 4.200% Cumulative Redeemable Perpetual Preferred Stock Series C,$18.47,0.18,0.984%,,United States,,20002,,
CMSA,CMS Energy Corporation 5.625% Junior Subordinated Notes due 2078,$22.3201,-0.0399,-0.178%,6668908065.00,United States,2018,15719,Utilities,Power Generation
CMSC,CMS Energy Corporation 5.875% Junior Subordinated Notes due 2078,$23.44,-0.02,-0.085%,7003517236.00,United States,2018,13342,Utilities,Power Generation
CMSD,CMS Energy Corporation 5.875% Junior Subordinated Notes due 2079,$23.26,-0.06,-0.257%,6949735960.00,United States,2019,46762,Utilities,Power Generation
CMT,Core Molding Technologies Inc Common Stock,$16.265,-0.245,-1.484%,145658930.00,United States,1996,27262,Industrials,Plastic Products
CMTG,Claros Mortgage Trust Inc. Common Stock,$4.15,0.06,1.467%,578355027.00,United States,2021,199289,Finance,Real Estate
CMTL,Comtech Telecommunications Corp. Common Stock,$4.17,0.03,0.725%,120374064.00,United States,,169111,Technology,Radio And Television Broadcasting And Communications Equipment
CMU,MFS Municipal Income Trust Common Stock,$3.505,-0.005,-0.142%,99280226.00,United States,1987,68000,Finance,Investment Managers
CNA,CNA Financial Corporation Common Stock,$48.32,-0.08,-0.165%,13087105541.00,United States,,45231,Finance,Property-Casualty Insurers
CNC,Centene Corporation Common Stock,$60.52,-0.08,-0.132%,30554429800.00,United States,,1078537,Health Care,Medical Specialities
CNCK,Coincheck Group N.V. Ordinary Shares,$8.92,0.42,4.941%,1156951438.00,Netherlands,,262396,Finance,Finance: Consumer Services
CNCKW,Coincheck Group N.V. Warrants,$2.17,0.11,5.34%,0.00,Netherlands,,23042,,
CNDT,Conduent Incorporated Common Stock ,$4.055,-0.025,-0.613%,648352332.00,United States,,381593,Consumer Discretionary,Business Services
CNET,ZW Data Action Technologies Inc. Common Stock,$1.84,-0.09,-4.663%,4004232.00,China,,9834,Technology,Computer Software: Programming Data Processing
CNEY,CN Energy Group Inc. Class A Ordinary Shares,$0.3466,0.0268,8.38%,876898.00,China,2021,1378399,Industrials,Major Chemicals
CNF,CNFinance Holdings Limited American Depositary Shares each representing  twenty (20) Ordinary Shares,$0.9299,-0.0101,-1.074%,63774552.00,,2018,58630,Finance,Finance: Consumer Services
CNFR,Conifer Holdings Inc. Common Stock,$1.07,-0.05,-4.464%,13078483.00,United States,2015,35673,Finance,Property-Casualty Insurers
CNFRZ,Conifer Holdings Inc. 9.75% Senior Unsecured Notes due 2028,$20.95,0.00,0.00%,256069357.00,United States,,1,,
CNH,CNH Industrial N.V. Common Shares,$11.255,-0.035,-0.31%,14057303665.00,United Kingdom,2013,1615398,Industrials,Construction/Ag Equipment/Trucks
CNI,Canadian National Railway Company Common Stock,$101.15,-0.82,-0.804%,63673925000.00,Canada,,367972,Industrials,Railroads
CNK,Cinemark Holdings Inc Cinemark Holdings Inc. Common Stock,$31.48,0.53,1.712%,3852035216.00,United States,2007,431647,Consumer Discretionary,Movies/Entertainment
CNL,Collective Mining Ltd. Common Shares,$4.1334,0.0334,0.815%,282095758.00,,2024,3597,,
CNM,Core & Main Inc. Class A Common Stock,$51.25,0.22,0.431%,10181998579.00,United States,2021,416489,Consumer Discretionary,Durable Goods
CNMD,CONMED Corporation Common Stock,$69.57,-1.05,-1.487%,2149076643.00,United States,1987,113409,Health Care,Biotechnology: Electromedical & Electrotherapeutic Apparatus
CNNE,Cannae Holdings Inc. Common Stock,$19.98,0.08,0.402%,1253538487.00,United States,2017,79167,Consumer Discretionary,Restaurants
CNO,CNO Financial Group Inc. Common Stock,$37.4149,0.1249,0.335%,3861555125.00,United States,,136985,Finance,Accident &Health Insurance
CNO^A,CNO Financial Group Inc. 5.125% Subordinated Debentures due 2060,$19.31,0.09,0.468%,,United States,,283,,
CNOB,ConnectOne Bancorp Inc. Common Stock,$22.64,-0.01,-0.044%,868703977.00,United States,,60683,Finance,Major Banks
CNOBP,ConnectOne Bancorp Inc. Depositary Shares each representing a 1/40th interest in a share of 5.25% Fixed-Rate Reset Non-Cumulative Perpetual Preferred Stock Series A,$22.31,0.08,0.36%,856041772.00,United States,,3659,Finance,Major Banks
CNP,CenterPoint Energy Inc (Holding Co) Common Stock,$31.845,-0.365,-1.133%,20754255104.00,United States,,974980,Utilities,Electric Utilities: Central
CNQ,Canadian Natural Resources Limited Common Stock,$30.44,0.28,0.928%,64980511520.00,Canada,,1428149,Energy,Oil & Gas Production
CNS,Cohen & Steers Inc Common Stock,$92.40,-0.95,-1.018%,4671536839.00,United States,2004,24682,Finance,Investment Managers
CNSP,CNS Pharmaceuticals Inc. Common Stock,$0.1101,-0.0028,-2.48%,6329286.00,United States,2019,2555081,Health Care,Biotechnology: Pharmaceutical Preparations
CNTA,Centessa Pharmaceuticals plc American Depositary Shares,$16.33,-0.62,-3.658%,2153036623.00,United Kingdom,2021,66191,Health Care,Biotechnology: Pharmaceutical Preparations
CNTB,Connect Biopharma Holdings Limited American Depositary Shares,$1.09,-0.05,-4.386%,60062220.00,China,2021,12933,Health Care,Biotechnology: Pharmaceutical Preparations
CNTM,ConnectM Technology Solutions Inc. Common Stock,$1.20,0.00,0.00%,25498868.00,United States,2022,74040,Consumer Discretionary,Engineering & Construction
CNTX,Context Therapeutics Inc. Common Stock,$1.055,-0.045,-4.091%,79123219.00,United States,2021,104830,Health Care,Biotechnology: Pharmaceutical Preparations
CNTY,Century Casinos Inc. Common Stock,$2.97,-0.19,-6.013%,91127331.00,United States,,69537,Consumer Discretionary,Hotels/Resorts
CNVS,Cineverse Corp. Class A Common Stock,$3.8014,-0.1886,-4.727%,60340075.00,United States,,63791,Consumer Discretionary,Consumer Electronics/Video Chains
CNX,CNX Resources Corporation Common Stock,$37.26,0.64,1.748%,5561846216.00,United States,1999,627285,Energy,Oil & Gas Production
CNXC,Concentrix Corporation Common Stock,$43.725,-0.715,-1.609%,2834199800.00,United States,,189773,Technology,Computer Software: Prepackaged Software
CNXN,PC Connection Inc. Common Stock,$69.20,-0.27,-0.389%,1819232016.00,United States,,20523,Consumer Discretionary,Catalog/Specialty Distribution
COCH,Envoy Medical Inc. Class A Common Stock,$1.45,-0.15,-9.375%,29355054.00,United States,2021,69355,Health Care,Industrial Specialties
COCHW,Envoy Medical Inc Warrant,$0.045,-0.017,-27.419%,911019.00,United States,2021,69548,Health Care,Industrial Specialties
COCO,The Vita Coco Company Inc. Common Stock,$36.90,0.56,1.541%,2093408549.00,United States,2021,176609,Consumer Staples,Beverages (Production/Distribution)
COCP,Cocrystal Pharma Inc. Common Stock,$3.05,-0.04,-1.294%,31030060.00,United States,,133605,Health Care,Biotechnology: Pharmaceutical Preparations
CODA,Coda Octopus Group Inc. Common stock,$7.8459,-0.1641,-2.049%,87838671.00,United States,,13912,Industrials,Industrial Machinery/Components
CODI,D/B/A Compass Diversified Holdings Shares of Beneficial Interest,$23.19,0.09,0.39%,1754376512.00,United States,2006,49075,Consumer Discretionary,Home Furnishings
CODI^A,Compass Diversified Holdings 7.250% Series A Preferred Shares representing beneficial interest in Compass Diversified Holdings,$22.96,0.29,1.279%,,United States,,4285,,
CODI^B,Compass Diversified Holdings 7.875% Series B Fixed-to-Floating Rate Cumulative Preferred Shares representing beneficial interests in Compass Diversified Holdings,$23.7559,0.0859,0.363%,,United States,,26449,,
CODI^C,Compass Diversified Holdings 7.875% Series C Cumulative Preferred Shares,$23.80,-0.02,-0.084%,,United States,,24960,,
CODX,Co-Diagnostics Inc. Common Stock,$0.71,-0.02,-2.74%,22670124.00,United States,2017,164120,Health Care,Medical/Dental Instruments
COE,51Talk Online Education Group American depositary shares each representing 60 Class A ordinary shares,$18.46,0.48,2.67%,105622028.00,China,2016,26085,Real Estate,Other Consumer Services
COEP,Coeptis Therapeutics Holdings Inc. Common Stock,$0.1614,-0.0208,-11.416%,6636541.00,United States,2020,4067810,Health Care,Biotechnology: Biological Products (No Diagnostic Substances)
COEPW,Coeptis Therapeutics Holdings Inc. Warrants,$0.0134,-0.0012,-8.219%,550989.00,United States,2020,195795,Health Care,Biotechnology: Biological Products (No Diagnostic Substances)
COF,Capital One Financial Corporation Common Stock,$179.30,-0.92,-0.51%,68404803245.00,United States,1994,537034,Finance,Major Banks
COF^I,Capital One Financial Corporation Depositary shares each representing a 1/40th interest in a share of Fixed Rate Non-Cumulative Perpetual Preferred Stock Series I of the Issuer,$18.705,-0.095,-0.505%,,United States,,175669,,
COF^J,Capital One Financial Corporation Depositary Shares Each Representing a 1/40th Interest in a Share of Fixed Rate Non- Cumulative Perpetual Preferred Stock Series J,$17.98,0.03,0.167%,,United States,,115594,,
COF^K,Capital One Financial Corporation Depositary Shares Each Representing a 1/40th Ownership Interest in a Share of Fixed Rate Non-Cumulative Perpetual Preferred Stock Series K,$17.47,0.02,0.115%,,United States,,18274,,
COF^L,Capital One Financial Corporation Depositary Shares Each Representing a 1/40th Interest in a Share of Fixed Rate Non-Cumulative Perpetual Preferred Stock Series L,$16.5789,0.0589,0.357%,,United States,,96681,,
COF^N,Capital One Financial Corporation Depositary Shares Each Representing a 1/40th Ownership Interest in a Share of Fixed Rate Non-Cumulative Perpetual Preferred Stock Series N,$16.11,-0.03,-0.186%,,United States,,62999,,
COFS,ChoiceOne Financial Services Inc. Common Stock,$35.65,0.23,0.649%,319339403.00,United States,,8764,Finance,Major Banks
COGT,Cogent Biosciences Inc. Common Stock,$7.66,-0.08,-1.034%,846136844.00,United States,2018,419714,Health Care,Biotechnology: Pharmaceutical Preparations
COHN,Cohen & Company Inc.,$10.2892,-0.0558,-0.539%,20065504.00,United States,,2038,Finance,Investment Bankers/Brokers/Service
COHR,Coherent Corp. Common Stock,$95.425,-1.565,-1.614%,14758810482.00,United States,,889943,Technology,Electronic Components
COHU,Cohu Inc. Common Stock,$26.29,-0.54,-2.013%,1225475119.00,United States,,89531,Industrials,Electrical Products
COIN,Coinbase Global Inc. Class A Common Stock,$258.25,-7.46,-2.808%,64653001905.00,United States,,5106066,Finance,Finance: Consumer Services
COKE,Coca-Cola Consolidated Inc. Common Stock,$1244.3722,11.9322,0.968%,10901545401.00,United States,1972,13836,Consumer Staples,Beverages (Production/Distribution)
COLB,Columbia Banking System Inc. Common Stock,$27.055,-0.085,-0.313%,5668866805.00,United States,1992,398061,Finance,Savings Institutions
COLD,Americold Realty Trust Inc. Common Stock,$21.25,-0.15,-0.701%,6040487919.00,United States,2018,470872,Real Estate,Real Estate Investment Trusts
COLL,Collegium Pharmaceutical Inc. Common Stock,$28.69,-0.42,-1.443%,639788234.00,United States,2015,193527,Health Care,Biotechnology: Pharmaceutical Preparations
COLM,Columbia Sportswear Company Common Stock,$84.28,-1.48,-1.726%,4820350774.00,United States,1998,124383,Consumer Discretionary,Apparel
COMM,CommScope Holding Company Inc. Common Stock,$5.29,-0.22,-3.993%,1141998757.00,United States,2013,2814897,Technology,Radio And Television Broadcasting And Communications Equipment
COMP,Compass Inc. Class A Common Stock,$5.80,-0.05,-0.855%,2959781708.00,United States,2021,1583578,Technology,EDP Services
CON,Concentra Group Holdings Parent Inc. Common Stock,$20.38,-0.01,-0.049%,2595260591.00,United States,2024,227681,Health Care,Medical Specialities
COO,The Cooper Companies Inc. Common Stock,$91.695,-0.645,-0.699%,18300728891.00,United States,,320151,Health Care,Ophthalmic Goods
COOK,Traeger Inc. Common Stock,$2.31,-0.09,-3.75%,301690290.00,United States,2021,119987,Consumer Discretionary,Consumer Electronics/Appliances
COOP,Mr. Cooper Group Inc. Common Stock,$94.99,0.68,0.721%,6077813183.00,United States,,104050,Finance,Finance: Consumer Services
COOT,Australian Oilseeds Holdings Limited Ordinary Shares,$1.20,0.0001,0.008%,27868922.00,Australia,,12361,Consumer Staples,Packaged Foods
COOTW,Australian Oilseeds Holdings Limited Warrant,$0.0241,-0.0056,-18.855%,559701.00,Australia,,23990,Consumer Staples,Packaged Foods
COP,ConocoPhillips Common Stock,$97.54,0.62,0.64%,112260003104.00,United States,,1973691,Energy,Integrated oil Companies
COR,Cencora Inc. Common Stock,$225.37,-1.56,-0.687%,43559545152.00,United States,,252568,Health Care,Other Pharmaceuticals
CORT,Corcept Therapeutics Incorporated Common Stock,$50.63,-1.84,-3.507%,5304765186.00,United States,2004,250594,Health Care,Biotechnology: Pharmaceutical Preparations
CORZ,Core Scientific Inc. Common Stock,$13.83,-0.22,-1.566%,3862069322.00,United States,,4103109,Finance,Finance: Consumer Services
CORZW,Core Scientific Inc. Tranche 1 Warrants,$8.0301,-0.1799,-2.191%,2242429708.00,United States,,82086,Finance,Finance: Consumer Services
CORZZ,Core Scientific Inc. Tranche 2 Warrants,$13.77,-0.25,-1.783%,3845314140.00,United States,,57596,Finance,Finance: Consumer Services
COSM,Cosmos Health Inc. Common Stock,$0.666,-0.013,-1.915%,15548469.00,United States,,59929,Health Care,Other Pharmaceuticals
COST,Costco Wholesale Corporation Common Stock,$927.59,-12.11,-1.289%,411756152823.00,United States,,914209,Consumer Discretionary,Department/Specialty Retail Stores
COTY,Coty Inc. Class A Common Stock,$6.97,-0.02,-0.286%,6063191569.00,United States,2013,1281331,Consumer Discretionary,Package Goods/Cosmetics
COUR,Coursera Inc. Common Stock,$8.29,-0.10,-1.192%,1313134458.00,United States,2021,827685,Technology,Computer Software: Prepackaged Software
COYA,Coya Therapeutics Inc. Common Stock,$5.98,0.06,1.014%,99910497.00,United States,2022,13355,Health Care,Biotechnology: Pharmaceutical Preparations
CP,Canadian Pacific Kansas City Limited Common Shares,$72.185,-0.375,-0.517%,67357637870.00,Canada,,669651,Industrials,Railroads
CPA,Copa Holdings S.A. Class A Common Stock,$87.20,-0.44,-0.502%,3665871781.00,Panama,2005,108281,Consumer Discretionary,Air Freight/Delivery Services
CPAC,Cementos Pacasmayo S.A.A. American Depositary Shares (Each representing five Common Shares),$5.27,-0.08,-1.495%,451224615.00,Peru,,19812,Industrials,Building Materials
CPAY,Corpay Inc. Common Stock,$339.06,-2.17,-0.636%,23636205557.00,United States,,67629,Consumer Discretionary,Business Services
CPB,The Campbell's Company Common Stock,$41.39,-0.42,-1.005%,12338741609.00,United States,,669540,Consumer Staples,Packaged Foods
CPBI,Central Plains Bancshares Inc. Common Stock,$14.58,0.15,1.04%,60227283.00,United States,2023,1748,Finance,Savings Institutions
CPF,Central Pacific Financial Corp New,$28.955,0.175,0.608%,783652626.00,United States,,24453,Finance,Major Banks
CPHC,Canterbury Park Holding Corporation 'New' Common Stock,$22.50,0.60,2.74%,112941203.00,United States,,2375,Consumer Discretionary,Services-Misc. Amusement & Recreation
CPHI,China Pharma Holdings Inc. Common Stock,$0.19,-0.0199,-9.481%,3658139.00,China,,498814,Health Care,Biotechnology: Pharmaceutical Preparations
CPIX,Cumberland Pharmaceuticals Inc. Common Stock,$2.375,0.055,2.371%,33350472.00,United States,2009,54906,Health Care,Biotechnology: Pharmaceutical Preparations
CPK,Chesapeake Utilities Corporation Common Stock,$120.675,-0.155,-0.128%,2749075333.00,United States,,13447,Utilities,Oil & Gas Production
CPNG,Coupang Inc. Class A Common Stock,$22.26,-0.26,-1.155%,40042612336.00,United States,2021,1505569,Consumer Discretionary,Catalog/Specialty Distribution
CPOP,Pop Culture Group Co. Ltd Class A Ordinary Shares,$1.1331,-0.0069,-0.605%,16927427.00,China,2021,26975,Consumer Discretionary,Services-Misc. Amusement & Recreation
CPRI,Capri Holdings Limited Ordinary Shares,$20.5871,-0.3729,-1.779%,2427104564.00,Hong Kong,2011,925953,Consumer Discretionary,Apparel
CPRT,Copart Inc. (DE) Common Stock,$58.05,-0.41,-0.701%,55932823736.00,United States,1994,1413006,Consumer Discretionary,Retail-Auto Dealers and Gas Stations
CPRX,Catalyst Pharmaceuticals Inc. Common Stock,$21.12,-0.35,-1.63%,2519054968.00,United States,2006,171846,Health Care,Biotechnology: Pharmaceutical Preparations
CPS,Cooper-Standard Holdings Inc. Common Stock,$13.835,-0.025,-0.18%,239712556.00,United States,,78707,Consumer Discretionary,Auto Parts:O.E.M.
CPSH,CPS Technologies Corp. Common Stock,$1.61,-0.01,-0.617%,23386796.00,United States,,30350,Consumer Discretionary,Building Materials
CPSS,Consumer Portfolio Services Inc. Common Stock,$10.76,0.23,2.184%,230319930.00,United States,1992,9108,Finance,Finance: Consumer Services
CPT,Camden Property Trust Common Stock,$114.40,-0.83,-0.72%,12204343122.00,United States,1993,92818,Real Estate,Real Estate Investment Trusts
CPTN,Cepton Inc. Common Stock,$3.27,0.03,0.926%,52489978.00,United States,2021,24030,Consumer Discretionary,Auto Parts:O.E.M.
CPTNW,Cepton Inc. Warrant,$0.007,-0.0003,-4.11%,112364.00,United States,2021,180927,Consumer Discretionary,Auto Parts:O.E.M.
CPZ,Calamos Long/Short Equity & Dynamic Income Trust Common Stock,$14.77,0.0459,0.312%,289967505.00,United States,2019,104627,Finance,Trusts Except Educational Religious and Charitable
CQP,Cheniere Energy Partners LP Common Units,$53.60,0.11,0.206%,25944898993.00,United States,2007,76144,Utilities,Oil/Gas Transmission
CR,Crane Company Common Stock,$152.73,-1.21,-0.786%,8741054204.00,United States,2023,38411,Industrials,Metal Fabrications
CRAI,CRA International Inc. Common Stock,$187.70,0.86,0.46%,1272551567.00,United States,1998,10763,Consumer Discretionary,Other Consumer Services
CRBD,Corebridge Financial Inc. 6.375% Junior Subordinated Notes due 2064,$25.38,0.001,0.004%,0.00,United States,2024,116762,Finance,Life Insurance
CRBG,Corebridge Financial Inc. Common Stock,$29.96,-0.06,-0.20%,17043348705.00,United States,2022,456715,Finance,Life Insurance
CRBP,Corbus Pharmaceuticals Holdings Inc. Common Stock,$11.98,-0.77,-6.039%,145910194.00,United States,,149093,Health Care,Biotechnology: Pharmaceutical Preparations
CRBU,Caribou Biosciences Inc. Common Stock,$1.585,-0.085,-5.09%,143526009.00,United States,2021,1036287,Health Care,Biotechnology: Biological Products (No Diagnostic Substances)
CRC,California Resources Corporation Common Stock,$50.77,0.54,1.075%,4655881127.00,United States,2020,171346,Energy,Oil & Gas Production
CRCT,Cricut Inc. Class A Common Stock,$5.705,-0.045,-0.783%,1223422280.00,United States,2021,92006,Technology,Industrial Machinery/Components
CRD/A,Crawford & Company,$11.6451,0.1851,1.615%,,United States,,15363,,
CRD/B,Crawford & Company,$11.91,0.66,5.867%,,United States,,7766,,
CRDF,Cardiff Oncology Inc. Common Stock,$4.3493,0.0293,0.678%,222396006.00,United States,,550171,Health Care,Biotechnology: Biological Products (No Diagnostic Substances)
CRDL,Cardiol Therapeutics Inc. Class A Common Shares,$1.245,-0.065,-4.962%,101596260.00,Canada,,279006,Health Care,Biotechnology: Biological Products (No Diagnostic Substances)
CRDO,Credo Technology Group Holding Ltd Ordinary Shares,$70.7217,1.4317,2.066%,11827431337.00,United States,2022,1275439,Technology,Semiconductors
CREG,Smart Powerr Corp. Common Stock,$0.76,-0.1389,-15.452%,6662051.00,China,,217745,Consumer Discretionary,Business Services
CRESW,Cresud S.A.C.I.F. y A. Warrant,$1.0744,0.0144,1.358%,640724156.00,Argentina,,5698,Finance,Real Estate
CRESY,Cresud S.A.C.I.F. y A. American Depositary Shares,$12.532,-0.428,-3.302%,747352487.00,Argentina,1997,120405,Finance,Real Estate
CREV,Carbon Revolution Public Limited Ordinary Shares,$8.7635,0.5235,6.353%,16433175.00,Ireland,,105268,Consumer Discretionary,Auto Parts:O.E.M.
CREVW,Carbon Revolution Public Limited Company Warrant,$0.0651,0.0051,8.50%,122074.00,Ireland,,97352,Consumer Discretionary,Auto Parts:O.E.M.
CREX,Creative Realities Inc. Common Stock,$2.62,-0.07,-2.602%,27370247.00,United States,,30338,Technology,EDP Services
CRF,Cornerstone Total Return Fund Inc. (The) Common Stock,$8.63,-0.04,-0.461%,0.00,United States,2003,278553,Finance,Finance/Investors Services
CRGO,Freightos Limited Ordinary shares,$2.8699,0.0199,0.698%,137452965.00,Israel,,27118,Consumer Discretionary,Oil Refining/Marketing
CRGOW,Freightos Limited Warrants,$0.1662,0.0162,10.80%,7960097.00,Israel,,100,Consumer Discretionary,Oil Refining/Marketing
CRGX,CARGO Therapeutics Inc. Common Stock,$13.86,-0.28,-1.98%,637944296.00,United States,2023,56013,,
CRGY,Crescent Energy Company Class A Common Stock,$14.525,0.755,5.483%,3315968157.00,United States,2021,1235808,Energy,Oil & Gas Production
CRH,CRH PLC Ordinary Shares,$92.8365,-0.7435,-0.795%,62979408751.00,Ireland,,749960,Industrials,Building Materials
CRI,Carter's Inc. Common Stock,$53.7377,-0.6923,-1.272%,1936642975.00,United States,2003,318666,Consumer Discretionary,Apparel
CRIS,Curis Inc. Common Stock,$3.1701,-0.0799,-2.458%,26841100.00,United States,,37882,Health Care,Biotechnology: Biological Products (No Diagnostic Substances)
CRK,Comstock Resources Inc. Common Stock,$18.995,1.905,11.147%,5551490952.00,United States,,2422883,Energy,Oil & Gas Production
CRKN,Crown Electrokinetics Corp. Common Stock,$0.1366,-0.0064,-4.476%,1270603.00,United States,,47418922,Technology,Industrial Machinery/Components
CRL,Charles River Laboratories International Inc. Common Stock,$184.0678,-2.0922,-1.124%,9412523785.00,United States,2000,184107,Health Care,Biotechnology: Commercial Physical & Biological Resarch
CRM,Salesforce Inc. Common Stock,$337.9399,-0.5101,-0.151%,323408484300.00,United States,2004,1361936,Technology,Computer Software: Prepackaged Software
CRMD,CorMedix Inc. Common Stock,$8.125,-0.085,-1.035%,493002283.00,United States,,391544,Health Care,Biotechnology: Pharmaceutical Preparations
CRML,Critical Metals Corp. Ordinary Shares,$6.96,0.39,5.936%,631356703.00,British Virgin Islands,,10530,Basic Materials,Metal Mining
CRMLW,Critical Metals Corp. Warrants,$0.2349,-0.0225,-8.741%,21308289.00,British Virgin Islands,,753,Basic Materials,Metal Mining
CRMT,America's Car-Mart Inc Common Stock,$51.03,-1.28,-2.447%,421130790.00,United States,,18135,Consumer Discretionary,Retail-Auto Dealers and Gas Stations
CRNC,Cerence Inc. Common Stock,$8.105,-0.385,-4.535%,347119230.00,United States,,689541,Technology,Computer Software: Prepackaged Software
CRNT,Ceragon Networks Ltd. Ordinary Shares,$4.6793,-0.0307,-0.652%,399697949.00,Israel,,1066432,Technology,Radio And Television Broadcasting And Communications Equipment
CRNX,Crinetics Pharmaceuticals Inc. Common Stock,$50.92,-0.93,-1.794%,4722199967.00,United States,2018,117270,Health Care,Biotechnology: Pharmaceutical Preparations
CRON,Cronos Group Inc. Common Share,$1.955,-0.025,-1.263%,747358817.00,Canada,,1071786,Health Care, Medicinal Chemicals and Botanical Products 
CROX,Crocs Inc. Common Stock,$109.70,-1.02,-0.921%,6393552513.00,United States,2006,480158,Consumer Discretionary,Shoe Manufacturing
CRS,Carpenter Technology Corporation Common Stock,$168.585,-2.075,-1.216%,8403095386.00,United States,,187086,Industrials,Steel/Iron Ore
CRSP,CRISPR Therapeutics AG Common Shares,$38.90,-1.12,-2.799%,3320250333.00,Switzerland,2016,1229429,Health Care,Biotechnology: Biological Products (No Diagnostic Substances)
CRSR,Corsair Gaming Inc. Common Stock,$6.63,0.085,1.299%,694163440.00,United States,2020,249961,Technology,Computer peripheral equipment
CRT,Cross Timbers Royalty Trust Common Stock,$9.75,0.14,1.457%,58500000.00,United States,1992,24199,Energy,Oil & Gas Production
CRTO,Criteo S.A. American Depositary Shares,$39.57,-0.95,-2.345%,2183558309.00,France,2013,248436,Consumer Discretionary,Advertising
CRUS,Cirrus Logic Inc. Common Stock,$100.10,-1.77,-1.738%,5319305291.00,United States,1989,138622,Technology,Semiconductors
CRVL,CorVel Corp. Common Stock,$113.01,-0.73,-0.642%,5806291518.00,United States,,27282,Finance,Specialty Insurers
CRVO,CervoMed Inc. Common Stock,$2.45,0.05,2.083%,20221665.00,United States,,225117,Health Care,Biotechnology: Pharmaceutical Preparations
CRVS,Corvus Pharmaceuticals Inc. Common Stock,$5.09,-0.12,-2.303%,327069408.00,United States,2016,384884,Health Care,Biotechnology: Pharmaceutical Preparations
CRWD,CrowdStrike Holdings Inc. Class A Common Stock,$351.805,-3.185,-0.897%,86653586299.00,United States,2019,1014725,Technology,Computer Software: Prepackaged Software
CRWS,Crown Crafts Inc Common Stock,$4.475,-0.035,-0.776%,46511991.00,United States,,13067,Consumer Discretionary,Textiles
CSAN,Cosan S.A. ADS,$5.315,-0.065,-1.208%,2478322564.00,Brazil,2021,592081,Consumer Discretionary,Retail-Auto Dealers and Gas Stations
CSBR,Champions Oncology Inc. Common Stock,$9.12,0.77,9.222%,126031432.00,United States,,94871,Health Care,Biotechnology: Biological Products (No Diagnostic Substances)
CSCI,COSCIENS Biopharma Inc. Common Stock,$2.6264,-0.0486,-1.817%,4709159.00,Canada,,3242,Health Care,Biotechnology: Pharmaceutical Preparations
CSCO,Cisco Systems Inc. Common Stock (DE),$59.27,-0.34,-0.57%,236058082070.00,United States,1990,4230926,Telecommunications,Computer Communications Equipment
CSGP,CoStar Group Inc. Common Stock,$72.14,-0.08,-0.111%,29574479556.00,United States,1998,592528,Consumer Discretionary,Business Services
CSGS,CSG Systems International Inc. Common Stock,$51.09,-0.14,-0.273%,1486344050.00,United States,1996,34264,Technology,EDP Services
CSIQ,Canadian Solar Inc. Common Shares (ON),$11.03,-0.35,-3.076%,729730913.00,Canada,2006,691304,Technology,Semiconductors
CSL,Carlisle Companies Incorporated Common Stock,$370.56,-1.43,-0.384%,16796546913.00,United States,,90338,Industrials,Specialty Chemicals
CSLM,CSLM Acquisition Corp. Class A Ordinary Share,$11.50,0.04,0.349%,0.00,United States,2022,3795,Finance,Blank Checks
CSLMR,CSLM Acquisition Corp. Right,$0.167,-0.033,-16.50%,0.00,United States,2022,10700,Finance,Blank Checks
CSLMW,CSLM Acquisition Corp. Warrant,$0.08,0.00,0.00%,0.00,United States,2022,3000,Finance,Blank Checks
CSLR,Complete Solaria Inc. Common Stock,$1.72,-0.09,-4.972%,126879701.00,United States,,207779,Technology,Semiconductors
CSLRW,Complete Solaria Inc. Warrants,$0.0802,-0.0198,-19.80%,5916135.00,United States,,46469,Technology,Semiconductors
CSPI,CSP Inc. Common Stock,$16.56,1.00,6.427%,163656071.00,United States,1982,31074,Technology,EDP Services
CSQ,Calamos Strategic Total Return Common Stock,$17.81,-0.0975,-0.544%,2829788548.00,United States,2004,66217,Finance,Finance Companies
CSR,D/B/A Centerspace Common Stock,$64.87,-1.01,-1.533%,1075024018.00,United States,,31532,Real Estate,Real Estate Investment Trusts
CSTE,Caesarstone Ltd. Ordinary Shares,$4.40,-0.02,-0.452%,151942789.00,Israel,2012,24213,Industrials,Building Materials
CSTL,Castle Biosciences Inc. Common Stock,$26.69,-0.14,-0.522%,747514864.00,United States,2019,88250,Health Care,Medical Specialities
CSTM,Constellium SE Ordinary Shares (France),$10.0943,-0.0957,-0.939%,1482043955.00,Netherlands,2013,478003,Industrials,Metal Fabrications
CSV,Carriage Services Inc. Common Stock,$39.795,-0.095,-0.238%,605803424.00,United States,,14587,Consumer Discretionary,Other Consumer Services
CSWC,Capital Southwest Corporation Common Stock,$21.95,0.37,1.715%,1046722736.00,United States,,301031,Consumer Discretionary,Textiles
CSWCZ,Capital Southwest Corporation 7.75% Notes due 2028,$25.8062,0.0862,0.335%,1209559742.00,United States,,749,Finance,Finance Companies
CSWI,CSW Industrials Inc. Common Stock,$355.70,-1.73,-0.484%,5981490327.00,United States,,16233,Industrials,Home Furnishings
CSX,CSX Corporation Common Stock,$32.185,-0.275,-0.847%,62066170439.00,United States,,2647087,Industrials,Railroads
CTA^A,EIDP Inc. Preferred Stock $3.50 Series,$54.80,-1.05,-1.88%,,United States,,3167,,
CTA^B,EIDP Inc. Preferred Stock $4.50 Series,$69.98,-0.27,-0.384%,,United States,,1579,,
CTAS,Cintas Corporation Common Stock,$183.59,0.22,0.12%,74041596032.00,United States,1983,549950,Consumer Discretionary,Apparel
CTBB,Qwest Corporation 6.5% Notes due 2056,$17.40,-0.11,-0.628%,17.00,United States,2016,31744,Telecommunications,Telecommunications Equipment
CTBI,Community Trust Bancorp Inc. Common Stock,$53.365,-0.205,-0.383%,963661061.00,United States,,37660,Finance,Major Banks
CTCX,Carmell Corporation Common Stock,$0.299,-0.0066,-2.16%,6250717.00,United States,2021,516358,Health Care,Medical/Dental Instruments
CTCXW,Carmell Corporation Warrant,$0.04,0.00,0.00%,836216.00,United States,2021,14,Health Care,Medical/Dental Instruments
CTDD,Qwest Corporation 6.75% Notes due 2057,$17.50,-0.02,-0.114%,18.00,United States,2017,27902,Telecommunications,Telecommunications Equipment
CTGO,Contango ORE Inc. Common Stock,$10.01,-0.21,-2.055%,122407075.00,United States,2021,99456,Basic Materials,Precious Metals
CTHR,Charles & Colvard Ltd Common Stock,$1.38,-0.08,-5.479%,4187604.00,United States,1997,5255,Consumer Discretionary,Consumer Specialties
CTKB,Cytek Biosciences Inc. Common Stock,$6.65,0.26,4.069%,856590583.00,United States,2021,265067,Industrials,Biotechnology: Laboratory Analytical Instruments
CTLP,Cantaloupe Inc. Common Stock,$9.58,-0.03,-0.312%,699207528.00,United States,,89997,Miscellaneous,Office Equipment/Supplies/Services
CTM,Castellum Inc. Common Stock,$2.5099,1.0899,76.754%,140830308.00,,2022,51858401,Consumer Discretionary,Professional Services
CTMX,CytomX Therapeutics Inc. Common Stock,$1.0221,-0.0479,-4.477%,79988400.00,United States,2015,684483,Health Care,Biotechnology: Pharmaceutical Preparations
CTNM,Contineum Therapeutics Inc. Class A Common Stock,$14.415,0.015,0.104%,371586886.00,United States,2024,34622,Health Care,Biotechnology: Pharmaceutical Preparations
CTNT,Cheetah Net Supply Chain Service Inc. Class A Common Stock,$3.23,-0.08,-2.417%,6331504.00,United States,2023,50254,Consumer Discretionary,Motor Vehicles
CTO,CTO Realty Growth Inc. Common Stock,$19.4666,0.0666,0.343%,583533780.00,United States,1992,114594,Real Estate,Real Estate Investment Trusts
CTO^A,CTO Realty Growth Inc. 6.375% Series A Cumulative Redeemable Preferred Stock,$22.21,0.2099,0.954%,,United States,,7632,,
CTOR,Citius Oncology Inc. Common Stock,$1.07,0.03,2.885%,2520116.00,United States,2022,182484,Health Care,Biotechnology: Pharmaceutical Preparations
CTOS,Custom Truck One Source Inc. Common Stock,$4.83,0.11,2.331%,1127478816.00,Cayman Islands,2017,194774,Consumer Discretionary,Diversified Commercial Services
CTRA,Coterra Energy Inc. Common Stock,$25.6928,1.0528,4.273%,18925651000.00,United States,,2897202,Energy,Oil & Gas Production
CTRE,CareTrust REIT Inc. Common Stock,$26.78,-0.28,-1.035%,4591436195.00,United States,2022,380307,Real Estate,Real Estate Investment Trusts
CTRI,Centuri Holdings Inc. Common Stock,$19.36,-0.40,-2.024%,1713699207.00,,2024,60552,Utilities,Oil & Gas Production
CTRM,Castor Maritime Inc. Common Shares,$2.75,-0.13,-4.514%,26571564.00,Cyprus,,53791,Consumer Discretionary,Marine Transportation
CTRN,Citi Trends Inc. Common Stock,$26.525,-0.325,-1.21%,231033387.00,United States,2005,16738,Consumer Discretionary,Clothing/Shoe/Accessory Stores
CTS,CTS Corporation Common Stock,$52.97,-0.15,-0.282%,1595220419.00,United States,,26455,Technology,Electrical Products
CTSH,Cognizant Technology Solutions Corporation Class A Common Stock,$76.79,-2.41,-3.043%,38074344925.00,United States,1998,1101622,Technology,EDP Services
CTSO,Cytosorbents Corporation Common Stock,$0.8953,-0.0446,-4.745%,48954618.00,United States,,34904,Health Care,Medical/Dental Instruments
CTV,Innovid Corp. Common Stock,$3.095,0.005,0.162%,459525260.00,,2021,392340,Technology,Computer Software: Prepackaged Software
CTVA,Corteva Inc. Common Stock ,$56.70,-0.54,-0.943%,38969513100.00,United States,2019,548250,Consumer Staples,Farming/Seeds/Milling
CTXR,Citius Pharmaceuticals Inc. Common Stock,$3.97,0.29,7.88%,30676920.00,United States,,305078,Health Care,Biotechnology: Pharmaceutical Preparations
CUB,Lionheart Holdings Class A Ordinary Shares,$10.10,0.00,0.00%,320862618.00,United States,2024,12,Industrials,Industrial Machinery/Components
CUBA,Herzfeld Caribbean Basin Fund Inc. (The) Common Stock,$2.5483,0.0283,1.123%,0.00,United States,,85194,Finance,Investment Managers
CUBB,Customers Bancorp Inc 5.375% Subordinated Notes Due 2034,$19.62,-0.321,-1.61%,615072442.00,United States,2019,2404,Finance,Major Banks
CUBE,CubeSmart Common Shares,$42.17,-0.41,-0.963%,9536884239.00,United States,,349980,Real Estate,Real Estate Investment Trusts
CUBI,Customers Bancorp Inc Common Stock,$48.97,0.66,1.366%,1535173164.00,United States,,57203,Finance,Major Banks
CUBI^E,Customers Bancorp Inc Fixed-to-Floating Rate Non-Cumulative Perpetual Preferred Stock Series E,$25.80,-0.0299,-0.116%,,United States,,1036,,
CUBI^F,Customers Bancorp Inc Fixed-to-Floating Rate Non-Cumulative Perpetual Preferred Stock Series F,$25.4501,0.00,0.00%,,United States,,106,,
CUBWU,Lionheart Holdings Unit,$10.02,0.00,0.00%,0.00,United States,2024,1,Finance,Blank Checks
CUBWW,Lionheart Holdings Warrant,$0.1148,0.00,0.00%,0.00,United States,2024,19,,
CUE,Cue Biopharma Inc. Common Stock,$1.03,-0.01,-0.962%,65250837.00,United States,2018,188302,Health Care,Biotechnology: Pharmaceutical Preparations
CUK,Carnival Plc ADS ADS,$22.89,0.24,1.06%,30714881515.00,United States,,668609,Consumer Discretionary,Marine Transportation
CULP,Culp Inc. Common Stock,$5.73,-0.13,-2.218%,71963809.00,United States,,12701,Consumer Discretionary,Textiles
CURB,Curbline Properties Corp. Common Stock,$23.24,-0.25,-1.064%,2441166645.00,United States,2024,95798,Finance,Real Estate
CURI,CuriosityStream Inc. Class A Common Stock,$1.535,-0.045,-2.848%,85160557.00,United States,2020,36884,Consumer Discretionary,Movies/Entertainment
CURIW,CuriosityStream Inc. Warrant,$0.02,-0.0049,-19.679%,1109584.00,United States,2020,79942,Consumer Discretionary,Movies/Entertainment
CURR,Currenc Group Inc. Ordinary Shares,$1.60,0.04,2.564%,74444798.00,Singapore,,128036,Consumer Discretionary,Business Services
CURV,Torrid Holdings Inc. Common Stock,$5.22,-0.06,-1.136%,546829306.00,,2021,179527,Consumer Discretionary,Clothing/Shoe/Accessory Stores
CUTR,Cutera Inc. Common Stock,$0.3332,0.0052,1.585%,6725951.00,United States,2004,210131,Health Care,Biotechnology: Electromedical & Electrotherapeutic Apparatus
CUZ,Cousins Properties Incorporated Common Stock,$30.01,-0.32,-1.055%,4565727042.00,United States,,237822,Real Estate,Real Estate Investment Trusts
CVAC,CureVac N.V. Ordinary Shares,$3.1335,-0.0365,-1.151%,701868513.00,Germany,2020,310279,Health Care,Biotechnology: Pharmaceutical Preparations
CVBF,CVB Financial Corporation Common Stock,$21.74,-0.21,-0.957%,3036591328.00,United States,,281091,Finance,Major Banks
CVCO,Cavco Industries Inc. Common Stock When Issued,$450.32,7.03,1.586%,3650596535.00,United States,,17969,Consumer Discretionary,Homebuilding
CVE,Cenovus Energy Inc Common Stock,$14.90,0.26,1.776%,27223730400.00,Canada,,3141715,Energy,Oil & Gas Production
CVEO,Civeo Corporation (Canada) Common Shares,$22.65,0.45,2.027%,311953965.00,,2014,32518,Consumer Discretionary,Hotels/Resorts
CVGI,Commercial Vehicle Group Inc. Common Stock,$2.435,0.095,4.06%,84004040.00,United States,2004,244799,Consumer Discretionary,Auto Parts:O.E.M.
CVGW,Calavo Growers Inc. Common Stock,$25.48,-0.02,-0.078%,453584106.00,United States,,52119,Consumer Discretionary,Specialty Foods
CVI,CVR Energy Inc. Common Stock,$18.78,0.31,1.678%,1887964649.00,United States,2007,614028,Energy,Integrated oil Companies
CVKD,Cadrenal Therapeutics Inc. Common Stock,$14.7161,-1.4339,-8.879%,24410640.00,United States,2023,41767,Health Care,Biotechnology: Pharmaceutical Preparations
CVLG,Covenant Logistics Group Inc. Class A Common Stock,$54.70,0.07,0.128%,720927785.00,United States,,15900,Industrials,Trucking Freight/Courier Services
CVLT,Commvault Systems Inc. Common Stock,$153.10,-0.64,-0.416%,6694444476.00,United States,2006,66736,Technology,Computer Software: Prepackaged Software
CVM,Cel-Sci Corporation Common Stock,$0.4049,-0.1952,-32.528%,24898608.00,United States,1997,7443110,Health Care,Biotechnology: Biological Products (No Diagnostic Substances)
CVNA,Carvana Co. Class A Common Stock,$210.59,-4.50,-2.092%,43724753685.00,United States,2017,1665024,Consumer Discretionary,Retail-Auto Dealers and Gas Stations
CVR,Chicago Rivet & Machine Co. Common Stock,$16.25,0.6435,4.123%,15699645.00,United States,1930,992,Industrials,Industrial Machinery/Components
CVRX,CVRx Inc. Common Stock,$12.86,-0.31,-2.354%,312030706.00,United States,2021,42475,Health Care,Medical/Dental Instruments
CVS,CVS Health Corporation Common Stock,$44.07,-0.42,-0.944%,55458024915.00,United States,,5053979,Consumer Staples,Retail-Drug Stores and Proprietary Stores
CVU,CPI Aerostructures Inc. Common Stock,$4.055,0.125,3.181%,52717717.00,United States,2022,33536,Industrials,Military/Government/Technical
CVV,CVD Equipment Corporation Common Stock,$4.00,-0.06,-1.478%,27527352.00,United States,,25481,Technology,Industrial Machinery/Components
CVX,Chevron Corporation Common Stock,$143.52,-0.48,-0.333%,257918546964.00,United States,,2985225,Energy,Integrated oil Companies
CW,Curtiss-Wright Corporation Common Stock,$362.01,2.65,0.737%,13737621728.00,United States,,74614,Technology,Industrial Machinery/Components
CWAN,Clearwater Analytics Holdings Inc. Class A Common Stock,$27.93,-0.08,-0.286%,6899389565.00,United States,2021,995337,Technology,Computer Software: Prepackaged Software
CWBC,Community West Bancshares Common Stock,$19.41,0.01,0.052%,367734950.00,United States,,10241,Finance,Major Banks
CWCO,Consolidated Water Co. Ltd. Ordinary Shares,$25.74,0.18,0.704%,407590249.00,Cayman Islands,,21197,Utilities,Water Supply
CWD,CaliberCos Inc. Class A Common Stock,$0.63,0.08,14.545%,14157845.00,United States,2023,168316,Finance,Real Estate
CWEN,Clearway Energy Inc. Class C Common Stock,$26.04,-0.10,-0.383%,3072720000.00,United States,2015,198063,Utilities,Electric Utilities: Central
CWH,Camping World Holdings Inc. Class A Common Stock,$20.68,-0.07,-0.337%,1866538025.00,United States,2016,318502,Consumer Discretionary,Retail-Auto Dealers and Gas Stations
CWK,Cushman & Wakefield plc Ordinary Shares,$13.155,0.085,0.65%,3018900485.00,,2018,225204,Finance,Real Estate
CWST,Casella Waste Systems Inc. Class A Common Stock,$105.87,-0.29,-0.273%,6703016337.00,United States,1997,81508,Utilities,Environmental Services
CWT,California Water Service Group Common Stock,$45.605,-0.025,-0.055%,2712279345.00,United States,,44866,Utilities,Water Supply
CX,Cemex S.A.B. de C.V. Sponsored ADR,$5.56,-0.12,-2.113%,8056923853.00,Mexico,,5073922,Industrials,Building Materials
CXAI,CXApp Inc. Class A Common Stock,$2.02,-0.05,-2.415%,33249455.00,United States,2021,1354047,Technology,EDP Services
CXAIW,CXApp Inc. Warrant,$0.22,-0.008,-3.509%,3621228.00,United States,2021,56885,Technology,EDP Services
CXDO,Crexendo Inc. Common Stock,$5.355,0.015,0.281%,145129325.00,United States,,91484,Telecommunications,Telecommunications Equipment
CXE,MFS High Income Municipal Trust Common Stock,$3.67,0.02,0.548%,115699587.00,United States,1989,62963,Finance,Investment Managers
CXH,MFS Investment Grade Municipal Trust Common Stock,$7.9556,0.0256,0.323%,72477465.00,United States,1989,27104,Finance,Investment Managers
CXM,Sprinklr Inc. Class A Common Stock,$8.53,0.00,0.00%,2169885361.00,United States,2021,414620,Technology,Computer Software: Prepackaged Software
CXT,Crane NXT Co. Common Stock,$57.839,-0.171,-0.295%,3307130604.00,United States,,59538,Industrials,Metal Fabrications
CXW,CoreCivic Inc. Common Stock,$21.70,0.37,1.735%,2392870110.00,United States,,366460,Real Estate,Real Estate Investment Trusts
CYBN,Cybin Inc. Common Shares,$9.12,-0.03,-0.328%,182326219.00,Canada,,276798,Health Care,Biotechnology: Pharmaceutical Preparations
CYBR,CyberArk Software Ltd. Ordinary Shares,$319.06,-1.76,-0.549%,13481987504.00,Israel,2014,88838,Technology,Computer Software: Prepackaged Software
CYCC,Cyclacel Pharmaceuticals Inc. Common Stock,$0.3645,0.01,2.821%,2291686.00,United States,,827076,Health Care,Biotechnology: Pharmaceutical Preparations
CYCN,Cyclerion Therapeutics Inc. Common Stock,$3.48,0.18,5.455%,9431134.00,United States,,22559,Health Care,Biotechnology: Pharmaceutical Preparations
CYD,China Yuchai International Limited Common Stock,$10.5144,-0.5556,-5.019%,429600404.00,Singapore,1994,71569,Industrials,Industrial Machinery/Components
CYH,Community Health Systems Inc. Common Stock,$3.055,0.025,0.825%,424486317.00,United States,2000,1361296,Health Care,Hospital/Nursing Management
CYN,Cyngn Inc. Common Stock,$1.37,0.7421,118.188%,2776523.00,United States,2021,68436842,Technology,EDP Services
CYRX,CryoPort Inc. Common Stock,$7.88,0.08,1.026%,389512994.00,United States,,69692,Health Care,Biotechnology: Pharmaceutical Preparations
CYTH,Cyclo Therapeutics Inc. Common Stock,$0.62,0.022,3.679%,17836194.00,United States,,30897,Health Care,Biotechnology: Biological Products (No Diagnostic Substances)
CYTHW,Cyclo Therapeutics Inc. Warrant,$0.14,0.0151,12.09%,4027528.00,United States,,7400,Health Care,Biotechnology: Biological Products (No Diagnostic Substances)
CYTK,Cytokinetics Incorporated Common Stock,$47.40,0.04,0.084%,5593874976.00,United States,2004,458963,Health Care,Biotechnology: Pharmaceutical Preparations
CZFS,Citizens Financial Services Inc. Common Stock,$64.01,0.00,0.00%,304670317.00,United States,,4052,Finance,Major Banks
CZNC,Citizens & Northern Corp Common Stock,$18.613,0.083,0.448%,286903239.00,United States,,11214,Finance,Major Banks
CZR,Caesars Entertainment Inc. Common Stock,$33.02,-0.07,-0.212%,7016101817.00,United States,,1982135,Consumer Discretionary,Hotels/Resorts
CZWI,Citizens Community Bancorp Inc. Common Stock,$16.53,0.04,0.243%,165860202.00,United States,2006,3569,Finance,Savings Institutions
D,Dominion Energy Inc. Common Stock,$53.83,-0.10,-0.185%,45217718168.00,United States,,1143693,Utilities,Electric Utilities: Central
DAC,Danaos Corporation Common Stock,$78.80,-0.11,-0.139%,1530193245.00,Greece,2006,31846,Consumer Discretionary,Marine Transportation
DADA,Dada Nexus Limited American Depositary Shares,$1.315,-0.045,-3.309%,347262361.00,China,2020,1505390,Technology,Computer Software: Programming Data Processing
DAIO,Data I/O Corporation Common Stock,$2.81,0.05,1.812%,25953213.00,United States,1981,19637,Industrials,Electrical Products
DAKT,Daktronics Inc. Common Stock,$16.93,-0.02,-0.118%,795477754.00,United States,1994,174940,Consumer Discretionary,Miscellaneous manufacturing industries
DAL,Delta Air Lines Inc. Common Stock,$61.095,-0.165,-0.269%,39423456197.00,United States,,2396091,Consumer Discretionary,Air Freight/Delivery Services
DALN,DallasNews Corporation Series A Common Stock,$7.45,0.00,0.00%,39876051.00,United States,,23614,Consumer Discretionary,Newspapers/Magazines
DAN,Dana Incorporated Common Stock ,$11.52,-0.19,-1.623%,1670159543.00,United States,,284344,Consumer Discretionary,Auto Parts:O.E.M.
DAO,Youdao Inc. American Depositary Shares each representing one Class A Ordinary Share,$6.955,0.055,0.797%,840999643.00,China,2019,50947,Real Estate,Other Consumer Services
DAR,Darling Ingredients Inc. Common Stock,$33.0309,-0.4291,-1.282%,5253506808.00,United States,1997,684179,Consumer Staples,Packaged Foods
DARE,Dare Bioscience Inc. Common Stock,$3.24,-0.03,-0.917%,28189260.00,United States,2014,16234,Health Care,Biotechnology: Pharmaceutical Preparations
DASH,DoorDash Inc. Class A Common Stock,$169.935,0.595,0.351%,70590359874.00,United States,,665807,Consumer Discretionary,Business Services
DATS,DatChat Inc. Common Stock,$1.8891,0.0491,2.668%,5684923.00,United States,2021,97118,Telecommunications,Telecommunications Equipment
DAVA,Endava plc American Depositary Shares (each representing one Class A Ordinary Share),$31.14,0.64,2.098%,1838238792.00,United Kingdom,2018,196712,Technology,EDP Services
DAVE,Dave Inc. Class A Common Stock,$96.34,-1.47,-1.503%,1229006490.00,United States,,179785,Finance,Finance: Consumer Services
DAVEW,Dave Inc. Warrants,$0.24,-0.0264,-9.91%,3061673.00,United States,,22810,Finance,Finance: Consumer Services
DAWN,Day One Biopharmaceuticals Inc. Common Stock,$12.45,-0.42,-3.263%,1255536360.00,United States,2021,263535,Health Care,Biotechnology: Pharmaceutical Preparations
DAY,Dayforce Inc. Common Stock,$72.69,-1.03,-1.397%,11463213000.00,United States,2018,267641,Technology,Computer Software: Prepackaged Software
DB,Deutsche Bank AG Common Stock,$17.22,0.04,0.233%,35128800000.00,Germany,,344105,Finance,Major Banks
DBD,Diebold Nixdorf Incorporated Common stock,$43.08,0.14,0.326%,1618803288.00,United States,2023,21322,Miscellaneous,Office Equipment/Supplies/Services
DBI,Designer Brands Inc. Class A Common Stock,$5.235,-0.165,-3.056%,250903996.00,United States,,909532,Consumer Discretionary,Clothing/Shoe/Accessory Stores
DBL,DoubleLine Opportunistic Credit Fund Common Shares of Beneficial Interest,$15.395,0.015,0.098%,0.00,United States,2012,24314,,
DBRG,DigitalBridge Group Inc.,$11.225,0.505,4.711%,1955262747.00,United States,2014,1132962,Real Estate,Real Estate Investment Trusts
DBRG^H,DigitalBridge Group Inc. 7.125% Series H ,$25.11,0.16,0.641%,,United States,,17635,,
DBRG^I,DigitalBridge Group Inc. 7.15% Series I ,$24.83,0.08,0.323%,,United States,,5174,,
DBRG^J,DigitalBridge Group Inc. 7.125% Series J ,$24.79,0.11,0.446%,,United States,,8875,,
DBVT,DBV Technologies S.A. American Depositary Shares,$3.255,0.07,2.198%,62822493.00,France,2014,23694,Health Care,Biotechnology: Biological Products (No Diagnostic Substances)
DBX,Dropbox Inc. Class A Common Stock,$30.48,-0.04,-0.131%,9440575734.00,United States,2018,951321,Technology,Computer Software: Prepackaged Software
DC,Dakota Gold Corp. Common Stock,$2.135,-0.015,-0.698%,201609019.00,United States,2022,130166,Basic Materials,Metal Mining
DCBO,Docebo Inc. Common Shares,$45.13,-0.52,-1.139%,1364321736.00,Canada,,17574,Technology,Computer Software: Prepackaged Software
DCGO,DocGo Inc. Common Stock,$4.335,-0.045,-1.027%,442388961.00,United States,2020,274585,Health Care,Medical/Nursing Services
DCI,Donaldson Company Inc. Common Stock,$67.49,-0.51,-0.75%,8059962407.00,United States,,136938,Industrials,Pollution Control Equipment
DCO,Ducommun Incorporated Common Stock,$60.95,0.10,0.164%,900798335.00,United States,,16727,Industrials,Military/Government/Technical
DCOM,Dime Community Bancshares Inc. Common Stock,$30.965,0.295,0.962%,1212291021.00,United States,,52986,Finance,Major Banks
DCOMG,Dime Community Bancshares Inc. 9.000% Fixed-to-Floating Rate Subordinated Notes due 2034,$27.00,-0.12,-0.442%,1057013199.00,United States,,3336,Finance,Major Banks
DCOMP,Dime Community Bancshares Inc. Fixed-Rate Non-Cumulative Perpetual Preferred Stock Series A,$19.04,0.16,0.847%,745422931.00,United States,,10158,Finance,Major Banks
DCTH,Delcath Systems Inc. Common Stock,$11.74,-0.22,-1.839%,375372224.00,United States,,159070,Health Care,Medical/Dental Instruments
DD,DuPont de Nemours Inc. Common Stock,$76.205,-0.425,-0.555%,31850292095.00,United States,2017,490744,Industrials,Major Chemicals
DDC,DDC Enterprise Limited Class A Ordinary Shares,$0.1557,0.0027,1.765%,3358449.00,,2023,344364,Consumer Staples,Packaged Foods
DDD,3D Systems Corporation Common Stock,$3.30,-0.12,-3.509%,447546554.00,United States,,1044979,Technology,Computer Software: Prepackaged Software
DDI,DoubleDown Interactive Co. Ltd. American Depository Shares,$10.58,0.33,3.22%,524275395.00,South Korea,2021,22588,Technology,EDP Services
DDL,Dingdong (Cayman) Limited American Depositary Shares (each two representing three Ordinary Shares),$3.59,-0.17,-4.521%,649215600.00,Cayman Islands,2021,509635,Consumer Discretionary,Catalog/Specialty Distribution
DDOG,Datadog Inc. Class A Common Stock,$144.31,-1.68,-1.151%,49025434067.00,United States,2019,832742,Technology,Computer Software: Prepackaged Software
DDS,Dillard's Inc. Common Stock,$444.82,-10.46,-2.297%,7074504020.00,United States,,36617,Consumer Discretionary,Department/Specialty Retail Stores
DDT,Dillard's Capital Trust I,$25.785,0.085,0.331%,410089668.00,United States,,5290,Consumer Discretionary,Department/Specialty Retail Stores
DE,Deere & Company Common Stock,$425.84,-4.22,-0.981%,115647618087.00,United States,,335810,Industrials,Industrial Machinery/Components
DEA,Easterly Government Properties Inc. Common Stock,$11.08,-0.10,-0.894%,1170811190.00,United States,2015,356280,Real Estate,Real Estate Investment Trusts
DEC,Diversified Energy Company plc Ordinary Shares,$16.94,1.01,6.34%,868948226.00,,,165008,,
DECA,Denali Capital Acquisition Corp. Class A Ordinary Shares,$11.88,0.00,0.00%,0.00,United States,2022,2711,Finance,Blank Checks
DECAU,Denali Capital Acquisition Corp. Unit,$11.79,0.00,0.00%,0.00,United States,2022,2,Finance,Blank Checks
DECK,Deckers Outdoor Corporation Common Stock,$207.28,0.17,0.082%,31490389673.00,United States,1993,463251,Consumer Discretionary,Shoe Manufacturing
DEI,Douglas Emmett Inc. Common Stock,$18.465,-0.165,-0.886%,3091692057.00,United States,2006,326701,Real Estate,Real Estate Investment Trusts
DELL,Dell Technologies Inc. Class C Common Stock ,$115.8362,-1.4938,-1.273%,81138526307.00,United States,2018,2980839,Technology,Computer Manufacturing
DENN,Denny's Corporation Common Stock,$6.10,0.01,0.164%,313107473.00,United States,,350754,Consumer Discretionary,Restaurants
DEO,Diageo plc Common Stock,$126.90,-0.03,-0.024%,70592481223.00,United Kingdom,,609917,Consumer Staples,Beverages (Production/Distribution)
DERM,Journey Medical Corporation Common Stock,$4.05,-0.12,-2.878%,84604241.00,United States,2021,72932,Health Care,Biotechnology: Pharmaceutical Preparations
DESP,Despegar.com Corp. Ordinary Shares,$19.27,-0.10,-0.516%,1388484607.00,Argentina,2017,887673,Consumer Discretionary,Transportation Services
DEVS,DevvStream Corp. Common Stock,$0.7981,0.0281,3.649%,5959874.00,Canada,2024,633413,Finance,Finance/Investors Services
DFH,Dream Finders Homes Inc. Class A Common Stock,$22.81,-0.38,-1.639%,2132192875.00,United States,2022,210801,Consumer Discretionary,Homebuilding
DFIN,Donnelley Financial Solutions Inc. Common Stock ,$63.18,0.67,1.072%,1823263414.00,United States,2016,94840,Consumer Discretionary,Other Consumer Services
DFLI,Dragonfly Energy Holdings Corp. Common Stock (NV),$3.02,-0.09,-2.894%,21182996.00,United States,2021,66398,Miscellaneous,Industrial Machinery/Components
DFLIW,Dragonfly Energy Holdings Corp. Warrant,$0.03,0.0071,31.004%,210427.00,United States,2021,94262,Miscellaneous,Industrial Machinery/Components
DFP,Flaherty & Crumrine Dynamic Preferred and Income Fund Inc. Common Stock,$19.822,-0.048,-0.242%,0.00,,2013,66097,Finance,Investment Managers
DFS,Discover Financial Services Common Stock,$174.06,-0.54,-0.309%,43728557695.00,United States,,291817,Finance,Finance: Consumer Services
DG,Dollar General Corporation Common Stock,$75.3497,-0.5403,-0.712%,16571333257.00,United States,2009,1897379,Consumer Discretionary,Department/Specialty Retail Stores
DGHI,Digihost Technology Inc. Common Subordinate Voting Shares,$1.71,-0.12,-6.557%,56412900.00,Canada,,134800,Finance,Finance: Consumer Services
DGICA,Donegal Group Inc. Class A Common Stock,$15.389,-0.031,-0.201%,521620466.00,United States,,36041,Finance,Property-Casualty Insurers
DGICB,Donegal Group Inc. Class B Common Stock,$14.89,0.19,1.293%,504706526.00,United States,1986,671,Finance,Property-Casualty Insurers
DGII,Digi International Inc. Common Stock,$30.21,-0.19,-0.625%,1105169288.00,United States,1989,75105,Telecommunications,Computer Communications Equipment
DGLY,Digital Ally Inc. Common Stock,$0.50,-0.028,-5.303%,1927580.00,United States,,133810,Technology,Radio And Television Broadcasting And Communications Equipment
DGX,Quest Diagnostics Incorporated Common Stock,$151.38,-1.25,-0.819%,16896306100.00,United States,,173385,Health Care,Medical Specialities
DH,Definitive Healthcare Corp. Class A Common Stock,$4.15,-0.08,-1.891%,479419740.00,United States,2021,105785,Technology,Computer Software: Prepackaged Software
DHAI,DIH Holdings US Inc. Class A Common Stock,$1.46,0.04,2.817%,59195605.00,United States,2024,90252,Health Care,Medical/Dental Instruments
DHAIW,DIH Holding US Inc. Warrants,$0.0581,0.0041,7.593%,2355661.00,United States,2024,69021,Health Care,Medical/Dental Instruments
DHC,Diversified Healthcare Trust Common Shares of Beneficial Interest,$2.215,0.045,2.074%,534424951.00,United States,,659110,Real Estate,Real Estate Investment Trusts
DHCNI,Diversified Healthcare Trust 5.625% Senior Notes due 2042,$15.03,0.07,0.468%,3615836403.00,United States,,7516,Real Estate,Real Estate Investment Trusts
DHCNL,Diversified Healthcare Trust 6.25% Senior Notes Due 2046,$15.80,-0.12,-0.754%,3801078854.00,United States,,14189,Real Estate,Real Estate Investment Trusts
DHF,BNY Mellon High Yield Strategies Fund Common Stock,$2.555,-0.025,-0.969%,0.00,United States,1998,134984,Finance,Finance Companies
DHI,D.R. Horton Inc. Common Stock,$140.205,-0.075,-0.053%,45029573393.00,United States,,889324,Consumer Discretionary,Homebuilding
DHIL,Diamond Hill Investment Group Inc. Class A Common Stock,$154.00,-0.91,-0.587%,419258224.00,United States,,18288,Finance,Investment Managers
DHR,Danaher Corporation Common Stock,$230.265,-0.835,-0.361%,166314685342.00,United States,,760492,Industrials,Industrial Machinery/Components
DHT,DHT Holdings Inc.,$9.17,-0.07,-0.758%,1476365800.00,Jersey,2005,466515,Consumer Discretionary,Marine Transportation
DHX,DHI Group Inc. Common Stock,$1.775,-0.025,-1.389%,85789793.00,United States,2007,28923,Consumer Discretionary,Business Services
DHY,Credit Suisse High Yield Bond Fund Common Stock,$2.17,0.00,0.00%,0.00,United States,1998,289691,Finance,Finance/Investors Services
DIAX,Nuveen Dow 30SM Dynamic Overwrite Fund Common Shares of Beneficial Interest,$15.065,-0.125,-0.823%,0.00,,2014,70735,Finance,Finance Companies
DIBS,1stdibs.com Inc. Common Stock,$3.68,-0.01,-0.271%,134367987.00,United States,2021,35549,Consumer Discretionary,Catalog/Specialty Distribution
DIN,Dine Brands Global Inc. Common Stock,$30.625,-0.035,-0.114%,466923236.00,United States,,155987,Consumer Discretionary,Restaurants
DINO,HF Sinclair Corporation Common Stock,$34.49,0.26,0.76%,6489357755.00,United States,1960,628552,Energy,Natural Gas Distribution
DIOD,Diodes Incorporated Common Stock,$62.35,-1.70,-2.654%,2888855193.00,United States,,73684,Technology,Semiconductors
DIS,Walt Disney Company (The) Common Stock,$111.188,-0.362,-0.325%,201354719556.00,United States,,2275710,Consumer Discretionary,Services-Misc. Amusement & Recreation
DIST,Distoken Acquisition Corporation Ordinary Shares,$11.20,0.00,0.00%,0.00,China,2023,1,Finance,Blank Checks
DIT,AMCON Distributing Company Common Stock,$129.99,-4.73,-3.511%,83903605.00,United States,1999,174,Consumer Discretionary,Food Distributors
DJCO,Daily Journal Corp. (S.C.) Common Stock,$562.50,4.40,0.788%,774802125.00,United States,,22098,Consumer Discretionary,Newspapers/Magazines
DJT,Trump Media & Technology Group Corp. Common Stock,$34.662,-1.418,-3.93%,7519035217.00,United States,2024,4809933,Technology,Computer Software: Programming Data Processing
DJTWW,Trump Media & Technology Group Corp. Warrants,$23.60,-1.38,-5.524%,5119416973.00,United States,2021,91815,Technology,Computer Software: Programming Data Processing
DK,Delek US Holdings Inc. Common Stock,$17.96,0.62,3.576%,1134985163.00,United States,2017,521321,Energy,Integrated oil Companies
DKL,Delek Logistics Partners L.P. Common Units representing Limited Partner Interests,$41.065,0.085,0.207%,2113478557.00,United States,2012,37799,Energy,Natural Gas Distribution
DKNG,DraftKings Inc. Class A Common Stock,$37.61,-0.31,-0.818%,18339679264.00,United States,2019,3363193,Consumer Discretionary,Services-Misc. Amusement & Recreation
DKS,Dick's Sporting Goods Inc Common Stock,$232.68,-1.39,-0.594%,18957512022.00,United States,2002,296972,Consumer Discretionary,Other Specialty Stores
DLB,Dolby Laboratories Common Stock,$78.29,-0.19,-0.242%,7471669487.00,United States,2005,78608,Miscellaneous,Multi-Sector Companies
DLHC,DLH Holdings Corp.,$7.67,0.04,0.524%,110344210.00,United States,,15654,Consumer Discretionary,Professional Services
DLNG,Dynagas LNG Partners LP Common Units,$5.42,0.12,2.264%,199660730.00,Greece,,62088,Consumer Discretionary,Marine Transportation
DLNG^A,Dynagas LNG Partners LP 9.00% Series A Cumulative Redeemable Preferred Units,$25.5399,0.0731,0.287%,,Greece,,3721,,
DLNG^B,Dynagas LNG Partners LP 8.75% Series B Fixed to Floating Rate Cumulative Redeemable Perpetual Preferred Units liquidation preference $25.00 per Uni,$25.9078,0.0738,0.286%,,Greece,,1759,,
DLO,DLocal Limited Class A Common Shares,$11.3705,-0.1295,-1.126%,3365573227.00,Uruguay,2021,316102,Consumer Discretionary,Business Services
DLPN,Dolphin Entertainment Inc. Common Stock,$1.08,-0.06,-5.263%,12054988.00,United States,,37009,Consumer Discretionary,Other Consumer Services
DLR,Digital Realty Trust Inc. Common Stock,$176.31,-1.83,-1.027%,58484249564.00,United States,2004,398359,Real Estate,Real Estate Investment Trusts
DLR^J,Digital Realty Trust Inc. 5.250% Series J Cumulative Redeemable Preferred Stock,$22.22,0.32,1.461%,,United States,,34181,,
DLR^K,Digital Realty Trust Inc. 5.850% Series K Cumulative Redeemable Preferred Stock par value $0.01 per share,$23.48,-0.02,-0.085%,,United States,,16452,,
DLR^L,Digital Realty Trust Inc. 5.200% Series L Cumulative Redeemable Preferred Stock,$21.22,0.10,0.473%,,United States,,33590,,
DLTH,Duluth Holdings Inc. Class B Common Stock,$2.90,-0.13,-4.29%,102013747.00,United States,2015,51150,Consumer Discretionary,Clothing/Shoe/Accessory Stores
DLTR,Dollar Tree Inc. Common Stock,$75.09,-0.90,-1.184%,16147251327.00,United States,1995,1390613,Consumer Discretionary,Department/Specialty Retail Stores
DLX,Deluxe Corporation Common Stock,$22.855,0.415,1.849%,1011842182.00,United States,,90866,Consumer Discretionary,Publishing
DLY,DoubleLine Yield Opportunities Fund Common Shares of Beneficial Interest,$15.77,-0.14,-0.88%,756104935.00,United States,2020,238192,Finance,Investment Managers
DM,Desktop Metal Inc. Class A Common Stock,$2.3288,-0.0812,-3.369%,77645497.00,United States,2019,168007,Technology,Industrial Machinery/Components
DMA,Destra Multi-Alternative Fund Common Stock,$8.475,0.005,0.059%,0.00,,2022,42012,Finance,Trusts Except Educational Religious and Charitable
DMAC,DiaMedica Therapeutics Inc. Common Stock,$5.2965,-0.1135,-2.098%,226481423.00,United States,2018,42846,Health Care,Biotechnology: Pharmaceutical Preparations
DMB,BNY Mellon Municipal Bond Infrastructure Fund Inc. Common Stock,$10.31,0.04,0.389%,0.00,,2013,114789,Finance,Trusts Except Educational Religious and Charitable
DMF,BNY Mellon Municipal Income Inc. Common Stock,$7.05,0.05,0.714%,439150521.00,United States,1988,47679,Finance,Finance/Investors Services
DMLP,Dorchester Minerals L.P. Common Units Representing Limited Partnership Interests,$33.0665,-0.2135,-0.642%,1565360042.00,United States,,51739,Energy,Oil & Gas Production
DMN,Damon Inc. Common Stock,$0.8477,0.0404,5.004%,17604703.00,United Kingdom,,229804,Technology,EDP Services
DMO,Western Asset Mortgage Opportunity Fund Inc. Common Stock,$11.7701,0.0001,0.001%,0.00,United States,2010,21799,Finance,Trusts Except Educational Religious and Charitable
DMRC,Digimarc Corporation Common Stock,$38.34,0.34,0.895%,822462165.00,United States,,30594,Technology,EDP Services
DMYY,dMY Squared Technology Group Inc. Class A Common Stock,$10.66,0.00,0.00%,0.00,,2022,2,Finance,Blank Checks
DNA,Ginkgo Bioworks Holdings Inc. Class A Common Stock,$9.35,-0.31,-3.209%,537427762.00,United States,2021,832132,Health Care,Biotechnology: Biological Products (No Diagnostic Substances)
DNB,Dun & Bradstreet Holdings Inc. Common Stock,$12.245,-0.035,-0.285%,5406479013.00,United States,2020,423709,Finance,Finance: Consumer Services
DNLI,Denali Therapeutics Inc. Common Stock,$20.42,-0.19,-0.922%,2938879562.00,United States,2017,159180,Health Care,Biotechnology: Biological Products (No Diagnostic Substances)
DNMR,Danimer Scientific Inc. Common Stock,$4.21,-0.51,-10.805%,12711215.00,United States,2020,151747,Industrials,Major Chemicals
DNN,Denison Mines Corp Ordinary Shares (Canada),$1.88,0.01,0.535%,1677655474.00,Canada,,10260182,Basic Materials,Other Metals and Minerals
DNOW,DNOW Inc. Common Stock,$12.90,-0.01,-0.077%,1365415400.00,United States,2014,151072,Industrials,Metal Fabrications
DNP,DNP Select Income Fund Inc. Common Stock,$8.935,-0.065,-0.722%,0.00,United States,1987,760673,Finance,Investment Managers
DNTH,Dianthus Therapeutics Inc. Common Stock,$21.38,-1.36,-5.981%,632783112.00,United States,2018,24966,Health Care,Biotechnology: Pharmaceutical Preparations
DNUT,Krispy Kreme Inc. Common Stock,$9.645,-0.135,-1.38%,1639650000.00,United States,2021,592193,Consumer Staples,Food Chains
DOC,Healthpeak Properties Inc. Common Stock,$19.905,-0.175,-0.872%,13922412497.00,United States,,1114213,Real Estate,Real Estate Investment Trusts
DOCN,DigitalOcean Holdings Inc. Common Stock,$34.33,-0.59,-1.69%,3168050878.00,United States,2021,284397,Technology,Computer Software: Programming Data Processing
DOCS,Doximity Inc. Class A Common Stock,$55.09,-2.69,-4.656%,10284849113.00,United States,2021,1046872,Technology,EDP Services
DOCU,DocuSign Inc. Common Stock,$92.15,-0.85,-0.914%,18616432443.00,United States,1989,803621,Technology,Computer Software: Prepackaged Software
DOGZ,Dogness (International) Corporation Class A Common Stock,$43.60,0.63,1.466%,555056689.00,China,2017,6358,Consumer Discretionary,Miscellaneous manufacturing industries
DOLE,Dole plc Ordinary Shares,$13.505,-0.035,-0.258%,1282018562.00,Ireland,2021,695456,Consumer Staples,Farming/Seeds/Milling
DOMH,Dominari Holdings Inc. Common Stock,$0.8301,-0.3199,-27.817%,5209822.00,United States,,166325,Health Care,Biotechnology: Pharmaceutical Preparations
DOMO,Domo Inc. Class B Common Stock,$7.20,-0.17,-2.307%,281574540.00,United States,2018,108174,Technology,Computer Software: Prepackaged Software
DOOO,BRP Inc. (Recreational Products) Common Subordinate Voting Shares,$50.215,-0.125,-0.248%,3665823400.00,Canada,,37336,Consumer Discretionary,Industrial Specialties
DORM,Dorman Products Inc. Common Stock,$132.22,0.03,0.023%,4035021734.00,United States,,60373,Consumer Discretionary,Auto Parts:O.E.M.
DOUG,Douglas Elliman Inc. Common Stock,$1.545,0.005,0.325%,137763001.00,United States,2021,824402,Finance,Real Estate
DOV,Dover Corporation Common Stock,$187.31,-1.02,-0.542%,25697427151.00,United States,,225475,Industrials,Industrial Machinery/Components
DOW,Dow Inc. Common Stock ,$39.5401,-0.4899,-1.224%,27681695432.00,United States,2019,3588213,Industrials,Major Chemicals
DOX,Amdocs Limited Ordinary Shares,$85.52,-0.27,-0.315%,9654401033.00,Guernsey,,278512,Technology,EDP Services
DOYU,DouYu International Holdings Limited ADS,$11.29,-0.01,-0.088%,357165630.00,China,2019,21473,Technology,Computer Software: Programming Data Processing
DPG,Duff & Phelps Utility and Infrastructure Fund Inc.,$11.7834,-0.0366,-0.31%,0.00,United States,2011,22073,Finance,Trusts Except Educational Religious and Charitable
DPRO,Draganfly Inc. Common Shares,$4.5436,-0.1964,-4.143%,19209409.00,Canada,,431599,Industrials,Aerospace
DPZ,Domino's Pizza Inc Common Stock,$423.18,-6.44,-1.499%,14613242450.00,United States,2004,171187,Consumer Discretionary,Food Distributors
DQ,DAQO New Energy Corp. American Depositary Shares each representing five ordinary shares,$19.215,-0.055,-0.285%,1268333171.00,China,2010,668491,Technology,Semiconductors
DRCT,Direct Digital Holdings Inc. Class A Common Stock,$2.40,-0.12,-4.762%,35202962.00,United States,2022,1469968,Consumer Discretionary,Advertising
DRD,DRDGOLD Limited American Depositary Shares,$8.56,-0.06,-0.696%,740087936.00,South Africa,,79822,Basic Materials,Precious Metals
DRDBU,Roman DBDR Acquisition Corp. II Unit,$9.94,0.00,0.00%,0.00,United States,2024,20,,
DRH,Diamondrock Hospitality Company Common Stock,$9.17,-0.04,-0.434%,1903620566.00,United States,2005,397339,Real Estate,Real Estate Investment Trusts
DRH^A,Diamondrock Hospitality Company 8.250% Series A Cumulative Redeemable Preferred Stock,$25.20,0.19,0.76%,,United States,,2077,,
DRI,Darden Restaurants Inc. Common Stock,$187.39,-0.19,-0.101%,22018414198.00,United States,,372480,Consumer Discretionary,Restaurants
DRIO,DarioHealth Corp. Common Stock,$0.774,0.079,11.367%,26390579.00,Israel,,238724,Health Care,Medical/Dental Instruments
DRMA,Dermata Therapeutics Inc. Common Stock,$1.35,0.02,1.504%,2755037.00,United States,2021,79113,Health Care,Biotechnology: Pharmaceutical Preparations
DRMAW,Dermata Therapeutics Inc. Warrant,$0.0107,0.00,0.00%,21836.00,United States,2021,2,Health Care,Biotechnology: Pharmaceutical Preparations
DRRX,DURECT Corporation Common Stock,$0.8517,-0.0983,-10.347%,26438455.00,United States,2000,232536,Health Care,Biotechnology: Pharmaceutical Preparations
DRS,Leonardo DRS Inc. Common Stock,$32.71,0.17,0.522%,8648427800.00,Israel,,180188,Industrials,Industrial Machinery/Components
DRTS,Alpha Tau Medical Ltd. Ordinary Shares,$3.06,-0.03,-0.971%,213192073.00,Israel,,10758,Health Care,Medical/Dental Instruments
DRTSW,Alpha Tau Medical Ltd. Warrant,$0.22,0.00,0.00%,15327535.00,Israel,,1630,Health Care,Medical/Dental Instruments
DRUG,Bright Minds Biosciences Inc. Common Stock,$37.924,-1.956,-4.905%,263514497.00,Canada,,19129,Health Care,Biotechnology: Pharmaceutical Preparations
DRVN,Driven Brands Holdings Inc. Common Stock,$16.005,-0.215,-1.326%,2626646154.00,United States,2021,148908,Consumer Discretionary,Automotive Aftermarket
DSGN,Design Therapeutics Inc. Common Stock,$6.205,-0.045,-0.72%,351333535.00,United States,2021,42165,Health Care,Biotechnology: Pharmaceutical Preparations
DSGR,Distribution Solutions Group Inc. Common Stock,$34.48,-0.225,-0.648%,1614970102.00,United States,,21214,Consumer Discretionary,Industrial Specialties
DSGX,Descartes Systems Group Inc. (The) Common Stock,$113.90,-0.14,-0.123%,9742941874.00,Canada,,101920,Technology,Computer Software: Prepackaged Software
DSL,DoubleLine Income Solutions Fund Common Shares of Beneficial Interests,$12.45,-0.01,-0.08%,1269860509.00,United States,2013,392799,Finance,Trusts Except Educational Religious and Charitable
DSM,BNY Mellon Strategic Municipal Bond Fund Inc. Common Stock,$5.78,0.03,0.522%,0.00,United States,1989,91462,Finance,Investment Managers
DSP,Viant Technology Inc. Class A Common Stock,$19.31,0.08,0.416%,1213668702.00,United States,2021,93215,Technology,Computer Software: Programming Data Processing
DSS,DSS Inc. Common Stock,$0.9337,0.0337,3.744%,6598245.00,United States,,26732,Consumer Discretionary,Containers/Packaging
DSU,Blackrock Debt Strategies Fund Inc. Common Stock,$10.8001,-0.0099,-0.092%,0.00,United States,1998,136253,Finance,Finance Companies
DSWL,Deswell Industries Inc. Common Shares,$2.4756,-0.0344,-1.371%,39449278.00,Macau,1995,813,Industrials,Plastic Products
DSX,Diana Shipping inc. common stock,$1.85,-0.02,-1.07%,221931396.00,Greece,2005,330564,Consumer Discretionary,Marine Transportation
DSX^B,Diana Shipping Inc. Perpetual Preferred Shares Series B (Marshall Islands),$26.26,0.01,0.038%,,Greece,,595,,
DSY,Big Tree Cloud Holdings Limited Ordinary Shares,$3.11,-0.18,-5.471%,177520498.00,China,,3447,Consumer Discretionary,Containers/Packaging
DSYWW,Big Tree Cloud Holdings Limited Warrants,$0.0286,-0.0004,-1.379%,1632504.00,China,,112351,Consumer Discretionary,Containers/Packaging
DT,Dynatrace Inc. Common Stock,$54.36,-0.33,-0.603%,16225591382.00,United States,2019,313448,Technology,Computer Software: Prepackaged Software
DTB,DTE Energy Company 2020 Series G 4.375% Junior Subordinated Debentures due 2080,$18.50,0.17,0.927%,3831360841.00,United States,2020,11877,Utilities,Electric Utilities: Central
DTC,Solo Brands Inc. Class A Common Stock,$1.17,0.05,4.464%,107255784.00,United States,2021,227997,Consumer Discretionary,Recreational Games/Products/Toys
DTCK,Davis Commodities Limited Ordinary Shares,$1.0512,-0.0488,-4.436%,25755057.00,Singapore,2023,55129,Industrials,Farming/Seeds/Milling
DTE,DTE Energy Company Common Stock,$120.59,-0.76,-0.626%,24974259666.00,United States,,267863,Utilities,Electric Utilities: Central
DTF,DTF Tax-Free Income 2028 Term Fund Inc. Common Stock,$11.144,0.019,0.171%,78337495.00,United States,1991,9064,Finance,Investment Managers
DTG,DTE Energy Company 2021 Series E 4.375% Junior Subordinated Debentures,$18.29,0.03,0.164%,3787869718.00,United States,2021,20601,Utilities,Electric Utilities: Central
DTI,Drilling Tools International Corporation Common Stock,$3.11,0.01,0.323%,107931605.00,United States,2021,5875,Industrials,Metal Fabrications
DTIL,Precision BioSciences Inc. Common Stock,$4.515,-0.135,-2.903%,34634831.00,United States,2019,86575,Health Care,Biotechnology: Biological Products (No Diagnostic Substances)
DTM,DT Midstream Inc. Common Stock ,$100.56,0.57,0.57%,9770021841.00,United States,2021,185807,Utilities,Natural Gas Distribution
DTSQ,DT Cloud Star Acquisition Corporation Ordinary Shares,$10.09,-0.01,-0.099%,0.00,United States,2024,300,,
DTSQU,DT Cloud Star Acquisition Corporation Units,$10.24,0.00,0.00%,0.00,United States,2024,192,,
DTSS,Datasea Inc. Common Stock,$2.2384,0.0784,3.63%,15863545.00,China,,25121,Technology,Computer Software: Prepackaged Software
DTST,Data Storage Corporation Common Stock,$4.145,-0.185,-4.273%,29074576.00,United States,,63719,Technology,EDP Services
DTSTW,Data Storage Corporation Warrant,$0.687,0.167,32.115%,4818874.00,United States,,2598,Technology,EDP Services
DTW,DTE Energy Company 2017 Series E 5.25% Junior Subordinated Debentures due 2077,$21.75,0.16,0.741%,4504437746.00,United States,2017,18685,Utilities,Electric Utilities: Central
DUK,Duke Energy Corporation (Holding Company) Common Stock,$107.72,-0.62,-0.572%,83211804667.00,United States,,663248,Utilities,Power Generation
DUK^A,Duke Energy Corporation Depositary Shares each representing a 1/1000th interest in a share of 5.75% Series A Cumulative Redeemable Perpetual Preferred Stock,$24.53,0.11,0.45%,,United States,,52229,,
DUKB,Duke Energy Corporation 5.625% Junior Subordinated Debentures due 2078,$24.00,-0.02,-0.083%,18539577720.00,United States,2018,35418,Utilities,Power Generation
DUO,Fangdd Network Group Ltd. Class A Ordinary Shares,$0.6194,-0.0325,-4.985%,3945578.00,China,2019,2321138,Finance,Real Estate
DUOL,Duolingo Inc. Class A Common Stock,$327.495,-5.845,-1.753%,14404722822.00,United States,2021,265259,Technology,Computer Software: Prepackaged Software
DUOT,Duos Technologies Group Inc. Common Stock,$6.05,-0.33,-5.172%,50884281.00,United States,,37536,Technology,Computer Software: Prepackaged Software
DV,DoubleVerify Holdings Inc. Common Stock,$19.44,-0.19,-0.968%,3288567775.00,United States,2021,607147,Technology,Computer Software: Programming Data Processing
DVA,DaVita Inc. Common Stock,$151.19,-3.11,-2.016%,12397580000.00,United States,,206861,Health Care,Misc Health and Biotechnology Services
DVAX,Dynavax Technologies Corporation Common Stock,$13.005,0.005,0.038%,1709566566.00,United States,2004,494469,Health Care,Biotechnology: Pharmaceutical Preparations
DVN,Devon Energy Corporation Common Stock,$32.155,0.955,3.061%,21122619500.00,United States,1985,6752243,Energy,Oil & Gas Production
DWSN,Dawson Geophysical Company Common Stock,$1.36,-0.06,-4.225%,42137474.00,United States,,15413,Energy,Oil & Gas Production
DWTX,Dogwood Therapeutics Inc. Common Stock,$2.821,0.001,0.035%,3758074.00,United States,2020,13970,Health Care,Biotechnology: Pharmaceutical Preparations
DX,Dynex Capital Inc. Common Stock,$12.555,-0.015,-0.119%,995655744.00,United States,,1021963,Real Estate,Real Estate Investment Trusts
DX^C,Dynex Capital Inc. 6.900% Series C Fixed-to-Floating Rate Cumulative Redeemable Preferred Stock,$25.50,0.10,0.394%,,United States,,1550,,
DXC,DXC Technology Company Common Stock ,$19.9825,-0.2175,-1.077%,3617321811.00,United States,,285384,Technology,EDP Services
DXCM,DexCom Inc. Common Stock,$78.28,-1.96,-2.443%,30575807129.00,United States,2005,854600,Health Care,Medical/Dental Instruments
DXLG,Destination XL Group Inc. Common Stock,$2.755,-0.055,-1.957%,149616438.00,United States,,171703,Consumer Discretionary,Clothing/Shoe/Accessory Stores
DXPE,DXP Enterprises Inc. Common Stock,$82.24,-0.06,-0.073%,1290747178.00,United States,,47493,Industrials,Industrial Machinery/Components
DXR,Daxor Corporation Common Stock,$7.624,-0.126,-1.626%,36900160.00,United States,,6459,Health Care,Medical/Dental Instruments
DXYZ,Destiny Tech100 Inc. Common Stock,$61.74,-3.56,-5.452%,0.00,,2024,873561,,
DY,Dycom Industries Inc. Common Stock,$173.96,-1.21,-0.691%,5075433475.00,United States,,86356,Industrials,Water Sewer Pipeline Comm & Power Line Construction
DYAI,Dyadic International Inc. Common Stock,$1.87,-0.09,-4.592%,55332124.00,United States,,188530,Health Care,Biotechnology: Biological Products (No Diagnostic Substances)
DYCQ,DT Cloud Acquisition Corporation Ordinary Shares,$10.44,0.00,0.00%,0.00,United Kingdom,2024,4,,
DYN,Dyne Therapeutics Inc. Common Stock,$23.91,0.19,0.801%,2433224056.00,United States,2020,253423,Health Care,Biotechnology: Pharmaceutical Preparations
DYNX,Dynamix Corporation Class A Ordinary Shares,$9.80,0.01,0.102%,0.00,United States,2024,1665,,
DYNXU,Dynamix Corporation Unit,$9.93,0.0011,0.011%,0.00,United States,2024,265,,
E,ENI S.p.A. Common Stock,$27.27,0.32,1.187%,46030913185.00,Italy,,177558,Energy,Oil & Gas Production
EA,Electronic Arts Inc. Common Stock,$146.97,-1.15,-0.776%,38546236502.00,United States,,439268,Technology,Computer Software: Prepackaged Software
EAD,Allspring Income Opportunities Fund Common Shares,$6.8612,0.0112,0.164%,0.00,United States,2003,90968,Finance,Finance/Investors Services
EAF,GrafTech International Ltd. Common Stock,$1.68,0.01,0.599%,432040773.00,United States,2018,523915,Energy,Industrial Machinery/Components
EAI,Entergy Arkansas LLC First Mortgage Bonds 4.875% Series Due September 1 2066,$21.0307,0.1007,0.481%,4509150620.00,United States,2016,13591,Utilities,Electric Utilities: Central
EARN,Ellington Credit Company Common Shares of Beneficial Interest,$6.575,-0.075,-1.128%,189362268.00,United States,2013,375705,Real Estate,Real Estate Investment Trusts
EAST,Eastside Distilling Inc. Common Stock,$0.7702,-0.0698,-8.31%,3844118.00,United States,,118579,Consumer Staples,Beverages (Production/Distribution)
EAT,Brinker International Inc. Common Stock,$132.99,0.52,0.393%,5908491556.00,United States,,478469,Consumer Discretionary,Restaurants
EB,Eventbrite Inc. Class A Common Stock,$3.365,-0.005,-0.148%,326004158.00,United States,2018,331311,Technology,Computer Software: Programming Data Processing
EBAY,eBay Inc. Common Stock,$61.7699,-1.0401,-1.656%,29587782100.00,United States,1998,1537870,Consumer Discretionary,Business Services
EBC,Eastern Bankshares Inc. Common Stock,$17.267,0.027,0.157%,3706593256.00,United States,2020,236145,Finance,Savings Institutions
EBF,Ennis Inc. Common Stock,$21.24,0.19,0.903%,552321859.00,United States,,38866,Consumer Discretionary,Office Equipment/Supplies/Services
EBMT,Eagle Bancorp Montana Inc. Common Stock,$14.9653,-0.2947,-1.931%,119973578.00,United States,2010,9034,Finance,Major Banks
EBON,Ebang International Holdings Inc. Class A Ordinary Shares,$6.11,-0.37,-5.71%,39983461.00,China,2020,20443,Technology,Semiconductors
EBR,Centrais Electricas Brasileiras S A American Depositary Shares (Each representing one Common Share),$5.55,-0.18,-3.141%,12464269265.00,Brazil,2016,1101777,Utilities,Electric Utilities: Central
EBS,Emergent BioSolutions Inc. Common Stock,$9.32,1.05,12.696%,504996614.00,United States,2006,1017371,Health Care,Biotechnology: Pharmaceutical Preparations
EBTC,Enterprise Bancorp Inc Common Stock,$39.66,-0.06,-0.151%,492941675.00,United States,,8328,Finance,Major Banks
EC,Ecopetrol S.A. American Depositary Shares,$7.70,0.15,1.987%,15829927460.00,Colombia,,1165750,Energy,Oil & Gas Production
ECAT,BlackRock ESG Capital Allocation Term Trust Common Shares of Beneficial Interest,$16.74,-0.12,-0.712%,1810179900.00,United States,2021,119090,Finance,Trusts Except Educational Religious and Charitable
ECBK,ECB Bancorp Inc. Common Stock,$14.9659,0.0659,0.442%,136451908.00,United States,2022,198,Finance,Banks
ECC           ,Eagle Point Credit Company Inc. Common Stock,$8.697,-0.123,-1.395%,527581971.00,United States,2014,1365334,Finance,Trusts Except Educational Religious and Charitable
ECC^D,Eagle Point Credit Company Inc. 6.75% Series D Preferred Stock,$19.58,-0.04,-0.204%,,United States,,24007,,
ECCC,Eagle Point Credit Company Inc. 6.50% Series C Term Preferred Stock due 2031,$22.85,0.00,0.00%,1386138673.00,United States,,2789,Finance,Trusts Except Educational Religious and Charitable
ECCF,Eagle Point Credit Company Inc. 8.00% Series F Term Preferred Stock due 2029,$24.8612,-0.0688,-0.276%,27065712911.00,United States,,6890,,
ECCU,Eagle Point Credit Company Inc. 7.75% Notes due 2030,$24.7999,0.14,0.568%,0.00,United States,2024,50349,,
ECCV,Eagle Point Credit Company Inc. 5.375% Notes due 2029,$22.79,0.07,0.308%,1382498922.00,United States,2022,3245,Finance,Trusts Except Educational Religious and Charitable
ECCW,Eagle Point Credit Company Inc. 6.75% Notes due 2031,$23.49,0.06,0.256%,1424962689.00,United States,2021,1023,Finance,Trusts Except Educational Religious and Charitable
ECCX,Eagle Point Credit Company Inc. 6.6875% Notes due 2028,$24.40,-0.05,-0.204%,1480165586.00,United States,2022,1168,Finance,Trusts Except Educational Religious and Charitable
ECDA,ECD Automotive Design Inc. Common Stock,$0.99,0.01,1.02%,34303165.00,United States,2022,17655,Consumer Discretionary,Auto Manufacturing
ECDAW,ECD Automotive Design Inc. Warrant ,$0.0179,-0.0087,-32.707%,620229.00,United States,2022,21684,Consumer Discretionary,Auto Manufacturing
ECF,Ellsworth Growth and Income Fund Ltd.,$9.73,-0.12,-1.218%,0.00,United States,1986,11994,Finance,Finance/Investors Services
ECF^A,Ellsworth Growth and Income Fund Ltd. 5.25% Series A Cumulative Preferred Shares (Liquidation Preference $25.00 per share),$22.21,0.0054,0.024%,,United States,,188,,
ECG,Everus Construction Group Inc. Common Stock,$67.985,-1.865,-2.67%,3465335431.00,United States,2024,143018,Consumer Discretionary,Homebuilding
ECL,Ecolab Inc. Common Stock,$235.2333,-2.5267,-1.063%,66609088647.00,United States,,237375,Consumer Discretionary,Package Goods/Cosmetics
ECO,Okeanis Eco Tankers Corp. Common Stock,$20.55,-0.47,-2.236%,0.00,,,142724,Consumer Discretionary,Marine Transportation
ECOR,electroCore Inc. Common Stock,$17.2182,0.7582,4.606%,112858259.00,United States,2018,91844,Health Care,Biotechnology: Electromedical & Electrotherapeutic Apparatus
ECPG,Encore Capital Group Inc Common Stock,$47.4025,-0.1175,-0.247%,1123026422.00,United States,,26779,Finance,Finance Companies
ECVT,Ecovyst Inc. Common Stock,$7.49,-0.03,-0.399%,872658424.00,United States,2017,97596,Industrials,Major Chemicals
ECX,ECARX Holdings Inc. Class A Ordinary shares,$1.98,0.09,4.762%,669140931.00,China,,606967,Technology,EDP Services
ECXWW,ECARX Holdings Inc. Warrants,$0.0644,0.0094,17.091%,21763978.00,China,,15045,Technology,EDP Services
ED,Consolidated Edison Inc. Common Stock,$89.06,-0.50,-0.558%,30851469641.00,United States,,459647,Utilities,Power Generation
EDAP,EDAP TMS S.A. American Depositary Shares,$2.1998,0.0298,1.373%,81620893.00,France,1997,83697,Health Care,Biotechnology: Electromedical & Electrotherapeutic Apparatus
EDBL,Edible Garden AG Incorporated Common Stock,$0.351,0.0056,1.621%,6635675.00,United States,2022,5594041,Consumer Staples,Farming/Seeds/Milling
EDBLW,Edible Garden AG Incorporated Warrant,$0.06,0.00,0.00%,1134303.00,United States,2022,19566,Consumer Staples,Farming/Seeds/Milling
EDD,Morgan Stanley Emerging Markets Domestic Debt Fund Inc. Common Stock,$4.425,0.035,0.797%,0.00,United States,2007,94370,Finance,Finance Companies
EDF,Virtus Stone Harbor Emerging Markets Income Fund Common Shares of Beneficial Interest,$4.7851,0.0051,0.107%,0.00,United States,2010,107972,Finance,Investment Managers
EDIT,Editas Medicine Inc. Common Stock,$1.1901,-0.0199,-1.645%,98240493.00,United States,2016,1644357,Health Care,Biotechnology: Biological Products (No Diagnostic Substances)
EDN,Empresa Distribuidora Y Comercializadora Norte S.A. (Edenor) American Depositary Shares,$42.945,-1.555,-3.494%,1946385713.00,Argentina,2007,61960,Utilities,Electric Utilities: Central
EDR,Endeavor Group Holdings Inc. Class A Common Stock,$31.26,-0.08,-0.255%,21386857511.00,United States,2021,160054,Consumer Discretionary,Services-Misc. Amusement & Recreation
EDRY,EuroDry Ltd. Common Shares ,$10.94,-0.40,-3.527%,30986642.00,Greece,,6561,Consumer Discretionary,Marine Transportation
EDSA,Edesa Biotech Inc. Common Shares,$1.855,0.005,0.27%,5965621.00,United States,,24102,Health Care,Biotechnology: Pharmaceutical Preparations
EDTK,Skillful Craftsman Education Technology Limited Ordinary Share,$1.00,-0.04,-3.846%,15929451.00,China,2020,7241,Real Estate,Other Consumer Services
EDU,New Oriental Education & Technology Group Inc. Sponsored ADR representing 10 Ordinary Share (Cayman Islands),$63.07,-0.13,-0.206%,10313763497.00,China,2006,199010,Real Estate,Other Consumer Services
EDUC,Educational Development Corporation Common Stock,$1.69,0.08,4.969%,14502906.00,United States,,33438,Consumer Discretionary,Consumer Specialties
EE,Excelerate Energy Inc. Class A Common Stock,$30.19,0.01,0.033%,3208728813.00,United States,2022,86642,Utilities,Oil/Gas Transmission
EEA,The European Equity Fund Inc. Common Stock,$8.16,-0.1299,-1.567%,0.00,United States,,7638,Finance,Trusts Except Educational Religious and Charitable
EEFT,Euronet Worldwide Inc. Common Stock,$103.05,-1.55,-1.482%,4527154472.00,United States,1997,79109,Finance,Investment Bankers/Brokers/Service
EEIQ,EpicQuest Education Group International Limited Common Stock,$1.02,-0.01,-0.971%,12646136.00,United States,2021,4741,Real Estate,Other Consumer Services
EEX,Emerald Holding Inc. Common Stock,$4.845,0.115,2.431%,983459835.00,United States,2017,67113,Consumer Discretionary,Business Services
EFC,Ellington Financial Inc. Common Stock ,$12.1308,-0.0492,-0.404%,1099799387.00,United States,2010,428101,Finance,Real Estate
EFC^A,Ellington Financial Inc. 6.750% Series A Fixed-to-Floating Rate Cumulative Redeemable Preferred Stock,$25.44,0.10,0.395%,,United States,,10990,,
EFC^B,Ellington Financial Inc. 6.250% Series B Fixed-Rate Reset Cumulative Redeemable Preferred Stock,$23.115,0.065,0.282%,,United States,,2463,,
EFC^C,Ellington Financial Inc. 8.625% Series C Fixed-Rate Reset Cumulative Redeemable Preferred Stock,$25.87,0.00,0.00%,,United States,,554,,
EFC^D,Ellington Financial Inc. 7.00% Series D Cumulative Perpetual Redeemable Preferred Stock,$23.99,0.04,0.167%,,United States,,1569,,
EFOI,Energy Focus Inc. Common Stock,$1.2142,-0.0358,-2.864%,6387592.00,United States,,7742,Consumer Discretionary,Building Products
EFR,Eaton Vance Senior Floating-Rate Fund Common Shares of Beneficial Interest,$12.9425,-0.0075,-0.058%,0.00,United States,2003,35920,Finance,Trusts Except Educational Religious and Charitable
EFSC,Enterprise Financial Services Corporation Common Stock,$56.42,0.11,0.195%,2094750476.00,United States,,29980,Finance,Major Banks
EFSCP,Enterprise Financial Services Corporation Depositary Shares Each Representing a 1/40th Interest in a Share of 5% Fixed Rate Non-Cumulative Perpetual Preferred Stock Series A,$19.55,-0.04,-0.204%,725848490.00,United States,,2777,Finance,Major Banks
EFSH,1847 Holdings LLC Common Shares,$0.2584,0.0034,1.333%,4244369.00,,2022,2789571,Consumer Discretionary,Professional Services
EFT,Eaton Vance Floating Rate Income Trust Common Shares of Beneficial Interest,$13.14,-0.13,-0.98%,382248053.00,United States,2004,71314,Finance,Finance Companies
EFX,Equifax Inc. Common Stock,$255.525,-0.455,-0.178%,31672838633.00,United States,,190306,Finance,Finance: Consumer Services
EFXT,Enerflex Ltd Common Shares,$10.13,0.42,4.325%,1256573935.00,Canada,2022,192003,Industrials,Industrial Machinery/Components
EG,Everest Group Ltd. Common Stock,$360.19,0.24,0.067%,15480456531.00,Bermuda,,73685,Finance,Property-Casualty Insurers
EGAN,eGain Corporation Common Stock,$5.93,-0.36,-5.723%,169146549.00,United States,1999,71883,Technology,Computer Software: Prepackaged Software
EGBN,Eagle Bancorp Inc. Common Stock,$25.9501,-0.0699,-0.269%,783732931.00,United States,,47625,Finance,Major Banks
EGY,VAALCO Energy Inc.  Common Stock,$4.27,0.02,0.471%,442983306.00,United States,,562732,Energy,Oil & Gas Production
EH,EHang Holdings Limited ADS,$15.67,-0.36,-2.246%,995134961.00,China,2019,1101729,Industrials,Aerospace
EHAB,Enhabit Inc. Common Stock,$7.7535,0.0735,0.957%,389877924.00,United States,2022,76728,Health Care,Medical/Nursing Services
EHC,Encompass Health Corporation Common Stock,$93.125,-0.465,-0.497%,9382301471.00,United States,,191344,Health Care,Hospital/Nursing Management
EHGO,Eshallgo Inc. Class A Ordinary Shares,$3.69,-0.1599,-4.153%,75589650.00,China,2024,50731,Consumer Discretionary,Diversified Commercial Services
EHI,Western Asset Global High Income Fund Inc Common Stock,$6.60,0.04,0.61%,0.00,United States,2003,92586,Finance,Investment Managers
EHTH,eHealth Inc. Common Stock,$8.51,-0.14,-1.618%,252182702.00,United States,2006,136123,Finance,Specialty Insurers
EIC,Eagle Point Income Company Inc. Common Stock,$15.40,-0.01,-0.065%,137184863.00,,2019,146097,Finance,Finance/Investors Services
EICA,Eagle Point Income Company Inc. 5.00% Series A Term Preferred Stock due 2026,$23.80,-0.19,-0.792%,212012970.00,,2021,717,Finance,Finance/Investors Services
EICB,Eagle Point Income Company Inc. 7.75% Series B Term Preferred Stock Due 2028,$24.90,-0.0552,-0.221%,0.00,,,2557,,
EICC,Eagle Point Income Company Inc. 8.00% Series C Term Preferred Stock due 2029,$24.9819,-0.0181,-0.072%,0.00,,,26883,,
EIG,Employers Holdings Inc Common Stock,$50.92,0.03,0.059%,1258544016.00,United States,2007,19687,Finance,Property-Casualty Insurers
EIIA,Eagle Point Institutional Income Fund 8.125% Series A Term Preferred Shares Due 2029,$25.009,0.009,0.036%,0.00,,2024,1040,,
EIM,Eaton Vance Municipal Bond Fund Common Shares of Beneficial Interest $.01 par value,$10.30,0.04,0.39%,0.00,United States,2002,178542,Finance,Finance/Investors Services
EIX,Edison International Common Stock,$79.565,-0.225,-0.282%,30803611153.00,United States,,400562,Utilities,Electric Utilities: Central
EJH,E-Home Household Service Holdings Limited Ordinary Shares,$0.6594,-0.0056,-0.842%,5730299.00,China,2021,970434,Consumer Discretionary,Other Consumer Services
EKSO,Ekso Bionics Holdings Inc. Common Stock,$0.5868,-0.0622,-9.584%,12908643.00,United States,,321471,Industrials,Industrial Machinery/Components
EL,Estee Lauder Companies Inc. (The) Common Stock,$74.15,-0.47,-0.63%,26618220628.00,United States,1995,910160,Consumer Discretionary,Package Goods/Cosmetics
ELA,Envela Corporation Common Stock,$7.2196,0.0696,0.973%,187679617.00,United States,,9830,Consumer Discretionary,Consumer Specialties
ELAB,PMGC Holdings Inc. Common Stock,$2.4057,-0.0343,-1.406%,7385499.00,United States,2023,288851,Health Care,Biotechnology: Pharmaceutical Preparations
ELAN,Elanco Animal Health Incorporated Common Stock,$11.865,-0.195,-1.617%,5865496067.00,United States,2018,1236282,Health Care,Biotechnology: Pharmaceutical Preparations
ELBM,Electra Battery Materials Corporation Common Stock,$0.59,0.1101,22.942%,33849364.00,Canada,,3245680,Miscellaneous,Industrial Machinery/Components
ELC,Entergy Louisiana Inc. Collateral Trust Mortgage Bonds 4.875 % Series due September 1 2066,$21.0769,0.0869,0.414%,4494386560.00,United States,2016,11660,Utilities,Electric Utilities: Central
ELDN,Eledon Pharmaceuticals Inc. Common Stock,$4.09,-0.26,-5.977%,244333635.00,United States,2014,294477,Health Care,Biotechnology: Pharmaceutical Preparations
ELEV,Elevation Oncology Inc. Common stock,$0.5779,-0.0156,-2.628%,34164902.00,United States,2021,593764,Health Care,Biotechnology: Biological Products (No Diagnostic Substances)
ELF,e.l.f. Beauty Inc. Common Stock,$128.54,0.78,0.611%,7240791625.00,United States,2016,510162,Consumer Discretionary,Package Goods/Cosmetics
ELLO,Ellomay Capital Ltd Ordinary Shares (Israel),$15.25,-0.95,-5.864%,196001921.00,Israel,,7153,Utilities,Electric Utilities: Central
ELMD,Electromed Inc. Common Stock,$30.43,1.19,4.07%,257377092.00,United States,2011,121158,Health Care,Biotechnology: Electromedical & Electrotherapeutic Apparatus
ELME,Elme Communities Common Stock,$14.76,-0.10,-0.673%,1299031703.00,United States,2000,267309,Real Estate,Real Estate Investment Trusts
ELP,Companhia Paranaense de Energia (COPEL) American Depositary Shares (each representing one Unit consisting one Common Share and four non-voting Class B Preferred Shares),$5.895,-0.055,-0.924%,1916386833.00,Brazil,2021,102196,Utilities,Electric Utilities: Central
ELPC,Companhia Paranaense de Energia (COPEL) American Depositary Shares (each representing four (4) Common Shares),$5.32,0.01,0.188%,1729461909.00,Brazil,2023,4503,Utilities,Electric Utilities: Central
ELPW,Elong Power Holding Limited Class A Ordinary Shares,$1.11,-0.04,-3.478%,0.00,China,,89772,,
ELS,Equity Lifestyle Properties Inc. Common Stock,$65.815,-0.785,-1.179%,12573904875.00,United States,,216341,Real Estate,Real Estate Investment Trusts
ELSE,Electro-Sensors Inc. Common Stock,$4.9804,-0.1696,-3.293%,17072916.00,United States,,13136,Industrials,Industrial Machinery/Components
ELTK,Eltek Ltd. Ordinary Shares,$11.00,-0.04,-0.362%,73810000.00,Israel,1997,13772,Technology,Electrical Products
ELTX,Elicio Therapeutics Inc. Common Stock,$5.0881,-0.0619,-1.202%,54907346.00,United States,2021,15056,Health Care,Biotechnology: Pharmaceutical Preparations
ELUT,Elutia Inc. Class A Common Stock,$3.9251,-0.0149,-0.378%,135659691.00,United States,2020,4855,Health Care,Biotechnology: Biological Products (No Diagnostic Substances)
ELV,Elevance Health Inc. Common Stock,$368.31,-2.76,-0.744%,85419491993.00,United States,,364484,Health Care,Medical Specialities
ELVA,Electrovaya Inc. Common Shares,$2.70,0.25,10.204%,92162246.00,Canada,,171020,,
ELVN,Enliven Therapeutics Inc. Common Stock,$21.955,-0.415,-1.855%,1072702990.00,United States,2020,109935,Health Care,Biotechnology: Pharmaceutical Preparations
ELWS,Earlyworks Co. Ltd. American Depositary Shares,$2.73,-0.01,-0.365%,8231987.00,Japan,2023,29850,Technology,EDP Services
EM,Smart Share Global Limited American Depositary Shares,$0.72,0.001,0.139%,186894204.00,China,2021,43401,Consumer Discretionary,Other Consumer Services
EMBC,Embecta Corp. Common Stock,$20.43,-0.27,-1.304%,1187607361.00,United States,,105828,Health Care,Medical/Dental Instruments
EMCG,Embrace Change Acquisition Corp Ordinary Shares,$11.65,0.00,0.00%,0.00,United States,2022,6,Finance,Blank Checks
EMCGR,Embrace Change Acquisition Corp Rights,$0.0852,0.00,0.00%,0.00,United States,2022,60,Finance,Blank Checks
EMCGW,Embrace Change Acquisition Corp Warrants,$0.0133,0.0017,14.655%,0.00,United States,2022,5687,Finance,Blank Checks
EMD,Western Asset Emerging Markets Debt Fund Inc Common Stock,$9.5864,-0.0036,-0.038%,0.00,United States,,126719,Finance,Finance/Investors Services
EME,EMCOR Group Inc. Common Stock,$460.545,1.165,0.254%,21186018262.00,United States,,113225,Industrials,Engineering & Construction
EMF,Templeton Emerging Markets Fund Common Stock,$11.98,0.035,0.293%,0.00,United States,1987,53622,Finance,Finance/Investors Services
EMKR,EMCORE Corporation Common Stock,$3.02,-0.01,-0.33%,27381192.00,United States,1997,141761,Technology,Semiconductors
EML,Eastern Company (The) Common Stock,$26.62,0.05,0.188%,164596225.00,United States,,4954,Consumer Discretionary,Industrial Machinery/Components
EMN,Eastman Chemical Company Common Stock,$91.53,-0.21,-0.229%,10609479912.00,United States,,458467,Industrials,Major Chemicals
EMO,ClearBridge Energy Midstream Opportunity Fund Inc. Common Stock,$46.08,0.22,0.48%,0.00,United States,2011,17205,Finance,Investment Managers
EMP,Entergy Mississippi LLC First Mortgage Bonds 4.90% Series Due October 1 2066,$21.46,-0.14,-0.648%,4601195980.00,United States,2016,13547,Utilities,Electric Utilities: Central
EMR,Emerson Electric Company Common Stock,$124.93,-0.78,-0.62%,71235086000.00,United States,,785891,Technology,Consumer Electronics/Appliances
EMX,EMX Royalty Corporation Common Shares (Canada),$1.745,0.005,0.287%,198105133.00,Canada,,243643,Basic Materials,Metal Mining
ENB,Enbridge Inc Common Stock,$42.13,0.31,0.741%,91759140000.00,Canada,,797370,Energy,Natural Gas Distribution
ENFN,Enfusion Inc. Class A Common Stock,$10.52,0.43,4.262%,1352565216.00,United States,2021,430591,Technology,Computer Software: Prepackaged Software
ENFY,Enlightify Inc. Common Stock,$1.03,0.01,0.98%,15237344.00,China,,28859,Industrials,Agricultural Chemicals
ENGN,enGene Holdings Inc. Common Stock,$6.70,0.28,4.361%,341543729.00,Canada,,178346,Health Care,Biotechnology: Biological Products (No Diagnostic Substances)
ENGNW,enGene Holdings Inc. Warrants,$0.99,-0.02,-1.98%,50466909.00,Canada,,243,Health Care,Biotechnology: Biological Products (No Diagnostic Substances)
ENIC,Enel Chile S.A. American Depositary Shares (Each representing 50 shares of Common Stock),$2.8548,-0.0852,-2.898%,3949133750.00,Chile,2016,257735,Utilities,Electric Utilities: Central
ENJ,Entergy New Orleans LLC First Mortgage Bonds 5.0% Series due December 1 2052,$20.91,0.1099,0.528%,4483271573.00,United States,,318,Utilities,Power Generation
ENLC,EnLink Midstream LLC Common Units representing Limited Partner Interests,$14.285,0.055,0.387%,6529288962.00,United States,,330531,Utilities,Natural Gas Distribution
ENLT,Enlight Renewable Energy Ltd. Ordinary Shares,$17.13,-0.07,-0.407%,2020699578.00,Israel,2023,4832,Utilities,Electric Utilities: Central
ENLV,Enlivex Therapeutics Ltd. Ordinary Shares,$1.17,-0.02,-1.681%,24429600.00,Israel,2014,83290,Health Care,Biotechnology: Pharmaceutical Preparations
ENO,Entergy New Orleans LLC First Mortgage Bonds 5.50% Series due April 1 2066,$22.5037,0.0837,0.373%,4811985209.00,United States,2016,10624,Utilities,Power Generation
ENOV,Enovis Corporation Common Stock,$43.545,-0.745,-1.682%,2433096732.00,United States,,255617,Health Care,Industrial Specialties
ENPH,Enphase Energy Inc. Common Stock,$69.87,-2.26,-3.133%,9439899749.00,United States,2012,1827056,Technology,Semiconductors
ENR,Energizer Holdings Inc. Common Stock,$34.95,-0.49,-1.383%,2513561745.00,United States,2015,87298,Miscellaneous,Industrial Machinery/Components
ENS,EnerSys Common Stock,$93.48,0.80,0.863%,3722388463.00,United States,2004,74349,Technology,Industrial Machinery/Components
ENSC,Ensysce Biosciences Inc. Common Stock,$8.62,-0.26,-2.928%,11248531.00,United States,,19806,Health Care,Biotechnology: Pharmaceutical Preparations
ENSG,The Ensign Group Inc. Common Stock,$132.965,-1.015,-0.758%,7618320357.00,United States,2007,78224,Health Care,Hospital/Nursing Management
ENTA,Enanta Pharmaceuticals Inc. Common Stock,$5.96,-0.05,-0.832%,126318183.00,United States,2013,269692,Health Care,Biotechnology: Pharmaceutical Preparations
ENTG,Entegris Inc. Common Stock,$99.985,-1.785,-1.754%,15097531131.00,United States,2000,476533,Industrials,Plastic Products
ENTO,Entero Therapeutics Inc. Common Stock,$0.6289,0.0279,4.642%,2989809.00,United States,2016,26072,Health Care,Biotechnology: Pharmaceutical Preparations
ENTX,Entera Bio Ltd. Ordinary Shares,$2.15,0.00,0.00%,79189273.00,Israel,2018,28962,Health Care,Biotechnology: Biological Products (No Diagnostic Substances)
ENVA,Enova International Inc. Common Stock,$97.615,-0.265,-0.271%,2558109623.00,United States,2014,94939,Finance,Finance: Consumer Services
ENVB,Enveric Biosciences Inc. Common Stock,$0.327,-0.02,-5.764%,3251989.00,United States,,100374,Health Care,Biotechnology: Pharmaceutical Preparations
ENVX,Enovix Corporation Common Stock,$10.9679,-0.3121,-2.767%,1952036176.00,United States,2021,2908756,Miscellaneous,Industrial Machinery/Components
ENX,Eaton Vance New York Municipal Bond Fund Common Shares of Beneficial Interest $.01 par value,$9.5665,-0.0135,-0.141%,0.00,United States,2002,27672,Finance,Finance/Investors Services
ENZ,Enzo Biochem Inc. Common Stock ($0.01 Par Value),$0.7266,-0.0014,-0.192%,37960544.00,United States,1988,175937,Health Care,Medical Specialities
EOD,Allspring Global Dividend Opportunity Fund Common Shares of Beneficial Interest,$4.9023,-0.0177,-0.36%,0.00,United States,2007,52976,Finance,Investment Managers
EOG,EOG Resources Inc. Common Stock,$120.69,0.29,0.241%,67882140104.00,United States,,1241944,Energy,Oil & Gas Production
EOI,Eaton Vance Enhance Equity Income Fund Eaton Vance Enhanced Equity Income Fund Shares of Beneficial Interest,$21.22,-0.04,-0.188%,0.00,United States,2004,42816,Finance,Finance/Investors Services
EOLS,Evolus Inc. Common Stock,$10.86,-0.23,-2.074%,687671414.00,United States,2018,208605,Health Care,Biotechnology: Pharmaceutical Preparations
EONR,EON Resources Inc. Class A Common Stock,$0.7202,-0.0282,-3.768%,7054339.00,,2022,125246,Energy,Oil & Gas Production
EOS,Eaton Vance Enhance Equity Income Fund II Common Stock,$24.07,-0.15,-0.619%,0.00,,2005,111453,Finance,Trusts Except Educational Religious and Charitable
EOSE,Eos Energy Enterprises Inc. Class A Common Stock,$5.195,0.025,0.484%,1132054715.00,United States,,4255420,Miscellaneous,Industrial Machinery/Components
EOSEW,Eos Energy Enterprises Inc. Warrant,$1.21,-0.0801,-6.209%,263673957.00,United States,,75123,Miscellaneous,Industrial Machinery/Components
EOT,Eaton Vance Municipal Income Trust EATON VANCE NATIONAL MUNICIPAL OPPORTUNITIES TRUST,$16.41,-0.06,-0.364%,256404954.00,United States,2009,80280,Finance,Investment Bankers/Brokers/Service
EP,Empire Petroleum Corporation Common Stock,$7.3993,-0.0707,-0.946%,248854234.00,United States,2022,11032,Energy,Oil & Gas Production
EP^C,El Paso Corporation Preferred Stock,$47.64,-0.08,-0.168%,,United States,,1428,,
EPAC,Enerpac Tool Group Corp. Common Stock,$40.99,-0.39,-0.942%,2229864854.00,United States,,68282,Technology,Industrial Machinery/Components
EPAM,EPAM Systems Inc. Common Stock,$234.76,-3.71,-1.556%,13315922203.00,United States,2012,121503,Technology,EDP Services
EPC,Edgewell Personal Care Company Common Stock,$33.575,-0.525,-1.54%,1635813283.00,United States,,161596,Consumer Discretionary,Package Goods/Cosmetics
EPD,Enterprise Products Partners L.P. Common Stock,$31.2467,0.1767,0.569%,67729564690.00,United States,,1630144,Utilities,Natural Gas Distribution
EPIX,ESSA Pharma Inc. Common Stock,$1.79,0.04,2.286%,79455505.00,Canada,,1283536,Health Care,Biotechnology: Pharmaceutical Preparations
EPM,Evolution Petroleum Corporation Inc. Common Stock,$5.17,0.14,2.783%,173688952.00,United States,,202290,Energy,Oil & Gas Production
EPOW,Sunrise New Energy Co. Ltd Class A Ordinary Shares,$0.889,0.0608,7.341%,23239660.00,China,2021,24687,Consumer Discretionary,Business Services
EPR,EPR Properties Common Stock,$44.01,0.11,0.251%,3332943183.00,United States,1997,407126,Real Estate,Real Estate Investment Trusts
EPR^C,EPR Properties 5.75% Series C Cumulative Convertible Preferred Shares,$20.925,-0.045,-0.215%,,United States,,20389,,
EPR^E,EPR Properties Series E Cumulative Conv Pfd Shs Ser E,$28.10,-0.12,-0.425%,,United States,,2159,,
EPR^G,EPR Properties 5.750% Series G Cumulative Redeemable Preferred Shares,$20.28,-0.24,-1.17%,,United States,,4055,,
EPRT,Essential Properties Realty Trust Inc. Common Stock,$31.11,-0.23,-0.734%,5454573418.00,United States,2018,597224,Real Estate,Real Estate Investment Trusts
EPRX,Eupraxia Pharmaceuticals Inc. Common Stock,$3.12,0.04,1.299%,111142365.00,Canada,,7751,Health Care,Pharmaceuticals and Biotechnology
EPSN,Epsilon Energy Ltd. Common Share,$6.025,0.155,2.641%,131690389.00,United States,,7582,Energy,Oil & Gas Production
EQ,Equillium Inc. Common Stock,$0.7337,0.0397,5.72%,25995551.00,United States,2018,123952,Health Care,Biotechnology: Pharmaceutical Preparations
EQBK,Equity Bancshares Inc. Class A Common Stock,$42.47,-0.22,-0.515%,649347571.00,United States,,8714,Finance,Major Banks
EQC,Equity Commonwealth Common Shares of Beneficial Interest,$1.755,0.005,0.286%,188371224.00,United States,,264247,Real Estate,Real Estate Investment Trusts
EQH,Equitable Holdings Inc. Common Stock,$47.43,-0.07,-0.147%,14861593499.00,United States,2018,364550,Finance,Specialty Insurers
EQH^A,Equitable Holdings Inc. Depositary Shares,$20.47,-0.16,-0.776%,,United States,,72434,,
EQH^C,Equitable Holdings Inc. Depositary Shares each representing a 1/1000th interest in a share of Fixed Rate Noncumulative Perpetual Preferred Stock Series C,$17.40,-0.07,-0.401%,,United States,,10525,,
EQIX,Equinix Inc. Common Stock REIT,$935.90,-6.76,-0.717%,90303294213.00,United States,2000,118024,Real Estate,Real Estate Investment Trusts
EQNR,Equinor ASA,$23.375,0.315,1.366%,68833137241.00,Norway,,1289145,Energy,Integrated oil Companies
EQR,Equity Residential Common Shares of Beneficial Interest,$70.91,-0.67,-0.936%,26905344143.00,United States,,180608,Real Estate,Real Estate Investment Trusts
EQS,Equus Total Return Inc. Common Stock,$1.1754,0.0754,6.855%,15969188.00,United States,,1823,Finance,Finance/Investors Services
EQT,EQT Corporation Common Stock,$46.63,2.31,5.212%,27823374920.00,United States,,5764755,Energy,Oil & Gas Production
EQV,EQV Ventures Acquisition Corp. Class A Ordinary Shares,$9.97,-0.01,-0.10%,0.00,,2024,193310,,
EQX,Equinox Gold Corp. Common Shares,$5.0107,-0.1193,-2.326%,2147110620.00,Canada,,2601783,Basic Materials,Precious Metals
ERAS,Erasca Inc. Common Stock,$2.535,-0.005,-0.197%,716713660.00,United States,2021,323203,Health Care,Biotechnology: Pharmaceutical Preparations
ERC,Allspring Multi-Sector Income Fund Common Stock,$8.9637,0.0137,0.153%,0.00,United States,2003,68389,Finance,Finance/Investors Services
ERH,Allspring Utilities and High Income Fund Common Shares,$10.6441,-0.0709,-0.662%,0.00,,2004,8098,Finance,Finance/Investors Services
ERIC,Ericsson American Depositary Shares,$8.10,0.00,0.00%,27087629054.00,Sweden,,9606462,Technology,Radio And Television Broadcasting And Communications Equipment
ERIE,Erie Indemnity Company Class A Common Stock,$411.31,-8.01,-1.91%,18999071109.00,United States,,39625,Finance,Specialty Insurers
ERII,Energy Recovery Inc. Common Stock,$14.7135,-0.1465,-0.986%,851821883.00,United States,2008,72252,Technology,Industrial Machinery/Components
ERJ,Embraer S.A. Common Stock,$36.27,-0.18,-0.494%,6661282987.00,Brazil,2000,253620,Industrials,Aerospace
ERNA,Eterna Therapeutics Inc. Common Stock,$0.2929,0.0399,15.771%,15047653.00,United States,,1157973,Health Care,Biotechnology: Pharmaceutical Preparations
ERO,Ero Copper Corp. Common Shares,$13.40,0.05,0.375%,1383317001.00,Canada,2021,146927,Basic Materials,Metal Mining
ES,Eversource Energy (D/B/A) Common Stock,$57.38,0.06,0.105%,21024151752.00,United States,,730193,Utilities,Electric Utilities: Central
ESAB,ESAB Corporation Common Stock,$120.805,-0.605,-0.498%,7302436949.00,United States,2022,37000,Industrials,Industrial Machinery/Components
ESCA,Escalade Incorporated Common Stock,$14.25,-0.11,-0.766%,197751554.00,United States,,6371,Consumer Discretionary,Recreational Games/Products/Toys
ESE,ESCO Technologies Inc. Common Stock,$134.43,-0.12,-0.089%,3466342211.00,United States,,13923,Telecommunications,Telecommunications Equipment
ESEA,Euroseas Ltd. Common Stock (Marshall Islands),$33.7256,-1.0044,-2.892%,236562522.00,Greece,,33453,Consumer Discretionary,Marine Transportation
ESGL,ESGL Holdings Limited Ordinary Shares,$1.33,-0.01,-0.746%,48944000.00,Singapore,,3286,Utilities,Environmental Services
ESGLW,ESGL Holdings Limited Warrants,$0.014,-0.0038,-21.348%,515200.00,Singapore,,620,Utilities,Environmental Services
ESGR,Enstar Group Limited Ordinary Shares,$321.97,0.40,0.124%,4904250260.00,Bermuda,,22525,Finance,Property-Casualty Insurers
ESGRO,Enstar Group Limited Depository Shares 7.00% Perpetual Non-Cumulative Preference Shares Series E,$19.55,-0.26,-1.312%,297785796.00,Bermuda,,23897,Finance,Property-Casualty Insurers
ESGRP,Enstar Group Limited Depositary Shares Each Representing 1/1000th of an interest in Preference Shares,$19.56,0.18,0.929%,297938116.00,Bermuda,,19514,Finance,Property-Casualty Insurers
ESHA,ESH Acquisition Corp. Class A Common Stock,$10.77,0.00,0.00%,0.00,United States,2023,1,Finance,Blank Checks
ESHAR,ESH Acquisition Corp. Right,$0.0904,0.0004,0.444%,0.00,United States,2023,8300,Finance,Blank Checks
ESI,Element Solutions Inc. Common Stock,$25.61,0.01,0.039%,6201785031.00,United States,2014,255708,Industrials,Major Chemicals
ESLA,Estrella Immunopharma Inc. Common Stock,$1.24,-0.03,-2.362%,44862142.00,United States,2021,16982,Health Care,Biotechnology: Biological Products (No Diagnostic Substances)
ESLT,Elbit Systems Ltd. Ordinary Shares,$260.3443,3.0143,1.171%,11546269705.00,Israel,,15258,Industrials,Military/Government/Technical
ESNT,Essent Group Ltd. Common Shares,$54.15,0.09,0.166%,5751441369.00,Bermuda,2013,123184,Finance,Property-Casualty Insurers
ESOA,Energy Services of America Corporation Common Stock,$12.875,-0.315,-2.388%,214007117.00,United States,,172314,Industrials,Water Sewer Pipeline Comm & Power Line Construction
ESP,Espey Mfg. & Electronics Corp. Common Stock,$29.98,-0.795,-2.583%,83674120.00,United States,1960,17927,Technology,Industrial Machinery/Components
ESPR,Esperion Therapeutics Inc. Common Stock,$2.18,-0.10,-4.386%,429536673.00,United States,2013,2317853,Health Care,Biotechnology: Pharmaceutical Preparations
ESQ,Esquire Financial Holdings Inc. Common Stock,$79.30,0.52,0.66%,659879724.00,United States,2017,14995,Finance,Commercial Banks
ESRT,Empire State Realty Trust Inc. Class A Common Stock,$10.105,-0.085,-0.834%,1685082537.00,United States,2013,284171,Real Estate,Real Estate Investment Trusts
ESS,Essex Property Trust Inc. Common Stock,$281.60,-2.83,-0.995%,18097723776.00,United States,1994,66261,Real Estate,Real Estate Investment Trusts
ESSA,ESSA Bancorp Inc. Common Stock,$19.525,0.295,1.534%,198269815.00,United States,2007,8029,Finance,Banks
ESTA,Establishment Labs Holdings Inc. Common Shares,$45.33,-0.61,-1.328%,1269144036.00,Costa Rica,2018,64213,Health Care,Industrial Specialties
ESTC,Elastic N.V. Ordinary Shares,$100.16,-1.36,-1.34%,10379739654.00,United States,2018,368852,Technology,Computer Software: Prepackaged Software
ET,Energy Transfer LP Common Units ,$19.58,0.30,1.556%,67040285403.00,United States,,6932618,Utilities,Natural Gas Distribution
ET^I,Energy Transfer L.P. Series I Fixed Rate Perpetual Preferred Units,$11.6901,-0.0099,-0.085%,,United States,,87010,,
ETB,Eaton Vance Tax-Managed Buy-Write Income Fund Eaton Vance Tax-Managed Buy-Write Income Fund Common Shares of Beneficial Interest,$14.9534,-0.1466,-0.971%,439202263.00,United States,2005,46005,Finance,Investment Bankers/Brokers/Service
ETD,Ethan Allen Interiors Inc. Common Stock,$27.80,-0.12,-0.43%,706952888.00,United States,,68098,Consumer Discretionary,Home Furnishings
ETG,Eaton Vance Tax-Advantaged Global Dividend Income Fund Common Shares of Beneficial Interest,$18.33,-0.12,-0.65%,0.00,United States,2004,107384,Finance,Investment Managers
ETI^,Entergy Texas Inc 5.375% Series A Preferred Stock Cumulative No Par Value,$23.37,0.00,0.00%,,United States,,100,,
ETJ,Eaton Vance Risk-Managed Diversified Equity Income Fund Common Shares of Beneficial Interest,$9.28,-0.07,-0.749%,0.00,United States,2007,52351,Finance,Finance Companies
ETN,Eaton Corporation PLC Ordinary Shares,$333.8045,-0.8255,-0.247%,131919538400.00,Ireland,,623588,Technology,Industrial Machinery/Components
ETNB,89bio Inc. Common Stock,$7.75,-0.13,-1.65%,822479120.00,United States,2019,198039,Health Care,Biotechnology: Pharmaceutical Preparations
ETO,Eaton Vance Tax-Advantage Global Dividend Opp Common Stock,$25.29,-0.23,-0.901%,414456010.00,United States,2004,9784,Finance,Investment Managers
ETON,Eton Pharmaceuticals Inc. Common Stock,$13.1001,0.0501,0.384%,338456856.00,United States,2018,96765,Health Care,Biotechnology: Pharmaceutical Preparations
ETR,Entergy Corporation Common Stock,$75.625,-0.135,-0.178%,32429212118.00,United States,,685554,Utilities,Electric Utilities: Central
ETSY,Etsy Inc. Common Stock,$53.34,0.63,1.195%,6000349363.00,United States,2015,1297566,Consumer Discretionary,Business Services
ETV,Eaton Vance Corporation Eaton Vance Tax-Managed Buy-Write Opportunities Fund Common Shares of Beneficial Interest,$14.325,-0.155,-1.07%,1565269099.00,United States,2005,97783,Finance,Investment Bankers/Brokers/Service
ETW,Eaton Vance Corporation Eaton Vance Tax-Managed Global Buy-Write Opportunites Fund Common Shares of Beneficial Interest,$8.415,-0.025,-0.296%,922265369.00,United States,2005,161936,Finance,Investment Managers
ETWO,E2open Parent Holdings Inc.Class A Common Stock,$2.635,-0.015,-0.566%,814277289.00,United States,2020,257095,Technology,EDP Services
ETX           ,Eaton Vance Municipal Income 2028 Term Trust Common Shares of Beneficial Interest,$17.70,0.01,0.057%,192663721.00,,2013,43567,Finance,Investment Managers
ETY,Eaton Vance Tax-Managed Diversified Equity Income Fund Common Shares of Beneficial Interest,$15.00,-0.04,-0.266%,0.00,United States,2006,147885,Finance,Finance Companies
EU,enCore Energy Corp. Common Shares,$3.39,-0.05,-1.453%,630840415.00,United States,,775144,Basic Materials,Other Metals and Minerals
EUDA,EUDA Health Holdings Limited Ordinary Shares,$4.49,-0.08,-1.751%,157733700.00,Singapore,2021,89616,Health Care,Medical/Nursing Services
EUDAW,EUDA Health Holdings Limited Warrant,$0.1475,0.00,0.00%,5181675.00,Singapore,2021,31,Health Care,Medical/Nursing Services
EURK,Eureka Acquisition Corp Class A Ordinary Share,$10.15,0.00,0.00%,0.00,United States,2024,101,,
EVAX,Evaxion Biotech A/S American Depositary Share,$0.9521,-0.1079,-10.179%,5312718.00,Denmark,2021,742319,Health Care,Biotechnology: Biological Products (No Diagnostic Substances)
EVBN,Evans Bancorp Inc. Common Stock,$43.595,-0.015,-0.034%,241265149.00,United States,,8366,Finance,Major Banks
EVC,Entravision Communications Corporation Common Stock,$2.33,-0.01,-0.427%,209669966.00,United States,2000,133060,Industrials,Broadcasting
EVCM,EverCommerce Inc. Common Stock,$11.095,-0.055,-0.493%,2035754847.00,United States,2021,25590,Technology,Computer Software: Prepackaged Software
EVER,EverQuote Inc. Class A Common Stock,$19.325,-0.355,-1.804%,683167061.00,United States,2018,236617,Technology,Computer Software: Programming Data Processing
EVEX,Eve Holding Inc. Common Stock,$5.49,0.08,1.479%,1634067196.00,,2022,109812,Industrials,Aerospace
EVF,Eaton Vance Senior Income Trust Common Stock,$6.16,0.00,0.00%,108039365.00,United States,1998,18318,Finance,Investment Bankers/Brokers/Service
EVG,Eaton Vance Short Diversified Income Fund Eaton Vance Short Duration Diversified Income Fund Common Shares of Beneficial Interest,$10.859,-0.011,-0.101%,0.00,United States,2005,32465,Finance,Investment Managers
EVGN,Evogene Ltd Ordinary Shares,$1.94,0.29,17.576%,9853260.00,Israel,,174163,Industrials,Agricultural Chemicals
EVGO,EVgo Inc. Class A Common Stock,$4.105,-0.095,-2.262%,1244439748.00,United States,,2902610,Technology,EDP Services
EVGOW,EVgo Inc. Warrants,$0.55,-0.0601,-9.851%,166733706.00,United States,,98133,Technology,EDP Services
EVGR,Evergreen Corporation Class A Ordinary Share,$11.90,0.01,0.084%,0.00,Malaysia,2022,230,Finance,Blank Checks
EVGRU,Evergreen Corporation Unit,$11.85,0.00,0.00%,0.00,Malaysia,2022,110,Finance,Blank Checks
EVH,Evolent Health Inc Class A Common Stock,$10.965,-0.165,-1.482%,1278123273.00,United States,2015,447856,Consumer Discretionary,Other Consumer Services
EVI,EVI Industries Inc.  Common Stock,$17.06,-0.12,-0.698%,217303115.00,United States,1999,9670,Consumer Discretionary,Other Consumer Services
EVLV,Evolv Technologies Holdings Inc. Class A Common Stock,$3.965,-0.005,-0.126%,624685893.00,United States,2020,569362,Technology,Computer peripheral equipment
EVLVW,Evolv Technologies Holdings Inc. Warrant,$0.30,0.0023,0.773%,47265011.00,United States,2020,10573,Technology,Computer peripheral equipment
EVM,Eaton Vance California Municipal Bond Fund Common Shares of Beneficial Interest $.01 par value,$9.26,0.045,0.488%,0.00,United States,2002,40860,Finance,Finance/Investors Services
EVN,Eaton Vance Municipal Income Trust Common Stock,$10.0394,0.0294,0.294%,398234516.00,United States,1999,166065,Finance,Investment Managers
EVO,Evotec SE American Depositary Shares,$4.32,-0.22,-4.846%,1530884759.00,Germany,2021,34913,Health Care,Biotechnology: Pharmaceutical Preparations
EVOK,Evoke Pharma Inc. Common Stock,$4.8523,-0.0077,-0.158%,7210561.00,United States,2013,6158,Health Care,Biotechnology: Pharmaceutical Preparations
EVR,Evercore Inc. Class A Common Stock,$278.88,0.84,0.302%,10616624434.00,United States,2006,128646,Finance,Investment Managers
EVRG,Evergy Inc. Common Stock,$61.43,-0.27,-0.438%,14127436185.00,United States,,350602,Utilities,Power Generation
EVRI,Everi Holdings Inc. Common Stock,$13.485,-0.005,-0.037%,1163035145.00,United States,,517741,Consumer Discretionary,Services-Misc. Amusement & Recreation
EVT,Eaton Vance Tax Advantaged Dividend Income Fund Common Shares of Beneficial Interest,$23.9812,-0.0888,-0.369%,0.00,United States,2003,81863,Finance,Finance Companies
EVTC,Evertec Inc. Common Stock,$34.70,-0.06,-0.173%,2207408472.00,Puerto Rico,2013,82045,Technology,EDP Services
EVTL,Vertical Aerospace Ltd. Ordinary Shares,$13.00,-2.50,-16.129%,287624012.00,,2021,438431,Industrials,Aerospace
EVTV,Envirotech Vehicles Inc. Common Stock,$1.21,-0.07,-5.469%,20294861.00,United States,,12172,Consumer Discretionary,Auto Parts:O.E.M.
EVV,Eaton Vance Limited Duration Income Fund Common Shares of Beneficial Interest,$9.849,-0.051,-0.515%,0.00,United States,2003,185244,Finance,Finance/Investors Services
EW,Edwards Lifesciences Corporation Common Stock,$74.615,-1.035,-1.368%,44007927000.00,United States,,862548,Health Care,Industrial Specialties
EWBC,East West Bancorp Inc. Common Stock,$96.82,0.14,0.145%,13422073625.00,United States,,157609,Finance,Major Banks
EWCZ,European Wax Center Inc. Class A Common Stock,$6.24,0.00,0.00%,355324027.00,United States,2021,1022378,Consumer Discretionary,Other Consumer Services
EWTX,Edgewise Therapeutics Inc. Common Stock,$27.62,-1.12,-3.897%,2615296840.00,United States,2021,251479,Health Care,Biotechnology: Pharmaceutical Preparations
EXAS,Exact Sciences Corporation Common Stock,$56.32,-1.23,-2.137%,10423496822.00,United States,2001,440015,Health Care,Medical Specialities
EXC,Exelon Corporation Common Stock,$37.54,0.11,0.294%,37721455409.00,United States,,1235487,Utilities,Power Generation
EXE,Expand Energy Corporation Common Stock,$100.20,3.59,3.716%,23149686058.00,United States,,1465956,Energy,Oil & Gas Production
EXEEL,Expand Energy Corporation Class C Warrants,$88.00,4.9399,5.947%,20331061608.00,United States,,826,Energy,Oil & Gas Production
EXEL,Exelixis Inc. Common Stock,$34.14,0.33,0.976%,9749667743.00,United States,2000,548577,Health Care,Biotechnology: Biological Products (No Diagnostic Substances)
EXFY,Expensify Inc. Class A Common Stock,$3.4491,-0.0209,-0.602%,306841859.00,United States,2021,198492,Technology,Computer Software: Prepackaged Software
EXG,Eaton Vance Tax-Managed Global Diversified Equity Income Fund Common Shares of Beneficial Interest,$8.195,-0.045,-0.546%,0.00,United States,2007,492711,Finance,Finance Companies
EXK,Endeavour Silver Corporation Ordinary Shares (Canada),$3.65,-0.04,-1.084%,957436840.00,Canada,,4552856,Basic Materials,Precious Metals
EXLS,ExlService Holdings Inc. Common Stock,$44.36,-0.17,-0.382%,7136744905.00,United States,2006,212396,Consumer Discretionary,Business Services
EXOD,Exodus Movement Inc. Class A Common Stock,$39.00,-1.5785,-3.89%,1049278386.00,,,14634,Finance,Finance: Consumer Services
EXP,Eagle Materials Inc Common Stock,$248.165,-1.265,-0.507%,8324299350.00,United States,,90901,Industrials,Building Materials
EXPD,Expeditors International of Washington Inc. Common Stock,$111.305,-0.115,-0.103%,15580014322.00,United States,,327137,Consumer Discretionary,Oil Refining/Marketing
EXPE,Expedia Group Inc. Common Stock,$186.155,0.045,0.024%,23892337123.00,United States,,676440,Consumer Discretionary,Transportation Services
EXPI,eXp World Holdings Inc. Common Stock,$11.71,-0.09,-0.763%,1798086730.00,United States,,404841,Finance,Real Estate
EXPO,Exponent Inc. Common Stock,$89.52,0.09,0.101%,4544434191.00,United States,,75454,Consumer Discretionary,Professional Services
EXR,Extra Space Storage Inc Common Stock,$146.74,-1.35,-0.912%,31106468915.00,United States,2004,173999,Real Estate,Real Estate Investment Trusts
EXTO,Almacenes Exito S.A. American Depositary Share each representing eight (8) Common Shares,$3.335,-0.235,-6.583%,541047205.00,,2023,176379,Consumer Discretionary,Department/Specialty Retail Stores
EXTR,Extreme Networks Inc. Common Stock,$16.85,-0.24,-1.404%,2226473419.00,United States,1999,329686,Telecommunications,Computer Communications Equipment
EYE,National Vision Holdings Inc. Common Stock,$9.975,-0.595,-5.629%,785528906.00,United States,2017,723969,Health Care,Ophthalmic Goods
EYEN,Eyenovia Inc. Common Stock,$0.1046,0.0104,11.04%,9041793.00,United States,2018,9675378,Health Care,Biotechnology: Pharmaceutical Preparations
EYPT,EyePoint Pharmaceuticals Inc. Common Stock,$7.055,-0.145,-2.014%,481511024.00,United States,,210522,Industrials,Biotechnology: Laboratory Analytical Instruments
EZFL,EzFill Holdings Inc. Common Stock,$3.43,-0.04,-1.153%,21302962.00,United States,2021,13206,Consumer Discretionary,Retail-Auto Dealers and Gas Stations
EZGO,EZGO Technologies Ltd. Ordinary Shares,$0.79,-0.0199,-2.457%,2017770.00,China,2021,241582,Consumer Discretionary,Motor Vehicles
EZPW,EZCORP Inc. Class A Non Voting Common Stock,$12.29,-0.035,-0.284%,669380356.00,United States,1991,70391,Consumer Discretionary,Other Specialty Stores
F,Ford Motor Company Common Stock,$9.9398,-0.0902,-0.899%,39503633757.00,United States,,26930480,Consumer Discretionary,Auto Manufacturing
F^B,Ford Motor Company 6.20% Notes due June 1 2059,$22.97,0.03,0.131%,,United States,,70445,,
F^C,Ford Motor Company 6% Notes due December 1 2059,$22.875,-0.015,-0.066%,,United States,,66457,,
F^D,Ford Motor Company 6.500% Notes due August 15 2062,$24.60,0.33,1.36%,,United States,,70889,,
FA,First Advantage Corporation Common Stock,$18.705,0.055,0.295%,3229464769.00,United States,2021,94451,Consumer Discretionary,Business Services
FAAS,DigiAsia Corp. Ordinary Shares,$0.96,0.138,16.788%,58264164.00,United States,2021,1330629,Technology,Computer Software: Prepackaged Software
FAASW,DigiAsia Corp. Warrant,$0.132,0.002,1.538%,8011322.00,United States,2021,157740,Technology,Computer Software: Prepackaged Software
FACT,FACT II Acquisition Corp. Class A Ordinary Shares,$9.88,0.00,0.00%,0.00,United States,2024,250153,,
FACTU,FACT II Acquisition Corp. Unit,$9.99,0.00,0.00%,0.00,United States,2024,11,Finance,Blank Checks
FACTW,FACT II Acquisition Corp. Warrant,$0.15,0.0099,7.066%,0.00,United States,2024,204745,Finance,Blank Checks
FAF,First American Corporation (New) Common Stock,$62.415,-0.125,-0.20%,6428989792.00,United States,,69749,Finance,Specialty Insurers
FAMI,Farmmi Inc. Ordinary Shares,$0.3218,0.0064,2.029%,3436824.00,China,2018,384373,Consumer Staples,Packaged Foods
FANG,Diamondback Energy Inc. Common Stock,$161.27,2.93,1.85%,47089097316.00,United States,2012,829829,Energy,Oil & Gas Production
FARM,Farmer Brothers Company Common Stock,$1.80,0.03,1.695%,38282801.00,United States,,50327,Consumer Staples,Packaged Foods
FARO,FARO Technologies Inc. Common Stock,$25.36,-0.30,-1.169%,479743311.00,United States,1997,58897,Industrials,Industrial Machinery/Components
FAST,Fastenal Company Common Stock,$72.33,-0.685,-0.938%,41436880183.00,United States,1987,794261,Consumer Discretionary,RETAIL: Building Materials
FAT,FAT Brands Inc. Class A Common Stock,$5.22,-0.11,-2.064%,89296478.00,United States,2017,12493,Consumer Discretionary,Restaurants
FATBB,FAT Brands Inc. Class B Common Stock,$4.15,-0.25,-5.682%,70992411.00,United States,,683,Consumer Discretionary,Restaurants
FATBP,FAT Brands Inc. 8.25% Series B Cumulative Preferred Stock,$9.5372,-0.1128,-1.169%,163149113.00,United States,,26088,Consumer Discretionary,Restaurants
FATBW,FAT Brands Inc. Warrant,$3.39,0.29,9.355%,57991391.00,United States,,905,Consumer Discretionary,Restaurants
FATE,Fate Therapeutics Inc. Common Stock,$1.61,0.00,0.00%,183369876.00,United States,2013,1241614,Health Care,Biotechnology: Biological Products (No Diagnostic Substances)
FAX,abrdn Asia-Pacific Income Fund Inc. Common Stock,$14.795,-0.275,-1.825%,0.00,United States,1986,320382,Finance,Investment Managers
FBIN,Fortune Brands Innovations Inc. Common Stock,$68.64,-0.58,-0.838%,8526847312.00,United States,,198664,Basic Materials,Forest Products
FBIO,Fortress Biotech Inc. Common Stock,$2.1193,-0.2407,-10.199%,58503137.00,United States,,1296301,Health Care,Biotechnology: Pharmaceutical Preparations
FBIOP,Fortress Biotech Inc. 9.375% Series A Cumulative Redeemable Perpetual Preferred Stock,$6.7654,-0.0846,-1.235%,186758420.00,United States,,12248,Health Care,Biotechnology: Pharmaceutical Preparations
FBIZ,First Business Financial Services Inc. Common Stock,$46.03,0.16,0.349%,381819633.00,United States,,14270,Finance,Major Banks
FBK,FB Financial Corporation Common Stock,$51.74,0.05,0.097%,2414294570.00,United States,2016,23652,Finance,Major Banks
FBLA,FB Bancorp Inc. Common Stock,$11.9499,-0.0801,-0.666%,237056141.00,United States,2024,34797,Finance,Banks
FBLG,FibroBiologics Inc. Common Stock,$2.17,-0.19,-8.051%,75210301.00,United States,,70030,Health Care,Biotechnology: Pharmaceutical Preparations
FBMS,First Bancshares Inc.,$35.26,0.30,0.858%,1100080231.00,United States,,56184,Finance,Major Banks
FBNC,First Bancorp Common Stock,$44.4211,0.0211,0.048%,1836453518.00,United States,1987,26025,Finance,Major Banks
FBP,First BanCorp. New Common Stock,$18.66,-0.03,-0.161%,3057818529.00,Puerto Rico,,210886,Finance,Major Banks
FBRT,Franklin BSP Realty Trust Inc. Common Stock,$12.60,-0.08,-0.631%,1031198326.00,United States,2021,166061,Real Estate,Real Estate Investment Trusts
FBRT^E,Franklin BSP Realty Trust Inc. 7.50% Series E Cumulative Redeemable Preferred Stock,$20.85,-0.10,-0.477%,,United States,,7470,,
FBRX,Forte Biosciences Inc. Common Stock,$20.81,-2.11,-9.206%,30422847.00,United States,2017,24216,Health Care,Biotechnology: Pharmaceutical Preparations
FBYD,Falcon's Beyond Global Inc. Class A Common Stock,$7.5494,-0.5465,-6.75%,973087062.00,United States,,5312,Consumer Discretionary,Services-Misc. Amusement & Recreation
FC,Franklin Covey Company Common Stock,$37.20,0.20,0.541%,490454881.00,United States,,19296,Consumer Discretionary,Other Consumer Services
FCAP,First Capital Inc. Common Stock,$32.00,-0.25,-0.775%,107264096.00,United States,,4328,Finance,Savings Institutions
FCBC,First Community Bankshares Inc. (VA) Common Stock,$42.03,0.32,0.767%,768768124.00,United States,,10661,Finance,Major Banks
FCCO,First Community Corporation Common Stock,$23.905,-0.155,-0.644%,182649690.00,United States,,6394,Finance,Major Banks
FCEL,FuelCell Energy Inc. Common Stock,$9.3847,-0.6553,-6.527%,191222225.00,United States,,678269,Energy,Industrial Machinery/Components
FCF,First Commonwealth Financial Corporation Common Stock,$16.9608,-0.0392,-0.231%,1726316103.00,United States,,120775,Finance,Major Banks
FCFS,FirstCash Holdings Inc. Common Stock,$103.435,0.335,0.325%,4628959115.00,United States,1991,39760,Consumer Discretionary,Other Specialty Stores
FCN,FTI Consulting Inc. Common Stock,$191.94,-0.97,-0.503%,6899154508.00,United States,1999,42526,Consumer Discretionary,Professional Services
FCNCA,First Citizens BancShares Inc. Class A Common Stock,$2139.26,6.82,0.32%,29927167074.00,United States,,21305,Finance,Major Banks
FCNCO,First Citizens BancShares Inc. 5.625% Non-Cumulative Perpetual Preferred Stock Series C,$22.05,-0.13,-0.586%,308468365.00,United States,,21683,Finance,Major Banks
FCNCP,First Citizens BancShares Inc. Depositary Shares,$22.40,0.18,0.81%,313364688.00,United States,,7088,Finance,Major Banks
FCO,abrdn Global Income Fund Inc. Common Stock,$5.905,-0.075,-1.254%,0.00,United States,1992,32510,Finance,Investment Managers
FCPT,Four Corners Property Trust Inc. Common Stock,$27.40,-0.05,-0.182%,2650506010.00,United States,2015,133425,Real Estate,Real Estate Investment Trusts
FCRX,Crescent Capital BDC Inc. 5.00% Notes due 2026,$24.45,0.07,0.287%,906154824.00,United States,2023,999,Finance,Finance: Consumer Services
FCT,First Trust Senior Floating Rate Income Fund II Common Shares of Beneficial Interest,$10.433,-0.027,-0.258%,0.00,United States,2004,47827,Finance,Finance Companies
FCUV,Focus Universal Inc. Common Stock,$0.4155,0.0405,10.80%,30297329.00,United States,,3323505,Industrials,Industrial Machinery/Components
FCX,Freeport-McMoRan Inc. Common Stock,$38.25,-0.61,-1.57%,54962484908.00,United States,,4843178,Basic Materials,Metal Mining
FDBC,Fidelity D & D Bancorp Inc. Common Stock,$48.027,-0.673,-1.382%,275484073.00,United States,,2036,Finance,Major Banks
FDMT,4D Molecular Therapeutics Inc. Common Stock,$5.36,-0.19,-3.423%,247780520.00,United States,2020,595819,Health Care,Biotechnology: Biological Products (No Diagnostic Substances)
FDP,Fresh Del Monte Produce Inc. Common Stock,$33.28,0.20,0.605%,1595505134.00,Cayman Islands,1997,78288,Consumer Staples,Farming/Seeds/Milling
FDS,FactSet Research Systems Inc. Common Stock,$484.08,-2.48,-0.51%,18389640088.00,United States,2000,64240,Technology,Computer Software: Programming Data Processing
FDSB,Fifth District Bancorp Inc. Common Stock,$12.66,-0.01,-0.079%,70382928.00,United States,2024,14848,Finance,Savings Institutions
FDUS,Fidus Investment Corporation Common Stock,$20.965,0.105,0.503%,711020679.00,United States,2011,118806,Finance,Finance/Investors Services
FDX,FedEx Corporation Common Stock,$281.94,1.58,0.564%,67905419010.00,United States,,680697,Consumer Discretionary,Air Freight/Delivery Services
FE,FirstEnergy Corp. Common Stock,$39.595,-0.075,-0.189%,22819271773.00,United States,,712892,Utilities,Electric Utilities: Central
FEAM,5E Advanced Materials Inc. Common Stock,$0.7699,0.1099,16.652%,53033045.00,United States,,598993,Industrials,Mining & Quarrying of Nonmetallic Minerals (No Fuels)
FEBO,Fenbo Holdings Limited Ordinary Shares,$1.65,0.015,0.917%,18150000.00,Hong Kong,2023,54371,Consumer Discretionary,Home Furnishings
FEDU,Four Seasons Education (Cayman) Inc. American Depositary Shares each ADS representing 10 ordinary shares,$9.87,-0.23,-2.277%,208882916.00,,2017,3480,Real Estate,Other Consumer Services
FEIM,Frequency Electronics Inc. Common Stock,$19.189,-0.231,-1.189%,184433941.00,United States,,17150,Industrials,Electrical Products
FELE,Franklin Electric Co. Inc. Common Stock,$97.70,-0.25,-0.255%,4463654486.00,United States,,42825,Consumer Discretionary,Metal Fabrications
FEMY,Femasys Inc. Common Stock,$1.102,-0.028,-2.478%,25234112.00,United States,2021,113979,Health Care,Medical/Dental Instruments
FENC,Fennec Pharmaceuticals Inc. Common Stock,$6.298,0.078,1.254%,172118042.00,United States,,12382,Health Care,Biotechnology: Biological Products (No Diagnostic Substances)
FENG,Phoenix New Media Limited American Depositary Shares each representing 48 Class A ordinary shares.,$2.3301,-0.0799,-3.315%,28168980.00,China,2011,4098,Industrials,Broadcasting
FER,Ferrovial SE Ordinary Shares,$42.48,0.11,0.26%,31262266256.00,Netherlands,,21446,Industrials,Military/Government/Technical
FERG,Ferguson Enterprises Inc. Common Stock,$174.22,-0.92,-0.525%,35087743711.00,United Kingdom,2021,243057,Miscellaneous,Miscellaneous
FET,Forum Energy Technologies Inc. Common Stock,$15.25,0.28,1.87%,187325968.00,United States,2012,23566,Industrials,Metal Fabrications
FF,FutureFuel Corp.  Common shares,$5.2848,0.0848,1.631%,231279987.00,United States,,128738,Industrials,Major Chemicals
FFA,First Trust Enhanced Equity Income Fund,$20.68,0.15,0.731%,0.00,United States,2004,35432,Finance,Investment Managers
FFBC,First Financial Bancorp. Common Stock,$27.05,-0.04,-0.148%,2582981589.00,United States,,58397,Finance,Major Banks
FFC,Flaherty & Crumrine Preferred and Income Securities Fund Incorporated,$15.375,-0.085,-0.55%,0.00,United States,2003,101819,Finance,Trusts Except Educational Religious and Charitable
FFIC,Flushing Financial Corporation Common Stock,$14.14,-0.04,-0.282%,411034288.00,United States,,105365,Finance,Major Banks
FFIE,Faraday Future Intelligent Electric Inc. Class A Common Stock,$2.95,1.19,67.614%,133729459.00,United States,2020,122625575,Consumer Discretionary,Auto Manufacturing
FFIEW,Faraday Future Intelligent Electric Inc. Warrant,$0.0675,0.0423,167.857%,3059911.00,United States,2020,2319175,Consumer Discretionary,Auto Manufacturing
FFIN,First Financial Bankshares Inc. Common Stock,$36.32,0.16,0.442%,5190497374.00,United States,,180455,Finance,Major Banks
FFIV,F5 Inc. Common Stock,$254.00,-1.63,-0.638%,14888175710.00,United States,1999,77164,Telecommunications,Computer Communications Equipment
FFNW,First Financial Northwest Inc. Common Stock,$21.605,0.145,0.676%,199414366.00,United States,2007,5249,Finance,Banks
FFWM,First Foundation Inc. Common Stock,$6.02,0.04,0.669%,495717406.00,United States,,324108,Finance,Major Banks
FG,F&G Annuities & Life Inc. Common Stock,$42.065,0.545,1.313%,5304125643.00,United States,2022,15482,Finance,Life Insurance
FGB,First Trust Specialty Finance and Financial Opportunities Fund,$4.27,-0.04,-0.928%,0.00,United States,2007,14769,Finance,Finance/Investors Services
FGBI,First Guaranty Bancshares Inc. Common Stock,$11.32,-0.15,-1.308%,141553396.00,United States,,6605,Finance,Savings Institutions
FGBIP,First Guaranty Bancshares Inc. 6.75% Series A Fixed-Rate Non-Cumulative Perpetual Preferred Stock,$19.35,-0.03,-0.155%,241966274.00,United States,,1568,Finance,Savings Institutions
FGEN,FibroGen Inc Common Stock,$0.5295,-0.0505,-8.707%,53357796.00,United States,2014,876438,Health Care,Biotechnology: Pharmaceutical Preparations
FGF,Fundamental Global Inc. Common Stock ,$19.54,0.24,1.244%,24702976.00,United States,2014,4111,Finance,Property-Casualty Insurers
FGFPP,Fundamental Global Inc. 8.00% Cumulative Preferred Stock,$15.2001,-0.1499,-0.977%,19216362.00,United States,,3739,Finance,Property-Casualty Insurers
FGI,FGI Industries Ltd. Ordinary Shares,$0.7525,-0.0475,-5.938%,7196845.00,United States,2022,6183,Industrials,Industrial Specialties
FGIWW,FGI Industries Ltd. Warrant,$0.0805,0.00,0.00%,769895.00,United States,2022,42,Industrials,Industrial Specialties
FGL,Founder Group Limited Ordinary Shares,$1.6444,-0.1056,-6.034%,27821193.00,Malaysia,2024,248458,Consumer Discretionary,Engineering & Construction
FGN,F&G Annuities & Life Inc. 7.950% Senior Notes due 2053,$26.51,0.05,0.189%,3342872507.00,United States,2023,4408,Finance,Life Insurance
FHB,First Hawaiian Inc. Common Stock,$25.99,0.04,0.154%,3323761480.00,United States,2016,189715,Finance,Major Banks
FHI,Federated Hermes Inc. Common Stock,$41.16,-0.26,-0.628%,3367452386.00,United States,,141549,Finance,Investment Managers
FHN,First Horizon Corporation Common Stock,$20.215,0.025,0.124%,10716744542.00,United States,,1343170,Finance,Major Banks
FHN^B,First Horizon Corporation Depositary Shares each representing a 1/400th interest in a share of Non-Cumulative Perpetual Preferred Stock Series B,$25.5715,0.0815,0.32%,,United States,,2342,,
FHN^C,First Horizon Corporation Depositary Shares each representing a 1/400th interest in a share of Non-Cumulative Perpetual Preferred Stock Series C,$25.25,0.04,0.159%,,United States,,2831,,
FHN^E,First Horizon Corporation Depositary Shares each representing a 1/4000th interest in a share of Non-Cumulative Perpetual Preferred Stock Series E,$23.585,0.065,0.276%,,United States,,12654,,
FHN^F,First Horizon Corporation Depositary Shares each representing 1/4000th Interest in a Share of Non-Cumulative Perpetual Preferred Stock Series F,$17.80,-0.07,-0.392%,,United States,,17293,,
FHTX,Foghorn Therapeutics Inc. Common Stock,$4.56,-0.26,-5.394%,253504677.00,United States,2020,92682,Health Care,Biotechnology: Pharmaceutical Preparations
FI,Fiserv Inc. Common Stock,$207.22,-0.73,-0.351%,117891340267.00,United States,,475617,Consumer Discretionary,Business Services
FIBK,First Interstate BancSystem Inc. Common Stock (DE),$32.60,0.21,0.648%,3407673534.00,United States,2010,187625,Finance,Major Banks
FICO,Fair Isaac Corporation Common Stock,$2020.62,-16.71,-0.82%,49197859760.00,United States,,43438,Consumer Discretionary,Business Services
FIGS,FIGS Inc. Class A Common Stock,$6.21,0.20,3.328%,1054521826.00,United States,2021,722328,Consumer Discretionary,Apparel
FIHL,Fidelis Insurance Holdings Limited Common Shares,$17.62,0.01,0.057%,2077657965.00,Bermuda,2023,150161,Finance,Property-Casualty Insurers
FINS,Angel Oak Financial Strategies Income Term Trust Common Shares of Beneficial Interest,$12.80,-0.08,-0.621%,320801766.00,,2019,57687,Finance,Finance/Investors Services
FINV,FinVolution Group American Depositary Shares,$6.825,-0.035,-0.51%,1810529093.00,United States,2017,146101,Finance,Finance: Consumer Services
FINW,FinWise Bancorp Common Stock,$15.75,-0.36,-2.235%,208075770.00,United States,2021,3065,Finance,Major Banks
FIP,FTAI Infrastructure Inc. Common Stock ,$7.105,-0.005,-0.07%,808159042.00,United States,,552274,Energy,Oil Refining/Marketing
FIS,Fidelity National Information Services Inc. Common Stock,$81.03,-0.57,-0.699%,43622853305.00,United States,,548168,Consumer Discretionary,Business Services
FISI,Financial Institutions Inc. Common Stock,$27.03,0.02,0.074%,418270707.00,United States,1999,45472,Finance,Major Banks
FITB,Fifth Third Bancorp Common Stock,$42.845,-0.055,-0.128%,28729428203.00,United States,,931601,Finance,Major Banks
FITBI,Fifth Third Bancorp Depositary Shares,$25.34,-0.05,-0.197%,16991567526.00,United States,,37253,Finance,Major Banks
FITBO,Fifth Third Bancorp Depositary Shares each representing a 1/1000th ownership interest in a share of Non-Cumulative Perpetual Preferred Stock Series K,$20.98,0.02,0.095%,14067998686.00,United States,,18359,Finance,Major Banks
FITBP,Fifth Third Bancorp Depositary Shares each representing 1/40th share of Fifth Third 6.00% Non-Cumulative Perpetual Class B Preferred Stock Series A,$24.60,0.20,0.82%,16495365475.00,United States,,5734,Finance,Major Banks
FIVE,Five Below Inc. Common Stock,$103.645,-5.525,-5.061%,5701472998.00,United States,2012,920337,Consumer Discretionary,Department/Specialty Retail Stores
FIVN,Five9 Inc. Common Stock,$41.195,-0.225,-0.543%,3098210409.00,United States,2014,216778,Technology,EDP Services
FIX,Comfort Systems USA Inc. Common Stock,$432.615,0.585,0.135%,15397874479.00,United States,1997,84531,Industrials,Engineering & Construction
FIZZ,National Beverage Corp. Common Stock,$42.705,-0.215,-0.501%,3997813457.00,United States,,68874,Consumer Staples,Beverages (Production/Distribution)
FKWL,Franklin Wireless Corp. Common Stock,$4.82,-0.02,-0.413%,56800230.00,United States,,2406,Utilities,Telecommunications Equipment
FL,Foot Locker Inc.,$22.225,-0.655,-2.863%,2108904936.00,United States,,1066358,Consumer Discretionary,Clothing/Shoe/Accessory Stores
FLC,Flaherty & Crumrine Total Return Fund Inc Common Stock,$16.47,-0.10,-0.604%,0.00,United States,2003,30778,Finance,Trusts Except Educational Religious and Charitable
FLEX,Flex Ltd. Ordinary Shares,$38.87,-0.25,-0.639%,15073142507.00,Singapore,1994,706301,Technology,Electrical Products
FLG,Flagstar Financial Inc. Common Stock,$9.155,0.125,1.384%,3800376855.00,United States,,4393592,Finance,Banks
FLG^A,Flagstar Financial Inc. Depositary shares each representing a 1/40th interest in a share of Fixed-to-Floating Rate Series A Noncumulative Perpetual Preferred Stock,$21.17,-0.12,-0.564%,,United States,,65352,,
FLG^U,Flagstar Financial Inc. Bifurcated Option Note Unit SecuritiES,$38.12,-0.255,-0.664%,,United States,,36999,,
FLGC,Flora Growth Corp. Common Stock,$0.9901,-0.0299,-2.931%,13234206.00,Canada,2021,319086,Health Care,Biotechnology: Pharmaceutical Preparations
FLGT,Fulgent Genetics Inc. Common Stock,$18.57,0.20,1.089%,567997080.00,United States,2016,254918,Health Care,Medical Specialities
FLIC,First of Long Island Corporation (The) Common Stock,$11.79,-0.08,-0.674%,265789869.00,United States,,41915,Finance,Major Banks
FLL,Full House Resorts Inc. Common Stock,$4.07,0.14,3.562%,144896465.00,United States,,65178,Consumer Discretionary,Hotels/Resorts
FLNC,Fluence Energy Inc. Class A Common Stock,$16.37,0.13,0.80%,2964942159.00,United States,2021,702918,Miscellaneous,Industrial Machinery/Components
FLNG,FLEX LNG Ltd. Ordinary Shares,$22.4052,0.5952,2.729%,1202711136.00,,2019,313274,Consumer Discretionary,Marine Transportation
FLNT,Fluent Inc. Common Stock,$2.5557,-0.1043,-3.921%,43131971.00,United States,,18921,Consumer Discretionary,Advertising
FLO,Flowers Foods Inc. Common Stock,$20.4042,-0.0658,-0.321%,4297074693.00,United States,,536927,Consumer Staples,Packaged Foods
FLR,Fluor Corporation Common Stock,$49.81,-0.25,-0.499%,8543205335.00,United States,,554837,Industrials,Military/Government/Technical
FLS,Flowserve Corporation Common Stock,$57.81,0.03,0.052%,7594874251.00,United States,,282088,Industrials,Fluid Controls
FLUT,Flutter Entertainment plc Ordinary Shares,$260.73,-1.07,-0.409%,46415191624.00,,2024,337151,Technology,Computer Software: Programming Data Processing
FLUX,Flux Power Holdings Inc. Common Stock,$1.75,0.08,4.79%,29194314.00,United States,,169152,Miscellaneous,Industrial Machinery/Components
FLWS,1-800-FLOWERS.COM Inc. Common Stock,$8.07,0.29,3.728%,515277150.00,United States,1999,218648,Consumer Discretionary,Other Specialty Stores
FLX,BingEx Limited American Depositary Shares,$8.09,-0.0695,-0.852%,574551072.00,China,2024,5177,Industrials,Trucking Freight/Courier Services
FLXS,Flexsteel Industries Inc. Common Stock,$54.84,-0.52,-0.939%,285608310.00,United States,,10354,Consumer Discretionary,Home Furnishings
FLYE,Fly-E Group Inc. Common Stock,$0.6627,0.191,40.492%,16294136.00,United States,2024,9319436,Industrials,Aerospace
FLYW,Flywire Corporation Voting Common Stock,$20.08,-0.17,-0.84%,2498294906.00,United States,2021,211163,Consumer Discretionary,Business Services
FLYX,flyExclusive Inc. Class A Common Stock,$3.00,0.10,3.448%,234388758.00,,2023,30085,Consumer Discretionary,Transportation Services
FMAO,Farmers & Merchants Bancorp Inc. Common Stock,$28.58,0.02,0.07%,391531196.00,United States,,4926,Finance,Savings Institutions
FMBH,First Mid Bancshares Inc. Common Stock,$36.71,-0.28,-0.757%,877797332.00,United States,,21385,Finance,Major Banks
FMC,FMC Corporation Common Stock,$48.30,-0.71,-1.449%,6029558611.00,United States,,611497,Industrials,Major Chemicals
FMN,Federated Hermes Premier Municipal Income Fund,$10.92,0.05,0.46%,941902962.00,United States,2002,25567,Finance,Investment Managers
FMNB,Farmers National Banc Corp. Common Stock,$14.08,0.08,0.571%,529235267.00,United States,,35429,Finance,Major Banks
FMS,Fresenius Medical Care AG American Depositary Shares (Each representing 1/2 of an Ordinary Share),$22.855,-0.115,-0.501%,13411928754.00,Germany,,47940,Health Care,Misc Health and Biotechnology Services
FMST,Foremost Clean Energy Ltd. Common stock,$1.44,-0.11,-7.097%,10500330.00,Canada,,32258,Basic Materials,Other Metals and Minerals
FMX,Fomento Economico Mexicano S.A.B. de C.V. Common Stock,$85.72,-1.56,-1.787%,153438800000.00,Mexico,,93799,Consumer Staples,Beverages (Production/Distribution)
FMY,First Trust Motgage Income Fund Common Shares of Beneficial Interest,$11.86,-0.03,-0.252%,0.00,United States,2005,910,Finance,Finance/Investors Services
FN,Fabrinet Ordinary Shares,$217.26,-2.21,-1.007%,7879561347.00,Cayman Islands,2010,88631,Utilities,Telecommunications Equipment
FNA,Paragon 28 Inc. Common Stock,$10.32,0.13,1.276%,863993971.00,United States,2021,61372,Health Care,Medical/Dental Instruments
FNB,F.N.B. Corporation Common Stock,$14.78,0.04,0.271%,5314673808.00,United States,,1196614,Finance,Major Banks
FND,Floor & Decor Holdings Inc. Common Stock,$99.665,-0.235,-0.235%,10687211601.00,United States,2017,305303,Consumer Discretionary,RETAIL: Building Materials
FNF,FNF Group of Fidelity National Financial Inc. Common Stock,$56.42,0.10,0.178%,15438724059.00,United States,2014,183729,Finance,Specialty Insurers
FNGR,FingerMotion Inc. Common Stock,$1.19,-0.08,-6.299%,64031342.00,United States,,309223,Technology,Computer Software: Prepackaged Software
FNKO,Funko Inc. Class A Common Stock,$13.38,0.14,1.057%,724609956.00,United States,2017,289249,Consumer Discretionary,Recreational Games/Products/Toys
FNLC,First Bancorp Inc  (ME) Common Stock,$27.05,-0.02,-0.074%,301657380.00,United States,,1784,Finance,Major Banks
FNV,Franco-Nevada Corporation,$117.63,-1.00,-0.843%,22635152368.00,Canada,,196674,Basic Materials,Precious Metals
FNWB,First Northwest Bancorp Common Stock,$10.23,0.04,0.393%,95759613.00,United States,2015,16196,Finance,Banks
FNWD,Finward Bancorp Common Stock,$28.66,-0.13,-0.452%,123637520.00,United States,,4669,Finance,Major Banks
FOA,Finance of America Companies Inc. Class A Common Stock,$28.26,1.24,4.589%,280520827.00,United States,2021,138025,Finance,Finance: Consumer Services
FOF,Cohen & Steers Closed-End Opportunity Fund Inc. Common Stock,$12.6263,-0.0337,-0.266%,620439059.00,United States,2006,27274,Finance,Investment Managers
FOLD,Amicus Therapeutics Inc. Common Stock,$9.475,-0.155,-1.61%,2831184699.00,United States,2007,477396,Health Care,Biotechnology: Pharmaceutical Preparations
FONR,Fonar Corporation Common Stock,$15.00,0.05,0.334%,99814800.00,United States,1981,3384,Health Care,Biotechnology: Electromedical & Electrotherapeutic Apparatus
FOR,Forestar Group Inc Common Stock ,$25.65,-0.05,-0.195%,1299684115.00,United States,2017,37711,Finance,Real Estate
FORA,Forian Inc. Common Stock,$2.03,-0.04,-1.932%,62963249.00,United States,,2234,Technology,EDP Services
FORD,Forward Industries Inc. Common Stock,$5.46,0.30,5.814%,6011837.00,United States,,30733,Industrials,Plastic Products
FORLU,Four Leaf Acquisition Corporation Unit,$11.04,0.00,0.00%,0.00,United States,2023,200,Finance,Blank Checks
FORLW,Four Leaf Acquisition Corporation Warrants,$0.0601,0.00,0.00%,0.00,United States,2023,8,Finance,Blank Checks
FORM,FormFactor Inc. FormFactor Inc. Common Stock,$45.46,-0.46,-1.002%,3520905867.00,United States,2003,313750,Technology,Semiconductors
FORR,Forrester Research Inc. Common Stock,$15.745,0.035,0.223%,299092020.00,United States,1996,17605,Consumer Discretionary,Diversified Commercial Services
FORTY,Formula Systems (1985) Ltd. American Depositary Shares,$89.00,-4.35,-4.66%,1363272363.00,Israel,,284,Technology,EDP Services
FOSL,Fossil Group Inc. Common Stock,$1.785,-0.105,-5.556%,94951244.00,United States,1993,220174,Consumer Discretionary,Consumer Specialties
FOSLL,Fossil Group Inc. 7% Senior Notes due 2026,$13.60,0.61,4.696%,723438046.00,United States,,8676,Consumer Discretionary,Consumer Specialties
FOUR,Shift4 Payments Inc. Class A Common Stock,$105.59,0.89,0.85%,9513845578.00,United States,2020,415994,Consumer Discretionary,Business Services
FOX,Fox Corporation Class B Common Stock,$46.31,-0.32,-0.686%,21151452496.00,United States,,320106,Industrials,Broadcasting
FOXA,Fox Corporation Class A Common Stock,$49.02,-0.45,-0.91%,22560348521.00,United States,,654464,Industrials,Broadcasting
FOXF,Fox Factory Holding Corp. Common Stock,$30.015,0.395,1.334%,1251127131.00,United States,2013,362087,Consumer Discretionary,Motor Vehicles
FOXO,FOXO Technologies Inc. Class A Common Stock,$0.2921,-0.0229,-7.27%,5104907.00,,2022,2284998,Finance,Life Insurance
FOXX,Foxx Development Holdings Inc. Common Stock,$5.65,-0.03,-0.528%,41135373.00,United States,,151549,Telecommunications,Computer Communications Equipment
FOXXW,Foxx Development Holdings Inc. Warrant,$0.13,-0.12,-48.00%,946478.00,United States,,19923,Telecommunications,Computer Communications Equipment
FPAY,FlexShopper Inc. Common Stock,$1.58,0.08,5.333%,33909153.00,United States,,150033,Consumer Discretionary,Diversified Commercial Services
FPF,First Trust Intermediate Duration Preferred & Income Fund Common Shares of Beneficial Interest,$17.91,-0.02,-0.112%,0.00,United States,2013,81998,Finance,Trusts Except Educational Religious and Charitable
FPH,Five Point Holdings LLC Class A Common Shares,$3.60,0.02,0.559%,534931373.00,United States,2017,102561,Finance,Real Estate
FPI,Farmland Partners Inc. Common Stock,$11.625,0.055,0.475%,560006905.00,United States,2014,148558,Real Estate,Real Estate Investment Trusts
FR,First Industrial Realty Trust Inc. Common Stock,$50.065,-0.305,-0.606%,6626027653.00,United States,1994,275449,Real Estate,Real Estate Investment Trusts
FRA,Blackrock Floating Rate Income Strategies Fund Inc  Common Stock,$13.96,-0.09,-0.641%,2076724095.00,United States,2003,88572,Finance,Investment Bankers/Brokers/Service
FRAF,Franklin Financial Services Corporation Common Stock,$30.74,0.53,1.754%,135738833.00,United States,,975,Finance,Major Banks
FRBA,First Bank Common Stock,$14.095,0.085,0.607%,354269410.00,United States,2013,10647,Finance,Commercial Banks
FRD,Friedman Industries Inc. Common Stock,$15.40,-0.17,-1.092%,107284254.00,United States,1975,4064,Industrials,Steel/Iron Ore
FREY,FREYR Battery Inc. Common Stock,$2.775,-0.255,-8.416%,389860877.00,Luxembourg,2021,2434856,Miscellaneous,Industrial Machinery/Components
FRGE,Forge Global Holdings Inc. Common Stock,$0.94,0.0456,5.098%,173912620.00,United States,2021,252373,Finance,Investment Bankers/Brokers/Service
FRGT,Freight Technologies Inc. Ordinary Shares,$1.95,-0.02,-1.015%,2795910.00,United States,2017,45146,Consumer Discretionary,Professional Services
FRHC,Freedom Holding Corp. Common Stock,$130.57,0.83,0.64%,7914163288.00,Kazakhstan,,34502,Finance,Investment Bankers/Brokers/Service
FRME,First Merchants Corporation Common Stock,$40.1401,-0.1099,-0.273%,2355062938.00,United States,,44046,Finance,Major Banks
FRMEP,First Merchants Corporation Depository Shares,$25.64,0.00,0.00%,1504326440.00,United States,,2,Finance,Major Banks
FRO,Frontline Plc Ordinary Shares,$13.875,-0.125,-0.893%,3088892585.00,Bermuda,,907861,Consumer Discretionary,Marine Transportation
FROG,JFrog Ltd. Ordinary Shares,$29.50,-0.06,-0.203%,3291114725.00,United States,2020,207460,Technology,Computer Software: Prepackaged Software
FRPH,FRP Holdings Inc. Common Stock,$30.13,0.38,1.277%,573388182.00,United States,,8971,Finance,Real Estate
FRPT,Freshpet Inc. Common Stock,$146.51,0.15,0.102%,7111123491.00,United States,2014,385949,Consumer Staples,Packaged Foods
FRSH,Freshworks Inc. Class A Common Stock,$15.845,-0.095,-0.596%,4798729489.00,United States,2021,810497,Technology,Computer Software: Prepackaged Software
FRST,Primis Financial Corp. Common Stock,$11.65,-0.01,-0.086%,288019851.00,United States,2006,45265,Finance,Major Banks
FRSX,Foresight Autonomous Holdings Ltd. American Depositary Shares,$1.6325,-0.2075,-11.277%,25019589.00,Israel,,1379736,Technology,Computer Software: Prepackaged Software
FRT,Federal Realty Investment Trust Common Stock,$110.54,-0.89,-0.799%,9391934930.00,United States,,138062,Real Estate,Real Estate Investment Trusts
FRT^C,Federal Realty Investment Trust Depositary Shares each representing a 1/1000th interest in a 5.000% Series C Cumulative Redeemable Preferred Share,$21.125,-0.015,-0.071%,,United States,,7742,,
FSBC,Five Star Bancorp Common Stock,$30.32,0.14,0.464%,646394597.00,United States,2021,16280,Finance,Major Banks
FSBW,FS Bancorp Inc. Common Stock,$41.52,0.50,1.219%,324568981.00,United States,2012,3523,Finance,Banks
FSCO,FS Credit Opportunities Corp. Common Stock,$6.805,0.135,2.024%,1349811900.00,United States,2022,559182,Finance,Trusts Except Educational Religious and Charitable
FSEA,First Seacoast Bancorp Inc. Common Stock,$10.0601,0.00,0.00%,47234021.00,United States,2019,177,Finance,Savings Institutions
FSFG,First Savings Financial Group Inc. Common Stock,$26.10,0.30,1.163%,180041898.00,United States,2008,6450,Finance,Savings Institutions
FSHP,Flag Ship Acquisition Corp. Ordinary Shares,$10.1501,0.0001,0.001%,0.00,United States,2024,6000,,
FSI,Flexible Solutions International Inc. Common Stock (CDA),$3.58,-0.01,-0.279%,44590805.00,Canada,2002,52074,Industrials,Major Chemicals
FSK,FS KKR Capital Corp. Common Stock,$21.80,0.11,0.507%,6105448239.00,United States,2014,653093,Finance,Investment Managers
FSLR,First Solar Inc. Common Stock,$178.375,-4.255,-2.33%,19096422946.00,United States,2006,635051,Technology,Semiconductors
FSLY,Fastly Inc. Class A Common Stock,$9.545,-0.055,-0.573%,1339163500.00,United States,2019,1066519,Technology,Computer Software: Prepackaged Software
FSM,Fortuna Mining Corp. Common Shares,$4.305,-0.015,-0.347%,1348889219.00,Canada,,7715760,Basic Materials,Precious Metals
FSP,Franklin Street Properties Corp. Common Stock,$1.855,-0.025,-1.33%,192116256.00,United States,,47682,Real Estate,Real Estate Investment Trusts
FSS,Federal Signal Corporation Common Stock,$92.53,-0.13,-0.14%,5654177968.00,United States,,53148,Consumer Discretionary,Auto Manufacturing
FSTR,L.B. Foster Company Common Stock,$26.79,0.07,0.262%,290138245.00,United States,,16248,Industrials,Metal Fabrications
FSUN,FirstSun Capital Bancorp Common Stock,$39.46,-0.24,-0.605%,1091734059.00,United States,,10366,Finance,Major Banks
FSV,FirstService Corporation Common Shares,$182.5225,-1.1975,-0.652%,8216485609.00,Canada,,21624,Finance,Real Estate
FT,Franklin Universal Trust Common Stock,$7.30,0.03,0.413%,183462826.00,United States,,28692,Finance,Trusts Except Educational Religious and Charitable
FTAI,FTAI Aviation Ltd. Common Stock,$126.99,-0.12,-0.094%,13022783736.00,United States,,547777,Industrials,Misc Corporate Leasing Services
FTAIM,FTAI Aviation Ltd. 9.500% Fixed-Rate Reset Series D Cumulative Perpetual Redeemable Preferred Shares,$26.40,-0.3926,-1.465%,2707311526.00,United States,,268,Industrials,Misc Corporate Leasing Services
FTAIN,FTAI Aviation Ltd. 8.25% Fixed - Rate Reset Series C Cumulative Perpetual Redeemable Preferred Shares,$25.73,0.17,0.665%,2638603241.00,United States,,3689,Industrials,Misc Corporate Leasing Services
FTAIO,FTAI Aviation Ltd. 8.00% Fixed-to-Floating Rate Series B Cumulative Perpetual Redeemable Preferred Shares,$25.20,0.01,0.04%,2584251911.00,United States,,10462,Industrials,Misc Corporate Leasing Services
FTCI,FTC Solar Inc. Common Stock,$5.41,0.11,2.075%,69122044.00,United States,2021,171110,Technology,Semiconductors
FTDR,Frontdoor Inc. Common Stock,$55.41,-0.27,-0.485%,4201426402.00,United States,,139476,Finance,Diversified Commercial Services
FTEK,Fuel Tech Inc. Common Stock,$1.055,-0.015,-1.402%,32397228.00,United States,,63825,Industrials,Pollution Control Equipment
FTEL,Fitell Corporation Ordinary Shares,$8.63,-0.05,-0.576%,173664821.00,Australia,2023,44270,Consumer Discretionary,Recreational Games/Products/Toys
FTF,Franklin Limited Duration Income Trust Common Shares of Beneficial Interest,$6.45,0.00,0.00%,260614662.00,United States,2003,96982,Finance,Finance/Investors Services
FTFT,Future FinTech Group Inc. Common Stock,$0.3127,0.0149,5.003%,6487752.00,China,,573394,Consumer Discretionary,Business Services
FTHM,Fathom Holdings Inc. Common Stock,$1.57,-0.07,-4.268%,35513800.00,United States,2020,73956,Finance,Real Estate
FTHY,First Trust High Yield Opportunities 2027 Term Fund Common Stock,$14.46,-0.07,-0.482%,531737421.00,United States,2020,88869,Finance,Investment Managers
FTI,TechnipFMC plc Ordinary Share,$29.22,0.18,0.62%,12430626271.00,,,1003985,Industrials,Metal Fabrications
FTII,FutureTech II Acquisition Corp. Class A Common Stock,$12.24,0.95,8.415%,0.00,United States,2022,5577,Finance,Blank Checks
FTIIU,FutureTech II Acquisition Corp. Unit,$11.91,0.31,2.672%,0.00,United States,2022,1303,Finance,Blank Checks
FTK,Flotek Industries Inc. Common Stock,$9.53,-0.09,-0.936%,283954298.00,United States,,184201,Industrials,Major Chemicals
FTLF,FitLife Brands Inc. Common Stock,$34.00,1.86,5.787%,156340194.00,United States,,1409,Health Care, Medicinal Chemicals and Botanical Products 
FTNT,Fortinet Inc. Common Stock,$95.58,-0.50,-0.52%,73257548875.00,United States,2009,936600,Technology,Computer peripheral equipment
FTRE,Fortrea Holdings Inc. Common Stock,$18.71,-0.65,-3.357%,1678287000.00,United States,,246490,Health Care,Medical Specialities
FTS,Fortis Inc. Common Shares,$41.679,-0.201,-0.48%,20639440800.00,United States,2016,63776,Utilities,Electric Utilities: Central
FTV,Fortive Corporation Common Stock ,$75.18,-0.47,-0.621%,26083646419.00,United States,2016,610502,Industrials,Industrial Machinery/Components
FUBO,fuboTV Inc. Common Stock,$1.27,-0.08,-5.926%,424297640.00,United States,2020,8083318,Consumer Discretionary,Movies/Entertainment
FUFU,BitFuFu Inc. Class A Ordinary Shares,$5.15,-0.04,-0.771%,838946675.00,Singapore,,105410,Finance,Finance: Consumer Services
FUFUW,BitFuFu Inc. Warrant,$0.55,0.00,0.00%,89596247.00,Singapore,,3151,Finance,Finance: Consumer Services
FUL,H. B. Fuller Company Common Stock,$67.15,-0.48,-0.71%,3668211377.00,United States,,142322,Industrials,Home Furnishings
FULC,Fulcrum Therapeutics Inc. Common Stock,$4.655,-0.135,-2.818%,251084467.00,United States,2019,374207,Health Care,Biotechnology: Pharmaceutical Preparations
FULT,Fulton Financial Corporation Common Stock,$19.535,-0.115,-0.585%,3555866990.00,United States,,334539,Finance,Major Banks
FULTP,Fulton Financial Corporation Depositary Shares Each Representing a 1/40th Interest in a Share of Fixed Rate Non-Cumulative Perpetual Preferred Stock Series A,$20.33,-0.01,-0.049%,3700577216.00,United States,,4855,Finance,Major Banks
FUN,Six Flags Entertainment Corporation Common Stock New,$48.55,-0.53,-1.08%,4868533458.00,United States,,236460,Consumer Discretionary,Services-Misc. Amusement & Recreation
FUNC,First United Corporation Common Stock,$33.71,-0.15,-0.443%,218057349.00,United States,,9362,Finance,Major Banks
FUND,Sprott Focus Trust Inc. Common Stock,$7.26,-0.0299,-0.41%,215139624.00,United States,,61633,Finance,Investment Managers
FURY,Fury Gold Mines Limited Common Shares,$0.3719,-0.0006,-0.161%,56326439.00,,2020,236109,Basic Materials,Precious Metals
FUSB,First US Bancshares Inc. Common Stock,$13.20,-0.55,-4.00%,75446012.00,United States,,308,Finance,Major Banks
FUTU,Futu Holdings Limited American Depositary Shares,$80.73,-2.10,-2.535%,11124087984.00,Hong Kong,2019,975459,Finance,Investment Bankers/Brokers/Service
FVCB,FVCBankcorp Inc. Common Stock,$12.60,0.50,4.132%,229376133.00,United States,,6010,Finance,Major Banks
FVN,Future Vision II Acquisition Corporation Ordinary shares,$10.02,0.00,0.00%,0.00,China,2024,30,,
FVNNR,Future Vision II Acquisition Corporation Right,$0.12,0.00,0.00%,0.00,China,2024,9,,
FVNNU,Future Vision II Acquisition Corporation Units,$10.515,0.00,0.00%,0.00,China,2024,96,,
FVR,FrontView REIT Inc. Common Stock,$18.07,-0.13,-0.714%,290351579.00,United States,2024,38761,Real Estate,Real Estate Investment Trusts
FVRR,Fiverr International Ltd. Ordinary Shares no par value,$31.70,-0.49,-1.522%,1225330469.00,,2019,189024,Consumer Discretionary,Business Services
FWONA,Liberty Media Corporation Series A Liberty Formula One Common Stock,$85.50,0.56,0.659%,21264375056.00,United States,,20090,Industrials,Broadcasting
FWONK,Liberty Media Corporation Series C Liberty Formula One Common Stock,$94.66,0.74,0.788%,23542523307.00,United States,,358462,Industrials,Broadcasting
FWRD,Forward Air Corporation Common Stock,$32.785,2.645,8.776%,949270365.00,United States,,359517,Consumer Discretionary,Oil Refining/Marketing
FWRG,First Watch Restaurant Group Inc. Common Stock,$18.54,-0.16,-0.856%,1122964463.00,United States,2021,122521,Consumer Discretionary,Restaurants
FXNC,First National Corporation Common Stock,$23.72,-0.05,-0.21%,212776014.00,United States,,2654,Finance,Major Banks
FYBR,Frontier Communications Parent Inc. Common Stock,$34.71,0.07,0.202%,8643310650.00,United States,,1113073,Telecommunications,Telecommunications Equipment
G,Genpact Limited Common Stock,$42.71,-0.20,-0.466%,7532389799.00,Bermuda,2007,258995,Consumer Discretionary,Professional Services
GAB,Gabelli Equity Trust Inc. (The) Common Stock,$5.385,0.015,0.279%,1582205692.00,United States,1986,501419,Finance,Investment Managers
GAB^G,Gabelli Equity Trust Inc. (The) Series G Cumulative Preferred Stock,$21.20,0.02,0.094%,,United States,,11468,,
GAB^H,Gabelli Equity Trust Inc. (The) Pfd Ser H,$21.2101,0.0001,0.00%,,United States,,15856,,
GAB^K,Gabelli Equity Trust Inc. (The) 5.00% Series K Cumulative Preferred Stock,$21.38,0.04,0.187%,,United States,,4548,,
GABC,German American Bancorp Inc. Common Stock,$40.30,-0.26,-0.641%,1196033838.00,United States,,28462,Finance,Major Banks
GAIA,Gaia Inc. Class A Common Stock,$4.47,0.03,0.676%,104897231.00,United States,1999,5443,Consumer Discretionary,Movies/Entertainment
GAIN,Gladstone Investment Corporation Business Development Company,$13.26,0.105,0.798%,486491724.00,United States,2005,88247,Finance,Finance: Consumer Services
GAINI,Gladstone Investment Corporation 7.875% Notes due 2030,$25.2014,-0.0086,-0.034%,0.00,United States,,45479,Finance,Finance: Consumer Services
GAINL,Gladstone Investment Corporation 8.00% Notes due 2028,$25.737,-0.0536,-0.208%,944256223.00,United States,,1815,Finance,Finance: Consumer Services
GAINN,Gladstone Investment Corporation 5.00% Notes Due 2026,$24.63,0.03,0.122%,903641868.00,United States,,7676,Finance,Finance: Consumer Services
GAINZ,Gladstone Investment Corporation 4.875% Notes due 2028,$23.40,0.20,0.862%,858514808.00,United States,,477,Finance,Finance: Consumer Services
GALT,Galectin Therapeutics Inc. Common Stock,$1.12,-0.03,-2.609%,70293244.00,United States,,633324,Health Care,Biotechnology: Pharmaceutical Preparations
GAM,General American Investors Inc. Common Stock,$51.265,-0.155,-0.301%,1229109647.00,United States,,20063,Finance,Investment Managers
GAM^B,General American Investors Company Inc. Cumulative Preferred Stock,$25.25,0.25,1.00%,,United States,,7948,,
GAMB,Gambling.com Group Limited Ordinary Shares,$14.2437,-0.0063,-0.044%,530186821.00,Jersey,2021,112264,Consumer Discretionary,Services-Misc. Amusement & Recreation
GAME,GameSquare Holdings Inc. Common Stock,$0.7975,0.0064,0.809%,24214135.00,United States,,106547,Consumer Discretionary,Services-Misc. Amusement & Recreation
GAN,GAN Limited Ordinary Shares,$1.822,-0.008,-0.437%,83028890.00,United Kingdom,2020,266761,Technology,Computer Software: Programming Data Processing
GANX,Gain Therapeutics Inc. Common Stock,$2.03,0.27,15.341%,53845888.00,United States,2021,344957,Health Care,Biotechnology: Pharmaceutical Preparations
GAP,Gap Inc. (The) Common Stock,$23.885,-0.395,-1.627%,9007555865.00,United States,,2071711,Consumer Discretionary,Clothing/Shoe/Accessory Stores
GASS,StealthGas Inc. Common Stock,$5.49,0.43,8.498%,198421370.00,Greece,2005,321350,Consumer Discretionary,Marine Transportation
GATO,Gatos Silver Inc. Common Stock,$13.97,-0.12,-0.852%,969191759.00,United States,2020,107216,Basic Materials,Precious Metals
GATX,GATX Corporation Common Stock,$156.155,0.725,0.466%,5543502500.00,United States,,42542,Consumer Discretionary,Transportation Services
GAU,Galiano Gold Inc.,$1.245,-0.015,-1.19%,319864710.00,Canada,,297287,Industrials,Mining & Quarrying of Nonmetallic Minerals (No Fuels)
GAUZ,Gauzy Ltd. Ordinary Shares,$10.00,0.28,2.881%,190544090.00,Israel,2024,50668,Miscellaneous,Industrial Machinery/Components
GB,Global Blue Group Holding AG Ordinary Shares,$6.74,0.02,0.298%,1345133485.00,,2000,28857,Technology,EDP Services
GBAB,Guggenheim Taxable Municipal Bond & Investment Grade Debt Trust Common Shares of Beneficial Interest,$15.2099,0.1099,0.728%,340654685.00,United States,2010,65679,Finance,Investment Managers
GBBK,Global Blockchain Acquisition Corp. Common Stock,$11.06,0.00,0.00%,0.00,United States,2022,158,Finance,Blank Checks
GBBKR,Global Blockchain Acquisition Corp. Right,$0.11,0.007,6.796%,0.00,United States,2022,415,Finance,Blank Checks
GBBKW,Global Blockchain Acquisition Corp. Warrant,$0.055,-0.0038,-6.463%,0.00,United States,2022,222,Finance,Blank Checks
GBCI,Glacier Bancorp Inc. Common Stock,$50.56,0.27,0.537%,5733395043.00,United States,,105590,Finance,Major Banks
GBDC,Golub Capital BDC Inc. Common Stock,$15.195,-0.055,-0.361%,4015690960.00,United States,2010,693787,Finance,Finance: Consumer Services
GBIO,Generation Bio Co. Common Stock,$1.065,-0.005,-0.467%,71134355.00,United States,2020,91536,Health Care,Biotechnology: Pharmaceutical Preparations
GBLI,Global Indemnity Group LLC Class A Common Stock (DE),$36.05,0.40,1.122%,493446704.00,Ireland,,4791,Finance,Property-Casualty Insurers
GBR,New Concept Energy Inc Common Stock,$1.14,-0.02,-1.724%,5850405.00,United States,1993,16094,Energy,Oil & Gas Production
GBTG,Global Business Travel Group Inc. Class A Common Stock,$9.405,0.035,0.374%,4425074019.00,United States,2020,199442,Consumer Discretionary,Transportation Services
GBX,Greenbrier Companies Inc. (The) Common Stock,$61.54,-0.49,-0.79%,1928663169.00,United States,1994,66411,Industrials,Railroads
GCBC,Greene County Bancorp Inc. Common Stock,$27.835,-0.065,-0.233%,473941757.00,United States,,8729,Finance,Banks
GCI,Gannett Co. Inc. Common Stock,$4.93,-0.05,-1.004%,726734278.00,United States,2014,234853,Consumer Discretionary,Newspapers/Magazines
GCMG,GCM Grosvenor Inc. Class A Common Stock,$12.31,0.09,0.736%,2328245597.00,United States,,94995,Finance,Investment Managers
GCMGW,GCM Grosvenor Inc. Warrant,$1.26,0.07,5.882%,238309460.00,United States,,48288,Finance,Investment Managers
GCO,Genesco Inc. Common Stock,$41.99,-0.13,-0.309%,470804939.00,United States,,72401,Consumer Discretionary,Clothing/Shoe/Accessory Stores
GCT,GigaCloud Technology Inc Class A Ordinary Shares,$17.25,-0.32,-1.821%,706761049.00,Hong Kong,2022,780946,Consumer Discretionary,Catalog/Specialty Distribution
GCTK,GlucoTrack Inc. Common Stock,$0.27,0.008,3.053%,1558447.00,Israel,,208572,Health Care,Medical/Dental Instruments
GCTS,GCT Semiconductor Holding Inc. Common Stock,$2.33,-0.02,-0.851%,111226800.00,United States,2021,81670,Technology,Semiconductors
GCV,Gabelli Convertible and Income Securities Fund Inc. (The) Common Stock,$3.7889,-0.0511,-1.331%,72140766.00,United States,,45514,Finance,Finance/Investors Services
GD,General Dynamics Corporation Common Stock,$264.8787,-1.2613,-0.474%,72833330342.00,United States,,406923,Industrials,Marine Transportation
GDC,GD Culture Group Limited Common Stock,$1.895,-0.135,-6.65%,21162022.00,China,2015,103381,Industrials,Steel/Iron Ore
GDDY,GoDaddy Inc. Class A Common Stock,$199.24,-4.21,-2.069%,27971581540.00,United States,2015,384251,Technology,EDP Services
GDEN,Golden Entertainment Inc. Common Stock,$31.10,-0.29,-0.924%,853040376.00,United States,,61228,Consumer Discretionary,Services-Misc. Amusement & Recreation
GDEV,GDEV Inc. Ordinary Shares,$19.50,0.44,2.308%,353074313.00,Cyprus,,3249,Technology,EDP Services
GDHG,Golden Heaven Group Holdings Ltd. Class A Ordinary Shares,$2.2947,0.2747,13.599%,9020466.00,China,2023,1524173,Consumer Discretionary,Services-Misc. Amusement & Recreation
GDL,GDL Fund The Common Shares of Beneficial Interest,$8.00,-0.006,-0.075%,0.00,United States,2007,2404,Finance,Investment Managers
GDL^C,The GDL Fund Series C Cumulative Puttable and Callable Preferred Shares,$49.8462,0.0262,0.053%,,United States,,150,,
GDO,Western Asset Global Corporate Opportunity Fund Inc. Common Stock,$11.145,0.005,0.045%,0.00,United States,2009,19133,Finance,Finance Companies
GDOT,Green Dot Corporation Class A Common Stock $0.001 par value,$10.52,-0.05,-0.473%,565837599.00,United States,2010,218065,Finance,Finance: Consumer Services
GDRX,GoodRx Holdings Inc. Class A Common Stock,$4.585,-0.035,-0.758%,1747536969.00,United States,2020,399520,Technology,EDP Services
GDS,GDS Holdings Limited ADS,$22.86,0.57,2.557%,4443929433.00,China,2016,977733,Technology,Computer Software: Programming Data Processing
GDSTW,Goldenstone Acquisition Limited Warrants,$0.03,0.002,7.143%,0.00,United States,2022,500,Finance,Blank Checks
GDTC,CytoMed Therapeutics Limited Ordinary Shares,$2.8999,0.0099,0.343%,33464846.00,Singapore,2023,16852,Health Care,Biotechnology: Pharmaceutical Preparations
GDV,Gabelli Dividend & Income Trust Common Shares of Beneficial Interest,$24.2299,-0.1201,-0.493%,2185258118.00,United States,2003,67387,Finance,Investment Managers
GDV^H,The Gabelli Dividend & Income Trust 5.375% Series H Cumulative Preferred Shares,$23.41,-0.41,-1.721%,,United States,,302,,
GDV^K,The Gabelli Dividend & Income Trust 4.250% Series K Cumulative Preferred Shares,$18.85,0.01,0.053%,,United States,,8096,,
GDYN,Grid Dynamics Holdings Inc. Class A Common Stock,$22.60,-0.10,-0.441%,1735928442.00,United States,2018,870243,Technology,Computer Software: Prepackaged Software
GE,GE Aerospace Common Stock,$168.9044,-1.1756,-0.691%,182804219369.00,United States,,1031234,Technology,Consumer Electronics/Appliances
GEAR,Revelyst Inc. Common Stock,$19.225,0.005,0.026%,1122438590.00,,2024,344371,Consumer Discretionary,Recreational Games/Products/Toys
GECC,Great Elm Capital Corp. Common Stock,$10.99,0.43,4.072%,83545540.00,United States,,69818,Finance,Finance: Consumer Services
GECCH,Great Elm Capital Corp. 8.125% Notes Due 2029,$24.65,-0.10,-0.404%,0.00,United States,,11118,,
GECCO,Great Elm Capital Corp. 5.875% Notes due 2026,$24.74,0.00,0.00%,0.00,United States,,35,Finance,Finance Companies
GECCZ,Great Elm Capital Corp. 8.75% Notes due 2028,$25.25,0.08,0.318%,0.00,United States,,1232,Finance,Finance Companies
GEF,Greif Inc. Class A Common Stock,$60.86,-0.40,-0.653%,2871459821.00,United States,,39257,,
GEG,Great Elm Group Inc. Common Stock,$1.8146,-0.0054,-0.297%,53972982.00,United States,,3710,Technology,Computer Software: Prepackaged Software
GEGGL,Great Elm Group Inc.  7.25% Notes due 2027,$23.57,-0.39,-1.628%,701059834.00,United States,,619,Finance,Finance: Consumer Services
GEHC,GE HealthCare Technologies Inc. Common Stock ,$78.36,-1.15,-1.446%,35800566634.00,United States,,698892,Health Care,Medical Electronics
GEL,Genesis Energy L.P. Common Units,$10.03,-0.16,-1.57%,1228317110.00,United States,2001,218030,Energy,Oil Refining/Marketing
GELS,Gelteq Limited Ordinary Shares,$2.35,-0.13,-5.242%,22179476.00,Australia,2024,69993,Health Care,Biotechnology: Pharmaceutical Preparations
GEN,Gen Digital Inc. Common Stock,$27.465,-0.185,-0.669%,16924069501.00,United States,,576268,Technology,Computer Software: Prepackaged Software
GENC,Gencor Industries Inc. Common Stock,$17.40,0.00,0.00%,255044015.00,United States,,21970,Industrials,Construction/Ag Equipment/Trucks
GENI,Genius Sports Limited Ordinary Shares,$8.665,-0.085,-0.971%,2013410794.00,Guernsey,2021,384114,Consumer Discretionary,Services-Misc. Amusement & Recreation
GENK,GEN Restaurant Group Inc. Class A Common Stock,$7.1189,-0.2811,-3.799%,233499749.00,United States,2023,85068,Consumer Discretionary,Restaurants
GEO,Geo Group Inc (The) REIT,$27.985,0.325,1.175%,3913072671.00,United States,,701838,Consumer Discretionary,Homebuilding
GEOS,Geospace Technologies Corporation Common Stock (Texas),$10.18,0.09,0.892%,129381499.00,United States,,17013,Industrials,Industrial Machinery/Components
GERN,Geron Corporation Common Stock,$3.365,0.015,0.448%,2034145919.00,United States,1996,4398342,Health Care,Biotechnology: Pharmaceutical Preparations
GES,Guess? Inc. Common Stock,$13.65,-0.01,-0.073%,702385880.00,United States,1996,375454,Consumer Discretionary,Apparel
GETY,Getty Images Holdings Inc. Class A Common Stock,$2.125,-0.065,-2.968%,873534031.00,United States,2022,275041,Consumer Discretionary,Business Services
GEV,GE Vernova Inc. Common Stock,$333.73,-0.07,-0.021%,91993665678.00,United States,2024,876897,,
GEVO,Gevo Inc. Common Stock,$2.20,0.10,4.762%,526696386.00,United States,2011,9831256,Industrials,Major Chemicals
GF,New Germany Fund Inc. (The) Common Stock,$7.815,-0.095,-1.201%,0.00,United States,1990,67315,Finance,Investment Managers
GFAI,Guardforce AI Co. Limited Ordinary Shares,$1.6012,0.0712,4.654%,15740393.00,Singapore,,1834618,Consumer Discretionary,Diversified Commercial Services
GFAIW,Guardforce AI Co. Limited Warrant,$0.3497,-0.0451,-11.424%,3437681.00,Singapore,,10244,Consumer Discretionary,Diversified Commercial Services
GFF,Griffon Corporation Common Stock,$71.49,-0.36,-0.501%,3418784843.00,United States,,158528,Industrials,Building Products
GFI,Gold Fields Limited American Depositary Shares,$13.195,-0.195,-1.456%,11790271028.00,South Africa,,884787,Basic Materials,Precious Metals
GFL,GFL Environmental Inc. Subordinate voting shares no par value,$44.475,-0.115,-0.258%,17495711594.00,Canada,2020,173521,Utilities,Environmental Services
GFR,Greenfire Resources Ltd. Common Shares,$7.10,0.14,2.011%,493226094.00,Canada,,41655,Energy,Oil & Gas Production
GFS,GlobalFoundries Inc. Ordinary Shares,$43.18,-1.00,-2.263%,23902210844.00,United States,2021,613257,Technology,Semiconductors
GGAL,Grupo Financiero Galicia S.A. American Depositary Shares,$62.3315,-1.9685,-3.061%,9191977001.00,Argentina,,291057,Finance,Commercial Banks
GGB,Gerdau S.A. Common Stock,$2.89,-0.02,-0.687%,6093510966.00,Brazil,,4880785,Industrials,Steel/Iron Ore
GGG,Graco Inc. Common Stock,$84.04,-0.10,-0.119%,14190118367.00,United States,,114966,Industrials,Fluid Controls
GGN,GAMCO Global Gold Natural Resources & Income Trust,$3.805,-0.035,-0.911%,0.00,United States,2005,590459,Finance,Finance/Investors Services
GGN^B,GAMCO Global Gold Natural Reources & Income Trust 5.00% Series B Cumulative 25.00 Liquidation Preference,$20.60,0.21,1.03%,,United States,,16243,,
GGR,Gogoro Inc. Ordinary Shares,$0.4937,-0.0123,-2.431%,145676059.00,Taiwan,,767958,Consumer Discretionary,Auto Manufacturing
GGROW,Gogoro Inc. Warrant,$0.0185,-0.0005,-2.632%,5458795.00,Taiwan,,53631,Consumer Discretionary,Auto Manufacturing
GGT,Gabelli Multi-Media Trust Inc. (The) Common Stock,$4.49,-0.09,-1.965%,123635522.00,United States,,130927,Finance,Trusts Except Educational Religious and Charitable
GGT^E,Gabelli Multi-Media Trust Inc. (The) 5.125% Series E Cumulative Preferred Stock,$22.95,0.04,0.175%,,United States,,156,,
GGT^G,Gabelli Multi-Media Trust Inc. (The) 5.125% Series G Cumulative Preferred Shares,$22.85,0.00,0.00%,,United States,,373,,
GGZ,Gabelli Global Small and Mid Cap Value Trust (The) Common Shares of Beneficial Interest,$11.62,-0.17,-1.442%,103092257.00,,2014,68417,Finance,Investment Managers
GH,Guardant Health Inc. Common Stock,$30.935,0.495,1.626%,3822161922.00,United States,2018,492229,Health Care,Medical Specialities
GHC,Graham Holdings Company Common Stock,$872.08,-6.89,-0.784%,3779236295.00,United States,,4788,Real Estate,Other Consumer Services
GHG,GreenTree Hospitality Group Ltd. American depositary shares each representing one Class A ordinary share,$2.5043,-0.0157,-0.623%,254295440.00,,2018,14433,Consumer Discretionary,Hotels/Resorts
GHI,Greystone Housing Impact Investors LP Beneficial Unit Certificates representing assignments of limited partnership interests,$10.7547,0.0847,0.794%,250481717.00,United States,2022,161281,Finance,Finance: Consumer Services
GHLD,Guild Holdings Company Class A Common Stock,$13.95,-0.06,-0.428%,863307105.00,United States,2020,605,Finance,Finance: Consumer Services
GHM,Graham Corporation Common Stock,$45.85,1.64,3.71%,499303199.00,United States,1978,48689,Industrials,Industrial Machinery/Components
GHRS,GH Research PLC Ordinary Shares,$7.4283,0.3083,4.33%,386480670.00,Ireland,2021,17668,Health Care,Biotechnology: Pharmaceutical Preparations
GHY,PGIM Global High Yield Fund Inc.,$12.405,-0.015,-0.121%,0.00,United States,2012,110452,Finance,Trusts Except Educational Religious and Charitable
GIB,CGI Inc. Common Stock,$109.855,-0.015,-0.014%,25044650732.00,Canada,,40620,Consumer Discretionary,Professional Services
GIC,Global Industrial Company Common Stock,$24.75,-0.01,-0.04%,946207449.00,United States,,74143,Industrials,Industrial Machinery/Components
GIFI,Gulf Island Fabrication Inc. Common Stock,$6.80,-0.25,-3.546%,111200726.00,United States,1997,38560,Industrials,Metal Fabrications
GIFT,Giftify Inc. Common Stock,$1.02,-0.02,-1.923%,26695302.00,United States,,9983,Consumer Discretionary,Catalog/Specialty Distribution
GIG,GigCapital7 Corp. Class A Ordinary Share,$10.00,0.00,0.00%,0.00,United States,2024,32850,Finance,Blank Checks
GIGGU,GigCapital7 Corp. Unit,$10.0788,-0.0012,-0.012%,1570552191.00,United States,2024,401,Technology,Computer Software: Prepackaged Software
GIGGW,GigCapital7 Corp. Warrant,$0.0596,-0.0025,-4.026%,0.00,United States,2024,4000,Finance,Blank Checks
GIGM,GigaMedia Limited Ordinary Shares,$1.59,0.01,0.633%,17573054.00,Taiwan,,36898,Technology,Computer Software: Programming Data Processing
GIII,G-III Apparel Group LTD. Common Stock,$32.60,-0.14,-0.428%,1430706648.00,United States,1989,79614,Consumer Discretionary,Apparel
GIL,Gildan Activewear Inc. Class A Sub. Vot. Common Stock,$46.175,-0.685,-1.462%,7508534574.00,Canada,2000,112334,Consumer Discretionary,Apparel
GILD,Gilead Sciences Inc. Common Stock,$92.30,-1.81,-1.923%,115030338601.00,United States,1992,1318020,Health Care,Biotechnology: Biological Products (No Diagnostic Substances)
GILT,Gilat Satellite Networks Ltd. Ordinary Shares,$6.025,0.065,1.091%,343521918.00,Israel,,316897,Technology,Radio And Television Broadcasting And Communications Equipment
GIPR,Generation Income Properties Inc. Common Stock,$1.78,-0.01,-0.559%,9653275.00,United States,,27428,Real Estate,Real Estate Investment Trusts
GIPRW,Generation Income Properties Inc Warrant,$0.1952,0.00,0.00%,1058606.00,United States,,674,Real Estate,Real Estate Investment Trusts
GIS,General Mills Inc. Common Stock,$63.4087,-0.5413,-0.846%,34952856962.00,United States,,921492,Consumer Staples,Packaged Foods
GITS,Global Interactive Technologies Inc. Common Stock,$0.2597,-0.0093,-3.457%,0.00,South Korea,2023,344770,,
GJH,Synthetic Fixed-Income Securities Inc 6.375% (STRATS) Cl A-1,$9.625,0.075,0.785%,0.00,United States,,887,Finance,Finance: Consumer Services
GJO,Synthetic Fixed-Income Securities Inc. on behalf of STRATS(SM) Trust for Wal-Mart Stores Inc. Securities Series 2004-5,$24.95,0.00,0.00%,0.00,United States,,370,Finance,Finance: Consumer Services
GJR,Synthetic Fixed-Income Securities Inc. STRATS Trust for Procter&Gamble Securities Series 2006-1,$24.85,0.00,0.00%,0.00,United States,,90,Finance,Finance: Consumer Services
GJS,Goldman Sachs Group Securities STRATS Trust for Goldman Sachs Group Securities Series 2006-2,$22.8899,0.1099,0.482%,7228620234.00,United States,,460,Finance,Finance: Consumer Services
GKOS,Glaukos Corporation Common Stock,$151.06,-0.10,-0.066%,8329060025.00,United States,2015,307365,Health Care,Medical/Dental Instruments
GL,Globe Life Inc. Common Stock,$110.01,0.51,0.466%,9234796491.00,United States,,193495,Finance,Life Insurance
GL^D,Globe Life Inc. 4.25% Junior Subordinated Debentures due 2061,$16.0925,-0.0075,-0.047%,,United States,,24031,,
GLAC,Global Lights Acquisition Corp Ordinary Shares,$10.65,0.00,0.00%,0.00,China,2023,5,,
GLAD,Gladstone Capital Corporation Common Stock,$28.3578,0.2378,0.846%,633225477.00,United States,2001,92011,Consumer Discretionary,Textiles
GLADZ,Gladstone Capital Corporation 7.75% Notes due 2028,$25.40,0.00,0.00%,552563005.00,United States,,2386,,
GLBE,Global-E Online Ltd. Ordinary Shares,$54.43,-0.58,-1.054%,9023074139.00,Israel,2021,141407,Technology,Computer Software: Prepackaged Software
GLBS,Globus Maritime Limited Common Stock,$1.185,0.005,0.424%,24390027.00,Greece,,43956,Consumer Discretionary,Marine Transportation
GLBZ,Glen Burnie Bancorp Common Stock,$5.81,-0.0287,-0.492%,16852957.00,United States,,11533,Finance,Major Banks
GLDD,Great Lakes Dredge & Dock Corporation Common Stock,$11.36,0.055,0.487%,764210681.00,United States,,163970,Industrials,Military/Government/Technical
GLDG,GoldMining Inc. Common Shares,$0.798,0.017,2.177%,150602858.00,,,518881,Basic Materials,Precious Metals
GLE,Global Engine Group Holding Limited Ordinary Shares,$1.7399,0.0699,4.186%,31840170.00,Hong Kong,2024,140052,Technology,EDP Services
GLMD,Galmed Pharmaceuticals Ltd. Ordinary Shares,$3.0712,-0.0488,-1.564%,1976901.00,Israel,2014,31877,Health Care,Biotechnology: Pharmaceutical Preparations
GLNG,Golar Lng Ltd,$42.27,0.38,0.907%,4390926442.00,Bermuda,,219887,Consumer Discretionary,Marine Transportation
GLO,Clough Global Opportunities Fund Common Stock,$5.1391,-0.0109,-0.212%,0.00,United States,2006,285199,Finance,Finance/Investors Services
GLOB,Globant S.A. Common Shares,$216.865,-0.735,-0.338%,9343906546.00,United States,2014,69525,Technology,EDP Services
GLOP^A,GasLog Partners LP 8.625% Series A Cumulative Redeemable Perpetual Fixed to Floating Rate Preference Units,$25.8181,0.0181,0.07%,,Greece,,693,,
GLOP^B,GasLog Partners LP 8.200% Series B Cumulative Redeemable Perpetual Fixed to Floating Rate Preference Units,$25.356,-0.2137,-0.836%,,Greece,,298,,
GLOP^C,GasLog Partners LP 8.500% Series C Cumulative Redeemable Perpetual Fixed to Floating Rate Preference Units,$25.3688,0.1688,0.67%,,Greece,,4504,,
GLP,Global Partners LP Common Units representing Limited Partner Interests,$46.79,-1.31,-2.723%,1590652393.00,United States,2005,18880,Energy,Oil Refining/Marketing
GLP^B,Global Partners LP 9.50% Series B Fixed Rate Cumulative Redeemable Perpetual Preferred Units representing limited partner interests,$26.10,-0.02,-0.077%,,United States,,1944,,
GLPG,Galapagos NV American Depositary Shares,$27.265,-0.035,-0.128%,1796683641.00,Belgium,2015,96139,Health Care,Biotechnology: Pharmaceutical Preparations
GLPI,Gaming and Leisure Properties Inc. Common Stock,$47.71,-0.14,-0.293%,13091220994.00,United States,,237489,Real Estate,Real Estate Investment Trusts
GLQ,Clough Global Equity Fund Clough Global Equity Fund Common Shares of Beneficial Interest,$6.64,-0.05,-0.747%,0.00,United States,2005,63483,Finance,Finance/Investors Services
GLRE,Greenlight Capital Re Ltd. Class A Ordinary Shares,$13.83,0.00,0.00%,481733378.00,Cayman Islands,2007,10613,Finance,Property-Casualty Insurers
GLSI,Greenwich LifeSciences Inc. Common Stock,$10.7346,-0.7654,-6.656%,141102592.00,United States,2020,23092,Health Care,Biotechnology: Pharmaceutical Preparations
GLST,Global Star Acquisition Inc. Class A Common Stock,$12.00,0.63,5.541%,0.00,United States,2022,308,Industrials,Consumer Electronics/Appliances
GLSTW,Global Star Acquisition Inc. Warrants,$0.02,-0.0085,-29.825%,0.00,United States,2022,100,Industrials,Consumer Electronics/Appliances
GLTO,Galecto Inc. Common Stock,$4.74,-0.41,-7.961%,6242528.00,Denmark,2020,16730,Health Care,Biotechnology: Pharmaceutical Preparations
GLU,Gabelli Global Utility Common Shares of Beneficial Ownership,$15.02,-0.30,-1.958%,89653043.00,United States,2004,2439,Finance,Finance/Investors Services
GLU^A,The Gabelli Global Utility and Income Trust Series A Cumulative Puttable and Callable Preferred Shares,$46.00,0.00,0.00%,,United States,,1,,
GLU^B,The Gabelli Global Utility and Income Trust Series B Cumulative Puttable and Callable Preferred Shares,$50.06,0.00,0.00%,,United States,,15,,
GLUE,Monte Rosa Therapeutics Inc. Common Stock,$7.06,0.00,0.00%,433743384.00,United States,2021,456004,Health Care,Biotechnology: Biological Products (No Diagnostic Substances)
GLV,Clough Global Dividend and Income Fund Common Shares of beneficial interest,$5.408,-0.012,-0.221%,68733425.00,United States,2004,48890,Finance,Finance/Investors Services
GLW,Corning Incorporated Common Stock,$47.425,-0.355,-0.743%,40605700348.00,United States,,758309,Industrials,Telecommunications Equipment
GLXG,Galaxy Payroll Group Limited Ordinary Shares,$0.96,-0.04,-4.00%,17040000.00,Hong Kong,2024,112386,Consumer Discretionary,Diversified Commercial Services
GLYC,GlycoMimetics Inc. Common Stock,$0.2502,0.0138,5.838%,16133886.00,United States,2014,726669,Health Care,Biotechnology: Pharmaceutical Preparations
GM,General Motors Company Common Stock,$53.835,-0.445,-0.82%,59196742046.00,United States,2010,2646677,Consumer Discretionary,Auto Manufacturing
GMAB,Genmab A/S ADS,$20.82,-0.20,-0.951%,13756718187.00,Denmark,2019,366968,Health Care,Biotechnology: Pharmaceutical Preparations
GME,GameStop Corporation Common Stock,$32.02,-0.18,-0.559%,14306547687.00,United States,2002,7272279,Consumer Discretionary,Electronics Distribution
GMED,Globus Medical Inc. Class A Common Stock,$83.215,-0.345,-0.413%,11331165365.00,United States,2012,221948,Health Care,Medical/Dental Instruments
GMGI,Golden Matrix Group Inc. Common Stock,$2.055,0.015,0.735%,264895083.00,United States,,26222,Technology,Computer Software: Prepackaged Software
GMM,Global Mofy AI Limited Class A Ordinary Shares,$3.53,-0.05,-1.397%,10965486.00,China,2023,58187,Technology,Computer Software: Programming Data Processing
GMRE,Global Medical REIT Inc. Common Stock,$7.488,-0.122,-1.603%,500223470.00,United States,2016,323655,Real Estate,Real Estate Investment Trusts
GMRE^A,Global Medical REIT Inc. Series A Cumulative Redeemable Preferred Stock,$25.20,-0.11,-0.435%,,United States,,658,,
GMS,GMS Inc. Common Stock,$84.965,0.125,0.147%,3297955134.00,United States,2016,105066,Consumer Discretionary,RETAIL: Building Materials
GNE,Genie Energy Ltd. Class B Common Stock Stock,$15.345,-0.055,-0.357%,417382573.00,United States,2011,17543,Utilities,Power Generation
GNFT,GENFIT S.A. American Depositary Shares,$3.74,0.04,1.081%,186382836.00,France,2019,2481,Health Care,Biotechnology: Biological Products (No Diagnostic Substances)
GNK,Genco Shipping & Trading Limited Ordinary Shares New (Marshall Islands),$13.8164,-0.0936,-0.673%,590760180.00,United States,,137682,Consumer Discretionary,Marine Transportation
GNL,Global Net Lease Inc. Common Stock,$7.1808,-0.0192,-0.267%,1656131349.00,United States,2015,522777,Real Estate,Real Estate Investment Trusts
GNL^A,Global Net Lease Inc. 7.25% Series A Cumulative Redeemable Preferred Stock $0.01 par value per share,$22.36,0.20,0.903%,,United States,,1831,,
GNL^B,Global Net Lease Inc. 6.875% Series B Cumulative Redeemable Perpetual Preferred Stock,$21.29,0.09,0.425%,,United States,,1540,,
GNL^D,Global Net Lease Inc. 7.50% Series D Cumulative Redeemable Perpetual Preferred Stock,$22.7432,0.1032,0.456%,,United States,,6175,,
GNL^E,Global Net Lease Inc. 7.375% Series E Cumulative Redeemable Perpetual Preferred Stock,$22.18,-0.27,-1.203%,,United States,,2413,,
GNLN,Greenlane Holdings Inc. Class A Common Stock,$1.61,0.01,0.625%,2153401.00,United States,2019,20350,Consumer Discretionary,Durable Goods
GNLX,Genelux Corporation Common Stock,$2.43,-0.05,-2.016%,83927790.00,United States,2023,58007,Health Care,Biotechnology: Pharmaceutical Preparations
GNPX,Genprex Inc. Common Stock,$0.8837,0.0084,0.96%,7518580.00,United States,2018,241301,Health Care,Biotechnology: Pharmaceutical Preparations
GNRC,Generac Holdlings Inc. Common Stock,$156.71,1.04,0.668%,9323815458.00,United States,2010,301955,Consumer Discretionary,Metal Fabrications
GNS,Genius Group Limited Ordinary Shares,$0.7116,0.0666,10.326%,15448103.00,Singapore,2022,9308175,Consumer Discretionary,Services-Misc. Amusement & Recreation
GNSS,Genasys Inc. Common Stock,$2.53,-0.07,-2.692%,113670287.00,United States,,116650,Consumer Staples,Consumer Electronics/Appliances
GNT,GAMCO Natural Resources Gold & Income Trust,$5.27,-0.02,-0.378%,97365564.00,United States,2011,44367,Finance,Finance/Investors Services
GNT^A,GAMCO Natural Resources Gold & Income Tust  5.20% Series A Cumulative Preferred Shares (Liquidation Preference $25.00 per share),$21.39,-0.06,-0.28%,,United States,,2019,,
GNTA,Genenta Science S.p.A. American Depositary Shares,$5.40,0.52,10.656%,98371573.00,Italy,2021,80643,Health Care,Biotechnology: Biological Products (No Diagnostic Substances)
GNTX,Gentex Corporation Common Stock,$28.87,-0.34,-1.164%,6565952833.00,United States,,359531,Consumer Discretionary,Auto Parts:O.E.M.
GNTY,Guaranty Bancshares Inc. Common Stock,$34.34,-0.12,-0.348%,392084093.00,United States,,11266,Finance,Major Banks
GNW,Genworth Financial Inc Common Stock,$6.95,-0.02,-0.287%,2967875298.00,United States,2004,3117797,Finance,Life Insurance
GO,Grocery Outlet Holding Corp. Common Stock,$15.15,-0.32,-2.069%,1471615930.00,United States,2019,530197,Consumer Staples,Food Chains
GOCO,GoHealth Inc. Class A Common Stock,$12.71,0.34,2.749%,291129490.00,United States,2020,31838,Finance,Specialty Insurers
GODN,Golden Star Acquisition Corporation Ordinary Shares,$11.27,0.00,0.00%,0.00,United States,2023,1619,Finance,Blank Checks
GODNU,Golden Star Acquisition Corporation Unit,$11.49,0.00,0.00%,0.00,United States,2023,119,Finance,Blank Checks
GOEV,Canoo Inc. Class A Common Stock,$1.405,-0.135,-8.766%,20352885.00,United States,2019,2092338,Consumer Discretionary,Auto Parts:O.E.M.
GOEVW,Canoo Inc. Warrant,$0.0416,0.0133,46.996%,602619.00,United States,2019,201404,Consumer Discretionary,Auto Parts:O.E.M.
GOF,Guggenheim Strategic Opportunities Fund Common Shares of Beneficial Interest,$15.20,-0.14,-0.913%,0.00,United States,,501204,Finance,Finance/Investors Services
GOGL,Golden Ocean Group Limited Common Stock,$8.775,-0.095,-1.071%,1751738271.00,Bermuda,,301216,Consumer Discretionary,Marine Transportation
GOGO,Gogo Inc. Common Stock,$7.56,-0.13,-1.691%,950891047.00,United States,2013,244686,Consumer Discretionary,Telecommunications Equipment
GOLD,Barrick Gold Corporation Common Stock (BC),$15.465,-0.215,-1.371%,27106037187.00,Canada,,8493395,Basic Materials,Precious Metals
GOLF,Acushnet Holdings Corp. Common Stock,$70.40,-0.29,-0.41%,4280527610.00,United States,2016,44803,Consumer Discretionary,Recreational Games/Products/Toys
GOOD,Gladstone Commercial Corporation Real Estate Investment Trust,$16.075,0.065,0.406%,706002892.00,United States,2003,77361,Real Estate,Real Estate
GOODN,Gladstone Commercial Corporation 6.625% Series E Cumulative Redeemable Preferred Stock,$22.55,0.1599,0.714%,959126389.00,United States,,2858,Real Estate,Real Estate
GOODO,Gladstone Commercial Corporation 6.00% Series G Cumulative Redeemable Preferred Stock par value $0.001 per share,$20.6993,-0.1587,-0.761%,880409971.00,United States,,952,Real Estate,Real Estate
GOOG,Alphabet Inc. Class C Capital Stock,$193.39,-0.65,-0.335%,2367286990000.00,United States,2004,5710790,Technology,Computer Software: Programming Data Processing
GOOGL,Alphabet Inc. Class A Common Stock,$192.17,-0.59,-0.306%,2352352970000.00,United States,2004,7136889,Technology,Computer Software: Programming Data Processing
GOOS,Canada Goose Holdings Inc. Subordinate Voting Shares,$9.87,-0.11,-1.102%,954733717.00,,2017,328196,Consumer Discretionary,Apparel
GORO,Gold Resource Corporation Common Stock,$0.2326,0.0008,0.345%,22172583.00,United States,,1467264,Basic Materials,Precious Metals
GORV,Lazydays Holdings Inc. Common Stock,$0.85,0.0108,1.287%,12062064.00,United States,,31187,Consumer Discretionary,Retail-Auto Dealers and Gas Stations
GOSS,Gossamer Bio Inc. Common Stock,$0.8516,-0.0032,-0.374%,192976083.00,United States,2019,498751,Health Care,Biotechnology: Pharmaceutical Preparations
GOTU,Gaotu Techedu Inc. American Depositary Shares,$2.175,-0.065,-2.902%,561621255.00,China,2019,1122933,Real Estate,Other Consumer Services
GOVX,GeoVax Labs Inc. Common Stock,$2.43,-0.03,-1.22%,22929648.00,United States,,305970,Health Care,Biotechnology: Pharmaceutical Preparations
GOVXW,GeoVax Labs Inc. Warrants,$0.11,0.00,0.00%,1037968.00,United States,,400,Health Care,Biotechnology: Pharmaceutical Preparations
GP,GreenPower Motor Company Inc. Common Shares,$0.7501,-0.0077,-1.016%,22121321.00,Canada,,70561,Consumer Discretionary,Construction/Ag Equipment/Trucks
GPAT,GP-Act III Acquisition Corp. Class A Ordinary Share,$10.15,0.00,0.00%,0.00,United States,2024,1,,
GPATU,GP-Act III Acquisition Corp. Units,$10.1999,0.0499,0.492%,0.00,United States,2024,1114,,
GPATW,GP-Act III Acquisition Corp. Warrants,$0.14,-0.0027,-1.892%,0.00,United States,2024,300,,
GPC,Genuine Parts Company Common Stock,$116.63,-0.33,-0.282%,16215825479.00,United States,,537920,Consumer Discretionary,Automotive Aftermarket
GPCR,Structure Therapeutics Inc. American Depositary Shares,$27.35,-1.69,-5.82%,1566079407.00,United States,2023,240690,Health Care,Biotechnology: Pharmaceutical Preparations
GPI,Group 1 Automotive Inc. Common Stock,$420.78,-2.36,-0.558%,5604068804.00,United States,1997,34159,Consumer Discretionary,Retail-Auto Dealers and Gas Stations
GPJA,Georgia Power Company Series 2017A 5.00% Junior Subordinated Notes due October 1 2077,$21.62,0.00,0.00%,200233630.00,United States,2017,25887,Utilities,Electric Utilities: Central
GPK,Graphic Packaging Holding Company,$27.23,-0.22,-0.801%,8172815440.00,United States,,424466,Consumer Discretionary,Containers/Packaging
GPMT,Granite Point Mortgage Trust Inc. Common Stock,$2.85,-0.02,-0.697%,142379037.00,United States,2017,301210,Real Estate,Real Estate Investment Trusts
GPMT^A,Granite Point Mortgage Trust Inc. 7.00% Series A Fixed-to-Floating Rate Cumulative Redeemable Preferred Stock,$17.82,0.07,0.394%,,United States,,10279,,
GPN,Global Payments Inc. Common Stock,$111.69,-0.66,-0.587%,28424528121.00,United States,,410099,Consumer Discretionary,Business Services
GPOR,Gulfport Energy Corporation Common Shares,$181.02,10.79,6.338%,3209086175.00,United States,2021,177041,Energy,Oil & Gas Production
GPRE,Green Plains Inc. Common Stock,$9.07,-0.01,-0.11%,586386230.00,United States,,329047,Industrials,Major Chemicals
GPRK,Geopark Ltd Common Shares,$9.02,0.21,2.384%,499054230.00,Bermuda,2014,235404,Energy,Oil & Gas Production
GPRO,GoPro Inc. Class A Common Stock,$1.115,0.005,0.45%,172558587.00,United States,2014,597591,Consumer Discretionary,Industrial Machinery/Components
GPUS,Hyperscale Data Inc. Common Stock,$5.2271,-0.1529,-2.842%,11299595.00,United States,1997,35165,Technology,Industrial Machinery/Components
GPUS^D,Hyperscale Data Inc. 13.00% Series D Cumulative Redeemable Perpetual Preferred Stock,$24.50,0.00,0.00%,,United States,,25,,
GRAB,Grab Holdings Limited Class A Ordinary Shares,$4.7598,-0.0502,-1.044%,18581036174.00,Singapore,,7147121,Consumer Discretionary,Business Services
GRABW,Grab Holdings Limited Warrant,$0.43,-0.01,-2.273%,1678609512.00,Singapore,,48574,Consumer Discretionary,Business Services
GRAF,Graf Global Corp. Class A ordinary shares,$10.07,0.00,0.00%,0.00,,2024,614,,
GRAL,GRAIL Inc. Common Stock ,$18.70,-0.90,-4.592%,628334436.00,United States,,318325,Health Care,Medical Specialities
GRBK,Green Brick Partners Inc. Common Stock,$56.466,0.026,0.046%,2512638072.00,United States,2021,130099,Consumer Discretionary,Homebuilding
GRBK^A,Green Brick Partners Inc. Depositary Shares (each representing a 1/1000th fractional interest in a share of 5.75% Series A Cumulative Perpetual Preferred Stock),$23.10,0.15,0.654%,,United States,,190,,
GRC,Gorman-Rupp Company (The) Common Stock,$37.93,-0.30,-0.785%,994810592.00,United States,1971,15262,Industrials,Fluid Controls
GRCE,Grace Therapeutics Inc. Common Stock,$3.7291,0.0191,0.515%,37813074.00,Canada,,47662,Health Care,Biotechnology: Pharmaceutical Preparations
GRDN,Guardian Pharmacy Services Inc. Class A Common Stock,$20.605,-0.605,-2.852%,1304177650.00,,2024,29960,Consumer Staples,Retail-Drug Stores and Proprietary Stores
GREE,Greenidge Generation Holdings Inc. Class A Common Stock,$1.755,0.105,6.364%,19581955.00,United States,,560442,Finance,Finance: Consumer Services
GREEL,Greenidge Generation Holdings Inc. 8.50% Senior Notes due 2026,$9.19,0.0561,0.614%,102540265.00,United States,,2918,Finance,Finance: Consumer Services
GRF,Eagle Capital Growth Fund Inc. Common Stock,$9.88,-0.33,-3.232%,0.00,United States,,226,Finance,Finance/Investors Services
GRFS,Grifols S.A. American Depositary Shares,$7.44,-0.21,-2.745%,5115408516.00,Spain,,350550,Health Care,Biotechnology: Pharmaceutical Preparations
GRFX,Graphex Group Limited American Depositary Shares each American Depositary Share representing 20 Ordinary Shares,$0.3256,-0.1094,-25.149%,253136711.00,,2022,1616872,Energy,Industrial Machinery/Components
GRI,GRI Bio Inc. Common Stock,$0.785,0.0078,1.004%,7012692.00,United States,2021,72445,Health Care,Biotechnology: Pharmaceutical Preparations
GRMN,Garmin Ltd. Common Stock (Switzerland),$208.055,-1.305,-0.623%,39951754925.00,Switzerland,2000,154971,Industrials,Industrial Machinery/Components
GRND,Grindr Inc. Common Stock,$18.1999,0.2799,1.562%,3214327855.00,Singapore,2021,267261,Technology,Computer Software: Programming Data Processing
GRNQ,Greenpro Capital Corp. Common Stock,$1.08,0.02,1.887%,8181878.00,China,,33537,Technology,EDP Services
GRNT,Granite Ridge Resources Inc. Common Stock,$6.1577,0.1777,2.972%,805082033.00,United States,2022,137575,Energy,Oil & Gas Production
GRO,Brazil Potash Corp. Common Shares,$7.9255,-0.2245,-2.755%,321679932.00,,2024,63538,Industrials,Mining & Quarrying of Nonmetallic Minerals (No Fuels)
GROV,Grove Collaborative Holdings Inc. Class A Common Stock,$1.41,-0.03,-2.083%,55485920.00,,2021,27519,Consumer Discretionary,Catalog/Specialty Distribution
GROW,U.S. Global Investors Inc. Class A Common Stock,$2.4427,-0.0073,-0.298%,33039325.00,United States,,21652,Finance,Investment Managers
GROY,Gold Royalty Corp. Common Shares,$1.185,-0.005,-0.42%,200349629.00,Canada,2021,980915,Basic Materials,Precious Metals
GRPN,Groupon Inc. Common Stock,$12.28,0.35,2.934%,488349100.00,United States,2011,599287,Consumer Discretionary,Advertising
GRRR,Gorilla Technology Group Inc. Ordinary shares,$22.60,3.72,19.703%,251086000.00,Taiwan,,7449569,Technology,Computer Software: Prepackaged Software
GRRRW,Gorilla Technology Group Inc. Warrant,$1.0002,0.5402,117.435%,11112222.00,Taiwan,,2145252,Technology,Computer Software: Prepackaged Software
GRVY,GRAVITY Co. Ltd. American Depository Shares,$62.92,0.09,0.143%,437224788.00,South Korea,2005,10736,Consumer Discretionary,Business Services
GRWG,GrowGeneration Corp. Common Stock,$1.525,-0.015,-0.974%,90347890.00,United States,,515996,Consumer Discretionary,RETAIL: Building Materials
GRX,The Gabelli Healthcare & Wellness Trust Common Shares of Beneficial Interest,$9.61,-0.09,-0.928%,164263471.00,United States,,38129,Finance,Finance/Investors Services
GRYP,Gryphon Digital Mining Inc Common Stock,$0.4135,-0.04,-8.82%,21131879.00,United States,2018,530307,Technology,EDP Services
GS,Goldman Sachs Group Inc. (The) Common Stock,$575.45,-0.73,-0.127%,180639406494.00,United States,1999,609605,Finance,Investment Bankers/Brokers/Service
GS^A,Goldman Sachs Group Inc. (The) Depositary Shares each representing 1/1000th Interest in a Share of Floating Rate Non-Cumulative Preferred Stock Series A,$22.74,0.13,0.575%,,United States,,43336,,
GS^C,Goldman Sachs Group Inc. (The) Depositary Share repstg 1/1000th Preferred Series C,$23.67,0.21,0.895%,,United States,,10584,,
GS^D,Goldman Sachs Group Inc. (The) Dep Shs repstg 1/1000 Pfd Ser D Fltg,$22.69,0.12,0.532%,,United States,,44022,,
GSAT,Globalstar Inc. Common Stock,$2.13,-0.02,-0.93%,4030755299.00,United States,2006,12227197,Consumer Discretionary,Telecommunications Equipment
GSBC,Great Southern Bancorp Inc. Common Stock,$59.57,-0.05,-0.084%,695465155.00,United States,1989,11846,Finance,Major Banks
GSBD,Goldman Sachs BDC Inc. Common Stock,$12.7199,-0.0701,-0.548%,1492008934.00,United States,2015,836665,Finance,Investment Managers
GSHD,Goosehead Insurance Inc. Class A Common Stock,$104.81,0.65,0.624%,3889362533.00,United States,2018,87948,Finance,Specialty Insurers
GSIT,GSI Technology Common Stock,$3.13,0.08,2.623%,79769646.00,United States,2007,159627,Technology,Semiconductors
GSIW,Garden Stage Limited Ordinary Shares,$0.6425,0.0325,5.328%,10039063.00,Hong Kong,2023,347193,Finance,Investment Bankers/Brokers/Service
GSK,GSK plc American Depositary Shares (Each representing two Ordinary Shares),$33.7641,-0.3159,-0.927%,69978111853.00,United Kingdom,2022,3371213,Health Care,Biotechnology: Pharmaceutical Preparations
GSL,Global Ship Lease Inc New Class A Common Shares,$21.7068,-0.0932,-0.428%,763825890.00,United Kingdom,,176211,Consumer Discretionary,Marine Transportation
GSL^B,Global Ship Lease Inc. Depository Shares Representing 1/100th Perpetual Preferred Series B% (Marshall Island),$25.76,-0.26,-0.999%,,United Kingdom,,5683,,
GSM,Ferroglobe PLC Ordinary Shares,$3.775,-0.005,-0.132%,709266226.00,United Kingdom,,557796,Basic Materials,Metal Mining
GSMGW,Cheer Holding Inc. Warrant expiring 2/13/2025,$0.001,-0.0005,-33.333%,10070.00,China,2018,2000,Technology,EDP Services
GSRT,GSR III Acquisition Corp. Ordinary Shares,$9.90,0.00,0.00%,0.00,United States,2024,981007,,
GSRTR,GSR III Acquisition Corp. Right,$1.20,0.05,4.348%,0.00,United States,2024,2503,,
GSUN,Golden Sun Health Technology Group Limited Class A Ordinary Shares,$2.73,-0.13,-4.545%,5210342.00,China,2022,6559,Real Estate,Other Consumer Services
GT,The Goodyear Tire & Rubber Company Common Stock,$8.745,-0.105,-1.186%,2491622540.00,United States,,1537838,Consumer Discretionary,Automotive Aftermarket
GTBP,GT Biopharma Inc. Common Stock,$2.8996,-0.1204,-3.987%,6478657.00,United States,,45853,Health Care,Biotechnology: Pharmaceutical Preparations
GTE,Gran Tierra Energy Inc. Common Stock,$7.21,0.02,0.278%,221709908.00,Canada,,174593,Energy,Oil & Gas Production
GTEC,Greenland Technologies Holding Corporation Ordinary Shares,$1.96,-0.07,-3.448%,26645279.00,China,2018,352029,Industrials,Industrial Machinery/Components
GTES,Gates Industrial Corporation plc Ordinary Shares,$20.64,-0.03,-0.145%,5257376280.00,United Kingdom,2018,325995,Industrials,Industrial Machinery/Components
GTI,Graphjet Technology Class A Ordinary Shares,$1.338,0.328,32.475%,196339867.00,Malaysia,2022,71545412,Energy,Industrial Machinery/Components
GTIM,Good Times Restaurants Inc. Common Stock,$2.495,-0.025,-0.992%,26627551.00,United States,,9172,Consumer Discretionary,Restaurants
GTLB,GitLab Inc. Class A Common Stock,$56.775,-1.195,-2.061%,9214582500.00,United States,2021,775902,Technology,Computer Software: Prepackaged Software
GTLS,Chart Industries Inc. Common Stock,$192.50,-0.40,-0.207%,8241128088.00,United States,2006,112738,Industrials,Metal Fabrications
GTLS^B,Chart Industries Inc. Depositary Shares each Representing a 1/20th Interest in a Share of 6.75% Series B Mandatory Convertible Preferred Stock,$71.03,-0.31,-0.435%,,United States,,5294,,
GTN,Gray Television Inc. Common Stock,$3.005,-0.005,-0.166%,299499963.00,United States,,476818,Industrials,Broadcasting
GTX,Garrett Motion Inc. Common Stock,$8.875,-0.085,-0.949%,1895365519.00,Switzerland,,350981,Consumer Discretionary,Auto Parts:O.E.M.
GTY,Getty Realty Corporation Common Stock,$29.785,-0.025,-0.084%,1638692961.00,United States,,114095,Finance,Real Estate
GUG,Guggenheim Active Allocation Fund Common Shares of Beneficial Interest,$14.92,-0.06,-0.401%,0.00,United States,2021,109121,Finance,Trusts Except Educational Religious and Charitable
GURE,Gulf Resources Inc. (NV) Common Stock,$0.55,0.0153,2.861%,5899808.00,China,,9469,Industrials,Major Chemicals
GUT,Gabelli Utility Trust (The) Common Stock,$5.095,-0.075,-1.451%,373968053.00,United States,,234488,Finance,Trusts Except Educational Religious and Charitable
GUT^C,Gabelli Utility Trust (The) 5.375% Series C Cumulative Preferred Shares,$24.29,-0.0043,-0.018%,,United States,,168,,
GUTS,Fractyl Health Inc. Common Stock,$2.05,0.08,4.061%,0.00,United States,2024,243919,,
GV,Visionary Holdings Inc. Common Shares,$2.06,0.20,10.753%,7774980.00,Canada,2022,156226,Real Estate,Other Consumer Services
GVA,Granite Construction Incorporated Common Stock,$89.245,0.145,0.163%,3901126614.00,United States,,79251,Industrials,Military/Government/Technical
GVH,Globavend Holdings Limited Ordinary Shares,$0.6202,-0.0692,-10.038%,9070425.00,Australia,2023,18530,Consumer Discretionary,Oil Refining/Marketing
GWAV,Greenwave Technology Solutions Inc. Common Stock,$0.7432,0.0486,6.997%,16631896.00,United States,,3923497,Industrials,Metal Fabrications
GWH,ESS Tech Inc. Common Stock,$6.22,-0.25,-3.864%,73911458.00,United States,,105362,Miscellaneous,Industrial Machinery/Components
GWRE,Guidewire Software Inc. Common Stock,$169.10,-2.13,-1.244%,14123106359.00,United States,2012,358748,Technology,Computer Software: Prepackaged Software
GWRS,Global Water Resources Inc. Common Stock,$11.45,-0.03,-0.261%,277337618.00,United States,2016,9108,Utilities,Water Supply
GWW,W.W. Grainger Inc. Common Stock,$1065.88,-3.10,-0.29%,51908531870.00,United States,,69247,Industrials,Office Equipment/Supplies/Services
GXAI,Gaxos.ai Inc. Common Stock,$2.96,-0.01,-0.337%,8497488.00,United States,2023,2197078,Technology,Computer Software: Prepackaged Software
GXO,GXO Logistics Inc. Common Stock ,$42.83,0.03,0.07%,5117438002.00,United States,2021,578796,Consumer Discretionary,Transportation Services
GYRE,Gyre Therapeutics Inc. Common Stock,$12.7605,0.3105,2.494%,1193380259.00,United States,2006,58172,Health Care,Biotechnology: Pharmaceutical Preparations
GYRO,Gyrodyne LLC Common Stock,$9.40,-0.48,-4.858%,20673495.00,United States,,718,Real Estate,Building operators
H,Hyatt Hotels Corporation Class A Common Stock,$158.43,-0.03,-0.019%,15215362286.00,United States,2009,112641,Consumer Discretionary,Hotels/Resorts
HAE,Haemonetics Corporation Common Stock,$77.46,-0.11,-0.142%,3890342287.00,United States,1991,74225,Health Care,Medical/Dental Instruments
HAFC,Hanmi Financial Corporation Common Stock,$23.5231,0.1431,0.612%,710312278.00,United States,,30451,Finance,Major Banks
HAFN,Hafnia Limited Common Shares,$5.4352,-0.0148,-0.272%,0.00,,2024,1267916,Consumer Discretionary,Transportation Services
HAIN,Hain Celestial Group Inc. (The) Common Stock,$6.11,-0.39,-6.00%,551086134.00,United States,,708622,Consumer Staples,Packaged Foods
HAL,Halliburton Company Common Stock,$27.085,0.295,1.101%,23794226264.00,United States,,3421001,Energy,Oilfield Services/Equipment
HALO,Halozyme Therapeutics Inc. Common Stock,$48.07,-0.06,-0.125%,6115801890.00,United States,,355074,Health Care,Biotechnology: Biological Products (No Diagnostic Substances)
HAO,Haoxi Health Technology Limited Class A Ordinary Shares,$0.1278,0.001,0.789%,6419262.00,China,2024,1758575,Consumer Discretionary,Advertising
HAS,Hasbro Inc. Common Stock,$55.91,-0.79,-1.393%,7799524280.00,United States,,434257,Consumer Discretionary,Recreational Games/Products/Toys
HASI,HA Sustainable Infrastructure Capital Inc. Common Stock,$26.90,-0.48,-1.753%,3195508243.00,United States,2013,309076,Real Estate,Real Estate Investment Trusts
HAYW,Hayward Holdings Inc. Common Stock,$15.445,0.005,0.032%,3327232329.00,United States,2021,367569,Industrials,Industrial Machinery/Components
HBAN,Huntington Bancshares Incorporated Common Stock,$16.385,0.005,0.031%,23804314658.00,United States,,4958458,Finance,Major Banks
HBANL,Huntington Bancshares Incorporated Depositary Shares Each Representing a 1/40th Interest in a Share of 6.875% Series J Non-Cumulative Perpetual Preferred Stock,$25.86,-0.09,-0.347%,37569702597.00,United States,,8760,Finance,Major Banks
HBANM,Huntington Bancshares Incorporated Depositary Shares each representing a 1/1000th interest in a share of Huntington Series I Preferred Stock,$23.28,-0.25,-1.062%,33821449206.00,United States,,10929,Finance,Major Banks
HBANP,Huntington Bancshares Incorporated Depositary Shares 4.500% Series H Non-Cumulative Perpetual Preferred Stock,$17.53,0.19,1.096%,25467783702.00,United States,,106878,Finance,Major Banks
HBB,Hamilton Beach Brands Holding Company Class A Common Stock ,$16.61,-0.16,-0.954%,227638655.00,United States,2017,21909,Consumer Discretionary,Home Furnishings
HBCP,Home Bancorp Inc. Common Stock,$46.09,-0.04,-0.087%,372226527.00,United States,2008,10416,Finance,Banks
HBI,Hanesbrands Inc. Common Stock,$8.11,-0.12,-1.458%,2858742390.00,United States,,1789097,Consumer Discretionary,Clothing/Shoe/Accessory Stores
HBIO,Harvard Bioscience Inc. Common Stock,$2.025,0.045,2.273%,88323658.00,United States,2000,99429,Industrials,Biotechnology: Laboratory Analytical Instruments
HBM,Hudbay Minerals Inc. Ordinary Shares (Canada),$8.0306,-0.1694,-2.066%,3163524863.00,Canada,,1959091,Basic Materials,Metal Mining
HBNC,Horizon Bancorp Inc. Common Stock,$16.09,0.00,0.00%,703377858.00,United States,,32904,Finance,Major Banks
HBT,HBT Financial Inc. Common Stock,$21.88,0.20,0.923%,690518928.00,United States,2019,4174,Finance,Major Banks
HCA,HCA Healthcare Inc. Common Stock,$299.405,-3.115,-1.03%,75838418226.00,United States,2011,338779,Health Care,Hospital/Nursing Management
HCAT,Health Catalyst Inc Common Stock,$6.96,-0.12,-1.695%,423499700.00,United States,2019,236922,Technology,Computer Software: Programming Data Processing
HCC,Warrior Met Coal Inc. Common Stock,$54.15,0.52,0.97%,2832669512.00,United States,2017,242317,Energy,Coal Mining
HCI,HCI Group Inc. Common Stock,$116.705,-0.715,-0.609%,1229750461.00,United States,,45506,Finance,Property-Casualty Insurers
HCKT,Hackett Group Inc (The). Common Stock,$30.67,-0.20,-0.648%,846292001.00,United States,,28938,Consumer Discretionary,Professional Services
HCM,HUTCHMED (China) Limited American Depositary Shares,$14.37,0.10,0.701%,2504981547.00,Hong Kong,2016,62525,Health Care,Biotechnology: Pharmaceutical Preparations
HCP,HashiCorp Inc. Class A Common Stock,$34.195,0.005,0.015%,6991077783.00,United States,2021,730377,Technology,EDP Services
HCSG,Healthcare Services Group Inc. Common Stock,$11.49,-0.03,-0.26%,842114245.00,United States,1983,95947,Health Care,Hospital/Nursing Management
HCTI,Healthcare Triangle Inc. Common Stock,$0.76,-0.04,-5.00%,4306754.00,United States,2021,17200,Technology,EDP Services
HCVI,Hennessy Capital Investment Corp. VI Class A Common Stock,$10.59,0.00,0.00%,0.00,United States,2021,94,Finance,Blank Checks
HCVIW,Hennessy Capital Investment Corp. VI Warrant,$0.1278,0.0078,6.50%,0.00,United States,2021,500,Finance,Blank Checks
HCWB,HCW Biologics Inc. Common Stock,$0.44,0.02,4.762%,16642293.00,United States,2021,364619,Health Care,Biotechnology: Pharmaceutical Preparations
HCWC,Healthy Choice Wellness Corp. Class A Common Stock,$0.8885,-0.0622,-6.543%,8721293.00,,2024,88625,Consumer Staples,Food Chains
HCXY,Hercules Capital Inc. 6.25% Notes due 2033,$25.02,0.08,0.321%,4064491744.00,United States,2018,469,Finance,Investment Managers
HD,Home Depot Inc. (The) Common Stock,$390.745,-2.115,-0.538%,388151473826.00,United States,,912675,Consumer Discretionary,RETAIL: Building Materials
HDB,HDFC Bank Limited Common Stock,$64.05,-0.55,-0.851%,162194042634.00,India,2001,495686,Finance,Commercial Banks
HDL,SUPER HI INTERNATIONAL HOLDING LTD. American Depositary Shares,$26.51,-0.77,-2.823%,1723942649.00,Singapore,2024,7816,Consumer Discretionary,Restaurants
HDSN,Hudson Technologies Inc. Common Stock,$5.48,0.08,1.481%,247687818.00,United States,,209816,Consumer Discretionary,Industrial Specialties
HE,Hawaiian Electric Industries Inc. Common Stock,$9.82,-0.12,-1.207%,1868941281.00,United States,,1008872,Utilities,Electric Utilities: Central
HEAR,Turtle Beach Corporation Common Stock,$16.95,0.03,0.177%,340344525.00,United States,,52341,Telecommunications,Telecommunications Equipment
HEES,H&E Equipment Services Inc. Common Stock,$49.40,-0.02,-0.04%,1808579843.00,United States,2006,88775,Industrials,Misc Corporate Leasing Services
HEI,Heico Corporation Common Stock,$240.5951,-0.3449,-0.143%,33401838184.00,United States,2000,121521,Industrials,Aerospace
HEI/A,Heico Corporation,$187.87,-0.35,-0.186%,,United States,,47747,,
HELE,Helen of Troy Limited Common Stock,$59.685,-0.855,-1.412%,1363899059.00,Bermuda,,151518,Consumer Discretionary,Home Furnishings
HEPA,Hepion Pharmaceuticals Inc. Common Stock,$0.4598,-0.0003,-0.065%,3199459.00,United States,,33247,Health Care,Biotechnology: Pharmaceutical Preparations
HEPS,D-Market Electronic Services & Trading American Depositary Shares,$3.145,-0.115,-3.528%,1010749239.00,Turkey,2021,248034,Consumer Discretionary,Catalog/Specialty Distribution
HEQ,John Hancock Hedged Equity & Income Fund Common Shares of Beneficial Interest,$10.325,-0.015,-0.145%,0.00,United States,2011,32391,Finance,Investment Managers
HES,Hess Corporation Common Stock,$131.155,0.575,0.44%,40411247898.00,United States,,548348,Energy,Integrated oil Companies
HESM,Hess Midstream LP Class A Representing Limited Partner Interests,$36.978,0.438,1.199%,3848351601.00,United States,2017,298900,Energy,Oil & Gas Production
HFBL,Home Federal Bancorp Inc. of Louisiana Common Stock,$12.55,-0.01,-0.08%,39302433.00,United States,2010,384,Finance,Savings Institutions
HFFG,HF Foods Group Inc. Common Stock,$3.23,0.03,0.938%,170342610.00,United States,2017,13763,Consumer Discretionary,Food Distributors
HFRO,Highland Opportunities and Income Fund Common Shares of Beneficial Interest,$5.135,-0.025,-0.484%,0.00,United States,2017,421093,Finance,Finance/Investors Services
HFRO^A,Highland Opportunities and Income Fund 5.375% Series A Cumulative Preferred Shares,$16.30,0.17,1.054%,,United States,,17920,,
HFWA,Heritage Financial Corporation Common Stock,$24.345,0.035,0.144%,831467907.00,United States,,30524,Finance,Banks
HG,Hamilton Insurance Group Ltd. Class B Common Shares,$18.86,0.18,0.964%,1210754930.00,Bermuda,2023,121598,,
HGBL,Heritage Global Inc. Common Stock,$1.73,0.01,0.581%,64600250.00,United States,,45580,Consumer Discretionary,Business Services
HGLB,Highland Global Allocation Fund Common Stock,$6.8241,-0.0659,-0.956%,0.00,,2019,186147,Finance,Trusts Except Educational Religious and Charitable
HGTY,Hagerty Inc. Class A Common Stock,$9.60,-0.23,-2.34%,3274236451.00,United States,2021,25425,Finance,Specialty Insurers
HGV,Hilton Grand Vacations Inc. Common Stock ,$39.385,-0.215,-0.543%,3878974850.00,United States,2016,191832,Consumer Discretionary,Hotels/Resorts
HHH,Howard Hughes Holdings Inc. Common Stock,$76.545,-0.115,-0.15%,3837776009.00,United States,,53307,Real Estate,Real Estate Investment Trusts
HHS,Harte Hanks Inc. Common Stock,$5.249,-0.131,-2.435%,38259872.00,United States,,22999,Consumer Discretionary,Advertising
HI,Hillenbrand Inc Common Stock,$30.795,0.165,0.539%,2163039014.00,United States,,112473,Consumer Discretionary,Miscellaneous manufacturing industries
HIFS,Hingham Institution for Savings Common Stock,$252.18,-0.94,-0.371%,541531332.00,United States,,2420,Finance,Banks
HIG,Hartford Financial Services Group Inc. (The) Common Stock,$109.70,-0.41,-0.372%,31801042152.00,United States,,237250,Finance,Property-Casualty Insurers
HIG^G,Hartford Financial Services Group Inc. (The) Depositary Shares each representing a 1/1000th interest in a share of 6.000% Non-Cumulative Preferred Stock Series G $0.01 par value,$25.05,0.05,0.20%,,United States,,35924,,
HIHO,Highway Holdings Limited Common Stock,$1.92,-0.03,-1.538%,8451504.00,Hong Kong,,17196,Industrials,Metal Fabrications
HII,Huntington Ingalls Industries Inc. Common Stock,$190.1429,-0.2771,-0.146%,7440167514.00,United States,,134814,Industrials,Marine Transportation
HIMS,Hims & Hers Health Inc. Class A Common Stock,$26.07,-0.49,-1.845%,5695750502.00,United States,2019,5732488,Health Care,Medical/Nursing Services
HIMX,Himax Technologies Inc. American Depositary Shares,$8.155,0.195,2.45%,1424874636.00,Taiwan,2006,959460,Technology,Semiconductors
HIO,Western Asset High Income Opportunity Fund Inc. Common Stock,$3.945,0.005,0.127%,0.00,United States,,353145,Finance,Finance/Investors Services
HIPO,Hippo Holdings Inc. Common Stock,$27.11,-0.25,-0.914%,660391738.00,United States,2021,122914,Finance,Property-Casualty Insurers
HIT,Health In Tech Inc. Class A Common Stock,$5.4702,0.0102,0.187%,295770202.00,United States,2024,38811,Finance,Specialty Insurers
HITI,High Tide Inc. Common Shares,$3.0212,-0.0288,-0.944%,243042570.00,Canada,,490928,Consumer Discretionary,Other Specialty Stores
HIVE,HIVE Digital Technologies Ltd. Common Shares,$2.965,-0.005,-0.168%,388031317.00,Canada,,5539258,Finance,Finance: Consumer Services
HIW,Highwoods Properties Inc. Common Stock,$30.07,-0.27,-0.89%,3188034210.00,United States,1994,181992,Real Estate,Real Estate Investment Trusts
HIX,Western Asset High Income Fund II Inc. Common Stock,$4.205,-0.025,-0.591%,0.00,United States,1998,491612,Finance,Finance/Investors Services
HKD,AMTD Digital Inc. American Depositary Shares (every five of which represent two Class A Ordinary Shares),$2.7107,-0.0693,-2.493%,521526531.00,,2022,170066,Finance,Finance: Consumer Services
HKIT,Hitek Global Inc. Class A Ordinary Share,$1.34,0.00,0.00%,19285768.00,China,2023,76950,Technology,Computer Software: Prepackaged Software
HL,Hecla Mining Company Common Stock,$4.945,-0.065,-1.297%,3150041331.00,United States,,6974784,Industrials,Mining & Quarrying of Nonmetallic Minerals (No Fuels)
HL^B,Hecla Mining Company Preferred Stock,$51.01,0.00,0.00%,,United States,,50,,
HLF,Herbalife Ltd. Common Shares,$6.80,0.10,1.493%,685385457.00,Cayman Islands,2004,666614,Health Care,Other Pharmaceuticals
HLI,Houlihan Lokey Inc. Class A Common Stock,$174.36,0.07,0.04%,12118088698.00,United States,2015,63734,Finance,Investment Managers
HLIO,Helios Technologies Inc. Common Stock,$44.36,-0.62,-1.378%,1474631711.00,United States,2021,37626,Industrials,Metal Fabrications
HLIT,Harmonic Inc. Common Stock,$13.285,-0.165,-1.227%,1548077296.00,United States,1995,262687,Technology,Radio And Television Broadcasting And Communications Equipment
HLLY,Holley Inc. Common Stock,$3.01,0.01,0.333%,360589069.00,United States,2020,218131,Consumer Discretionary,Auto Parts:O.E.M.
HLMN,Hillman Solutions Corp. Common Stock,$9.76,-0.04,-0.408%,1918728287.00,United States,2020,217092,Consumer Discretionary,Industrial Machinery/Components
HLN,Haleon plc American Depositary Shares (Each representing two Ordinary Shares),$9.515,-0.125,-1.297%,43454468344.00,United Kingdom,2022,4945463,Consumer Discretionary,Package Goods/Cosmetics
HLNE,Hamilton Lane Incorporated Class A Common Stock,$148.29,-3.26,-2.151%,8220332476.00,United States,2017,141989,Finance,Investment Managers
HLP,Hongli Group Inc. Ordinary Shares,$1.41,0.03,2.174%,17256638.00,China,2023,11233,Industrials,Industrial Machinery/Components
HLT,Hilton Worldwide Holdings Inc. Common Stock ,$249.42,-0.52,-0.208%,60803559213.00,United States,2016,437829,Consumer Discretionary,Hotels/Resorts
HLVX,HilleVax Inc. Common Stock,$2.0001,0.0601,3.098%,99617121.00,United States,2022,231449,Health Care,Biotechnology: Biological Products (No Diagnostic Substances)
HLX,Helix Energy Solutions Group Inc. Common Stock,$9.265,0.105,1.146%,1409238946.00,United States,,390733,Energy,Oilfield Services/Equipment
HLXB,Helix Acquisition Corp. II Class A Ordinary Shares,$10.72,0.00,0.00%,0.00,United States,2024,52,,
HMC,Honda Motor Company Ltd. Common Stock,$28.55,-0.21,-0.73%,45955101862.00,Japan,,981345,Consumer Discretionary,Auto Manufacturing
HMN,Horace Mann Educators Corporation Common Stock,$39.26,0.00,0.00%,1600158648.00,United States,1991,32877,Finance,Property-Casualty Insurers
HMST,HomeStreet Inc. Common Stock,$11.27,0.11,0.986%,212524758.00,United States,2012,142367,Finance,Major Banks
HMY,Harmony Gold Mining Company Limited,$8.185,-0.055,-0.667%,5178112670.00,South Africa,,3603235,Basic Materials,Precious Metals
HNI,HNI Corporation Common Stock,$50.365,-0.495,-0.973%,2407649014.00,United States,,54005,Consumer Discretionary,Office Equipment/Supplies/Services
HNNA,Hennessy Advisors Inc. Common Stock,$11.78,0.16,1.377%,91652158.00,United States,,11082,Finance,Investment Managers
HNNAZ,Hennessy Advisors Inc. 4.875% Notes due 2026,$24.22,0.00,0.00%,188439326.00,United States,,106,Finance,Investment Managers
HNRG,Hallador Energy Company Common Stock,$11.26,0.12,1.077%,479868636.00,United States,,116132,Energy,Coal Mining
HNST,The Honest Company Inc. Common Stock,$6.965,0.035,0.505%,703195907.00,United States,2021,982484,Consumer Discretionary,Catalog/Specialty Distribution
HNVR,Hanover Bancorp Inc. Common Stock,$22.52,0.16,0.716%,161076575.00,United States,2022,4629,Finance,Major Banks
HNW,Pioneer Diversified High Income Fund Inc.,$11.77,0.06,0.512%,0.00,United States,2007,19877,Finance,Finance/Investors Services
HOFT,Hooker Furnishings Corporation Common Stock,$13.81,0.40,2.983%,147911066.00,United States,,38218,Consumer Discretionary,Home Furnishings
HOFV,Hall of Fame Resort & Entertainment Company Common Stock,$1.04,0.0515,5.21%,6819108.00,United States,,51307,Consumer Discretionary,Services-Misc. Amusement & Recreation
HOFVW,Hall of Fame Resort &amp; Entertainment Company Warrant,$0.0058,0.0014,31.818%,38030.00,United States,,37055,Consumer Discretionary,Services-Misc. Amusement & Recreation
HOG,Harley-Davidson Inc. Common Stock,$29.90,-0.38,-1.255%,3807068569.00,United States,,302066,Consumer Discretionary,Motor Vehicles
HOLO,MicroCloud Hologram Inc. Ordinary Shares,$4.6082,2.2082,92.008%,94671778.00,United States,2021,115924679,Technology,Computer Software: Programming Data Processing
HOLOW,MicroCloud Hologram Inc. Warrant,$0.1887,0.1007,114.432%,3876690.00,United States,2021,1939843,Technology,Computer Software: Programming Data Processing
HOLX,Hologic Inc. Common Stock,$72.24,-0.36,-0.496%,16394233516.00,United States,1990,479510,Health Care,Medical Electronics
HOMB,Home BancShares Inc. Common Stock,$28.40,-0.01,-0.035%,5645868482.00,United States,2006,144965,Finance,Major Banks
HON,Honeywell International Inc. Common Stock,$227.20,-2.31,-1.006%,147736204736.00,United States,,1065332,Industrials,Aerospace
HOND,HCM II Acquisition Corp. Class A Ordinary Shares,$10.01,-0.0176,-0.176%,0.00,United States,2024,501,,
HONDU,HCM II Acquisition Corp. Unit,$10.09,0.00,0.00%,0.00,United States,2024,86,Finance,Blank Checks
HONDW,HCM II Acquisition Corp. Warrant,$0.12,0.00,0.00%,0.00,United States,2024,80,Finance,Blank Checks
HONE,HarborOne Bancorp Inc. Common Stock,$11.96,-0.03,-0.25%,526856586.00,United States,2016,35616,Finance,Major Banks
HOOD,Robinhood Markets Inc. Class A Common Stock,$38.84,-0.18,-0.461%,34333615761.00,United States,2021,7104095,Finance,Investment Bankers/Brokers/Service
HOOK,HOOKIPA Pharma Inc. Common Stock,$2.00,0.06,3.093%,24109078.00,United States,2019,44632,Health Care,Biotechnology: Pharmaceutical Preparations
HOPE,Hope Bancorp Inc. Common Stock,$12.28,-0.02,-0.163%,1482674601.00,United States,,129166,Finance,Major Banks
HOTH,Hoth Therapeutics Inc. Common Stock,$0.76,-0.014,-1.809%,5246891.00,United States,2019,227563,Health Care,Biotechnology: Pharmaceutical Preparations
HOUR,Hour Loop Inc. Common Stock,$2.67,-0.15,-5.319%,93833038.00,United States,2022,370002,Consumer Discretionary,Catalog/Specialty Distribution
HOUS,Anywhere Real Estate Inc. Common Stock,$3.305,-0.035,-1.048%,367719588.00,United States,2012,427906,Finance,Real Estate
HOV,Hovnanian Enterprises Inc. Class A Common Stock,$131.845,-1.425,-1.069%,798380146.00,United States,1983,39749,Consumer Discretionary,Homebuilding
HOVNP,Hovnanian Enterprises Inc Dep Shr Srs A Pfd,$17.6235,-0.1665,-0.936%,106718135.00,United States,,4991,Consumer Discretionary,Homebuilding
HOVR,New Horizon Aircraft Ltd. Class A Ordinary Share,$1.34,-0.08,-5.634%,32929491.00,United States,2023,4929155,Industrials,Aerospace
HOVRW,New Horizon Aircraft Ltd. Warrant,$0.12,-0.01,-7.692%,2948910.00,United States,2023,123824,Industrials,Aerospace
HOWL,Werewolf Therapeutics Inc. Common Stock,$1.51,-0.04,-2.581%,67290361.00,United States,2021,260871,Health Care,Biotechnology: Pharmaceutical Preparations
HP,Helmerich & Payne Inc. Common Stock,$31.78,1.02,3.316%,3138446993.00,United States,,356282,Energy,Oil & Gas Production
HPAI,Helport AI Limited Ordinary Shares,$5.97,0.01,0.168%,221683819.00,Singapore,,996,Technology,Computer Software: Prepackaged Software
HPAIW,Helport AI Limited Warrants,$0.192,0.052,37.143%,7129530.00,Singapore,,54684,Technology,Computer Software: Prepackaged Software
HPE,Hewlett Packard Enterprise Company Common Stock,$21.6001,-0.0499,-0.23%,28411344681.00,United States,2015,2622074,Technology,Retail: Computer Software & Peripheral Equipment
HPE^C,Hewlett Packard Enterprise Company 7.625% Series C Mandatory Convertible Preferred Stock,$62.265,-0.215,-0.344%,,United States,,15531,,
HPF,John Hancock Pfd Income Fund II Pfd Income Fund II,$16.38,0.05,0.306%,0.00,United States,2002,37484,Finance,Finance Companies
HPH,Highest Performances Holdings Inc. American Depository Shares,$0.3172,0.0169,5.628%,118172079.00,China,2019,82730,Finance,Investment Managers
HPI,John Hancock Preferred Income Fund Common Shares of Beneficial Interest,$16.4001,-0.0499,-0.303%,0.00,United States,2002,44032,Finance,Trusts Except Educational Religious and Charitable
HPK,HighPeak Energy Inc. Common Stock,$14.92,0.50,3.467%,1889248297.00,United States,,131562,Energy,Oil & Gas Production
HPKEW,HighPeak Energy Inc. Warrant,$3.86,0.22,6.044%,491682940.00,United States,,1725,Energy,Oil & Gas Production
HPP,Hudson Pacific Properties Inc. Common Stock,$2.881,-0.089,-2.997%,406890432.00,United States,2010,961736,Finance,Real Estate
HPP^C,Hudson Pacific Properties Inc. 4.750% Series C Cumulative Redeemable Preferred Stock,$13.85,0.13,0.948%,,United States,,12250,,
HPQ,HP Inc. Common Stock,$32.785,-0.495,-1.487%,30745698775.00,United States,,1724126,Technology,Computer Manufacturing
HPS,John Hancock Preferred Income Fund III Preferred Income Fund III,$14.79,-0.02,-0.135%,0.00,United States,2003,57905,Finance,Investment Managers
HQH,abrdn Healthcare Investors Shares of Beneficial Interest,$16.215,-0.245,-1.488%,767678517.00,United States,1987,193023,Finance,Finance Companies
HQI,HireQuest Inc. Common Stock (DE),$13.35,-0.37,-2.697%,186900000.00,United States,,11324,Consumer Discretionary,Professional Services
HQL,abrdn Life Sciences Investors Shares of Beneficial Interest,$13.265,-0.235,-1.741%,340640372.00,United States,1992,171317,Finance,Investment Managers
HQY,HealthEquity Inc. Common Stock,$97.53,1.23,1.277%,8452209522.00,United States,2014,180936,Consumer Discretionary,Business Services
HR,Healthcare Realty Trust Incorporated Common Stock,$16.615,-0.245,-1.453%,5888160209.00,United States,,475861,Real Estate,Real Estate Investment Trusts
HRB,H&R Block Inc. Common Stock,$51.82,-1.61,-3.013%,7101737297.00,United States,,532693,Consumer Discretionary,Other Consumer Services
HRI,Herc Holdings Inc. Common Stock ,$189.135,-0.485,-0.256%,5372302697.00,United States,2016,61784,Industrials,Misc Corporate Leasing Services
HRL,Hormel Foods Corporation Common Stock,$31.22,-0.63,-1.978%,17140183425.00,United States,,498309,Consumer Staples,Meat/Poultry/Fish
HRMY,Harmony Biosciences Holdings Inc. Common Stock,$34.0299,-0.1701,-0.497%,1940769334.00,United States,2020,142883,Health Care,Biotechnology: Pharmaceutical Preparations
HROW,Harrow Inc. Common Stock,$33.57,0.07,0.209%,1195586083.00,United States,,108471,Health Care,Biotechnology: Pharmaceutical Preparations
HROWL,Harrow Inc. 8.625% Senior Notes due 2026,$25.24,-0.02,-0.079%,898915482.00,United States,,1538,Health Care,Biotechnology: Pharmaceutical Preparations
HROWM,Harrow  Inc. 11.875% Senior Notes due 2027,$25.9799,0.0399,0.154%,925266812.00,United States,,2495,Health Care,Biotechnology: Pharmaceutical Preparations
HRTG,Heritage Insurance Holdings Inc. Common Stock,$11.99,-0.06,-0.498%,367903534.00,United States,2014,55796,Finance,Property-Casualty Insurers
HRTX,Heron Therapeutics Inc. Common Stock,$1.525,-0.025,-1.613%,231944741.00,United States,,861863,Health Care,Biotechnology: Pharmaceutical Preparations
HRZN,Horizon Technology Finance Corporation Common Stock,$8.9299,-0.0701,-0.779%,339893220.00,United States,2010,237717,Finance,Finance: Consumer Services
HSAI,Hesai Group American Depositary Share each ADS represents one Class B ordinary share,$14.4697,0.9497,7.024%,1838064127.00,China,2023,4216444,Industrials,Industrial Machinery/Components
HSBC,HSBC Holdings plc. Common Stock,$49.63,0.34,0.69%,178813169388.00,United Kingdom,,752617,Finance,Savings Institutions
HSCS,HeartSciences Inc. Common Stock,$3.8263,0.021,0.552%,3751002.00,United States,2022,7061,Health Care,Industrial Specialties
HSDT,Helius Medical Technologies Inc. Class A Common Stock (DE),$0.675,-0.0252,-3.599%,2516516.00,United States,,139098,Health Care,Biotechnology: Electromedical & Electrotherapeutic Apparatus
HSHP,Himalaya Shipping Ltd. Common Shares,$4.81,-0.04,-0.825%,211159000.00,,2023,28721,Consumer Discretionary,Marine Transportation
HSIC,Henry Schein Inc. Common Stock,$69.84,-0.58,-0.824%,8707741573.00,United States,1995,200358,Health Care,Medical Specialities
HSII,Heidrick & Struggles International Inc. Common Stock,$44.30,0.03,0.068%,733950085.00,United States,1999,26832,Consumer Discretionary,Diversified Commercial Services
HSON,Hudson Global Inc. Common Stock,$12.89,-0.50,-3.734%,35204975.00,United States,,2257,Consumer Discretionary,Professional Services
HSPO,Horizon Space Acquisition I Corp. Ordinary Shares,$11.36,-0.04,-0.351%,0.00,United States,2023,586,Finance,Blank Checks
HSPOR,Horizon Space Acquisition I Corp. Right,$0.13,-0.026,-16.667%,0.00,United States,2023,100,Finance,Blank Checks
HSPOW,Horizon Space Acquisition I Corp. Warrant,$0.015,-0.005,-25.00%,0.00,United States,2023,6877,Finance,Blank Checks
HSPTU,Horizon Space Acquisition II Corp. Units,$10.03,0.00,0.00%,0.00,United States,2024,97,,
HST,Host Hotels & Resorts Inc. Common Stock,$17.81,-0.165,-0.918%,12449711370.00,United States,,1982873,Real Estate,Real Estate Investment Trusts
HSTM,HealthStream Inc. Common Stock,$31.78,0.03,0.094%,966584982.00,United States,2000,22853,Technology,Computer Software: Programming Data Processing
HSY,The Hershey Company Common Stock,$168.14,-3.62,-2.108%,34023928001.00,United States,,550824,Consumer Staples,Specialty Foods
HTBI,HomeTrust Bancshares Inc. Common Stock,$33.80,-0.06,-0.177%,592511364.00,United States,2012,9522,Finance,Savings Institutions
HTBK,Heritage Commerce Corp Common Stock,$9.39,-0.04,-0.424%,575638607.00,United States,,85902,Finance,Major Banks
HTCO,Caravelle International Group Ordinary Shares,$3.12,0.71,29.461%,174999486.00,Singapore,,246839,Consumer Discretionary,Marine Transportation
HTCR,Heartcore Enterprises Inc. Common Stock,$1.7883,0.2383,15.374%,155994579.00,Japan,2022,579386,Technology,EDP Services
HTD,John Hancock Tax Advantaged Dividend Income Fund Common Shares of Beneficial Interest,$21.92,-0.16,-0.725%,0.00,United States,2004,67294,Finance,Finance Companies
HTFB,Horizon Technology Finance Corporation 4.875% Notes due 2026,$24.85,0.00,0.00%,945850068.00,United States,,20,Finance,Finance: Consumer Services
HTFC,Horizon Technology Finance Corporation 6.25% Notes due 2027,$24.03,0.00,0.00%,914638919.00,United States,2022,1324,Finance,Finance: Consumer Services
HTGC,Hercules Capital Inc. Common Stock,$20.14,0.06,0.299%,3271737159.00,United States,2012,472848,Finance,Investment Managers
HTH,Hilltop Holdings Inc.,$28.66,-0.23,-0.796%,1861803526.00,United States,,77701,Finance,Major Banks
HTHT,H World Group Limited American Depositary Shares,$32.775,-0.635,-1.901%,10353774412.00,China,2010,454780,Consumer Discretionary,Hotels/Resorts
HTIA,National Healthcare Properties Inc. 7.375% Series A Cumulative Redeemable Perpetual Preferred Stock,$14.90,-0.04,-0.268%,421616941.00,United States,,8574,Real Estate,Real Estate Investment Trusts
HTIBP,National Healthcare Properties Inc. 7.125% Series B Cumulative Redeemable Perpetual Preferred Stock,$14.1928,0.0528,0.373%,401605699.00,United States,,6487,Real Estate,Real Estate Investment Trusts
HTLD,Heartland Express Inc. Common Stock,$11.11,-0.02,-0.18%,872099004.00,United States,1986,122319,Industrials,Trucking Freight/Courier Services
HTLF,Heartland Financial USA Inc. Common Stock,$61.75,0.01,0.016%,2648179502.00,United States,,93905,Finance,Major Banks
HTLFP,Heartland Financial USA Inc. Depositary Shares each representing a 1/400th ownership interest in a share of 7.00% Fixed-Rate Reset Non-Cumulative Perpetual Preferred Stock Series E,$25.40,0.05,0.197%,1089291649.00,United States,,1960,Finance,Major Banks
HTLM,HomesToLife Ltd Ordinary Shares,$9.48,-1.00,-9.542%,137460000.00,Singapore,2024,82390,Consumer Discretionary,Other Specialty Stores
HTOO,Fusion Fuel Green PLC Class A Ordinary Shares,$0.55,-0.0013,-0.236%,9554582.00,Ireland,,318102,Energy,Industrial Machinery/Components
HTOOW,Fusion Fuel Green PLC Warrant,$0.0247,-0.0001,-0.403%,429088.00,Ireland,,34000,Energy,Industrial Machinery/Components
HTZ,Hertz Global Holdings Inc Common Stock,$3.565,-0.055,-1.519%,1093348741.00,United States,,2767984,Consumer Discretionary,Rental/Leasing Companies
HTZWW,Hertz Global Holdings Inc Warrant,$2.05,-0.10,-4.651%,628713862.00,United States,,393026,Consumer Discretionary,Rental/Leasing Companies
HUBB,Hubbell Inc Common Stock,$421.13,-1.98,-0.468%,22602278300.00,United States,2015,101106,Technology,Electrical Products
HUBC,Hub Cyber Security Ltd. Ordinary Shares,$1.085,0.235,27.647%,33048814.00,Israel,,8395007,Telecommunications,Computer Communications Equipment
HUBCW,Hub Cyber Security Ltd. Warrant 2/27/28,$0.052,0.017,48.571%,1583906.00,Israel,,963969,Telecommunications,Computer Communications Equipment
HUBCZ,Hub Cyber Security Ltd. Warrant 8/22/2025,$0.0444,0.0183,70.115%,1352412.00,Israel,,577911,Telecommunications,Computer Communications Equipment
HUBG,Hub Group Inc. Class A Common Stock,$44.02,-0.19,-0.43%,2701181828.00,United States,1996,66140,Consumer Discretionary,Oil Refining/Marketing
HUBS,HubSpot Inc. Common Stock,$702.165,-5.995,-0.847%,36248262625.00,United States,2014,88507,Technology,Computer Software: Prepackaged Software
HUDI,Huadi International Group Co. Ltd. Ordinary Shares,$1.7699,0.0599,3.503%,25237326.00,China,2021,14909,Industrials,Steel/Iron Ore
HUHU,HUHUTECH International Group Inc. Ordinary Shares,$4.70,-0.1944,-3.972%,99875000.00,China,2024,26117,Telecommunications,Metal Fabrications
HUIZ,Huize Holding Limited American Depositary Shares,$3.19,-0.04,-1.238%,31726445.00,China,2020,33501,Finance,Specialty Insurers
HUM,Humana Inc. Common Stock,$254.6955,-0.9445,-0.369%,30668227211.00,United States,,407967,Health Care,Medical Specialities
HUMA,Humacyte Inc. Common Stock,$5.28,-0.22,-4.00%,664538139.00,United States,2020,3018721,Health Care,Biotechnology: Biological Products (No Diagnostic Substances)
HUMAW,Humacyte Inc. Warrant,$2.10,-0.1106,-5.003%,264304942.00,United States,2020,13774,Health Care,Biotechnology: Biological Products (No Diagnostic Substances)
HUN,Huntsman Corporation Common Stock,$17.60,-0.18,-1.012%,3044663090.00,United States,2005,753469,Industrials,Major Chemicals
HURA,TuHURA Biosciences Inc. Common Stock,$4.18,-0.23,-5.215%,176749310.00,United States,,86708,Health Care,Biotechnology: Pharmaceutical Preparations
HURC,Hurco Companies Inc. Common Stock,$18.81,-0.27,-1.415%,121314982.00,United States,,5104,Industrials,Industrial Machinery/Components
HURN,Huron Consulting Group Inc. Common Stock,$124.643,1.693,1.377%,2211280619.00,United States,2004,37982,Consumer Discretionary,Professional Services
HUSA,Houston American Energy Corporation Common Stock,$1.41,0.12,9.302%,18452012.00,United States,,584905,Energy,Oil & Gas Production
HUT,Hut 8 Corp. Common Stock,$22.00,-0.32,-1.434%,2058784024.00,United States,,2502394,Finance,Finance: Consumer Services
HUYA,HUYA Inc. American depositary shares each  representing one Class A ordinary share,$3.00,-0.05,-1.639%,699250107.00,United States,2018,481195,Technology,Computer Software: Programming Data Processing
HVT,Haverty Furniture Companies Inc. Common Stock,$22.135,0.025,0.113%,363191833.00,United States,,63807,Consumer Discretionary,Other Specialty Stores
HVT/A,Haverty Furniture Companies Inc.,$22.129,0.00,0.00%,,United States,,4,,
HWBK,Hawthorn Bancshares Inc. Common Stock,$28.77,0.47,1.661%,201008021.00,United States,,2968,Finance,Major Banks
HWC,Hancock Whitney Corporation Common Stock,$55.01,0.16,0.292%,4734179964.00,United States,,113760,Finance,Major Banks
HWCPZ,Hancock Whitney Corporation 6.25% Subordinated Notes due 2060,$23.80,0.12,0.507%,2048236378.00,United States,,8106,Finance,Major Banks
HWH,HWH International Inc. Common Stock,$0.58,-0.0565,-8.877%,12909546.00,United States,2022,253959,Health Care,Other Pharmaceuticals
HWKN,Hawkins Inc. Common Stock,$124.67,-0.67,-0.535%,2606942579.00,United States,,23529,Consumer Discretionary,Specialty Chemicals
HWM,Howmet Aerospace Inc. Common Stock,$110.60,-0.63,-0.566%,44932427779.00,United States,,431357,Industrials,Metal Fabrications
HWM^,Howmet Aerospace Inc. $3.75 Preferred Stock,$56.7501,-1.2498,-2.155%,,United States,,1187,,
HXL,Hexcel Corporation Common Stock,$62.90,-0.20,-0.317%,5095033851.00,United States,,164370,Industrials,Major Chemicals
HY,Hyster-Yale Inc. Class A common stock,$50.86,0.69,1.375%,890467001.00,United States,,37321,Industrials,Construction/Ag Equipment/Trucks
HYAC,Haymaker Acquisition Corp. 4 Class A Ordinary Shares,$10.76,0.00,0.00%,0.00,,2023,339,,
HYB,New America High Income Fund Inc. (The) Common Stock,$8.18,0.02,0.245%,0.00,United States,1988,15460,Finance,Investment Managers
HYFM,Hydrofarm Holdings Group Inc. Common Stock,$0.5999,-0.0193,-3.117%,27682036.00,United States,2020,104029,Consumer Discretionary,Consumer Specialties
HYI,Western Asset High Yield Defined Opportunity Fund Inc. Common Stock,$11.73,-0.02,-0.17%,0.00,,2010,80998,Finance,Investment Managers
HYLN,Hyliion Holdings Corp. Class A Common Stock,$2.72,0.00,0.00%,472557663.00,United States,2019,571550,Consumer Discretionary,Construction/Ag Equipment/Trucks
HYMC,Hycroft Mining Holding Corporation Class A Common Stock,$2.3599,0.2499,11.844%,58416235.00,United States,2018,344713,Basic Materials,Precious Metals
HYMCL,Hycroft Mining Holding Corporation Warrants,$0.014,-0.002,-12.50%,346552.00,United States,,27154,Basic Materials,Precious Metals
HYMCW,Hycroft Mining Holding Corporation  Warrant,$0.008,-0.0001,-1.235%,198030.00,United States,2018,27888,Basic Materials,Precious Metals
HYPR,Hyperfine Inc. Class A Common Stock,$0.88,-0.01,-1.124%,64194896.00,United States,2021,167052,Health Care,Biotechnology: Electromedical & Electrotherapeutic Apparatus
HYT,Blackrock Corporate High Yield Fund Inc. Common Stock,$9.73,0.01,0.103%,0.00,United States,2003,236240,Finance,Finance Companies
HYZN,Hyzon Motors Inc. Class A Common Stock,$1.05,-0.01,-0.943%,7971378.00,United States,2020,151656,Energy,Industrial Machinery/Components
HYZNW,Hyzon Motors Inc. Warrants,$0.0102,-0.0041,-28.671%,77436.00,United States,2020,266270,Energy,Industrial Machinery/Components
HZO,MarineMax Inc.  (FL) Common Stock,$27.16,-0.61,-2.197%,613668385.00,United States,1998,79608,Consumer Discretionary,Auto & Home Supply Stores
IAC,IAC Inc. Common Stock,$43.09,-0.04,-0.093%,3717312767.00,United States,,402526,Technology,Computer Software: Programming Data Processing
IAE,Voya Asia Pacific High Dividend Equity Income Fund ING Asia Pacific High Dividend Equity Income Fund Common Shares of Beneficial Interest,$6.09,-0.10,-1.616%,0.00,United States,2007,23468,Finance,Trusts Except Educational Religious and Charitable
IAF,abrdn Australia Equity Fund Inc. Common Stock,$4.245,-0.005,-0.118%,0.00,United States,1985,66367,Finance,Finance/Investors Services
IAG,Iamgold Corporation Ordinary Shares,$5.115,-0.045,-0.872%,2917084500.00,Canada,,4887729,Basic Materials,Precious Metals
IART,Integra LifeSciences Holdings Corporation Common Stock,$22.41,0.08,0.358%,1729234573.00,United States,,174640,Health Care,Medical/Dental Instruments
IAS,Integral Ad Science Holding Corp. Common Stock,$10.35,-0.09,-0.862%,1683639126.00,United States,2021,320061,Technology,Computer Software: Programming Data Processing
IAUX,i-80 Gold Corp. Common Shares,$0.50,-0.0084,-1.652%,192448363.00,Canada,2022,3748720,Basic Materials,Precious Metals
IBAC,IB Acquisition Corp. Common Stock,$10.13,0.01,0.099%,0.00,United States,2024,55000,,
IBACR,IB Acquisition Corp. Right,$0.0648,0.0047,7.82%,0.00,United States,2024,7210,,
IBCP,Independent Bank Corporation Common Stock,$34.835,0.145,0.418%,727845207.00,United States,,26423,Finance,Major Banks
IBEX,IBEX Limited Common Shares,$21.6372,0.2072,0.967%,362743504.00,Bermuda,2020,167091,Technology,EDP Services
IBG,Innovation Beverage Group Limited Ordinary Shares,$1.1565,0.0165,1.447%,9645968.00,Australia,2024,124711,Consumer Staples,Beverages (Production/Distribution)
IBIO,iBio Inc. Common Stock,$2.46,0.01,0.408%,22507696.00,United States,,50911,Health Care,Biotechnology: Pharmaceutical Preparations
IBKR,Interactive Brokers Group Inc. Class A Common Stock,$179.185,0.185,0.103%,19509497771.00,United States,2019,286955,Finance,Investment Bankers/Brokers/Service
IBM,International Business Machines Corporation Common Stock,$221.08,-1.70,-0.763%,204420550204.00,United States,,841786,Technology,Computer Manufacturing
IBN,ICICI Bank Limited Common Stock,$30.19,-0.27,-0.886%,106211263838.00,India,,622131,Finance,Commercial Banks
IBO,Impact BioMedical Inc. Common Stock,$1.47,0.0306,2.126%,16910814.00,,2024,7595,Health Care,Biotechnology: Pharmaceutical Preparations
IBOC,International Bancshares Corporation Common Stock,$63.89,0.09,0.141%,3974137531.00,United States,,53689,Finance,Major Banks
IBP,Installed Building Products Inc. Common Stock,$175.84,1.52,0.872%,4948442155.00,United States,2014,94559,Consumer Discretionary,Homebuilding
IBRX,ImmunityBio Inc. Common Stock,$2.715,-0.065,-2.338%,1891896969.00,United States,2015,6705869,Health Care,Biotechnology: Biological Products (No Diagnostic Substances)
IBTA,Ibotta Inc. Class A Common Stock,$65.315,-0.435,-0.662%,2000442347.00,United States,2024,84715,Consumer Discretionary,Advertising
IBTX,Independent Bank Group Inc Common Stock,$60.90,0.35,0.578%,2523456541.00,United States,2013,65452,Finance,Major Banks
ICAD,iCAD Inc. Common Stock,$1.89,-0.06,-3.077%,50160657.00,United States,,47981,Health Care,Medical/Dental Instruments
ICCC,ImmuCell Corporation Common Stock,$5.25,0.27,5.422%,46785842.00,United States,1987,27365,Health Care,Biotechnology: In Vitro & In Vivo Diagnostic Substances
ICCH,ICC Holdings Inc. Common Stock,$23.2659,-0.1341,-0.573%,73021888.00,United States,2017,597,Finance,Property-Casualty Insurers
ICCM,IceCure Medical Ltd. Ordinary Shares,$1.0799,-0.0401,-3.58%,53476648.00,Israel,,184557,Health Care,Medical/Dental Instruments
ICCT,iCoreConnect Inc. Common stock,$2.5203,-0.0597,-2.314%,3389743.00,United States,,51426,Technology,Computer Software: Prepackaged Software
ICE,Intercontinental Exchange Inc. Common Stock,$149.5725,-0.7475,-0.497%,85881014098.00,United States,2005,671554,Finance,Investment Bankers/Brokers/Service
ICFI,ICF International Inc. Common Stock,$117.71,-0.75,-0.633%,2208558594.00,United States,2006,38722,Consumer Discretionary,Professional Services
ICG,Intchains Group Limited American Depositary Shares,$9.20,-0.13,-1.393%,551429747.00,China,2023,368590,Technology,Semiconductors
ICHR,Ichor Holdings Ordinary Shares,$31.04,-0.33,-1.052%,1045670771.00,United States,2016,46107,Technology,Semiconductors
ICL,ICL Group Ltd. Ordinary Shares,$4.795,0.005,0.104%,6300751486.00,Israel,2014,254150,Industrials,Agricultural Chemicals
ICLK,iClick Interactive Asia Group Limited American Depositary Shares,$9.46,0.87,10.128%,95937786.00,Hong Kong,2017,98885,Technology,Computer Software: Prepackaged Software
ICLR,ICON plc Ordinary Shares,$210.825,-1.465,-0.69%,17392026506.00,Ireland,1998,178033,Health Care,Biotechnology: Commercial Physical & Biological Resarch
ICMB,Investcorp Credit Management BDC Inc. Common Stock,$3.045,-0.005,-0.164%,43867013.00,United States,2014,58834,Finance,Finance: Consumer Services
ICON,Icon Energy Corp. Common stock,$2.22,0.12,5.714%,3640800.00,Greece,2024,5532,Consumer Discretionary,Marine Transportation
ICR^A,InPoint Commercial Real Estate Income Inc. 6.75% Series A Cumulative Redeemable Preferred Stock,$19.4749,-0.3633,-1.831%,,,,14381,,
ICU,SeaStar Medical Holding Corporation Common Stock,$2.03,-0.01,-0.49%,9060190.00,United States,2021,94900,Health Care,Medical/Dental Instruments
ICUCW,SeaStar Medical Holding Corporation Warrant,$0.0247,-0.0023,-8.519%,110240.00,United States,2021,35515,Health Care,Medical/Dental Instruments
ICUI,ICU Medical Inc. Common Stock,$154.27,-0.19,-0.123%,3777187716.00,United States,1992,46422,Health Care,Medical/Dental Instruments
IDA,IDACORP Inc. Common Stock,$109.20,-0.52,-0.474%,5817063689.00,United States,,60520,Utilities,Electric Utilities: Central
IDAI,T Stamp Inc. Class A Common Stock,$0.8942,0.1842,25.944%,20696419.00,United States,,10764975,Technology,Computer Software: Prepackaged Software
IDCC,InterDigital Inc. Common Stock,$196.27,1.34,0.687%,4974214672.00,United States,,81949,Miscellaneous,Multi-Sector Companies
IDE,Voya Infrastructure Industrials and Materials Fund Common Shares of Beneficial Interest,$10.125,-0.125,-1.22%,0.00,United States,2010,21795,Finance,Finance/Investors Services
IDN,Intellicheck Inc. Common Stock,$2.78,-0.05,-1.767%,54939225.00,United States,1999,35107,Technology,Computer Software: Prepackaged Software
IDR,Idaho Strategic Resources Inc. Common Stock,$9.98,-0.06,-0.598%,136338167.00,,2022,85448,Basic Materials,Precious Metals
IDT,IDT Corporation Class B Common Stock,$47.33,-0.60,-1.252%,1195043926.00,United States,,19446,Telecommunications,Telecommunications Equipment
IDXX,IDEXX Laboratories Inc. Common Stock,$411.94,-2.99,-0.721%,33731568488.00,United States,1991,135763,Health Care,Biotechnology: In Vitro & In Vivo Diagnostic Substances
IDYA,IDEAYA Biosciences Inc. Common Stock,$25.01,-0.15,-0.596%,2161659293.00,United States,2019,400564,Health Care,Biotechnology: Pharmaceutical Preparations
IE,Ivanhoe Electric Inc. Common Stock,$7.70,-0.10,-1.282%,926359388.00,Canada,2022,132387,Basic Materials,Metal Mining
IEP,Icahn Enterprises L.P. Common Stock,$8.86,-0.08,-0.895%,4465470381.00,United States,,1319942,Consumer Discretionary,Auto Parts:O.E.M.
IESC,IES Holdings Inc. Common Stock,$203.98,-6.54,-3.107%,4073821247.00,United States,,82023,Industrials,Engineering & Construction
IEX,IDEX Corporation Common Stock,$209.9896,-1.1204,-0.531%,15901107158.00,United States,1989,68587,Industrials,Fluid Controls
IFBD,Infobird Co. Ltd Ordinary Shares,$2.6171,0.0371,1.438%,5200110.00,China,2021,68340,Technology,Computer Software: Prepackaged Software
IFF,International Flavors & Fragrances Inc. Common Stock,$84.20,-0.39,-0.461%,21528452102.00,United States,,247460,Industrials,Major Chemicals
IFN,India Fund Inc. (The) Common Stock,$15.7187,-0.1913,-1.202%,0.00,United States,,298103,Finance,Finance/Investors Services
IFRX,InflaRx N.V. Common Stock,$2.475,-0.115,-4.44%,145736098.00,Germany,2017,134294,Health Care,Biotechnology: Pharmaceutical Preparations
IFS,Intercorp Financial Services Inc. Common Shares,$29.36,0.28,0.963%,3361133094.00,,2019,23745,Finance,Commercial Banks
IGA,Voya Global Advantage and Premium Opportunity Fund Common Shares of Beneficial Interest,$9.16,-0.17,-1.822%,0.00,United States,2005,35835,Finance,Investment Managers
IGC,IGC Pharma Inc. Common Stock,$0.3535,-0.0165,-4.459%,27378354.00,United States,,212285,Health Care,Biotechnology: Pharmaceutical Preparations
IGD,Voya Global Equity Dividend and Premium Opportunity Fund,$5.4016,-0.1084,-1.967%,0.00,United States,2005,138827,Finance,Trusts Except Educational Religious and Charitable
IGI,Western Asset Investment Grade Opportunity Trust Inc. Common Stock,$16.2717,0.0767,0.474%,0.00,United States,2009,8437,Finance,Investment Managers
IGIC,International General Insurance Holdings Ltd. Ordinary Share,$23.655,-0.185,-0.776%,1089884704.00,Jordan,2018,106222,Finance,Property-Casualty Insurers
IGMS,IGM Biosciences Inc. Common Stock,$6.05,-0.32,-5.024%,359758295.00,United States,2019,125089,Health Care,Biotechnology: Pharmaceutical Preparations
IGR,CBRE Global Real Estate Income Fund Common Shares of Beneficial Interest,$4.8899,-0.0801,-1.612%,0.00,United States,2004,915883,Finance,Finance Companies
IGT,International Game Technology Ordinary Shares,$17.335,0.255,1.493%,3475359786.00,United States,2015,403853,Consumer Discretionary,Services-Misc. Amusement & Recreation
IH,iHuman Inc. American depositary shares each representing five Class A ordinary shares,$1.69,-0.03,-1.744%,89132217.00,United States,2020,35513,Real Estate,Other Consumer Services
IHD,Voya Emerging Markets High Income Dividend Equity Fund Common Shares,$5.07,-0.08,-1.553%,0.00,United States,2011,26115,Finance,Investment Managers
IHG,Intercontinental Hotels Group American Depositary Shares (Each representing one Ordinary Share),$126.0803,-0.2697,-0.213%,20089143289.00,United Kingdom,,34278,Consumer Discretionary,Hotels/Resorts
IHRT,iHeartMedia Inc. Class A Common Stock,$1.9093,-0.0007,-0.037%,280809060.00,United States,,429001,Consumer Discretionary,Broadcasting
IHS,IHS Holding Limited Ordinary Shares,$3.00,0.00,0.00%,995760006.00,Cayman Islands,2021,122403,Telecommunications,Telecommunications Equipment
IHT,InnSuites Hospitality Trust Shares of Beneficial Interest,$2.21,0.00,0.00%,19367302.00,United States,1999,142,Finance,Investment Bankers/Brokers/Service
IIF,Morgan Stanley India Investment Fund Inc. Common Stock,$25.41,-0.05,-0.196%,0.00,United States,1994,39159,Finance,Trusts Except Educational Religious and Charitable
III,Information Services Group Inc. Common Stock,$3.36,0.02,0.599%,164882978.00,United States,,39095,Consumer Discretionary,Professional Services
IIIN,Insteel Industries Inc. Common Stock,$27.13,-0.42,-1.525%,527737453.00,United States,,40453,Industrials,Steel/Iron Ore
IIIV,i3 Verticals Inc. Class A Common Stock,$23.70,-0.21,-0.878%,794907622.00,United States,2018,39977,Consumer Discretionary,Business Services
IIM,Invesco Value Municipal Income Trust Common Stock,$11.755,0.045,0.384%,553289500.00,United States,,317440,Finance,Investment Managers
IINN,Inspira Technologies Oxy B.H.N. Ltd. Ordinary Shares,$1.05,-0.01,-0.943%,19362000.00,Israel,2021,58241,Health Care,Medical/Dental Instruments
IINNW,Inspira Technologies Oxy B.H.N. Ltd. Warrant,$0.20,-0.01,-4.762%,3688000.00,Israel,2021,1000,Health Care,Medical/Dental Instruments
IIPR,Innovative Industrial Properties Inc. Common Stock,$67.21,-0.90,-1.321%,1904182496.00,United States,2016,365794,Finance,Real Estate
IIPR^A,Innovative Industrial Properties Inc. 9.00% Series A Cumulative Redeemable Preferred Stock,$25.0752,-0.1548,-0.614%,,United States,,28898,,
IKNA,Ikena Oncology Inc. Common Stock,$1.60,0.06,3.896%,77212978.00,United States,2021,109351,Health Care,Biotechnology: Biological Products (No Diagnostic Substances)
IKT,Inhibikase Therapeutics Inc. Common Stock,$3.08,0.03,0.984%,206953116.00,United States,2020,51803,Health Care,Biotechnology: Biological Products (No Diagnostic Substances)
ILAG,Intelligent Living Application Group Inc. Ordinary Shares,$0.88,0.0301,3.542%,15892800.00,Hong Kong,2022,30052,Consumer Discretionary,Office Equipment/Supplies/Services
ILLR,Triller Group Inc. Common Stock,$2.555,-0.115,-4.307%,396433332.00,United States,2019,302219,Finance,Investment Managers
ILLRW,Triller Group Inc. Warrant,$0.15,0.00,0.00%,23273973.00,United States,2019,24470,Finance,Investment Managers
ILMN,Illumina Inc. Common Stock,$134.48,-0.79,-0.584%,21328528000.00,United States,2000,340651,Health Care,Medical Specialities
ILPT,Industrial Logistics Properties Trust Common Shares of Beneficial Interest,$3.565,-0.035,-0.972%,235804864.00,United States,2018,129128,Real Estate,Real Estate Investment Trusts
IMAB,I-MAB American Depositary Shares,$0.8611,-0.0189,-2.148%,69492141.00,China,2020,139453,Health Care,Biotechnology: Pharmaceutical Preparations
IMAX,Imax Corporation Common Stock,$25.605,0.515,2.053%,1348939023.00,Canada,,267805,Consumer Discretionary,Industrial Machinery/Components
IMCC,IM Cannabis Corp. Common Shares,$2.31,-0.13,-5.328%,7127394.00,Canada,,11245,Health Care, Medicinal Chemicals and Botanical Products 
IMCR,Immunocore Holdings plc American Depositary Shares,$29.14,-0.04,-0.137%,1401294402.00,United Kingdom,2021,52577,Health Care,Biotechnology: Biological Products (No Diagnostic Substances)
IMG,CIMG Inc. Common Stock,$0.8189,-0.0111,-1.337%,4098734.00,United States,,580797,Consumer Discretionary,Other Specialty Stores
IMKTA,Ingles Markets Incorporated Class A Common Stock,$63.85,-1.47,-2.25%,1212790908.00,United States,1987,62692,Consumer Staples,Food Chains
IMMP,Immutep Limited American Depositary Shares,$2.07,0.06,2.985%,301095545.00,Australia,,76617,Health Care,Biotechnology: Pharmaceutical Preparations
IMMR,Immersion Corporation Common Stock,$8.89,-0.11,-1.222%,286931017.00,United States,1999,308052,Technology,Computer peripheral equipment
IMMX,Immix Biopharma Inc. Common Stock,$2.395,0.155,6.92%,65880791.00,United States,2021,122289,Health Care,Biotechnology: Pharmaceutical Preparations
IMNM,Immunome Inc. Common Stock,$10.33,-0.21,-1.992%,644766009.00,United States,2020,206058,Health Care,Biotechnology: Pharmaceutical Preparations
IMNN,Imunon Inc. Common Stock,$0.7915,-0.0015,-0.189%,11477292.00,United States,,93173,Health Care,Biotechnology: Pharmaceutical Preparations
IMO,Imperial Oil Limited Common Stock,$61.87,-0.30,-0.483%,32382943610.00,Canada,1929,229749,Energy,Integrated oil Companies
IMOS,ChipMOS TECHNOLOGIES INC. American Depositary Shares,$18.835,-0.265,-1.387%,684878383.00,Taiwan,,12453,Technology,Semiconductors
IMPP,Imperial Petroleum Inc. Common Shares,$3.08,0.18,6.207%,103888400.00,Greece,,324406,Consumer Discretionary,Marine Transportation
IMPPP,Imperial Petroleum Inc. 8.75% Series A Cumulative Redeemable Perpetual Preferred Shares,$24.4501,0.00,0.00%,824701873.00,Greece,,226,Consumer Discretionary,Marine Transportation
IMRN,Immuron Limited American Depositary Shares,$1.9287,0.0287,1.511%,10983867.00,Australia,2017,852,Health Care,Biotechnology: Pharmaceutical Preparations
IMRX,Immuneering Corporation Class A Common Stock,$2.26,-0.07,-3.004%,70174012.00,United States,2021,171241,Health Care,Biotechnology: Pharmaceutical Preparations
IMTE,Integrated Media Technology Limited Ordinary Shares,$1.215,-0.065,-5.078%,4169192.00,Australia,,106321,Consumer Staples,Consumer Electronics/Appliances
IMTX,Immatics N.V. Ordinary Shares,$7.011,-0.119,-1.669%,722904210.00,Germany,,77224,Health Care,Biotechnology: Biological Products (No Diagnostic Substances)
IMTXW,Immatics N.V. Warrants,$0.1682,-0.0308,-15.477%,17343102.00,Germany,,4658,Health Care,Biotechnology: Biological Products (No Diagnostic Substances)
IMUX,Immunic Inc. Common Stock,$1.01,-0.02,-1.942%,90979806.00,United States,2014,733265,Health Care,Biotechnology: Pharmaceutical Preparations
IMVT,Immunovant Inc. Common Stock,$24.26,-0.23,-0.939%,3560995342.00,United States,2019,282833,Health Care,Biotechnology: Biological Products (No Diagnostic Substances)
IMXI,International Money Express Inc. Common Stock,$20.43,-0.21,-1.017%,635345603.00,United States,2017,59816,Consumer Discretionary,Business Services
INAB,IN8bio Inc. Common Stock,$0.2618,-0.0082,-3.037%,18976116.00,United States,2021,388088,Health Care,Biotechnology: Biological Products (No Diagnostic Substances)
INBK,First Internet Bancorp Common Stock,$36.12,-0.45,-1.231%,313084331.00,United States,,16973,Finance,Major Banks
INBKZ,First Internet Bancorp 6.0% Fixed-to-Floating Rate Subordinated Notes Due 2029,$25.2868,-0.0022,-0.009%,219183302.00,United States,,810,Finance,Major Banks
INBS,Intelligent Bio Solutions Inc. Common Stock,$1.41,-0.02,-1.399%,6185411.00,United States,2020,47228,Health Care,Medical/Dental Instruments
INBX,Inhibrx Biosciences Inc. Common Stock,$15.70,0.69,4.597%,227271693.00,United States,,36912,Health Care,Biotechnology: Biological Products (No Diagnostic Substances)
INCR,Intercure Ltd. Ordinary Shares,$1.56,-0.0662,-4.071%,71093395.00,Israel,,22399,Health Care,Biotechnology: Pharmaceutical Preparations
INCY,Incyte Corp. Common Stock,$68.6599,-0.5701,-0.823%,13227346831.00,United States,,307730,Health Care,Biotechnology: Commercial Physical & Biological Resarch
INDB,Independent Bank Corp. Common Stock,$64.465,0.035,0.054%,2739297385.00,United States,,43984,Finance,Major Banks
INDI,indie Semiconductor Inc. Class A Common Stock,$4.175,-0.165,-3.802%,843001049.00,United States,,1859200,Technology,Semiconductors
INDO,Indonesia Energy Corporation Limited Ordinary Shares,$2.7566,-0.1834,-6.238%,28124746.00,,2019,512990,Energy,Oil & Gas Production
INDP,Indaptus Therapeutics Inc. Common Stock,$0.875,0.0391,4.678%,8922274.00,United States,,10477,Health Care,Biotechnology: Pharmaceutical Preparations
INDV,Indivior PLC Ordinary Shares,$12.24,-0.14,-1.131%,1586000509.00,United Kingdom,,148492,Health Care,Biotechnology: Pharmaceutical Preparations
INFA,Informatica Inc. Class A Common Stock,$26.01,-0.21,-0.801%,7942682283.00,United States,2021,328028,Technology,Computer Software: Prepackaged Software
INFN,Infinera Corporation Common Stock,$6.565,-0.005,-0.076%,1554607264.00,United States,2007,224875,Utilities,Telecommunications Equipment
INFU,InfuSystems Holdings Inc. Common Stock,$8.15,0.01,0.123%,173298316.00,United States,,18330,Health Care,Medical/Dental Instruments
INFY,Infosys Limited American Depositary Shares,$22.109,-0.371,-1.65%,91794253077.00,India,,2485191,Technology,EDP Services
ING,ING Group N.V. Common Stock,$15.679,0.049,0.313%,54848191079.00,Netherlands,1997,1352069,Finance,Commercial Banks
INGM,Ingram Micro Holding Corporation Common Stock,$19.92,0.33,1.685%,4677725574.00,,2024,114365,Technology,Retail: Computer Software & Peripheral Equipment
INGN,Inogen Inc Common Stock,$9.14,0.56,6.527%,217700295.00,United States,2014,210725,Health Care,Industrial Specialties
INGR,Ingredion Incorporated Common Stock,$137.52,-1.05,-0.758%,8960477553.00,United States,,80794,Consumer Staples,Packaged Foods
INHD,Inno Holdings Inc. Common Stock,$4.905,-0.135,-2.679%,14994796.00,United States,2023,9514,Industrials,Steel/Iron Ore
INKT,MiNK Therapeutics Inc. Common Stock,$0.6004,0.0254,4.417%,23745805.00,United States,2021,65309,Health Care,Biotechnology: Biological Products (No Diagnostic Substances)
INLX,Intellinetics Inc. Common Stock,$13.8701,-0.2047,-1.454%,58681702.00,,2022,641,Technology,Computer Software: Prepackaged Software
INM,InMed Pharmaceuticals Inc. Common Shares,$4.58,-0.16,-3.376%,3057938.00,Canada,,3334,Health Care,Biotechnology: Pharmaceutical Preparations
INMB,INmune Bio Inc. Common stock,$4.615,-0.035,-0.753%,102325861.00,United States,2019,144308,Health Care,Biotechnology: Biological Products (No Diagnostic Substances)
INMD,InMode Ltd. Ordinary Shares,$16.7801,-0.2399,-1.41%,1409234111.00,Israel,2019,447603,Health Care,Biotechnology: Electromedical & Electrotherapeutic Apparatus
INN,Summit Hotel Properties Inc. Common Stock,$6.825,0.045,0.664%,739950448.00,United States,2011,192967,Real Estate,Real Estate Investment Trusts
INN^E,Summit Hotel Properties Inc. 6.250% Series E Cumulative Redeemable Preferred Stock,$20.98,0.08,0.383%,,United States,,1216,,
INN^F,Summit Hotel Properties Inc. 5.875% Series F Cumulative Redeemable Preferred Stock $0.01 par value per share,$21.58,0.75,3.601%,,United States,,314,,
INNV,InnovAge Holding Corp. Common Stock,$4.00,0.08,2.041%,541820976.00,United States,2021,39351,Health Care,Medical/Nursing Services
INO,Inovio Pharmaceuticals Inc. Common Stock,$1.775,-0.095,-5.08%,46327484.00,United States,,830881,Health Care,Medical/Dental Instruments
INOD,Innodata Inc. Common Stock,$42.48,-2.88,-6.349%,1231933764.00,United States,1993,814656,Technology,EDP Services
INSE,Inspired Entertainment Inc. Common Stock,$8.78,-0.12,-1.348%,233357492.00,United States,2014,33264,Technology,Computer Software: Prepackaged Software
INSG,Inseego Corp. Common Stock,$10.25,-0.16,-1.537%,153289847.00,United States,,60491,Telecommunications,Telecommunications Equipment
INSI,Insight Select Income Fund,$16.70,0.03,0.18%,0.00,United States,,17471,Finance,Investment Managers
INSM,Insmed Incorporated Common Stock,$69.555,-0.055,-0.079%,12443578759.00,United States,,390155,Health Care,Biotechnology: Pharmaceutical Preparations
INSP,Inspire Medical Systems Inc. Common Stock,$186.97,-1.51,-0.801%,5602913911.00,United States,2018,88465,Health Care,Medical/Dental Instruments
INSW,International Seaways Inc. Common Stock ,$35.135,-0.655,-1.83%,1728390363.00,United States,2016,354681,Consumer Discretionary,Marine Transportation
INTA,Intapp Inc. Common Stock,$65.845,-0.005,-0.008%,5095448379.00,United States,2021,166744,Technology,Computer Software: Prepackaged Software
INTC,Intel Corporation Common Stock,$19.965,-0.335,-1.65%,86109045000.00,United States,,26769518,Technology,Semiconductors
INTG,Intergroup Corporation (The) Common Stock,$14.00,-0.27,-1.892%,30347142.00,United States,,2377,Real Estate,Building operators
INTJ,Intelligent Group Limited Ordinary Shares,$0.9732,0.0182,1.906%,12773250.00,Hong Kong,2024,223811,Consumer Discretionary,Professional Services
INTR,Inter & Co. Inc. Class A Common Shares,$4.205,-0.045,-1.059%,1845319669.00,Brazil,,559956,Finance,Commercial Banks
INTS,Intensity Therapeutics Inc. Common stock,$1.9841,0.0141,0.716%,27514898.00,United States,2023,53859,Health Care,Biotechnology: Biological Products (No Diagnostic Substances)
INTT,inTest Corporation Common Stock,$8.54,-0.19,-2.176%,105678871.00,United States,1997,23315,Industrials,Electrical Products
INTU,Intuit Inc. Common Stock,$631.90,-6.67,-1.045%,176954116500.00,United States,1993,303396,Technology,Computer Software: Prepackaged Software
INTZ,Intrusion Inc. Common Stock,$5.04,2.88,133.333%,40602346.00,United States,,121932729,Telecommunications,Computer Communications Equipment
INUV,Inuvo Inc.,$0.528,0.038,7.755%,74183894.00,United States,,3660167,Consumer Discretionary,Advertising
INV,Innventure Inc. Common Stock,$12.72,-0.66,-4.933%,630246401.00,United States,,8339,Finance,Blank Checks
INVA,Innoviva Inc. Common Stock,$17.47,-0.08,-0.456%,1093640885.00,United States,2004,133770,Health Care,Biotechnology: Pharmaceutical Preparations
INVE,Identiv Inc. Common Stock,$3.74,0.05,1.355%,89330577.00,United States,,29227,Technology,Computer peripheral equipment
INVH,Invitation Homes Inc. Common Stock,$31.84,-0.26,-0.81%,19505358420.00,United States,2017,468433,Finance,Real Estate
INVX,Innovex International Inc. Common Stock,$13.717,0.157,1.158%,922399692.00,United States,,241019,Industrials,Metal Fabrications
INVZ,Innoviz Technologies Ltd. Ordinary shares,$1.89,0.09,5.00%,312581615.00,Israel,,8581524,Consumer Discretionary,Auto Parts:O.E.M.
INVZW,Innoviz Technologies Ltd. Warrant,$0.19,-0.0046,-2.364%,31423549.00,Israel,,409800,Consumer Discretionary,Auto Parts:O.E.M.
INZY,Inozyme Pharma Inc. Common Stock,$2.85,-0.07,-2.397%,183084564.00,United States,2020,143476,Health Care,Biotechnology: Pharmaceutical Preparations
IOBT,IO Biotech Inc. Common Stock,$0.97,-0.01,-1.02%,63904487.00,Denmark,2021,95481,Health Care,Biotechnology: Pharmaceutical Preparations
IONQ,IonQ Inc. Common Stock,$44.73,-0.75,-1.649%,9679224985.00,United States,2021,13264220,Technology,EDP Services
IONR,ioneer Ltd American Depositary Shares,$4.005,-0.335,-7.719%,234107125.00,Australia,,13865,Industrials,Mining & Quarrying of Nonmetallic Minerals (No Fuels)
IONS,Ionis Pharmaceuticals Inc. Common Stock,$35.51,-0.40,-1.114%,5606932661.00,United States,,559415,Health Care,Biotechnology: Pharmaceutical Preparations
IOR,Income Opportunity Realty Investors Inc. Common Stock,$17.8247,0.0147,0.083%,72478403.00,United States,1987,121,Real Estate,Real Estate Investment Trusts
IOSP,Innospec Inc. Common Stock,$110.155,-0.505,-0.456%,2747441507.00,United States,,27678,Industrials,Major Chemicals
IOT,Samsara Inc. Class A Common Stock,$44.14,-0.28,-0.63%,24771295831.00,United States,2021,839839,Technology,EDP Services
IOVA,Iovance Biotherapeutics Inc. Common Stock,$7.285,-0.085,-1.153%,2220328055.00,United States,,4156110,Health Care,Biotechnology: Biological Products (No Diagnostic Substances)
IP,International Paper Company Common Stock,$53.80,-0.69,-1.266%,18690565787.00,United States,,707908,Basic Materials,Paper
IPA,ImmunoPrecise Antibodies Ltd. Common Stock,$0.4053,-0.0047,-1.146%,11064690.00,Canada,,147471,Health Care,Biotechnology: Pharmaceutical Preparations
IPAR,Interparfums Inc. Common Stock,$130.32,-0.74,-0.565%,4174186090.00,United States,,39919,Consumer Discretionary,Package Goods/Cosmetics
IPDN,Professional Diversity Network Inc. Common Stock,$0.4268,-0.0252,-5.575%,5608133.00,United States,2013,41949,Technology,Computer Software: Programming Data Processing
IPG,Interpublic Group of Companies Inc. (The) Common Stock,$27.89,-0.22,-0.783%,10389265356.00,United States,,1238730,Consumer Discretionary,Advertising
IPGP,IPG Photonics Corporation Common Stock,$72.62,-0.80,-1.09%,3140675570.00,United States,2006,75006,Technology,Semiconductors
IPHA,Innate Pharma S.A. ADS,$1.90,-0.2108,-9.987%,152861236.00,France,2019,89160,Health Care,Biotechnology: Biological Products (No Diagnostic Substances)
IPI,Intrepid Potash Inc Common Stock,$21.47,-0.32,-1.469%,282614355.00,United States,2008,56585,Industrials,Mining & Quarrying of Nonmetallic Minerals (No Fuels)
IPSC,Century Therapeutics Inc. Common Stock,$1.02,-0.02,-1.923%,86729623.00,United States,2021,171645,Health Care,Biotechnology: Biological Products (No Diagnostic Substances)
IPW,iPower Inc. Common Stock,$0.80,-0.0051,-0.633%,25144994.00,United States,2021,69641,Consumer Discretionary,RETAIL: Building Materials
IPWR,Ideal Power Inc. Common Stock,$7.42,-0.12,-1.592%,60456498.00,United States,2013,15738,Technology,Semiconductors
IPX,IperionX Limited American Depositary Share,$37.00,3.85,11.614%,951805612.00,United States,,175405,Basic Materials,Other Metals and Minerals
IPXX,Inflection Point Acquisition Corp. II Class A Ordinary Share,$11.15,-0.256,-2.244%,0.00,United States,2023,3737,Finance,Blank Checks
IPXXW,Inflection Point Acquisition Corp. II Warrant,$0.62,0.1699,37.747%,0.00,United States,2023,1400,Finance,Blank Checks
IQ,iQIYI Inc. American Depositary Shares,$2.025,-0.055,-2.644%,1942882514.00,China,2018,4130703,Consumer Discretionary,Consumer Electronics/Video Chains
IQI,Invesco Quality Municipal Income Trust Common Stock,$9.69,0.08,0.832%,512443993.00,United States,,190485,Finance,Finance Companies
IQV,IQVIA Holdings Inc. Common Stock,$197.93,-1.46,-0.732%,35924295000.00,United States,2013,234312,Health Care,Biotechnology: Commercial Physical & Biological Resarch
IR,Ingersoll Rand Inc. Common Stock,$90.91,-0.66,-0.721%,36637859466.00,United States,2017,456662,Industrials,Industrial Machinery/Components
IRBT,iRobot Corporation Common Stock,$7.8427,-0.1073,-1.35%,239663564.00,United States,2005,371689,Consumer Discretionary,Consumer Electronics/Appliances
IRD,Opus Genetics Inc. Common Stock,$1.12,-0.06,-5.085%,35356672.00,United States,,119735,Health Care,Biotechnology: Pharmaceutical Preparations
IRDM,Iridium Communications Inc Common Stock,$28.85,-0.21,-0.723%,3284508511.00,United States,,237830,Telecommunications,Telecommunications Equipment
IREN,IREN Limited Ordinary Shares,$10.25,-0.46,-4.295%,1940797310.00,Australia,2021,7310558,Technology,EDP Services
IRIX,IRIDEX Corporation Common Stock,$1.83,0.16,9.581%,30444575.00,United States,1996,90810,Health Care,Biotechnology: Electromedical & Electrotherapeutic Apparatus
IRM,Iron Mountain Incorporated (Delaware)Common Stock REIT,$103.59,-1.13,-1.079%,30399559832.00,United States,,406403,Real Estate,Real Estate Investment Trusts
IRMD,iRadimed Corporation Common Stock,$55.06,0.39,0.713%,697799661.00,United States,2014,12624,Health Care,Medical/Dental Instruments
IROH,Iron Horse Acquisitions Corp. Common Stock,$10.29,-0.0094,-0.091%,0.00,United States,2024,11359,,
IRON,Disc Medicine Inc. Common Stock,$62.33,-1.79,-2.792%,1854799436.00,United States,,34929,Health Care,Biotechnology: Pharmaceutical Preparations
IROQ,IF Bancorp Inc. Common Stock,$22.86,-0.345,-1.487%,76650174.00,United States,2011,625,Finance,Savings Institutions
IRS,IRSA Inversiones Y Representaciones S.A. Global Depositary Shares (Each representing ten shares of Common Stock),$14.955,-0.485,-3.141%,1157204276.00,Argentina,,75963,Real Estate,Homebuilding
IRT,Independence Realty Trust Inc. Common Stock,$19.75,-0.21,-1.052%,4445673571.00,United States,2013,451337,Real Estate,Real Estate Investment Trusts
IRTC,iRhythm Technologies Inc. Common Stock,$88.18,-0.62,-0.698%,2759860638.00,United States,2016,59732,Health Care,Medical/Dental Instruments
IRWD,Ironwood Pharmaceuticals Inc. Class A Common Stock,$4.455,0.005,0.112%,712926469.00,United States,2010,382618,Health Care,Biotechnology: Pharmaceutical Preparations
ISD,PGIM High Yield Bond Fund Inc.,$13.75,0.01,0.073%,0.00,United States,2012,54313,Finance,Trusts Except Educational Religious and Charitable
ISDR,Issuer Direct Corporation Common Stock,$8.80,0.035,0.399%,33738998.00,United States,,22576,Consumer Discretionary,Publishing
ISPC,iSpecimen Inc. Common Stock,$2.7195,-0.0905,-3.221%,2617891.00,United States,2021,61285,Health Care,Biotechnology: Commercial Physical & Biological Resarch
ISPO,Inspirato Incorporated Class A Common Stock,$3.40,-0.15,-4.225%,36771904.00,United States,2021,22519,Finance,Blank Checks
ISPOW,Inspirato Incorporated Warrant,$0.0125,-0.0001,-0.794%,135191.00,United States,2021,14005,Finance,Blank Checks
ISPR,Ispire Technology Inc. Common Stock,$5.20,-0.06,-1.141%,294561894.00,United States,2023,47672,Health Care, Medicinal Chemicals and Botanical Products 
ISRG,Intuitive Surgical Inc. Common Stock,$527.95,-6.93,-1.296%,188044937988.00,United States,2000,373223,Health Care,Industrial Specialties
ISRL,Israel Acquisitions Corp Class A Ordinary Shares,$11.3297,0.0097,0.086%,0.00,United States,2023,206,Finance,Blank Checks
ISRLU,Israel Acquisitions Corp Unit,$11.31,0.00,0.00%,0.00,United States,2023,1,Finance,Blank Checks
ISRLW,Israel Acquisitions Corp Warrant,$0.0401,-0.0098,-19.639%,0.00,United States,2023,2638,Finance,Blank Checks
ISSC,Innovative Solutions and Support Inc. Common Stock,$8.5695,-0.1805,-2.063%,149965864.00,United States,2000,192764,Technology,EDP Services
ISTR,Investar Holding Corporation Common Stock,$22.26,0.28,1.274%,218780473.00,United States,2014,6194,Finance,Major Banks
IT,Gartner Inc. Common Stock,$486.14,-0.82,-0.168%,37498058879.00,United States,1993,117779,Consumer Discretionary,Other Consumer Services
ITCI,Intra-Cellular Therapies Inc. Common Stock,$84.51,-0.34,-0.401%,8959505375.00,United States,,149537,Health Care,Biotechnology: Pharmaceutical Preparations
ITGR,Integer Holdings Corporation Common Stock,$133.77,-0.99,-0.735%,4486916283.00,United States,,39149,Health Care,Biotechnology: Electromedical & Electrotherapeutic Apparatus
ITIC,Investors Title Company Common Stock,$238.50,0.50,0.21%,449357135.00,United States,,3767,Finance,Specialty Insurers
ITOS,iTeos Therapeutics Inc. Common Stock,$7.33,0.01,0.137%,267793619.00,United States,2020,144156,Health Care,Biotechnology: Biological Products (No Diagnostic Substances)
ITP,IT Tech Packaging Inc. Common Stock,$0.3001,0.03,11.107%,3020783.00,China,,1176892,Consumer Discretionary,Containers/Packaging
ITRG,Integra Resources Corp. Common Shares,$0.87,-0.0126,-1.428%,146657389.00,,,163193,Basic Materials,Precious Metals
ITRI,Itron Inc. Common Stock,$109.1359,-0.0541,-0.05%,4920890803.00,United States,1993,78888,Industrials,Electrical Products
ITRM,Iterum Therapeutics plc Ordinary Share,$1.8533,-0.0467,-2.458%,50995266.00,Ireland,2018,284694,Health Care,Biotechnology: Pharmaceutical Preparations
ITRN,Ituran Location and Control Ltd. Ordinary Shares,$30.025,-0.235,-0.777%,597304740.00,Israel,2005,55491,Technology,Electronic Components
ITT,ITT Inc. Common Stock ,$142.15,-1.30,-0.906%,11585225000.00,United States,2011,76757,Industrials,Fluid Controls
ITUB,Itau Unibanco Banco Holding SA American Depositary Shares (Each repstg 500 Preferred shares),$5.005,0.025,0.502%,49053337633.00,Brazil,,13467959,Finance,Major Banks
ITW,Illinois Tool Works Inc. Common Stock,$254.94,-1.61,-0.628%,75283782000.00,United States,,256294,Industrials,Industrial Machinery/Components
IVA,Inventiva S.A. American Depository Shares,$2.24,0.0399,1.814%,116739408.00,France,2020,7067,Health Care,Biotechnology: Pharmaceutical Preparations
IVAC,Intevac Inc. Common Stock,$3.42,-0.09,-2.564%,92249076.00,United States,1995,24166,Technology,Industrial Machinery/Components
IVCA,Investcorp AI Acquisition Corp. Class A Ordinary Share,$11.80,0.00,0.00%,0.00,Cayman Islands,2022,105,Finance,Blank Checks
IVCAU,Investcorp AI Acquisition Corp. Unit,$11.67,0.00,0.00%,0.00,Cayman Islands,2022,1,Finance,Blank Checks
IVCAW,Investcorp AI Acquisition Corp. Warrant,$0.02,-0.005,-20.00%,0.00,Cayman Islands,2022,158009,Finance,Blank Checks
IVDA,Iveda Solutions Inc. Common Stock,$7.7337,2.2037,39.85%,20556724.00,United States,,1142829,Technology,Computer Software: Prepackaged Software
IVDAW,Iveda Solutions Inc. Warrant,$0.255,-0.0336,-11.642%,677808.00,United States,,368874,Technology,Computer Software: Prepackaged Software
IVP,Inspire Veterinary Partners Inc. Class A Common Stock,$0.19,-0.003,-1.554%,5497147.00,United States,2023,1021257,Consumer Staples,Farming/Seeds/Milling
IVR,INVESCO MORTGAGE CAPITAL INC Common Stock,$7.795,-0.435,-5.286%,473392587.00,United States,2009,1621108,Real Estate,Real Estate Investment Trusts
IVR^C,INVESCO MORTGAGE CAPITAL INC 7.5% Fixed-to-Floating Series C Cumulative Redeemable Preferred Stock Liquation Preference $25.00 per Share,$24.2799,0.8799,3.76%,,United States,,41241,,
IVT,InvenTrust Properties Corp. Common Stock,$29.535,-0.145,-0.489%,2278047280.00,United States,2021,131494,Real Estate,Real Estate Investment Trusts
IVVD,Invivyd Inc. Common Stock,$0.4882,-0.0218,-4.275%,58396548.00,United States,2021,531474,Health Care,Biotechnology: Biological Products (No Diagnostic Substances)
IVZ,Invesco Ltd Common Stock,$17.585,-0.095,-0.537%,7903401556.00,United States,,663884,Finance,Investment Managers
IX,Orix Corp Ads Common Stock,$107.21,0.28,0.262%,26051194941.00,Japan,,15615,Finance,Diversified Financial Services
IXHL,Incannex Healthcare Inc. Common Stock,$1.8875,-0.0625,-3.205%,33300845.00,Australia,,17611,Health Care,Biotechnology: Pharmaceutical Preparations
IZEA,IZEA Worldwide Inc. Common Stock,$2.73,0.22,8.765%,46319116.00,United States,,85081,Consumer Discretionary,Advertising
IZM,ICZOOM Group Inc. Class A Ordinary Shares,$1.69,-0.1364,-7.468%,19827072.00,China,2023,88293,Consumer Discretionary,Consumer Electronics/Video Chains
IZTC,Invizyne Technologies Inc. Common Stock,$18.94,-1.17,-5.818%,118419490.00,United States,2024,47851,Health Care,Biotechnology: Biological Products (No Diagnostic Substances)
J,Jacobs Solutions Inc. Common Stock,$133.91,-1.16,-0.859%,16600399277.00,United States,2022,193618,Industrials,Military/Government/Technical
JACK,Jack In The Box Inc. Common Stock,$42.23,-0.15,-0.354%,795214000.00,United States,,194483,Consumer Discretionary,Restaurants
JAGX,Jaguar Health Inc. Common Stock,$1.035,0.005,0.485%,12211228.00,United States,2015,334412,Health Care,Biotechnology: Pharmaceutical Preparations
JAKK,JAKKS Pacific Inc. Common Stock,$27.12,-0.30,-1.094%,298057939.00,United States,1996,19973,Consumer Discretionary,Recreational Games/Products/Toys
JAMF,Jamf Holding Corp. Common Stock,$14.22,-0.04,-0.281%,1826487701.00,United States,2020,138033,Technology,Computer Software: Prepackaged Software
JANX,Janux Therapeutics Inc. Common Stock,$53.085,-1.015,-1.876%,2786008032.00,United States,2021,240098,Health Care,Biotechnology: Pharmaceutical Preparations
JAZZ,Jazz Pharmaceuticals plc Common Stock (Ireland),$123.025,-1.575,-1.264%,7437426181.00,Ireland,2007,143496,Health Care,Biotechnology: Pharmaceutical Preparations
JBDI,JBDI Holdings Limited Ordinary Shares,$0.6899,0.0422,6.515%,13651396.00,Singapore,2024,1129080,,
JBGS,JBG SMITH Properties Common Shares ,$15.14,-0.09,-0.591%,1278993271.00,United States,2017,196777,Real Estate,Real Estate Investment Trusts
JBHT,J.B. Hunt Transport Services Inc. Common Stock,$170.29,-1.72,-1.00%,17170332867.00,United States,,145351,Industrials,Trucking Freight/Courier Services
JBI,Janus International Group Inc. Common Stock,$7.36,0.00,0.00%,1038309637.00,United States,2021,411392,Industrials,Building Products
JBK,Lehman ABS 3.50 3.50% Adjustable Corp Backed Tr Certs GS Cap I,$26.5785,-0.3215,-1.195%,0.00,United States,,338,Finance,Finance: Consumer Services
JBL,Jabil Inc. Common Stock,$144.8932,-1.0268,-0.704%,16350211477.00,United States,1993,232135,Technology,Electrical Products
JBLU,JetBlue Airways Corporation Common Stock,$8.145,0.345,4.423%,2825310770.00,United States,2002,11080721,Consumer Discretionary,Air Freight/Delivery Services
JBSS,John B. Sanfilippo & Son Inc. Common Stock,$84.75,-1.275,-1.482%,983393574.00,United States,1991,26803,Consumer Staples,Specialty Foods
JBT,John Bean Technologies Corporation Common Stock,$126.14,-2.24,-1.745%,4016630357.00,United States,,253920,Industrials,Industrial Machinery/Components
JCE,Nuveen Core Equity Alpha Fund Common Shares of Beneficial Interest,$15.77,0.09,0.574%,0.00,United States,2007,36188,Finance,Trusts Except Educational Religious and Charitable
JCI,Johnson Controls International plc Ordinary Share,$79.52,-0.30,-0.376%,52656981656.00,Switzerland,,533524,Industrials,Industrial Machinery/Components
JCSE,JE Cleantech Holdings Limited Ordinary Shares,$1.375,0.005,0.365%,6884166.00,Singapore,2022,13750,Consumer Discretionary,Miscellaneous manufacturing industries
JCTC,Jewett-Cameron Trading Company Common Shares,$4.82,0.18,3.879%,16893146.00,United States,,10033,Consumer Discretionary,RETAIL: Building Materials
JD,JD.com Inc. American Depositary Shares,$34.285,-0.695,-1.987%,53900068510.00,China,2014,6855174,Consumer Discretionary,Other Specialty Stores
JDZG,JIADE LIMITED Common stock,$1.03,0.3298,47.101%,24962535.00,China,2024,11264610,Real Estate,Other Consumer Services
JEF,Jefferies Financial Group Inc. Common Stock,$79.32,0.47,0.596%,16300149349.00,United States,,575706,Finance,Investment Bankers/Brokers/Service
JELD,JELD-WEN Holding Inc. Common Stock,$8.17,-0.04,-0.487%,691342647.00,United States,2017,198667,Basic Materials,Forest Products
JEQ,abrdn Japan Equity Fund Inc. Common Stock,$5.74,-0.05,-0.864%,78063943.00,United States,1992,30370,Consumer Discretionary,Air Freight/Delivery Services
JFBR,Jeffs' Brands Ltd Ordinary Shares,$2.47,-0.10,-3.891%,1776836.00,Israel,2022,1660587,Consumer Discretionary,Other Specialty Stores
JFBRW,Jeffs' Brands Ltd Warrant,$0.03,0.0001,0.334%,21581.00,Israel,2022,62740,Consumer Discretionary,Other Specialty Stores
JFIN,Jiayin Group Inc. American Depositary Shares,$6.3023,-0.0277,-0.438%,334226637.00,China,2019,269676,Finance,Finance: Consumer Services
JFR,Nuveen Floating Rate Income Fund Common Stock,$8.989,0.069,0.774%,0.00,United States,2004,451519,Finance,Trusts Except Educational Religious and Charitable
JFU,9F Inc. American Depositary Shares,$1.5101,-0.0099,-0.651%,17778910.00,China,2019,2155,Finance,Finance: Consumer Services
JG,Aurora Mobile Limited American Depositary Shares,$7.50,0.8173,12.23%,44853825.00,China,2018,10140,Technology,Computer Software: Programming Data Processing
JGH,Nuveen Global High Income Fund Common Shares of Beneficial Interest,$12.81,0.05,0.392%,0.00,United States,2014,52023,Finance,Investment Managers
JHG,Janus Henderson Group plc Ordinary Shares,$42.95,-0.18,-0.417%,6828831513.00,United Kingdom,2017,207855,Finance,Investment Managers
JHI,John Hancock Investors Trust Common Stock,$13.70,-0.07,-0.508%,119800294.00,United States,,12860,Finance,Trusts Except Educational Religious and Charitable
JHS,John Hancock Income Securities Trust Common Stock,$11.10,-0.0748,-0.669%,129277094.00,United States,,10867,Finance,Finance Companies
JHX,James Hardie Industries plc American Depositary Shares (Ireland),$31.1787,-0.2613,-0.831%,13524840968.00,Ireland,,50530,Industrials,Building Materials
JILL,J. Jill Inc. Common Stock,$26.89,-0.01,-0.037%,412502764.00,United States,2017,41626,Consumer Discretionary,Apparel
JJSF,J & J Snack Foods Corp. Common Stock,$156.605,0.415,0.266%,3050420940.00,United States,1986,49940,Consumer Staples,Specialty Foods
JKHY,Jack Henry & Associates Inc. Common Stock,$175.39,-1.49,-0.842%,12796336012.00,United States,1985,111973,Technology,EDP Services
JKS,JinkoSolar Holding Company Limited American Depositary Shares (each representing 4 Common Shares),$24.795,-0.485,-1.919%,1363741191.00,China,2010,198422,Technology,Semiconductors
JL,J-Long Group Limited Ordinary Shares,$3.64,-0.01,-0.274%,11429600.00,Hong Kong,2024,61010,Consumer Discretionary,Clothing/Shoe/Accessory Stores
JLL,Jones Lang LaSalle Incorporated Common Stock,$252.6487,0.5387,0.214%,11986833187.00,United States,,35047,Finance,Real Estate
JLS,Nuveen Mortgage and Income Fund,$18.08,0.05,0.277%,0.00,United States,2009,8790,Finance,Investment Managers
JMIA,Jumia Technologies AG American Depositary Shares each representing two Ordinary Shares,$3.935,-0.075,-1.87%,481880100.00,,2019,1308461,Consumer Discretionary,Catalog/Specialty Distribution
JMM,Nuveen Multi-Market Income Fund (MA),$6.06,0.0795,1.329%,0.00,United States,,3504,Finance,Trusts Except Educational Religious and Charitable
JMSB,John Marshall Bancorp Inc. Common Stock,$20.15,0.08,0.399%,286940292.00,United States,,5159,Finance,Major Banks
JNJ,Johnson & Johnson Common Stock,$143.61,-1.44,-0.993%,345758735009.00,United States,,2291439,Health Care,Biotechnology: Pharmaceutical Preparations
JNPR,Juniper Networks Inc. Common Stock,$37.53,0.02,0.053%,12425772309.00,United States,1999,512694,Telecommunications,Computer Communications Equipment
JNVR,Janover Inc. Common Stock,$4.76,-0.2784,-5.526%,53786010.00,United States,2023,75720,Finance,Finance: Consumer Services
JOB,GEE Group Inc. Common Stock,$0.2075,-0.0049,-2.307%,22703248.00,United States,1968,425054,Consumer Discretionary,Diversified Commercial Services
JOBY,Joby Aviation Inc. Common Stock,$8.325,-0.605,-6.775%,6369337229.00,United States,2020,10657511,Industrials,Aerospace
JOE,St. Joe Company (The) Common Stock,$44.68,-0.07,-0.156%,2609200568.00,United States,,78389,Real Estate,Homebuilding
JOF,Japan Smaller Capitalization Fund Inc Common Stock,$7.68,0.08,1.053%,0.00,United States,1990,132262,Finance,Trusts Except Educational Religious and Charitable
JOUT,Johnson Outdoors Inc. Class A Common Stock,$33.145,-1.075,-3.141%,341328801.00,United States,,17096,Consumer Discretionary,Recreational Games/Products/Toys
JPC,Nuveen Preferred & Income Opportunities Fund,$7.8879,0.0379,0.483%,0.00,United States,2003,1179446,Finance,Investment Managers
JPI,Nuveen Preferred Securities & Income Opportunities Fund Common Shares,$19.57,0.06,0.308%,445656240.00,,2012,25394,Finance,Finance Companies
JPM,JP Morgan Chase & Co. Common Stock,$240.55,-0.62,-0.257%,677230138512.00,United States,,2005139,Finance,Major Banks
JPM^C,J P Morgan Chase & Co Depositary Shares each representing a 1/400th interest in a share of 6.00% Non-Cumulative  Preferred Stock Series EE,$25.16,0.06,0.239%,,United States,,133065,,
JPM^D,J P Morgan Chase & Co Depositary Shares each representing a 1/400th  interest in a share of 5.75% Non-Cumulative  Preferred Stock Series DD,$24.726,0.076,0.308%,,United States,,139602,,
JPM^J,J P Morgan Chase & Co Depositary Shares each representing a 1/400th interest in a share of JPMorgan Chase & Co. 4.75% Non-Cumulative Preferred Stock Series GG,$20.6842,0.2242,1.096%,,United States,,105590,,
JPM^K,J P Morgan Chase & Co Depositary Shares each representing a 1/400th interest in a share of 4.55% Non-Cumulative Preferred Stock Series JJ,$20.03,0.15,0.755%,,United States,,326902,,
JPM^L,J P Morgan Chase & Co Depositary Shares each representing a 1/400th interest in a share of 4.625% Non-Cumulative Preferred Stock Series LL,$20.27,0.23,1.148%,,United States,,275661,,
JPM^M,J P Morgan Chase & Co Depositary Shares each representing a 1/400th interest in a share of 4.20% Non-Cumulative Preferred Stock Series MM,$18.36,0.21,1.157%,,United States,,292572,,
JQC,Nuveen Credit Strategies Income Fund Shares of Beneficial Interest,$5.785,0.045,0.784%,0.00,United States,2003,386244,Finance,Finance Companies
JRI,Nuveen Real Asset Income and Growth Fund Common Shares of Beneficial Interest,$12.09,-0.06,-0.494%,0.00,United States,2012,130925,Finance,Finance Companies
JRS,Nuveen Real Estate Income Fund Common Shares of Beneficial Interest,$8.514,-0.016,-0.188%,0.00,United States,2001,83215,Finance,Finance/Investors Services
JRSH,Jerash Holdings (US) Inc. Common Stock,$3.40,-0.03,-0.875%,41802456.00,United States,2018,11825,Consumer Discretionary,Apparel
JRVR,James River Group Holdings Ltd. Common Shares,$4.77,-0.07,-1.446%,180446596.00,Bermuda,2014,120978,Finance,Property-Casualty Insurers
JSM,Navient Corporation 6% Senior Notes due December 15 2043,$18.30,-0.09,-0.489%,1964751684.00,United States,,15587,Finance,Investment Bankers/Brokers/Service
JSPR,Jasper Therapeutics Inc. Common Stock,$21.59,-0.66,-2.966%,323879211.00,United States,2020,165657,Health Care,Biotechnology: Biological Products (No Diagnostic Substances)
JSPRW,Japer Therapeutics Inc. Warrants,$0.2096,0.00,0.00%,3144284.00,United States,2020,1149,Health Care,Biotechnology: Biological Products (No Diagnostic Substances)
JTAI,Jet.AI Inc. Common Stock,$5.25,-0.23,-4.197%,4098675.00,United States,2021,204774,Consumer Discretionary,Transportation Services
JUNE,Junee Limited Ordinary Shares,$3.895,-0.005,-0.128%,50663644.00,Hong Kong,2024,14002,,
JUNS,Jupiter Neurosciences Inc. Common Stock,$10.4231,-0.5969,-5.417%,345044843.00,United States,2024,399936,Health Care,Biotechnology: Pharmaceutical Preparations
JVA,Coffee Holding Co. Inc. Common Stock,$3.6301,-0.2099,-5.466%,20722785.00,United States,2005,66263,Consumer Staples,Packaged Foods
JVSA,JV SPAC Acquisition Corp. Class A Ordinary Share,$10.42,0.00,0.00%,0.00,China,2024,81,,
JWEL,Jowell Global Ltd. Ordinary Shares,$3.03,0.308,11.315%,6576539.00,China,2021,1538,Consumer Discretionary,Other Consumer Services
JWN,Nordstrom Inc. Common Stock,$24.135,-0.075,-0.31%,3980028900.00,United States,,1062103,Consumer Discretionary,Clothing/Shoe/Accessory Stores
JXG,JX Luxventure Limited Common Stock,$0.8583,-0.0173,-1.976%,5204038.00,China,2013,128908,Consumer Staples,Apparel
JXN,Jackson Financial Inc. Class A Common Stock ,$87.51,-0.51,-0.579%,6463644105.00,United States,2021,103423,Finance,Life Insurance
JXN^A,Jackson Financial Inc. Depositary Shares each representing a 1/1000th interest in a share of Fixed-Rate Reset Noncumulative Perpetual Preferred Stock Series A,$26.69,0.21,0.793%,,United States,,15549,,
JYD,Jayud Global Logistics Limited Class A Ordinary Shares,$2.9432,0.2232,8.206%,62843863.00,China,2023,377355,Consumer Discretionary,Oil Refining/Marketing
JYNT,The Joint Corp. Common Stock,$9.8175,-0.0825,-0.833%,147101581.00,United States,2014,20006,Miscellaneous,Multi-Sector Companies
JZ,Jianzhi Education Technology Group Company Limited American Depositary Shs,$0.8801,0.0201,2.337%,17764819.00,China,2022,14787,Real Estate,Other Consumer Services
JZXN,Jiuzi Holdings Inc. Ordinary Shares,$1.44,-0.04,-2.703%,13037757.00,China,2021,68838,Consumer Discretionary,Retail-Auto Dealers and Gas Stations
K,Kellanova Common Stock,$80.81,-0.36,-0.444%,27855036814.00,United States,,700672,Consumer Staples,Packaged Foods
KAI,Kadant Inc Common Stock,$348.035,-2.765,-0.788%,4087783838.00,United States,1992,21489,Industrials,Industrial Machinery/Components
KALA,KALA BIO Inc. Common Stock,$6.98,0.00,0.00%,32178770.00,United States,2017,31163,Health Care,Biotechnology: Pharmaceutical Preparations
KALU,Kaiser Aluminum Corporation Common Stock,$70.10,0.78,1.125%,1127769151.00,United States,,76813,Industrials,Metal Fabrications
KALV,KalVista Pharmaceuticals Inc. Common Stock,$8.45,-0.08,-0.938%,417581982.00,United Kingdom,2015,88418,Health Care,Biotechnology: Pharmaceutical Preparations
KAPA,Kairos Pharma Ltd. Common Stock,$1.58,-0.10,-5.952%,20297920.00,,2024,43850,Health Care,Biotechnology: Pharmaceutical Preparations
KAR,OPENLANE Inc. Common Stock,$20.12,0.00,0.00%,2149707336.00,United States,2009,135607,Consumer Discretionary,Retail-Auto Dealers and Gas Stations
KARO,Karooooo Ltd. Ordinary Shares,$46.30,0.45,0.981%,1430670000.00,Singapore,2021,12269,Technology,Computer Software: Prepackaged Software
KAVL,Kaival Brands Innovations Group Inc. Common Stock,$1.05,0.202,23.821%,7123156.00,United States,,883587,Consumer Discretionary,Other Consumer Services
KB,KB Financial Group Inc,$56.85,-0.85,-1.473%,21527038451.00,South Korea,,91262,Finance,Commercial Banks
KBDC,Kayne Anderson BDC Inc. Common Stock,$16.914,0.164,0.979%,0.00,,2024,15879,,
KBH,KB Home Common Stock,$65.90,0.21,0.32%,4832742034.00,United States,1986,301691,Consumer Discretionary,Homebuilding
KBR,KBR Inc. Common Stock,$57.46,0.41,0.719%,7656085320.00,United States,2006,257091,Industrials,Military/Government/Technical
KC,Kingsoft Cloud Holdings Limited American Depositary Shares,$11.51,-1.06,-8.433%,2919921866.00,China,2020,3355691,Technology,Computer Software: Prepackaged Software
KD,Kyndryl Holdings Inc. Common Stock,$34.80,-0.03,-0.086%,8083028434.00,United States,2021,362092,Technology,EDP Services
KDLY,Kindly MD Inc. Common Stock,$1.33,0.18,15.652%,7950043.00,United States,2024,287782,Health Care,Medical/Nursing Services
KDLYW,Kindly MD Inc. Warrants,$0.1757,0.00,0.00%,1050243.00,United States,2024,51,Health Care,Medical/Nursing Services
KDP,Keurig Dr Pepper Inc. Common Stock,$31.955,-0.315,-0.976%,43345476354.00,United States,,1676567,Consumer Staples,Beverages (Production/Distribution)
KE,Kimball Electronics Inc. Common Stock,$18.59,-0.23,-1.222%,458813302.00,United States,,21109,Technology,Electrical Products
KELYA,Kelly Services Inc. Class A Common Stock,$13.53,0.35,2.656%,481801027.00,United States,,274989,Consumer Discretionary,Professional Services
KELYB,Kelly Services Inc. Class B Common Stock,$14.00,0.00,0.00%,498537648.00,United States,,15,Consumer Discretionary,Professional Services
KEN,Kenon Holdings Ltd. Ordinary Shares,$32.28,0.72,2.281%,1703281477.00,Singapore,2015,6323,Utilities,Electric Utilities: Central
KEP,Korea Electric Power Corporation Common Stock,$6.875,-0.065,-0.937%,8827006059.00,South Korea,1994,79941,Utilities,Electric Utilities: Central
KEQU,Kewaunee Scientific Corporation Common Stock,$64.5659,0.7559,1.185%,185420868.00,United States,,33064,Industrials,Medical Specialities
KEX,Kirby Corporation Common Stock,$106.17,0.19,0.179%,6094158000.00,United States,,105892,Consumer Discretionary,Marine Transportation
KEY,KeyCorp Common Stock,$17.1494,-0.0506,-0.294%,16999908440.00,United States,,2691558,Finance,Major Banks
KEY^I,KeyCorp Depositary Shares Each Representing a 1/40th Ownership Interest in a Share of Fixed-to-Floating Rate Perpetual Non-Cumulative Preferred Stock Series E,$24.35,0.20,0.828%,,United States,,28934,,
KEY^J,KeyCorp Depositary Shares each representing a 1/40th ownership interest in a share of Fixed Rate Perpetual Non-Cumulative Preferred Stock Series F,$21.1799,0.0499,0.236%,,United States,,28466,,
KEY^K,KeyCorp Depositary Shares each representing a 1/40th ownership interest in a share of Fixed Rate Perpetual Non-Cumulative Preferred Stock Series G,$21.59,0.13,0.606%,,United States,,22943,,
KEY^L,KeyCorp Depositary Shares each representing a 1/40th ownership interest in a share of Fixed Rate Perpetual Non-Cumulative Preferred Stock Series H,$24.30,0.24,0.998%,,United States,,24527,,
KEYS,Keysight Technologies Inc. Common Stock,$162.135,-0.775,-0.476%,28077366091.00,United States,2014,157422,Industrials,Industrial Machinery/Components
KF,Korea Fund Inc. (The) New Common Stock,$18.58,-0.15,-0.801%,0.00,United States,,7629,Finance,Investment Managers
KFFB,Kentucky First Federal Bancorp Common Stock,$2.9501,0.15,5.357%,23856618.00,United States,2005,27387,Finance,Savings Institutions
KFRC,Kforce Inc. Common Stock,$56.61,-0.10,-0.176%,1080118800.00,United States,1995,14673,Consumer Discretionary,Professional Services
KFS,Kingsway Financial Services Inc. Common Stock (DE),$8.45,0.07,0.835%,232990084.00,Canada,,2490,Finance,Property-Casualty Insurers
KFY,Korn Ferry Common Stock,$67.31,-0.08,-0.119%,3472052470.00,United States,1999,62100,Consumer Discretionary,Diversified Commercial Services
KGC,Kinross Gold Corporation Common Stock,$9.1801,-0.1299,-1.395%,11282342900.00,Canada,2001,6533651,Basic Materials,Precious Metals
KGEI,Kolibri Global Energy Inc. Common stock,$5.37,-0.05,-0.923%,191902132.00,United States,,8185,Energy,Oil & Gas Production
KGS,Kodiak Gas Services Inc. Common Stock,$40.935,0.485,1.199%,3584664810.00,United States,2023,211142,Utilities,Natural Gas Distribution
KHC,The Kraft Heinz Company Common Stock,$30.3522,-0.3278,-1.068%,36701118218.00,United States,,3391422,Consumer Staples,Packaged Foods
KIDS,OrthoPediatrics Corp. Common Stock,$22.27,-0.62,-2.709%,539288895.00,United States,2017,143487,Health Care,Medical/Dental Instruments
KIM,Kimco Realty Corporation (HC) Common Stock,$23.14,-0.23,-0.984%,15598243758.00,United States,,804328,Real Estate,Real Estate Investment Trusts
KIM^L,Kimco Realty Corporation Class L Depositary Shares each of which represents a one-one thousandth fractional interest in a share of 5.125% Class L Cumulative Redeemable Preferred Stock liquidation preference $25000.00 per share,$20.4633,0.0133,0.065%,,United States,,5206,,
KIM^M,Kimco Realty Corporation Class M Depositary Shares each of which represents a one-one thousandth fractional interest in a share of 5.25% Class M Cumulative Redeemable Preferred Stock liquidation preference $25000.00 per share,$20.90,-0.02,-0.096%,,United States,,8520,,
KIM^N,Kimco Realty Corporation Depositary Shares each representing 1/1000th interest in a share of 7.25% Class N Cumulative Convertible Perpetual Preferred Stock,$59.99,-0.49,-0.81%,,United States,,1574,,
KIND,Nextdoor Holdings Inc. Class A Common Stock,$2.405,-0.015,-0.62%,919054184.00,United States,,839397,Technology,Computer Software: Programming Data Processing
KINS,Kingstone Companies Inc. Common Stock,$15.415,-0.015,-0.097%,190361870.00,United States,,130841,Finance,Property-Casualty Insurers
KIO,KKR Income Opportunities Fund Common Shares,$13.31,0.11,0.833%,0.00,United States,2013,73897,Finance,Investment Managers
KIRK,Kirkland's Inc. COMMONSTOCK,$1.70,0.00,0.00%,22300501.00,United States,2002,60092,Consumer Discretionary,Other Specialty Stores
KITT,Nauticus Robotics Inc. Common stock,$2.4912,0.3312,15.333%,15962302.00,United States,2021,5082059,Industrials,Industrial Machinery/Components
KITTW,Nauticus Robotics Inc. Warrant,$0.0649,0.015,30.06%,415845.00,United States,2021,876005,Industrials,Industrial Machinery/Components
KKR,KKR & Co. Inc. Common Stock,$149.49,-0.37,-0.247%,132781339606.00,United States,,672383,Finance,Investment Managers
KKRS,KKR Group Finance Co. IX LLC 4.625% Subordinated Notes due 2061,$18.28,0.05,0.274%,16236824457.00,United States,2021,13208,,
KLAC,KLA Corporation Common Stock,$635.76,-9.05,-1.404%,85039116461.00,United States,1980,243275,Technology,Electronic Components
KLC,KinderCare Learning Companies Inc. Common Stock,$17.69,-0.12,-0.674%,2086820114.00,,2024,124793,Consumer Discretionary,Other Consumer Services
KLG,WK Kellogg Co Common Stock,$17.78,-0.10,-0.559%,1531306838.00,United States,2023,183148,Consumer Staples,Packaged Foods
KLIC,Kulicke and Soffa Industries Inc. Common Stock,$46.84,-0.92,-1.926%,2523329631.00,Singapore,,77615,Technology,Semiconductors
KLTO,Klotho Neurosciences Inc. Common Stock,$0.4532,-0.0128,-2.747%,9636625.00,United States,2022,107790,Health Care,Biotechnology: Biological Products (No Diagnostic Substances)
KLTOW,Klotho Neurosciences Inc. Warrant,$0.05,0.0108,27.551%,1063176.00,United States,2022,30963,Health Care,Biotechnology: Biological Products (No Diagnostic Substances)
KLTR,Kaltura Inc. Common Stock,$2.17,-0.06,-2.691%,324838842.00,United States,2021,161064,Technology,Computer Software: Prepackaged Software
KLXE,KLX Energy Services Holdings Inc. Common Stock,$4.94,0.30,6.466%,83290060.00,United States,,123418,Energy,Oilfield Services/Equipment
KMB,Kimberly-Clark Corporation Common Stock,$130.75,-1.05,-0.797%,43603203629.00,United States,,444761,Consumer Discretionary,Containers/Packaging
KMDA,Kamada Ltd. Ordinary Shares,$5.925,0.01,0.169%,265677000.00,Israel,2013,14273,Health Care,Biotechnology: Pharmaceutical Preparations
KMI,Kinder Morgan Inc. Common Stock,$27.485,0.305,1.122%,61061779385.00,United States,2011,3513528,Utilities,Natural Gas Distribution
KMPB,Kemper Corporation 5.875% Fixed-Rate Reset Junior Subordinated Debentures due 2062,$23.07,0.11,0.479%,1477529108.00,United States,2022,7583,Finance,Property-Casualty Insurers
KMPR,Kemper Corporation,$66.10,0.92,1.411%,4233405898.00,United States,,94508,Finance,Property-Casualty Insurers
KMT,Kennametal Inc. Common Stock,$23.86,-0.31,-1.283%,1854539545.00,United States,,213134,Industrials,Industrial Machinery/Components
KMX,CarMax Inc,$82.74,-1.03,-1.23%,12818439974.00,United States,,373032,Consumer Discretionary,Retail-Auto Dealers and Gas Stations
KN,Knowles Corporation Common Stock,$20.05,0.07,0.35%,1765781104.00,United States,2014,173311,Consumer Staples,Consumer Electronics/Appliances
KNDI,Kandi Technologies Group Inc. Ordinary Shares,$0.955,-0.0217,-2.222%,83427113.00,China,,340740,Consumer Discretionary,Auto Manufacturing
KNF,Knife Riv Holding Co. Common Stock,$102.40,-0.57,-0.554%,5797140992.00,United States,2023,79588,Industrials,Mining & Quarrying of Nonmetallic Minerals (No Fuels)
KNOP,KNOT Offshore Partners LP Common Units representing Limited Partner Interests,$5.42,0.05,0.931%,184524339.00,United Kingdom,2013,119412,Consumer Discretionary,Marine Transportation
KNSA,Kiniksa Pharmaceuticals International plc Class A Ordinary Shares,$19.645,-0.365,-1.824%,1418399744.00,United States,2018,62167,Health Care,Biotechnology: Pharmaceutical Preparations
KNSL,Kinsale Capital Group Inc. Common Stock,$468.80,-1.88,-0.399%,10917404086.00,United States,,28786,Finance,Property-Casualty Insurers
KNTK,Kinetik Holdings Inc. Class A Common Stock,$57.04,0.63,1.117%,8985927991.00,United States,2022,126176,Utilities,Natural Gas Distribution
KNW,Know Labs Inc. Common Stock,$0.1594,-0.0055,-3.335%,17230811.00,,2022,542174,Industrials,Industrial Machinery/Components
KNX,Knight-Swift Transportation Holdings Inc.,$52.86,-0.73,-1.362%,8557663980.00,United States,2017,404656,Industrials,Trucking Freight/Courier Services
KO,Coca-Cola Company (The) Common Stock,$62.126,-0.324,-0.519%,267626204995.00,United States,,3763248,Consumer Staples,Beverages (Production/Distribution)
KOD,Kodiak Sciences Inc Common Stock,$9.94,-0.04,-0.401%,523080314.00,United States,2018,187493,Health Care,Biotechnology: Biological Products (No Diagnostic Substances)
KODK,Eastman Kodak Company Common New,$6.95,-0.06,-0.856%,558780000.00,United States,,651594,Consumer Discretionary,Industrial Machinery/Components
KOF,Coca Cola Femsa S.A.B. de C.V.  American Depositary Shares each representing 10 Units (each Unit consists of 3 Series B Shares and 5 Series L Shares),$77.6101,-1.1599,-1.473%,16304580178.00,Mexico,1993,57732,Consumer Staples,Beverages (Production/Distribution)
KOP,Koppers Holdings Inc. Common Stock,$32.21,0.27,0.845%,652862139.00,United States,2006,39700,Basic Materials,Forest Products
KOPN,Kopin Corporation Common Stock,$1.51,0.12,8.633%,239788906.00,United States,1992,3105259,Technology,Semiconductors
KORE,KORE Group Holdings Inc. Common Stock,$3.50,1.06,43.443%,59529246.00,United States,,6313964,Telecommunications,Telecommunications Equipment
KOS,Kosmos Energy Ltd. Common Shares (DE),$3.355,0.095,2.914%,1583209335.00,Bermuda,2011,3367895,Energy,Oil & Gas Production
KOSS,Koss Corporation Common Stock,$7.8601,-0.1399,-1.749%,73498184.00,United States,,99245,Consumer Staples,Consumer Electronics/Appliances
KPLT,Katapult Holdings Inc. Common Stock,$6.3668,0.5568,9.583%,27953556.00,United States,2019,74994,Consumer Discretionary,Diversified Commercial Services
KPLTW,Katapult Holdings Inc. Warrant,$0.0078,0.0028,56.00%,34246.00,United States,2019,109533,Consumer Discretionary,Diversified Commercial Services
KPRX,Kiora Pharmaceuticals Inc.  Common Stock,$3.27,-0.02,-0.608%,9812577.00,United States,,22499,Health Care,Biotechnology: Pharmaceutical Preparations
KPTI,Karyopharm Therapeutics Inc. Common Stock,$0.7206,0.0196,2.796%,90301633.00,United States,2013,695632,Health Care,Biotechnology: Pharmaceutical Preparations
KR,Kroger Company (The) Common Stock,$61.61,-0.73,-1.171%,44581373669.00,United States,,7829284,Consumer Staples,Food Chains
KRC,Kilroy Realty Corporation Common Stock,$40.63,-0.45,-1.095%,4796236365.00,United States,1997,186133,Real Estate,Real Estate Investment Trusts
KREF,KKR Real Estate Finance Trust Inc. Common Stock,$10.18,-0.10,-0.973%,708249587.00,United States,2017,176973,Real Estate,Real Estate Investment Trusts
KREF^A,KKR Real Estate Finance Trust Inc. 6.50% Series A Cumulative Redeemable Preferred Stock,$19.4498,-0.1902,-0.968%,,United States,,20245,,
KRG,Kite Realty Group Trust Common Stock,$24.875,-0.175,-0.699%,5464194959.00,United States,2004,291029,Real Estate,Real Estate Investment Trusts
KRKR,36Kr Holdings Inc. American Depositary Shares,$3.021,-0.009,-0.297%,5891811.00,China,2019,5678,Consumer Discretionary,Business Services
KRMD,KORU Medical Systems Inc. Common Stock (DE),$3.895,-0.045,-1.142%,178536299.00,United States,,10746,Health Care,Medical/Dental Instruments
KRNT,Kornit Digital Ltd. Ordinary Shares,$31.53,-0.20,-0.63%,1504600028.00,Israel,2015,97511,Industrials,Industrial Machinery/Components
KRNY,Kearny Financial Corp Common Stock,$7.04,-0.03,-0.424%,454640968.00,United States,2005,143149,Finance,Savings Institutions
KRO,Kronos Worldwide Inc Common Stock,$9.65,0.01,0.104%,1110100449.00,United States,,78334,Industrials,Major Chemicals
KRON,Kronos Bio Inc. Common Stock,$0.949,0.009,0.957%,57263531.00,United States,2020,94389,Health Care,Biotechnology: Pharmaceutical Preparations
KROS,Keros Therapeutics Inc. Common Stock,$15.73,-0.69,-4.202%,637181544.00,United States,2020,601384,Health Care,Biotechnology: Pharmaceutical Preparations
KRP,Kimbell Royalty Partners Common Units Representing Limited Partner Interests,$16.12,0.31,1.961%,1539359589.00,United States,2017,220253,Energy,Oil & Gas Production
KRRO,Korro Bio Inc. Common Stock,$38.45,-1.55,-3.875%,360209674.00,United States,2019,32207,Health Care,Biotechnology: Pharmaceutical Preparations
KRT,Karat Packaging Inc. Common Stock,$29.90,-0.13,-0.433%,598720740.00,United States,2021,11409,Industrials,Plastic Products
KRUS,Kura Sushi USA Inc. Class A Common Stock,$89.09,-1.09,-1.209%,1002801316.00,United States,2019,21205,Consumer Discretionary,Restaurants
KRYS,Krystal Biotech Inc. Common Stock,$158.315,-0.975,-0.612%,4553226157.00,United States,2017,87075,Health Care,Biotechnology: Biological Products (No Diagnostic Substances)
KSCP,Knightscope Inc. Class A Common Stock,$13.00,-0.95,-6.81%,49639850.00,United States,2022,113138,Telecommunications,Telecommunications Equipment
KSPI,Joint Stock Company Kaspi.kz American Depository Shares,$96.07,-0.64,-0.662%,18189265983.00,Kazakhstan,2024,113957,,
KSS,Kohl's Corporation Common Stock,$13.955,-0.405,-2.82%,1553435768.00,United States,1992,5693856,Consumer Discretionary,Department/Specialty Retail Stores
KT,KT Corporation Common Stock,$15.705,-0.155,-0.977%,7739845585.00,South Korea,,228024,Telecommunications,Telecommunications Equipment
KTB,Kontoor Brands Inc. Common Stock ,$85.88,0.69,0.81%,4735549615.00,United States,2019,114096,Consumer Discretionary,Apparel
KTCC,Key Tronic Corporation Common Stock,$4.05,-0.04,-0.978%,43585578.00,United States,1983,22367,Technology,Electrical Products
KTF,DWS Municipal Income Trust,$9.43,-0.05,-0.527%,372493845.00,United States,1988,140091,Finance,Finance Companies
KTH,Structures Products Cp 8% CorTS Issued by Peco Energy Cap Tr II Preferred Stock,$29.0684,0.00,0.00%,0.00,United States,,136,Finance,Finance: Consumer Services
KTN,Structured Products Corp 8.205% CorTS 8.205% Corporate Backed Trust Securities (CorTS),$27.03,-0.22,-0.807%,0.00,United States,,893,Finance,Finance: Consumer Services
KTOS,Kratos Defense & Security Solutions Inc. Common Stock,$26.56,0.04,0.151%,4012522412.00,United States,,398660,Industrials,Military/Government/Technical
KTTA,Pasithea Therapeutics Corp. Common Stock,$2.9683,0.2383,8.729%,3759135.00,United States,2021,67861,Health Care,Biotechnology: Pharmaceutical Preparations
KTTAW,Pasithea Therapeutics Corp. Warrant,$0.0201,-0.0018,-8.219%,25455.00,United States,2021,4953,Health Care,Biotechnology: Pharmaceutical Preparations
KUKE,Kuke Music Holding Limited American Depositary Shares each representing one Ordinary Share,$0.345,-0.005,-1.429%,11471844.00,,2021,267157,Real Estate,Other Consumer Services
KULR,KULR Technology Group Inc. Common Stock,$4.3899,-0.2701,-5.796%,940438654.00,United States,,28201423,Technology,Electrical Products
KURA,Kura Oncology Inc. Common Stock,$8.4946,-0.1754,-2.023%,660571951.00,United States,,814850,Health Care,Biotechnology: Pharmaceutical Preparations
KVAC,Keen Vision Acquisition Corporation Ordinary Shares,$10.97,0.00,0.00%,0.00,United States,2023,23,,
KVHI,KVH Industries Inc. Common Stock,$5.525,-0.025,-0.45%,109390149.00,United States,1996,46396,Technology,Radio And Television Broadcasting And Communications Equipment
KVUE,Kenvue Inc. Common Stock,$21.34,-0.19,-0.882%,40914273727.00,United States,2023,2584820,Consumer Discretionary,Specialty Chemicals
KVYO,Klaviyo Inc. Series A Common Stock,$41.84,-0.93,-2.174%,11281469782.00,United States,2023,573188,Technology,Computer Software: Prepackaged Software
KW,Kennedy-Wilson Holdings Inc. Common Stock,$9.995,-0.065,-0.646%,1373432170.00,United States,,136783,Finance,Real Estate
KWE,KWESST Micro Systems Inc. Common Stock,$0.7023,0.0118,1.709%,1883725.00,Canada,,1897271,Technology,Computer Software: Prepackaged Software
KWESW,KWESST Micro Systems Inc. Warrant,$0.028,-0.007,-20.00%,75102.00,Canada,,7284,Technology,Computer Software: Prepackaged Software
KWR,Quaker Houghton Common Stock,$142.1501,1.8201,1.297%,2528539397.00,United States,,78416,Industrials,Major Chemicals
KXIN,Kaixin Holdings Ordinary Shares,$1.902,0.392,25.96%,1876485.00,China,2017,911802,Consumer Discretionary,Retail-Auto Dealers and Gas Stations
KYMR,Kymera Therapeutics Inc. Common Stock,$39.335,-0.775,-1.932%,2547542053.00,United States,2020,143299,Health Care,Biotechnology: Biological Products (No Diagnostic Substances)
KYN,Kayne Anderson Energy Infrastructure Fund Inc.,$12.3344,0.1344,1.102%,1679100744.00,United States,2004,280213,Finance,Finance/Investors Services
KYTX,Kyverna Therapeutics Inc. Common Stock,$3.6682,-0.3218,-8.065%,158362107.00,United States,2024,308078,Health Care,Biotechnology: Biological Products (No Diagnostic Substances)
KZIA,Kazia Therapeutics Limited American Depositary Shares,$3.04,-0.03,-0.977%,10118664.00,Australia,,27248,Health Care,Biotechnology: Pharmaceutical Preparations
KZR,Kezar Life Sciences Inc. Common Stock,$6.59,-0.05,-0.753%,48082103.00,United States,2018,21262,Health Care,Biotechnology: Pharmaceutical Preparations
L,Loews Corporation Common Stock,$84.79,0.11,0.13%,18465289615.00,United States,,213870,Finance,Property-Casualty Insurers
LAAC,Lithium Americas (Argentina) Corp. Common Shares,$2.74,-0.08,-2.837%,441962000.00,Canada,2023,793258,Basic Materials,Metal Mining
LAB,Standard BioTools Inc. Common Stock,$1.76,-0.06,-3.297%,655175484.00,United States,2011,334797,Industrials,Biotechnology: Laboratory Analytical Instruments
LAC,Lithium Americas Corp. Common Shares,$3.0125,-0.0775,-2.508%,485916250.00,Canada,2023,2691497,Basic Materials,Metal Mining
LAD,Lithia Motors Inc. Common Stock,$357.78,-3.20,-0.886%,9530241674.00,United States,,70584,Consumer Discretionary,Retail-Auto Dealers and Gas Stations
LADR,Ladder Capital Corp Class A Common Stock,$11.205,-0.095,-0.841%,1430183577.00,United States,2014,606582,Real Estate,Real Estate Investment Trusts
LAES,SEALSQ Corp Ordinary Shares,$8.9595,-0.1205,-1.327%,209473110.00,Switzerland,,43892697,Technology,Semiconductors
LAKE,Lakeland Industries Inc. Common Stock,$25.45,0.73,2.953%,188472622.00,United States,1986,32802,Health Care,Industrial Specialties
LAMR,Lamar Advertising Company Class A Common Stock,$121.2633,-0.6567,-0.539%,12412245458.00,United States,1996,148639,Real Estate,Real Estate Investment Trusts
LANC,Lancaster Colony Corporation Common Stock,$173.43,-2.44,-1.387%,4780597950.00,United States,,29317,Consumer Staples,Packaged Foods
LAND,Gladstone Land Corporation Common Stock,$10.55,-0.09,-0.846%,381748142.00,United States,1993,334882,Real Estate,Real Estate Investment Trusts
LANDM,Gladstone Land Corporation 5.00% Series D Cumulative Term Preferred Stock,$24.6371,0.016,0.065%,891485038.00,United States,,407,Real Estate,Real Estate Investment Trusts
LANDO,Gladstone Land Corporation 6.00% Series B Cumulative Redeemable Preferred Stock,$20.40,-0.15,-0.73%,738167023.00,United States,,10079,Real Estate,Real Estate Investment Trusts
LANDP,Gladstone Land Corporation 6.00% Series C Cumulative Redeemable Preferred Stock,$20.665,-0.105,-0.506%,747755958.00,United States,,10581,Real Estate,Real Estate Investment Trusts
LANV,Lanvin Group Holdings Limited Ordinary Shares,$1.94,-0.04,-2.02%,254083876.00,Cayman Islands,1996,108101,Finance,Blank Checks
LARK,Landmark Bancorp Inc. Common Stock,$24.22,0.005,0.021%,139901550.00,United States,,2425,Finance,Major Banks
LASE,Laser Photonics Corporation Common Stock,$6.35,-0.29,-4.367%,87835708.00,United States,2022,232393,Miscellaneous,Industrial Machinery/Components
LASR,nLIGHT Inc. Common Stock,$10.17,-0.29,-2.772%,492526551.00,United States,2018,262965,Technology,Semiconductors
LATG,Chenghe Acquisition I Co. Class A Ordinary Shares,$11.50,0.01,0.087%,186875000.00,Mexico,2022,4531,Finance,Blank Checks
LATGU,Chenghe Acquisition I Co. Unit,$13.14,1.14,9.50%,0.00,Mexico,2022,10154,Finance,Blank Checks
LAUR,Laureate Education Inc. Common Stock,$18.185,-0.025,-0.137%,2740205470.00,United States,2017,149566,Real Estate,Other Consumer Services
LAW,CS Disco Inc. Common Stock,$4.95,-0.06,-1.198%,296548392.00,United States,2021,40836,Technology,Computer Software: Prepackaged Software
LAZ,Lazard Inc. Common Stock,$52.16,0.20,0.385%,5881879307.00,Bermuda,2005,185953,Finance,Investment Managers
LAZR,Luminar Technologies Inc.  Class A Common Stock,$5.485,-0.355,-6.079%,182629174.00,United States,2019,2106961,Consumer Discretionary,Auto Parts:O.E.M.
LB,LandBridge Company LLC Class A Shares Representing Limited Liability Company Interests,$64.9014,0.1014,0.156%,4747641447.00,,2024,141268,Energy,Oil & Gas Production
LBGJ,Li Bang International Corporation Inc. Ordinary Shares,$3.425,0.1433,4.367%,63431000.00,China,2024,110767,,
LBRDA,Liberty Broadband Corporation Class A Common Stock,$74.70,-0.91,-1.204%,10670752622.00,United States,,19861,Telecommunications,Cable & Other Pay Television Services
LBRDK,Liberty Broadband Corporation Class C Common Stock,$75.0092,-0.9508,-1.252%,10714921252.00,United States,,262101,Telecommunications,Cable & Other Pay Television Services
LBRDP,Liberty Broadband Corporation Series A Cumulative Redeemable Preferred Stock,$25.0067,-0.1433,-0.57%,3572159432.00,United States,,5377,Telecommunications,Cable & Other Pay Television Services
LBRT,Liberty Energy Inc. Class A common stock,$19.80,1.11,5.939%,3235630563.00,United States,2018,1689707,Energy,Oilfield Services/Equipment
LBTYA,Liberty Global Ltd. Class A Common Shares,$12.495,0.105,0.847%,4467518215.00,United Kingdom,,918240,Telecommunications,Cable & Other Pay Television Services
LBTYB,Liberty Global Ltd. Class B Common Shares,$12.95,0.88,7.291%,4630200951.00,United Kingdom,,268,Telecommunications,Cable & Other Pay Television Services
LBTYK,Liberty Global Ltd. Class C Common Shares,$12.975,0.065,0.503%,4639139563.00,United Kingdom,,498232,Telecommunications,Cable & Other Pay Television Services
LC,LendingClub Corporation Common Stock,$16.5407,-0.1693,-1.013%,1859207596.00,United States,2014,461305,Finance,Finance: Consumer Services
LCFY,Locafy Limited Ordinary Share,$6.975,0.025,0.36%,9640740.00,Australia,2022,13492,Technology,Computer Software: Programming Data Processing
LCFYW,Locafy Limited Warrant,$16.70,1.05,6.709%,23082490.00,Australia,2022,634,Technology,Computer Software: Programming Data Processing
LCID,Lucid Group Inc. Common Stock,$3.135,-0.065,-2.031%,9441637366.00,United States,,60841918,Consumer Discretionary,Auto Manufacturing
LCII,LCI Industries,$102.23,-0.46,-0.448%,2603017165.00,United States,1995,48271,Consumer Discretionary,Auto Parts:O.E.M.
LCNB,LCNB Corporation Common Stock,$15.14,0.20,1.339%,213630502.00,United States,,3368,Finance,Major Banks
LCTX,Lineage Cell Therapeutics Inc. Common Stock,$0.503,0.006,1.207%,94985200.00,United States,,1201284,Health Care,Biotechnology: Biological Products (No Diagnostic Substances)
LCUT,Lifetime Brands Inc. Common Stock,$5.49,-0.12,-2.139%,121640475.00,United States,1991,22300,Consumer Discretionary,Industrial Machinery/Components
LDI,loanDepot Inc. Class A Common Stock,$2.03,0.10,5.181%,663811295.00,United States,2021,797939,Finance,Finance: Consumer Services
LDOS,Leidos Holdings Inc. Common Stock,$143.70,-0.79,-0.547%,19174337763.00,United States,,265117,Technology,EDP Services
LDP,Cohen & Steers Limited Duration Preferred and Income Fund Inc.,$20.2099,-0.0401,-0.198%,0.00,United States,2012,74040,Finance,Finance Companies
LDTC,LeddarTech Holdings Inc. Common Shares,$1.5305,0.4605,43.037%,46226726.00,United States,2021,2880759,Technology,Computer Software: Prepackaged Software
LDTCW,LeddarTech Holdings Inc. Warrants,$0.1494,-0.0008,-0.533%,4512429.00,United States,2021,165833,Technology,Computer Software: Prepackaged Software
LDWY,Lendway Inc. Common Stock (DE),$4.8054,-0.0296,-0.612%,8503631.00,United States,,11283,Consumer Discretionary,Advertising
LE,Lands' End Inc. Common Stock,$13.29,-0.11,-0.821%,411054902.00,United States,,48081,Consumer Discretionary,Clothing/Shoe/Accessory Stores
LEA,Lear Corporation Common Stock,$94.6641,-0.6959,-0.73%,5144167985.00,United States,,204609,Consumer Discretionary,Auto Parts:O.E.M.
LECO,Lincoln Electric Holdings Inc. Common Shares,$189.3699,-0.4901,-0.258%,10685348672.00,United States,,75130,Industrials,Industrial Machinery/Components
LEDS,SemiLEDS Corporation Common Stock,$1.2729,-0.0071,-0.555%,9179821.00,Taiwan,2010,8694,Technology,Semiconductors
LEE,Lee Enterprises Incorporated Common Stock,$14.395,-0.255,-1.741%,89105007.00,United States,,15693,Consumer Discretionary,Newspapers/Magazines
LEG,Leggett & Platt Incorporated Common Stock,$9.43,-0.13,-1.36%,1266400115.00,United States,,932805,Consumer Discretionary,Home Furnishings
LEGH,Legacy Housing Corporation Common Stock (TX),$24.47,-0.33,-1.331%,591153870.00,United States,2018,42038,Consumer Discretionary,Homebuilding
LEGN,Legend Biotech Corporation American Depositary Shares,$32.545,0.055,0.169%,5920294634.00,United States,2020,544595,Health Care,Biotechnology: Pharmaceutical Preparations
LEGT,Legato Merger Corp. III Ordinary Shares,$10.29,0.00,0.00%,0.00,,2024,60,,
LEN,Lennar Corporation Class A Common Stock,$136.94,-0.25,-0.182%,37144269348.00,United States,,1423384,Consumer Discretionary,Homebuilding
LENZ,LENZ Therapeutics Inc. Common Stock,$30.2301,-1.0899,-3.48%,831354715.00,United States,2021,33568,Health Care,Biotechnology: Biological Products (No Diagnostic Substances)
LEO,BNY Mellon Strategic Municipals Inc. Common Stock,$6.015,0.035,0.585%,374679487.00,United States,1987,299957,Finance,Trusts Except Educational Religious and Charitable
LESL,Leslie's Inc. Common Stock,$2.135,-0.095,-4.26%,394909447.00,United States,2020,2485586,Consumer Discretionary,Other Specialty Stores
LEU,Centrus Energy Corp. Class A Common Stock,$70.235,-0.475,-0.672%,1151602840.00,United States,2014,274507,Industrials,Mining & Quarrying of Nonmetallic Minerals (No Fuels)
LEVI,Levi Strauss & Co Class A Common Stock,$17.355,0.165,0.96%,6885205884.00,United States,2019,457097,Consumer Discretionary,Apparel
LEXX,Lexaria Bioscience Corp. Common Stock,$2.20,-0.09,-3.93%,34782451.00,Canada,,74250,Health Care,Biotechnology: Pharmaceutical Preparations
LEXXW,Lexaria Bioscience Corp. Warrant,$0.8118,0.0059,0.732%,12834724.00,Canada,,396,Health Care,Biotechnology: Pharmaceutical Preparations
LFCR,Lifecore Biomedical Inc. Common Stock,$7.39,0.11,1.511%,228338104.00,United States,,162595,Health Care,Biotechnology: Pharmaceutical Preparations
LFLY,Leafly Holdings Inc. Common Stock,$1.53,-0.04,-2.548%,4703529.00,United States,2019,22563,Technology,Computer Software: Prepackaged Software
LFLYW,Leafly Holdings Inc. Warrant,$0.0231,-0.0047,-16.906%,71014.00,United States,2019,18728,Technology,Computer Software: Prepackaged Software
LFMD,LifeMD Inc. Common Stock,$5.15,-0.07,-1.341%,223057403.00,United States,,297477,Health Care,Medical/Nursing Services
LFMDP,LifeMD Inc. 8.875% Series A Cumulative Perpetual Preferred Stock,$21.95,0.00,0.00%,950700968.00,United States,,472,Health Care,Medical/Nursing Services
LFST,LifeStance Health Group Inc. Common Stock,$7.455,-0.035,-0.467%,2852581916.00,United States,2021,407831,Health Care,Medical/Nursing Services
LFT,Lument Finance Trust Inc. Common Stock,$2.735,-0.025,-0.906%,143018913.00,United States,2013,117841,Real Estate,Real Estate Investment Trusts
LFT^A,Lument Finance Trust Inc. 7.875% Series A Cumulative Redeemable Preferred Stock,$23.25,0.00,0.00%,,United States,,1297,,
LFUS,Littelfuse Inc. Common Stock,$235.26,-1.78,-0.751%,5837903264.00,United States,,30490,Energy,Electrical Products
LFVN,Lifevantage Corporation Common Stock (Delaware),$17.77,-0.08,-0.448%,222573319.00,United States,,47992,Health Care,Biotechnology: Pharmaceutical Preparations
LFWD,Lifeward Ltd. Ordinary Shares,$1.881,-0.129,-6.418%,16568117.00,Israel,2014,128341,Health Care,Industrial Specialties
LGCB,Linkage Global Inc. Class A Ordinary Shares,$0.4446,0.0046,1.045%,9558900.00,Japan,2023,315983,Consumer Discretionary,Catalog/Specialty Distribution
LGCL,Lucas GC Limited Ordinary Shares,$0.5951,0.014,2.409%,47348120.00,China,2024,65600,Technology,Computer Software: Programming Data Processing
LGCY,Legacy Education Inc. Common Stock,$8.14,-0.11,-1.333%,99667479.00,,2024,58134,Real Estate,Other Consumer Services
LGHL,Lion Group Holding Ltd. American Depositary Share,$0.177,0.007,4.118%,718952.00,China,,1717429,Finance,Investment Bankers/Brokers/Service
LGHLW,Lion Group Holding Ltd. Warrant,$0.007,0.00,0.00%,28433.00,China,,198480,Finance,Investment Bankers/Brokers/Service
LGI,Lazard Global Total Return and Income Fund Common Stock,$16.08,-0.125,-0.771%,0.00,United States,2004,43624,,
LGIH,LGI Homes Inc. Common Stock,$89.675,0.085,0.095%,2108572036.00,United States,2013,58021,Consumer Discretionary,Homebuilding
LGL,LGL Group Inc. (The) Common Stock,$5.97,0.215,3.736%,32077138.00,United States,1946,11628,Technology,Industrial Machinery/Components
LGMK,LogicMark Inc. Common Stock (NV),$1.66,0.00,0.00%,3069128.00,United States,,123481,Health Care,Industrial Specialties
LGND,Ligand Pharmaceuticals Incorporated Common Stock,$106.53,-2.66,-2.436%,2012924086.00,United States,,63299,Health Care,Biotechnology: Pharmaceutical Preparations
LGO,Largo Inc. Common Shares,$1.744,0.054,3.195%,111809584.00,Canada,,123314,Industrials,Mining & Quarrying of Nonmetallic Minerals (No Fuels)
LGTY,Logility Supply Chain Solutions Inc. Common Stock,$11.205,-0.085,-0.753%,377385061.00,United States,,68988,Technology,Computer Software: Prepackaged Software
LGVN,Longeveron Inc. Class A Common Stock,$1.775,0.025,1.429%,26335276.00,United States,2021,139540,Health Care,Biotechnology: Pharmaceutical Preparations
LH,Labcorp Holdings Inc. Common Stock,$230.02,-0.41,-0.178%,19238702815.00,United States,,94127,Health Care,Medical Specialities
LHX,L3Harris Technologies Inc. Common Stock,$210.91,-1.46,-0.687%,40002954651.00,United States,,221384,Industrials,Industrial Machinery/Components
LI,Li Auto Inc. American Depositary Shares,$24.1199,-1.3701,-5.375%,25256192469.00,China,2020,3353534,Consumer Discretionary,Auto Manufacturing
LICN,Lichen China Limited Class A Ordinary Shares,$0.1825,-0.0496,-21.37%,5246875.00,China,2023,31650991,Consumer Discretionary,Professional Services
LICY,Li-Cycle Holdings Corp. Common Shares,$1.875,-0.105,-5.303%,43537384.00,Canada,2021,1547568,Industrials,Environmental Services
LIDR,AEye Inc. Class A Common Stock,$1.815,-0.225,-11.029%,16576664.00,United States,2021,8305828,Consumer Discretionary,Auto Parts:O.E.M.
LIDRW,AEye Inc. Warrant,$0.1191,0.0571,92.097%,1087758.00,United States,2021,1160203,Consumer Discretionary,Auto Parts:O.E.M.
LIEN,Chicago Atlantic BDC Inc. Common Stock,$12.11,0.04,0.331%,276354644.00,United States,2022,16461,Finance,Finance: Consumer Services
LIF,Life360 Inc. Common Stock,$41.78,-0.32,-0.76%,3119569462.00,United States,2024,121827,,
LII,Lennox International Inc. Common Stock,$616.64,-3.39,-0.547%,21966739379.00,United States,1999,60168,Industrials,Industrial Machinery/Components
LILA,Liberty Latin America Ltd. Class A Common Stock,$6.315,-0.095,-1.482%,1242160500.00,United States,,96812,Telecommunications,Cable & Other Pay Television Services
LILAK,Liberty Latin America Ltd. Class C Common Stock,$6.285,-0.095,-1.489%,1236259500.00,United States,,348348,Telecommunications,Cable & Other Pay Television Services
LIN,Linde plc Ordinary Shares,$418.57,-4.41,-1.043%,199305413459.00,United States,,492440,Industrials,Major Chemicals
LINC,Lincoln Educational Services Corporation Common Stock,$15.78,0.36,2.335%,496741255.00,United States,2005,48684,Real Estate,Other Consumer Services
LIND,Lindblad Expeditions Holdings Inc. Common Stock,$12.09,0.08,0.666%,658951716.00,United States,2013,50754,Consumer Discretionary,Transportation Services
LINE,Lineage Inc. Common Stock,$58.91,-0.09,-0.153%,13455735014.00,United States,2024,385238,Real Estate,Real Estate Investment Trusts
LINK,Interlink Electronics Inc. Common Stock,$6.31,0.01,0.159%,62243190.00,United States,,16637,Technology,Computer peripheral equipment
LION,Lionsgate Studios Corp. Common Shares,$7.32,0.09,1.245%,2113146560.00,United States,,58456,Consumer Discretionary,Movies/Entertainment
LIPO,Lipella Pharmaceuticals Inc. Common Stock,$3.10,-0.05,-1.587%,3747649.00,United States,2022,60104,Health Care,Biotechnology: Pharmaceutical Preparations
LIQT,LiqTech International Inc. Common Stock,$1.81,-0.08,-4.233%,17103416.00,Denmark,,26789,Technology,Industrial Machinery/Components
LITB,LightInTheBox Holding Co. Ltd. American Depositary Shares each representing twelve ordinary shares,$1.7461,0.0561,3.32%,32101287.00,China,,9886,Consumer Discretionary,Catalog/Specialty Distribution
LITE,Lumentum Holdings Inc. Common Stock,$84.4775,0.1175,0.139%,5803604250.00,United States,,296484,Telecommunications,Telecommunications Equipment
LITM,Snow Lake Resources Ltd. Common Shares,$1.17,-0.43,-26.875%,30146296.00,Canada,2021,47709893,Basic Materials,Other Metals and Minerals
LIVE,Live Ventures Incorporated Common Stock,$9.49,-0.41,-4.141%,29614409.00,United States,,4006,Consumer Discretionary,Other Specialty Stores
LIVN,LivaNova PLC Ordinary Shares,$46.065,-0.495,-1.063%,2501367964.00,United Kingdom,,125204,Health Care,Biotechnology: Electromedical & Electrotherapeutic Apparatus
LIXT,Lixte Biotechnology Holdings Inc. Common Stock,$1.995,-0.005,-0.25%,4487334.00,United States,,2910,Health Care,Biotechnology: Pharmaceutical Preparations
LIXTW,Lixte Biotechnology Holdings Inc. Warrants,$0.0288,-0.0002,-0.69%,64780.00,United States,,1913,Health Care,Biotechnology: Pharmaceutical Preparations
LKCO,Luokung Technology Corp Ordinary Shares,$1.99,-0.25,-11.161%,4855057.00,China,,155186,Technology,EDP Services
LKFN,Lakeland Financial Corporation Common Stock,$68.78,0.03,0.044%,1754308458.00,United States,,19350,Finance,Major Banks
LKQ,LKQ Corporation Common Stock,$36.114,-0.776,-2.104%,9388192406.00,United States,2003,643356,Consumer Discretionary,Motor Vehicles
LLY,Eli Lilly and Company Common Stock,$777.44,-5.73,-0.732%,738035993143.00,United States,,792535,Health Care,Biotechnology: Pharmaceutical Preparations
LLYVA,Liberty Media Corporation Series A Liberty Live Common Stock,$67.51,0.025,0.037%,6193247300.00,United States,,33218,Industrials,Broadcasting
LLYVK,Liberty Media Corporation Series C Liberty Live Common Stock,$68.84,-0.16,-0.232%,6315259134.00,United States,,51091,Industrials,Broadcasting
LMAT,LeMaitre Vascular Inc. Common Stock,$93.23,0.39,0.42%,2096185278.00,United States,2006,57807,Health Care,Medical/Dental Instruments
LMB,Limbach Holdings Inc. Common Stock,$86.51,0.61,0.71%,975235968.00,United States,,47050,Consumer Discretionary,Engineering & Construction
LMFA,LM Funding America Inc. Common Stock,$2.37,-0.02,-0.837%,8050990.00,United States,2015,58004,Finance,Finance: Consumer Services
LMND,Lemonade Inc. Common Stock,$38.74,-0.66,-1.675%,2766211880.00,United States,2020,936236,Finance,Property-Casualty Insurers
LMNR,Limoneira Co Common Stock,$24.265,-0.06,-0.247%,438786227.00,United States,,31145,Consumer Staples,Farming/Seeds/Milling
LMT,Lockheed Martin Corporation Common Stock,$485.00,-3.97,-0.812%,114962107405.00,United States,,342674,Industrials,Military/Government/Technical
LNC,Lincoln National Corporation Common Stock,$31.64,-0.19,-0.597%,5389658405.00,United States,,286641,Finance,Life Insurance
LNC^D,Lincoln National Corporation Depositary Shares Each Representing a 1/1000th Interest in a Share of 9.000% Non-Cumulative Preferred Stock Series D,$27.48,0.16,0.586%,,United States,,10266,,
LND,Brasilagro Brazilian Agric Real Estate Co Sponsored ADR (Brazil),$3.549,-0.041,-1.142%,364423543.00,Brazil,,31748,Consumer Staples,Farming/Seeds/Milling
LNG,Cheniere Energy Inc. Common Stock,$214.50,4.02,1.91%,48126306657.00,United States,2001,576111,Utilities,Oil/Gas Transmission
LNKB,LINKBANCORP Inc. Common Stock,$7.50,-0.09,-1.186%,280277378.00,United States,,16767,Finance,Major Banks
LNKS,Linkers Industries Limited Class A Ordinary Shares,$2.01,-0.72,-26.374%,27034500.00,Malaysia,2024,506971,Technology,Electrical Products
LNN,Lindsay Corporation Common Stock,$119.335,-0.775,-0.645%,1294364929.00,United States,,15057,Industrials,Industrial Machinery/Components
LNSR,LENSAR Inc. Common Stock,$8.485,0.105,1.253%,98551637.00,United States,,29151,Health Care,Medical/Dental Instruments
LNT,Alliant Energy Corporation Common Stock,$59.27,-0.27,-0.453%,15208634703.00,United States,,369167,Utilities,Power Generation
LNTH,Lantheus Holdings Inc. Common Stock,$89.86,-2.21,-2.40%,6247681932.00,United States,2015,163736,Health Care,Biotechnology: In Vitro & In Vivo Diagnostic Substances
LNW,Light & Wonder Inc. Common Stock,$86.01,-0.02,-0.023%,7595361275.00,United States,,216504,Technology,EDP Services
LNZA,LanzaTech Global Inc. Common Stock,$1.80,-0.06,-3.226%,356007699.00,United States,2021,983319,Industrials,Major Chemicals
LNZAW,LanzaTech Global Inc. Warrant,$0.2929,0.0342,13.22%,57930364.00,United States,2021,219206,Industrials,Major Chemicals
LOAN,Manhattan Bridge Capital Inc,$5.6663,-0.0237,-0.417%,64814828.00,United States,,26954,Real Estate,Real Estate Investment Trusts
LOAR,Loar Holdings Inc. Common Stock,$73.88,-0.97,-1.296%,6627299825.00,United States,2024,362614,Industrials,Military/Government/Technical
LOB,Live Oak Bancshares Inc. Common Stock,$39.53,0.09,0.228%,1786337180.00,United States,2022,51267,Finance,Major Banks
LOBO,LOBO EV TECHNOLOGIES LTD. Ordinary shares,$1.90,-0.05,-2.564%,14782000.00,China,2024,1557,Consumer Discretionary,Motor Vehicles
LOCL,Local Bounti Corporation Common Stock,$1.9416,-0.0984,-4.824%,16805847.00,,2021,4191,Consumer Staples,Farming/Seeds/Milling
LOCO,El Pollo Loco Holdings Inc. Common Stock,$11.55,-0.04,-0.345%,345798060.00,United States,2014,57419,Consumer Discretionary,Restaurants
LODE,Comstock Inc. Common Stock,$0.9469,0.2547,36.796%,198140591.00,United States,,39415972,Industrials,Major Chemicals
LOGC,ContextLogic Inc. Class A Common Stock,$6.92,-0.10,-1.425%,181892581.00,United States,2020,154035,Consumer Discretionary,Catalog/Specialty Distribution
LOGI,Logitech International S.A. Ordinary Shares,$83.015,-0.405,-0.485%,13177610996.00,United States,1997,124895,Technology,Computer peripheral equipment
LOMA,Loma Negra Compania Industrial Argentina Sociedad Anonima ADS,$12.05,-0.36,-2.901%,1406194392.00,Argentina,2017,228195,Industrials,Building Materials
LOOP,Loop Industries Inc. Common Stock,$1.19,-0.07,-5.556%,56668113.00,Canada,,79965,Industrials,Major Chemicals
LOPE,Grand Canyon Education Inc. Common Stock,$163.8531,0.0931,0.057%,4775626569.00,United States,2008,26163,Real Estate,Other Consumer Services
LOT,Lotus Technology Inc. American Depositary Shares,$3.73,-0.43,-10.337%,0.00,China,,91694,,
LOTWW,Lotus Technology Inc. Warrants,$0.15,-0.10,-40.00%,367646228.00,China,,2431,Consumer Discretionary,Auto Manufacturing
LOVE,The Lovesac Company Common Stock,$23.994,-0.266,-1.096%,370295947.00,United States,2018,107254,Consumer Discretionary,Other Specialty Stores
LOW,Lowe's Companies Inc. Common Stock,$247.64,-0.70,-0.282%,139829927238.00,United States,,684930,Consumer Discretionary,RETAIL: Building Materials
LPA,Logistic Properties of the Americas Ordinary Shares,$10.14,-0.09,-0.88%,321536835.00,,2024,22671,Finance,Real Estate
LPAA,Launch One Acquisition Corp. Class A Ordinary shares,$10.04,0.01,0.10%,0.00,United States,2024,250057,,
LPAAU,Launch One Acquisition Corp. Unit,$10.09,0.00,0.00%,0.00,United States,2024,120,Finance,Blank Checks
LPAAW,Launch One Acquisition Corp. Warrant,$0.09,0.00,0.00%,0.00,United States,2024,256,Finance,Blank Checks
LPBB,Launch Two Acquisition Corp. Class A Ordinary Shares,$9.94,0.00,0.00%,0.00,United States,2024,25000,,
LPBBU,Launch Two Acquisition Corp. Unit,$10.05,0.00,0.00%,0.00,United States,2024,78,Finance,Blank Checks
LPBBW,Launch Two Acquisition Corp. Warrant,$0.191,0.00,0.00%,0.00,United States,2024,50,,
LPCN,Lipocine Inc. Common Stock,$4.60,-0.16,-3.361%,24600524.00,United States,,18703,Health Care,Biotechnology: Pharmaceutical Preparations
LPG,Dorian LPG Ltd. Common Stock,$23.945,0.035,0.146%,1024953250.00,United States,2014,318461,Consumer Discretionary,Marine Transportation
LPL,LG Display Co Ltd AMERICAN DEPOSITORY SHARES,$3.1342,-0.0458,-1.44%,3134200000.00,South Korea,2004,64365,Technology,Industrial Machinery/Components
LPLA,LPL Financial Holdings Inc. Common Stock,$328.52,-3.395,-1.023%,24599439293.00,United States,2010,109948,Finance,Investment Bankers/Brokers/Service
LPRO,Open Lending Corporation Common Stock,$5.775,-0.105,-1.786%,689246256.00,United States,,99388,Finance,Finance: Consumer Services
LPSN,LivePerson Inc. Common Stock,$1.2999,0.3427,35.802%,118094932.00,United States,2000,16393118,Technology,Computer Software: Prepackaged Software
LPTH,LightPath Technologies Inc. Class A Common Stock,$3.7123,0.2223,6.37%,147247960.00,United States,1996,598327,Technology,Semiconductors
LPTX,Leap Therapeutics Inc. Common Stock,$2.94,-0.01,-0.339%,112654617.00,United States,,148014,Health Care,Biotechnology: Pharmaceutical Preparations
LPX,Louisiana-Pacific Corporation Common Stock,$103.72,0.33,0.319%,7285110357.00,United States,,126545,Basic Materials,Forest Products
LQDA,Liquidia Corporation Common Stock,$11.635,0.065,0.562%,984747085.00,United States,2018,124914,Health Care,Biotechnology: Pharmaceutical Preparations
LQDT,Liquidity Services Inc. Common Stock,$32.24,0.17,0.53%,991096804.00,United States,2006,49105,Consumer Discretionary,Business Services
LRCX,Lam Research Corporation Common Stock,$72.44,-0.96,-1.308%,93207461400.00,United States,1984,2757605,Technology,Industrial Machinery/Components
LRE,Lead Real Estate Co. Ltd American Depositary Shares,$1.961,-0.0091,-0.462%,26751766.00,Japan,2023,5666,Consumer Discretionary,Homebuilding
LRFC,Logan Ridge Finance Corporation Common Stock,$24.57,-0.1003,-0.407%,65514750.00,United States,2013,304,Finance,Finance: Consumer Services
LRHC,La Rosa Holdings Corp. Common Stock,$0.7895,0.013,1.674%,15948603.00,United States,2023,70608,Finance,Real Estate
LRMR,Larimar Therapeutics Inc. Common Stock,$3.885,-0.075,-1.894%,247888750.00,United States,2014,445214,Health Care,Biotechnology: Pharmaceutical Preparations
LRN,Stride Inc. Common Stock,$106.51,1.54,1.467%,4643041435.00,United States,,244638,Real Estate,Other Consumer Services
LSAK,Lesaka Technologies Inc. Common Stock,$5.39,0.14,2.667%,420520486.00,South Africa,,13794,Finance,Investment Bankers/Brokers/Service
LSB,LakeShore Biopharma Co. Ltd Ordinary Shares,$3.40,0.07,2.102%,64874557.00,China,,20204,Health Care,Biotechnology: Pharmaceutical Preparations
LSBK,Lake Shore Bancorp Inc. Common Stock,$13.3981,0.00,0.00%,76865382.00,United States,2006,36,Finance,Savings Institutions
LSBPW,LakeShore Biopharma Co. Ltd Warrants,$0.0479,-0.013,-21.346%,913968.00,China,,2525,Health Care,Biotechnology: Pharmaceutical Preparations
LSCC,Lattice Semiconductor Corporation Common Stock,$57.5799,-1.3801,-2.341%,7944367438.00,United States,,309928,Technology,Semiconductors
LSE,Leishen Energy Holding Co. Ltd. Ordinary Shares,$4.65,-0.11,-2.311%,78468750.00,China,2024,46257,Industrials,Metal Fabrications
LSEA,Landsea Homes Corporation Common Stock,$8.60,-0.10,-1.149%,312032794.00,United States,2018,136897,Consumer Discretionary,Homebuilding
LSEAW,Landsea Homes Corporation Warrant,$0.10,-0.0051,-4.853%,3627539.00,United States,2018,37410,Consumer Discretionary,Homebuilding
LSF,Laird Superfood Inc. Common Stock,$8.19,-0.06,-0.727%,84117058.00,,2020,17581,Consumer Staples,Packaged Foods
LSH,Lakeside Holding Limited Common Stock,$2.6909,0.1009,3.896%,20181750.00,United States,2024,10642,,
LSPD,Lightspeed Commerce Inc. Subordinate Voting Shares,$15.37,-0.26,-1.663%,2355271426.00,Canada,,142807,Technology,Computer Software: Prepackaged Software
LSTA,Lisata Therapeutics Inc. Common Stock,$2.91,-0.1101,-3.646%,24429168.00,United States,,11805,Health Care,Misc Health and Biotechnology Services
LSTR,Landstar System Inc. Common Stock,$173.025,-1.295,-0.743%,6113176208.00,United States,1993,29804,Industrials,Trucking Freight/Courier Services
LTBR,Lightbridge Corporation Common Stock,$5.27,-0.04,-0.753%,83091574.00,United States,,351904,Consumer Discretionary,Professional Services
LTC,LTC Properties Inc. Common Stock,$34.31,-0.11,-0.32%,1552896470.00,United States,,64367,Real Estate,Real Estate Investment Trusts
LTH,Life Time Group Holdings Inc. Common Stock,$22.00,0.08,0.365%,4553397838.00,United States,2021,291127,Consumer Discretionary,Hotels/Resorts
LTM,LATAM Airlines Group S.A. American Depositary Shares (each representing two thousand (2000) shares of Common Stock),$27.38,-0.09,-0.328%,8274808105.00,Chile,2024,7516,Consumer Discretionary,Air Freight/Delivery Services
LTRN,Lantern Pharma Inc. Common Stock,$3.17,-0.25,-7.31%,34187578.00,United States,2020,84518,Health Care,Biotechnology: Pharmaceutical Preparations
LTRX,Lantronix Inc. Common Stock,$4.06,-0.04,-0.976%,156209893.00,United States,2000,212866,Telecommunications,Computer Communications Equipment
LTRY,Lottery.com Inc. Common Stock,$0.5049,-0.0138,-2.66%,5370290.00,United States,2023,413996,Technology,Computer Software: Prepackaged Software
LTRYW,Lottery.com Inc. Warrants,$0.014,0.0026,22.807%,148909.00,United States,2023,175805,Technology,Computer Software: Prepackaged Software
LU,Lufax Holding Ltd American Depositary Shares each representing two (2) Ordinary Shares,$2.435,0.005,0.206%,2110268400.00,China,,1018124,Finance,Finance: Consumer Services
LUCD,Lucid Diagnostics Inc. Common Stock,$0.7805,-0.0075,-0.952%,46316805.00,United States,2021,196446,Health Care,Medical/Dental Instruments
LUCK,Lucky Strike Entertainment Corporation Class A Common Stock,$10.28,-0.50,-4.638%,1510272548.00,United States,2021,232332,Consumer Discretionary,Services-Misc. Amusement & Recreation
LUCY,Innovative Eyewear Inc. Common Stock,$4.91,-0.11,-2.191%,11991438.00,United States,2022,30818,Health Care,Ophthalmic Goods
LUCYW,Innovative Eyewear Inc. Series A Warrants 8/16/27,$0.044,-0.0017,-3.72%,107459.00,United States,2022,1620,Health Care,Ophthalmic Goods
LULU,lululemon athletica inc. Common Stock,$386.515,-0.155,-0.04%,45093763499.00,Canada,2007,645667,Consumer Discretionary,Apparel
LUMN,Lumen Technologies Inc. Common Stock,$5.455,-0.035,-0.638%,5535800802.00,United States,,5057781,Telecommunications,Telecommunications Equipment
LUNA,Luna Innovations Incorporated Common Stock,$2.06,-0.11,-5.069%,69954800.00,United States,2006,406453,Health Care,Biotechnology: Commercial Physical & Biological Resarch
LUNG,Pulmonx Corporation Common Stock,$6.74,0.04,0.597%,266148304.00,United States,2020,62115,Health Care,Medical/Dental Instruments
LUNR,Intuitive Machines Inc. Class A Common Stock,$18.969,0.579,3.148%,2662238335.00,United States,2021,10900947,Industrials,Industrial Machinery/Components
LUNRW,Intuitive Machines Inc. Warrants,$8.22,0.46,5.928%,1153650647.00,United States,2021,447080,Industrials,Industrial Machinery/Components
LUV,Southwest Airlines Company Common Stock,$33.885,-0.155,-0.455%,20322095666.00,United States,,2469789,Consumer Discretionary,Air Freight/Delivery Services
LUXH,LuxUrban Hotels Inc. Common Stock,$0.93,-0.0309,-3.216%,2101853.00,United States,2022,228987,Finance,Real Estate
LUXHP,LuxUrban Hotels Inc. 13.00% Series A Cumulative Redeemable Preferred Stock,$15.30,-0.20,-1.29%,34578872.00,United States,,1921,Finance,Real Estate
LVLU,Lulu's Fashion Lounge Holdings Inc. Common Stock,$1.15,0.01,0.877%,48335579.00,United States,2021,12341,Consumer Discretionary,Catalog/Specialty Distribution
LVO,LiveOne Inc. Common Stock,$1.3205,0.1305,10.966%,126327862.00,United States,,1341302,Consumer Discretionary,Restaurants
LVRO,Lavoro Limited Class A Ordinary Shares,$4.53,-0.295,-6.114%,528235730.00,Brazil,,65444,Consumer Discretionary,Other Specialty Stores
LVROW,Lavoro Limited Warrant,$0.16,0.025,18.519%,18657333.00,Brazil,,2458,Consumer Discretionary,Other Specialty Stores
LVS,Las Vegas Sands Corp. Common Stock,$51.0201,-0.8399,-1.62%,36990908104.00,United States,2004,954622,Consumer Discretionary,Hotels/Resorts
LVTX,LAVA Therapeutics N.V. Ordinary Shares,$0.975,-0.0184,-1.852%,25631860.00,Netherlands,2021,96342,Health Care,Biotechnology: Pharmaceutical Preparations
LVWR,LiveWire Group Inc. Common Stock,$4.65,0.09,1.974%,945113653.00,United States,2022,10345,Consumer Discretionary,Motor Vehicles
LW,Lamb Weston Holdings Inc. Common Stock ,$64.5451,-2.4549,-3.664%,9206758052.00,United States,2016,1083469,Consumer Staples,Packaged Foods
LWAY,Lifeway Foods Inc. Common Stock,$23.34,-0.35,-1.477%,345816410.00,United States,,9924,Consumer Staples,Packaged Foods
LWLG,Lightwave Logic Inc. Common Stock,$2.095,0.045,2.195%,256371395.00,United States,,465638,Industrials,Containers/Packaging
LX,LexinFintech Holdings Ltd. American Depositary Shares,$5.95,-0.21,-3.409%,978256719.00,China,2017,1546688,Finance,Finance: Consumer Services
LXEH,Lixiang Education Holding Co. Ltd. American Depositary Shares,$4.61,-0.52,-10.136%,5378349.00,China,2020,22248,Real Estate,Other Consumer Services
LXEO,Lexeo Therapeutics Inc. Common Stock,$6.62,-0.16,-2.36%,218896569.00,United States,2023,60754,Health Care,Biotechnology: Biological Products (No Diagnostic Substances)
LXFR,Luxfer Holdings PLC Ordinary Shares,$13.24,0.15,1.146%,354631388.00,United Kingdom,2012,31141,Industrials,Major Chemicals
LXP,LXP Industrial Trust Common Stock (Maryland REIT),$8.165,-0.055,-0.669%,2404669814.00,United States,,465336,Real Estate,Real Estate Investment Trusts
LXP^C,LXP Industrial Trust 6.5% Series C Cumulative Convertible Preferred Stock,$47.6901,0.2001,0.421%,,United States,,530,,
LXRX,Lexicon Pharmaceuticals Inc. Common Stock,$0.7331,-0.0403,-5.211%,265010001.00,United States,,1418325,Health Care,Biotechnology: Pharmaceutical Preparations
LXU,LSB Industries Inc. Common Stock,$7.547,-0.033,-0.435%,540524676.00,United States,2003,122352,Industrials,Major Chemicals
LYB,LyondellBasell Industries NV Ordinary Shares Class A (Netherlands),$73.42,-0.72,-0.971%,23843645651.00,Netherlands,,890971,Industrials,Major Chemicals
LYEL,Lyell Immunopharma Inc. Common Stock,$0.6474,-0.0026,-0.40%,180767426.00,United States,2021,333147,Health Care,Biotechnology: Pharmaceutical Preparations
LYFT,Lyft Inc. Class A Common Stock,$13.045,-0.265,-1.991%,5411285782.00,United States,2019,5477142,Consumer Discretionary,Business Services
LYG,Lloyds Banking Group Plc American Depositary Shares,$2.74,0.04,1.481%,166070429410.00,United Kingdom,,7222498,Finance,Commercial Banks
LYRA,Lyra Therapeutics Inc. Common Stock,$0.2119,0.0214,11.234%,13870476.00,United States,2020,2425060,Health Care,Medical/Dental Instruments
LYT,Lytus Technologies Holdings PTV. Ltd. Common Shares,$0.8949,-0.0562,-5.909%,1667412.00,United Arab Emirates,2022,431060,Technology,EDP Services
LYTS,LSI Industries Inc. Common Stock,$19.48,0.05,0.257%,581250376.00,United States,1985,29700,Consumer Discretionary,Building Products
LYV,Live Nation Entertainment Inc. Common Stock,$132.04,0.19,0.144%,30679980567.00,United States,,426519,Consumer Discretionary,Services-Misc. Amusement & Recreation
LZ,LegalZoom.com Inc. Common Stock,$7.68,-0.14,-1.79%,1327274573.00,United States,2021,533421,Technology,EDP Services
LZB,La-Z-Boy Incorporated Common Stock,$43.49,0.17,0.392%,1804008473.00,United States,,61185,Consumer Discretionary,Home Furnishings
LZM,Lifezone Metals Limited Ordinary Shares,$7.00,0.05,0.719%,547889664.00,Isle of Man,,26010,Basic Materials,Metal Mining
M,Macy's Inc Common Stock,$16.92,-0.62,-3.535%,4697597567.00,United States,,2427132,Consumer Discretionary,Department/Specialty Retail Stores
MA,Mastercard Incorporated Common Stock,$527.4147,-4.7853,-0.899%,484077576283.00,United States,2006,617520,Consumer Discretionary,Business Services
MAA,Mid-America Apartment Communities Inc. Common Stock,$152.84,-0.91,-0.592%,17863983676.00,United States,1994,144832,Real Estate,Real Estate Investment Trusts
MAA^I,Mid-America Apartment Communities Inc. 8.50% Series I Cumulative Redeemable Preferred Stock,$55.30,0.55,1.005%,,United States,,286,,
MAC,Macerich Company (The) Common Stock,$19.96,-0.18,-0.894%,4501528601.00,United States,1994,195385,Real Estate,Real Estate Investment Trusts
MACI,Melar Acquisition Corp. I Class A Ordinary Shares,$10.06,0.00,0.00%,0.00,United States,2024,20,,
MACIW,Melar Acquisition Corp. I Warrant,$0.11,-0.0001,-0.091%,0.00,United States,2024,20000,,
MAG,MAG Silver Corporation Ordinary Shares,$13.51,-0.28,-2.03%,1393929579.00,Canada,,359911,Basic Materials,Precious Metals
MAGN,Magnera Corporation Common Stock,$17.99,-0.32,-1.748%,62962751.00,United States,2000,125126,Basic Materials,Paper
MAIA,MAIA Biotechnology Inc. Common Stock,$1.99,-0.10,-4.785%,50410817.00,,2022,81152,Health Care,Biotechnology: Pharmaceutical Preparations
MAIN,Main Street Capital Corporation Common Stock,$58.02,0.12,0.207%,5116098584.00,United States,2007,253324,Finance,Finance/Investors Services
MAMA,Mama's Creations Inc. Common Stock,$7.80,0.06,0.775%,293177797.00,United States,,167383,Consumer Staples,Specialty Foods
MAMO,Massimo Group Common Stock,$2.65,0.07,2.713%,109669696.00,United States,2024,24799,Consumer Discretionary,Industrial Specialties
MAN,ManpowerGroup Common Stock,$57.095,-0.095,-0.166%,2679831645.00,United States,,264739,Consumer Discretionary,Professional Services
MANH,Manhattan Associates Inc. Common Stock,$272.22,-2.97,-1.079%,16625912449.00,United States,1998,69093,Technology,Computer Software: Prepackaged Software
MANU,Manchester United Ltd. Class A Ordinary Shares,$17.475,0.465,2.734%,2958827996.00,United Kingdom,2012,117981,Consumer Discretionary,Services-Misc. Amusement & Recreation
MAPS,WM Technology Inc. Class A Common Stock ,$1.435,-0.025,-1.712%,219357525.00,United States,2019,807344,Technology,Computer Software: Prepackaged Software
MAPSW,WM Technology Inc. Warrants ,$0.0233,-0.006,-20.478%,3561694.00,United States,2019,70580,Technology,Computer Software: Prepackaged Software
MAR,Marriott International Class A Common Stock,$281.41,-2.25,-0.793%,78201990699.00,United States,,281291,Consumer Discretionary,Hotels/Resorts
MARA,MARA Holdings Inc. Common Stock,$17.70,-0.74,-4.013%,5696417320.00,United States,,27341315,Technology,EDP Services
MARPS,Marine Petroleum Trust Units of Beneficial Interest,$3.9927,0.1827,4.795%,7985400.00,United States,,14259,Energy,Oil & Gas Production
MARX,Mars Acquisition Corp. Ordinary Shares,$8.99,1.79,24.861%,0.00,United States,2023,35560,Finance,Blank Checks
MARXR,Mars Acquisition Corp. Rights,$0.38,0.00,0.00%,0.00,United States,2023,4310,Finance,Blank Checks
MARXU,Mars Acquisition Corp. Unit,$10.42,2.52,31.899%,0.00,United States,2023,22051,Finance,Blank Checks
MAS,Masco Corporation Common Stock,$72.6944,-0.5256,-0.718%,15683736327.00,United States,,287409,Industrials,Industrial Specialties
MASI,Masimo Corporation Common Stock,$170.20,-0.77,-0.45%,9112604333.00,United States,2007,153016,Health Care,Biotechnology: Electromedical & Electrotherapeutic Apparatus
MASS,908 Devices Inc. Common Stock,$2.18,-0.08,-3.54%,75913782.00,United States,2020,331359,Industrials,Industrial Machinery/Components
MAT,Mattel Inc. Common Stock,$17.72,-0.24,-1.336%,5969868000.00,United States,,550391,Consumer Discretionary,Recreational Games/Products/Toys
MATH,Metalpha Technology Holding Limited Ordinary Shares,$1.075,0.005,0.467%,41251374.00,China,2017,105941,Finance,Finance/Investors Services
MATV,Mativ Holdings Inc. Common Stock,$10.9866,0.0066,0.06%,596966030.00,United States,,119992,Basic Materials,Paper
MATW,Matthews International Corporation Class A Common Stock,$27.82,0.05,0.18%,851361327.00,United States,1994,61572,Telecommunications,Metal Fabrications
MATX,Matson Inc. Common Stock,$136.435,-0.105,-0.077%,4531024359.00,United States,,40341,Consumer Discretionary,Marine Transportation
MAV,Pioneer Municipal High Income Advantage Fund Inc.,$8.47,0.00,0.00%,0.00,United States,,48757,Finance,Finance Companies
MAX,MediaAlpha Inc. Class A Common Stock,$11.21,0.07,0.628%,747306097.00,United States,2020,148353,Consumer Discretionary,Business Services
MAXN,Maxeon Solar Technologies Ltd. Ordinary Shares,$7.85,-0.25,-3.086%,111243049.00,Singapore,,362376,Technology,Semiconductors
MAYS,J. W. Mays Inc. Common Stock,$44.00,0.00,0.00%,88694320.00,United States,,5,Real Estate,Building operators
MBAV,M3-Brigade Acquisition V Corp. Class A Ordinary shares,$10.07,0.005,0.05%,0.00,United States,2024,100,,
MBAVU,M3-Brigade Acquisition V Corp. Units,$10.14,-0.16,-1.553%,0.00,United States,2024,131,Finance,Blank Checks
MBC,MasterBrand Inc. Common Stock,$14.57,0.13,0.90%,1851897092.00,United States,2022,353594,Consumer Discretionary,Home Furnishings
MBCN,Middlefield Banc Corp. Common Stock,$28.0422,-0.1078,-0.383%,226329494.00,United States,,1356,Finance,Major Banks
MBI,MBIA Inc. Common Stock,$6.16,0.06,0.984%,314345465.00,United States,1987,96641,Finance,Property-Casualty Insurers
MBIN,Merchants Bancorp Common Stock,$36.365,0.025,0.069%,1664208696.00,United States,2017,48066,Finance,Major Banks
MBINL,Merchants Bancorp Depositary Shares Each Representing a 1/40thInterest in a Share of 7.25% Fixed Rate Series E Non-CumulativePerpetual Preferred Stock without par value,$25.42,-0.015,-0.059%,0.00,United States,,49180,,
MBINM,Merchants Bancorp Depositary Shares Each Representing a 1/40th Interest in a Share of 8.25% Fixed-Rate Reset Series D Non-Cumulative Perpetual Preferred Stock,$26.21,0.13,0.498%,1199475043.00,United States,,4342,Finance,Major Banks
MBINN,Merchants Bancorp Depositary Shares Preferred Series C,$20.15,-0.25,-1.225%,922145063.00,United States,,27872,Finance,Major Banks
MBINO,Merchants Bancorp Depositary Shares Each Representing a 1/40th Interest in a Share of Series B  Fixed-to-Floating Rate,$24.98,0.01,0.04%,1143185295.00,United States,,18587,Finance,Major Banks
MBIO,Mustang Bio Inc. Common Stock,$0.188,0.0041,2.229%,8982687.00,United States,,647342,Health Care,Biotechnology: Pharmaceutical Preparations
MBLY,Mobileye Global Inc. Class A Common Stock,$20.1241,0.0941,0.47%,2003316463.00,Israel,2022,3330477,Technology,Computer Software: Prepackaged Software
MBNKP,Medallion Bank Fixed-to-Floating Rate Non-Cumulative Perpetual Preferred Stock Series F,$25.0701,0.00,0.00%,578310749.00,United States,2019,374,Finance,Commercial Banks
MBOT,Microbot Medical Inc. Common Stock,$1.20,0.09,8.108%,20318809.00,Israel,,3005623,Health Care,Biotechnology: Biological Products (No Diagnostic Substances)
MBRX,Moleculin Biotech Inc. Common Stock,$1.75,0.10,6.061%,5253316.00,United States,2016,17204,Health Care,Biotechnology: Pharmaceutical Preparations
MBUU,Malibu Boats Inc. Class A Common Stock,$36.625,0.035,0.096%,722069713.00,United States,2014,47234,Industrials,Marine Transportation
MBWM,Mercantile Bank Corporation Common Stock,$44.73,-0.055,-0.123%,722028484.00,United States,1998,19248,Finance,Major Banks
MBX,MBX Biosciences Inc. Common Stock,$18.125,-1.945,-9.691%,605690701.00,United States,2024,104729,Health Care,Biotechnology: Pharmaceutical Preparations
MC,Moelis & Company Class A Common Stock,$74.43,-0.03,-0.04%,5576167953.00,United States,2014,94928,Finance,Investment Managers
MCB,Metropolitan Bank Holding Corp. Common Stock,$58.285,0.125,0.215%,652653573.00,United States,2017,45225,Finance,Major Banks
MCBS,MetroCity Bankshares Inc. Common Stock,$32.34,0.30,0.936%,819234163.00,United States,2019,14187,Finance,Major Banks
MCD,McDonald's Corporation Common Stock,$290.1013,-3.5187,-1.198%,207892302514.00,United States,,850017,Consumer Discretionary,Restaurants
MCFT,MasterCraft Boat Holdings Inc. Common Stock,$18.50,-0.22,-1.175%,310721949.00,United States,2015,30498,Industrials,Marine Transportation
MCHP,Microchip Technology Incorporated Common Stock,$57.32,-1.02,-1.748%,30781426613.00,United States,1993,1929599,Technology,Semiconductors
MCHX,Marchex Inc. Class B Common Stock,$1.8053,-0.0747,-3.973%,78859737.00,United States,2004,56333,Consumer Discretionary,Business Services
MCI,Barings Corporate Investors Common Stock,$20.40,-0.31,-1.497%,413339068.00,United States,,39394,Finance,Trusts Except Educational Religious and Charitable
MCK,McKesson Corporation Common Stock,$572.15,-4.49,-0.779%,72628776499.00,United States,,163857,Health Care,Other Pharmaceuticals
MCN,XAI Madison Equity Premium Income Fund Common Shares,$6.66,0.04,0.604%,0.00,United States,2004,40862,,
MCO,Moody's Corporation Common Stock,$474.75,-2.01,-0.422%,86451975000.00,United States,,111504,Finance,Finance: Consumer Services
MCR,MFS Charter Income Trust Common Stock,$6.19,0.02,0.324%,272411872.00,United States,1989,133912,Finance,Trusts Except Educational Religious and Charitable
MCRB,Seres Therapeutics Inc. Common Stock,$0.846,-0.0408,-4.601%,144444406.00,United States,2015,1070307,Health Care,Biotechnology: Pharmaceutical Preparations
MCRI,Monarch Casino & Resort Inc. Common Stock,$77.97,-0.12,-0.154%,1433794774.00,United States,1993,15256,Consumer Discretionary,Hotels/Resorts
MCS,Marcus Corporation (The) Common Stock,$21.42,0.01,0.047%,674345083.00,United States,,58954,Consumer Discretionary,Movies/Entertainment
MCVT,Mill City Ventures III Ltd. Common Stock,$1.9599,-0.0001,-0.005%,12514461.00,United States,,525,Finance,Finance Companies
MCW,Mister Car Wash Inc. Common Stock,$7.205,-0.125,-1.705%,2321811005.00,United States,2021,475187,Consumer Discretionary,Automotive Aftermarket
MCY,Mercury General Corporation Common Stock,$66.90,-0.08,-0.119%,3704328396.00,United States,,87512,Finance,Property-Casualty Insurers
MD,Pediatrix Medical Group Inc. Common Stock,$13.40,-0.09,-0.667%,1150798526.00,United States,,118176,Health Care,Hospital/Nursing Management
MDAI,Spectral AI Inc. Class A Common Stock,$3.1299,0.3799,13.815%,58178810.00,United States,2021,4233181,Health Care,Medical/Dental Instruments
MDAIW,Spectral AI Inc. Warrants,$0.8188,0.1113,15.731%,15219914.00,United States,2021,293459,Health Care,Medical/Dental Instruments
MDB,MongoDB Inc. Class A Common Stock,$234.21,-4.14,-1.737%,17441758289.00,United States,2017,1558610,Technology,Computer Software: Prepackaged Software
MDBH,MDB Capital Holdings LLC Class A common,$6.70,-0.1895,-2.751%,33169234.00,United States,2023,14796,Finance,Finance: Consumer Services
MDCX,Medicus Pharma Ltd. Common Stock  ,$2.60,0.00,0.00%,0.00,Canada,,15309,,
MDCXW,Medicus Pharma Ltd. Warrant,$0.85,-0.03,-3.409%,10044263.00,Canada,,5993,,
MDGL,Madrigal Pharmaceuticals Inc. Common Stock,$311.92,-1.19,-0.38%,6803102151.00,United States,2007,94872,Health Care,Biotechnology: Pharmaceutical Preparations
MDIA,Mediaco Holding Inc. Class A Common Stock ,$1.18,-0.035,-2.881%,55069044.00,United States,,38279,Consumer Discretionary,Broadcasting
MDLZ,Mondelez International Inc. Class A Common Stock,$59.515,-0.695,-1.154%,79583116027.00,United States,,3083275,Consumer Staples,Packaged Foods
MDRR,Medalist Diversified REIT Inc. Common Stock,$12.95,-0.52,-3.86%,14442617.00,United States,2018,3332,Real Estate,Real Estate Investment Trusts
MDRRP,Medalist Diversified REIT Inc. Series A Cumulative Redeemable Preferred Stock,$27.15,0.00,0.00%,30279309.00,United States,,17,Real Estate,Real Estate Investment Trusts
MDT,Medtronic plc. Ordinary Shares,$79.695,-1.045,-1.294%,102191757347.00,United States,,2070208,Health Care,Biotechnology: Electromedical & Electrotherapeutic Apparatus
MDU,MDU Resources Group Inc. Common Stock (Holding Company),$18.055,-0.145,-0.797%,3681202119.00,United States,,311368,Industrials,Mining & Quarrying of Nonmetallic Minerals (No Fuels)
MDV,Modiv Industrial Inc. Class C Common Stock,$14.955,0.005,0.033%,144260028.00,,2022,19061,Real Estate,Real Estate Investment Trusts
MDV^A,Modiv Industrial Inc. 7.375% Series A Cumulative Redeemable Perpetual Preferred Stock,$24.58,0.07,0.286%,,,,3172,,
MDWD,MediWound Ltd. Ordinary Shares,$17.96,0.26,1.469%,193788400.00,Israel,2014,42334,Health Care, Medicinal Chemicals and Botanical Products 
MDXG,MiMedx Group Inc Common Stock,$9.51,0.09,0.955%,1397458486.00,United States,,191562,Health Care,Biotechnology: Pharmaceutical Preparations
MDXH,MDxHealth SA Ordinary Shares,$2.26,-0.05,-2.165%,61671090.00,Belgium,2021,58655,Health Care,Medical Specialities
ME,23andMe Holding Co. Class A Common Stock,$3.2817,-0.0183,-0.555%,85711431.00,United States,,125021,Health Care,Biotechnology: Pharmaceutical Preparations
MEC,Mayville Engineering Company Inc. Common Stock,$15.62,-0.07,-0.446%,322464481.00,United States,2019,45359,Industrials,Industrial Specialties
MED,MEDIFAST INC Common Stock,$17.33,-0.27,-1.534%,189552594.00,United States,,173191,Consumer Staples,Packaged Foods
MEDP,Medpace Holdings Inc. Common Stock,$335.70,-5.42,-1.589%,10434093456.00,United States,2016,86829,Health Care,Biotechnology: Commercial Physical & Biological Resarch
MEG,Montrose Environmental Group Inc. Common Stock,$19.03,1.58,9.054%,652743234.00,United States,2020,331038,Consumer Discretionary,Professional Services
MEGI,NYLI CBRE Global Infrastructure Megatrends Term Fund Common Shares,$12.10,-0.05,-0.412%,0.00,United States,2021,311228,Finance,Investment Managers
MEGL,Magic Empire Global Limited Ordinary Shares,$0.555,0.0057,1.038%,11242135.00,Hong Kong,2022,145696,Finance,Finance: Consumer Services
MEI,Methode Electronics Inc. Common Stock,$11.94,-0.29,-2.371%,425740067.00,United States,,86742,Technology,Electrical Products
MEIP,MEI Pharma Inc. Common Stock,$2.46,0.02,0.82%,16390628.00,United States,2003,21343,Health Care,Biotechnology: Pharmaceutical Preparations
MELI,MercadoLibre Inc. Common Stock,$1720.00,-5.47,-0.317%,87199485000.00,Argentina,2007,106876,Consumer Discretionary,Business Services
MEOH,Methanex Corporation Common Stock,$49.865,0.865,1.765%,3360277289.00,Canada,,162667,Industrials,Major Chemicals
MER^K,Bank of America Corporation Income Capital Obligation Notes initially due December 15 2066,$25.54,-0.01,-0.039%,,United States,,27506,,
MERC,Mercer International Inc. Common Stock,$6.47,-0.01,-0.154%,432653908.00,Canada,,153765,Basic Materials,Paper
MESA,Mesa Air Group Inc. Common Stock,$1.24,-0.07,-5.344%,51228394.00,United States,2018,242387,Consumer Discretionary,Air Freight/Delivery Services
MESO,Mesoblast Limited American Depositary Shares,$21.16,3.63,20.707%,2416015177.00,Australia,2015,1004082,Health Care,Biotechnology: Biological Products (No Diagnostic Substances)
MET,MetLife Inc. Common Stock,$82.04,-0.21,-0.255%,56806171503.00,United States,2000,581408,Finance,Life Insurance
MET^A,MetLife Inc. Preferred Series A Floating Rate,$25.08,0.11,0.441%,,United States,,24217,,
MET^E,MetLife Inc. Depositary Shares ,$23.20,0.10,0.433%,,United States,,72821,,
MET^F,MetLife Inc. Depositary Shares each representing a 1/1000th interest in a share of 4.75% Non-Cumulative Preferred Stock Series F,$20.045,0.175,0.881%,,United States,,139078,,
META,Meta Platforms Inc. Class A Common Stock,$595.615,-4.195,-0.699%,1503623237583.00,United States,2012,3991744,Technology,Computer Software: Programming Data Processing
METC,Ramaco Resources Inc. Class A Common Stock,$10.23,0.14,1.388%,545680179.00,United States,2017,126841,Energy,Coal Mining
METCB,Ramaco Resources Inc. Class B Common Stock,$9.485,0.085,0.904%,505941007.00,United States,,14359,Energy,Coal Mining
METCL,Ramaco Resources Inc. 9.00% Senior Notes due 2026,$25.84,0.17,0.662%,1378335859.00,United States,,1708,Energy,Coal Mining
METCZ,Ramaco Resources Inc. 8.375% Senior Notes due 2029,$25.258,-0.022,-0.087%,0.00,United States,,4788,,
MFA,MFA Financial Inc.,$10.2652,-0.1648,-1.58%,1047897905.00,United States,,697150,Real Estate,Real Estate Investment Trusts
MFA^B,MFA Financial Inc. Preferred Series B,$21.30,0.14,0.662%,,United States,,12798,,
MFA^C,MFA Financial Inc. 6.50% Series C Fixed-to-Floating Rate Cumulative Redeemable Preferred Stock,$24.32,0.03,0.124%,,United States,,8360,,
MFAN,MFA Financial Inc. 8.875% Senior Notes due 2029,$25.24,-0.01,-0.04%,2576563840.00,United States,2024,5547,Real Estate,Real Estate Investment Trusts
MFAO,MFA Financial Inc. 9.000% Senior Notes due 2029,$25.34,0.1399,0.555%,2586772096.00,United States,2024,6822,Real Estate,Real Estate Investment Trusts
MFC,Manulife Financial Corporation Common Stock,$30.78,0.09,0.293%,53922844639.00,Canada,,406894,Finance,Life Insurance
MFG,Mizuho Financial Group Inc. Sponosred ADR (Japan),$4.885,-0.005,-0.102%,62004449930.00,Japan,,498587,Finance,Major Banks
MFH,Mercurity Fintech Holding Inc. Ordinary Shares,$6.77,-0.01,-0.147%,411750703.00,China,2015,143088,Finance,Finance: Consumer Services
MFI,mF International Limited Class A Ordinary Shares,$0.7143,0.0641,9.859%,9465666.00,Hong Kong,2024,42612,Technology,EDP Services
MFIC,MidCap Financial Investment Corporation Common Stock,$13.5592,0.0092,0.068%,1271585545.00,United States,2004,262871,Finance,Finance/Investors Services
MFICL,MidCap Financial Investment Corporation 8.00% Notes due 2028,$25.45,0.07,0.276%,2386708075.00,United States,,2934,Finance,Finance/Investors Services
MFIN,Medallion Financial Corp. Common Stock,$9.48,0.11,1.174%,218682251.00,United States,,42605,Finance,Finance: Consumer Services
MFM,MFS Municipal Income Trust Common Stock,$5.335,0.005,0.094%,219736011.00,United States,1986,113804,Finance,Finance Companies
MG,Mistras Group Inc Common Stock,$9.01,0.06,0.67%,279403479.00,United States,2009,54349,Consumer Discretionary,Military/Government/Technical
MGA,Magna International Inc. Common Stock,$41.78,-0.38,-0.901%,12002562369.00,Canada,,453540,Consumer Discretionary,Auto Parts:O.E.M.
MGEE,MGE Energy Inc,$94.39,-0.70,-0.736%,3417628662.00,United States,,24046,Energy,Electric Utilities: Central
MGF,MFS Government Markets Income Trust Common Stock,$3.05,0.00,0.00%,99422049.00,United States,1987,53151,Finance,Trusts Except Educational Religious and Charitable
MGIC,Magic Software Enterprises Ltd. Ordinary Shares,$11.72,0.04,0.342%,575443855.00,Israel,1991,22720,Technology,Computer Software: Prepackaged Software
MGIH,Millennium Group International Holdings Limited Ordinary Shares,$2.21,-0.20,-8.299%,24862500.00,Hong Kong,2023,247926,Consumer Discretionary,Publishing
MGLD,The Marygold Companies Inc. Common Stock,$1.91,0.10,5.525%,77022727.00,,2022,39276,Finance,Finance: Consumer Services
MGM,MGM Resorts International Common Stock,$34.5865,-0.1835,-0.528%,10297801146.00,United States,,1459318,Consumer Discretionary,Hotels/Resorts
MGNI,Magnite Inc. Common Stock,$16.385,0.015,0.092%,2305212876.00,United States,,670267,Technology,Computer Software: Programming Data Processing
MGNX,MacroGenics Inc. Common Stock,$3.20,-0.03,-0.929%,200843034.00,United States,2013,170536,Health Care,Biotechnology: Pharmaceutical Preparations
MGOL,MGO Global Inc. Common Stock,$0.76,0.3076,67.993%,2207041.00,United States,2023,13688456,Consumer Discretionary,Apparel
MGPI,MGP Ingredients Inc.,$39.03,-0.46,-1.165%,856836635.00,United States,,108434,Consumer Staples,Beverages (Production/Distribution)
MGR,Affiliated Managers Group Inc. 5.875% Junior Subordinated Notes due 2059,$21.82,0.05,0.23%,659512380.00,United States,2019,22488,Finance,Investment Managers
MGRB,Affiliated Managers Group Inc. 4.750% Junior Subordinated Notes due 2060,$17.90,0.11,0.618%,541029863.00,United States,2020,68827,Finance,Investment Managers
MGRC,McGrath RentCorp Common Stock,$110.78,-0.01,-0.009%,2719780164.00,United States,1984,30579,Consumer Discretionary,Diversified Commercial Services
MGRD,Affiliated Managers Group Inc. 4.200% Junior Subordinated Notes due 2061,$15.53,-0.04,-0.257%,469396300.00,United States,2021,176632,Finance,Investment Managers
MGRE,Affiliated Managers Group Inc. 6.750% Junior Subordinated Notes due 2064,$24.505,0.005,0.02%,0.00,United States,2024,19962,,
MGRM,Monogram Technologies Inc. Common Stock,$2.50,-0.11,-4.215%,85780653.00,United States,2023,54205,Health Care,Medical/Dental Instruments
MGRX,Mangoceuticals Inc. Common Stock,$2.46,-0.14,-5.385%,6116820.00,United States,2023,123634,Health Care,Misc Health and Biotechnology Services
MGTX,MeiraGTx Holdings plc Ordinary Shares,$6.045,-0.165,-2.657%,472437309.00,United States,2018,143907,Health Care,Biotechnology: Biological Products (No Diagnostic Substances)
MGX,Metagenomi Inc. Common Stock,$3.465,-0.275,-7.353%,129673872.00,United States,2024,616307,Health Care,Biotechnology: Biological Products (No Diagnostic Substances)
MGY,Magnolia Oil & Gas Corporation Class A Common Stock,$23.54,0.56,2.437%,4627016044.00,United States,2017,616111,Energy,Oil & Gas Production
MGYR,Magyar Bancorp Inc. Common Stock,$14.68,0.00,0.00%,95091476.00,United States,2006,39,Finance,Savings Institutions
MHD,Blackrock MuniHoldings Fund Inc. Common Stock,$11.6546,0.0546,0.471%,1733767095.00,United States,1997,139734,Finance,Investment Bankers/Brokers/Service
MHF,Western Asset Municipal High Income Fund Inc. Common Stock,$6.95,-0.06,-0.856%,0.00,United States,1988,66839,Finance,Finance/Investors Services
MHH,Mastech Digital Inc Common Stock,$14.995,-0.005,-0.033%,175531065.00,United States,,14084,Consumer Discretionary,Professional Services
MHI,Pioneer Municipal High Income Fund Inc.,$9.295,-0.005,-0.054%,0.00,United States,2003,52086,Finance,Investment Managers
MHK,Mohawk Industries Inc. Common Stock,$119.01,0.19,0.16%,7512061629.00,United States,,135490,Consumer Discretionary,Home Furnishings
MHLA,Maiden Holdings Ltd. 6.625% Notes due 2046,$14.35,0.18,1.27%,1425253552.00,Bermuda,2016,627,Finance,Property-Casualty Insurers
MHLD,Maiden Holdings Ltd.,$1.25,0.00,0.00%,124151006.00,Bermuda,2008,297680,Finance,Property-Casualty Insurers
MHN,Blackrock MuniHoldings New York Quality Fund Inc. Common Stock,$10.29,-0.02,-0.194%,1530765827.00,United States,1997,117128,Finance,Investment Bankers/Brokers/Service
MHNC,Maiden Holdings North America Ltd. 7.75% Notes due 2043,$17.34,0.34,2.00%,1722222759.00,Bermuda,2013,7170,Finance,Property-Casualty Insurers
MHO,M/I Homes Inc. Common Stock,$133.72,-0.25,-0.187%,3637859821.00,United States,1993,80435,Consumer Discretionary,Homebuilding
MHUA,Meihua International Medical Technologies Co. Ltd. Ordinary Shares,$0.3589,0.0039,1.099%,9137594.00,China,2022,157095,Health Care,Medical/Dental Instruments
MI,NFT Limited Class A Ordinary Share,$4.5268,-1.8732,-29.269%,13987848.00,,2023,270271,Consumer Discretionary,Other Specialty Stores
MIDD,Middleby Corporation (The) Common Stock,$135.92,-0.66,-0.483%,7311566035.00,United States,,138932,Industrials,Industrial Machinery/Components
MIGI,Mawson Infrastructure Group Inc. Common Stock,$0.8943,-0.0261,-2.836%,16730219.00,Australia,,457191,Finance,Finance: Consumer Services
MIN,MFS Intermediate Income Trust Common Stock,$2.625,0.005,0.191%,301606649.00,United States,1988,384501,Finance,Trusts Except Educational Religious and Charitable
MIND,MIND Technology Inc. Common Stock (DE),$7.925,0.135,1.733%,63157661.00,United States,1994,247863,Industrials,Industrial Machinery/Components
MIO,Pioneer Municipal High Income Opportunities Fund Inc. Common Stock,$11.94,-0.01,-0.084%,0.00,,2021,14135,Finance,Investment Managers
MIR,Mirion Technologies Inc. Class A Common Stock,$17.63,0.01,0.057%,4094803460.00,United States,2020,405030,Industrials,Industrial Machinery/Components
MIRA,MIRA Pharmaceuticals Inc. Common Stock,$1.1501,-0.0299,-2.534%,19046636.00,United States,2023,374272,Health Care,Biotechnology: Pharmaceutical Preparations
MIRM,Mirum Pharmaceuticals Inc. Common Stock,$41.40,-0.16,-0.385%,1987389695.00,United States,2019,89852,Health Care,Biotechnology: Pharmaceutical Preparations
MIST,Milestone Pharmaceuticals Inc. Common Shares,$2.155,0.005,0.233%,114921642.00,Canada,2019,402330,Health Care,Biotechnology: Pharmaceutical Preparations
MITK,Mitek Systems Inc. Common Stock,$11.175,-0.175,-1.542%,501951464.00,United States,,149771,Technology,Computer peripheral equipment
MITN,AG Mortgage Investment Trust Inc. 9.500% Senior Notes due 2029,$25.11,-0.02,-0.08%,740568828.00,United States,2024,1289,Real Estate,Real Estate Investment Trusts
MITP,AG Mortgage Investment Trust Inc. 9.500% Senior Notes due 2029,$25.03,-0.03,-0.12%,738209390.00,United States,2024,3780,Real Estate,Real Estate Investment Trusts
MITQ,Moving iMage Technologies Inc. Common Stock,$0.6727,0.0148,2.25%,6657611.00,United States,2021,6505,Consumer Discretionary,Industrial Machinery/Components
MITT,AG Mortgage Investment Trust Inc. Common Stock,$6.81,-0.16,-2.296%,200961745.00,United States,2011,257662,Real Estate,Real Estate Investment Trusts
MITT^A,AG Mortgage Investment Trust Inc. 8.25% Preferred Series A,$21.9936,-0.0164,-0.075%,,United States,,1737,,
MITT^B,AG Mortgage Investment Trust Inc. Preferred Series B,$21.60,-0.03,-0.139%,,United States,,1765,,
MITT^C,AG Mortgage Investment Trust Inc. 8.00% Series C Fixed-to-Floating Rate Cumulative Redeemable Preferred Stock $0.01 par value per share,$25.00,0.0001,0.00%,,United States,,6996,,
MIY,Blackrock MuniYield Michigan Quality Fund Inc. Common Stock,$11.18,0.09,0.812%,1663164426.00,United States,1992,115208,Finance,Investment Bankers/Brokers/Service
MKC,McCormick & Company Incorporated Common Stock,$75.57,-1.48,-1.921%,20279741966.00,United States,,527485,Consumer Staples,Packaged Foods
MKDW,MKDWELL Tech Inc. Ordinary Share,$0.826,-0.014,-1.667%,13867170.00,Taiwan,,67051,Technology,Consumer Electronics/Appliances
MKDWW,MKDWELL Tech Inc. Warrants,$0.0155,0.0003,1.974%,260219.00,Taiwan,,147655,Technology,Consumer Electronics/Appliances
MKFG,Markforged Holding Corporation Common Stock,$3.15,0.07,2.273%,64953110.00,United States,2020,49584,Technology,Computer peripheral equipment
MKL,Markel Group Inc. Common Stock,$1731.96,-8.39,-0.482%,22276989108.00,United States,1986,9720,Finance,Property-Casualty Insurers
MKSI,MKS Instruments Inc. Common Stock,$104.64,-1.54,-1.45%,7042161186.00,United States,1999,150639,Industrials,Industrial Machinery/Components
MKTW,MarketWise Inc. Class A Common Stock,$0.5812,0.0902,18.371%,188496253.00,United States,,558104,Technology,Computer Software: Prepackaged Software
MKTX,MarketAxess Holdings Inc. Common Stock,$226.60,-2.43,-1.061%,8543808882.00,United States,2004,107872,Finance,Investment Bankers/Brokers/Service
MKZR,MacKenzie Realty Capital Inc. Common Stock,$4.18,0.30,7.732%,0.00,United States,,6916,,
ML,MoneyLion Inc. Class A Common Stock,$87.00,0.42,0.485%,965807271.00,United States,2020,52043,Finance,Finance: Consumer Services
MLAB,Mesa Laboratories Inc. Common Stock,$132.875,-0.185,-0.139%,721700464.00,United States,,12401,Industrials,Industrial Machinery/Components
MLACU,Mountain Lake Acquisition Corp. Units,$10.04,0.02,0.20%,0.00,United States,2024,3446,,
MLCO,Melco Resorts & Entertainment Limited American Depositary Shares,$5.68,-0.20,-3.401%,2517525702.00,Hong Kong,2006,1117160,Consumer Discretionary,Hotels/Resorts
MLEC,Moolec Science SA Ordinary Shares,$0.771,-0.041,-5.049%,0.00,Luxembourg,,14207,Finance,Blank Checks
MLECW,Moolec Science SA Warrant,$0.0389,-0.0001,-0.256%,0.00,Luxembourg,,307,Finance,Blank Checks
MLGO,MicroAlgo Inc. Ordinary Shares,$3.545,0.595,20.169%,35353714.00,United States,2021,6126606,Technology,EDP Services
MLI,Mueller Industries Inc. Common Stock,$80.14,0.18,0.225%,9114730834.00,United States,,147914,Industrials,Metal Fabrications
MLKN,MillerKnoll Inc. Common Stock,$22.325,-0.105,-0.468%,1544120502.00,United States,,234788,Consumer Discretionary,Office Equipment/Supplies/Services
MLM,Martin Marietta Materials Inc. Common Stock,$524.235,-4.605,-0.871%,32040224611.00,United States,1994,91412,Industrials,Mining & Quarrying of Nonmetallic Minerals (No Fuels)
MLNK,MeridianLink Inc. Common Stock,$20.86,-0.17,-0.808%,1575456256.00,United States,2021,42054,Technology,Computer Software: Prepackaged Software
MLP,Maui Land & Pineapple Company Inc. Common Stock,$21.58,-0.29,-1.326%,423650575.00,United States,1998,1607,Finance,Real Estate
MLR,Miller Industries Inc. Common Stock,$65.61,-0.09,-0.137%,750531948.00,United States,,11298,Consumer Discretionary,Construction/Ag Equipment/Trucks
MLSS,Milestone Scientific Inc. Common Stock,$0.9458,0.0658,7.477%,73670332.00,United States,2015,80142,Health Care,Industrial Specialties
MLTX,MoonLake Immunotherapeutics Class A Ordinary Shares,$53.80,-1.57,-2.835%,3438099652.00,United States,2020,68620,Health Care,Biotechnology: Pharmaceutical Preparations
MLYS,Mineralys Therapeutics Inc. Common Stock,$12.615,-0.205,-1.599%,627831759.00,United States,2023,79916,Health Care,Biotechnology: Pharmaceutical Preparations
MMA,Mixed Martial Arts Group Limited Ordinary Shares,$1.33,-0.12,-8.276%,13675972.00,,2024,49425,Consumer Discretionary,Other Consumer Services
MMC,Marsh & McLennan Companies Inc. Common Stock,$212.1079,-1.3621,-0.638%,104170756585.00,United States,,426804,Finance,Specialty Insurers
MMD,NYLI MacKay DefinedTerm Muni Opportunities Fund Common Shares,$14.8597,0.0697,0.471%,0.00,United States,2012,191841,Finance,Investment Managers
MMI,Marcus & Millichap Inc. Common Stock,$38.19,0.23,0.606%,1482677256.00,United States,2013,22301,Finance,Real Estate
MMLP,Martin Midstream Partners L.P. Limited Partnership,$3.63,-0.12,-3.20%,141573942.00,United States,2002,86659,Energy,Oil Refining/Marketing
MMM,3M Company Common Stock,$129.83,-0.35,-0.269%,70700043947.00,United States,,703957,Health Care,Medical/Dental Instruments
MMS,Maximus Inc. Common Stock,$74.59,1.67,2.29%,4497424264.00,United States,1997,260179,Consumer Discretionary,Business Services
MMSI,Merit Medical Systems Inc. Common Stock,$96.77,-0.525,-0.54%,5639698409.00,United States,,120200,Health Care,Medical/Dental Instruments
MMT,MFS Multimarket Income Trust Common Stock,$4.59,0.01,0.218%,273326720.00,United States,1987,74694,Finance,Trusts Except Educational Religious and Charitable
MMU,Western Asset Managed Municipals Fund Inc. Common Stock,$10.195,0.085,0.841%,0.00,United States,1992,157319,Finance,Investment Managers
MMV,MultiMetaVerse Holdings Limited Class A Ordinary Share,$1.04,0.0648,6.645%,34370871.00,Hong Kong,2021,250565,Technology,Computer Software: Prepackaged Software
MMVWW,MultiMetaVerse Holdings Limited Warrant,$0.016,-0.0033,-17.098%,528783.00,Hong Kong,2021,17878,Technology,Computer Software: Prepackaged Software
MMYT,MakeMyTrip Limited Ordinary Shares,$113.69,-0.84,-0.733%,12481170833.00,India,2010,133940,Consumer Discretionary,Transportation Services
MNDO,MIND C.T.I. Ltd. Ordinary Shares,$1.98,0.005,0.253%,39847155.00,Israel,,25702,Technology,EDP Services
MNDR,Mobile-health Network Solutions Class A Ordinary Shares,$0.3138,-0.0023,-0.728%,10823499.00,Singapore,2024,475707,Technology,Computer Software: Prepackaged Software
MNDY,monday.com Ltd. Ordinary Shares,$236.005,2.785,1.194%,11546285728.00,Israel,2021,248669,Technology,Computer Software: Prepackaged Software
MNKD,MannKind Corporation Common Stock,$6.595,-0.225,-3.299%,1818753885.00,United States,2004,858731,Health Care,Biotechnology: Pharmaceutical Preparations
MNMD,Mind Medicine (MindMed) Inc. Common Shares,$6.6007,-0.2393,-3.499%,537495001.00,United States,,619763,Health Care, Medicinal Chemicals and Botanical Products 
MNOV,Medicinova Inc Common Stock,$2.11,0.04,1.932%,103487579.00,United States,,14023,Health Care,Biotechnology: Pharmaceutical Preparations
MNPR,Monopar Therapeutics Inc. Common Stock,$24.34,-0.19,-0.775%,128461555.00,United States,2019,37703,Health Care,Biotechnology: Pharmaceutical Preparations
MNR,Mach Natural Resources LP Common Units representing Limited Partner Interests,$16.83,0.37,2.248%,1741744829.00,,2023,97458,Energy,Oil & Gas Production
MNRO,Monro Inc. Common Stock,$24.48,-0.28,-1.131%,733160896.00,United States,1991,210228,Consumer Discretionary,Automotive Aftermarket
MNSB,MainStreet Bancshares Inc. Common Stock,$18.04,0.01,0.055%,137162901.00,United States,,3836,Finance,Major Banks
MNSBP,MainStreet Bancshares Inc. Depositary Shares,$24.35,0.69,2.916%,185139503.00,United States,,1326,Finance,Major Banks
MNSO,MINISO Group Holding Limited American Depositary Shares each representing four Ordinary Shares,$24.08,0.02,0.083%,7607411898.00,China,2020,261612,Consumer Discretionary,Department/Specialty Retail Stores
MNST,Monster Beverage Corporation,$52.82,0.27,0.514%,51368488388.00,United States,,1498788,Consumer Staples,Beverages (Production/Distribution)
MNTK,Montauk Renewables Inc. Common Stock,$4.06,0.13,3.308%,582072545.00,United States,2021,87567,Utilities,Natural Gas Distribution
MNTS,Momentus Inc. Class A Common Stock,$8.46,-0.42,-4.73%,18466606.00,United States,2019,147477,Industrials,Military/Government/Technical
MNTSW,Momentus Inc. Warrant,$0.0801,0.0102,14.592%,174843.00,United States,2019,147768,Industrials,Military/Government/Technical
MNTX,Manitex International Inc. Common Stock,$5.795,-0.005,-0.086%,118202690.00,United States,,28960,Technology,Industrial Machinery/Components
MNY,MoneyHero Limited Class A Ordinary Shares,$1.08,-0.04,-3.571%,41618345.00,Singapore,,23333,Consumer Discretionary,Business Services
MNYWW,MoneyHero Limited Warrants,$0.0402,-0.0098,-19.60%,1549127.00,Singapore,,98740,Consumer Discretionary,Business Services
MO,Altria Group Inc.,$51.80,-0.58,-1.107%,87791312468.00,United States,,2320983,Health Care, Medicinal Chemicals and Botanical Products 
MOB,Mobilicom Limited American Depositary Shares,$3.98,-0.04,-0.995%,25276514.00,Israel,2022,334239,Industrials,Aerospace
MOBBW,Mobilicom Limited Warrants,$0.70,0.14,25.00%,1222545148.00,Israel,2022,130,Industrials,Aerospace
MOBX,Mobix Labs Inc. Class A Common Stock,$1.6668,-0.1232,-6.883%,59689691.00,United States,2021,631083,Technology,Semiconductors
MOBXW,Mobix Labs Inc Warrants,$0.15,-0.0094,-5.897%,5371643.00,United States,2021,4470,Technology,Semiconductors
MOD,Modine Manufacturing Company Common Stock,$118.28,-0.37,-0.312%,6210064657.00,United States,,258933,Consumer Discretionary,Auto Parts:O.E.M.
MODD,Modular Medical Inc. Common Stock,$1.40,-0.03,-2.098%,48400715.00,United States,,28954,Health Care,Medical/Dental Instruments
MODG,Topgolf Callaway Brands Corp. Common Stock,$7.745,0.025,0.324%,1423716384.00,United States,,1016675,Consumer Discretionary,Recreational Games/Products/Toys
MODV,ModivCare Inc. Common Stock,$10.38,-0.97,-8.546%,148264432.00,United States,2003,134850,Consumer Discretionary,Transportation Services
MOFG,MidWestOne Financial Gp Common Stock,$29.03,-0.26,-0.888%,603095899.00,United States,,33037,Finance,Major Banks
MOGO,Mogo Inc. Common Shares,$1.32,0.02,1.538%,32303040.00,Canada,,56046,Finance,Finance: Consumer Services
MOGU,MOGU Inc. American Depositary Shares (each  representing 25 Class A Ordinary Shares),$2.16,0.06,2.857%,17746584.00,,2018,3186,Consumer Discretionary,Business Services
MOH,Molina Healthcare Inc Common Stock,$290.32,-1.86,-0.637%,16606304000.00,United States,2003,79447,Health Care,Medical Specialities
MOLN,Molecular Partners AG American Depositary Shares,$5.00,-0.30,-5.66%,181771485.00,Switzerland,2021,7607,Health Care,Biotechnology: Biological Products (No Diagnostic Substances)
MOMO,Hello Group Inc. American Depositary Shares,$7.35,-0.14,-1.869%,1378438081.00,China,2014,505790,Technology,Computer Software: Prepackaged Software
MORN,Morningstar Inc. Common Stock,$337.72,-2.09,-0.615%,14482845607.00,United States,2005,30614,Finance,Investment Managers
MOS,Mosaic Company (The) Common Stock,$24.045,0.175,0.733%,7637780758.00,United States,,1671155,Industrials,Agricultural Chemicals
MOV,Movado Group Inc. Common Stock,$19.63,-0.24,-1.208%,434664263.00,United States,,35932,Consumer Discretionary,Consumer Specialties
MOVE,Movano Inc. Common Stock,$5.8372,-0.0128,-0.219%,38721130.00,United States,2021,14513,Health Care,Biotechnology: Electromedical & Electrotherapeutic Apparatus
MP,MP Materials Corp. Common Stock,$16.1971,-0.2629,-1.597%,2643483728.00,United States,2020,1119065,Basic Materials,Metal Mining
MPA,Blackrock MuniYield Pennsylvania Quality Fund Common Stock,$11.63,0.2999,2.647%,0.00,United States,1992,56554,Finance,Finance Companies
MPAA,Motorcar Parts  of America Inc. Common Stock,$7.96,-0.09,-1.118%,158020654.00,United States,,25965,Consumer Discretionary,Auto Parts:O.E.M.
MPB,Mid Penn Bancorp Common Stock,$28.97,0.06,0.208%,481486441.00,United States,,14325,Finance,Major Banks
MPC,Marathon Petroleum Corporation Common Stock,$136.495,0.825,0.608%,43867985003.00,United States,,762004,Energy,Integrated oil Companies
MPLN,MultiPlan Corporation Class A Common Stock,$16.75,-0.77,-4.395%,270867550.00,United States,2020,136738,Consumer Discretionary,Business Services
MPLX,MPLX LP Common Units Representing Limited Partner Interests,$47.68,0.20,0.421%,48576960785.00,United States,2012,477570,Energy,Natural Gas Distribution
MPTI,M-tron Industries Inc. Common Stock,$48.69,-1.93,-3.813%,139538188.00,,2022,34665,Technology,Industrial Machinery/Components
MPU,Mega Matrix Inc. Class A Ordinary Shares,$1.41,0.03,2.174%,54358073.00,United States,1998,107480,Consumer Discretionary,Diversified Commercial Services
MPV,Barings Participation Investors Common Stock,$17.19,-0.07,-0.406%,182243223.00,United States,1988,63993,Finance,Finance Companies
MPW,Medical Properties Trust Inc. common stock,$3.685,-0.045,-1.206%,2212474000.00,United States,2005,9559000,Real Estate,Real Estate Investment Trusts
MPWR,Monolithic Power Systems Inc. Common Stock,$606.55,-6.15,-1.004%,29587509000.00,United States,2004,221207,Technology,Semiconductors
MPX,Marine Products Corporation Common Stock,$9.03,-0.04,-0.441%,313458426.00,United States,2001,45248,Industrials,Marine Transportation
MQ,Marqeta Inc. Class A Common Stock,$3.735,0.085,2.329%,1876443133.00,United States,2021,2244031,Technology,Computer Software: Prepackaged Software
MQT,Blackrock MuniYield Quality Fund II Inc. Common Stock,$9.854,-0.036,-0.364%,1465905389.00,United States,1992,113255,Finance,Investment Bankers/Brokers/Service
MQY,Blackrock MuniYield Quality Fund Inc. Common Stock,$11.53,0.03,0.261%,1715231291.00,United States,1992,452360,Finance,Investment Bankers/Brokers/Service
MRAM,Everspin Technologies Inc. Common Stock,$6.4683,-0.1017,-1.548%,142121817.00,United States,2016,53030,Technology,Semiconductors
MRBK,Meridian Corporation Common Stock,$13.305,-0.095,-0.709%,149549198.00,United States,2017,18258,Finance,Major Banks
MRC,MRC Global Inc. Common Stock,$12.64,0.01,0.079%,1077471545.00,United States,2012,86514,Industrials,Industrial Machinery/Components
MRCC,Monroe Capital Corporation Common Stock,$8.22,-0.06,-0.725%,178097315.00,United States,2012,55847,Finance,Investment Managers
MRCY,Mercury Systems Inc Common Stock,$41.975,0.125,0.299%,2503074691.00,United States,1998,143117,Technology,Electrical Products
MREO,Mereo BioPharma Group plc American Depositary Shares,$3.5688,-0.1612,-4.322%,553683642.00,United Kingdom,,354968,Health Care,Biotechnology: Pharmaceutical Preparations
MRIN,Marin Software Incorporated Common Stock,$1.98,0.00,0.00%,6224029.00,United States,,24743,Technology,EDP Services
MRK,Merck & Company Inc. Common Stock (new),$98.87,-0.83,-0.832%,250105076221.00,United States,,2758394,Health Care,Biotechnology: Pharmaceutical Preparations
MRKR,Marker Therapeutics Inc. Common Stock,$3.31,-0.18,-5.158%,29536752.00,United States,,29547,Health Care,Biotechnology: Pharmaceutical Preparations
MRM,MEDIROM Healthcare Technologies Inc. American Depositary Share,$1.04,-0.01,-0.952%,5077800.00,Japan,2020,65105,Consumer Discretionary,Other Consumer Services
MRNA,Moderna Inc. Common Stock,$39.45,-0.68,-1.694%,15181062644.00,United States,2018,2888277,Health Care,Biotechnology: Biological Products (No Diagnostic Substances)
MRNO,Murano Global Investments PLC Ordinary Shares,$10.69,0.49,4.804%,847106312.00,Mexico,,22314,Consumer Discretionary,Hotels/Resorts
MRNOW,Murano Global Investments PLC Warrants,$0.2299,0.0199,9.476%,18217937.00,Mexico,,50037,Consumer Discretionary,Hotels/Resorts
MRNS,Marinus Pharmaceuticals Inc. Common Stock,$0.5348,0.1634,43.996%,29513271.00,United States,2014,23556459,Health Care,Biotechnology: Pharmaceutical Preparations
MRSN,Mersana Therapeutics Inc. Common Stock,$1.415,-0.085,-5.667%,174799066.00,United States,2017,1175622,Health Care,Biotechnology: Pharmaceutical Preparations
MRT,Marti Technologies Inc. Class A Ordinary Shares,$3.295,-0.095,-2.802%,187933930.00,,2021,24536,Consumer Discretionary,Rental/Leasing Companies
MRTN,Marten Transport Ltd. Common Stock,$15.56,-0.04,-0.256%,1267328359.00,United States,1986,148189,Industrials,Trucking Freight/Courier Services
MRUS,Merus N.V. Common Shares,$42.135,0.065,0.155%,2884717199.00,Netherlands,2016,106451,Health Care,Biotechnology: Pharmaceutical Preparations
MRVI,Maravai LifeSciences Holdings Inc. Class A Common Stock,$5.525,0.025,0.455%,1395214907.00,United States,2020,426673,Health Care,Biotechnology: Pharmaceutical Preparations
MRVL,Marvell Technology Inc. Common Stock,$112.91,-0.71,-0.625%,97701023000.00,United States,2000,3140994,Technology,Semiconductors
MRX,Marex Group plc Ordinary Shares,$31.68,-0.26,-0.814%,2243516901.00,United Kingdom,2024,77605,Finance,Investment Bankers/Brokers/Service
MS,Morgan Stanley Common Stock,$126.07,-0.69,-0.544%,203103255445.00,United States,,1008646,Finance,Investment Bankers/Brokers/Service
MS^A,Morgan Stanley Dep Shs repstg 1/1000 Pfd Ser A,$24.30,0.06,0.248%,,United States,,52783,,
MS^E,Morgan Stanley DEPOSITARY SHARES REP 1/1000TH SHARES FIXED/FLTG PREFERRED STOCK SERIES E,$25.50,0.02,0.078%,,United States,,116148,,
MS^F,Morgan Stanley Dep Shs Rpstg 1/1000th Int Prd Ser F Fxd to Flag,$25.47,0.05,0.197%,,United States,,41412,,
MS^I,Morgan Stanley Depository Shares Representing 1/1000th Preferred Series 1 Fixed to Floating Non (Cum),$25.28,0.0599,0.238%,,United States,,42263,,
MS^K,Morgan Stanley Depositary Shares each representing 1/1000th of a share of Fixed-to-Floating Rate Non-Cumulative Preferred Stock  Series K,$24.4304,-0.1096,-0.447%,,United States,,100581,,
MS^L,Morgan Stanley Depositary Shares each representing 1/1000th of a share of 4.875% Non-Cumulative Preferred Stock Series L,$20.9585,0.0585,0.28%,,United States,,29435,,
MS^O,Morgan Stanley Depositary Shares each representing 1/1000th of a share of 4.250% Non-Cumulative Preferred Stock Series O,$18.01,0.15,0.84%,,United States,,266189,,
MS^P,Morgan Stanley Depositary Shares each representing 1/1000th of a share of 6.500% Non-Cumulative Preferred Stock Series P,$26.00,0.07,0.27%,,United States,,26700,,
MS^Q,Morgan Stanley Depositary Shares each representing 1/1000th of a share of 6.625% Non-Cumulative Preferred Stock Series Q,$26.75,0.16,0.602%,,United States,,38216,,
MSA,MSA Safety Incorporated Common Stock,$166.63,-0.54,-0.323%,6550216969.00,United States,2000,32547,Health Care,Industrial Specialties
MSAI,MultiSensor AI Holdings Inc. Common Stock,$1.90,-0.065,-3.308%,57838286.00,United States,2021,93742,Technology,Electronic Components
MSAIW,MultiSensor AI Holdings Inc. Warrant,$0.035,0.00,0.00%,1065442.00,United States,2021,106397,Technology,Electronic Components
MSB,Mesabi Trust Common Stock,$28.00,0.24,0.865%,367360280.00,United States,,18258,Industrials,Precious Metals
MSBI,Midland States Bancorp Inc. Common Stock,$24.54,0.13,0.533%,525192442.00,United States,2016,36515,Finance,Major Banks
MSBIP,Midland States Bancorp Inc. Depositary Shares Each Representing a 1/40th Interest in a Share of 7.750% Fixed-Rate Reset Non-Cumulative Perpetual Preferred Stock Series A,$25.19,0.04,0.159%,539103407.00,United States,,14606,Finance,Major Banks
MSC,Studio City International Holdings Limited American depositary shares each representing four  Class A ordinary shares,$6.25,-0.2294,-3.54%,1316975719.00,,2018,1462,Consumer Discretionary,Hotels/Resorts
MSCI,MSCI Inc. Common Stock,$596.485,-13.105,-2.15%,46747301302.00,United States,,133067,Consumer Discretionary,Business Services
MSD,Morgan Stanley Emerging Markets Debt Fund Inc. Common Stock,$7.36,-0.01,-0.136%,0.00,United States,1993,45733,Finance,Trusts Except Educational Religious and Charitable
MSDL,Morgan Stanley Direct Lending Fund Common Stock,$21.335,-0.015,-0.07%,0.00,United States,2024,145345,,
MSEX,Middlesex Water Company Common Stock,$53.35,0.47,0.889%,952574920.00,United States,,59189,Utilities,Water Supply
MSFT,Microsoft Corporation Common Stock,$426.27,-4.26,-0.989%,3169266628386.00,United States,1986,6376013,Technology,Computer Software: Prepackaged Software
MSGE,Madison Square Garden Entertainment Corp. Class A Common Stock,$35.47,2.22,6.677%,1719321171.00,United States,2023,366848,Consumer Discretionary,Services-Misc. Amusement & Recreation
MSGM,Motorsport Games Inc. Class A Common Stock,$1.26,0.029,2.356%,4893283.00,United States,2021,53959,Technology,Computer Software: Prepackaged Software
MSGS,Madison Square Garden Sports Corp. Class A Common Stock (New),$225.97,4.87,2.203%,5421930959.00,United States,2015,52964,Consumer Discretionary,Services-Misc. Amusement & Recreation
MSI,Motorola Solutions Inc. Common Stock,$464.83,-2.50,-0.535%,77682667568.00,United States,,140077,Technology,Radio And Television Broadcasting And Communications Equipment
MSM,MSC Industrial Direct Company Inc. Common Stock,$73.67,-1.13,-1.511%,4118424842.00,United States,1995,277610,Industrials,Industrial Machinery/Components
MSN,Emerson Radio Corporation Common Stock,$0.4399,0.0092,2.136%,9256663.00,United States,1994,10232,Consumer Staples,Consumer Electronics/Appliances
MSPR,MSP Recovery Inc. Class A Common Stock,$2.05,-0.05,-2.381%,13452750.00,United States,2020,63673,Technology,EDP Services
MSPRW,MSP Recovery Inc. Warrant,$0.0024,0.0005,26.316%,15750.00,United States,,2285643,Technology,EDP Services
MSPRZ,MSP Recovery Inc. Warrant,$0.02,0.00,0.00%,131246.00,United States,2020,1,Technology,EDP Services
MSS,Maison Solutions Inc. Class A Common Stock,$1.245,-0.005,-0.40%,24514643.00,United States,2023,120167,Consumer Staples,Food Chains
MSSA,Metal Sky Star Acquisition Corporation Ordinary shares,$12.14,0.41,3.495%,0.00,United States,2022,2481,Finance,Blank Checks
MSSAR,Metal Sky Star Acquisition Corporation Right,$0.0501,0.00,0.00%,0.00,United States,2022,7512,Finance,Blank Checks
MSSAU,Metal Sky Star Acquisition Corporation Unit,$11.79,0.00,0.00%,0.00,United States,2022,75,Finance,Blank Checks
MSSAW,Metal Sky Star Acquisition Corporation Warrant,$0.0344,0.00,0.00%,0.00,United States,2022,73,Finance,Blank Checks
MSTR,MicroStrategy Incorporated Common Stock Class A,$316.19,-13.81,-4.185%,64074079084.00,United States,1998,12888334,Technology,Computer Software: Prepackaged Software
MSW,Ming Shing Group Holdings Limited Ordinary Shares,$6.30,-0.12,-1.869%,80325000.00,Hong Kong,2024,317139,Consumer Discretionary,Engineering & Construction
MT,Arcelor Mittal NY Registry Shares NEW,$22.951,-0.189,-0.817%,18803106072.00,Luxembourg,,551317,Industrials,Steel/Iron Ore
MTA,Metalla Royalty & Streaming Ltd. Common Shares,$2.545,-0.025,-0.973%,233725096.00,,,352639,Basic Materials,Precious Metals
MTAL,MAC Copper Limited Ordinary Shares,$10.53,-0.11,-1.034%,779801919.00,United States,,34794,Basic Materials,Metal Mining
MTB,M&T Bank Corporation Common Stock,$189.425,0.195,0.103%,31429615354.00,United States,,254929,Finance,Major Banks
MTB^H,M&T Bank Corporation Perpetual Fixed-to-Floating Rate Non-Cumulative Preferred Stock Series H,$24.12,0.11,0.458%,,United States,,15682,,
MTB^J,M&T Bank Corporation Depositary Shares each representing a 1/400th ownership interest in a share of Perpetual 7.500% Non-Cumulative Preferred Stock Series J,$26.77,0.16,0.601%,,United States,,34825,,
MTC,MMTec Inc. Common Shares,$1.58,0.11,7.483%,39331145.00,China,2019,118332,Technology,Computer Software: Prepackaged Software
MTCH,Match Group Inc. Common Stock,$32.81,-0.36,-1.085%,8238295612.00,United States,,962169,Technology,Computer Software: Programming Data Processing
MTD,Mettler-Toledo International Inc. Common Stock,$1225.91,-8.32,-0.674%,25869971728.00,Switzerland,1997,26990,Industrials,Biotechnology: Laboratory Analytical Instruments
MTDR,Matador Resources Company Common Stock,$55.76,1.44,2.651%,6957326923.00,United States,2012,252722,Energy,Oil & Gas Production
MTEK,Maris-Tech Ltd. Ordinary Shares,$5.7409,0.9409,19.602%,45229686.00,Israel,2022,483212,Telecommunications,Telecommunications Equipment
MTEKW,Maris-Tech Ltd. Warrants,$1.10,0.35,46.667%,8666351.00,Israel,2022,52772,Telecommunications,Telecommunications Equipment
MTEN,Mingteng International Corporation Inc. Ordinary Shares,$6.38,-0.47,-6.861%,39603850.00,China,2024,3229,Industrials,Building Products
MTEX,Mannatech Incorporated Common Stock,$12.22,1.22,11.091%,23032427.00,United States,,41032,Health Care, Medicinal Chemicals and Botanical Products 
MTG,MGIC Investment Corporation Common Stock,$23.7001,0.0101,0.043%,6004784440.00,United States,1991,280823,Finance,Property-Casualty Insurers
MTH,Meritage Homes Corporation Common Stock,$154.535,0.435,0.282%,5591014795.00,United States,,186049,Consumer Discretionary,Homebuilding
MTLS,Materialise NV American Depositary Shares,$7.115,-0.075,-1.043%,420263028.00,Belgium,2014,57922,Technology,Computer Software: Prepackaged Software
MTN,Vail Resorts Inc. Common Stock,$190.95,0.49,0.257%,7148853505.00,United States,1997,148903,Consumer Discretionary,Services-Misc. Amusement & Recreation
MTNB,Matinas Biopharma Holdings Inc. Common Stock,$0.5185,0.0005,0.097%,2637602.00,United States,2017,103549,Health Care,Biotechnology: Pharmaceutical Preparations
MTR,Mesa Royalty Trust Common Stock,$6.15,0.15,2.50%,11461079.00,United States,,10934,Energy,Oil & Gas Production
MTRN,Materion Corporation,$100.22,-0.03,-0.03%,2079693482.00,United States,,26016,Industrials,Industrial Specialties
MTRX,Matrix Service Company Common Stock,$11.90,-0.04,-0.335%,327903060.00,United States,1990,52020,Consumer Discretionary,Engineering & Construction
MTSI,MACOM Technology Solutions Holdings Inc. Common Stock,$130.50,-3.04,-2.276%,9448153673.00,United States,2012,305156,Technology,Semiconductors
MTTR,Matterport Inc. Class A Common Stock,$4.725,0.005,0.106%,1525680430.00,United States,2021,767580,Technology,Computer Software: Prepackaged Software
MTUS,Metallus Inc. Common Shares,$13.79,-0.30,-2.129%,585996783.00,United States,2014,191766,Industrials,Steel/Iron Ore
MTVA,MetaVia Inc. Common Stock,$2.00,0.24,13.636%,17232020.00,United States,2016,182024,Health Care,Biotechnology: Pharmaceutical Preparations
MTW,Manitowoc Company Inc. (The) Common Stock,$8.78,0.01,0.114%,308414129.00,United States,,88946,Industrials,Construction/Ag Equipment/Trucks
MTX,Minerals Technologies Inc. Common Stock,$76.50,-0.37,-0.481%,2439487080.00,United States,1992,27688,Industrials,Major Chemicals
MTZ,MasTec Inc. Common Stock,$136.08,0.35,0.258%,10782294582.00,United States,,167779,Industrials,Water Sewer Pipeline Comm & Power Line Construction
MU,Micron Technology Inc. Common Stock,$86.58,-1.935,-2.186%,96465005873.00,United States,,13621932,Technology,Semiconductors
MUA,Blackrock MuniAssets Fund Inc Common Stock,$11.1502,-0.0098,-0.088%,1658731304.00,United States,1993,75347,Finance,Investment Bankers/Brokers/Service
MUC,Blackrock MuniHoldings California Quality Fund Inc.  Common Stock,$10.615,0.065,0.616%,1579113630.00,United States,1998,382524,Finance,Investment Bankers/Brokers/Service
MUE,Blackrock MuniHoldings Quality Fund II Inc. Common Stock,$10.00,-0.02,-0.20%,1487624710.00,United States,,59612,Finance,Investment Bankers/Brokers/Service
MUFG,Mitsubishi UFJ Financial Group Inc. Common Stock,$11.76,0.11,0.944%,137912208018.00,Japan,,1425747,Finance,Commercial Banks
MUI,BlackRock Municipal Income Fund Inc. Common Stock,$12.155,0.045,0.372%,1808207835.00,United States,2003,111842,Finance,Investment Bankers/Brokers/Service
MUJ,Blackrock MuniHoldings New Jersey Quality Fund Inc. Common Stock,$11.015,0.005,0.045%,1638618618.00,United States,1998,275010,Finance,Investment Bankers/Brokers/Service
MULN,Mullen Automotive Inc. Common Stock,$1.0991,0.1391,14.49%,1777371.00,United States,,7936402,Technology,EDP Services
MUR,Murphy Oil Corporation Common Stock,$29.745,1.085,3.786%,4338110713.00,United States,,545771,Energy,Oil & Gas Production
MURA,Mural Oncology plc Ordinary Shares ,$3.16,-0.06,-1.863%,53910580.00,Ireland,,124920,Health Care,Biotechnology: Pharmaceutical Preparations
MUSA,Murphy USA Inc. Common Stock,$498.68,-6.55,-1.296%,10097820689.00,United States,2013,32922,Consumer Discretionary,Retail-Auto Dealers and Gas Stations
MUX,McEwen Mining Inc. Common Stock,$7.75,-0.17,-2.146%,410167363.00,Canada,,289040,Basic Materials,Precious Metals
MVBF,MVB Financial Corp. Common Stock,$20.55,-0.04,-0.194%,265926494.00,United States,,36206,Finance,Major Banks
MVF,Blackrock MuniVest Fund Inc. Common Stock,$7.00,-0.04,-0.568%,1041337297.00,United States,1988,170057,Finance,Investment Bankers/Brokers/Service
MVIS,MicroVision Inc. Common Stock,$1.61,0.10,6.623%,352619270.00,United States,1996,11912816,Technology,Industrial Machinery/Components
MVO,MV Oil Trust Units of Beneficial Interests,$7.69,-0.14,-1.788%,88435000.00,United States,2007,115295,Energy,Oil & Gas Production
MVST,Microvast Holdings Inc. Common Stock,$2.7289,0.2789,11.384%,883659567.00,United States,2019,16118384,Miscellaneous,Industrial Machinery/Components
MVSTW,Microvast Holdings Inc. Warrants,$0.4993,0.0286,6.076%,161680978.00,United States,2019,410178,Miscellaneous,Industrial Machinery/Components
MVT,Blackrock MuniVest Fund II Inc.  Common Stock,$10.51,0.08,0.767%,1563493570.00,United States,1993,123122,Finance,Investment Bankers/Brokers/Service
MWA,MUELLER WATER PRODUCTS Common Stock,$22.58,-0.02,-0.088%,3528172260.00,United States,2006,150497,Industrials,Metal Fabrications
MWG,Multi Ways Holdings Limited Ordinary Shares,$0.3068,0.0276,9.885%,9461712.00,,2023,327991,Consumer Discretionary,Miscellaneous manufacturing industries
MX,Magnachip Semiconductor Corporation Common Stock,$4.04,-0.11,-2.651%,150299243.00,Luxembourg,2011,165899,Technology,Semiconductors
MXC,Mexco Energy Corporation Common Stock,$10.65,-0.23,-2.114%,21789900.00,United States,2003,1270,Energy,Oil & Gas Production
MXCT,MaxCyte Inc. Common Stock,$4.125,-0.005,-0.121%,426956355.00,United States,2021,129039,Health Care,Biotechnology: Commercial Physical & Biological Resarch
MXE,Mexico Equity and Income Fund Inc. (The) Common Stock,$8.085,-0.106,-1.294%,0.00,United States,,20174,Finance,Finance Companies
MXF,Mexico Fund Inc. (The) Common Stock,$13.31,-0.31,-2.276%,0.00,United States,,74346,Finance,Trusts Except Educational Religious and Charitable
MXL,MaxLinear Inc. Common Stock,$20.35,-0.15,-0.732%,1716762182.00,United States,2010,348723,Technology,Semiconductors
MYD,Blackrock MuniYield Fund Inc.  Common Stock,$10.44,0.02,0.192%,1553080197.00,United States,1991,259220,Finance,Investment Bankers/Brokers/Service
MYE,Myers Industries Inc. Common Stock,$11.025,-0.055,-0.496%,410789427.00,United States,1983,163486,Industrials,Plastic Products
MYFW,First Western Financial Inc. Common Stock,$18.915,-0.115,-0.604%,182796470.00,United States,2018,3295,Finance,Major Banks
MYGN,Myriad Genetics Inc. Common Stock,$13.65,0.23,1.714%,1242630890.00,United States,1995,253457,Health Care,Biotechnology: In Vitro & In Vivo Diagnostic Substances
MYI,Blackrock MuniYield Quality Fund III Inc Common Stock,$11.0101,-0.1099,-0.988%,1637889682.00,United States,,305346,Finance,Investment Bankers/Brokers/Service
MYN,Blackrock MuniYield New York Quality Fund Inc.Common Stock,$10.075,0.055,0.549%,0.00,United States,1992,125396,Finance,Finance Companies
MYNA,Mynaric AG American Depository Shares,$0.995,0.3645,57.811%,25146922.00,Germany,2021,10128843,Consumer Discretionary,Telecommunications Equipment
MYND,Mynd.ai Inc. American Depositary Shares,$2.06,-0.11,-5.069%,94034431.00,,2017,48104,Real Estate,Other Consumer Services
MYNZ,Mainz Biomed N.V. Ordinary Shares,$4.77,0.17,3.696%,9540000.00,Germany,2021,57688,Health Care,Biotechnology: Pharmaceutical Preparations
MYO,Myomo Inc. Common Stock,$6.095,-0.275,-4.317%,184348578.00,United States,2017,236568,Health Care,Industrial Specialties
MYPS,PLAYSTUDIOS Inc.  Class A Common Stock,$1.875,-0.035,-1.832%,233783306.00,United States,2020,84086,Technology,Computer Software: Prepackaged Software
MYPSW,PLAYSTUDIOS Inc. Warrant,$0.025,0.002,8.696%,3117111.00,United States,2020,156420,Technology,Computer Software: Prepackaged Software
MYRG,MYR Group Inc. Common Stock,$149.085,-0.985,-0.656%,2403533611.00,United States,2008,34402,Industrials,Water Sewer Pipeline Comm & Power Line Construction
MYSZ,My Size Inc. Common Stock,$5.155,-1.355,-20.814%,6495975.00,Israel,,1165763,Technology,Computer Software: Prepackaged Software
MYTE,MYT Netherlands Parent B.V. American Depositary Shares each representing one Ordinary Share,$7.12,0.06,0.85%,607093649.00,,2021,9360,Consumer Discretionary,Catalog/Specialty Distribution
NA,Nano Labs Ltd Class A Ordinary Shares,$7.83,0.08,1.032%,80475816.00,China,2022,71648,Technology,Semiconductors
NAAS,NaaS Technology Inc. American Depositary Shares,$1.9523,-0.0877,-4.299%,25143260.00,China,2017,82956,Consumer Discretionary,Other Specialty Stores
NABL,N-able Inc. Common Stock,$9.3699,-0.0201,-0.214%,1740512090.00,United States,2021,263088,Technology,Computer Software: Prepackaged Software
NAC,Nuveen California Quality Municipal Income Fund,$11.225,0.055,0.492%,0.00,United States,1999,306751,Finance,Investment Managers
NAD,Nuveen Quality Municipal Income Fund Common Stock,$11.595,0.025,0.216%,0.00,United States,1999,1409643,Finance,Investment Managers
NAII,Natural Alternatives International Inc. Common Stock,$4.2553,-0.0046,-0.108%,26377660.00,United States,,3373,Health Care, Medicinal Chemicals and Botanical Products 
NAK,Northern Dynasty Minerals Ltd. Common Stock,$0.5727,0.0029,0.509%,307971877.00,Canada,,2373034,Basic Materials,Precious Metals
NAMI,Jinxin Technology Holding Company American Depositary Shares,$4.20,0.02,0.478%,271597843.00,China,2024,77138,Real Estate,Other Consumer Services
NAMS,NewAmsterdam Pharma Company N.V. Ordinary Shares,$25.84,-0.02,-0.077%,2387250932.00,Netherlands,,110479,Health Care,Biotechnology: Pharmaceutical Preparations
NAMSW,NewAmsterdam Pharma Company N.V. Warrant,$13.89,-0.58,-4.008%,1283239762.00,Netherlands,,182,Health Care,Biotechnology: Pharmaceutical Preparations
NAN,Nuveen New York Quality Municipal Income Fund Common Stock,$11.265,0.105,0.941%,3405587487.00,United States,1999,66274,Finance,Investment Managers
NAOV,NanoVibronix Inc. Common Stock,$0.595,0.0148,2.551%,2232651.00,United States,,38127,Health Care,Industrial Specialties
NARI,Inari Medical Inc. Common Stock,$51.99,-0.98,-1.85%,3043710774.00,United States,2020,159935,Health Care,Medical/Dental Instruments
NAT,Nordic American Tankers Limited Common Stock,$2.425,-0.045,-1.822%,506331377.00,Bermuda,1995,1757088,Consumer Discretionary,Marine Transportation
NATH,Nathan's Famous Inc. Common Stock,$80.3999,1.4399,1.824%,328402638.00,United States,1993,1242,Consumer Discretionary,Restaurants
NATL,NCR Atleos Corporation Common Stock,$34.07,-0.20,-0.584%,2469654508.00,United States,2023,83794,Miscellaneous,Office Equipment/Supplies/Services
NATR,Nature's Sunshine Products Inc. Common Stock,$14.98,-0.04,-0.266%,276764024.00,United States,,15031,Health Care,Biotechnology: Pharmaceutical Preparations
NAUT,Nautilus Biotechnolgy Inc. Common Stock,$1.69,-0.01,-0.588%,227352371.00,United States,2020,56369,Industrials,Biotechnology: Laboratory Analytical Instruments
NAVI,Navient Corporation Common Stock,$12.98,-0.07,-0.536%,1393577970.00,United States,,604268,Finance,Investment Bankers/Brokers/Service
NAYA,NAYA Biosciences Inc. Common Stock,$0.8475,0.0198,2.392%,4183029.00,United States,,9924,Health Care,Medical/Dental Instruments
NAZ,Nuveen Arizona Quality Municipal Income Fund Common Stock,$11.32,0.00,0.00%,0.00,United States,1992,52328,Finance,Finance/Investors Services
NB,NioCorp Developments Ltd. Common Stock,$1.54,0.13,9.22%,58350600.00,United States,,159718,Basic Materials,Metal Mining
NBB,Nuveen Taxable Municipal Income Fund Common Shares of Beneficial Interest,$15.06,0.06,0.40%,0.00,United States,2010,262915,Finance,Finance Companies
NBBK,NB Bancorp Inc. Common Stock,$18.23,-0.12,-0.654%,778525440.00,United States,2023,88204,Finance,Banks
NBH,Neuberger Berman Municipal Fund Inc. Common Stock,$10.28,0.03,0.293%,0.00,United States,2002,134379,Finance,Finance/Investors Services
NBHC,National Bank Holdings Corporation Common Stock,$43.14,-0.03,-0.069%,1639903080.00,United States,2012,50604,Finance,Major Banks
NBIS,Nebius Group N.V. Class A Ordinary Shares,$26.7037,-0.6063,-2.22%,9652914387.00,Netherlands,2011,1939226,Technology,Computer Software: Programming Data Processing
NBIX,Neurocrine Biosciences Inc. Common Stock,$138.12,-1.32,-0.947%,13984223347.00,United States,1996,257031,Health Care,Biotechnology: Biological Products (No Diagnostic Substances)
NBN,Northeast Bank Common Stock,$91.39,0.34,0.373%,743000700.00,United States,,14376,Finance,Major Banks
NBR,Nabors Industries Ltd.,$54.73,3.54,6.915%,586115392.00,Bermuda,1951,199030,Energy,Oil & Gas Production
NBTB,NBT Bancorp Inc. Common Stock,$48.105,-0.305,-0.63%,2269475273.00,United States,,59989,Finance,Major Banks
NBTX,Nanobiotix S.A. American Depositary Shares,$2.98,-0.02,-0.667%,140457317.00,France,2020,18801,Health Care,Biotechnology: Pharmaceutical Preparations
NBXG,Neuberger Berman Next Generation Connectivity Fund Inc. Common Stock,$12.84,-0.12,-0.926%,0.00,United States,2021,233261,Finance,Trusts Except Educational Religious and Charitable
NBY,NovaBay Pharmaceuticals Inc. Common Stock,$0.5867,0.0101,1.752%,2866436.00,United States,2007,74513,Health Care,Biotechnology: Pharmaceutical Preparations
NC,NACCO Industries Inc. Common Stock,$28.90,0.77,2.737%,210882317.00,United States,,5730,Energy,Coal Mining
NCA,Nuveen California Municipal Value Fund,$8.415,0.015,0.179%,0.00,United States,,71556,Finance,Investment Managers
NCDL,Nuveen Churchill Direct Lending Corp. Common Stock,$16.965,-0.095,-0.557%,924346813.00,,2024,166553,,
NCEW,New Century Logistics (BVI) Limited Ordinary Shares,$2.47,0.45,22.277%,52487500.00,Hong Kong,2024,100025,Consumer Discretionary,Oil Refining/Marketing
NCI,Neo-Concept International Group Holdings Limited Ordinary Shares,$0.562,0.0407,7.807%,11419840.00,Hong Kong,2024,452525,Consumer Discretionary,Apparel
NCL,Northann Corp. Common Stock,$0.271,-0.0085,-3.041%,9312752.00,,2023,350508,Industrials,Plastic Products
NCLH,Norwegian Cruise Line Holdings Ltd. Ordinary Shares,$26.09,0.34,1.32%,11471988973.00,United States,,3803258,Consumer Discretionary,Marine Transportation
NCMI,National CineMedia Inc. Common Stock,$6.47,-0.14,-2.118%,614100548.00,United States,2007,448817,Consumer Discretionary,Advertising
NCNA,NuCana plc American Depositary Share,$1.45,0.03,2.113%,3262500.00,United Kingdom,2017,164640,Health Care,Biotechnology: Pharmaceutical Preparations
NCNO,nCino Inc. Common Stock,$33.71,-0.72,-2.091%,3903413448.00,United States,2020,573322,Technology,Computer Software: Prepackaged Software
NCPL,Netcapital Inc. Common Stock,$2.14,0.00,0.00%,3940457.00,United States,,218673,Finance,Finance: Consumer Services
NCPLW,Netcapital Inc. Warrants,$0.0271,-0.0001,-0.368%,49900.00,United States,,119,Finance,Finance: Consumer Services
NCRA,Nocera Inc. Common Stock,$0.899,0.035,4.051%,12601271.00,Taiwan,,61389,Consumer Staples,Farming/Seeds/Milling
NCSM,NCS Multistage Holdings Inc. Common Stock,$25.37,0.65,2.629%,63496340.00,United States,2017,6969,Energy,Oilfield Services/Equipment
NCTY,The9 Limited American Depository Shares,$15.75,0.04,0.255%,141592500.00,China,2004,84422,Finance,Finance: Consumer Services
NCV,Virtus Convertible & Income Fund Common Shares of Beneficial Interest,$3.505,0.005,0.143%,316759359.00,United States,2003,240754,Finance,Finance Companies
NCV^A,Virtus Convertible & Income Fund 5.625% Series A Cumulative Preferred Shares,$20.90,-0.07,-0.334%,,United States,,8032,,
NCZ,Virtus Convertible & Income Fund II Common Shares of Beneficial Interest,$3.15,0.00,0.00%,239764609.00,United States,2003,228304,Finance,Finance Companies
NCZ^A,Virtus Convertible & Income Fund II 5.50% Series A Cumulative Preferred Shares,$20.0401,0.0601,0.301%,,United States,,23485,,
NDAQ,Nasdaq Inc. Common Stock,$77.50,-0.92,-1.173%,44543714310.00,United States,,515667,Finance,Investment Bankers/Brokers/Service
NDLS,Noodles & Company Class A Common Stock,$0.625,0.014,2.291%,28549226.00,United States,2013,138282,Consumer Discretionary,Restaurants
NDMO,Nuveen Dynamic Municipal Opportunities Fund Common Shares of Beneficial Interest,$10.0172,0.0272,0.272%,595675142.00,,2020,401518,Finance,Trusts Except Educational Religious and Charitable
NDRA,ENDRA Life Sciences Inc. Common Stock,$7.07,0.77,12.222%,3795940.00,United States,2017,43641,Health Care,Biotechnology: Electromedical & Electrotherapeutic Apparatus
NDSN,Nordson Corporation Common Stock,$209.39,-1.88,-0.89%,11938585684.00,United States,,118413,Industrials,Industrial Machinery/Components
NE,Noble Corporation plc A Ordinary Shares,$30.725,1.075,3.626%,4927379434.00,United States,2022,982661,Energy,Oil & Gas Production
NEA,Nuveen AMT-Free Quality Municipal Income Fund Common Shares of Beneficial Interest Par Value $.01,$11.201,0.081,0.728%,0.00,United States,2002,1714712,Finance,Finance/Investors Services
NECB,NorthEast Community Bancorp Inc. Common Stock,$24.38,-0.39,-1.574%,341822277.00,United States,2021,146452,Finance,Banks
NEE,NextEra Energy Inc. Common Stock,$71.34,-0.77,-1.068%,146703899884.00,United States,,2419467,Technology,EDP Services
NEE^N,NextEra Energy Inc. Series N Junior Subordinated Debentures due March 1 2079,$23.27,-0.12,-0.513%,,United States,,93946,,
NEE^R,NextEra Energy Inc. 6.926% Corporate Units,$40.92,-0.40,-0.968%,,United States,,40809,,
NEE^S,NextEra Energy Inc. 7.299% Corporate Units,$48.64,-0.37,-0.755%,,United States,,55949,,
NEE^T,NextEra Energy Inc. 7.234% Corporate Units,$45.69,-0.38,-0.825%,,United States,,677224,,
NEGG,Newegg Commerce Inc. Common Shares,$0.4261,-0.0183,-4.118%,162094191.00,China,2010,881284,Consumer Discretionary,Other Specialty Stores
NEHC,New Era Helium Inc Common Stock,$4.3999,0.5899,15.483%,21644415.00,United States,,362030,Energy,Oil & Gas Production
NEHCW,New Era Helium Inc Warrants,$0.37,0.0606,19.586%,1820140.00,United States,,263421,Energy,Oil & Gas Production
NEM,Newmont Corporation,$37.195,-0.645,-1.705%,42344665566.00,United States,,3763488,Basic Materials,Precious Metals
NEN,New England Realty Associates Limited Partnership Class A Depositary Receipts Evidencing Units of Limited Partnership,$82.70,5.50,7.124%,9554496.00,United States,,167,Real Estate,Building operators
NEO,NeoGenomics Inc. Common Stock,$16.73,-0.10,-0.594%,2147477372.00,United States,,86379,Health Care,Precision Instruments
NEOG,Neogen Corporation Common Stock,$12.37,-0.06,-0.483%,2680555967.00,United States,1989,771258,Health Care,Biotechnology: In Vitro & In Vivo Diagnostic Substances
NEON,Neonode Inc. Common Stock,$8.43,0.17,2.058%,141480032.00,Sweden,,64347,Technology,Industrial Machinery/Components
NEOV,NeoVolta Inc. Common Stock,$5.22,-0.23,-4.22%,174148131.00,United States,,113863,Miscellaneous,Industrial Machinery/Components
NEOVW,NeoVolta Inc. Warrant,$2.14,0.005,0.234%,71394062.00,United States,,522,Miscellaneous,Industrial Machinery/Components
NEP,NextEra Energy Partners LP Common Units representing limited partner interests,$17.387,0.007,0.04%,1626278718.00,United States,2014,1045564,Utilities,Electric Utilities: Central
NEPH,Nephros Inc. Common Stock,$1.4797,-0.0103,-0.691%,15602290.00,United States,,2135,Health Care,Medical/Dental Instruments
NERV,Minerva Neurosciences Inc Common Stock,$2.21,-0.05,-2.212%,15455427.00,United States,2014,28273,Health Care,Biotechnology: Pharmaceutical Preparations
NESR,National Energy Services Reunited Corp Ordinary Shares,$8.815,0.165,1.908%,841025513.00,United States,,21917,Energy,Oilfield Services/Equipment
NESRW,National Energy Services Reunited Corp Warrants,$0.40,0.00,0.00%,38163381.00,United States,,209,Energy,Oilfield Services/Equipment
NET,Cloudflare Inc. Class A Common Stock,$109.23,-1.38,-1.248%,37487071445.00,United States,2019,663275,Technology,Computer Software: Prepackaged Software
NETD,Nabors Energy Transition Corp. II Class A Ordinary Shares,$10.78,-0.01,-0.093%,0.00,United States,2023,20013,,
NETDU,Nabors Energy Transition Corp. II Unit,$10.95,0.00,0.00%,0.00,United States,2023,4,,
NETDW,Nabors Energy Transition Corp. II Warrant,$0.15,0.00,0.00%,0.00,United States,2023,110,,
NEU,NewMarket Corp Common Stock,$532.63,0.69,0.13%,5110590709.00,United States,,15279,Industrials,Major Chemicals
NEUE,NeueHealth Inc. Common Stock,$7.40,0.03,0.407%,61307431.00,United States,2021,51495,Health Care,Medical Specialities
NEUP,Neuphoria Therapeutics Inc. Common Stock,$4.115,0.085,2.109%,14463907585.00,United States,2021,111134,,
NEWP,New Pacific Metals Corp. Common Shares,$1.18,-0.03,-2.479%,202092249.00,Canada,2021,330660,Basic Materials,Precious Metals
NEWT,NewtekOne Inc. Common Stock,$12.98,-0.03,-0.231%,341439627.00,United States,,50022,Finance,Major Banks
NEWTG,NewtekOne Inc. 8.50% Fixed Rate Senior Notes due 2029,$25.28,-0.02,-0.079%,0.00,United States,,4004,,
NEWTH,NewtekOne Inc. 8.625% Fixed Rate Senior Notes due 2029,$25.90,0.02,0.077%,0.00,United States,,2125,Finance,Major Banks
NEWTI,NewtekOne Inc. 8.00% Fixed Rate Senior Notes due 2028,$25.29,0.00,0.00%,665254866.00,United States,,158,Finance,Major Banks
NEWTZ,NewtekOne Inc. 5.50% Notes Due 2026,$24.80,0.1559,0.633%,643908341.00,United States,,2041,Finance,Major Banks
NEXA,Nexa Resources S.A. Common Shares,$8.94,0.19,2.171%,1184001182.00,Luxembourg,2017,33516,Basic Materials,Metal Mining
NEXN,Nexxen International Ltd. American Depository Shares,$10.15,0.17,1.703%,686349821.00,Israel,2021,48981,Technology,Computer Software: Programming Data Processing
NEXT,NextDecade Corporation Common Stock,$6.95,0.00,0.00%,1809023743.00,United States,2015,934845,Utilities,Oil & Gas Production
NFBK,Northfield Bancorp Inc. Common Stock (Delaware),$11.62,-0.08,-0.684%,498545421.00,United States,2007,36951,Finance,Savings Institutions
NFE,New Fortress Energy Inc. Class A Common Stock,$14.7246,0.2746,1.90%,3702048654.00,United States,2019,2752208,Utilities,Oil/Gas Transmission
NFG,National Fuel Gas Company Common Stock,$61.225,0.865,1.433%,5560626542.00,United States,,148798,Utilities,Oil/Gas Transmission
NFGC,New Found Gold Corp Common Shares,$1.715,-0.035,-2.00%,341007875.00,,2021,254332,Basic Materials,Precious Metals
NFJ,Virtus Dividend Interest & Premium Strategy Fund Common Shares of Beneficial Interest,$12.64,-0.07,-0.551%,0.00,United States,2005,501242,Finance,Finance: Consumer Services
NFLX,Netflix Inc. Common Stock,$904.64,-2.91,-0.321%,386695708249.00,United States,2002,1349732,Consumer Discretionary,Consumer Electronics/Video Chains
NG,Novagold Resources Inc.,$3.275,-0.045,-1.355%,1095260585.00,Canada,2003,824970,Basic Materials,Precious Metals
NGD,New Gold Inc.,$2.47,-0.02,-0.803%,1952782000.00,Canada,,3918948,Basic Materials,Metal Mining
NGG,National Grid Transco PLC National Grid PLC (NEW) American Depositary Shares,$59.25,-0.06,-0.101%,57900639552.00,United Kingdom,,361921,Utilities,Natural Gas Distribution
NGL,NGL ENERGY PARTNERS LP Common Units representing Limited Partner Interests,$4.745,0.005,0.105%,626400575.00,United States,2011,106439,Utilities,Natural Gas Distribution
NGL^B,NGL ENERGY PARTNERS LP 9.00% Class B Fixed-to-Floating Rate Cumulative Redeemable Perpetual Preferred Units representing limited partnership interests,$23.88,0.20,0.845%,,United States,,10292,,
NGL^C,NGL ENERGY PARTNERS LP 9.625% Class C Fixed-to-Floating Rate Cumulative  Redeemable Perpetual Preferred Units representing  limited partner interests,$23.9185,0.0289,0.121%,,United States,,1845,,
NGNE,Neurogene Inc. Common Stock ,$22.13,-0.84,-3.657%,328735064.00,Canada,2014,125750,Health Care,Biotechnology: Pharmaceutical Preparations
NGS,Natural Gas Services Group Inc. Common Stock,$27.205,1.735,6.812%,339355714.00,United States,2002,70397,Energy,Oilfield Services/Equipment
NGVC,Natural Grocers by Vitamin Cottage Inc. Common Stock,$39.24,-0.04,-0.102%,898823474.00,United States,2012,22384,Consumer Staples,Food Chains
NGVT,Ingevity Corporation Common Stock ,$40.17,-0.43,-1.059%,1460143668.00,United States,2016,43767,Industrials,Major Chemicals
NHC,National HealthCare Corporation Common Stock,$108.905,-0.715,-0.652%,1681609728.00,United States,1986,19587,Health Care,Hospital/Nursing Management
NHI,National Health Investors Inc. Common Stock,$68.70,-0.13,-0.189%,3120495797.00,United States,,44187,Real Estate,Real Estate Investment Trusts
NHS,Neuberger Berman High Yield Strategies Fund,$7.625,0.015,0.197%,0.00,United States,,84776,Finance,Trusts Except Educational Religious and Charitable
NHTC,Natural Health Trends Corp. Common Stock,$4.5569,0.0669,1.49%,52463931.00,United States,,11633,Consumer Discretionary,Consumer Specialties
NI,NiSource Inc Common Stock,$36.635,-0.125,-0.34%,17100446577.00,United States,,633604,Utilities,Power Generation
NIC,Nicolet Bankshares Inc. Common Stock,$105.145,0.535,0.511%,1599431463.00,United States,2022,6630,Finance,Major Banks
NICE,NICE Ltd American Depositary Shares,$171.005,-2.445,-1.41%,10751198752.00,Israel,,87160,Technology,Computer Software: Prepackaged Software
NIE,Virtus Equity & Convertible Income Fund Common Shares of Beneficial Interest,$24.70,0.16,0.652%,684411436.00,United States,2007,121283,Finance,Investment Managers
NIM,Nuveen Select Maturities Municipal Fund Common Stock,$8.61,-0.04,-0.462%,0.00,United States,1992,144627,Finance,Trusts Except Educational Religious and Charitable
NINE,Nine Energy Service Inc. Common Stock,$0.9913,-0.0287,-2.814%,41995240.00,United States,2018,729148,Energy,Oilfield Services/Equipment
NIO,NIO Inc. American depositary shares each  representing one Class A ordinary share,$4.415,-0.065,-1.451%,9214851250.00,United States,2018,23091388,Consumer Discretionary,Auto Manufacturing
NIOBW,NioCorp Developments Ltd. Warrant,$0.101,0.001,1.00%,3826890.00,United States,,53135,Basic Materials,Metal Mining
NIPG,NIP Group Inc. American Depositary Shares,$6.70,-0.01,-0.149%,375572882.00,Sweden,2024,18343,Consumer Discretionary,Services-Misc. Amusement & Recreation
NISN,NiSun International Enterprise Development Group Co. Ltd. Class A Common Shares,$6.85,0.61,9.776%,27520533.00,China,2016,117492,Industrials,Metal Fabrications
NITO,N2OFF Inc. Common Stock,$0.2744,0.0245,9.804%,3130420.00,Israel,,3149872,Industrials,Agricultural Chemicals
NIU,Niu Technologies American Depositary Shares,$1.805,-0.085,-4.497%,139993120.00,China,2018,151422,Consumer Discretionary,Auto Manufacturing
NIVF,NewGenIvf Group Limited Class A Ordinary Shares,$0.41,-0.018,-4.206%,4161248.00,Singapore,,3575815,Health Care,Misc Health and Biotechnology Services
NIVFW,NewGenIvf Group Limited Warrants,$0.0451,0.0002,0.445%,457737.00,Singapore,,55840,Health Care,Misc Health and Biotechnology Services
NIXX,Nixxy Inc. Common Stock,$4.56,0.225,5.19%,59419814.00,United States,,107504,Technology,EDP Services
NIXXW,Nixxy Inc. Warrant,$0.0152,-0.0027,-15.084%,198066.00,United States,,11650,Technology,EDP Services
NJR,NewJersey Resources Corporation Common Stock,$46.5036,-0.0164,-0.035%,4639621528.00,United States,,92186,Utilities,Oil/Gas Transmission
NKE,Nike Inc. Common Stock,$75.1985,-1.2215,-1.598%,111932646604.00,United States,,4573576,Consumer Discretionary,Shoe Manufacturing
NKGN,NKGen Biotech Inc. Common Stock,$0.68,-0.0333,-4.668%,24046416.00,United States,,340393,Health Care,Biotechnology: Biological Products (No Diagnostic Substances)
NKGNW,NKGen Biotech Inc. Warrants,$0.1178,0.0178,17.80%,4165688.00,United States,,14792,Health Care,Biotechnology: Biological Products (No Diagnostic Substances)
NKLA,Nikola Corporation Common Stock,$1.125,-0.025,-2.174%,68475437.00,United States,2018,4326043,Consumer Discretionary,Auto Manufacturing
NKSH,National Bankshares Inc. Common Stock,$28.50,0.08,0.281%,181287731.00,United States,,15710,Finance,Major Banks
NKTR,Nektar Therapeutics  Common Stock,$0.9465,-0.0027,-0.284%,174589766.00,United States,,298556,Health Care,Biotechnology: Pharmaceutical Preparations
NKTX,Nkarta Inc. Common Stock,$2.325,-0.085,-3.527%,164072353.00,United States,2020,528601,Health Care,Biotechnology: Pharmaceutical Preparations
NKX,Nuveen California AMT-Free Quality Municipal Income Fund,$12.40,-0.16,-1.274%,0.00,United States,2002,107114,Finance,Finance/Investors Services
NL,NL Industries Inc. Common Stock,$7.745,-0.235,-2.945%,378325700.00,United States,,22995,Industrials,Major Chemicals
NLOP,Net Lease Office Properties Common Shares of Beneficial Interest,$30.72,-0.09,-0.292%,454195630.00,United States,2023,26972,Real Estate,Real Estate Investment Trusts
NLSP,NLS Pharmaceutics Ltd. Ordinary Shares,$2.80,0.98,53.846%,3281460.00,Switzerland,2021,20336108,Health Care,Biotechnology: Pharmaceutical Preparations
NLSPW,NLS Pharmaceutics Ltd. Warrant,$0.021,0.0096,84.211%,24611.00,Switzerland,2021,423696,Health Care,Biotechnology: Pharmaceutical Preparations
NLY,Annaly Capital Management Inc. Common Stock,$18.765,-0.175,-0.924%,10518685997.00,United States,,4602238,Real Estate,Real Estate Investment Trusts
NLY^F,Annaly Capital Management Inc 6.95% Series F,$25.49,0.02,0.079%,,United States,,31462,,
NLY^G,Annaly Capital Management Inc 6.50% Series G Fixed-to-Floating Rate Cumulative Redeemable Preferred Stock,$25.151,0.051,0.203%,,United States,,16986,,
NLY^I,Annaly Capital Management Inc 6.750% Series I Fixed-to-Floating Rate Cumulative Redeemable Preferred Stock,$25.48,0.00,0.00%,,United States,,24507,,
NMAI,Nuveen Multi-Asset Income Fund Common Shares of Beneficial Interest,$12.125,0.075,0.622%,0.00,United States,2021,261110,Finance,Investment Managers
NMCO,Nuveen Municipal Credit Opportunities Fund Common Shares,$10.57,0.05,0.475%,578934480.00,,2019,413399,Finance,Finance/Investors Services
NMFC,New Mountain Finance Corporation Common Stock,$11.335,0.125,1.115%,1222495789.00,United States,,461625,Finance,Finance/Investors Services
NMFCZ,New Mountain Finance Corporation 8.250% Notes due 2028,$25.86,0.14,0.544%,2789037592.00,United States,,702,,
NMG,Nouveau Monde Graphite Inc. Common Shares,$1.60,0.00,0.00%,180085842.00,,,203146,Basic Materials,Other Metals and Minerals
NMHI,Nature's Miracle Holding Inc. Common Stock,$2.1045,0.0545,2.659%,4101698.00,United States,,129995,Industrials,Industrial Machinery/Components
NMHIW,Nature's Miracle Holding Inc. Warrants,$0.0172,-0.0013,-7.027%,33523.00,United States,,20961,Industrials,Industrial Machinery/Components
NMI,Nuveen Municipal Income Fund Inc. Common Stock,$9.44,0.01,0.106%,0.00,United States,1988,45578,Finance,Trusts Except Educational Religious and Charitable
NMIH,NMI Holdings Inc. Common Stock,$37.00,0.28,0.763%,2927884074.00,United States,2013,91363,Finance,Property-Casualty Insurers
NML,Neuberger Berman Energy Infrastructure and Income Fund Inc. Common Stock,$8.78,0.18,2.093%,0.00,United States,2013,179787,Finance,Finance/Investors Services
NMM,Navios Maritime Partners LP Common Units Representing Limited Partner Interests,$43.125,-0.745,-1.698%,1301701733.00,Greece,2007,81165,Consumer Discretionary,Marine Transportation
NMR,Nomura Holdings Inc ADR American Depositary Shares,$5.82,-0.04,-0.683%,17289795031.00,Japan,,378790,Finance,Investment Bankers/Brokers/Service
NMRA,Neumora Therapeutics Inc. Common Stock,$11.17,-0.16,-1.412%,1804637085.00,United States,2023,291755,Health Care,Biotechnology: Biological Products (No Diagnostic Substances)
NMRK,Newmark Group Inc. Class A Common Stock,$12.925,0.095,0.74%,2211148576.00,United States,2017,267700,Finance,Real Estate
NMS,Nuveen Minnesota Quality Municipal Income Fund ,$12.315,0.045,0.367%,0.00,United States,2014,3440,Finance,Finance Companies
NMT,Nuveen Massachusetts Quality Municipal Income Fund Common Stock,$11.348,0.048,0.425%,0.00,United States,,52624,Finance,Finance/Investors Services
NMTC,NeuroOne Medical Technologies Corporation Common Stock,$0.78,-0.0378,-4.622%,24056627.00,United States,,40549,Health Care,Medical/Dental Instruments
NMZ,Nuveen Municipal High Income Opportunity Fund Common Stock $0.01 par value per share,$10.70,-0.04,-0.372%,0.00,United States,2003,472107,Finance,Finance/Investors Services
NN,NextNav Inc. Common Stock,$16.78,0.04,0.239%,2162351210.00,United States,,407362,Industrials,Industrial Machinery/Components
NNAVW,NextNav Inc. Warrant,$6.30,-0.19,-2.928%,811848190.00,United States,,58060,Industrials,Industrial Machinery/Components
NNBR,NN Inc. Common Stock,$3.45,0.07,2.071%,172314863.00,United States,1994,86691,Industrials,Industrial Machinery/Components
NNDM,Nano Dimension Ltd. American Depositary Shares,$2.55,-0.02,-0.778%,559056454.00,Israel,,1214087,Technology,Electrical Products
NNE,Nano Nuclear Energy Inc. Common Stock,$25.1384,-1.7816,-6.618%,757361244.00,United States,2024,2321779,Utilities,Electric Utilities: Central
NNI,Nelnet Inc. Common Stock,$105.83,-0.36,-0.339%,3840373221.00,United States,2003,11551,Finance,Finance: Consumer Services
NNN,NNN REIT Inc. Common Stock,$40.135,-0.375,-0.926%,7526363676.00,United States,,279186,Real Estate,Real Estate Investment Trusts
NNOX,NANO-X IMAGING LTD Ordinary Shares,$7.40,-0.19,-2.503%,427561847.00,Israel,2020,1474711,Health Care,Medical Electronics
NNVC,NanoViricides Inc. Common Stock,$1.5091,0.0091,0.607%,21651058.00,United States,,576646,Health Care,Biotechnology: Pharmaceutical Preparations
NNY,Nuveen New York Municipal Value Fund Common Stock,$8.0057,0.0257,0.322%,0.00,United States,1988,98431,Finance,Investment Managers
NOA,North American Construction Group Ltd. Common Shares (no par),$21.50,0.34,1.607%,598286563.00,Canada,2006,10462,Energy,Oilfield Services/Equipment
NOAH,Noah Holdings Limited American Depositary Shares,$11.695,0.115,0.993%,767273070.00,China,2010,84827,Finance,Investment Managers
NOC,Northrop Grumman Corporation Common Stock,$468.00,-3.35,-0.711%,68185420056.00,United States,,186780,Industrials,Industrial Machinery/Components
NODK,NI Holdings Inc. Common Stock,$15.79,0.11,0.702%,326042057.00,United States,2017,4040,Finance,Property-Casualty Insurers
NOEMU,CO2 Energy Transition Corp. Unit,$10.03,0.00,0.00%,0.00,United States,2024,1676,,
NOG,Northern Oil and Gas Inc. Common Stock,$36.79,0.75,2.081%,3672567784.00,United States,2022,480687,Energy,Oil & Gas Production
NOK,Nokia Corporation Sponsored American Depositary Shares,$4.43,-0.05,-1.116%,24867790186.00,Finland,1994,5679554,Technology,Radio And Television Broadcasting And Communications Equipment
NOM,Nuveen Missouri Quality Municipal Income Fund ,$11.3497,-0.0503,-0.441%,0.00,United States,1993,1010,Finance,Investment Managers
NOMD,Nomad Foods Limited Ordinary Shares,$16.62,0.06,0.362%,2711837767.00,United Kingdom,2016,154829,Consumer Staples,Packaged Foods
NOTE,FiscalNote Holdings Inc. Class A common stock,$1.175,0.035,3.07%,165929012.00,United States,2022,3553890,Consumer Discretionary,Business Services
NOTV,Inotiv Inc. Common Stock,$4.291,-0.454,-9.568%,111630919.00,United States,,616429,Health Care,Biotechnology: Commercial Physical & Biological Resarch
NOV,NOV Inc. Common Stock,$14.655,0.185,1.279%,5702028365.00,United States,,1482064,Industrials,Metal Fabrications
NOVA,Sunnova Energy International Inc. Common Stock,$3.46,-0.03,-0.86%,432336183.00,United States,2019,3397683,Utilities,Power Generation
NOVT,Novanta Inc. Common Stock,$152.8993,-1.8407,-1.19%,5492345906.00,United States,,26751,Miscellaneous,Industrial Machinery/Components
NOW,ServiceNow Inc. Common Stock,$1070.8078,-10.6522,-0.985%,220586406800.00,United States,2012,272756,Technology,Computer Software: Prepackaged Software
NPCE,Neuropace Inc. Common Stock,$10.67,0.00,0.00%,318479238.00,United States,2021,24832,Health Care,Medical/Dental Instruments
NPCT,Nuveen Core Plus Impact Fund Common Shares of Beneficial Interest,$10.52,0.04,0.382%,0.00,United States,2021,138212,Finance,Investment Managers
NPFD,Nuveen Variable Rate Preferred & Income Fund Common Shares,$18.34,-0.07,-0.38%,0.00,United States,2021,96947,Finance,Trusts Except Educational Religious and Charitable
NPK,National Presto Industries Inc. Common Stock,$97.35,0.15,0.154%,691219462.00,United States,,16181,Industrials,Ordnance And Accessories
NPKI,NPK International Inc. Common Stock,$7.47,0.12,1.633%,646134816.00,United States,,97585,Industrials,Metal Fabrications
NPO,Enpro Inc. Common Stock,$173.20,-0.34,-0.196%,3666486042.00,United States,,24290,Industrials,Metal Fabrications
NPV,Nuveen Virginia Quality Municipal Income Fund Common Stock,$12.80,-0.06,-0.467%,0.00,United States,1993,39351,Finance,Investment Managers
NPWR,NET Power Inc. Class A Common Stock,$10.75,0.42,4.066%,2315757464.00,United States,2021,998113,Energy,Industrial Machinery/Components
NQP,Nuveen Pennsylvania Quality Municipal Income Fund Common Stock,$11.17,0.05,0.45%,0.00,United States,1991,227164,Finance,Trusts Except Educational Religious and Charitable
NRC,National Research Corporation Common Stock (Delaware),$17.4186,-0.0114,-0.065%,408919750.00,United States,,28266,Health Care,Biotechnology: Commercial Physical & Biological Resarch
NRDS,NerdWallet Inc. Class A Common Stock,$13.385,0.215,1.632%,982979235.00,United States,2021,294142,Technology,EDP Services
NRDY,Nerdy Inc. Class A Common Stock,$1.655,-0.025,-1.488%,298525036.00,United States,2020,749576,Real Estate,Other Consumer Services
NREF,NexPoint Real Estate Finance Inc. Common Stock,$15.10,-0.22,-1.436%,263663048.00,United States,2020,51876,Real Estate,Real Estate Investment Trusts
NREF^A,NexPoint Real Estate Finance Inc. 8.50% Series A Cumulative Redeemable Preferred Stock,$23.01,0.025,0.109%,,United States,,297,,
NRG,NRG Energy Inc. Common Stock,$91.85,-0.10,-0.109%,18605721360.00,United States,,667903,Utilities,Electric Utilities: Central
NRGV,Energy Vault Holdings Inc. Common Stock,$2.485,0.235,10.444%,378017276.00,United States,2021,2897589,Miscellaneous,Industrial Machinery/Components
NRIM,Northrim BanCorp Inc Common Stock,$77.85,0.79,1.025%,428326263.00,United States,,56321,Finance,Savings Institutions
NRIX,Nurix Therapeutics Inc. Common stock,$18.88,-0.23,-1.204%,1337389004.00,United States,2020,156710,Health Care,Biotechnology: Pharmaceutical Preparations
NRK,Nuveen New York AMT-Free Quality Municipal Income Fund ,$10.3709,0.0009,0.009%,0.00,United States,2002,447178,Finance,Trusts Except Educational Religious and Charitable
NRO,Neuberger Berman Real Estate Securities Income Fund Inc.,$3.435,-0.015,-0.435%,0.00,United States,2003,117790,Finance,Finance/Investors Services
NRP,Natural Resource Partners LP Limited Partnership,$107.975,1.885,1.777%,1408979056.00,United States,2002,12261,Energy,Coal Mining
NRSN,NeuroSense Therapeutics Ltd. Ordinary Shares,$1.24,-0.04,-3.125%,24142800.00,Israel,2021,269243,Health Care,Biotechnology: Pharmaceutical Preparations
NRSNW,NeuroSense Therapeutics Ltd. Warrant,$0.4399,0.00,0.00%,8564853.00,Israel,2021,1581,Health Care,Biotechnology: Pharmaceutical Preparations
NRT,North European Oil Royality Trust Common Stock,$3.95,0.04,1.023%,36302831.00,United States,,69004,Energy,Oil & Gas Production
NRUC,National Rural Utilities Cooperative Finance Corporation 5.500% Subordinated Notes due 2064 (Subordinated Deferrable Interest Notes),$22.89,-0.04,-0.174%,0.00,United States,2019,29249,Finance,Diversified Financial Services
NRXP,NRX Pharmaceuticals Inc. Common Stock,$1.49,-0.02,-1.325%,18020200.00,United States,2017,905513,Health Care,Biotechnology: Pharmaceutical Preparations
NRXPW,NRX Pharmaceuticals Inc. Warrant,$0.0815,0.0115,16.429%,985669.00,United States,2017,2196,Health Care,Biotechnology: Pharmaceutical Preparations
NRXS,Neuraxis Inc. Common Stock,$2.41,-0.02,-0.823%,16822347.00,,2023,22698,Health Care,Biotechnology: Electromedical & Electrotherapeutic Apparatus
NSA,National Storage Affiliates Trust Common Shares of Beneficial Interest,$37.17,-0.52,-1.38%,2834002638.00,United States,2015,177673,Real Estate,Real Estate Investment Trusts
NSA^A,National Storage Affiliates Trust 6.000% Series A Cumulative Redeemable Preferred Shares of Beneficial Interest (Liquidation Preference $25.00 per share),$21.94,-0.16,-0.724%,,United States,,7417,,
NSA^B,National Storage Affiliates Trust 6.000% Series B Cumulative Redeemable Preferred Shares of Beneficial Interest,$21.30,-0.03,-0.141%,,United States,,2057,,
NSC,Norfolk Southern Corporation Common Stock,$234.14,-1.11,-0.472%,52971754461.00,United States,,177422,Industrials,Railroads
NSIT,Insight Enterprises Inc. Common Stock,$151.3713,-0.7187,-0.473%,4807837672.00,United States,1995,81228,Consumer Discretionary,Catalog/Specialty Distribution
NSP,Insperity Inc. Common Stock,$77.44,0.62,0.807%,2894954156.00,United States,,126463,Consumer Discretionary,Professional Services
NSPR,InspireMD Inc. Common Stock,$2.6428,-0.0472,-1.755%,68934169.00,Israel,,23729,Health Care,Medical/Dental Instruments
NSSC,NAPCO Security Technologies Inc. Common Stock,$35.23,-0.27,-0.761%,1292379716.00,United States,,73296,Telecommunications,Telecommunications Equipment
NSTS,NSTS Bancorp Inc. Common Stock,$11.7504,-0.0396,-0.336%,61808796.00,United States,2022,267,Finance,Savings Institutions
NSYS,Nortech Systems Incorporated Common Stock,$10.998,0.498,4.743%,30318780.00,United States,,3649,Technology,Industrial Machinery/Components
NTAP,NetApp Inc. Common Stock,$116.41,-0.55,-0.47%,23666900818.00,United States,1995,401079,Technology,Electronic Components
NTB,Bank of N.T. Butterfield & Son Limited (The) Voting Ordinary Shares,$36.75,-0.09,-0.244%,1746692404.00,Bermuda,2016,27582,Finance,Commercial Banks
NTCL,NETCLASS TECHNOLOGY INC Class A Ordinary Shares,$5.80,0.40,7.407%,101848000.00,China,2024,20192,Technology,Computer Software: Prepackaged Software
NTCT,NetScout Systems Inc. Common Stock,$21.5668,-0.0832,-0.384%,1546712515.00,United States,1999,40064,Technology,EDP Services
NTES,NetEase Inc. American Depositary Shares,$89.36,-2.12,-2.317%,57383116278.00,China,,324574,Technology,Computer Software: Prepackaged Software
NTGR,NETGEAR Inc. Common Stock,$28.03,-0.11,-0.391%,806416485.00,United States,2003,152554,Utilities,Telecommunications Equipment
NTIC,Northern Technologies International Corporation Common Stock,$12.64,-0.38,-2.919%,119707208.00,United States,,17837,Industrials,Industrial Specialties
NTIP,Network-1 Technologies Inc. Common Stock,$1.35,-0.05,-3.571%,31099325.00,United States,,14809,Miscellaneous,Multi-Sector Companies
NTLA,Intellia Therapeutics Inc. Common Stock,$11.54,-0.43,-3.592%,1175332521.00,United States,2016,1233161,Health Care,Biotechnology: In Vitro & In Vivo Diagnostic Substances
NTNX,Nutanix Inc. Class A Common Stock,$62.25,-0.28,-0.448%,16678533314.00,United States,2016,932719,Technology,Computer Software: Prepackaged Software
NTR,Nutrien Ltd. Common Shares,$44.40,0.09,0.203%,21967217726.00,Canada,2004,738772,Industrials,Agricultural Chemicals
NTRA,Natera Inc. Common Stock,$160.24,-0.02,-0.012%,21155015556.00,United States,2015,303921,Health Care,Medical Specialities
NTRB,Nutriband Inc. Common Stock,$3.8501,0.0001,0.003%,42759923.00,United States,,14641,Health Care,Industrial Specialties
NTRP,NextTrip Inc. Common Stock,$5.70,0.34,6.343%,8102134.00,United States,,9038,Consumer Discretionary,Miscellaneous manufacturing industries
NTRS,Northern Trust Corporation Common Stock,$103.14,-0.69,-0.665%,20444254337.00,United States,,223371,Finance,Major Banks
NTRSO,Northern Trust Corporation Depositary Shares Each Representing a 1/1000th Interest in a Share of Series E Non-Cumulative Perpetual Preferred Stock,$19.74,0.10,0.509%,3912832854.00,United States,,32360,Finance,Major Banks
NTST,NetSTREIT Corp. Common Stock,$13.86,-0.09,-0.645%,1130753090.00,United States,2020,137986,Real Estate,Real Estate Investment Trusts
NTWK,NetSol Technologies Inc. Common  Stock,$2.6601,0.0501,1.92%,30524225.00,United States,,29321,Technology,Computer Software: Prepackaged Software
NTWO,Newbury Street II Acquisition Corp Class A Ordinary Shares,$9.90,0.00,0.00%,0.00,United States,2024,125009,,
NTWOU,Newbury Street II Acquisition Corp Unit,$10.00,0.01,0.10%,0.00,United States,2024,2103,,
NTWOW,Newbury Street II Acquisition Corp Warrant,$0.16,0.16,,0.00,United States,2024,2881,,
NTZ,Natuzzi S.p.A.,$4.2794,-0.1606,-3.617%,47135918.00,Italy,1993,2879,Consumer Discretionary,Home Furnishings
NU,Nu Holdings Ltd. Class A Ordinary Shares,$10.745,0.415,4.017%,51209994720.00,Cayman Islands,2021,19812325,Finance,Finance: Consumer Services
NUE,Nucor Corporation Common Stock,$116.49,-0.79,-0.674%,27353356585.00,United States,,515761,Industrials,Steel/Iron Ore
NUKK,Nukkleus Inc. Common Stock,$39.3962,1.6962,4.499%,82692466.00,China,2020,514437,Consumer Discretionary,Professional Services
NUKKW,Nukkleus Inc. Warrants,$0.2247,0.0046,2.09%,471644.00,China,2020,355550,Consumer Discretionary,Professional Services
NURO,NeuroMetrix Inc. Common Stock,$3.92,-0.02,-0.508%,8007341.00,United States,2004,6188,Health Care,Medical/Dental Instruments
NUS,Nu Skin Enterprises Inc. Common Stock,$6.63,-0.13,-1.923%,329584063.00,United States,1996,205705,Health Care,Other Pharmaceuticals
NUTX,Nutex Health Inc. Common Stock,$30.79,-1.06,-3.328%,167405322.00,United States,,11763,Consumer Discretionary,Business Services
NUV,Nuveen Municipal Value Fund Inc. Common Stock,$8.55,0.02,0.234%,0.00,United States,1987,1625997,Finance,Trusts Except Educational Religious and Charitable
NUVB,Nuvation Bio Inc. Class A Common Stock,$2.675,-0.085,-3.08%,900315454.00,United States,2020,529715,Health Care,Biotechnology: Pharmaceutical Preparations
NUVL,Nuvalent Inc. Class A Common Stock,$78.04,-2.26,-2.814%,5544941704.00,United States,2021,320719,Health Care,Biotechnology: Pharmaceutical Preparations
NUW,Nuveen AMT-Free Municipal Value Fund,$13.53,0.04,0.297%,0.00,United States,2009,49564,Finance,Investment Managers
NUWE,Nuwellis Inc. Common Stock,$1.1295,-0.0405,-3.462%,4940397.00,United States,,129695,Health Care,Biotechnology: Electromedical & Electrotherapeutic Apparatus
NVA,Nova Minerals Limited American Depositary Shares,$14.1813,-0.8087,-5.395%,64273637.00,Australia,2024,26155,Basic Materials,Precious Metals
NVAWW,Nova Minerals Limited Warrant,$6.95,0.45,6.923%,0.00,Australia,2024,4009,,
NVAX,Novavax Inc. Common Stock,$7.945,-0.335,-4.046%,1272669777.00,United States,,2361598,Health Care,Biotechnology: Biological Products (No Diagnostic Substances)
NVCR,NovoCure Limited Ordinary Shares,$30.43,-0.27,-0.879%,3292569637.00,Jersey,2015,234206,Health Care,Medical/Dental Instruments
NVCT,Nuvectis Pharma Inc. Common Stock,$5.09,-0.13,-2.49%,98343753.00,United States,2022,105011,Health Care,Biotechnology: Pharmaceutical Preparations
NVDA,NVIDIA Corporation Common Stock,$139.9977,2.9877,2.181%,3428543673000.00,United States,1999,107635401,Technology,Semiconductors
NVEC,NVE Corporation Common Stock,$82.15,-0.25,-0.303%,397114743.00,United States,,4177,Technology,Semiconductors
NVEE,NV5 Global Inc. Common Stock,$18.87,-0.07,-0.37%,1227854823.00,United States,2013,143099,Consumer Discretionary,Other Consumer Services
NVFY,Nova Lifestyle Inc. Common Stock,$0.5305,0.0004,0.075%,3825280.00,United States,,15719,Consumer Discretionary,Home Furnishings
NVG,Nuveen AMT-Free Municipal Credit Income Fund ,$12.1352,0.0252,0.208%,0.00,United States,2002,877464,Finance,Investment Managers
NVGS,Navigator Holdings Ltd. Ordinary Shares (Marshall Islands),$15.045,0.065,0.434%,1101423176.00,Isle of Man,2013,82331,Consumer Discretionary,Marine Transportation
NVMI,Nova Ltd. Ordinary Shares,$199.1141,-0.9359,-0.468%,5777064042.00,Israel,2000,38558,Technology,Electronic Components
NVNI,Nvni Group Limited Ordinary Shares,$3.37,-0.84,-19.952%,109525000.00,Cayman Islands,,433838,Technology,Computer Software: Prepackaged Software
NVNIW,Nvni Group Limited Warrants,$0.10,-0.01,-9.091%,3250000.00,Cayman Islands,,244358,Technology,Computer Software: Prepackaged Software
NVNO,enVVeno Medical Corporation Common Stock,$3.15,0.00,0.00%,55238400.00,United States,2018,83679,Health Care,Medical/Dental Instruments
NVO,Novo Nordisk A/S Common Stock,$86.30,-1.07,-1.225%,385090387986.00,Denmark,,3808402,Health Care,Biotechnology: Pharmaceutical Preparations
NVR,NVR Inc. Common Stock,$8207.50,-0.89,-0.011%,25146762270.00,United States,1998,7312,Consumer Discretionary,Homebuilding
NVRI,Enviri Corporation Common Stock,$7.58,0.00,0.00%,607424475.00,United States,,249182,Miscellaneous,Diversified Commercial Services
NVRO,Nevro Corp. Common Stock,$3.76,0.04,1.075%,140893299.00,United States,2014,134588,Health Care,Medical/Dental Instruments
NVS,Novartis AG Common Stock,$97.555,-0.835,-0.849%,199405735504.00,Switzerland,,524105,Health Care,Biotechnology: Pharmaceutical Preparations
NVST,Envista Holdings Corporation Common Stock,$19.055,-0.185,-0.962%,3279304829.00,United States,2019,599315,Health Care,Medical/Dental Instruments
NVT,nVent Electric plc Ordinary Shares ,$68.54,-0.49,-0.71%,11296473287.00,United Kingdom,2018,426082,Industrials,Industrial Machinery/Components
NVTS,Navitas Semiconductor Corporation Common Stock,$3.915,-0.115,-2.854%,731308298.00,United States,,3183404,Technology,Semiconductors
NVVE,Nuvve Holding Corp. Common Stock,$3.2558,-0.0442,-1.339%,2848659.00,China,2020,20147,Industrials,Electrical Products
NVVEW,Nuvve Holding Corp. Warrant,$0.0118,-0.002,-14.493%,10324.00,China,2020,61060,Industrials,Electrical Products
NVX,NOVONIX Limited American Depository Shares,$1.825,0.005,0.275%,222984641.00,Australia,,212393,Miscellaneous,Industrial Machinery/Components
NWBI,Northwest Bancshares Inc. Common Stock,$13.20,-0.05,-0.377%,1681676132.00,United States,2009,171284,Finance,Major Banks
NWE,NorthWestern Energy Group Inc. Common Stock,$53.275,0.275,0.519%,3266514911.00,United States,,106116,Utilities,Power Generation
NWFL,Norwood Financial Corp. Common Stock,$26.52,-0.23,-0.86%,214593343.00,United States,,2117,Finance,Major Banks
NWG,NatWest Group plc American Depositary Shares (each representing two (2) Ordinary Shares),$10.19,0.03,0.295%,40982410119.00,United Kingdom,2022,1299651,Finance,Commercial Banks
NWGL,Nature Wood Group Limited American Depositary Shares,$1.138,-0.042,-3.559%,18837502.00,China,2023,7542,Energy,
NWL,Newell Brands Inc. Common Stock,$10.06,-0.22,-2.14%,4184960000.00,United States,,1456073,Industrials,Plastic Products
NWN,Northwest Natural Holding Company Common Stock,$39.36,-0.12,-0.304%,1579597409.00,United States,,53297,Utilities,Oil/Gas Transmission
NWPX,Northwest Pipe Company Common Stock,$49.03,0.25,0.513%,486314400.00,United States,1995,31580,Industrials,Steel/Iron Ore
NWS,News Corporation Class B Common Stock,$30.4799,-0.3001,-0.975%,17333229644.00,United States,,200994,Consumer Discretionary,Newspapers/Magazines
NWSA,News Corporation Class A Common Stock,$27.57,-0.22,-0.792%,15678435339.00,United States,,623039,Consumer Discretionary,Newspapers/Magazines
NWTN,NWTN Inc. Class B Ordinary Shares,$1.0099,-0.0001,-0.01%,289018758.00,United Arab Emirates,,5196,Consumer Discretionary,Auto Manufacturing
NWTNW,NWTN Inc. Warrant,$0.038,0.004,11.765%,10875050.00,United Arab Emirates,,6634,Consumer Discretionary,Auto Manufacturing
NX,Quanex Building Products Corporation Common Stock,$24.34,-0.13,-0.531%,1150341746.00,United States,,89987,Industrials,Metal Fabrications
NXC,Nuveen California Select Tax-Free Income Portfolio Common Stock,$13.09,0.00,0.00%,83263958.00,United States,1992,18328,Finance,Investment Managers
NXDT,NexPoint Diversified Real Estate Trust Common Stock,$6.2203,-0.1497,-2.35%,260785344.00,United States,,65485,Real Estate,Real Estate Investment Trusts
NXDT^A,NexPoint Diversified Real Estate Trust 5.50% Series A Cumulative Preferred Shares ($25.00 liquidation preference per share),$15.92,0.19,1.208%,,United States,,2970,,
NXE,Nexgen Energy Ltd. Common Shares,$6.755,-0.075,-1.098%,3814518758.00,Canada,2017,4449445,Basic Materials,Other Metals and Minerals
NXG,NXG NextGen Infrastructure Income Fund Common Shares of Beneficial Interest,$44.71,0.72,1.637%,116322633.00,,2012,18776,,
NXGL,NexGel Inc Common Stock,$4.574,-0.126,-2.681%,31061014.00,United States,2021,60176,Health Care,Medical/Dental Instruments
NXGLW,NexGel Inc Warrant,$0.89,0.00,0.00%,6043792.00,United States,2021,84,Health Care,Medical/Dental Instruments
NXJ,Nuveen New Jersey Qualified Municipal Fund ,$11.95,0.01,0.084%,0.00,United States,2001,210719,Finance,Finance/Investors Services
NXL,Nexalin Technology Inc. Common Stock,$2.93,-0.02,-0.678%,37684503.00,United States,2022,121225,Health Care,Biotechnology: Electromedical & Electrotherapeutic Apparatus
NXLIW,Nexalin Technology Inc. Warrant,$0.35,0.00,0.00%,4501562.00,United States,2022,4,Health Care,Biotechnology: Electromedical & Electrotherapeutic Apparatus
NXN,Nuveen New York Select Tax-Free Income Portfolio Common Stock,$11.30,-0.01,-0.088%,44351314.00,United States,1992,42065,Finance,Trusts Except Educational Religious and Charitable
NXP,Nuveen Select Tax Free Income Portfolio Common Stock,$14.8884,-0.0016,-0.011%,696763914.00,United States,1992,46133,Finance,Trusts Except Educational Religious and Charitable
NXPI,NXP Semiconductors N.V. Common Stock,$208.01,-5.75,-2.69%,52866902196.00,Netherlands,2010,603503,Technology,Semiconductors
NXPL,NextPlat Corp Common Stock,$1.15,-0.01,-0.862%,29857509.00,United States,,127255,Telecommunications,Telecommunications Equipment
NXPLW,NextPlat Corp Warrants,$0.091,0.001,1.111%,2362638.00,United States,,32821,Telecommunications,Telecommunications Equipment
NXRT,NexPoint Residential Trust Inc. Common Stock,$41.10,-0.55,-1.321%,1044085371.00,United States,2015,38731,Real Estate,Real Estate Investment Trusts
NXST,Nexstar Media Group Inc. Common Stock,$159.085,-0.055,-0.035%,4935125007.00,United States,2003,60381,Industrials,Broadcasting
NXT,Nextracker Inc. Class A Common Stock,$36.81,-0.42,-1.128%,5357639291.00,United States,2023,596213,Industrials,Industrial Machinery/Components
NXTC,NextCure Inc. Common Stock,$0.8216,0.0016,0.195%,23010292.00,United States,2019,164729,Health Care,Biotechnology: Pharmaceutical Preparations
NXTT,Next Technology Holding Inc. Ordinary Shares,$2.52,-0.06,-2.326%,17580553.00,China,,53099,Technology,EDP Services
NXU,Nxu Inc. Class A Common Stock,$1.705,1.4616,600.493%,27469695.00,United States,2022,509130199,Consumer Discretionary,Construction/Ag Equipment/Trucks
NYAX,Nayax Ltd. Ordinary Shares,$28.08,0.305,1.098%,1018180800.00,Israel,,22820,Technology,Computer Software: Prepackaged Software
NYC,American Strategic Investment Co. Class A Common Stock,$9.22,0.3508,3.955%,24561896.00,,2020,7351,Real Estate,Real Estate Investment Trusts
NYMT,New York Mortgage Trust Inc. Common Stock,$5.755,-0.035,-0.604%,521284729.00,United States,,362363,Real Estate,Real Estate Investment Trusts
NYMTI,New York Mortgage Trust Inc. 9.125% Senior Notes Due 2029,$25.092,-0.028,-0.111%,2272819534.00,United States,,9884,Real Estate,Real Estate Investment Trusts
NYMTL,New York Mortgage Trust Inc. 6.875% Series F Fixed-to-Floating Rate Cumulative Redeemable Preferred Stock $0.01 par value per share,$22.65,-0.14,-0.614%,2051624520.00,United States,,7148,Real Estate,Real Estate Investment Trusts
NYMTM,New York Mortgage Trust Inc. 7.875% Series E Fixed-to-Floating Rate Cumulative Redeemable Preferred Stock,$25.23,0.15,0.598%,2285319498.00,United States,,6106,Real Estate,Real Estate Investment Trusts
NYMTN,New York Mortgage Trust Inc. 8.00% Series D Fixed-to-Floating Rate Cumulative Redeemable Preferred Stock,$22.285,0.245,1.112%,2018563021.00,United States,,4384,Real Estate,Real Estate Investment Trusts
NYMTZ,New York Mortgage Trust Inc. 7.000% Series G Cumulative Redeemable Preferred Stock $0.01 par value per share,$19.27,0.1013,0.528%,1745465982.00,United States,,1608,Real Estate,Real Estate Investment Trusts
NYT,New York Times Company (The) Common Stock,$52.675,-0.515,-0.968%,8636300443.00,United States,,351249,Consumer Discretionary,Newspapers/Magazines
NYXH,Nyxoah SA Ordinary Shares,$7.9525,-0.0475,-0.594%,227918650.00,Belgium,2021,22986,Health Care,Medical/Dental Instruments
NZF,Nuveen Municipal Credit Income Fund ,$12.1599,0.0399,0.329%,0.00,United States,2007,854442,Finance,Finance Companies
O,Realty Income Corporation Common Stock,$52.45,-0.21,-0.399%,45904819573.00,United States,,2895661,Real Estate,Real Estate Investment Trusts
OABI,OmniAb Inc. Common Stock,$3.50,-0.09,-2.507%,423544041.00,United States,2021,106132,Health Care,Biotechnology: Commercial Physical & Biological Resarch
OABIW,OmniAb Inc. Warrant,$0.34,0.00,0.00%,41144278.00,United States,2021,2,Health Care,Biotechnology: Commercial Physical & Biological Resarch
OACC,Oaktree Acquisition Corp. III Life Sciences Class A Ordinary Share,$9.99,0.02,0.201%,0.00,United States,2024,15400,Finance,Blank Checks
OACCU,Oaktree Acquisition Corp. III Life Sciences Unit,$10.14,0.00,0.00%,0.00,United States,2024,666,Finance,Blank Checks
OACCW,Oaktree Acquisition Corp. III Life Sciences Warrant,$0.61,-0.09,-12.857%,0.00,United States,2024,1556,Finance,Blank Checks
OAK^A,Brookfield Oaktree Holdings LLC 6.625% Series A Preferred Units,$21.10,0.16,0.764%,,United States,,22618,,
OAK^B,Brookfield Oaktree Holdings LLC 6.550% Series B Preferred Units,$20.64,-0.26,-1.244%,,United States,,20688,,
OAKU,Oak Woods Acquisition Corporation Class A Ordinary Shares,$11.35,0.00,0.00%,0.00,Canada,2023,3,Finance,Blank Checks
OAKUR,Oak Woods Acquisition Corporation Right,$0.2253,0.00,0.00%,0.00,Canada,2023,5,Finance,Blank Checks
OAKUW,Oak Woods Acquisition Corporation Warrant,$0.05,0.0001,0.20%,0.00,Canada,2023,131,Finance,Blank Checks
OB,Outbrain Inc. Common Stock,$7.18,-0.095,-1.306%,356482398.00,United States,2021,302766,Technology,Computer Software: Programming Data Processing
OBDC,Blue Owl Capital Corporation Common Stock,$15.54,0.07,0.452%,6063976904.00,,2019,1267864,Finance,Diversified Financial Services
OBDE,Blue Owl Capital Corporation III Common Stock,$15.30,0.05,0.328%,1887359392.00,,2024,277209,,
OBE,Obsidian Energy Ltd. Common Shares,$5.6139,0.2039,3.769%,426686771.00,Canada,2022,225171,Energy,Oil & Gas Production
OBIO,Orchestra BioMed Holdings Inc. Ordinary Shares,$4.16,-0.24,-5.455%,158136268.00,United States,2020,53476,Health Care, Medicinal Chemicals and Botanical Products 
OBK,Origin Bancorp Inc. Common Stock,$32.97,0.01,0.03%,1027633160.00,United States,,29638,Finance,Major Banks
OBLG,Oblong Inc. Common Stock,$4.17,0.295,7.613%,4774341.00,United States,,127388,Technology,Computer Software: Programming Data Processing
OBT,Orange County Bancorp Inc. Common Stock,$56.07,1.20,2.187%,318148245.00,United States,,7489,Finance,Major Banks
OC,Owens Corning Inc Common Stock New,$169.89,-0.69,-0.405%,14573898295.00,United States,,130271,Industrials,Industrial Machinery/Components
OCC,Optical Cable Corporation Common Stock,$3.7048,-0.1352,-3.521%,30454730.00,United States,,90500,Industrials,Telecommunications Equipment
OCCI,OFS Credit Company Inc. Common Stock,$7.0629,-0.0071,-0.10%,82046248.00,United States,2018,126886,Finance,Trusts Except Educational Religious and Charitable
OCCIM,OFS Credit Company Inc. 7.875% Series F Term Preferred Stock,$24.80,-0.20,-0.80%,0.00,United States,,2001,,
OCCIN,OFS Credit Company Inc. 5.25% Series E Term Preferred Stock Due 2026,$23.78,-0.08,-0.335%,276240608.00,United States,,3029,Finance,Trusts Except Educational Religious and Charitable
OCCIO,OFS Credit Company Inc. 6.125% Series C Term Preferred Stock,$24.6425,0.0225,0.091%,286259848.00,United States,,1531,Finance,Trusts Except Educational Religious and Charitable
OCEA,Ocean Biomedical Inc. Common Stock,$0.5744,0.0024,0.42%,20028540.00,United States,2021,139819,Health Care,Biotechnology: Pharmaceutical Preparations
OCEAW,Ocean Biomediacal Inc. Warrants,$0.0301,-0.0019,-5.938%,1049546.00,United States,2021,1338,Health Care,Biotechnology: Pharmaceutical Preparations
OCFC,OceanFirst Financial Corp. Common Stock,$17.70,0.02,0.113%,1034816588.00,United States,,60618,Finance,Major Banks
OCFCP,OceanFirst Financial Corp. Depositary Shares,$25.2548,-0.0352,-0.139%,1476502032.00,United States,,1988,Finance,Major Banks
OCFT,OneConnect Financial Technology Co. Ltd. American Depositary Shares each representing thirty ordinary shares,$2.67,-0.01,-0.373%,104128278.00,China,2019,3561,Technology,Computer Software: Programming Data Processing
OCG,Oriental Culture Holding LTD Ordinary Shares,$1.15,-0.02,-1.709%,5255500.00,China,2020,17867,Consumer Discretionary,Other Consumer Services
OCGN,Ocugen Inc. Common Stock,$0.8102,-0.0354,-4.186%,236027691.00,United States,2014,3130168,Health Care,Biotechnology: Biological Products (No Diagnostic Substances)
OCS,Oculis Holding AG Ordinary shares,$16.9604,0.0004,0.002%,708096700.00,Switzerland,,5593,Health Care,Biotechnology: Pharmaceutical Preparations
OCSAW,Oculis Holding AG Warrants,$5.40,0.00,0.00%,225450000.00,Switzerland,,918,Health Care,Biotechnology: Pharmaceutical Preparations
OCSL,Oaktree Specialty Lending Corporation Common Stock,$15.26,0.00,0.00%,1255063568.00,United States,,608749,Finance,Finance: Consumer Services
OCTO,Eightco Holdings Inc. Common Stock,$2.21,0.61,38.125%,5395412.00,United States,,27418107,,
OCUL,Ocular Therapeutix Inc. Common Stock,$8.32,-0.12,-1.422%,1308048993.00,United States,2014,293391,Health Care,Biotechnology: Pharmaceutical Preparations
OCX,Oncocyte Corporation Common Stock,$2.375,0.265,12.559%,39983712.00,United States,,237984,Health Care,Biotechnology: In Vitro & In Vivo Diagnostic Substances
ODC,Oil-Dri Corporation Of America Common Stock,$87.15,-0.58,-0.661%,635957168.00,United States,,3169,Consumer Discretionary,Miscellaneous manufacturing industries
ODD,ODDITY Tech Ltd. Class A Ordinary Shares,$43.12,-0.43,-0.987%,2452091026.00,Israel,2023,86071,Consumer Discretionary,Package Goods/Cosmetics
ODFL,Old Dominion Freight Line Inc. Common Stock,$177.8499,-2.3801,-1.321%,37970515428.00,United States,1991,494005,Industrials,Trucking Freight/Courier Services
ODP,The ODP Corporation Common Stock,$21.96,-0.96,-4.188%,661395540.00,United States,,228400,Consumer Discretionary,Other Specialty Stores
ODV,Osisko Development Corp. Common Shares,$1.63,-0.05,-2.976%,222625780.00,Canada,2022,192584,Basic Materials,Precious Metals
ODVWZ,Osisko Development Corp. Warrant expiring 5/27/2027,$0.1798,0.00,0.00%,24557126.00,Canada,,20,Basic Materials,Precious Metals
OEC,Orion S.A. Common Shares,$15.38,-0.29,-1.851%,887736968.00,Luxembourg,2014,144645,Industrials,Major Chemicals
OESX,Orion Energy Systems Inc. Common Stock,$0.7796,-0.0004,-0.051%,25654087.00,United States,2015,98706,Consumer Discretionary,Building Products
OFG,OFG Bancorp Common Stock,$43.10,-0.10,-0.231%,1978202205.00,Puerto Rico,,76785,Finance,Major Banks
OFIX,Orthofix Medical Inc. Common Stock (DE),$17.52,-0.01,-0.057%,669512556.00,Curacao,1992,98741,Health Care,Medical/Dental Instruments
OFLX,Omega Flex Inc. Common Stock,$42.185,0.685,1.651%,425828974.00,United States,,8968,Industrials,Industrial Specialties
OFS,OFS Capital Corporation Common Stock,$7.96,0.02,0.252%,106648701.00,United States,,44240,Finance,Finance/Investors Services
OFSSH,OFS Capital Corporation 4.95% Notes due 2028,$22.42,0.00,0.00%,300384909.00,United States,,983,Finance,Finance Companies
OGE,OGE Energy Corp Common Stock,$41.11,-0.19,-0.46%,8260967306.00,United States,,265325,Utilities,Electric Utilities: Central
OGEN,Oragenics Inc. Common Stock,$0.4275,-0.026,-5.733%,5220921.00,United States,,270364,Health Care,Biotechnology: Pharmaceutical Preparations
OGI,Organigram Holdings Inc. Common Shares,$1.6142,-0.0058,-0.358%,167556141.00,Canada,,284866,Health Care,Biotechnology: Pharmaceutical Preparations
OGN,Organon & Co. Common Stock ,$14.785,-0.275,-1.826%,3807712267.00,United States,2021,1083240,Health Care,Biotechnology: Pharmaceutical Preparations
OGS,ONE Gas Inc. Common Stock,$69.29,-0.27,-0.388%,3925642688.00,United States,2014,56006,Utilities,Oil/Gas Transmission
OHI,Omega Healthcare Investors Inc. Common Stock,$37.35,-0.37,-0.981%,10082568930.00,United States,1992,400972,Real Estate,Real Estate Investment Trusts
OI,O-I Glass Inc. Common Stock,$10.345,0.045,0.437%,1599821022.00,United States,,555608,Consumer Discretionary,Containers/Packaging
OIA,Invesco Municipal Income Opportunities Trust Common Stock,$5.87,0.01,0.171%,279444807.00,United States,,378585,Finance,Finance Companies
OII,Oceaneering International Inc. Common Stock,$25.87,0.67,2.659%,2614422071.00,United States,,251465,Energy,Oilfield Services/Equipment
OIS,Oil States International Inc. Common Stock,$4.935,0.135,2.813%,311452928.00,United States,2001,190638,Industrials,Metal Fabrications
OKE,ONEOK Inc. Common Stock,$101.38,0.55,0.545%,59224593284.00,United States,,786001,Utilities,Oil & Gas Production
OKLO,Oklo Inc. Class A common stock,$24.10,1.32,5.795%,2942520107.00,United States,2021,6650555,Utilities,Electric Utilities: Central
OKTA,Okta Inc. Class A Common Stock,$80.14,-1.50,-1.837%,13732378721.00,United States,2017,1685618,Technology,Computer Software: Prepackaged Software
OKUR,OnKure Therapeutics Inc. Class A Common Stock,$8.17,0.01,0.123%,108983037.00,United States,2021,112441,Health Care,Biotechnology: Pharmaceutical Preparations
OKYO,OKYO Pharma Limited Ordinary Shares,$1.1699,0.0099,0.853%,39589416.00,Guernsey,2022,44787,Health Care,Biotechnology: Biological Products (No Diagnostic Substances)
OLB,The OLB Group Inc. Common Stock,$1.95,0.07,3.723%,4197100.00,United States,,40388,Consumer Discretionary,Business Services
OLED,Universal Display Corporation Common Stock,$148.03,-1.67,-1.116%,7025712226.00,United States,,160826,Technology,Electrical Products
OLLI,Ollie's Bargain Outlet Holdings Inc. Common Stock,$111.96,-5.64,-4.796%,6860559373.00,United States,2015,615388,Consumer Discretionary,Department/Specialty Retail Stores
OLMA,Olema Pharmaceuticals Inc. Common Stock,$5.7205,-0.4295,-6.984%,327772322.00,United States,2020,361719,Health Care,Biotechnology: Pharmaceutical Preparations
OLN,Olin Corporation Common Stock,$33.325,-0.445,-1.318%,3885578329.00,United States,,588519,Industrials,Major Chemicals
OLO,Olo Inc. Class A Common Stock,$7.695,0.065,0.852%,1259438565.00,United States,2021,470267,Technology,Computer Software: Prepackaged Software
OLP,One Liberty Properties Inc. Common Stock,$26.9014,0.1114,0.416%,575341963.00,United States,1986,25116,Real Estate,Real Estate Investment Trusts
OLPX,Olaplex Holdings Inc. Common Stock,$1.715,-0.035,-2.00%,1136912604.00,United States,2021,685011,Consumer Discretionary,Package Goods/Cosmetics
OM,Outset Medical Inc. Common Stock,$1.21,0.07,6.14%,63575849.00,United States,2020,282628,Health Care,Biotechnology: Electromedical & Electrotherapeutic Apparatus
OMAB,Grupo Aeroportuario del Centro Norte S.A.B. de C.V. ADS,$67.745,-1.835,-2.637%,3270130954.00,Mexico,2006,13371,Consumer Discretionary,Aerospace
OMC,Omnicom Group Inc. Common Stock,$85.73,-0.76,-0.879%,16725330777.00,United States,,648615,Consumer Discretionary,Advertising
OMCC,Old Market Capital Corporation Common Stock,$5.9299,-0.0011,-0.019%,75309730.00,United States,,3371,Finance,Finance Companies
OMCL,Omnicell Inc. Common Stock ($0.001 par value),$43.31,-0.75,-1.702%,2005981691.00,United States,2001,54021,Technology,Computer Manufacturing
OMER,Omeros Corporation Common Stock,$10.25,-1.43,-12.243%,593985040.00,United States,2009,699653,Health Care,Biotechnology: Pharmaceutical Preparations
OMEX,Odyssey Marine Exploration Inc. Common Stock,$0.6075,-0.0201,-3.203%,13201200.00,United States,,2246036,Consumer Discretionary,Marine Transportation
OMF,OneMain Holdings Inc. Common Stock,$52.64,-0.14,-0.265%,6282708546.00,United States,2013,174867,Finance,Finance: Consumer Services
OMGA,Omega Therapeutics Inc. Common Stock,$0.79,-0.0399,-4.808%,43739308.00,United States,2021,210091,Health Care,Biotechnology: Biological Products (No Diagnostic Substances)
OMH,Ohmyhome Limited Ordinary Shares,$0.3951,-0.0009,-0.227%,9002397.00,Singapore,2023,89573,Finance,Real Estate
OMI,Owens & Minor Inc. Common Stock,$12.82,-0.13,-1.004%,988537021.00,United States,,99880,Health Care,Medical Specialities
OMIC,Singular Genomics Systems Inc. Common Stock,$19.65,0.05,0.255%,49356536.00,United States,2021,6622,Industrials,Biotechnology: Laboratory Analytical Instruments
ON,ON Semiconductor Corporation Common Stock,$63.95,-2.06,-3.121%,27229746160.00,United States,,2683711,Technology,Semiconductors
ONB,Old National Bancorp Common Stock,$21.79,0.02,0.092%,6950399880.00,United States,,534142,Finance,Major Banks
ONBPO,Old National Bancorp Depositary Shares Each Representing a 1/40th Interest in a Share of Series C Preferred Stock,$25.06,0.01,0.04%,7993438320.00,United States,,3168,Finance,Major Banks
ONBPP,Old National Bancorp Depositary Shares Each Representing a 1/40th Interest in a Share of Series A Preferred Stock,$25.27,0.27,1.08%,8060422440.00,United States,,6132,Finance,Major Banks
ONCO,Onconetix Inc. Common Stock,$0.4451,0.0601,15.61%,3691986.00,United States,2022,2654875,Health Care,Biotechnology: Pharmaceutical Preparations
ONCY,Oncolytics Biotech Inc. Common Shares,$0.9259,-0.0679,-6.832%,71281368.00,Canada,,350776,Health Care,Biotechnology: Pharmaceutical Preparations
ONDS,Ondas Holdings Inc. Common Stock,$2.909,0.319,12.317%,224844054.00,United States,,17222213,Technology,Radio And Television Broadcasting And Communications Equipment
ONEW,OneWater Marine Inc. Class A Common Stock,$17.2525,-0.4875,-2.748%,280464162.00,United States,2020,93229,Consumer Discretionary,Auto & Home Supply Stores
ONFO,Onfolio Holdings Inc. Common Stock,$1.405,0.085,6.439%,7203991.00,United States,2022,31301,Technology,EDP Services
ONFOW,Onfolio Holdings Inc. Warrant,$0.30,0.00,0.00%,1538219.00,United States,2022,908,Technology,EDP Services
ONIT,Onity Group Inc. Common Stock,$30.01,-0.21,-0.695%,236132425.00,United States,,6016,Finance,Finance: Consumer Services
ONL,Orion Office REIT Inc. Common Stock,$3.715,-0.035,-0.933%,207846084.00,United States,2021,227474,Real Estate,Real Estate Investment Trusts
ONMD,OneMedNet Corp Class A Common Stock,$1.3145,-0.0155,-1.165%,36789473.00,United Kingdom,2021,90085,Health Care,Biotechnology: Commercial Physical & Biological Resarch
ONMDW,OneMedNet Corp Warrant,$0.0222,-0.006,-21.277%,621321.00,United Kingdom,2021,5450,Health Care,Biotechnology: Commercial Physical & Biological Resarch
ONON,On Holding AG Class A Ordinary Shares,$55.53,-0.10,-0.18%,34964618707.00,,2021,1392325,Consumer Discretionary,Shoe Manufacturing
ONTF,ON24 Inc. Common Stock,$6.5301,0.0301,0.463%,271983732.00,United States,2021,27661,Technology,Computer Software: Prepackaged Software
ONTO,Onto Innovation Inc. Common Stock,$169.5844,-1.0756,-0.63%,8375993806.00,United States,,113695,Industrials,Industrial Machinery/Components
ONVO,Organovo Holdings Inc. Common Stock,$0.3539,-0.0131,-3.569%,5437966.00,United States,,194758,Health Care,Biotechnology: Biological Products (No Diagnostic Substances)
OOMA,Ooma Inc. Common Stock,$14.485,0.225,1.578%,391095000.00,United States,2015,31994,Technology,EDP Services
OP,OceanPal Inc. Common Stock,$1.14,-0.0499,-4.194%,8491405.00,Greece,,26722,Consumer Discretionary,Marine Transportation
OPAD,Offerpad Solutions Inc. Class A Common Stock,$3.05,-0.23,-7.012%,83490438.00,United States,2020,81406,Finance,Real Estate
OPAL,OPAL Fuels Inc. Class A Common Stock,$3.47,0.16,4.834%,599714944.00,United States,2021,247483,Utilities,Natural Gas Distribution
OPBK,OP Bancorp Common Stock,$15.62,0.06,0.386%,231358301.00,United States,2018,4581,Finance,Major Banks
OPCH,Option Care Health Inc. Common Stock,$22.8299,-0.0201,-0.088%,3885220645.00,United States,,269662,Health Care,Medical/Nursing Services
OPEN,Opendoor Technologies Inc Common Stock,$1.6159,-0.0541,-3.24%,1155481211.00,United States,,23440190,Finance,Real Estate
OPFI,OppFi Inc. Class A Common Stock,$7.58,-0.07,-0.915%,653503826.00,,2020,231058,Finance,Finance: Consumer Services
OPHC,OptimumBank Holdings Inc. Common Stock,$4.76,0.02,0.422%,48028581.00,United States,,26587,Finance,Major Banks
OPI,Office Properties Income Trust Common Shares of Beneficial Interest,$0.9875,-0.0025,-0.253%,55083954.00,United States,,445644,Finance,Real Estate
OPINL,Office Properties Income Trust 6.375% Senior Notes due 2050,$11.7125,-0.0275,-0.234%,653337528.00,United States,,7400,Finance,Real Estate
OPK,OPKO Health Inc. Common Stock,$1.45,-0.03,-2.027%,989600392.00,United States,,1494973,Health Care,Biotechnology: Pharmaceutical Preparations
OPOF,Old Point Financial Corporation Common Stock,$25.53,0.38,1.511%,129633553.00,United States,,5164,Finance,Major Banks
OPP,RiverNorth/DoubleLine Strategic Opportunity Fund Inc. Common Stock,$8.3063,0.0263,0.318%,0.00,United States,2016,67340,Finance,Finance/Investors Services
OPP^A,RiverNorth/DoubleLine Strategic Opportunity Fund Inc. 4.375% Series A Cumulative Preferred Stock,$17.36,0.36,2.118%,,United States,,27857,,
OPP^B,RiverNorth/DoubleLine Strategic Opportunity Fund Inc. 4.75% Series B Cumulative Preferred Stock,$19.21,0.22,1.159%,,United States,,11332,,
OPP^C,RiverNorth/DoubleLine Strategic Opportunity Fund Inc. 6.00% Series C Term Preferred Stock (Liquidation Preference $10.00 per share),$10.0799,0.0199,0.198%,,United States,,3607,,
OPRA,Opera Limited American Depositary Shares,$19.065,0.095,0.501%,1668536084.00,Norway,2018,219564,Technology,Computer Software: Prepackaged Software
OPRT,Oportun Financial Corporation Common Stock,$3.95,-0.12,-2.948%,142085596.00,United States,2019,116144,Finance,Finance: Consumer Services
OPRX,OptimizeRx Corporation Common Stock,$5.1899,0.0999,1.963%,95602660.00,United States,,125624,Consumer Discretionary,Business Services
OPT,Opthea Limited American Depositary Shares,$3.84,-0.07,-1.79%,590925416.00,Australia,2020,29595,Health Care,Biotechnology: Biological Products (No Diagnostic Substances)
OPTN,OptiNose Inc. Common Stock,$0.432,0.0397,10.12%,65158347.00,United States,2017,463404,Health Care,Biotechnology: Pharmaceutical Preparations
OPTT,Ocean Power Technologies Inc. Common Stock,$0.7809,0.3041,63.779%,114041636.00,United States,2007,192161177,Utilities,Electric Utilities: Central
OPTX,Syntec Optics Holdings Inc. Class A Common Stock,$3.47,0.13,3.892%,127308283.00,United States,2022,545390,Technology,Electronic Components
OPTXW,Syntec Optics Holdings Inc. Warrant,$0.14,0.0045,3.321%,5136357.00,United States,2022,117008,Technology,Electronic Components
OPXS,Optex Systems Holdings Inc. Common Stock,$7.11,0.09,1.282%,49035807.00,United States,,71236,Technology,Electronic Components
OPY,Oppenheimer Holdings Inc. Class A Common Stock (DE),$64.97,0.44,0.682%,671231123.00,United States,,6295,Finance,Investment Bankers/Brokers/Service
OR,Osisko Gold Royalties Ltd Common Shares,$18.14,-0.22,-1.198%,3378197434.00,Canada,2016,220364,Basic Materials,Precious Metals
ORA,Ormat Technologies Inc. Common Stock,$68.46,0.55,0.81%,4140222970.00,United States,2004,171150,Utilities,Electric Utilities: Central
ORC,Orchid Island Capital Inc. Common Stock,$7.81,-0.07,-0.888%,612418377.00,United States,2013,2161185,Real Estate,Real Estate Investment Trusts
ORCL,Oracle Corporation Common Stock,$167.585,-1.375,-0.814%,468727871260.00,United States,1986,2142431,Technology,Computer Software: Prepackaged Software
ORGN,Origin Materials Inc. Common Stock,$1.11,0.07,6.731%,162337685.00,United States,2020,2248383,Industrials,Major Chemicals
ORGNW,Origin Materials Inc. Warrants,$0.10,0.0147,17.233%,14625017.00,United States,2020,129057,Industrials,Major Chemicals
ORGO,Organogenesis Holdings Inc. Class A Common Stock,$3.19,0.00,0.00%,422919041.00,United States,2016,100049,Health Care,Biotechnology: Pharmaceutical Preparations
ORI,Old Republic International Corporation Common Stock,$36.27,-0.14,-0.385%,9196519644.00,United States,,219723,Finance,Property-Casualty Insurers
ORIC,Oric Pharmaceuticals Inc. Common Stock,$8.195,-0.055,-0.667%,578296155.00,United States,2020,84276,Health Care,Biotechnology: Pharmaceutical Preparations
ORIS,Oriental Rise Holdings Limited Ordinary Shares,$1.44,-0.07,-4.636%,31320000.00,China,2024,300121,Consumer Staples,Farming/Seeds/Milling
ORKA,Oruka Therapeutics Inc. Common Stock,$18.625,-0.385,-2.025%,651847994.00,United States,,69533,Health Care,Biotechnology: In Vitro & In Vivo Diagnostic Substances
ORKT,Orangekloud Technology Inc. Class A Ordinary Shares,$3.45,0.84,32.184%,78487500.00,Singapore,2024,2936160,Technology,Computer Software: Prepackaged Software
ORLA,Orla Mining Ltd. Common Shares,$5.49,0.00,0.00%,1758199346.00,,2020,164953,Basic Materials,Precious Metals
ORLY,O'Reilly Automotive Inc. Common Stock,$1183.77,-13.58,-1.134%,68339862453.00,United States,1993,146481,Consumer Discretionary,Auto & Home Supply Stores
ORMP,Oramed Pharmaceuticals Inc. Common Stock,$2.395,0.025,1.055%,96547405.00,Israel,,116541,Health Care,Biotechnology: Pharmaceutical Preparations
ORN,Orion Group Holdings Inc. Common,$7.57,0.04,0.531%,294483295.00,United States,,58811,Industrials,Military/Government/Technical
ORRF,Orrstown Financial Services Inc. Common Stock,$36.52,0.03,0.082%,707978217.00,United States,,23484,Finance,Major Banks
OS,OneStream Inc. Class A Common Stock,$29.225,0.245,0.845%,6853797814.00,United States,2024,217631,Technology,Computer Software: Prepackaged Software
OSBC,Old Second Bancorp Inc. Common Stock,$17.79,-0.05,-0.28%,797943534.00,United States,,47178,Finance,Major Banks
OSCR,Oscar Health Inc. Class A Common Stock,$13.64,-0.16,-1.159%,3372749392.00,United States,2021,1450405,Health Care,Medical Specialities
OSIS,OSI Systems Inc. Common Stock (DE),$168.935,-2.415,-1.409%,2823030382.00,United States,1997,75811,Technology,Semiconductors
OSK,Oshkosh Corporation (Holding Company)Common Stock,$94.61,0.26,0.276%,6155799366.00,United States,,166438,Consumer Discretionary,Auto Manufacturing
OSPN,OneSpan Inc. Common Stock,$18.7488,-0.0312,-0.166%,712286711.00,United States,,101546,Technology,EDP Services
OSS,One Stop Systems Inc. Common Stock,$3.40,0.02,0.592%,71789416.00,United States,2018,230258,Technology,Computer Manufacturing
OST,Ostin Technology Group Co. Ltd. Class A Ordinary Shares,$0.214,0.0068,3.282%,2997338.00,China,2022,279436,Technology,Industrial Machinery/Components
OSTX,OS Therapies Incorporated Common Stock,$5.0163,-0.1437,-2.785%,106538076.00,,2024,58718,Health Care,Biotechnology: Pharmaceutical Preparations
OSUR,OraSure Technologies Inc. Common Stock,$3.565,-0.055,-1.519%,265928159.00,United States,,418994,Health Care,Medical/Dental Instruments
OSW,OneSpaWorld Holdings Limited Common Shares,$20.06,0.09,0.451%,2085877757.00,Bahamas,,256741,Consumer Discretionary,Hotels/Resorts
OTEX,Open Text Corporation Common Shares,$28.415,0.105,0.371%,7554988753.00,Canada,1996,311075,Technology,EDP Services
OTIS,Otis Worldwide Corporation Common Stock ,$93.12,-0.40,-0.428%,37197763995.00,United States,2020,277924,Technology,Consumer Electronics/Appliances
OTLK,Outlook Therapeutics Inc. Common Stock,$1.98,-0.03,-1.493%,46838159.00,United States,2016,1248024,Health Care,Biotechnology: Biological Products (No Diagnostic Substances)
OTLY,Oatly Group AB American Depositary Shares,$0.6328,-0.0058,-0.908%,376554131.00,Sweden,2021,1799163,Consumer Staples,Packaged Foods
OTRK,Ontrak Inc. Common Stock,$1.76,0.23,15.033%,7423409.00,United States,,186766,Health Care,Misc Health and Biotechnology Services
OTTR,Otter Tail Corporation Common Stock,$74.83,0.07,0.094%,3129986771.00,United States,,48064,Utilities,Electric Utilities: Central
OUST,Ouster Inc. Common Stock,$12.88,0.39,3.122%,666826799.00,United States,,991803,Industrials,Industrial Machinery/Components
OUSTW,Ouster Inc. Warrants,$0.11,0.0303,38.018%,5694949.00,United States,,170867,Industrials,Industrial Machinery/Components
OUSTZ,Ouster Inc. Warrants,$0.1003,0.0103,11.444%,5192758.00,United States,,32312,Industrials,Industrial Machinery/Components
OUT,OUTFRONT Media Inc. Common Stock,$17.54,-0.15,-0.848%,2911390529.00,United States,2014,261567,Real Estate,Real Estate Investment Trusts
OVBC,Ohio Valley Banc Corp. Common Stock,$24.20,0.02,0.083%,114006224.00,United States,,2934,Finance,Major Banks
OVID,Ovid Therapeutics Inc. Common Stock,$0.95,-0.0202,-2.082%,67459373.00,United States,2017,67764,Health Care,Biotechnology: Pharmaceutical Preparations
OVLY,Oak Valley Bancorp (CA) Common Stock,$29.51,-0.19,-0.64%,246665562.00,United States,,1460,Finance,Major Banks
OVV,Ovintiv Inc. (DE),$40.36,1.68,4.343%,10509744000.00,Canada,,1203142,Energy,Oil & Gas Production
OWL,Blue Owl Capital Inc. Class A Common Stock,$23.595,-0.015,-0.064%,35239611148.00,United States,2020,1083165,Finance,Investment Managers
OWLT,Owlet Inc. Class A Common Stock,$4.35,-0.13,-2.902%,69756970.00,,2020,10409,Industrials,Industrial Machinery/Components
OXBR,Oxbridge Re Holdings Limited Ordinary Shares,$4.2572,-0.5478,-11.401%,26506430.00,Cayman Islands,2014,75460,Finance,Property-Casualty Insurers
OXBRW,Oxbridge Re Holdings Limited Warrant expiring 3/26/2029,$0.52,0.033,6.776%,3237655.00,Cayman Islands,2014,39696,Finance,Property-Casualty Insurers
OXLC,Oxford Lane Capital Corp. Common Stock,$5.065,-0.045,-0.881%,879284000.00,United States,2011,4409027,Finance,Investment Managers
OXLCI,Oxford Lane Capital Corp. 8.75% Notes due 2030,$25.5943,0.0193,0.075%,0.00,United States,,3651,,
OXLCL,Oxford Lane Capital Corp. 6.75% Notes due 2031,$23.4251,-0.0549,-0.234%,4066597360.00,United States,,3944,Finance,Finance Companies
OXLCN,Oxford Lane Capital Corp. 7.125% Series 2029 Term Preferred Stock,$24.083,-0.167,-0.689%,4180808800.00,United States,,186,Finance,Investment Managers
OXLCO,Oxford Lane Capital Corp. Preferred Stock Shares 6.00% Series 2029,$22.76,-0.1302,-0.569%,3951136000.00,United States,,4976,Finance,Investment Managers
OXLCP,Oxford Lane Capital Corp. 6.25% Series 2027 Term Preferred Shares,$24.00,-0.0395,-0.164%,4166400000.00,United States,,9573,Finance,Investment Managers
OXLCZ,Oxford Lane Capital Corp. 5.00% Notes due 2027,$23.66,0.01,0.042%,4107376000.00,United States,,4618,Finance,Finance Companies
OXM,Oxford Industries Inc. Common Stock,$75.31,-2.50,-3.213%,1182444795.00,United States,,128917,Consumer Discretionary,Apparel
OXSQ,Oxford Square Capital Corp. Common Stock,$2.425,-0.035,-1.423%,164638539.00,United States,2003,616780,Finance,Blank Checks
OXSQG,Oxford Square Capital Corp. 5.50% Notes due 2028,$23.24,0.00,0.00%,1481732666.00,United States,,309,Consumer Discretionary,Other Consumer Services
OXSQZ,Oxford Square Capital Corp. 6.25% Notes due 2026,$24.7721,0.1421,0.577%,0.00,United States,,414,Finance,Blank Checks
OXY,Occidental Petroleum Corporation Common Stock,$48.95,0.39,0.803%,45931891906.00,United States,,5956905,Energy,Oil & Gas Production
OZ,Belpointe PREP LLC Class A Units,$76.49,0.49,0.645%,286615144.00,,,17340,Real Estate,Real Estate Investment Trusts
OZK,Bank OZK Common Stock,$44.71,0.14,0.314%,5058316462.00,United States,,256042,Finance,Major Banks
OZKAP,Bank OZK 4.625% Series A Non-Cumulative Perpetual Preferred Stock,$16.25,0.17,1.057%,1838462145.00,United States,,55036,Finance,Major Banks
PAA,Plains All American Pipeline L.P. Common Units representing Limited Partner Interests,$16.885,0.115,0.686%,11881452061.00,United States,1998,1511305,Energy,Natural Gas Distribution
PAAS,Pan American Silver Corp. Common Stock,$20.13,-0.45,-2.187%,7336177200.00,Canada,,1371111,Basic Materials,Precious Metals
PAC,Grupo Aeroportuario Del Pacifico S.A. B. de C.V. Grupo Aeroportuario Del Pacifico S.A. de C.V. (each representing 10 Series B shares),$173.16,-5.55,-3.106%,8749384497.00,Mexico,2006,17020,Consumer Discretionary,Aerospace
PACB,Pacific Biosciences of California Inc. Common Stock,$1.83,-0.03,-1.613%,501170286.00,United States,2010,3431107,Industrials,Biotechnology: Laboratory Analytical Instruments
PACK,Ranpak Holdings Corp Class A Common Stock,$6.8949,-0.0551,-0.793%,574051220.00,United States,2018,59440,Consumer Discretionary,Containers/Packaging
PACS,PACS Group Inc. Common Stock,$12.89,-0.12,-0.922%,1964432558.00,United States,2024,139660,Health Care,Hospital/Nursing Management
PAG,Penske Automotive Group Inc. Common Stock,$154.70,-0.44,-0.284%,10329189207.00,United States,,32829,Consumer Discretionary,Retail-Auto Dealers and Gas Stations
PAGP,Plains GP Holdings L.P. Class A Units representing Limited Partner Interests,$18.205,0.075,0.414%,3594863050.00,United States,,383557,Energy,Natural Gas Distribution
PAGS,PagSeguro Digital Ltd. Class A Common Shares,$6.225,-0.155,-2.429%,1966284562.00,Cayman Islands,2018,1223578,Technology,EDP Services
PAHC,Phibro Animal Health Corporation Class A Common Stock,$21.00,-0.05,-0.238%,850575768.00,United States,2014,53631,Health Care,Biotechnology: Pharmaceutical Preparations
PAI,Western Asset Investment Grade Income Fund Inc.,$12.52,0.05,0.401%,0.00,United States,,9685,Finance,Trusts Except Educational Religious and Charitable
PAL,Proficient Auto Logistics Inc. Common Stock,$7.9038,-0.1262,-1.572%,213637983.00,United States,2024,37316,Consumer Discretionary,Transportation Services
PALI,Palisade Bio Inc. Common Stock,$1.73,0.06,3.593%,2300063.00,United States,,129989,Health Care,Biotechnology: Biological Products (No Diagnostic Substances)
PALT,Paltalk Inc. Common Stock,$1.98,-0.17,-7.907%,18289234.00,United States,,34112,Consumer Discretionary,Business Services
PAM,Pampa Energia S.A.,$87.00,-1.39,-1.573%,4731552246.00,Argentina,,87802,Utilities,Electric Utilities: Central
PAMT,PAMT CORP Common Stock,$16.95,-0.09,-0.528%,369213951.00,United States,,12935,Industrials,Trucking Freight/Courier Services
PANL,Pangaea Logistics Solutions Ltd. Common Shares,$5.26,0.37,7.566%,246704999.00,United States,2013,382409,Consumer Discretionary,Marine Transportation
PANW,Palo Alto Networks Inc. Common Stock,$185.0613,-1.1187,-0.601%,121437225060.00,United States,,1312325,Technology,Computer peripheral equipment
PAPL,Pineapple Financial Inc. Common Stock,$0.465,0.0239,5.418%,4095729.00,,2023,22516,Finance,Finance: Consumer Services
PAR,PAR Technology Corporation Common Stock,$73.31,0.03,0.041%,2661525928.00,United States,,58581,Miscellaneous,Office Equipment/Supplies/Services
PARA,Paramount Global Class B Common Stock,$10.22,-0.18,-1.731%,6816486299.00,United States,,3926275,Industrials,Broadcasting
PARAA,Paramount Global Class A Common Stock,$22.33,-0.03,-0.134%,14893555680.00,United States,,15529,Industrials,Broadcasting
PARR,Par Pacific Holdings Inc.  Common Stock,$16.35,0.16,0.988%,914817227.00,United States,,197071,Energy,Oil & Gas Production
PASG,Passage Bio Inc. Common Stock,$0.80,0.143,21.766%,49413829.00,United States,2020,559301,Health Care,Biotechnology: Biological Products (No Diagnostic Substances)
PATH,UiPath Inc. Class A Common Stock,$12.735,-0.145,-1.126%,6999142361.00,United States,2021,3589589,Technology,Computer Software: Prepackaged Software
PATK,Patrick Industries Inc. Common Stock,$82.98,-0.52,-0.623%,2788096965.00,United States,,86883,Consumer Discretionary,Auto Parts:O.E.M.
PAVM,PAVmed Inc. Common Stock,$0.6505,0.0025,0.386%,7200102.00,United States,2016,127109,Health Care,Medical/Dental Instruments
PAVMZ,PAVmed Inc. Series Z Warrant,$0.0104,0.0002,1.961%,115113.00,United States,,11567,Health Care,Medical/Dental Instruments
PAVS,Paranovus Entertainment Technology Ltd. Class A Ordinary Shares,$1.30,-0.015,-1.141%,9538009.00,China,2019,15738,Health Care, Medicinal Chemicals and Botanical Products 
PAX,Patria Investments Limited Class A Common Shares,$11.51,-0.08,-0.69%,1706402826.00,Cayman Islands,2021,152949,Finance,Investment Managers
PAXS,PIMCO Access Income Fund Common Shares of Beneficial Interest,$15.2601,-0.1399,-0.908%,0.00,United States,2022,431209,Finance,Investment Managers
PAY,Paymentus Holdings Inc. Class A Common Stock,$33.13,0.12,0.364%,4129110373.00,United States,2021,98577,Consumer Discretionary,Business Services
PAYC,Paycom Software Inc. Common Stock,$205.33,-1.39,-0.672%,11839747289.00,United States,2014,110433,Technology,Computer Software: Prepackaged Software
PAYO,Payoneer Global Inc. Common Stock,$10.0292,0.0192,0.192%,3576547944.00,United States,,766039,Consumer Discretionary,Business Services
PAYS,Paysign Inc. Common Stock,$3.10,-0.17,-5.199%,165999959.00,United States,,310361,Consumer Discretionary,Business Services
PAYX,Paychex Inc. Common Stock,$140.18,-1.09,-0.772%,50473641713.00,United States,1983,516261,Consumer Discretionary,Diversified Commercial Services
PB,Prosperity Bancshares Inc. Common Stock,$75.56,0.13,0.172%,7198198163.00,United States,,86277,Finance,Major Banks
PBA,Pembina Pipeline Corp. Ordinary Shares (Canada),$36.83,0.27,0.739%,21369281620.00,Canada,,186638,Energy,Oil & Gas Production
PBBK,PB Bankshares Inc. Common Stock,$15.31,0.00,0.00%,39072881.00,United States,2021,357,Finance,Banks
PBF,PBF Energy Inc. Class A Common Stock,$26.015,0.615,2.421%,2994937072.00,United States,2012,726563,Energy,Integrated oil Companies
PBFS,Pioneer Bancorp Inc. Common Stock,$11.445,0.045,0.395%,297271331.00,United States,2019,6248,Finance,Banks
PBH,Prestige Consumer Healthcare Inc. Common Stock,$77.90,-0.55,-0.701%,3848684867.00,United States,2005,47698,Health Care,Biotechnology: Pharmaceutical Preparations
PBHC,Pathfinder Bancorp Inc. Common Stock (MD),$17.04,-0.51,-2.906%,103945210.00,United States,,1113,Finance,Major Banks
PBI,Pitney Bowes Inc. Common Stock,$7.235,-0.055,-0.754%,1314605440.00,United States,,839825,Miscellaneous,Office Equipment/Supplies/Services
PBI^B,Pitney Bowes Inc 6.70% Notes Due 2043,$18.835,-0.0031,-0.016%,,United States,,16992,,
PBM,Psyence Biomedical Ltd. Common Shares,$2.29,0.03,1.327%,6946729.00,Canada,,186622,Health Care,Biotechnology: Pharmaceutical Preparations
PBMWW,Psyence Biomedical Ltd. Warrant,$0.0116,-0.0015,-11.45%,35189.00,Canada,,109011,Health Care,Biotechnology: Pharmaceutical Preparations
PBPB,Potbelly Corporation Common Stock,$9.21,-0.05,-0.54%,275720599.00,United States,2013,56707,Consumer Discretionary,Restaurants
PBR,Petroleo Brasileiro S.A.- Petrobras Common Stock,$12.785,0.175,1.388%,82719827447.00,Brazil,,6739046,Energy,Oil & Gas Production
PBT,Permian Basin Royalty Trust Common Stock,$10.98,0.49,4.671%,511764580.00,United States,,247565,Energy,Oil & Gas Production
PBYI,Puma Biotechnology Inc Common Stock,$3.1628,0.0828,2.688%,155254527.00,United States,,420296,Health Care,Biotechnology: Pharmaceutical Preparations
PC,Premium Catering (Holdings) Limited Ordinary Shares,$0.69,-0.035,-4.828%,11040000.00,Singapore,2024,122554,Consumer Discretionary,Restaurants
PCAR,PACCAR Inc. Common Stock,$103.87,-0.70,-0.669%,54459098544.00,United States,,436588,Consumer Discretionary,Auto Manufacturing
PCB,PCB Bancorp Common Stock,$20.30,0.22,1.096%,289614518.00,United States,2018,4721,Finance,Major Banks
PCF,High Income Securities Fund Common Stock,$6.54,0.08,1.238%,0.00,United States,,131412,Finance,Trusts Except Educational Religious and Charitable
PCG,Pacific Gas & Electric Co. Common Stock,$20.115,-0.025,-0.124%,57924426334.00,United States,,3067342,Utilities,Power Generation
PCG^A,Pacific Gas & Electric Co. 6% Preferred Stock,$23.81,0.08,0.337%,,United States,,6095,,
PCG^B,Pacific Gas & Electric Co. 5 1/2% Preferred Stock,$21.01,-0.0001,0.00%,,United States,,101,,
PCG^C,Pacific Gas & Electric Co. 5% 1st Preferred Stock,$20.8911,0.00,0.00%,,United States,,55,,
PCG^D,Pacific Gas & Electric Co. 5% 1st  Red. Preferred Stock,$19.2401,-0.0036,-0.019%,,United States,,2521,,
PCG^G,Pacific Gas & Electric Co. 4.80% 1st Preferred Stock,$18.40,0.30,1.657%,,United States,,1550,,
PCG^H,Pacific Gas & Electric Co. 4.50% 1st Preferred Stock,$18.00,-0.08,-0.442%,,United States,,236,,
PCG^I,Pacific Gas & Electric Co. 4.36% 1st Preferred Stock,$17.11,-0.40,-2.284%,,United States,,399,,
PCG^X,PG&E Corp 6.000% Series A Mandatory Convertible Preferred Stock,$49.83,-0.09,-0.18%,,United States,,259774,,
PCH,PotlatchDeltic Corporation Common Stock,$38.80,-0.08,-0.206%,3056004400.00,United States,,111307,Real Estate,Real Estate Investment Trusts
PCK,Pimco California Municipal Income Fund II Common Shares of Beneficial Interest,$5.70,0.01,0.176%,0.00,United States,2002,85082,Finance,Trusts Except Educational Religious and Charitable
PCM,PCM Fund Inc. Common Stock,$7.662,0.032,0.419%,0.00,United States,1993,19014,Finance,Trusts Except Educational Religious and Charitable
PCN,Pimco Corporate & Income Strategy Fund Common Stock,$13.38,-0.04,-0.298%,0.00,United States,2001,149858,Finance,Investment Managers
PCOR,Procore Technologies Inc. Common Stock,$76.275,-0.085,-0.111%,11339339430.00,United States,2021,293852,Technology,Computer Software: Prepackaged Software
PCQ,PIMCO California Municipal Income Fund Common Stock,$9.02,0.04,0.445%,0.00,United States,2001,52938,Finance,Investment Managers
PCRX,Pacira BioSciences Inc. Common Stock,$19.09,-0.56,-2.85%,881447152.00,United States,2011,127579,Health Care,Biotechnology: Pharmaceutical Preparations
PCSA,Processa Pharmaceuticals Inc. Common Stock,$0.8789,-0.0311,-3.418%,2871317.00,United States,,81995,Health Care,Biotechnology: Pharmaceutical Preparations
PCSC,Perceptive Capital Solutions Corp Class A Ordinary Shares,$10.13,0.00,0.00%,0.00,United States,2024,10,,
PCT,PureCycle Technologies Inc. Common stock,$10.48,-0.11,-1.039%,1818193435.00,United States,,710634,Industrials,Major Chemicals
PCTTU,PureCycle Technologies Inc. Unit,$15.72,0.00,0.00%,2727290153.00,United States,,15,Industrials,Major Chemicals
PCTTW,PureCycle Technologies Inc. Warrant,$3.45,-0.18,-4.959%,598546503.00,United States,,101,Industrials,Major Chemicals
PCTY,Paylocity Holding Corporation Common Stock,$199.435,-0.225,-0.113%,11117856676.00,United States,2014,110857,Technology,Computer Software: Prepackaged Software
PCVX,Vaxcyte Inc. Common Stock,$81.00,0.03,0.037%,10095560226.00,United States,2020,278444,Health Care,Biotechnology: Pharmaceutical Preparations
PCYO,Pure Cycle Corporation Common Stock,$12.61,0.06,0.478%,303561715.00,United States,,11637,Utilities,Water Supply
PD,PagerDuty Inc. Common Stock,$17.84,0.01,0.056%,1608366484.00,United States,2019,372993,Technology,Computer Software: Prepackaged Software
PDCC,Pearl Diver Credit Company Inc. Common Stock,$20.45,0.00,0.00%,0.00,,2024,78,,
PDCO,Patterson Companies Inc. Common Stock,$30.875,0.025,0.081%,2726756500.00,United States,1992,950423,Health Care,Medical Specialities
PDD,PDD Holdings Inc. American Depositary Shares,$94.74,-2.71,-2.781%,130350187840.00,China,2018,5396757,Consumer Discretionary,Business Services
PDEX,Pro-Dex Inc. Common Stock,$47.83,-1.47,-2.982%,155894137.00,United States,,8427,Health Care,Medical/Dental Instruments
PDFS,PDF Solutions Inc. Common Stock,$27.70,-0.19,-0.681%,1074008333.00,United States,2001,49593,Technology,Computer Software: Prepackaged Software
PDI,PIMCO Dynamic Income Fund Common Stock,$18.277,-0.163,-0.884%,4442955930.00,United States,2012,1704234,Finance,Trusts Except Educational Religious and Charitable
PDLB,Ponce Financial Group Inc. Common Stock,$12.85,0.09,0.705%,306203614.00,United States,2017,14053,Finance,Savings Institutions
PDM,Piedmont Office Realty Trust Inc. Class A Common Stock,$8.795,-0.015,-0.17%,1090579543.00,United States,,150120,Real Estate,Building operators
PDO,PIMCO Dynamic Income Opportunities Fund Common Shares of Beneficial Interest,$13.39,0.10,0.752%,1477160042.00,United States,2021,482800,Finance,Trusts Except Educational Religious and Charitable
PDPA,Pearl Diver Credit Company Inc. 8.00% Series A Preferred Stock Due 2029,$24.88,-0.11,-0.44%,0.00,,,4687,,
PDS,Precision Drilling Corporation Common Stock,$59.96,2.27,3.935%,853683078.00,Canada,,28097,Energy,Oil & Gas Production
PDSB,PDS Biotechnology Corporation Common Stock,$1.695,-0.015,-0.877%,63408487.00,United States,2015,209377,Health Care,Biotechnology: Pharmaceutical Preparations
PDT,John Hancock Premium Dividend Fund,$12.59,0.09,0.72%,0.00,United States,,104651,Finance,Finance Companies
PDX,PIMCO Dynamic Income Strategy Fund Common Shares of Beneficial Interest,$26.0718,-0.3782,-1.43%,1165591963.00,,2019,54964,Finance,Finance/Investors Services
PDYN,Palladyne AI Corp. Common Stock,$13.3856,1.6156,13.726%,403072528.00,United States,,27310766,Technology,Computer Software: Prepackaged Software
PDYNW,Palladyne AI Corp Warrants,$1.08,0.095,9.645%,32521391.00,United States,,1036725,Technology,Computer Software: Prepackaged Software
PEB,Pebblebrook Hotel Trust Common Shares of Beneficial Interest,$13.5113,-0.0687,-0.506%,1617214003.00,United States,2009,196289,Real Estate,Real Estate Investment Trusts
PEB^E,Pebblebrook Hotel Trust 6.375% Series E Cumulative Redeemable Preferred Shares of Beneficial Interest,$20.3499,-0.0601,-0.294%,,United States,,8744,,
PEB^F,Pebblebrook Hotel Trust 6.3% Series F Cumulative Redeemable Preferred Shares of Beneficial Interest,$20.55,0.035,0.171%,,United States,,8601,,
PEB^G,Pebblebrook Hotel Trust 6.375% Series G Cumulative Redeemable Preferred Shares of Beneficial Interest,$20.60,0.11,0.537%,,United States,,1126,,
PEB^H,Pebblebrook Hotel Trust 5.700% Series H Cumulative Redeemable Preferred Shares of Beneficial Interest,$17.77,-0.50,-2.737%,,United States,,7318,,
PEBK,Peoples Bancorp of North Carolina Inc. Common Stock,$31.6209,-0.0091,-0.029%,172575678.00,United States,,1570,Finance,Major Banks
PEBO,Peoples Bancorp Inc. Common Stock,$31.985,0.085,0.266%,1136690255.00,United States,,47197,Finance,Major Banks
PECO,Phillips Edison & Company Inc. Common Stock,$37.215,-0.465,-1.234%,4562559000.00,United States,2021,179122,Real Estate,Real Estate Investment Trusts
PED,Pedevco Corp. Common Stock,$0.7697,0.0227,3.039%,68884507.00,United States,,54322,Energy,Oil & Gas Production
PEG,Public Service Enterprise Group Incorporated Common Stock,$84.4428,-0.4872,-0.574%,42071549580.00,United States,,396382,Utilities,Power Generation
PEGA,Pegasystems Inc. Common Stock,$93.645,-0.815,-0.863%,8030415350.00,United States,1996,93781,Technology,EDP Services
PEN,Penumbra Inc. Common Stock,$240.17,0.32,0.133%,9217532224.00,United States,2015,65044,Health Care,Medical/Dental Instruments
PENG,Penguin Solutions Inc. Ordinary Shares,$18.92,-0.45,-2.323%,1008244284.00,United States,2017,141146,Technology,Semiconductors
PENN,PENN Entertainment Inc. Common Stock,$18.885,0.195,1.043%,2882406257.00,United States,1994,1561269,Consumer Discretionary,Hotels/Resorts
PEO,Adams Natural Resources Fund Inc. Common Stock,$21.51,0.07,0.326%,0.00,United States,,38975,Finance,Finance/Investors Services
PEP,PepsiCo Inc. Common Stock,$152.055,-0.835,-0.546%,208617791196.00,United States,,2198931,Consumer Staples,Beverages (Production/Distribution)
PEPG,PepGen Inc. Common Stock,$3.90,-0.02,-0.51%,127123374.00,United States,2022,18392,Health Care,Biotechnology: Pharmaceutical Preparations
PERF,Perfect Corp. Class A Ordinary Share,$3.16,0.61,23.922%,321841800.00,Taiwan,2022,713229,Technology,Computer Software: Prepackaged Software
PERI,Perion Network Ltd. Ordinary Shares,$8.51,0.06,0.71%,408406337.00,Israel,2006,174095,Technology,EDP Services
PESI,Perma-Fix Environmental Services Inc. Common Stock,$10.79,-0.06,-0.553%,170783872.00,United States,,33163,Industrials,Environmental Services
PET,Wag! Group Co. Common Stock,$0.2959,0.0707,31.394%,14733192.00,United States,2021,2038563,Consumer Discretionary,Other Consumer Services
PETS,PetMed Express Inc. Common Stock,$4.994,-0.166,-3.217%,103192111.00,United States,,108561,Consumer Staples,Retail-Drug Stores and Proprietary Stores
PETWW,Wag! Group Co Warrant,$0.0198,0.0073,58.40%,985864.00,United States,2021,52719,Consumer Discretionary,Other Consumer Services
PETZ,TDH Holdings Inc. Common Shares,$1.3419,0.1422,11.853%,13852793.00,China,2017,80294,Industrials,Steel/Iron Ore
PEV,Phoenix Motor Inc. Common Stock,$0.312,0.0243,8.446%,11746330.00,United States,2022,1548375,Consumer Discretionary,Construction/Ag Equipment/Trucks
PFBC,Preferred Bank Common Stock,$87.31,0.61,0.704%,1253484350.00,United States,,29843,Finance,Major Banks
PFC,Premier Financial Corp. Common Stock,$25.80,0.03,0.116%,924704095.00,United States,,41228,Finance,Major Banks
PFD,Flaherty & Crumrine Preferred and Income Fund Incorporated,$11.09,0.07,0.635%,0.00,United States,1991,37699,Finance,Investment Managers
PFE,Pfizer Inc. Common Stock,$26.505,-0.115,-0.432%,150203570878.00,United States,,14387639,Health Care,Biotechnology: Pharmaceutical Preparations
PFG,Principal Financial Group Inc Common Stock,$77.38,-0.33,-0.425%,17698807279.00,United States,2001,154987,Finance,Accident &Health Insurance
PFGC,Performance Food Group Company Common Stock,$84.6325,-0.4275,-0.503%,13186173264.00,United States,2015,122147,Consumer Discretionary,Food Distributors
PFH,Prudential Financial Inc. 4.125% Junior Subordinated Notes due 2060,$18.00,0.09,0.503%,6426000000.00,United States,2020,44725,Finance,Life Insurance
PFIE,Profire Energy Inc. Common Stock,$2.545,0.00,0.00%,117578300.00,United States,,75931,Industrials,Metal Fabrications
PFIS,Peoples Financial Services Corp. Common Stock,$51.24,0.15,0.294%,512125712.00,United States,,4211,Finance,Major Banks
PFL,PIMCO Income Strategy Fund Shares of Beneficial Interest,$8.30,-0.02,-0.24%,0.00,United States,2003,87200,Finance,Finance Companies
PFLT,PennantPark Floating Rate Capital Ltd. Common Stock,$10.85,0.02,0.185%,903044372.00,United States,2022,498789,Finance,Finance: Consumer Services
PFN,PIMCO Income Strategy Fund II,$7.395,-0.045,-0.605%,0.00,United States,2004,139431,Finance,Finance/Investors Services
PFO,Flaherty & Crumrine Preferred and Income Opportunity Fund Incorporated,$8.915,-0.07,-0.779%,0.00,United States,1992,114311,Finance,Finance Companies
PFS,Provident Financial Services Inc Common Stock,$18.90,0.03,0.159%,2466229380.00,United States,2003,86222,Finance,Savings Institutions
PFSI,PennyMac Financial Services Inc. Common Stock,$101.715,-0.355,-0.348%,5213687941.00,United States,2013,50932,Finance,Finance: Consumer Services
PFX,PhenixFIN Corporation Common Stock,$50.797,0.4647,0.923%,102598663.00,United States,,485,Finance,Finance: Consumer Services
PFXNZ,PhenixFIN Corporation  5.25% Notes due 2028,$22.76,-0.04,-0.175%,45970147.00,United States,,1411,Finance,Finance: Consumer Services
PG,Procter & Gamble Company (The) Common Stock,$167.80,-1.73,-1.02%,395176002126.00,United States,,1729777,Consumer Discretionary,Package Goods/Cosmetics
PGC,Peapack-Gladstone Financial Corporation Common Stock,$32.04,-0.10,-0.311%,563433204.00,United States,,11041,Finance,Commercial Banks
PGEN,Precigen Inc. Common Stock,$0.9247,0.1984,27.317%,270816054.00,United States,,3729215,Health Care,Biotechnology: Pharmaceutical Preparations
PGHL,Primega Group Holdings Limited Ordinary Shares,$1.57,-0.01,-0.633%,37680000.00,Hong Kong,2024,1581806,Consumer Discretionary,General Bldg Contractors - Nonresidential Bldgs
PGNY,Progyny Inc. Common Stock,$16.79,-0.11,-0.651%,1429723353.00,United States,2019,785712,Health Care,Misc Health and Biotechnology Services
PGP,Pimco Global StocksPlus & Income Fund Common Shares of Beneficial Interest,$7.8108,0.0508,0.655%,0.00,United States,2005,26508,Finance,Finance Companies
PGR,Progressive Corporation (The) Common Stock,$239.75,-1.27,-0.527%,140448307844.00,United States,,551343,Finance,Property-Casualty Insurers
PGRE,Paramount Group Inc. Common Stock,$4.815,-0.035,-0.722%,1047351996.00,United States,2014,130888,Real Estate,Real Estate Investment Trusts
PGY,Pagaya Technologies Ltd. Class A Ordinary Shares,$9.44,-0.21,-2.176%,695309147.00,Israel,,1062469,Finance,Finance: Consumer Services
PGYWW,Pagaya Technologies Ltd. Warrants,$0.0749,-0.0051,-6.375%,5516807.00,Israel,,38740,Finance,Finance: Consumer Services
PGZ,Principal Real Estate Income Fund Common Shares of Beneficial Interest,$9.76,-0.10,-1.014%,0.00,,2013,69812,Finance,Investment Managers
PH,Parker-Hannifin Corporation Common Stock,$639.81,-4.00,-0.621%,82356620238.00,United States,,149114,Industrials,Metal Fabrications
PHAR,Pharming Group N.V. ADS each representing 10 ordinary shares,$9.976,-0.244,-2.387%,669462664.00,Netherlands,,3769,Health Care,Biotechnology: Pharmaceutical Preparations
PHAT,Phathom Pharmaceuticals Inc. Common Stock,$8.00,-0.18,-2.20%,547019032.00,United States,2019,353315,Health Care,Biotechnology: Pharmaceutical Preparations
PHD,Pioneer Floating Rate Fund Inc.,$9.70,0.00,0.00%,0.00,United States,2004,47144,Finance,Investment Managers
PHG,Koninklijke Philips N.V. NY Registry Shares,$25.35,-0.22,-0.86%,22977320005.00,Netherlands,,157537,Health Care,Medical Electronics
PHGE,BiomX Inc. COmmon Stock,$0.6998,-0.0456,-6.118%,12719986.00,,2019,141392,Health Care,Biotechnology: Biological Products (No Diagnostic Substances)
PHH,Park Ha Biological Technology Co. Ltd. Ordinary Shares,$4.85,0.78,19.165%,127070000.00,China,2002,306538,Consumer Discretionary,Package Goods/Cosmetics
PHI,PLDT Inc. Sponsored ADR,$22.0242,-0.0458,-0.208%,4758455600.00,Philippines,,14288,Telecommunications,Telecommunications Equipment
PHIN,PHINIA Inc. Common Stock,$47.63,-0.60,-1.244%,2003231780.00,United States,2023,70824,Consumer Discretionary,Auto Parts:O.E.M.
PHIO,Phio Pharmaceuticals Corp. Common Stock,$1.89,-0.04,-2.073%,1994364.00,United States,,81543,Health Care,Biotechnology: Pharmaceutical Preparations
PHK,Pimco High Income Fund,$4.8889,-0.0011,-0.022%,0.00,United States,2003,406777,Finance,Finance/Investors Services
PHLT,Performant Healthcare Inc. Common Stock,$2.94,-0.14,-4.545%,230176610.00,United States,2012,50947,Consumer Discretionary,Other Consumer Services
PHM,PulteGroup Inc. Common Stock,$109.2252,-0.2948,-0.269%,22400142236.00,United States,,454305,Consumer Discretionary,Homebuilding
PHR,Phreesia Inc. Common Stock,$25.92,0.16,0.621%,1506576205.00,United States,2019,83792,Consumer Discretionary,Business Services
PHT,Pioneer High Income Fund Inc.,$7.715,0.005,0.065%,0.00,United States,,23122,Finance,Investment Managers
PHUN,Phunware Inc. Common Stock,$5.51,-0.22,-3.839%,109583899.00,Greece,2016,1779498,Technology,EDP Services
PHVS,Pharvaris N.V. Ordinary Shares,$19.325,-0.105,-0.54%,1010508347.00,Netherlands,2021,11668,Health Care,Biotechnology: Pharmaceutical Preparations
PHX,PHX Minerals Inc. Common Stock,$4.00,0.03,0.756%,149923160.00,United States,2003,117380,Energy,Oil & Gas Production
PI,Impinj Inc. Common Stock,$146.335,-1.515,-1.025%,4139606574.00,United States,2016,109442,Technology,Industrial Machinery/Components
PII,Polaris Inc. Common Stock,$57.465,0.035,0.061%,3204840749.00,United States,,350926,Consumer Discretionary,Industrial Specialties
PIII,P3 Health Partners Inc. Class A Common Stock,$0.2035,0.0035,1.75%,73019927.00,United States,2021,316855,Health Care,Medical/Nursing Services
PIIIW,P3 Health Partners Inc. Warrant,$0.0101,-0.0014,-12.174%,3624085.00,United States,2021,107134,Health Care,Medical/Nursing Services
PIM,Putnam Master Intermediate Income Trust Common Stock,$3.22,-0.01,-0.31%,161815929.00,United States,1988,60704,Finance,Finance Companies
PINC,Premier Inc. Class A Common Stock,$21.24,-0.56,-2.569%,2041346558.00,United States,2013,481803,Consumer Discretionary,Other Consumer Services
PINE,Alpine Income Property Trust Inc. Common Stock,$16.58,0.37,2.283%,236645975.00,United States,2019,67575,Real Estate,Real Estate Investment Trusts
PINS,Pinterest Inc. Class A Common Stock,$29.31,-0.25,-0.846%,19808466713.00,United States,2019,1907580,Technology,Computer Software: Programming Data Processing
PIPR,Piper Sandler Companies Common Stock,$299.22,-1.88,-0.624%,5319987376.00,United States,,27271,Finance,Investment Bankers/Brokers/Service
PITA,Heramba Electric plc Ordinary Shares,$1.33,0.0001,0.008%,62567731.00,Germany,,49848,Miscellaneous,Industrial Machinery/Components
PITAW,Heramba Electric plc Warrants,$0.0414,-0.0385,-48.185%,1947597.00,Germany,,500,Miscellaneous,Industrial Machinery/Components
PJT,PJT Partners Inc. Class A Common Stock,$157.46,-2.11,-1.322%,3732129044.00,United States,2015,84938,Finance,Investment Managers
PK,Park Hotels & Resorts Inc. Common Stock ,$14.845,-0.075,-0.503%,3064076569.00,United States,2016,1719756,Consumer Discretionary,Hotels/Resorts
PKBK,Parke Bancorp Inc. Common Stock,$20.54,-0.14,-0.677%,244109561.00,United States,,3499,Finance,Major Banks
PKE,Park Aerospace Corp. Common Stock,$14.665,0.145,0.999%,292739680.00,United States,,13227,Industrials,Military/Government/Technical
PKG,Packaging Corporation of America Common Stock,$224.665,-2.425,-1.068%,20176027294.00,United States,2000,272030,Consumer Discretionary,Containers/Packaging
PKOH,Park-Ohio Holdings Corp. Common Stock,$26.08,0.26,1.007%,366212517.00,United States,,11125,Industrials,Industrial Specialties
PKST,Peakstone Realty Trust Common Shares,$11.0574,-0.0126,-0.114%,402293102.00,United States,2023,164820,Real Estate,Real Estate Investment Trusts
PKX,POSCO HOLDINGS INC. American Depositary Shares (Each representing 1/4th of a share of Common Stock),$43.34,-0.03,-0.069%,13153899246.00,South Korea,1994,125026,Industrials,Steel/Iron Ore
PL,Planet Labs PBC Class A Common Stock,$4.2412,-0.1388,-3.169%,1258401486.00,United States,2021,3455937,Technology,Radio And Television Broadcasting And Communications Equipment
PLAB,Photronics Inc. Common Stock,$23.715,-0.205,-0.857%,1501998726.00,United States,1987,195412,Technology,Semiconductors
PLAG,Planet Green Holdings Corp. Common Stock,$2.6088,0.1088,4.352%,18999144.00,China,,5217,Consumer Staples,Packaged Foods
PLAO,Patria Latin American Opportunity Acquisition Corp. Class A Ordinary Shares,$11.63,0.00,0.00%,0.00,Cayman Islands,2022,15,Finance,Blank Checks
PLAY,Dave & Buster's Entertainment Inc. Common Stock,$28.84,-0.30,-1.03%,1110423232.00,United States,2014,625987,Consumer Discretionary,Restaurants
PLBC,Plumas Bancorp,$46.50,-0.46,-0.98%,274225985.00,United States,,1174,Finance,Finance Companies
PLBY,PLBY Group Inc. Common Stock,$1.5007,0.0007,0.047%,134442774.00,United States,2020,336863,Consumer Discretionary,Other Specialty Stores
PLCE,Children's Place Inc. (The) Common Stock,$10.595,-0.355,-3.242%,135365630.00,United States,1997,160072,Consumer Discretionary,Clothing/Shoe/Accessory Stores
PLD,Prologis Inc. Common Stock,$104.77,-0.47,-0.447%,97035354750.00,United States,,1474168,Real Estate,Real Estate Investment Trusts
PLG,Platinum Group Metals Ltd. Ordinary Shares (Canada),$1.29,-0.04,-3.008%,132199391.00,Canada,,208987,Basic Materials,Precious Metals
PLL,Piedmont Lithium Inc. Common Stock,$8.8272,-0.3428,-3.738%,171579865.00,United States,,271209,Industrials,Mining & Quarrying of Nonmetallic Minerals (No Fuels)
PLMJ,Plum Acquisition Corp. III Class A Ordinary Shares,$11.10,0.00,0.00%,0.00,United States,2021,301,,
PLMJW,Plum Acquisition Corp. III Warrant,$0.196,0.00,0.00%,0.00,United States,2021,341,,
PLMR,Palomar Holdings Inc. Common stock,$104.50,0.11,0.105%,2765683102.00,United States,2019,26130,Finance,Property-Casualty Insurers
PLNT,Planet Fitness Inc. Common Stock,$100.54,0.78,0.782%,8505063668.00,United States,2015,180082,Consumer Discretionary,Hotels/Resorts
PLOW,Douglas Dynamics Inc. Common Stock,$23.25,-0.07,-0.30%,536936593.00,United States,2010,42654,Industrials,Construction/Ag Equipment/Trucks
PLPC,Preformed Line Products Company Common Stock,$128.025,1.055,0.831%,627014728.00,United States,,7228,Industrials,Water Sewer Pipeline Comm & Power Line Construction
PLRX,Pliant Therapeutics Inc. Common Stock,$12.87,-0.69,-5.088%,783186128.00,United States,2020,111120,Health Care,Biotechnology: Pharmaceutical Preparations
PLRZ,Polyrizon Ltd. Ordinary Shares,$2.14,0.50,30.488%,8652521.00,Israel,2024,16316437,,
PLSE,Pulse Biosciences Inc Common Stock (DE),$17.675,-0.345,-1.915%,1087307266.00,United States,2016,42718,Health Care,Medical/Dental Instruments
PLTK,Playtika Holding Corp. Common Stock,$7.005,0.235,3.471%,2610855679.00,Israel,2021,497162,Technology,EDP Services
PLTR,Palantir Technologies Inc. Class A Common Stock,$78.535,-0.545,-0.689%,178825451560.00,United States,,40661260,Technology,Computer Software: Prepackaged Software
PLUG,Plug Power Inc. Common Stock,$2.275,-0.105,-4.412%,2072973029.00,United States,1999,28133597,Energy,Industrial Machinery/Components
PLUR,Pluri Inc. Common Stock,$4.35,-0.20,-4.396%,24180180.00,Israel,,2135,Health Care,Biotechnology: Biological Products (No Diagnostic Substances)
PLUS,ePlus inc. Common Stock,$73.36,-0.14,-0.19%,1966266026.00,United States,1996,116556,Technology,Retail: Computer Software & Peripheral Equipment
PLX,Protalix BioTherapeutics Inc. (DE) Common Stock,$1.91,0.08,4.372%,140640144.00,Israel,,624145,Health Care,Biotechnology: Biological Products (No Diagnostic Substances)
PLXS,Plexus Corp. Common Stock,$157.685,-0.105,-0.067%,4272063359.00,United States,,32686,Technology,Electrical Products
PLYA,Playa Hotels & Resorts N.V. Ordinary Shares,$12.335,0.005,0.041%,1499376201.00,Netherlands,,267458,Consumer Discretionary,Hotels/Resorts
PLYM,Plymouth Industrial REIT Inc. Common Stock,$17.65,-0.08,-0.451%,801119133.00,United States,2017,100938,Real Estate,Real Estate Investment Trusts
PM,Philip Morris International Inc Common Stock,$119.53,-1.92,-1.581%,185849237497.00,United States,,1351931,Health Care, Medicinal Chemicals and Botanical Products 
PMAX,Powell Max Limited Class A Ordinary Shares,$2.10,-0.08,-3.67%,30970498.00,Hong Kong,2024,27693,Consumer Discretionary,Other Consumer Services
PMCB,PharmaCyte  Biotech Inc. Common Stock,$1.57,0.00,0.00%,10939970.00,United States,,9909,Health Care,Biotechnology: Biological Products (No Diagnostic Substances)
PMEC,Primech Holdings Ltd. Ordinary Shares,$0.715,-0.017,-2.322%,27205750.00,Singapore,2023,63427,Finance,Diversified Commercial Services
PMF,PIMCO Municipal Income Fund Common Stock,$8.95,0.01,0.112%,0.00,United States,2001,72845,Finance,Finance/Investors Services
PML,Pimco Municipal Income Fund II Common Shares of Beneficial Interest,$8.08,0.03,0.373%,0.00,United States,2002,302818,Finance,Investment Managers
PMM,Putnam Managed Municipal Income Trust Common Stock,$6.03,0.01,0.166%,293895018.00,United States,1989,183140,Finance,Investment Managers
PMN,ProMIS Neurosciences Inc. Common Shares (ON),$0.9001,0.0001,0.011%,26899895.00,Canada,,30708,Health Care,Biotechnology: Pharmaceutical Preparations
PMNT,Perfect Moment Ltd. Common Stock,$0.95,-0.0445,-4.475%,15212245.00,United Kingdom,2024,41374,,
PMO,Putnam Municipal Opportunities Trust Common Stock,$10.07,0.032,0.319%,342194380.00,United States,1993,72954,Finance,Finance Companies
PMT,PennyMac Mortgage Investment Trust Common Shares of Beneficial Interest,$12.465,-0.085,-0.677%,1082721866.00,United States,2009,574901,Real Estate,Real Estate Investment Trusts
PMT^A,PennyMac Mortgage Investment Trust 8.125% Series A Fixed-to-Floating Rate Cumulative Redeemable Preferred Shares of Beneficial Interest,$23.17,-0.28,-1.194%,,United States,,21781,,
PMT^B,PennyMac Mortgage Investment Trust 8.00% Series B Fixed-to-Floating Rate Cumulative Redeemable Preferred Shares of Beneficial Interest,$23.27,-0.23,-0.979%,,United States,,12947,,
PMT^C,PennyMac Mortgage Investment Trust 6.75% Series C Cumulative Redeemable Preferred Shares of Beneficial Interest,$18.90,-0.04,-0.211%,,United States,,36419,,
PMTS,CPI Card Group Inc. Common Stock,$31.25,-0.65,-2.038%,348731813.00,United States,,16768,Consumer Discretionary,Publishing
PMTU,PennyMac Mortgage Investment Trust 8.50% Senior Notes due 2028,$25.4299,0.0899,0.355%,2208865527.00,United States,2023,822,Real Estate,Real Estate Investment Trusts
PMVP,PMV Pharmaceuticals Inc. Common Stock,$1.485,-0.015,-1.00%,76844488.00,United States,2020,21147,Health Care,Biotechnology: Pharmaceutical Preparations
PMX,PIMCO Municipal Income Fund III Common Shares of Beneficial Interest,$7.27,0.01,0.138%,0.00,United States,2002,124513,Finance,Trusts Except Educational Religious and Charitable
PNBK,Patriot National Bancorp Inc. Common Stock,$1.955,0.015,0.773%,7773223.00,United States,,23360,Finance,Major Banks
PNC,PNC Financial Services Group Inc. (The) Common Stock,$192.64,-0.64,-0.331%,76436359570.00,United States,,287621,Finance,Major Banks
PNF,PIMCO New York Municipal Income Fund Common Stock,$7.405,0.005,0.068%,0.00,United States,2001,80226,Finance,Finance Companies
PNFP,Pinnacle Financial Partners Inc. Common Stock,$114.20,-0.01,-0.009%,8821396130.00,United States,,66551,Finance,Major Banks
PNFPP,Pinnacle Financial Partners Inc. Depositary shares of Pinnacle Financial Partners Inc. each representing a 1/40th Interest in a share of its 6.75% Fixed-Rate Non-Cumulative Perpetual Preferred Stock Series B,$24.79,0.155,0.629%,1914907269.00,United States,,4536,Finance,Major Banks
PNI,Pimco New York Municipal Income Fund II Common Shares of Beneficial Interest,$7.1701,0.0201,0.281%,0.00,United States,2002,71731,Finance,Trusts Except Educational Religious and Charitable
PNNT,PennantPark Investment Corporation Common Stock,$7.06,0.07,1.001%,460990424.00,United States,2022,280848,Finance,Finance: Consumer Services
PNR,Pentair plc. Ordinary Share,$100.62,-0.52,-0.514%,16625559118.00,Switzerland,,220198,Industrials,Industrial Machinery/Components
PNRG,PrimeEnergy Resources Corporation Common Stock,$219.80,3.38,1.562%,377506500.00,United States,,15325,Energy,Oil & Gas Production
PNST,Pinstripes Holdings Inc. Class A Common Stock,$0.4343,-0.0172,-3.81%,17410125.00,,2022,44455,Consumer Discretionary,Restaurants
PNTG,The Pennant Group Inc. Common Stock ,$26.29,-0.34,-1.277%,903018621.00,United States,,50228,Health Care,Medical/Nursing Services
PNW,Pinnacle West Capital Corporation Common Stock,$84.69,-0.26,-0.306%,9629237756.00,United States,,226346,Utilities,Electric Utilities: Central
POAI,Predictive Oncology Inc. Common Stock,$0.858,-0.132,-13.333%,5720280.00,United States,,172168,Health Care,Industrial Specialties
POCI,Precision Optics Corporation Inc. Common stock,$4.81,-0.20,-3.992%,30544318.00,United States,,5362,Health Care,Biotechnology: Electromedical & Electrotherapeutic Apparatus
PODC,PodcastOne Inc. Common Stock,$2.0496,-0.2792,-11.989%,50088453.00,United States,,15849,Technology,Computer Software: Programming Data Processing
PODD,Insulet Corporation Common Stock,$263.65,-1.47,-0.554%,18493669929.00,United States,2007,138826,Health Care,Medical/Dental Instruments
POET,POET Technologies Inc. Common Shares,$6.49,-0.47,-6.753%,458912768.00,Canada,,1866312,Technology,Semiconductors
POLA,Polar Power Inc. Common Stock,$3.59,0.81,29.137%,9006599.00,United States,2016,718150,Miscellaneous,Industrial Machinery/Components
POLE,Andretti Acquisition Corp. II Class A Ordinary Shares,$10.00,0.00,0.00%,0.00,United States,2024,34,,
POLEU,Andretti Acquisition Corp. II Unit,$10.05,0.00,0.00%,0.00,United States,2024,213,,
POLEW,Andretti Acquisition Corp. II Warrant,$0.14,-0.002,-1.408%,0.00,United States,2024,746,,
PONY,Pony AI Inc. American Depositary Shares ,$15.445,1.725,12.573%,5404915151.00,China,2024,1214589,Technology,EDP Services
POOL,Pool Corporation Common Stock,$341.85,-3.25,-0.942%,13009281905.00,United States,1995,103719,Consumer Discretionary,Industrial Specialties
POR,Portland General Electric Co Common Stock,$43.535,0.015,0.034%,4591009111.00,United States,,362041,Utilities,Electric Utilities: Central
POST,Post Holdings Inc. Common Stock,$113.51,-0.97,-0.847%,6635031472.00,United States,2012,110382,Consumer Staples,Packaged Foods
POWI,Power Integrations Inc. Common Stock,$62.06,-0.94,-1.492%,3529018379.00,United States,1997,106263,Technology,Semiconductors
POWL,Powell Industries Inc. Common Stock,$229.2893,-1.7807,-0.771%,2755701529.00,United States,,178221,Energy,Electrical Products
POWW,AMMO Inc. Common Stock,$1.0799,0.0199,1.877%,128245396.00,United States,,602503,Industrials,Ordnance And Accessories
POWWP,AMMO Inc. 8.75% Series A Cumulative Redeemable Perpetual Preferred Stock,$19.0255,0.1755,0.931%,2259406224.00,United States,,12230,Industrials,Ordnance And Accessories
PPBI,Pacific Premier Bancorp Inc,$24.765,0.035,0.142%,2388352078.00,United States,,119179,Finance,Major Banks
PPBT,Purple Biotech Ltd. American Depositary Shares,$4.30,-0.06,-1.376%,6079327.00,Israel,2015,120241,Health Care,Biotechnology: Pharmaceutical Preparations
PPC,Pilgrim's Pride Corporation Common Stock,$45.39,-0.53,-1.154%,10763015739.00,United States,,275188,Consumer Staples,Meat/Poultry/Fish
PPG,PPG Industries Inc. Common Stock,$119.525,-0.855,-0.71%,27729800000.00,United States,,457961,Consumer Discretionary,Paints/Coatings
PPIH,Perma-Pipe International Holdings Inc. Common Stock,$15.39,-0.51,-3.208%,122851722.00,United States,,32890,Industrials,Pollution Control Equipment
PPL,PPL Corporation Common Stock,$32.365,-0.155,-0.477%,23884399212.00,United States,,851320,Utilities,Electric Utilities: Central
PPSI,Pioneer Power Solutions Inc. Common Stock,$4.175,0.095,2.328%,45977200.00,United States,,60425,Industrials,Electrical Products
PPT,Putnam Premier Income Trust Common Stock,$3.51,0.00,0.00%,349344203.00,United States,1988,167374,Finance,Finance Companies
PPTA,Perpetua Resources Corp. Common Shares,$10.90,-0.30,-2.679%,703164570.00,Canada,,412950,Basic Materials,Precious Metals
PPYA,Papaya Growth Opportunity Corp. I Class A Common Stock,$11.20,0.00,0.00%,0.00,United States,2022,55,Finance,Blank Checks
PPYAW,Papaya Growth Opportunity Corp. I Warrant,$0.0201,0.0088,77.876%,0.00,United States,2022,6600,Finance,Blank Checks
PR,Permian Resources Corporation Class A Common Stock,$14.24,0.39,2.816%,11439906934.00,United States,2022,2486865,Energy,Oil & Gas Production
PRA,ProAssurance Corporation Common Stock,$15.64,-0.02,-0.128%,800084579.00,United States,,35624,Finance,Property-Casualty Insurers
PRAA,PRA Group Inc. Common Stock,$20.84,0.38,1.857%,821652386.00,United States,2002,88958,Finance,Finance: Consumer Services
PRAX,Praxis Precision Medicines Inc. Common Stock,$76.15,-0.85,-1.104%,1419266719.00,United States,2020,37239,Health Care,Biotechnology: Pharmaceutical Preparations
PRCH,Porch Group Inc. Common Stock,$5.56,0.12,2.206%,664662321.00,United States,2020,636453,Technology,Computer Software: Prepackaged Software
PRCT,PROCEPT BioRobotics Corporation Common Stock,$81.585,-0.425,-0.518%,4257365067.00,United States,2021,163691,Health Care,Medical/Dental Instruments
PRDO,Perdoceo Education Corporation Common Stock,$26.30,-0.01,-0.038%,1728340189.00,United States,,66076,Real Estate,Other Consumer Services
PRE,Prenetics Global Limited Class A Ordinary Share,$5.85,0.1462,2.563%,71400420.00,Hong Kong,,10799,Finance,Blank Checks
PRENW,Prenetics Global Limited Warrant,$0.0107,0.0008,8.081%,130596.00,Hong Kong,,21313,Finance,Blank Checks
PRFX,PainReform Ltd. Ordinary Shares,$3.2754,-0.2246,-6.417%,1823130.00,Israel,2020,176695,Health Care,Biotechnology: Pharmaceutical Preparations
PRG,PROG Holdings Inc. Common Stock,$42.49,0.34,0.807%,1765179321.00,United States,,72650,Consumer Discretionary,Diversified Commercial Services
PRGO,Perrigo Company plc Ordinary Shares,$25.3513,-0.2387,-0.933%,3458622188.00,United States,,487301,Health Care,Biotechnology: Pharmaceutical Preparations
PRGS,Progress Software Corporation Common Stock (DE),$65.40,-0.08,-0.122%,2805988635.00,United States,1991,85123,Technology,Computer Software: Prepackaged Software
PRH,Prudential Financial Inc. 5.950% Junior Subordinated Notes due 2062,$25.12,0.06,0.239%,8942720000.00,United States,2022,16326,Finance,Life Insurance
PRI,Primerica Inc. Common Stock,$270.87,0.28,0.103%,9039311118.00,United States,2010,22177,Finance,Life Insurance
PRIF^D,Priority Income Fund Inc. 7.00% Series D Term Preferred Stock due 2029,$24.10,-0.05,-0.207%,,,,210,,
PRIF^F,Priority Income Fund Inc. 6.625% Series F Term Preferred Stock due 2027,$24.48,0.12,0.493%,,,,755,,
PRIF^H,Priority Income Fund Inc. 6.00% Series H Term Preferred Stock due 2026,$24.55,-0.33,-1.326%,,,,2928,,
PRIF^I,Priority Income Fund Inc. 6.125% Series I Term Preferred Stock due 2028,$23.3999,0.0774,0.332%,,,,1497,,
PRIF^J,Priority Income Fund Inc. 6.000% Series J Term Preferred Stock due 2028,$22.9905,0.0305,0.133%,,,,1153,,
PRIF^K,Priority Income Fund Inc. 7.000% Series K Cumulative Preferred Stock,$21.20,0.26,1.242%,,,,167,,
PRIF^L,Priority Income Fund Inc. 6.375% Series L Term Preferred Stock Due 2029,$23.15,0.00,0.00%,,,,1967,,
PRIM,Primoris Services Corporation Common Stock,$77.17,-0.56,-0.72%,4145038692.00,United States,,237359,Industrials,Water Sewer Pipeline Comm & Power Line Construction
PRK,Park National Corporation Common Stock,$173.095,-0.995,-0.572%,2797038989.00,United States,1994,8549,Finance,Major Banks
PRKS,United Parks & Resorts Inc. Common Stock,$55.97,0.54,0.974%,3078546455.00,United States,2013,174757,Health Care,Biotechnology: Electromedical & Electrotherapeutic Apparatus
PRLB,Proto Labs Inc. Common stock,$39.51,-0.05,-0.126%,968393103.00,United States,2012,51329,Industrials,Metal Fabrications
PRLD,Prelude Therapeutics Incorporated Common Stock,$1.20,-0.14,-10.448%,66042204.00,United States,2020,197906,Health Care,Biotechnology: Pharmaceutical Preparations
PRM,Perimeter Solutions SA Common Stock,$12.93,-0.04,-0.308%,1890727678.00,Luxembourg,,142285,Industrials,Major Chemicals
PRMB,Primo Brands Corporation Class A Common Stock,$30.995,-0.155,-0.498%,4971468503.00,United States,2024,511842,,
PRME,Prime Medicine Inc. Common Stock,$2.885,-0.015,-0.517%,378399029.00,United States,2022,991506,Health Care,Biotechnology: Biological Products (No Diagnostic Substances)
PRO,PROS Holdings Inc. Common Stock,$22.03,-0.06,-0.272%,1042150409.00,United States,2007,78616,Technology,EDP Services
PROC,Procaps Group S.A. Ordinary Shares,$2.28,-0.07,-2.979%,257239137.00,Luxembourg,,12603,Health Care,Biotechnology: Pharmaceutical Preparations
PROF,Profound Medical Corp. Common Stock,$6.87,-0.28,-3.916%,168190206.00,Canada,,50489,Health Care,Medical/Dental Instruments
PROK,ProKidney Corp. Class A Ordinary Shares,$1.745,0.045,2.647%,508950103.00,United States,2021,181738,Health Care,Biotechnology: Biological Products (No Diagnostic Substances)
PROP,Prairie Operating Co. Common Stock,$7.785,0.595,8.275%,178422570.00,United States,,92910,Finance,Finance: Consumer Services
PROV,Provident Financial Holdings Inc. Common Stock,$15.55,-0.36,-2.263%,105164634.00,United States,,5450,Finance,Savings Institutions
PRPH,ProPhase Labs Inc. Common Stock (DE),$0.651,0.014,2.198%,15541993.00,United States,,157972,Health Care,Biotechnology: Pharmaceutical Preparations
PRPL,Purple Innovation Inc. Common Stock,$0.83,-0.0102,-1.214%,89399478.00,United States,2015,258014,Consumer Discretionary,Home Furnishings
PRPO,Precipio Inc.  Common Stock,$5.98,0.4744,8.617%,8864351.00,United States,,3302,Industrials,Biotechnology: Laboratory Analytical Instruments
PRQR,ProQR Therapeutics N.V. Ordinary Shares,$2.6101,-0.1799,-6.448%,212343621.00,Netherlands,2014,216035,Health Care,Biotechnology: Pharmaceutical Preparations
PRS,Prudential Financial Inc. 5.625% Junior Subordinated Notes due 2058,$23.42,0.06,0.257%,8337520000.00,United States,2018,52942,Finance,Life Insurance
PRSO,Peraso Inc. Common Stock,$1.185,-0.125,-9.542%,4064501.00,United States,,401218,Technology,Semiconductors
PRT,PermRock Royalty Trust Trust Units,$3.6595,0.0195,0.536%,44520496.00,United States,2018,59427,Energy,Oil & Gas Production
PRTA,Prothena Corporation plc Ordinary Shares,$14.92,-0.22,-1.453%,802826281.00,United States,,140291,Health Care,Biotechnology: Pharmaceutical Preparations
PRTC,PureTech Health plc American Depositary Shares,$19.11,-0.40,-2.05%,457534123.00,United States,,3233,Health Care,Biotechnology: Pharmaceutical Preparations
PRTG,Portage Biotech Inc. Common Stock,$5.20,-0.06,-1.141%,5452793.00,Canada,,15097,Energy,Oil & Gas Production
PRTH,Priority Technology Holdings Inc. Common Stock,$11.70,0.68,6.171%,902841884.00,United States,2016,244794,Consumer Discretionary,Business Services
PRTS,CarParts.com Inc. Common Stock,$0.9906,0.044,4.648%,56860086.00,United States,2007,311695,Consumer Discretionary,Auto & Home Supply Stores
PRU,Prudential Financial Inc. Common Stock,$118.46,-0.60,-0.504%,42171760000.00,United States,2001,229131,Finance,Life Insurance
PRVA,Privia Health Group Inc. Common Stock,$19.51,-0.34,-1.713%,2341226436.00,United States,2021,175071,Health Care,Medical/Nursing Services
PRZO,ParaZero Technologies Ltd. Ordinary Shares,$2.56,-0.09,-3.396%,28569600.00,Israel,2023,2472635,Industrials,Military/Government/Technical
PSA,Public Storage Common Stock,$294.55,-3.55,-1.191%,51578253152.00,United States,,164096,Real Estate,Real Estate Investment Trusts
PSA^F,Public Storage Depositary Shares Each Representing 1/1000 of a 5.15% Cumulative Preferred Share of Beneficial Interest Series F par value $0.01 per share,$21.67,-0.02,-0.092%,,United States,,28610,,
PSA^G,Public Storage Depositary Shares Each Representing 1/1000 of a 5.05% Cumulative Preferred Share of Beneficial Interest Series G,$21.44,0.03,0.14%,,United States,,33709,,
PSA^H,Public Storage Depositary Shares Each Representing 1/1000 of a  5.60% Cumulative Preferred  Share of Beneficial Interest Series H,$23.29,0.10,0.431%,,United States,,28270,,
PSA^I,Public Storage Depositary Shares Each Representing 1/1000 of a 4.875% Cumulative Preferred Share of Beneficial Interest Series I par value $0.01 per share,$20.65,0.28,1.375%,,United States,,22333,,
PSA^J,Public Storage Depositary Shares Each Representing 1/1000 of a 4.700% Cumulative Preferred Share of Beneficial Interest Series J par value $0.01 per share,$19.5101,0.0201,0.103%,,United States,,37856,,
PSA^K,Public Storage Depositary Shares Each Representing 1/1000 of a 4.75% Cumulative Preferred Share of Beneficial Interest Series K,$19.62,0.11,0.564%,,United States,,85897,,
PSA^L,Public Storage Depositary Shares Each Representing 1/1000 of a 4.625% Cumulative Preferred Share of Beneficial Interest Series L par value $0.01 per share,$19.21,0.11,0.576%,,United States,,31002,,
PSA^M,Public Storage Depositary Shares Each Representing 1/1000 of a 4.125% Cumulative Preferred Share of Beneficial Interest Series M,$17.28,0.04,0.232%,,United States,,24469,,
PSA^N,Public Storage Depositary Shares Each Representing 1/1000 of a 3.875% Cumulative Preferred Share of Beneficial Interest Series N,$16.2404,0.2104,1.313%,,United States,,20329,,
PSA^O,Public Storage Depositary Shares Each Representing 1/1000 of a 3.900% Cumulative Preferred Share of Beneficial Interest Series O,$16.345,0.075,0.461%,,United States,,17558,,
PSA^P,Public Storage Depositary Shares Each Representing 1/1000 of a 4.000% Cumulative Preferred Share of Bene cial Interest Series P,$16.84,0.05,0.298%,,United States,,43230,,
PSA^Q,Public Storage Depositary Shares Each Representing 1/1000 of a 3.950% Cumulative Preferred Share of Beneficial Interest Series Q par value $0.01 per share,$16.50,0.09,0.548%,,United States,,24238,,
PSA^R,Public Storage Depositary Shares Each Representing 1/1000 of a 4.00% Cumulative Preferred Share of Bene cial Interest Series R,$16.815,0.075,0.448%,,United States,,33275,,
PSA^S,Public Storage Depositary Shares Each Representing 1/1000 of a 4.100% Cumulative Preferred Share of Beneficial Interest Series S,$17.25,0.06,0.349%,,United States,,12293,,
PSBD,Palmer Square Capital BDC Inc. Common Stock,$15.35,-0.16,-1.032%,0.00,,2024,7466,,
PSEC,Prospect Capital Corporation Common Stock,$4.25,-0.01,-0.235%,1853747928.00,United States,2004,4064241,Finance,Finance: Consumer Services
PSEC^A,Prospect Capital Corporation 5.35% Series A Fixed Rate Cumulative Perpetual Preferred Stock,$17.2901,-0.1199,-0.689%,,United States,,7372,,
PSF,Cohen & Steers Select Preferred and Income Fund Inc. Common Stock,$19.635,0.005,0.025%,964836961.00,,2010,61036,Finance,Investment Managers
PSFE,Paysafe Limited Common Shares,$17.32,-0.06,-0.345%,1068980753.00,,2021,107208,Consumer Discretionary,Business Services
PSHG,Performance Shipping Inc. Common Shares,$1.86,0.035,1.918%,22840197.00,Greece,,94335,Consumer Discretionary,Marine Transportation
PSIG,PS International Group Ltd. Ordinary Shares,$0.57,0.049,9.405%,13841274.00,Hong Kong,,81090,Consumer Discretionary,Oil Refining/Marketing
PSIX,Power Solutions International Inc. Common Stock,$28.66,1.60,5.913%,659168995.00,United States,,122950,Industrials,Industrial Machinery/Components
PSMT,PriceSmart Inc. Common Stock,$91.82,-1.17,-1.258%,2817654722.00,United States,,24736,Consumer Discretionary,Department/Specialty Retail Stores
PSN,Parsons Corporation Common Stock,$93.13,0.00,0.00%,9889469950.00,United States,2019,136411,Technology,EDP Services
PSNL,Personalis Inc. Common Stock,$5.93,0.06,1.022%,418943138.00,United States,2019,418629,Health Care,Medical Specialities
PSNY,Polestar Automotive Holding UK PLC Class A ADS,$1.0705,-0.0395,-3.559%,2285742613.00,Sweden,,2174004,Consumer Discretionary,Auto Manufacturing
PSNYW,Polestar Automotive Holding UK PLC Class C-1 ADS (ADW),$0.1428,0.0007,0.493%,304908029.00,Sweden,,61687,Consumer Discretionary,Auto Manufacturing
PSO,Pearson Plc Common Stock,$16.09,-0.12,-0.74%,10719956418.00,United Kingdom,,131182,Consumer Discretionary,Books
PSQH,PSQ Holdings Inc. Class A Common Stock,$4.7899,-0.2001,-4.01%,166507567.00,,2021,1370628,Consumer Discretionary,Advertising
PSTG,Pure Storage Inc. Class A Common Stock,$63.17,-0.48,-0.754%,20608389521.00,United States,2015,674511,Technology,Electronic Components
PSTL,Postal Realty Trust Inc. Class A Common Stock,$12.9483,-0.0317,-0.244%,303681193.00,United States,2019,79026,Real Estate,Real Estate Investment Trusts
PSTV,PLUS THERAPEUTICS Inc. Common Stock ,$1.13,-0.03,-2.586%,6662856.00,United States,,23593,Health Care,Medical/Dental Instruments
PSTX,Poseida Therapeutics Inc. Common Stock,$9.395,-0.025,-0.265%,915683900.00,United States,2020,409775,Health Care,Biotechnology: Biological Products (No Diagnostic Substances)
PSX,Phillips 66 Common Stock,$112.6501,0.0601,0.053%,46523277720.00,United States,,760842,Energy,Integrated oil Companies
PT,Pintec Technology Holdings Limited American Depositary Shares,$0.9008,-0.0113,-1.239%,14365923.00,China,2018,12223,Technology,Computer Software: Programming Data Processing
PTA,Cohen & Steers Tax-Advantaged Preferred Securities and Income Fund Common Shares of Beneficial Interest,$19.14,0.02,0.105%,1057933967.00,United States,2020,207897,Finance,Trusts Except Educational Religious and Charitable
PTC,PTC Inc. Common Stock,$184.05,-0.45,-0.244%,22109757174.00,United States,,199933,Technology,Computer Software: Prepackaged Software
PTCT,PTC Therapeutics Inc. Common Stock,$45.875,0.645,1.426%,3538115935.00,United States,2013,148949,Health Care,Biotechnology: Pharmaceutical Preparations
PTEN,Patterson-UTI Energy Inc. Common Stock,$8.195,0.345,4.395%,3195693132.00,United States,1993,5417451,Energy,Oil & Gas Production
PTGX,Protagonist Therapeutics Inc. Common Stock,$38.775,-0.185,-0.475%,2310913148.00,United States,2016,93002,Health Care,Biotechnology: Pharmaceutical Preparations
PTHL,Pheton Holdings Ltd Class A Ordinary Shares,$4.1701,-0.0599,-1.416%,60466450.00,China,2024,60788,Health Care,Biotechnology: Electromedical & Electrotherapeutic Apparatus
PTIX,Protagenic Therapeutics Inc. Common Stock,$0.5335,-0.0215,-3.874%,3625037.00,United States,,287767,Health Care,Biotechnology: Pharmaceutical Preparations
PTIXW,Protagenic Therapeutics Inc. Warrant,$0.0045,-0.0006,-11.765%,30577.00,United States,,121492,Health Care,Biotechnology: Pharmaceutical Preparations
PTLE,PTL LTD Ordinary Shares,$10.50,0.87,9.034%,131250000.00,Singapore,2024,1083336,Energy,Oil Refining/Marketing
PTLO,Portillo's Inc. Class A Common Stock,$8.925,-0.055,-0.612%,662433242.00,United States,2021,767881,Consumer Discretionary,Restaurants
PTMN,Portman Ridge Finance Corporation Common Stock,$16.245,-0.185,-1.126%,149664844.00,United States,2006,57990,Finance,Finance: Consumer Services
PTN,Palatin Technologies Inc. Common Stock,$1.10,-0.01,-0.901%,21502984.00,United States,1999,269377,Health Care,Biotechnology: Pharmaceutical Preparations
PTON,Peloton Interactive Inc. Class A Common Stock,$9.025,-0.365,-3.887%,3442669181.00,United States,2019,6074611,Consumer Discretionary,Recreational Games/Products/Toys
PTPI,Petros Pharmaceuticals Inc. Common Stock,$0.38,0.0291,8.293%,3805651.00,United States,,1143562,Health Care,Biotechnology: Pharmaceutical Preparations
PTVE,Pactiv Evergreen Inc. Common stock,$17.455,0.055,0.316%,3129529292.00,United States,2020,349291,Consumer Discretionary,Containers/Packaging
PTY,Pimco Corporate & Income Opportunity Fund,$14.305,0.005,0.035%,0.00,United States,2002,538699,Finance,Investment Managers
PUBM,PubMatic Inc. Class A Common Stock,$14.98,-0.12,-0.795%,715545825.00,United States,2020,104263,Technology,Computer Software: Programming Data Processing
PUK,Prudential Public Limited Company Common Stock,$15.911,-0.049,-0.307%,21236136137.00,United Kingdom,,354392,Finance,Life Insurance
PULM,Pulmatrix Inc. Common Stock,$6.5001,0.1001,1.564%,23740218.00,United States,2014,35880,Health Care,Biotechnology: Pharmaceutical Preparations
PUMP,ProPetro Holding Corp. Common Stock,$9.445,0.405,4.48%,972171451.00,United States,2017,408748,Energy,Oilfield Services/Equipment
PVBC,Provident Bancorp Inc. (MD) Common Stock,$11.53,0.08,0.699%,204427396.00,United States,2015,3818,Finance,Banks
PVH,PVH Corp. Common Stock,$105.885,-1.575,-1.466%,5890721170.00,United States,,204406,Consumer Discretionary,Apparel
PVL,Permianville Royalty Trust Trust Units ,$1.3573,-0.0017,-0.125%,44790900.00,United States,2011,78063,Energy,Oil & Gas Production
PVLA,Palvella Therapeutics Inc. Common Stock,$12.00,0.00,0.00%,15842880.00,United States,,39388,Health Care,Biotechnology: Pharmaceutical Preparations
PW,Power REIT (MD) Common Stock,$1.2878,-0.0422,-3.173%,4365205.00,United States,1998,43122,Real Estate,Real Estate Investment Trusts
PW^A,Power REIT 7.75% Series A Cumulative Perpetual Preferred Stock,$3.90,0.14,3.723%,,United States,,2928,,
PWM,Prestige Wealth Inc. Class A Ordinary Shares,$1.50,-0.02,-1.316%,13725000.00,Hong Kong,2023,168992,Finance,Finance: Consumer Services
PWOD,Penns Woods Bancorp Inc. Common Stock,$30.03,-0.36,-1.185%,226562266.00,United States,,17926,Finance,Major Banks
PWP,Perella Weinberg Partners Class A Common Stock,$23.80,-0.21,-0.875%,2098290753.00,United States,2020,175931,Finance,Finance: Consumer Services
PWR,Quanta Services Inc. Common Stock,$321.54,-1.60,-0.495%,47463032256.00,United States,,298533,Industrials,Engineering & Construction
PWUPW,PowerUp Acquisition Corp. Warrant,$0.04,0.0111,38.408%,0.00,United States,2022,49943,Finance,Blank Checks
PX,P10 Inc. Class A Common Stock,$12.42,-0.18,-1.429%,1386354617.00,United States,2021,211316,Finance,Investment Managers
PXLW,Pixelworks Inc.  Common Stock,$0.7545,0.0252,3.455%,44469029.00,United States,2000,729041,Technology,Semiconductors
PXS,Pyxis Tankers Inc. Common Stock,$3.72,0.05,1.362%,39218275.00,Greece,,20336,Consumer Discretionary,Marine Transportation
PXSAW,Pyxis Tankers Inc. Warrant,$0.203,-0.0017,-0.83%,2140137.00,Greece,,124,Consumer Discretionary,Marine Transportation
PYCR,Paycor HCM Inc. Common Stock,$18.76,-0.31,-1.626%,3370399407.00,United States,2021,250956,Technology,Computer Software: Prepackaged Software
PYN,PIMCO New York Municipal Income Fund III Common Shares of Beneficial Interest,$5.67,0.0277,0.491%,0.00,United States,2002,22738,Finance,Investment Managers
PYPD,PolyPid Ltd. Ordinary Shares,$3.15,0.26,8.997%,21430956.00,Israel,2020,191202,Health Care,Biotechnology: Pharmaceutical Preparations
PYPL,PayPal Holdings Inc. Common Stock,$85.865,-0.995,-1.146%,86082996466.00,United States,,2747065,Consumer Discretionary,Business Services
PYT,PPlus Tr GSC-2 Tr Ctf Fltg Rate,$22.73,-0.2399,-1.044%,0.00,United States,,600,Finance,Finance: Consumer Services
PYXS,Pyxis Oncology Inc. Common Stock,$1.57,-0.02,-1.258%,93361195.00,United States,2021,542114,Health Care,Biotechnology: Pharmaceutical Preparations
PZC,PIMCO California Municipal Income Fund III Common Shares of Beneficial Interest,$6.81,0.06,0.889%,0.00,United States,2002,109801,Finance,Investment Managers
PZG,Paramount Gold Nevada Corp. Common Stock,$0.331,0.002,0.608%,21881961.00,United States,2015,41437,Basic Materials,Metal Mining
PZZA,Papa John's International Inc. Common Stock,$40.45,0.94,2.379%,1320353650.00,United States,1993,687241,Consumer Discretionary,Restaurants
QBTS,D-Wave Quantum Inc. Common Shares,$9.7217,-0.1883,-1.90%,2177804963.00,,2022,45608750,Technology,EDP Services
QCOM,QUALCOMM Incorporated Common Stock,$155.78,-1.46,-0.929%,173071580000.00,United States,1991,2116177,Technology,Radio And Television Broadcasting And Communications Equipment
QCRH,QCR Holdings Inc. Common Stock,$80.54,-0.24,-0.297%,1358623703.00,United States,,22313,Finance,Major Banks
QD,Qudian Inc. American Depositary Shares each representing one Class A Ordinary Share,$2.9105,-0.0295,-1.003%,551259908.00,China,2017,116222,Finance,Finance: Consumer Services
QDEL,QuidelOrtho Corporation Common Stock,$44.05,-0.20,-0.452%,2962658384.00,United States,,134604,Health Care,Biotechnology: In Vitro & In Vivo Diagnostic Substances
QETA,Quetta Acquisition Corporation Common Stock,$10.568,0.018,0.171%,0.00,United States,2023,431,Finance,Blank Checks
QFIN,Qifu Technology Inc. American Depositary Shares,$37.57,-0.61,-1.598%,5832910626.00,China,2018,421819,Finance,Finance: Consumer Services
QGEN,Qiagen N.V. Common Shares,$44.96,-0.03,-0.067%,10259995865.00,Netherlands,,202372,Health Care,Biotechnology: Biological Products (No Diagnostic Substances)
QH,Quhuo Limited American Depository Shares,$1.52,0.01,0.662%,9374784.00,China,2020,20718,Consumer Discretionary,Business Services
QIPT,Quipt Home Medical Corp. Common Shares,$2.665,0.065,2.50%,114834850.00,United States,,76538,Health Care,Misc Health and Biotechnology Services
QLGN,Qualigen Therapeutics Inc. Common Stock,$4.02,-0.25,-5.855%,2960453.00,United States,2015,31882,Health Care,Biotechnology: Pharmaceutical Preparations
QLYS,Qualys Inc. Common Stock,$140.20,0.37,0.265%,5129981370.00,United States,2012,90974,Technology,Computer Software: Prepackaged Software
QMCO,Quantum Corporation Common Stock,$65.00,-5.67,-8.023%,315151330.00,United States,,2131213,Technology,Electronic Components
QMMM,QMMM Holdings Limited Ordinary Shares,$1.12,0.209,22.942%,19180000.00,Hong Kong,2024,2225038,Consumer Discretionary,Advertising
QNCX,Quince Therapeutics Inc. Common Stock,$1.90,-0.03,-1.554%,83603122.00,United States,2019,89372,Health Care,Biotechnology: Biological Products (No Diagnostic Substances)
QNRX,Quoin Pharmaceuticals Ltd. American Depositary Shares,$0.67,0.12,21.818%,3383312.00,Israel,2016,1043937,Health Care,Medical/Dental Instruments
QNST,QuinStreet Inc. Common Stock,$23.375,-0.475,-1.992%,1315146924.00,United States,2010,111541,Consumer Discretionary,Business Services
QNTM,Quantum Biopharma Ltd. Class B Subordinate Voting Shares,$4.00,-0.06,-1.478%,5201920.00,Canada,,143264,Health Care,Biotechnology: Pharmaceutical Preparations
QQQX,Nuveen NASDAQ 100 Dynamic Overwrite Fund Shares of Beneficial Interest,$27.0301,-0.0399,-0.147%,0.00,United States,,100568,Finance,Finance Companies
QRHC,Quest Resource Holding Corporation Common Stock,$6.27,0.21,3.465%,129084722.00,United States,,23270,Utilities,Environmental Services
QRTEA,Qurate Retail Inc. Series A Common Stock,$0.3346,-0.0031,-0.918%,132819478.00,United States,,1378042,Consumer Discretionary,Catalog/Specialty Distribution
QRTEB,Qurate Retail Inc. Series B Common Stock,$3.15,0.09,2.941%,1250392576.00,United States,,6591,Consumer Discretionary,Catalog/Specialty Distribution
QRTEP,Qurate Retail Inc. 8.0% Fixed Rate Cumulative Redeemable Preferred Stock,$33.20,2.20,7.097%,13178740797.00,United States,,89428,Consumer Discretionary,Catalog/Specialty Distribution
QRVO,Qorvo Inc. Common Stock,$69.96,-1.46,-2.044%,6613087792.00,United States,,952591,Technology,Semiconductors
QS,QuantumScape Corporation Class A Common Stock,$5.575,-0.375,-6.303%,2857027074.00,United States,2020,13632669,Miscellaneous,Industrial Machinery/Components
QSG,QuantaSing Group Limited American Depositary Shares,$2.02,-0.03,-1.463%,103248266.00,China,2023,47500,Real Estate,Other Consumer Services
QSI,Quantum-Si Incorporated Class A Common Stock,$3.5508,-0.0492,-1.367%,506744795.00,United States,2020,65407953,Industrials,Industrial Machinery/Components
QSIAW,Quantum-Si Incorporated Warrant,$1.611,0.371,29.919%,229910405.00,United States,2020,414248,Industrials,Industrial Machinery/Components
QSR,Restaurant Brands International Inc. Common Shares,$64.99,-0.55,-0.839%,21037750425.00,Canada,2014,274768,Consumer Discretionary,Restaurants
QTI,QT Imaging Holdings Inc. Common Stock,$0.3901,-0.0257,-6.181%,8514118.00,United States,,343979,Health Care,Biotechnology: Electromedical & Electrotherapeutic Apparatus
QTRX,Quanterix Corporation Common Stock,$10.96,-0.10,-0.904%,422226613.00,United States,2017,114995,Industrials,Biotechnology: Laboratory Analytical Instruments
QTTB,Q32 Bio Inc. Common Stock,$3.1599,-0.2001,-5.955%,38489797.00,United States,2018,222702,Health Care,Biotechnology: Pharmaceutical Preparations
QTWO,Q2 Holdings Inc. Common Stock,$101.48,-1.88,-1.819%,6129498351.00,United States,2014,148824,Technology,Computer Software: Prepackaged Software
QUAD,Quad Graphics Inc Class A Common Stock,$6.91,-0.14,-1.986%,360141647.00,United States,,162310,Consumer Discretionary,Publishing
QUBT,Quantum Computing Inc. Common Stock,$18.4506,0.1006,0.548%,1828204934.00,United States,,16475517,Technology,Computer Software: Prepackaged Software
QUIK,QuickLogic Corporation Common Stock,$11.98,2.12,21.501%,176190723.00,United States,1999,1445477,Technology,Semiconductors
QURE,uniQure N.V. Ordinary Shares,$17.47,-0.03,-0.171%,851542656.00,Netherlands,2014,246877,Health Care,Biotechnology: Pharmaceutical Preparations
QVCC,QVC Inc. 6.250% Senior Secured Notes due 2068,$11.88,0.42,3.665%,12.00,United States,2019,39048,Consumer Discretionary,Catalog/Specialty Distribution
QVCD,QVC Inc. 6.375% Senior Secured Notes due 2067,$11.8551,0.2451,2.111%,12.00,United States,2018,13293,Consumer Discretionary,Catalog/Specialty Distribution
QXO,QXO Inc. Common Stock,$15.41,-0.15,-0.964%,6309319305.00,United States,,496905,Technology,EDP Services
R,Ryder System Inc. Common Stock,$158.01,-1.32,-0.828%,6682276556.00,United States,,91103,Consumer Discretionary,Rental/Leasing Companies
RA,Brookfield Real Assets Income Fund Inc. Common Stock,$13.3111,0.0211,0.159%,0.00,United States,2016,140514,Finance,Investment Managers
RACE,Ferrari N.V. Common Shares,$428.505,-3.645,-0.843%,104448505972.00,Italy,2015,74537,Consumer Discretionary,Auto Manufacturing
RADX,Radiopharm Theranostics Limited American Depositary Shares,$4.95,0.28,5.996%,0.00,Australia,,125672,,
RAIL,FreightCar America Inc. Common Stock,$9.2212,-0.0088,-0.095%,174225095.00,United States,2005,55068,Industrials,Railroads
RAMP,LiveRamp Holdings Inc. Common Stock,$30.63,-0.08,-0.261%,1999045815.00,United States,2018,92625,Technology,EDP Services
RAND,Rand Capital Corporation Common Stock,$19.00,0.85,4.683%,49039399.00,United States,,12677,Finance,Finance: Consumer Services
RANGU,Range Capital Acquisition Corp. Units,$10.22,0.17,1.692%,0.00,United States,2024,129,,
RANI,Rani Therapeutics Holdings Inc. Class A Common Stock,$1.535,0.115,8.099%,87938127.00,United States,2021,408931,Health Care,Biotechnology: Pharmaceutical Preparations
RAPP,Rapport Therapeutics Inc. Common Stock,$18.965,-0.065,-0.342%,693672507.00,United States,2024,33859,Health Care,Biotechnology: Pharmaceutical Preparations
RAPT,RAPT Therapeutics Inc. Common Stock,$1.585,-0.105,-6.213%,55408831.00,United States,2019,1525454,Health Care,Biotechnology: Pharmaceutical Preparations
RARE,Ultragenyx Pharmaceutical Inc. Common Stock,$42.18,-1.24,-2.856%,3895081224.00,United States,2014,274181,Health Care,Biotechnology: Pharmaceutical Preparations
RAVE,Rave Restaurant Group Inc. Common Stock,$2.6246,-0.0454,-1.70%,38611976.00,United States,,4952,Consumer Discretionary,Food Distributors
RAY,Raytech Holding Limited Ordinary Shares,$1.42,-0.02,-1.389%,25010578.00,Hong Kong,2024,164204,Consumer Discretionary,Consumer Electronics/Appliances
RAYA,Erayak Power Solution Group Inc. Class A Ordinary Shares,$1.23,0.05,4.237%,15313500.00,China,2022,17939,Consumer Discretionary,Metal Fabrications
RBA,RB Global Inc. Common Stock,$90.71,-0.14,-0.154%,16713680794.00,Canada,,115952,Consumer Discretionary,Business Services
RBB,RBB Bancorp Common Stock,$20.77,-0.02,-0.096%,367492250.00,United States,2017,12093,Finance,Major Banks
RBBN,Ribbon Communications Inc. Common Stock,$4.145,0.045,1.098%,726965383.00,United States,,192559,Technology,EDP Services
RBC,RBC Bearings Incorporated Common Stock,$298.705,-1.485,-0.495%,9382132879.00,United States,2022,64323,Industrials,Metal Fabrications
RBCAA,Republic Bancorp Inc. Class A Common Stock,$69.95,-0.73,-1.033%,1360236368.00,United States,1998,4913,Finance,Major Banks
RBKB,Rhinebeck Bancorp Inc. Common Stock,$9.6327,0.00,0.00%,106803592.00,United States,2019,391,Finance,Banks
RBLX,Roblox Corporation Class A Common Stock,$58.84,-0.61,-1.026%,38612236164.00,United States,2021,1719021,Technology,Computer Software: Prepackaged Software
RBOT,Vicarious Surgical Inc. Class A Common Stock,$12.65,-0.58,-4.384%,74738970.00,Hong Kong,2020,28253,Health Care,Industrial Specialties
RBRK,Rubrik Inc. Class A Common Stock,$70.36,2.01,2.941%,13033748984.00,United States,2024,2706734,Technology,Computer Software: Prepackaged Software
RC,Ready Capital Corporation Common Stock,$6.88,-0.17,-2.411%,1159491244.00,United States,2013,1602849,Real Estate,Real Estate Investment Trusts
RC^C,Ready Capital Corporation 6.25% Series C Cumulative Convertible Preferred Stock,$17.80,0.00,0.00%,,United States,,75,,
RC^E,Ready Capital Corporation 6.50% Series E Cumulative Redeemable Preferred Stock,$18.25,-0.05,-0.273%,,United States,,4735,,
RCAT,Red Cat Holdings Inc. Common Stock,$14.42,2.16,17.618%,1155918476.00,United States,,12765886,Technology,Computer Software: Prepackaged Software
RCB,Ready Capital Corporation 6.20% Senior Notes due 2026,$24.36,0.01,0.041%,4105407949.00,United States,2019,3457,Real Estate,Real Estate Investment Trusts
RCC,Ready Capital Corporation 5.75% Senior Notes due 2026,$24.50,0.05,0.204%,4129002248.00,United States,2021,1886,Real Estate,Real Estate Investment Trusts
RCD,Ready Capital Corporation 9.00% Senior Notes due 2029,$25.03,0.03,0.12%,0.00,United States,2024,78786,Real Estate,Real Estate Investment Trusts
RCEL,Avita Medical Inc. Common Stock,$13.445,-0.045,-0.334%,352496022.00,United States,,76582,Health Care,Medical/Dental Instruments
RCG,RENN Fund Inc Common Stock,$2.3075,-0.1025,-4.253%,0.00,United States,,15894,Finance,Investment Managers
RCI,Rogers Communication Inc. Common Stock,$30.53,0.17,0.56%,16317297202.00,Canada,,297776,Telecommunications,Cable & Other Pay Television Services
RCKT,Rocket Pharmaceuticals Inc. Common Stock,$12.0488,0.2988,2.543%,1098333486.00,United States,2015,1152973,Health Care,Biotechnology: Pharmaceutical Preparations
RCKTW,Rocket Pharmaceuticals Inc. Warrant,$0.046,0.0097,26.722%,4193226.00,United States,,65210,Health Care,Biotechnology: Pharmaceutical Preparations
RCKY,Rocky Brands Inc. Common Stock,$22.435,-0.095,-0.422%,167226317.00,United States,1993,16839,Consumer Discretionary,Shoe Manufacturing
RCL,Royal Caribbean Cruises Ltd. Common Stock,$235.50,2.79,1.199%,63320119020.00,United States,1993,1068570,Consumer Discretionary,Marine Transportation
RCMT,RCM Technologies Inc. Common Stock,$22.93,-0.24,-1.036%,174199852.00,United States,,19911,Consumer Discretionary,Professional Services
RCON,Recon Technology Ltd. Class A Ordinary Shares,$2.1271,-0.1341,-5.93%,32093598.00,China,2009,8825,Energy,Oilfield Services/Equipment
RCS,PIMCO Strategic Income Fund Inc.,$7.28,-0.14,-1.887%,0.00,United States,1994,97584,Finance,Investment Managers
RCUS,Arcus Biosciences Inc. Common Stock,$14.8854,-0.3846,-2.519%,1362186905.00,United States,2018,202901,Health Care,Biotechnology: Pharmaceutical Preparations
RDAC,Rising Dragon Acquisition Corp. Ordinary Shares,$10.02,-0.01,-0.10%,0.00,China,2024,300,,
RDCM,Radcom Ltd. Ordinary Shares,$11.67,-0.24,-2.015%,178641232.00,Israel,1997,36092,Technology,Computer peripheral equipment
RDDT,Reddit Inc. Class A Common Stock,$167.35,-6.19,-3.567%,29383022648.00,United States,2024,3026003,Technology,EDP Services
RDFN,Redfin Corporation Common Stock,$8.045,-0.155,-1.89%,997422913.00,United States,2017,2237678,Finance,Real Estate
RDHL,Redhill Biopharma Ltd. American Depositary Shares,$6.6936,-0.2164,-3.132%,8571416.00,Israel,,13285,Health Care,Biotechnology: Pharmaceutical Preparations
RDI,Reading International Inc Class A Common Stock,$1.30,0.05,4.00%,29154039.00,United States,,245940,Consumer Discretionary,Movies/Entertainment
RDIB,Reading International Inc Class B Common Stock,$7.9356,0.1756,2.263%,177965226.00,United States,,6760,Consumer Discretionary,Movies/Entertainment
RDN,Radian Group Inc. Common Stock,$31.81,-0.01,-0.031%,4737544924.00,United States,,147507,Finance,Property-Casualty Insurers
RDNT,RadNet Inc. Common Stock,$71.31,0.04,0.056%,5278846615.00,United States,,165434,Health Care,Medical Specialities
RDUS,Radius Recycling Inc. Class A Common Stock,$14.92,-0.31,-2.035%,418348654.00,United States,,76986,Consumer Discretionary,Industrial Specialties
RDVT,Red Violet Inc. Common Stock ,$36.525,-0.085,-0.232%,503740089.00,United States,,17101,Technology,Computer Software: Prepackaged Software
RDW,Redwire Corporation Common Stock,$17.78,0.66,3.855%,1183096686.00,United States,2021,1321623,Industrials,Military/Government/Technical
RDWR,Radware Ltd. Ordinary Shares,$22.82,-0.40,-1.723%,951568350.00,Israel,1999,28242,Consumer Discretionary,Business Services
RDY,Dr. Reddy's Laboratories Ltd Common Stock,$15.75,-0.11,-0.694%,13141575248.00,India,,367649,Health Care,Biotechnology: Pharmaceutical Preparations
RDZN,Roadzen Inc. Ordinary Shares,$2.23,0.09,4.206%,152623049.00,United States,2022,243664,Finance,Specialty Insurers
RDZNW,Roadzen Inc. Warrants,$0.15,-0.013,-7.975%,10266124.00,United States,2022,4198,Finance,Specialty Insurers
REAL,The RealReal Inc. Common Stock,$11.055,0.195,1.796%,1212636172.00,United States,2019,1794361,Consumer Discretionary,Other Specialty Stores
REAX,The Real Brokerage Inc. Common Shares,$4.75,0.02,0.423%,928150000.00,Canada,,202106,Finance,Real Estate
REBN,Reborn Coffee Inc. Common Stock,$1.68,-0.12,-6.667%,6169908.00,United States,2022,35507,Consumer Discretionary,Restaurants
RECT,Rectitude Holdings Ltd Ordinary Shares,$6.62,0.00,0.00%,95990000.00,Singapore,2024,10045,Consumer Discretionary,Industrial Machinery/Components
REE,REE Automotive Ltd. Class A Ordinary Shares,$9.91,0.37,3.878%,111317345.00,Israel,,74241,Consumer Discretionary,Auto Manufacturing
REFI,Chicago Atlantic Real Estate Finance Inc. Common Stock,$16.04,-0.14,-0.865%,314937091.00,United States,2021,194454,Real Estate,Real Estate Investment Trusts
REFR,Research Frontiers Incorporated Common Stock,$1.6501,0.0201,1.233%,55307700.00,United States,,9814,Miscellaneous,Multi-Sector Companies
REG,Regency Centers Corporation Common Stock,$73.425,-0.525,-0.71%,13327033701.00,United States,1993,281385,Real Estate,Real Estate Investment Trusts
REGCO,Regency Centers Corporation 5.875% Series B Cumulative Redeemable Preferred Stock,$22.14,0.09,0.408%,4018529467.00,United States,,843,Real Estate,Real Estate Investment Trusts
REGCP,Regency Centers Corporation 6.25% Series A Cumulative Redeemable Preferred Stock,$23.38,-0.03,-0.128%,4243596158.00,United States,,4308,Real Estate,Real Estate Investment Trusts
REGN,Regeneron Pharmaceuticals Inc. Common Stock,$704.865,-7.535,-1.058%,77457284268.00,United States,1991,207557,Health Care,Biotechnology: Pharmaceutical Preparations
REI,Ring Energy Inc. Common Stock,$1.36,0.11,8.80%,269546606.00,United States,,1855079,Energy,Oil & Gas Production
REKR,Rekor Systems Inc. Common Stock,$1.9707,0.6707,51.592%,184901566.00,United States,,64504344,Telecommunications,Telecommunications Equipment
RELI,Reliance Global Group Inc. Common Stock,$2.67,0.29,12.185%,4572570.00,United States,,325918,Finance,Specialty Insurers
RELIW,Reliance Global Group Inc. Series A Warrants,$0.0402,-0.0341,-45.895%,68845.00,United States,,2100,Finance,Specialty Insurers
RELL,Richardson Electronics Ltd. Common Stock,$13.935,0.065,0.469%,200393076.00,United States,1983,10054,Technology,Electronic Components
RELX,RELX PLC PLC American Depositary Shares (Each representing One Ordinary Share),$45.43,-0.15,-0.329%,84689366170.00,United Kingdom,2015,151803,Consumer Discretionary,Business Services
RELY,Remitly Global Inc. Common Stock,$22.77,-0.03,-0.132%,4509852636.00,United States,2021,266199,Consumer Discretionary,Business Services
RENB,Renovaro Inc. Common Stock,$0.9127,-0.0044,-0.48%,144861318.00,United States,,408122,Health Care,Biotechnology: Pharmaceutical Preparations
RENE,Cartesian Growth Corporation II Class A Ordinary Shares,$11.66,0.00,0.00%,0.00,United States,2022,3,Finance,Blank Checks
RENEW,Cartesian Growth Corporation II Warrant,$0.0751,0.0051,7.286%,0.00,United States,2022,5439,Finance,Blank Checks
RENT,Rent the Runway Inc. Class A Common Stock,$8.735,-0.615,-6.578%,33911148.00,United States,2021,22172,Consumer Discretionary,Other Specialty Stores
REPL,Replimune Group Inc. Common Stock,$12.365,0.105,0.856%,845981695.00,United States,2018,153210,Health Care,Biotechnology: Biological Products (No Diagnostic Substances)
REPX,Riley Exploration Permian Inc. Common Stock,$32.00,1.37,4.473%,687451712.00,United States,1999,24471,Energy,Oil & Gas Production
RERE,ATRenew Inc. American Depositary Shares (every three of which representing two Class A ordinary shares),$2.91,-0.13,-4.276%,645147000.00,Cayman Islands,2021,658082,Consumer Discretionary,Other Specialty Stores
RES,RPC Inc. Common Stock,$5.905,0.125,2.163%,1269411733.00,United States,,415653,Energy,Oilfield Services/Equipment
RETO,ReTo Eco-Solutions Inc. Class A Shares,$0.90,0.0294,3.377%,3370670.00,China,2017,14336,Industrials,Industrial Machinery/Components
REVB,Revelation Biosciences Inc. Common Stock,$0.385,0.0261,7.272%,1652595.00,United States,2020,1394298,Health Care,Biotechnology: Pharmaceutical Preparations
REVBW,Revelation Biosciences Inc. Warrant,$0.008,-0.0009,-10.112%,34340.00,United States,2020,15893,Health Care,Biotechnology: Pharmaceutical Preparations
REVG,REV Group Inc. Common Stock,$31.34,0.01,0.032%,1633804344.00,United States,2017,155916,Consumer Discretionary,Auto Manufacturing
REX,REX American Resources Corporation,$41.887,0.317,0.763%,735835296.00,United States,,27364,Industrials,Major Chemicals
REXR,Rexford Industrial Realty Inc. Common Stock,$38.55,-0.16,-0.413%,8573200999.00,United States,2013,414966,Real Estate,Real Estate Investment Trusts
REXR^B,Rexford Industrial Realty Inc. 5.875% Series B Cumulative Redeemable Preferred Stock,$23.16,0.05,0.216%,,United States,,3290,,
REXR^C,Rexford Industrial Realty Inc. 5.625% Series C Cumulative Redeemable Preferred Stock par value $0.01 per share,$22.23,0.1401,0.634%,,United States,,206,,
REYN,Reynolds Consumer Products Inc. Common Stock,$26.895,-0.395,-1.447%,5651875514.00,United States,2020,187722,Consumer Discretionary,Containers/Packaging
REZI,Resideo Technologies Inc. Common Stock ,$23.49,0.01,0.043%,3452361686.00,United States,2018,177774,Industrials,Wholesale Distributors
RF,Regions Financial Corporation Common Stock,$23.725,-0.015,-0.063%,21562792825.00,United States,,1844773,Finance,Major Banks
RF^C,Regions Financial Corporation Depositary Shares each Representing a 1/40th Interest in a  Share of 5.700% Fixed-to-Floating Rate Non-Cumulative  Perpetual Preferred Stock Series C,$23.9875,0.1375,0.577%,,United States,,23791,,
RF^E,Regions Financial Corporation Depositary Shares Each Representing a 1/40th Interest in a Share of 4.45% Non-Cumulative Perpetual Preferred Stock Series E,$17.53,0.07,0.401%,,United States,,40571,,
RF^F,Regions Financial Corporation Depositary Shares Each Representing a 1/40th Interest in a Share of Non-Cumulative Perpetual Preferred Stock Series F,$26.04,0.25,0.969%,,United States,,51848,,
RFAC,RF Acquisition Corp. Class A Common Stock,$11.47,0.00,0.00%,0.00,Singapore,2022,1,Finance,Blank Checks
RFACR,RF Acquisition Corp. Rights,$0.15,0.00,0.00%,0.00,Singapore,2022,1,Finance,Blank Checks
RFAI,RF Acquisition Corp II Ordinary Shares,$10.20,0.00,0.00%,0.00,Singapore,2024,2,,
RFI,Cohen & Steers Total Return Realty Fund Inc. Common Stock,$11.555,-0.095,-0.815%,567796847.00,United States,1993,89553,Finance,Investment Managers
RFIL,RF Industries Ltd. Common Stock,$3.8264,-0.0036,-0.094%,40152271.00,United States,,1707,Technology,Electrical Products
RFL,Rafael Holdings Inc. Class B Common Stock,$1.50,-0.09,-5.66%,37011225.00,United States,2018,22807,Finance,Real Estate
RFM,RiverNorth Flexible Municipal Income Fund Inc. Common Stock,$14.91,-0.005,-0.034%,91170162.00,,2020,68095,Finance,Finance/Investors Services
RFMZ,RiverNorth Flexible Municipal Income Fund II Inc. Common Stock,$13.54,0.12,0.894%,329722776.00,,2021,112596,Finance,Trusts Except Educational Religious and Charitable
RGA,Reinsurance Group of America Incorporated Common Stock,$213.325,1.915,0.906%,14050508197.00,United States,,179708,Finance,Life Insurance
RGC,Regencell Bioscience Holdings Limited Ordinary Shares,$4.80,-0.10,-2.041%,62461757.00,Hong Kong,2021,1294,Health Care, Medicinal Chemicals and Botanical Products 
RGCO,RGC Resources Inc. Common Stock,$20.06,0.44,2.243%,205879611.00,United States,,5153,Utilities,Oil & Gas Production
RGEN,Repligen Corporation Common Stock,$144.365,-1.175,-0.807%,8088298155.00,United States,1986,84625,Health Care,Biotechnology: Biological Products (No Diagnostic Substances)
RGF,The Real Good Food Company Inc. Class A Common Stock,$0.295,0.0375,14.563%,9936840.00,United States,2021,820337,Consumer Staples,Packaged Foods
RGLD,Royal Gold Inc. Common Stock,$131.92,-1.91,-1.427%,8674641673.00,United States,,180030,Industrials,Precious Metals
RGLS,Regulus Therapeutics Inc. Common Stock,$1.49,-0.05,-3.247%,97595200.00,United States,2012,246246,Health Care,Biotechnology: Pharmaceutical Preparations
RGNX,REGENXBIO Inc. Common Stock,$7.40,-0.01,-0.135%,366633525.00,United States,2015,578281,Health Care,Biotechnology: Biological Products (No Diagnostic Substances)
RGP,Resources Connection Inc. Common Stock,$8.325,-0.085,-1.011%,278648806.00,United States,,86847,Consumer Discretionary,Business Services
RGR,Sturm Ruger & Company Inc. Common Stock,$34.68,0.03,0.087%,582305776.00,United States,,72144,Industrials,Ordnance And Accessories
RGS,Regis Corporation Common Stock,$25.03,-0.48,-1.882%,57128347.00,United States,1991,9941,Consumer Discretionary,Other Consumer Services
RGT,Royce Global Trust Inc. Common Stock,$10.6441,-0.1159,-1.077%,66705968.00,,2013,16096,Finance,Trusts Except Educational Religious and Charitable
RGTI,Rigetti Computing Inc. Common Stock,$17.665,0.585,3.425%,3396905466.00,United States,,127928252,Technology,EDP Services
RGTIW,Rigetti Computing Inc. Warrants,$7.94,0.12,1.535%,1526828723.00,United States,,1035410,Technology,EDP Services
RH,RH Common Stock,$396.75,-1.32,-0.332%,7380679944.00,United States,2012,203730,Consumer Discretionary,Other Specialty Stores
RHE,Regional Health Properties Inc. Common Stock,$1.55,0.00,0.00%,2912836.00,,2017,9768,Real Estate,Real Estate
RHE^A,Regional Health Properties Inc. 10.875% Series A Cumulative Redeemable Preferred Stock,$0.29,0.00,0.00%,,,,5,,
RHI,Robert Half Inc. Common Stock,$70.75,-0.32,-0.45%,7305000043.00,United States,,175190,Consumer Discretionary,Professional Services
RHP,Ryman Hospitality Properties Inc. (REIT),$105.89,-0.21,-0.198%,6342934785.00,United States,,110463,Real Estate,Real Estate Investment Trusts
RICK,RCI Hospitality Holdings Inc. Common Stock,$57.25,-0.43,-0.745%,509525000.00,United States,1995,21065,Consumer Discretionary,Restaurants
RIG,Transocean Ltd (Switzerland) Common Stock,$3.765,0.235,6.657%,3297400535.00,Switzerland,,17117090,Energy,Oil & Gas Production
RIGL,Rigel Pharmaceuticals Inc. Common Stock,$16.675,0.175,1.061%,293730792.00,United States,2000,238749,Health Care,Biotechnology: Pharmaceutical Preparations
RILY,B. Riley Financial Inc. Common Stock,$4.655,-0.025,-0.534%,141024635.00,United States,,990460,Finance,Investment Managers
RILYG,B. Riley Financial Inc. 5.00% Senior Notes due 2026,$11.635,-0.065,-0.556%,352485850.00,United States,,10335,Finance,Investment Managers
RILYK,B. Riley Financial Inc. 5.50% Senior Notes Due 2026,$19.98,0.13,0.655%,605300154.00,United States,,7953,Finance,Investment Managers
RILYL,B. Riley Financial Inc. Depositary Shares each representing 1/1000th in a share of 7.375% Series B Cumulative Perpetual Preferred Stock par value $0.0001,$6.07,-0.04,-0.655%,183892489.00,United States,,16733,Finance,Investment Managers
RILYM,B. Riley Financial Inc. 6.375% Senior Notes due 2025,$22.65,-0.08,-0.352%,686188613.00,United States,,10889,Finance,Investment Managers
RILYN,B. Riley Financial Inc. 6.50% Senior Notes Due 2026,$11.70,-0.25,-2.092%,354455045.00,United States,,14090,Finance,Investment Managers
RILYP,B. Riley Financial Inc. Depositary Shares each representing a 1/1000th fractional interest in a share of Series A Cumulative Perpetual Preferred Stock,$5.9601,-0.1183,-1.946%,180563035.00,United States,,11182,Finance,Investment Managers
RILYT,B. Riley Financial Inc. 6.00% Senior Notes Due 2028,$9.04,0.04,0.444%,273869539.00,United States,,67398,Finance,Investment Managers
RILYZ,B. Riley Financial Inc. 5.25% Senior Notes due 2028,$8.51,-0.10,-1.161%,257813029.00,United States,,46772,Finance,Investment Managers
RIME,Algorhythm Holdings Inc. Common Stock,$0.0813,-0.0026,-3.099%,1155694.00,United States,,14509731,Consumer Staples,Diversified Electronic Products
RIO,Rio Tinto Plc Common Stock,$58.725,-0.285,-0.483%,73577841220.00,Australia,2002,1386270,Basic Materials,Metal Mining
RIOT,Riot Platforms Inc. Common Stock ,$10.69,-0.30,-2.73%,3552559969.00,United States,,20132973,Finance,Finance: Consumer Services
RITM,Rithm Capital Corp. Common Stock,$10.895,-0.025,-0.229%,5662484738.00,United States,,3107867,Real Estate,Real Estate Investment Trusts
RITM^A,Rithm Capital Corp. 7.50% Series A Fixed-to-Floating Rate Cumulative Redeemable Preferred Stock,$25.645,0.055,0.215%,,United States,,4384,,
RITM^B,Rithm Capital Corp. 7.125% Series B Fixed-to-Floating Rate Cumulative Redeemable Preferred Stock,$25.52,0.09,0.354%,,United States,,3871,,
RITM^C,Rithm Capital Corp. 6.375% Series C Fixed-to-Floating Rate Cumulative Redeemable Preferred Stock,$24.65,0.06,0.244%,,United States,,59387,,
RITM^D,Rithm Capital Corp. 7.00% Fixed-Rate Reset Series D Cumulative Redeemable Preferred Stock,$24.02,0.10,0.418%,,United States,,20411,,
RITR,Reitar Logtech Holdings Limited Ordinary shares,$4.07,-0.13,-3.095%,334248750.00,Hong Kong,2024,13680,Finance,Real Estate
RIV,RiverNorth Opportunities Fund Inc. Common Stock,$11.5861,-0.0839,-0.719%,0.00,United States,2015,59529,Finance,Finance Companies
RIV^A,RiverNorth Opportunities Fund Inc. 6.00% Series A Perpetual Preferred Stock,$22.77,-0.309,-1.339%,,United States,,8200,,
RIVN,Rivian Automotive Inc. Class A Common Stock,$13.46,-0.19,-1.392%,13738224459.00,United States,2021,11486090,Consumer Discretionary,Auto Manufacturing
RJF,Raymond James Financial Inc. Common Stock,$155.805,-1.115,-0.711%,31791205673.00,United States,,190933,Finance,Investment Bankers/Brokers/Service
RJF^B,Raymond James Financial Inc. Depositary Shares each representing a 1/40th interest in a share of 6.375% Fixed-to-Floating Rate Series B Non-Cumulative Perpetual Preferred Stock,$25.07,-0.0195,-0.078%,,United States,,2820,,
RKDA,Arcadia Biosciences Inc. Common Stock,$5.9975,-0.1125,-1.841%,8186228.00,United States,2015,18223,Consumer Staples,Farming/Seeds/Milling
RKLB,Rocket Lab USA Inc. Common Stock,$26.595,-0.625,-2.296%,13295135119.00,United States,2020,10133939,Industrials,Military/Government/Technical
RKT,Rocket Companies Inc. Class A Common Stock,$11.045,-0.055,-0.495%,22031624060.00,United States,2020,1188213,Finance,Finance: Consumer Services
RL,Ralph Lauren Corporation Common Stock,$231.32,1.77,0.771%,14364588934.00,United States,1997,174300,Consumer Discretionary,Apparel
RLAY,Relay Therapeutics Inc. Common Stock,$4.235,-0.125,-2.867%,708866827.00,United States,2020,705070,Health Care,Biotechnology: Biological Products (No Diagnostic Substances)
RLGT,Radiant Logistics Inc. Common Stock,$6.66,0.08,1.216%,312456664.00,United States,,16628,Consumer Discretionary,Oil Refining/Marketing
RLI,RLI Corp. Common Stock (DE),$165.59,-0.30,-0.181%,7587576555.00,United States,,23154,Finance,Property-Casualty Insurers
RLJ,RLJ Lodging Trust Common Shares of Beneficial Interest $0.01 par value,$10.265,0.115,1.133%,1573705460.00,United States,2011,639336,Real Estate,Real Estate Investment Trusts
RLJ^A,RLJ Lodging Trust $1.95 Series A Cumulative Convertible  Preferred Shares,$25.2356,0.1056,0.42%,,United States,,12253,,
RLMD,Relmada Therapeutics Inc. Common Stock,$0.454,0.071,18.538%,13699088.00,United States,,2676495,Health Care,Biotechnology: Pharmaceutical Preparations
RLTY,Cohen & Steers Real Estate Opportunities and Income Fund Common Shares of Beneficial Interest,$14.7899,-0.0601,-0.405%,0.00,,2022,115387,Finance,Investment Managers
RLX,RLX Technology Inc. American Depositary Shares each representing the right to receive one (1) Class A ordinary share,$2.18,0.06,2.83%,2772091802.00,Cayman Islands,2021,4483073,Health Care, Medicinal Chemicals and Botanical Products 
RLYB,Rallybio Corporation Common Stock,$0.9099,-0.004,-0.438%,37749555.00,United States,2021,30587,Health Care,Biotechnology: Pharmaceutical Preparations
RM,Regional Management Corp. Common Stock,$33.68,-0.04,-0.119%,342296980.00,United States,2012,11091,Finance,Finance: Consumer Services
RMAX,RE/MAX Holdings Inc. Class A Common Stock,$10.80,0.12,1.124%,203818172.00,United States,2013,69687,Finance,Real Estate
RMBI,Richmond Mutual Bancorporation Inc. Common Stock,$13.79,0.06,0.437%,150429456.00,United States,2019,16768,Finance,Major Banks
RMBL,RumbleOn Inc. Class B Common Stock,$5.645,0.165,3.011%,199669035.00,United States,,34659,Technology,EDP Services
RMBS,Rambus Inc. Common Stock,$54.09,-0.15,-0.277%,5764665387.00,United States,1997,222174,Technology,Semiconductors
RMCF,Rocky Mountain Chocolate Factory Inc. Common Stock,$2.42,0.02,0.833%,18386722.00,United States,,11007,Consumer Staples,Specialty Foods
RMCO,Royalty Management Holding Corporation Class A Common Stock,$0.97,0.03,3.191%,14484930.00,United States,2023,39836,Miscellaneous,Multi-Sector Companies
RMCOW,Royalty Management Holding Corporation Warrant,$0.0189,0.00,0.00%,282232.00,United States,2023,564,Miscellaneous,Multi-Sector Companies
RMD,ResMed Inc. Common Stock,$229.89,-3.29,-1.411%,33746874048.00,United States,,160987,Health Care,Medical/Dental Instruments
RMI,RiverNorth Opportunistic Municipal Income Fund Inc. Common Stock,$14.97,0.11,0.74%,95407822.00,,2018,61794,Finance,Finance/Investors Services
RMM,RiverNorth Managed Duration Municipal Income Fund Inc. Common Stock,$14.525,0.045,0.311%,286718097.00,,2019,132333,Finance,Trusts Except Educational Religious and Charitable
RMMZ,RiverNorth Managed Duration Municipal Income Fund II Inc. Common Stock,$14.895,0.115,0.778%,294021759.00,,2022,78644,Finance,Investment Managers
RMNI,Rimini Street Inc. (DE) Common Stock,$2.67,-0.03,-1.111%,242756400.00,United States,2015,96027,Consumer Discretionary,Business Services
RMR,The RMR Group Inc. Class A Common Stock,$20.72,0.23,1.122%,659840853.00,United States,,46617,Consumer Discretionary,Professional Services
RMSG,Real Messenger Corporation Ordinary Shares,$2.22,-0.0297,-1.32%,20693282.00,United States,,57885,Technology,Computer Software: Programming Data Processing
RMSGW,Real Messenger Corporation Warrants,$0.0364,0.0014,4.00%,339295.00,United States,,16278,Technology,Computer Software: Programming Data Processing
RMT,Royce Micro-Cap Trust Inc. Common Stock,$9.6681,-0.0719,-0.738%,447334353.00,United States,,61134,Finance,Investment Managers
RMTI,Rockwell Medical Inc. Common Stock,$2.095,-0.045,-2.103%,67707899.00,United States,1998,219698,Health Care,Biotechnology: Pharmaceutical Preparations
RNA,Avidity Biosciences Inc. Common Stock,$28.60,-1.51,-5.015%,3412246466.00,United States,2020,608452,Health Care,Biotechnology: Pharmaceutical Preparations
RNAC,Cartesian Therapeutics Inc. Common Stock,$18.86,-0.93,-4.699%,479324976.00,United States,2016,35667,Health Care,Biotechnology: Pharmaceutical Preparations
RNAZ,TransCode Therapeutics Inc. Common Stock,$3.47,-0.20,-5.45%,2415929.00,United States,2021,44883,Health Care,Biotechnology: Pharmaceutical Preparations
RNG,RingCentral Inc. Class A Common Stock,$35.565,-0.545,-1.509%,3216163542.00,United States,2013,223766,Technology,EDP Services
RNGR,Ranger Energy Services Inc. Class A Common Stock,$15.18,0.44,2.985%,337682318.00,United States,2017,44770,Energy,Oilfield Services/Equipment
RNP,Cohen & Steers REIT and Preferred and Income Fund Inc. Common Shares,$20.857,-0.153,-0.728%,1024884364.00,United States,2003,68446,Finance,Investment Managers
RNR,RenaissanceRe Holdings Ltd. Common Stock,$250.37,-0.26,-0.104%,13004206533.00,Bermuda,,165712,Finance,Property-Casualty Insurers
RNR^F,RenaissanceRe Holdings Ltd. Depositary Shares each Representing a 1/1000th Interest in a 5.750% Series F Preference Share,$22.57,0.08,0.356%,,Bermuda,,25697,,
RNR^G,RenaissanceRe Holdings Ltd. Depositary Shares each representing a 1/1000th interest in a share of 4.20% Series G Preference Shares,$16.66,0.12,0.726%,,Bermuda,,15061,,
RNST,Renasant Corporation Common Stock,$35.99,0.20,0.559%,2287729183.00,United States,2023,153626,Finance,Major Banks
RNW,ReNew Energy Global plc Class A Ordinary Shares,$6.945,0.125,1.833%,559485519.00,United Kingdom,,308849,Utilities,Electric Utilities: Central
RNWWW,ReNew Energy Global plc Warrant,$0.1625,-0.0274,-14.429%,13090914.00,United Kingdom,,127268,Utilities,Electric Utilities: Central
RNXT,RenovoRx Inc. Common Stock,$1.30,0.00,0.00%,31201741.00,United States,2021,27202,Health Care,Biotechnology: Pharmaceutical Preparations
ROAD,Construction Partners Inc. Class A Common Stock,$90.175,0.315,0.351%,5038735528.00,United States,2018,128739,Industrials,Military/Government/Technical
ROCK,Gibraltar Industries Inc. Common Stock,$59.125,-0.095,-0.16%,1793918779.00,United States,1993,75507,Industrials,Steel/Iron Ore
ROG,Rogers Corporation Common Stock,$103.17,-1.35,-1.292%,1925209666.00,United States,1960,53913,Industrials,Major Chemicals
ROIC,Retail Opportunity Investments Corp. Common Stock (MD),$17.365,0.015,0.086%,2233987628.00,United States,,196122,Real Estate,Real Estate Investment Trusts
ROIV,Roivant Sciences Ltd. Common Shares,$11.59,-0.21,-1.78%,8436937533.00,United Kingdom,,1383832,Health Care,Biotechnology: Pharmaceutical Preparations
ROK,Rockwell Automation Inc. Common Stock,$287.82,-2.68,-0.923%,32493959566.00,United States,,136549,Industrials,Industrial Machinery/Components
ROKU,Roku Inc. Class A Common Stock,$75.38,-1.65,-2.142%,10945117731.00,United States,2017,1057189,Telecommunications,Cable & Other Pay Television Services
ROL,Rollins Inc. Common Stock,$46.545,-0.135,-0.289%,22541976970.00,United States,,403829,Finance,Diversified Commercial Services
ROLR,High Roller Technologies Inc. Common Stock,$4.0349,-0.2451,-5.727%,33356922.00,,2024,6901,Consumer Discretionary,Services-Misc. Amusement & Recreation
ROMA,Roma Green Finance Limited Ordinary Shares,$0.75,-0.05,-6.25%,11670000.00,Hong Kong,2024,5910,Consumer Discretionary,Professional Services
ROOT,Root Inc. Class A Common Stock,$73.575,0.575,0.788%,1110982500.00,United States,2020,86392,Finance,Property-Casualty Insurers
ROP,Roper Technologies Inc. Common Stock,$521.1801,-2.7299,-0.521%,55885699641.00,United States,1992,120765,Industrials,Industrial Machinery/Components
ROST,Ross Stores Inc. Common Stock,$151.85,-1.11,-0.726%,50099748564.00,United States,1985,594691,Consumer Discretionary,Clothing/Shoe/Accessory Stores
RPAY,Repay Holdings Corporation Class A Common Stock,$7.70,-0.04,-0.517%,707665027.00,United States,2018,109578,Consumer Discretionary,Business Services
RPD,Rapid7 Inc. Common Stock,$41.03,0.84,2.09%,2593366880.00,United States,2015,244255,Technology,Computer Software: Prepackaged Software
RPID,Rapid Micro Biosystems Inc. Class A Common Stock,$0.91,-0.048,-5.01%,39161141.00,United States,2021,32620,Industrials,Biotechnology: Laboratory Analytical Instruments
RPM,RPM International Inc. Common Stock,$123.53,-0.61,-0.491%,15898551266.00,United States,,160056,Consumer Discretionary,Paints/Coatings
RPRX,Royalty Pharma plc Class A Ordinary Shares ,$25.335,-0.205,-0.803%,14926945807.00,United States,2020,722741,Health Care,Biotechnology: Pharmaceutical Preparations
RPT,Rithm Property Trust Inc. Common stock,$2.99,-0.03,-0.993%,135808048.00,United States,2015,84714,Real Estate,Real Estate Investment Trusts
RPTX,Repare Therapeutics Inc. Common Shares,$1.22,-0.07,-5.426%,51863064.00,Canada,2020,383881,Health Care,Biotechnology: Pharmaceutical Preparations
RQI,Cohen & Steers Quality Income Realty Fund Inc Common Shares,$12.1699,-0.0701,-0.573%,1634422535.00,United States,2002,295306,Finance,Trusts Except Educational Religious and Charitable
RR,Richtech Robotics Inc. Class B Common Stock,$3.5691,0.6691,23.072%,282875955.00,United States,2023,26348255,Industrials,Industrial Machinery/Components
RRBI,Red River Bancshares Inc. Common Stock,$54.48,0.00,0.00%,371887018.00,United States,2019,375,Consumer Discretionary,Hotels/Resorts
RRC,Range Resources Corporation Common Stock,$37.02,2.23,6.41%,8933283132.00,United States,,1403600,Energy,Oil & Gas Production
RRGB,Red Robin Gourmet Burgers Inc. Common Stock,$5.44,0.05,0.928%,85826668.00,United States,2002,89004,Consumer Discretionary,Restaurants
RRR,Red Rock Resorts Inc. Class A Common Stock,$46.04,-0.12,-0.26%,4862700463.00,United States,2016,78859,Consumer Discretionary,Hotels/Resorts
RRX,Regal Rexnord Corporation Common Stock,$155.19,-1.31,-0.837%,10277936046.00,United States,1976,140474,Consumer Discretionary,Metal Fabrications
RS,Reliance Inc. Common Stock,$268.68,-1.05,-0.389%,14541032532.00,United States,1994,104290,Industrials,Metal Fabrications
RSF,RiverNorth Capital and Income Fund Common Stock,$15.2442,0.0347,0.228%,50939668.00,,2019,5353,Finance,Investment Managers
RSG,Republic Services Inc. Common Stock,$201.945,-0.935,-0.461%,63239501238.00,United States,1998,259823,Utilities,Environmental Services
RSI,Rush Street Interactive Inc. Class A Common Stock,$13.745,0.005,0.036%,3102190998.00,United States,2020,482648,Consumer Discretionary,Services-Misc. Amusement & Recreation
RSKD,Riskified Ltd. Class A Ordinary Shares,$4.745,-0.005,-0.105%,847237406.00,,2021,189641,Consumer Discretionary,Business Services
RSLS,ReShape Lifesciences Inc. Common Stock,$4.48,-0.07,-1.538%,3192806.00,United States,2016,4983,Health Care,Medical/Dental Instruments
RSSS,Research Solutions Inc Common Stock,$4.13,-0.01,-0.242%,134279400.00,United States,,127032,Consumer Discretionary,Business Services
RSVR,Reservoir Media Inc. Common Stock,$8.96,0.10,1.129%,584394093.00,United States,2021,6321,Consumer Discretionary,Services-Misc. Amusement & Recreation
RSVRW,Reservoir Media Inc. Warrant,$1.24,0.00,0.00%,80875968.00,United States,2021,3,Consumer Discretionary,Services-Misc. Amusement & Recreation
RTC,Baijiayun Group Ltd. Class A Ordinary Shares,$3.28,-0.30,-8.38%,67622635.00,China,2006,11794,Technology,Computer Software: Prepackaged Software
RTO,Rentokil Initial plc American Depositary Shares (each representing five (5) Ordinary Shares),$25.16,-0.22,-0.867%,12703484701.00,United States,2022,346011,Consumer Discretionary,Other Consumer Services
RTX,RTX Corporation Common Stock,$115.74,-0.97,-0.831%,154051837789.00,United States,,879250,Industrials,Aerospace
RUM,Rumble Inc. Class A Common Stock,$13.7538,-1.4762,-9.693%,5357353535.00,United States,2021,5655419,Technology,Computer Software: Programming Data Processing
RUMBW,Rumble Inc. Warrant,$5.60,-0.61,-9.823%,2181301153.00,United States,2021,88118,Technology,Computer Software: Programming Data Processing
RUN,Sunrun Inc. Common Stock,$9.555,-0.305,-3.093%,2143562719.00,United States,2015,3778905,Miscellaneous,Industrial Machinery/Components
RUSHA,Rush Enterprises Inc. Common Stock Cl A,$54.53,-0.10,-0.183%,4309311555.00,United States,,37729,Consumer Discretionary,Retail-Auto Dealers and Gas Stations
RUSHB,Rush Enterprises Inc. Class B,$54.28,-0.10,-0.184%,4289554946.00,United States,,3482,Consumer Discretionary,Retail-Auto Dealers and Gas Stations
RVLV,Revolve Group Inc. Class A Common Stock,$33.75,0.17,0.506%,2388157763.00,United States,2019,290014,Consumer Discretionary,Catalog/Specialty Distribution
RVMD,Revolution Medicines Inc. Common Stock,$43.4899,-0.7201,-1.629%,7315844493.00,United States,2020,360625,Health Care,Biotechnology: Biological Products (No Diagnostic Substances)
RVMDW,Revolution Medicines Inc. Warrant,$0.1858,-0.0664,-26.328%,31255163.00,United States,,7310,,
RVNC,Revance Therapeutics Inc. Common Stock,$3.0675,0.0075,0.245%,321788075.00,United States,2014,1045235,Health Care,Biotechnology: Pharmaceutical Preparations
RVP,Retractable Technologies Inc. Common Stock,$0.6901,0.0071,1.04%,20659633.00,United States,2001,47347,Health Care,Medical/Dental Instruments
RVPH,Reviva Pharmaceuticals Holdings Inc. Common Stock ,$1.845,0.045,2.50%,61699012.00,United States,2020,1933868,Health Care,Biotechnology: Pharmaceutical Preparations
RVPHW,Reviva Pharmaceuticals Holdings Inc. Warrants,$0.1731,-0.0069,-3.833%,5788672.00,United States,2018,16356,Health Care,Biotechnology: Pharmaceutical Preparations
RVSB,Riverview Bancorp Inc Common Stock,$5.75,-0.03,-0.519%,121144467.00,United States,,20907,Finance,Savings Institutions
RVSN,Rail Vision Ltd. Ordinary Share,$1.79,0.58,47.934%,35998627.00,Israel,2022,31747230,Industrials,Railroads
RVSNW,Rail Vision Ltd. Warrant,$0.3701,0.1802,94.892%,7443068.00,Israel,2022,201475,Industrials,Railroads
RVT,Royce Small-Cap Trust Inc. Common Stock,$15.755,-0.035,-0.222%,1700858045.00,United States,1986,155944,Finance,Trusts Except Educational Religious and Charitable
RVTY,Revvity Inc. Common Stock,$111.80,-0.19,-0.17%,13606299811.00,United States,,148025,Industrials,Biotechnology: Laboratory Analytical Instruments
RVYL,Ryvyl Inc. Common Stock,$1.335,-0.045,-3.261%,9872563.00,United States,,69772,Consumer Discretionary,Professional Services
RWAY,Runway Growth Finance Corp. Common Stock,$11.00,0.08,0.733%,411395842.00,United States,2021,277448,Finance,Finance: Consumer Services
RWAYL,Runway Growth Finance Corp. 7.50% Notes due 2027,$24.8381,-0.0405,-0.163%,928935551.00,United States,,12030,Finance,Finance: Consumer Services
RWAYZ,Runway Growth Finance Corp. 8.00% Notes due 2027,$25.06,-0.0467,-0.186%,937234527.00,United States,,689,Finance,Finance: Consumer Services
RWT,Redwood Trust Inc. Common Stock,$6.48,-0.09,-1.37%,857088099.00,United States,1995,561333,Real Estate,Real Estate Investment Trusts
RWT^A,Redwood Trust Inc. 10.00% Series A Fixed-Rate Reset Cumulative Redeemable Preferred Stock,$25.99,-0.01,-0.038%,,United States,,6716,,
RWTN,Redwood Trust Inc. 9.125% Senior Notes Due 2029,$25.39,0.14,0.554%,3358251056.00,United States,2024,1773,Real Estate,Real Estate Investment Trusts
RWTO,Redwood Trust Inc. 9.00% Senior Notes Due 2029,$25.29,0.104,0.413%,3345024388.00,United States,2024,1589,Real Estate,Real Estate Investment Trusts
RXO,RXO Inc. Common Stock,$24.265,-0.095,-0.39%,3901570709.00,United States,2022,224506,Consumer Discretionary,Transportation Services
RXRX,Recursion Pharmaceuticals Inc. Class A Common Stock,$6.94,-0.45,-6.089%,1989287381.00,United States,2021,8417454,Health Care,Biotechnology: Biological Products (No Diagnostic Substances)
RXST,RxSight Inc. Common Stock,$33.87,-0.35,-1.023%,1365112230.00,United States,2021,181303,Health Care,Ophthalmic Goods
RXT,Rackspace Technology Inc. Common Stock,$2.13,-0.08,-3.62%,484721725.00,United States,2020,769306,Technology,Computer Software: Programming Data Processing
RY,Royal Bank Of Canada Common Stock,$120.68,-0.20,-0.165%,170762201569.00,Canada,,153285,Finance,Commercial Banks
RYAAY,Ryanair Holdings plc American Depositary Shares,$44.025,-0.045,-0.102%,24191619425.00,Ireland,1997,327804,Consumer Discretionary,Air Freight/Delivery Services
RYAM,Rayonier Advanced Materials Inc. Common Stock,$7.90,0.33,4.359%,520735120.00,United States,2014,171513,Basic Materials,Paper
RYAN,Ryan Specialty Holdings Inc. Class A Common Stock,$63.64,-0.35,-0.547%,16663613361.00,United States,2021,128210,Finance,Specialty Insurers
RYDE,Ryde Group Ltd. Class A Ordinary Shares,$0.5523,-0.0775,-12.305%,10704828.00,,2024,1619907,Consumer Discretionary,Business Services
RYI,Ryerson Holding Corporation Common Stock,$18.27,-0.29,-1.563%,581846828.00,United States,2014,40903,Industrials,Metal Fabrications
RYN,Rayonier Inc. REIT Common Stock,$25.78,-0.18,-0.693%,3841251220.00,United States,,406298,Real Estate,Real Estate Investment Trusts
RYTM,Rhythm Pharmaceuticals Inc. Common Stock,$56.05,0.46,0.827%,3444668717.00,United States,2017,106110,Health Care,Biotechnology: Pharmaceutical Preparations
RZB,Reinsurance Group of America Incorporated 5.75% Fixed-To-Floating Rate Subordinated Debentures due 2056,$24.455,0.085,0.349%,1610712190.00,United States,2016,17804,Finance,Life Insurance
RZC,Reinsurance Group of America Incorporated 7.125% Fixed-Rate Reset Subordinated Debentures due 2052,$26.34,0.00,0.00%,1734866452.00,United States,2022,14016,Finance,Life Insurance
RZLT,Rezolute Inc. Common Stock (NV),$4.83,-0.13,-2.621%,279865009.00,United States,,189501,Health Care,Biotechnology: Pharmaceutical Preparations
RZLV,Rezolve AI Limited Ordinary Shares,$4.5488,-0.0512,-1.113%,783224980.00,United Kingdom,,16645329,Technology,Computer Software: Programming Data Processing
RZLVW,Rezolve AI Limited Warrants,$0.95,0.20,26.667%,163573631.00,United Kingdom,,535211,Technology,Computer Software: Programming Data Processing
S,SentinelOne Inc. Class A Common Stock,$22.61,0.16,0.713%,7265531179.00,United States,2021,1710945,Technology,Computer Software: Prepackaged Software
SA,Seabridge Gold Inc. Ordinary Shares (Canada),$11.3383,-0.2717,-2.34%,1014625996.00,Canada,,662377,Basic Materials,Precious Metals
SABA,Saba Capital Income & Opportunities Fund II Shares of Beneficial Interest,$8.87,0.07,0.795%,0.00,United States,,38565,,
SABR,Sabre Corporation Common Stock,$3.665,-0.005,-0.136%,1414154862.00,United States,2014,1901664,Technology,Computer Software: Programming Data Processing
SABS,SAB Biotherapeutics Inc. Common Stock,$3.72,-0.46,-11.005%,34332899.00,United States,2021,61326,Health Care,Biotechnology: Biological Products (No Diagnostic Substances)
SABSW,SAB Biotherapeutics Inc. Warrant,$0.0533,-0.0267,-33.375%,491920.00,United States,2021,10730,Health Care,Biotechnology: Biological Products (No Diagnostic Substances)
SACH,Sachem Capital Corp. Common Shares,$1.205,-0.035,-2.823%,60208194.00,United States,2017,303328,Real Estate,Real Estate Investment Trusts
SACH^A,Sachem Capital Corp. 7.75% Series A Cumulative Redeemable Preferred Stock,$15.30,-0.70,-4.375%,,United States,,63093,,
SAFE,Safehold Inc. New Common Stock ,$18.445,-0.185,-0.993%,1317640340.00,United States,2023,169153,Real Estate,Real Estate Investment Trusts
SAFT,Safety Insurance Group Inc. Common Stock,$82.10,0.14,0.171%,1218200375.00,United States,2002,18611,Finance,Property-Casualty Insurers
SAG,SAG Holdings Limited Ordinary Shares,$2.85,0.04,1.423%,28143750.00,Singapore,2024,51102,Consumer Discretionary,Motor Vehicles
SAGE,Sage Therapeutics Inc. Common Stock,$5.445,-0.095,-1.715%,333088417.00,United States,2014,219628,Health Care,Biotechnology: Pharmaceutical Preparations
SAH,Sonic Automotive Inc. Common Stock,$63.455,-0.135,-0.212%,2169530384.00,United States,1997,25546,Consumer Discretionary,Retail-Auto Dealers and Gas Stations
SAIA,Saia Inc. Common Stock,$462.025,-13.285,-2.795%,12287589527.00,United States,,193897,Industrials,Trucking Freight/Courier Services
SAIC,Science Applications International Corporation Common Stock,$111.44,0.30,0.27%,5447356143.00,United States,,83744,Technology,EDP Services
SAIH,SAIHEAT Limited Class A Ordinary Shares,$0.7129,-0.0072,-1.00%,10275241.00,Singapore,2021,66554,Technology,EDP Services
SAIHW,SAIHEAT Limited Warrant,$0.09,0.00,0.00%,1297197.00,Singapore,2021,10,Technology,EDP Services
SAJ,Saratoga Investment Corp 8.00% Notes due 2027,$25.40,-0.12,-0.47%,350539507.00,United States,2022,2201,Finance,Investment Managers
SAM,Boston Beer Company Inc. (The) Common Stock,$301.77,0.66,0.219%,3465753309.00,United States,,21371,Consumer Staples,Beverages (Production/Distribution)
SAMG,Silvercrest Asset Management Group Inc. Class A Common Stock,$18.425,0.055,0.299%,255457190.00,United States,2013,7044,Finance,Investment Managers
SAN,Banco Santander S.A. Sponsored ADR (Spain),$4.535,0.045,1.002%,68819056428.00,Spain,,1822393,Finance,Commercial Banks
SANA,Sana Biotechnology Inc. Common Stock,$1.57,-0.04,-2.484%,350532156.00,United States,2021,977481,Health Care,Biotechnology: Biological Products (No Diagnostic Substances)
SAND          ,Sandstorm Gold Ltd. Ordinary Shares (Canada),$5.535,0.065,1.188%,1646041362.00,Canada,,2760345,Basic Materials,Precious Metals
SANG,Sangoma Technologies Corporation Common Shares,$7.00,0.00,0.00%,233330069.00,Canada,,1688,Technology,Computer Software: Programming Data Processing
SANM,Sanmina Corporation Common Stock,$76.025,-0.615,-0.802%,4099843965.00,United States,1993,64397,Technology,Electrical Products
SANW,S&W Seed Company Common Stock (NV),$8.21,-1.01,-10.954%,18755499.00,United States,,32625,Consumer Staples,Farming/Seeds/Milling
SAP,SAP  SE ADS,$249.5201,-0.6299,-0.252%,291247110776.00,Germany,,264801,Technology,Computer Software: Prepackaged Software
SAR,Saratoga Investment Corp New,$23.85,0.08,0.337%,329148317.00,United States,,53411,Finance,Investment Managers
SARO,StandardAero Inc. Common Stock,$25.48,-0.10,-0.391%,8522082332.00,,2024,330839,Industrials,Aerospace
SASR,Sandy Spring Bancorp Inc. Common Stock,$33.67,-0.09,-0.267%,1519718817.00,United States,,57343,Finance,Major Banks
SAT,Saratoga Investment Corp 6.00% Notes due 2027,$24.45,0.08,0.328%,337428778.00,United States,2022,1602,Finance,Investment Managers
SATL,Satellogic Inc. Class A Ordinary Shares,$3.5123,-0.1677,-4.557%,317174687.00,Uruguay,,602253,Technology,Radio And Television Broadcasting And Communications Equipment
SATLW,Satellogic Inc. Warrant,$0.4599,-0.0091,-1.94%,41530803.00,Uruguay,,3898,Technology,Radio And Television Broadcasting And Communications Equipment
SATS,EchoStar  Corporation Common Stock,$22.887,0.317,1.405%,6221621580.00,United States,,413248,Consumer Discretionary,Telecommunications Equipment
SATX,SatixFy Communications Ltd. Ordinary Share,$1.864,0.6305,51.115%,154924856.00,,2022,1663083,Technology,Radio And Television Broadcasting And Communications Equipment
SAVA,Cassava Sciences Inc. Common Stock,$2.4245,-0.0755,-3.02%,116643847.00,United States,,2851719,Health Care,Biotechnology: Pharmaceutical Preparations
SAY,Saratoga Investment Corp 8.125% Notes due 2027,$25.30,0.102,0.405%,349159430.00,United States,2022,292,Finance,Investment Managers
SAZ,Saratoga Investment Corp 8.50% Notes due 2028,$25.5716,0.0716,0.281%,352907719.00,United States,2023,168,Finance,Investment Managers
SB,Safe Bulkers Inc Common Stock ($0.001 par value),$3.47,-0.10,-2.801%,370493357.00,Monaco,2008,540415,Consumer Discretionary,Marine Transportation
SB^C,Safe Bulkers Inc Cumulative Redeemable Perpetual Preferred Series C (Marshall Islands),$25.4799,-0.0001,0.00%,,Monaco,,533,,
SB^D,Safe Bulkers Inc Perpetual Preferred Series D (Marshall Islands),$25.40,0.00,0.00%,,Monaco,,884,,
SBAC,SBA Communications Corporation Class A Common Stock,$202.33,-0.87,-0.428%,21755050895.00,United States,1999,229557,Real Estate,Real Estate Investment Trusts
SBBA,Scorpio Tankers Inc. 7.00% Senior Notes due 2025,$25.10,-0.0499,-0.198%,1333004902.00,Monaco,2020,2221,Consumer Discretionary,Marine Transportation
SBC,SBC Medical Group Holdings Incorporated Common Stock,$5.66,-0.14,-2.414%,583097819.00,United States,2022,22412,Health Care,Medical/Nursing Services
SBCF,Seacoast Banking Corporation of Florida Common Stock,$27.38,0.12,0.44%,2339374607.00,United States,,83715,Finance,Major Banks
SBCWW,SBC Medical Group Holdings Incorporated Warrants,$0.24,-0.0099,-3.962%,24724996.00,United States,2022,49707,Health Care,Medical/Nursing Services
SBET,SharpLink Gaming Inc. Common Stock,$0.7225,-0.0158,-2.14%,2590415.00,Israel,,113034,Technology,Computer Software: Prepackaged Software
SBEV,Splash Beverage Group Inc. (NV) Common Stock,$0.1709,-0.0041,-2.343%,10546413.00,,2021,206716,Consumer Staples,Beverages (Production/Distribution)
SBFG,SB Financial Group Inc. Common Stock,$20.6505,-0.8295,-3.862%,137365577.00,United States,,9125,Finance,Major Banks
SBFM,Sunshine Biopharma Inc. Common Stock,$2.86,-0.20,-6.536%,5719028.00,Canada,,77351,Health Care,Biotechnology: Pharmaceutical Preparations
SBFMW,Sunshine Biopharma Inc. Warrant,$0.16,-0.07,-30.435%,319946.00,Canada,,2221,Health Care,Biotechnology: Pharmaceutical Preparations
SBGI,Sinclair Inc. Class A Common Stock,$15.765,-0.055,-0.348%,1047120759.00,United States,1995,45546,Industrials,Broadcasting
SBH,Sally Beauty Holdings Inc. (Name to be changed from Sally Holdings Inc.) Common Stock,$10.19,-0.65,-5.996%,1038167033.00,United States,,1436721,Consumer Discretionary,Other Specialty Stores
SBI,Western Asset Intermediate Muni Fund Inc Common Stock,$7.7088,0.0251,0.327%,0.00,United States,1992,31841,Finance,Finance/Investors Services
SBLK,Star Bulk Carriers Corp. Common Shares,$14.71,-0.14,-0.943%,1679882000.00,Greece,,1006375,Consumer Discretionary,Marine Transportation
SBR,Sabine Royalty Trust Common Stock,$64.99,0.99,1.547%,947511632.00,United States,,21509,Energy,Oil & Gas Production
SBRA,Sabra Health Care REIT Inc. Common Stock,$17.01,-0.01,-0.059%,4024341553.00,United States,,433824,Real Estate,Real Estate Investment Trusts
SBS,Companhia de saneamento Basico Do Estado De Sao Paulo - Sabesp American Depositary Shares (Each repstg 250 Common Shares),$14.295,-0.115,-0.798%,9770773577.00,Brazil,2002,153225,Utilities,Water Supply
SBSI,Southside Bancshares Inc. Common Stock,$31.735,-0.075,-0.236%,961837518.00,United States,,30426,Finance,Major Banks
SBSW,D/B/A Sibanye-Stillwater Limited ADS,$3.295,-0.135,-3.936%,2331517495.00,South Africa,,7002124,Basic Materials,Precious Metals
SBT,Sterling Bancorp Inc. Common Stock,$4.75,0.00,0.00%,248487961.00,United States,2017,8049,Finance,Savings Institutions
SBUX,Starbucks Corporation Common Stock,$90.71,-1.54,-1.669%,102846998000.00,United States,1992,4838713,Consumer Discretionary,Restaurants
SCCC,Sachem Capital Corp. 7.75% Notes due 2025,$24.4215,0.0715,0.294%,1220227720.00,United States,2020,1590,Real Estate,Real Estate Investment Trusts
SCCD,Sachem Capital Corp. 6.00% Notes due 2026,$20.80,-0.13,-0.621%,1039278365.00,United States,,1025,Real Estate,Real Estate Investment Trusts
SCCE,Sachem Capital Corp. 6.00% Notes due 2027,$19.35,0.14,0.729%,966828671.00,United States,2022,8866,Real Estate,Real Estate Investment Trusts
SCCF,Sachem Capital Corp. 7.125% Notes due 2027,$19.38,0.11,0.571%,968327630.00,United States,2022,4253,Real Estate,Real Estate Investment Trusts
SCCG,Sachem Capital Corp. 8.00% Notes due 2027,$19.875,0.745,3.894%,993060457.00,United States,2022,7571,Real Estate,Real Estate Investment Trusts
SCCO,Southern Copper Corporation Common Stock,$91.73,-1.48,-1.588%,72057600620.00,United States,,269179,Basic Materials,Metal Mining
SCD,LMP Capital and Income Fund Inc. Common Stock,$17.0401,-0.2298,-1.331%,0.00,United States,2004,20025,Finance,Trusts Except Educational Religious and Charitable
SCE^G,SCE Trust II Trust Preferred Securities,$19.35,-0.03,-0.155%,,United States,,19164,,
SCE^J,Southern California Edison Company 5.375% Fixed-to-Floating Rate Trust Preference Securities,$24.49,0.15,0.616%,,United States,,8518,,
SCE^K,Southern California Edison Company 5.45% Fixed-to-Floating Rate Trust Preference Securities,$24.40,0.10,0.412%,,United States,,18002,,
SCE^L,SCE TRUST VI,$19.1599,0.1082,0.568%,,United States,,12634,,
SCE^M,SCE Trust VII 7.50% Trust Preference Securities,$25.95,-0.01,-0.039%,,United States,,9044,,
SCE^N,SCE Trust VIII 6.95% Trust Preference Securities,$25.485,-0.045,-0.176%,,United States,,9508,,
SCHL,Scholastic Corporation Common Stock,$20.78,-0.51,-2.395%,583941814.00,United States,1992,150736,Consumer Discretionary,Books
SCHW,Charles Schwab Corporation (The) Common Stock,$74.11,-0.63,-0.843%,135662489078.00,United States,,1385791,Finance,Investment Bankers/Brokers/Service
SCHW^D,The Charles Schwab Corporation Depositary Shares each representing 1/40th interest in a share of 5.95% Non-Cumulative Perpetual Preferred Stock Series D,$25.05,0.0601,0.24%,,United States,,44427,,
SCHW^J,The Charles Schwab Corporation Depositary Shares Each Representing a 1/40th Interest in a Share of 4.450% Non-Cumulative Perpetual Preferred Stock Series J,$18.98,0.08,0.423%,,United States,,63274,,
SCI,Service Corporation International Common Stock,$80.275,-0.485,-0.601%,11610089603.00,United States,,196834,Consumer Discretionary,Other Consumer Services
SCKT,Socket Mobile Inc. Common Stock,$1.32,-0.0201,-1.50%,10038956.00,United States,,14993,Technology,Computer Manufacturing
SCL,Stepan Company Common Stock,$64.71,-0.55,-0.843%,1455633849.00,United States,,41061,Consumer Discretionary,Package Goods/Cosmetics
SCLX,Scilex Holding Company Common Stock,$0.4187,0.0287,7.359%,80302691.00,United States,2021,1611627,Health Care,Biotechnology: Biological Products (No Diagnostic Substances)
SCLXW,Scilex Holding Company Warrant,$0.2437,-0.0559,-18.658%,46739350.00,United States,2021,3490,Health Care,Biotechnology: Biological Products (No Diagnostic Substances)
SCM,Stellus Capital Investment Corporation Common Stock,$13.80,0.05,0.364%,373396784.00,United States,2012,65909,Finance,Finance/Investors Services
SCNI,Scinai Immunotherapeutics Ltd. American Depositary Shares,$3.3708,0.0308,0.922%,2822405.00,Israel,2015,6345,Health Care,Biotechnology: Biological Products (No Diagnostic Substances)
SCNX,Scienture Holdings Inc. Common Stock,$6.56,0.36,5.806%,56263775.00,United States,,13318,Health Care,Other Pharmaceuticals
SCOR,comScore Inc. Common Stock,$5.71,-0.06,-1.04%,27925080.00,United States,2018,58422,Consumer Discretionary,Business Services
SCPH,scPharmaceuticals Inc. Common Stock,$3.445,0.025,0.731%,172388262.00,United States,2017,209318,Health Care,Biotechnology: Pharmaceutical Preparations
SCPX,Scorpius Holdings Inc. Common Stock,$0.3505,0.0499,16.60%,1518109.00,United States,,572448,Health Care,Biotechnology: Pharmaceutical Preparations
SCS,Steelcase Inc. Common Stock,$11.74,-0.23,-1.921%,1335095493.00,United States,1998,177508,Consumer Discretionary,Office Equipment/Supplies/Services
SCSC,ScanSource Inc. Common Stock,$47.40,-0.37,-0.775%,1137842072.00,United States,,59663,Technology,Retail: Computer Software & Peripheral Equipment
SCVL,Shoe Carnival Inc. Common Stock,$34.59,-1.08,-3.028%,939975121.00,United States,1993,140843,Consumer Discretionary,Clothing/Shoe/Accessory Stores
SCWO,374Water Inc. Common Stock,$0.68,0.0006,0.088%,90554273.00,United States,,156636,Consumer Discretionary,Metal Fabrications
SCWX,SecureWorks Corp. Class A Common Stock,$8.455,0.005,0.059%,751565508.00,United States,2016,64052,Technology,Computer Software: Prepackaged Software
SCYX,SCYNEXIS Inc. Common Stock,$1.06,0.0608,6.085%,40225930.00,United States,2014,196589,Health Care,Biotechnology: Pharmaceutical Preparations
SD,SandRidge Energy Inc. Common Stock,$11.57,0.81,7.528%,430563643.00,United States,2016,494775,Energy,Oil & Gas Production
SDA,SunCar Technology Group Inc. Class A Ordinary Shares,$9.46,-0.11,-1.149%,848609849.00,Hong Kong,2021,386240,Consumer Discretionary,Automotive Aftermarket
SDAWW,SunCar Technology Group Inc. Warrant,$0.33,-0.0005,-0.151%,29602669.00,Hong Kong,2021,8844,Consumer Discretionary,Automotive Aftermarket
SDGR,Schrodinger Inc. Common Stock,$19.19,-0.58,-2.934%,1398159739.00,United States,2020,282953,Health Care,Biotechnology: Pharmaceutical Preparations
SDHC,Smith Douglas Homes Corp. Class A Common Stock,$26.00,-0.74,-2.767%,1333333326.00,United States,2024,63691,Consumer Discretionary,Homebuilding
SDHY,PGIM Short Duration High Yield Opportunities Fund Common Shares,$16.07,-0.04,-0.248%,396496010.00,,2020,77380,Finance,Finance/Investors Services
SDIG,Stronghold Digital Mining Inc. Class A Common Stock,$3.735,-0.185,-4.719%,64402564.00,United States,2021,297435,Technology,EDP Services
SDOT,Sadot Group Inc. Common Stock,$3.50,0.04,1.156%,20098544.00,United States,2020,11027,Consumer Discretionary,Restaurants
SDRL,Seadrill Limited Common Shares,$38.25,1.65,4.508%,2533297500.00,,2022,280582,Energy,Oil & Gas Production
SDST,Stardust Power Inc. Common Stock,$4.42,-0.13,-2.857%,211877739.00,United States,2021,883064,Industrials,Major Chemicals
SDSTW,Stardust Power Inc. Warrant,$0.3899,0.0999,34.448%,0.00,United States,2021,7633,,
SE,Sea Limited American Depositary Shares each representing one Class A Ordinary Share,$107.8067,-0.9133,-0.84%,61917700833.00,United States,2017,788595,Consumer Discretionary,Other Consumer Services
SEAL^A,Seapeak LLC 9.00% Series A Cumulative Redeemable Perpetual Preferred Units,$25.77,0.02,0.078%,,Bermuda,,1501,,
SEAL^B,Seapeak LLC 8.50% Series B Fixed-to-Floating Rate Cumulative Redeemable Perpetual Preferred Units,$25.55,0.00,0.00%,,Bermuda,,3915,,
SEAT,Vivid Seats Inc. Class A Common Stock,$4.5623,0.7723,20.377%,947796606.00,United States,,2673972,Consumer Discretionary,Services-Misc. Amusement & Recreation
SEATW,Vivid Seats Inc. Warrant,$0.33,0.0425,14.783%,68555965.00,United States,,63047,Consumer Discretionary,Services-Misc. Amusement & Recreation
SEB,Seaboard Corporation Common Stock,$2380.77,-26.93,-1.118%,2311858612.00,United States,1996,1001,Industrials,Farming/Seeds/Milling
SEDG,SolarEdge Technologies Inc. Common Stock,$13.53,-0.27,-1.957%,784065313.00,Israel,2015,2079900,Technology,Semiconductors
SEE,Sealed Air Corporation Common Stock,$33.78,-0.48,-1.401%,4921490893.00,United States,,319690,Industrials,Major Chemicals
SEED,Origin Agritech Limited Common Stock,$2.13,-0.03,-1.389%,13493546.00,China,,24171,Consumer Staples,Farming/Seeds/Milling
SEER,Seer Inc. Class A Common Stock,$2.245,-0.015,-0.664%,132379927.00,United States,2020,205760,Industrials,Biotechnology: Laboratory Analytical Instruments
SEG,Seaport Entertainment Group Inc. Common Stock,$27.64,0.12,0.436%,351169600.00,United States,2024,35056,Consumer Discretionary,Services-Misc. Amusement & Recreation
SEI,Solaris Energy Infrastructure Inc. Class A Common Stock,$28.67,0.48,1.703%,1737182646.00,United States,2017,148667,Industrials,Metal Fabrications
SEIC,SEI Investments Company Common Stock,$82.68,-0.68,-0.816%,10658167017.00,United States,1981,147753,Finance,Investment Bankers/Brokers/Service
SELF,Global Self Storage Inc. Common Stock,$5.17,-0.07,-1.336%,58239745.00,United States,,17356,Real Estate,Real Estate Investment Trusts
SELX,Semilux International Ltd. Ordinary Shares,$1.415,0.065,4.815%,52961121.00,Taiwan,,5301,Technology,Semiconductors
SEM,Select Medical Holdings Corporation Common Stock,$18.8499,-0.1401,-0.738%,2440438740.00,United States,2009,337520,Health Care,Hospital/Nursing Management
SEMR,SEMrush Holdings Inc. Class A Common Stock,$11.84,-0.13,-1.086%,1736948838.00,United States,2021,71769,Technology,Computer Software: Prepackaged Software
SENEA,Seneca Foods Corp. Class A Common Stock,$78.89,0.52,0.664%,543618289.00,United States,,3182,Consumer Staples,Packaged Foods
SENEB,Seneca Foods Corp. Class B Common Stock,$79.41,0.00,0.00%,547201525.00,United States,,17,Consumer Staples,Packaged Foods
SENS,Senseonics Holdings Inc. Common Stock,$0.5636,-0.0286,-4.829%,334004101.00,United States,,5173405,Industrials,Industrial Machinery/Components
SEPN,Septerna Inc. Common Stock,$24.585,-0.745,-2.941%,1091641412.00,United States,2024,58571,Health Care,Biotechnology: Pharmaceutical Preparations
SER,Serina Therapeutics Inc. Common Stock,$5.3014,-0.3386,-6.004%,47139922.00,,2018,6658,Health Care,Biotechnology: Pharmaceutical Preparations
SERA,Sera Prognostics Inc. Class A Common Stock,$8.24,0.24,3.00%,278285400.00,United States,2021,84415,Health Care,Medical Specialities
SERV,Serve Robotics Inc. Common Stock,$15.43,-0.86,-5.279%,683521180.00,United States,,5567931,Consumer Discretionary,Industrial Specialties
SES,SES AI Corporation Class A Common Stock,$2.3208,-0.0692,-2.895%,836844640.00,United States,2021,32669686,Miscellaneous,Industrial Machinery/Components
SEVN,Seven Hills Realty Trust Common Stock,$12.77,0.02,0.157%,190309407.00,United States,,33732,Real Estate,Real Estate Investment Trusts
SEZL,Sezzle Inc. Common Stock,$254.52,-10.54,-3.976%,1427102294.00,United States,,52784,Consumer Discretionary,Business Services
SF,Stifel Financial Corporation Common Stock,$106.87,0.21,0.197%,10938414988.00,United States,,120803,Finance,Investment Bankers/Brokers/Service
SF^B,Stifel Financial Corporation Depositary Shares Each Representing 1/1000th  Interest in a Share of 6.25% Non-Cumulative  Preferred Stock Series B,$24.47,0.13,0.534%,,United States,,6499,,
SF^C,Stifel Financial Corporation Depositary Shares Each Representing 1/1000th Interest in a Share of 6.125% Non Cumulative Preferred Stock Series C,$24.57,0.20,0.821%,,United States,,8531,,
SF^D,Stifel Financial Corporation Depositary Shares Each Representing 1/1000th Interest in a Share of 4.50% Non-Cumulative Preferred Stock Series D,$17.63,0.13,0.743%,,United States,,16650,,
SFB,Stifel Financial Corporation 5.20% Senior Notes due 2047,$20.83,0.06,0.289%,2132003221.00,United States,2017,8250,Finance,Investment Bankers/Brokers/Service
SFBC,Sound Financial Bancorp Inc. Common Stock,$53.50,0.86,1.634%,137179083.00,United States,,2181,Finance,Savings Institutions
SFBS,ServisFirst Bancshares Inc. Common Stock,$86.33,-0.24,-0.277%,4709508088.00,United States,,48773,Finance,Major Banks
SFHG,Samfine Creation Holdings Group Limited Ordinary Share,$1.22,-0.13,-9.63%,24400000.00,Hong Kong,2024,3585711,Consumer Discretionary,Publishing
SFIX,Stitch Fix Inc. Class A Common Stock,$4.165,0.015,0.361%,528300216.00,United States,2017,1727603,Consumer Discretionary,Catalog/Specialty Distribution
SFL,SFL Corporation Ltd,$10.075,-0.015,-0.149%,1468028250.00,Bermuda,,560301,Consumer Discretionary,Marine Transportation
SFM,Sprouts Farmers Market Inc. Common Stock,$126.89,-1.61,-1.253%,12687895296.00,United States,2013,624898,Consumer Staples,Food Chains
SFNC,Simmons First National Corporation Class A Common Stock,$22.37,0.02,0.089%,2809075526.00,United States,,129598,Finance,Major Banks
SFST,Southern First Bancshares Inc. Common Stock,$39.3033,-0.3667,-0.924%,320708915.00,United States,,2147,Finance,Major Banks
SFWL,Shengfeng Development Limited Class A Ordinary Shares,$1.04,-0.02,-1.887%,85797414.00,China,2023,4175,Industrials,Trucking Freight/Courier Services
SG,Sweetgreen Inc. Class A Common Stock,$31.965,-0.405,-1.251%,3697416866.00,United States,2021,1129443,Consumer Discretionary,Restaurants
SGA,Saga Communications Inc. Class A Common Stock (FL),$11.26,0.04,0.357%,70504276.00,United States,,10746,Consumer Discretionary,Broadcasting
SGBX,Safe & Green Holdings Corp. Common Stock,$0.477,-0.0085,-1.751%,2095329.00,United States,2017,264842,Consumer Discretionary,RETAIL: Building Materials
SGC,Superior Group of Companies Inc. Common Stock,$16.38,0.40,2.503%,267669364.00,United States,,23647,Consumer Discretionary,Apparel
SGD,Safe and Green Development Corporation Common Stock,$2.86,0.13,4.762%,4252454.00,United States,,12911,Finance,Real Estate
SGHC,Super Group (SGHC) Limited Ordinary Shares,$6.25,0.15,2.459%,3112117781.00,,2022,114553,Consumer Discretionary,Services-Misc. Amusement & Recreation
SGHT,Sight Sciences Inc. Common Stock,$3.55,-0.02,-0.56%,180178887.00,United States,2021,176058,Health Care,Medical/Dental Instruments
SGLY,Singularity Future Technology Ltd. Common Stock,$1.51,-0.04,-2.581%,5290273.00,United States,2008,31242,Consumer Discretionary,Oil Refining/Marketing
SGMA,SigmaTron International Inc. Common Stock,$1.68,0.03,1.818%,10280404.00,United States,1994,74310,Technology,Electrical Products
SGML,Sigma Lithium Corporation Common Shares,$11.01,-0.22,-1.959%,1231218089.00,Canada,,324143,Basic Materials,Metal Mining
SGMO,Sangamo Therapeutics Inc. Common Stock,$2.39,-0.17,-6.641%,498666019.00,United States,2000,2672626,Health Care,Biotechnology: Biological Products (No Diagnostic Substances)
SGMT,Sagimet Biosciences Inc. Series A Common Stock,$4.8113,-0.1287,-2.605%,147585930.00,United States,2023,152320,Health Care,Biotechnology: Pharmaceutical Preparations
SGN,Signing Day Sports Inc. Common Stock,$2.82,-0.13,-4.407%,1626221.00,,2023,17999,Technology,EDP Services
SGRP,SPAR Group Inc. Common Stock,$1.9098,-0.0002,-0.01%,44784239.00,United States,,31996,Consumer Discretionary,Business Services
SGRY,Surgery Partners Inc. Common Stock,$20.84,-0.10,-0.478%,2649045632.00,United States,2015,154630,Health Care,Hospital/Nursing Management
SGU,Star Group L.P. Common Stock,$11.815,0.205,1.766%,408537357.00,United States,,13400,Consumer Discretionary,Other Specialty Stores
SHAK,Shake Shack Inc. Class A Common Stock,$130.45,-2.10,-1.584%,5541974532.00,United States,2015,361128,Consumer Discretionary,Restaurants
SHBI,Shore Bancshares Inc Common Stock,$15.88,0.03,0.189%,529229139.00,United States,,15740,Finance,Major Banks
SHC,Sotera Health Company Common Stock,$13.36,-0.12,-0.89%,3784073427.00,United States,2020,184144,Health Care,Misc Health and Biotechnology Services
SHCO,Soho House & Co Inc. Class A Common Stock,$7.63,0.04,0.527%,1480684316.00,,2021,52143,Consumer Discretionary,Hotels/Resorts
SHEL,Shell PLC American Depositary Shares (each representing two (2) Ordinary Shares) ,$61.8907,0.2007,0.325%,190452655817.00,Netherlands,2022,2520170,Energy,Oil & Gas Production
SHEN,Shenandoah Telecommunications Co Common Stock,$12.34,-0.10,-0.804%,673790482.00,United States,,105145,Telecommunications,Telecommunications Equipment
SHFS,SHF Holdings Inc. Class A Common Stock,$0.4225,0.0015,0.356%,23521981.00,United States,2021,86368,Finance,Finance: Consumer Services
SHFSW,SHF Holdings Inc. Warrants,$0.0469,0.00,0.00%,2611079.00,United States,2021,31,Finance,Finance: Consumer Services
SHG,Shinhan Financial Group Co Ltd American Depositary Shares,$32.91,-0.27,-0.814%,16874914191.00,South Korea,,95451,Finance,Major Banks
SHIM,Shimmick Corporation Common Stock,$2.99,-0.16,-5.079%,101052797.00,United States,2023,77492,Industrials,Military/Government/Technical
SHIP,Seanergy Maritime Holdings Corp. Common Stock,$6.68,-0.04,-0.595%,137687652.00,Greece,,245231,Consumer Discretionary,Marine Transportation
SHLS,Shoals Technologies Group Inc. Class A Common Stock,$5.5506,-0.0894,-1.585%,925280152.00,United States,2021,2575236,Technology,Semiconductors
SHLT,SHL Telemedicine Ltd American Depositary Shares,$2.83,-0.20,-6.601%,46391494.00,Israel,,9473,Health Care,Medical/Nursing Services
SHMD,SCHMID Group N.V. Class A Ordinary Shares,$2.97,-0.17,-5.414%,127635340.00,Cayman Islands,,38719,Technology,Industrial Machinery/Components
SHMDW,SCHMID Group N.V. Warrants,$0.27,0.00,0.00%,11603213.00,Cayman Islands,,198495,Technology,Industrial Machinery/Components
SHO,Sunstone Hotel Investors Inc. Sunstone Hotel Investors Inc. Common Shares,$11.815,-0.165,-1.377%,2373648245.00,United States,2004,591553,Consumer Discretionary,Hotels/Resorts
SHO^H,Sunstone Hotel Investors Inc. 6.125% Series H Cumulative Redeemable Preferred Stock,$22.54,-0.04,-0.177%,,United States,,1588,,
SHO^I,Sunstone Hotel Investors Inc. 5.70% Series I Cumulative Redeemable Preferred Stock,$21.497,-0.083,-0.385%,,United States,,492,,
SHOO,Steven Madden Ltd. Common Stock,$42.32,-0.01,-0.024%,3055124136.00,United States,1993,118273,Consumer Discretionary,Shoe Manufacturing
SHOP,Shopify Inc. Class A Subordinate Voting Shares,$106.80,-1.38,-1.276%,137996098226.00,Canada,2015,2370528,Technology,Computer Software: Prepackaged Software
SHOT,Safety Shot Inc. Common Stock,$0.7401,-0.0297,-3.858%,45248498.00,United States,2020,263164,Consumer Discretionary,Package Goods/Cosmetics
SHOTW,Safety Shot Inc. Warrant,$0.1501,-0.0302,-16.75%,9176867.00,United States,2020,1400,Consumer Discretionary,Package Goods/Cosmetics
SHPH,Shuttle Pharmaceuticals Holdings Inc. Common Stock,$0.7377,-0.0033,-0.445%,2703611.00,United States,2022,32827,Health Care,Biotechnology: Pharmaceutical Preparations
SHW,Sherwin-Williams Company (The) Common Stock,$340.9003,-2.3897,-0.696%,85856862458.00,United States,,341412,Consumer Discretionary,RETAIL: Building Materials
SHYF,The Shyft Group Inc. Common Stock,$11.57,0.24,2.118%,399100833.00,United States,,161102,Consumer Discretionary,Auto Manufacturing
SIBN,SI-BONE Inc. Common Stock,$13.675,-0.045,-0.328%,573504598.00,United States,2018,95697,Health Care,Medical/Dental Instruments
SID,Companhia Siderurgica Nacional S.A. Common Stock,$1.44,0.00,0.00%,1909575284.00,Brazil,,1259492,Industrials,Steel/Iron Ore
SIDU,Sidus Space Inc. Class A Common Stock,$5.1005,0.0805,1.604%,21326945.00,United States,2021,2641176,Telecommunications,Telecommunications Equipment
SIEB,Siebert Financial Corp. Common Stock,$3.09,0.05,1.645%,123973692.00,United States,,16338,Finance,Investment Bankers/Brokers/Service
SIF,SIFCO Industries Inc. Common Stock,$3.60,-0.05,-1.37%,22212184.00,United States,1969,10588,Industrials,Aerospace
SIFY,Sify Technologies Limited American Depositary Shares,$2.95,-0.21,-6.646%,213054617.00,India,,86891,Technology,Computer Software: Programming Data Processing
SIG,Signet Jewelers Limited Common Shares,$80.78,-1.19,-1.452%,3513235050.00,Bermuda,,395025,Consumer Discretionary,Consumer Specialties
SIGA,SIGA Technologies Inc. Common Stock,$5.94,0.01,0.169%,424143734.00,United States,,167607,Health Care,Biotechnology: Pharmaceutical Preparations
SIGI,Selective Insurance Group Inc. Common Stock,$93.79,-0.03,-0.032%,5701870854.00,United States,,50750,Finance,Property-Casualty Insurers
SIGIP,Selective Insurance Group Inc. Depositary Shares each representing a 1/1000th interest in a share of 4.60% Non-Cumulative Preferred Stock Series B,$17.385,0.01,0.058%,1056903986.00,United States,,9364,Finance,Property-Casualty Insurers
SII,Sprott Inc. Common Shares,$41.7791,-0.1709,-0.407%,1082078690.00,,2020,53153,Finance,Finance: Consumer Services
SILA,Sila Realty Trust Inc. Common Stock,$23.87,-0.21,-0.872%,1313290211.00,United States,2024,111780,Real Estate,Real Estate Investment Trusts
SILC,Silicom Ltd Ordinary Shares,$15.55,-0.9701,-5.872%,99605883.00,Israel,,50505,Telecommunications,Computer Communications Equipment
SILO,Silo Pharma Inc. Common Stock,$0.9152,-0.0249,-2.649%,4104174.00,United States,,23289,Consumer Discretionary,Apparel
SILV,SilverCrest Metals Inc. Common Shares,$9.138,-0.002,-0.022%,1357485081.00,Canada,2018,728701,Basic Materials,Precious Metals
SIM,Grupo Simec S.A.B. de C.V. American Depositary Shares,$27.15,0.00,0.00%,4173327987.00,Mexico,1998,315,Industrials,Steel/Iron Ore
SIMA,SIM Acquisition Corp. I Class A Ordinary Shares,$10.04,0.00,0.00%,0.00,United States,2024,1549,Miscellaneous,Industrial Machinery/Components
SIMAU,SIM Acquisition Corp. I Unit,$10.15,0.00,0.00%,0.00,United States,2024,180,Finance,Blank Checks
SIMAW,SIM Acquisition Corp. I Warrant,$0.108,0.00,0.00%,0.00,United States,2024,85,Finance,Blank Checks
SIMO,Silicon Motion Technology Corporation American Depositary Shares,$54.99,0.13,0.237%,1852152284.00,Taiwan,2005,74628,Technology,Semiconductors
SINT,SiNtx Technologies Inc. Common Stock,$3.79,0.01,0.265%,5089413.00,United States,2014,30675,Health Care,Medical/Dental Instruments
SIRI,SiriusXM Holdings Inc. Common Stock,$22.895,-0.235,-1.016%,7766031278.00,United States,,2618034,Consumer Discretionary,Broadcasting
SISI,Shineco Inc. Common Stock,$3.39,0.05,1.497%,5879091.00,China,2016,266981,Health Care, Medicinal Chemicals and Botanical Products 
SITC,SITE Centers Corp. Common Stock,$14.95,-0.06,-0.40%,783830907.00,United States,,280571,Real Estate,Real Estate Investment Trusts
SITE,SiteOne Landscape Supply Inc. Common Stock,$131.955,-1.755,-1.313%,5953926380.00,United States,2016,74243,Consumer Discretionary,Professional and commerical equipment
SITM,SiTime Corporation Common Stock,$218.46,-2.40,-1.087%,5103661428.00,United States,2019,58291,Technology,Semiconductors
SJ,Scienjoy Holding Corporation Class A Ordinary Shares ,$0.99,-0.05,-4.808%,41027606.00,China,2019,93617,Technology,EDP Services
SJM,The J.M. Smucker Company Common Stock,$109.74,-0.88,-0.796%,11678088328.00,United States,,252299,Consumer Staples,Packaged Foods
SJT,San Juan Basin Royalty Trust Common Stock,$3.9774,0.3174,8.672%,185381825.00,United States,,349158,Energy,Oil & Gas Production
SJW,SJW Group Common Stock,$49.5907,0.2107,0.427%,1649066128.00,United States,,55727,Utilities,Water Supply
SKE,Skeena Resources Limited Common Shares,$8.94,-0.35,-3.767%,953447335.00,,2021,142907,Basic Materials,Precious Metals
SKGR,SK Growth Opportunities Corporation Class A Common Stock,$11.62,0.00,0.00%,0.00,United States,2022,20143,Finance,Blank Checks
SKGRW,SK Growth Opportunities Corporation Warrant,$0.5899,0.0699,13.442%,0.00,United States,2022,2625,Finance,Blank Checks
SKIL,Skillsoft Corp. Class A Common Stock,$23.25,1.63,7.539%,192592654.00,United States,2019,47250,Technology,Computer Software: Prepackaged Software
SKIN,The Beauty Health Company Class A Common Stock,$1.60,-0.02,-1.235%,198595453.00,United States,2020,345176,Health Care,Medical/Dental Instruments
SKK,SKK Holdings Limited Common Stock,$1.18,-0.13,-9.924%,18437500.00,Singapore,2024,1430310,Industrials,Water Sewer Pipeline Comm & Power Line Construction
SKLZ,Skillz Inc. Class A Common Stock,$5.10,-0.11,-2.111%,91129294.00,United States,2020,90414,Technology,EDP Services
SKM,SK Telecom Co. Ltd. Common Stock,$21.225,-0.265,-1.233%,8141485500.00,South Korea,,104248,Telecommunications,Telecommunications Equipment
SKT,Tanger Inc. Common Stock,$33.9548,-0.0652,-0.192%,3758544314.00,United States,1993,139677,Real Estate,Real Estate Investment Trusts
SKWD,Skyward Specialty Insurance Group Inc. Common Stock,$50.51,-0.29,-0.571%,2025447515.00,United States,2023,67024,Finance,Property-Casualty Insurers
SKX,Skechers U.S.A. Inc. Common Stock,$67.748,0.138,0.204%,10228050785.00,United States,1999,382162,Consumer Discretionary,Shoe Manufacturing
SKY,Champion Homes Inc. Common Stock,$88.83,0.42,0.475%,5099130786.00,United States,,156665,Consumer Discretionary,Homebuilding
SKYE,Skye Bioscience Inc. Common Stock,$2.49,0.03,1.22%,75542342.00,United States,,107554,Health Care,Biotechnology: Pharmaceutical Preparations
SKYH,Sky Harbour Group Corporation Class A Common Stock,$12.085,-0.025,-0.206%,863324520.00,United States,2022,45632,Finance,Real Estate
SKYQ,Sky Quarry Inc. Common Stock,$1.16,0.13,12.621%,21808697.00,United States,2024,155901,Industrials,Environmental Services
SKYT,SkyWater Technology Inc. Common Stock,$14.41,-0.50,-3.353%,686722931.00,United States,2021,548093,Technology,Semiconductors
SKYW,SkyWest Inc. Common Stock,$100.95,-0.31,-0.306%,4071092520.00,United States,1986,100116,Consumer Discretionary,Air Freight/Delivery Services
SKYX,SKYX Platforms Corp. Common Stock,$1.10,0.09,8.911%,112751863.00,United States,2022,1044183,Consumer Discretionary,Building Products
SLAB,Silicon Laboratories Inc. Common Stock,$125.62,-2.16,-1.69%,4076122408.00,United States,2000,92740,Technology,Semiconductors
SLB,Schlumberger N.V. Common Stock,$37.86,0.06,0.159%,53464161722.00,France,,4723358,Energy,Oilfield Services/Equipment
SLDB,Solid Biosciences Inc. Common Stock,$4.07,-0.17,-4.009%,162615250.00,United States,2018,84144,Health Care,Biotechnology: Biological Products (No Diagnostic Substances)
SLDP,Solid Power Inc. Class A Common Stock,$2.1704,0.0404,1.897%,391513397.00,United States,2021,19706890,Miscellaneous,Industrial Machinery/Components
SLDPW,Solid Power Inc. Warrant,$0.4665,-0.0335,-6.70%,84150848.00,United States,2021,90290,Miscellaneous,Industrial Machinery/Components
SLE,Super League Enterprise Inc. Common Stock,$0.6205,-0.0385,-5.842%,8037089.00,United States,2019,45448,Consumer Discretionary,Services-Misc. Amusement & Recreation
SLF,Sun Life Financial Inc. Common Stock,$59.52,0.04,0.067%,34395640324.00,Canada,,90461,Finance,Life Insurance
SLG,SL Green Realty Corp Common Stock,$66.13,-0.11,-0.166%,4359607421.00,United States,1997,544607,Real Estate,Real Estate Investment Trusts
SLG^I,SL Green Realty Corporation Preferred Series I,$23.68,0.04,0.169%,,United States,,10937,,
SLGL,Sol-Gel Technologies Ltd. Ordinary Shares,$1.0109,-0.1091,-9.741%,28161268.00,Israel,2018,176640,Health Care,Biotechnology: Pharmaceutical Preparations
SLGN,Silgan Holdings Inc. Common Stock,$51.90,-0.65,-1.237%,5542642335.00,United States,2022,112858,Industrials,Containers/Packaging
SLI,Standard Lithium Ltd. Common Shares,$1.495,0.005,0.336%,275949975.00,Canada,2021,499844,Industrials,Major Chemicals
SLM,SLM Corporation Common Stock,$27.68,-0.19,-0.682%,5877307327.00,United States,,530481,Finance,Finance: Consumer Services
SLMBP,SLM Corporation Floating Rate Non-Cumulative Preferred Stock Series B,$74.10,0.28,0.379%,15733687605.00,United States,,3549,Finance,Finance: Consumer Services
SLN,Silence Therapeutics Plc American Depository Share,$6.75,-0.35,-4.93%,315900000.00,United Kingdom,,171104,Health Care,Biotechnology: Pharmaceutical Preparations
SLND,Southland Holdings Inc. Common Stock,$3.625,0.195,5.685%,174382481.00,United States,,70749,Industrials,Military/Government/Technical
SLNG,Stabilis Solutions Inc. Common Stock,$5.3101,-0.0799,-1.482%,98688283.00,United States,,5292,Utilities,Oil/Gas Transmission
SLNH,Soluna Holdings Inc. Common Stock,$2.28,0.05,2.242%,19089963.00,United States,,124407,Technology,EDP Services
SLNHP,Soluna Holdings Inc 9.0% Series A Cumulative Perpetual Preferred Stock ,$7.70,-0.19,-2.408%,64470491.00,United States,,6503,Technology,EDP Services
SLNO,Soleno Therapeutics Inc. Common Stock,$44.89,0.07,0.156%,1935541522.00,United States,2014,246227,Health Care,Biotechnology: Electromedical & Electrotherapeutic Apparatus
SLP,Simulations Plus Inc. Common Stock,$28.05,-0.61,-2.128%,562884511.00,United States,,43624,Technology,EDP Services
SLQT,SelectQuote Inc. Common Stock,$3.85,0.17,4.62%,660292321.00,United States,2020,1191208,Finance,Specialty Insurers
SLRC,SLR Investment Corp. Common Stock,$16.3081,0.0081,0.05%,889682427.00,United States,2010,76830,Finance,Finance/Investors Services
SLRN,ACELYRIN INC. Common Stock,$3.10,-0.15,-4.615%,311009264.00,United States,2023,226559,Health Care,Biotechnology: Pharmaceutical Preparations
SLRX,Salarius Pharmaceuticals Inc. Common Stock,$1.62,-0.05,-2.994%,2334674.00,United States,2015,29593,Health Care,Biotechnology: Pharmaceutical Preparations
SLS,SELLAS Life Sciences Group Inc. Common Stock,$0.9743,-0.0057,-0.582%,68573162.00,United States,,508195,Health Care,Biotechnology: Pharmaceutical Preparations
SLSR,Solaris Resources Inc. Common Shares,$3.13,-0.05,-1.572%,507821820.00,,2024,23734,,
SLVM,Sylvamo Corporation Common Stock,$79.035,-0.425,-0.535%,3241093520.00,United States,2021,58158,Basic Materials,Paper
SLXN,Silexion Therapeutics Corp Ordinary Shares,$2.1071,0.0071,0.338%,3377871.00,Israel,,86473,Health Care,Biotechnology: Biological Products (No Diagnostic Substances)
SLXNW,Silexion Therapeutics Corp Warrant,$0.025,-0.0026,-9.42%,40077.00,Israel,,1600,Health Care,Biotechnology: Biological Products (No Diagnostic Substances)
SM,SM Energy Company Common Stock,$38.81,0.99,2.618%,4440578609.00,United States,,405561,Energy,Oil & Gas Production
SMAR,Smartsheet Inc. Class A Common Stock,$56.055,0.075,0.134%,7847799161.00,United States,2018,1502403,Technology,Computer Software: Prepackaged Software
SMBC,Southern Missouri Bancorp Inc. Common Stock,$58.23,0.43,0.744%,656669434.00,United States,,21886,Finance,Banks
SMBK,SmartFinancial Inc. Common Stock,$31.01,-0.04,-0.129%,524886858.00,United States,,12288,Finance,Major Banks
SMC,Summit Midstream Corporation Common Stock,$36.74,0.26,0.713%,391232687.00,United States,2012,28123,Utilities,Natural Gas Distribution
SMCI,Super Micro Computer Inc. Common Stock,$31.44,-0.54,-1.689%,18410172089.00,United States,2020,21406298,Technology,Computer Manufacturing
SMFG,Sumitomo Mitsui Financial Group Inc Unsponsored American Depositary Shares (Japan),$14.595,0.165,1.143%,286434536733.00,Japan,,2073359,Finance,Commercial Banks
SMG,Scotts Miracle-Gro Company (The) Common Stock,$65.13,-0.91,-1.378%,3738856948.00,United States,1992,145520,Industrials,Agricultural Chemicals
SMHI,SEACOR Marine Holdings Inc. Common Stock ,$6.35,0.13,2.09%,175547414.00,United States,2017,89255,Consumer Discretionary,Marine Transportation
SMID,Smith-Midland Corporation Common Stock,$44.47,0.19,0.429%,235895829.00,United States,,5373,Industrials,Building Materials
SMP,Standard Motor Products Inc. Common Stock,$30.755,-0.255,-0.822%,668054728.00,United States,,35317,Consumer Discretionary,Auto Parts:O.E.M.
SMPL,The Simply Good Foods Company Common Stock,$38.70,-0.09,-0.232%,3878573172.00,United States,,277672,Consumer Staples,Packaged Foods
SMR,NuScale Power Corporation Class A Common Stock,$18.72,-0.79,-4.049%,4780404963.00,United States,2022,6417908,Industrials,Metal Fabrications
SMRT,SmartRent Inc. Class A Common Stock,$1.6691,0.0391,2.399%,321417400.00,United States,,312456,Technology,EDP Services
SMSI,Smith Micro Software Inc. Common Stock,$1.375,-0.075,-5.172%,24387974.00,United States,1995,402942,Technology,Computer Software: Prepackaged Software
SMTC,Semtech Corporation Common Stock,$62.715,-0.615,-0.971%,4746450753.00,United States,,288590,Technology,Semiconductors
SMTI,Sanara MedTech Inc. Common Stock,$33.43,-0.07,-0.209%,292217012.00,United States,,13853,Health Care,Industrial Specialties
SMTK,SmartKem Inc. Common Stock,$2.69,-0.13,-4.61%,4789470.00,United Kingdom,,27649,Technology,Semiconductors
SMWB,Similarweb Ltd. Ordinary Shares,$14.40,0.02,0.139%,1132572643.00,,2021,197421,Technology,Computer Software: Programming Data Processing
SMX,SMX (Security Matters) Public Limited Company Class A Ordinary Shares,$0.725,0.3714,105.034%,526336.00,Ireland,,264978710,Technology,Industrial Machinery/Components
SMXT,Solarmax Technology Inc. Common Stock,$1.75,0.22,14.379%,79247018.00,United States,2024,469545,Consumer Discretionary,Engineering & Construction
SMXWW,SMX (Security Matters) Public Limited Company Warrant,$0.0411,0.0242,143.195%,29838.00,Ireland,,592182,Technology,Industrial Machinery/Components
SN,SharkNinja Inc. Ordinary Shares,$96.71,-0.54,-0.555%,13450752616.00,United States,2023,259171,Consumer Discretionary,Consumer Electronics/Appliances
SNA,Snap-On Incorporated Common Stock,$341.41,-2.14,-0.623%,17926552117.00,United States,,65626,Consumer Discretionary,Industrial Machinery/Components
SNAL,Snail Inc. Class A Common Stock,$1.81,-0.06,-3.209%,66886707.00,United States,2022,52572,Technology,Computer Software: Prepackaged Software
SNAP,Snap Inc. Class A Common Stock,$10.912,-0.078,-0.71%,18301675124.00,United States,2017,18077608,Technology,Computer Software: Programming Data Processing
SNAX,Stryve Foods Inc. Class A Common Stock,$0.6531,-0.0155,-2.318%,2642966.00,United States,2019,43759,Consumer Staples,Packaged Foods
SNAXW,Stryve Foods Inc. Warrant,$0.0066,-0.0013,-16.456%,26709.00,United States,2019,35900,Consumer Staples,Packaged Foods
SNBR,Sleep Number Corporation Common Stock,$15.35,0.15,0.987%,343394850.00,United States,,98067,Consumer Discretionary,Home Furnishings
SNCR,Synchronoss Technologies Inc. Common Stock,$9.25,-0.02,-0.216%,100263238.00,United States,2018,60303,Technology,EDP Services
SNCRL,Synchronoss Technologies Inc. 8.375% Senior Notes due 2026,$24.82,-0.03,-0.121%,269030657.00,United States,,1066,Health Care,Biotechnology: Pharmaceutical Preparations
SNCY,Sun Country Airlines Holdings Inc. Common Stock,$14.83,-0.11,-0.736%,785097709.00,United States,2021,128998,Consumer Discretionary,Air Freight/Delivery Services
SND,Smart Sand Inc. Common Stock,$2.20,0.06,2.804%,94422456.00,United States,2016,70556,Industrials,Mining & Quarrying of Nonmetallic Minerals (No Fuels)
SNDA,Sonida Senior Living Inc. Common Stock,$22.84,-0.07,-0.306%,435558800.00,United States,,18000,Health Care,Hospital/Nursing Management
SNDL,SNDL Inc. Common Shares,$1.76,-0.03,-1.676%,466576000.00,Canada,2019,1752258,Health Care, Medicinal Chemicals and Botanical Products 
SNDR,Schneider National Inc. Common Stock,$29.46,-0.08,-0.271%,5160955314.00,United States,2017,137562,Industrials,Trucking Freight/Courier Services
SNDX,Syndax Pharmaceuticals Inc. Common Stock,$12.61,-0.16,-1.253%,1076360282.00,United States,2016,841475,Health Care,Biotechnology: Pharmaceutical Preparations
SNES,SenesTech Inc. Common Stock,$3.09,-0.25,-7.485%,3193960.00,United States,2016,73541,Industrials,Agricultural Chemicals
SNEX,StoneX Group Inc. Common Stock,$98.64,-0.48,-0.484%,3149540084.00,United States,,38452,Finance,Investment Bankers/Brokers/Service
SNFCA,Security National Financial Corporation Class A Common Stock,$12.04,-0.08,-0.66%,292276839.00,United States,,14189,Finance,Finance: Consumer Services
SNGX,Soligenix Inc. Common Stock,$2.85,-0.04,-1.384%,7152072.00,United States,,20049,Health Care,Biotechnology: Pharmaceutical Preparations
SNN,Smith & Nephew SNATS Inc. Common Stock,$24.625,-0.165,-0.666%,10765731254.00,United Kingdom,,359490,Health Care,Industrial Specialties
SNOA,Sonoma Pharmaceuticals Inc. Common Stock,$2.765,0.015,0.545%,3702805.00,United States,2007,10417,Health Care,Biotechnology: Pharmaceutical Preparations
SNOW,Snowflake Inc. Class A Common Stock,$155.665,-2.985,-1.882%,51385016500.00,United States,2020,2267252,Technology,Computer Software: Prepackaged Software
SNPS,Synopsys Inc. Common Stock,$490.68,-0.23,-0.047%,75848553355.00,United States,1992,343016,Technology,Computer Software: Prepackaged Software
SNPX,Synaptogenix Inc. Common Stock,$3.2779,-0.0021,-0.064%,4443564.00,United States,,7003,Health Care,Biotechnology: Pharmaceutical Preparations
SNRE,Sunrise Communications AG American Depositary Shares representing Class A shares,$43.31,-0.14,-0.322%,8048205266.00,Switzerland,,175251,Telecommunications,Cable & Other Pay Television Services
SNSE,Sensei Biotherapeutics Inc. Common Stock,$0.485,-0.013,-2.61%,12198419.00,United States,2021,142200,Health Care,Biotechnology: Pharmaceutical Preparations
SNT,Senstar Technologies Corporation Common Shares,$3.47,-0.08,-2.254%,80885700.00,Israel,,22785,Telecommunications,Telecommunications Equipment
SNTG,Sentage Holdings Inc. Class A Ordinary Shares,$1.90,0.06,3.261%,5330118.00,China,2021,46038,Finance,Finance: Consumer Services
SNTI,Senti Biosciences Inc. Common Stock,$3.6248,-0.2952,-7.531%,16632920.00,United States,2021,56494,Health Care,Biotechnology: Biological Products (No Diagnostic Substances)
SNV,Synovus Financial Corp. Common Stock,$51.37,0.18,0.352%,7277344714.00,United States,,167759,Finance,Major Banks
SNV^D,Synovus Financial Corp. Fixed-to-Floating Rate Non-Cumulative Perpetual Preferred Stock Series D Liquation Preference $25.00 per Share,$25.04,0.07,0.28%,,United States,,9391,,
SNV^E,Synovus Financial Corp. 5.875% Fixed-Rate Reset Non-Cumulative Perpetual Preferred Stock Series E,$26.03,0.05,0.192%,,United States,,8375,,
SNX,TD SYNNEX Corporation Common Stock,$117.29,-1.03,-0.871%,9979974452.00,United States,2003,90066,Technology,Retail: Computer Software & Peripheral Equipment
SNY,Sanofi ADS,$48.33,-0.40,-0.821%,122255565004.00,France,,1377480,Health Care,Biotechnology: Pharmaceutical Preparations
SNYR,Synergy CHC Corp. Common Stock,$4.5819,0.0819,1.82%,43774116.00,United States,2024,8043,Health Care,Other Pharmaceuticals
SO,Southern Company (The) Common Stock,$82.425,-0.715,-0.86%,90311768537.00,United States,,1141438,Utilities,Electric Utilities: Central
SOAR,Volato Group Inc. Class A Common Stock,$0.2679,0.0111,4.322%,7978223.00,,2022,2510452,Consumer Discretionary,Transportation Services
SOBO,South Bow Corporation Common Shares,$23.96,0.47,2.001%,4973387000.00,Canada,2024,141835,Energy,Natural Gas Distribution
SOBR,SOBR Safe Inc. Common Stock,$1.25,0.01,0.806%,1152436.00,United States,,2786612,Consumer Discretionary,Newspapers/Magazines
SOC,Sable Offshore Corp. Common Stock,$24.51,0.66,2.767%,2183837642.00,United States,2021,569283,Energy,Oil & Gas Production
SOFI,SoFi Technologies Inc. Common Stock  ,$15.85,-0.13,-0.814%,17199577969.00,United States,,21572727,Finance,Finance: Consumer Services
SOGP,Sound Group Inc. American Depositary Shares,$2.05,0.02,0.985%,10097224.00,China,2020,10716,Technology,Computer Software: Programming Data Processing
SOHO,Sotherly Hotels Inc. Common Stock,$0.93,-0.0174,-1.837%,18459723.00,United States,,72419,Real Estate,Real Estate Investment Trusts
SOHOB,Sotherly Hotels Inc. 8.0% Series B Cumulative Redeemable Perpetual Preferred Stock,$16.25,-1.05,-6.069%,322548931.00,United States,,6547,Real Estate,Real Estate Investment Trusts
SOHON,Sotherly Hotels Inc. 8.25% Series D Cumulative Redeemable Perpetual Preferred Stock,$17.60,0.34,1.97%,349345304.00,United States,,163,Real Estate,Real Estate Investment Trusts
SOHOO,Sotherly Hotels Inc. 7.875% Series C Cumulative Redeemable Perpetual Preferred Stock,$17.24,0.22,1.293%,342199605.00,United States,,518,Real Estate,Real Estate Investment Trusts
SOHU,Sohu.com Limited American Depositary Shares,$13.58,-0.07,-0.513%,448801129.00,China,,26001,Technology,EDP Services
SOJC,Southern Company (The) Series 2017B 5.25% Junior Subordinated Notes due December 1 2077,$21.91,0.16,0.736%,24006440384.00,United States,2017,39433,Utilities,Electric Utilities: Central
SOJD,Southern Company (The) Series 2020A 4.95% Junior Subordinated Notes due January 30 2080,$20.79,0.28,1.365%,22779274102.00,United States,2020,96455,Utilities,Electric Utilities: Central
SOJE,Southern Company (The) Series 2020C 4.20% Junior Subordinated Notes due October 15 2060,$18.75,0.33,1.792%,20523107569.00,United States,2020,58395,Basic Materials,Metal Mining
SOL,Emeren Group Ltd American Depositary Shares each representing 10 shares,$2.005,-0.005,-0.249%,102766187.00,China,2008,200457,Technology,Semiconductors
SOLV,Solventum Corporation Common Stock,$66.5287,-0.2113,-0.317%,11493103697.00,United States,2024,391813,Health Care,Medical/Dental Instruments
SON,Sonoco Products Company Common Stock,$48.625,-0.265,-0.542%,4777872953.00,United States,,202653,Consumer Discretionary,Containers/Packaging
SOND,Sonder Holdings Inc. Class A Common Stock,$3.085,-0.075,-2.373%,35741653.00,United States,2021,60041,Consumer Discretionary,Hotels/Resorts
SONDW,Sonder Holdings Inc. Warrants,$0.0072,-0.0003,-4.00%,83417.00,United States,2021,52726,Consumer Discretionary,Hotels/Resorts
SONM,Sonim Technologies Inc. Common Stock,$3.22,0.14,4.545%,15686678.00,United States,2019,6341,Utilities,Telecommunications Equipment
SONN,Sonnet BioTherapeutics Holdings Inc. Common Stock,$1.49,-0.02,-1.325%,4481072.00,United States,,56238,Health Care,Biotechnology: Pharmaceutical Preparations
SONO,Sonos Inc. Common Stock,$14.975,-0.045,-0.30%,1823412546.00,United States,2018,666709,Consumer Staples,Consumer Electronics/Appliances
SONY,Sony Group Corporation American Depositary Shares ,$21.299,-0.161,-0.75%,129178579727.00,Japan,,908572,Consumer Staples,Consumer Electronics/Appliances
SOPA,Society Pass Incorporated Common Stock,$0.8945,-0.0066,-0.732%,3261069.00,United States,2021,13311,Consumer Discretionary,Business Services
SOPH,SOPHiA GENETICS SA Ordinary Shares,$3.23,-0.13,-3.869%,210694706.00,Switzerland,2021,21843,Health Care,Biotechnology: Biological Products (No Diagnostic Substances)
SOR,Source Capital Inc. Common Stock,$42.1301,-3.2799,-7.223%,351553903.00,United States,,25388,Finance,Investment Managers
SOS,SOS Limited American Depositary Shares one hundred and fifty (150) Class A Ordinary Shares,$7.29,-0.19,-2.54%,96031965.00,,,14619,Finance,Finance: Consumer Services
SOTK,Sono-Tek Corporation Common Stock,$4.0362,-0.2638,-6.135%,63574804.00,United States,,280390,Technology,Industrial Machinery/Components
SOUN,SoundHound AI Inc Class A Common Stock,$22.87,-1.08,-4.509%,8456187646.00,United States,,48219179,Technology,Computer Software: Prepackaged Software
SOUNW,SoundHound AI Inc. Warrant,$13.93,-0.57,-3.931%,5150620634.00,United States,2021,113029,Technology,Computer Software: Prepackaged Software
SOWG,Sow Good Inc. Common Stock,$2.0766,-0.1534,-6.879%,21275573.00,United States,,184426,Consumer Staples,Packaged Foods
SPAI,Safe Pro Group Inc. Common Stock,$4.3742,-0.1058,-2.362%,60186577.00,United States,2024,1239224,Health Care,Industrial Specialties
SPB,Spectrum Brands Holdings Inc. Common Stock,$84.255,0.005,0.006%,2363480059.00,United States,,113305,Miscellaneous,Industrial Machinery/Components
SPCB,SuperCom Ltd. Ordinary Shares (Israel),$6.20,2.36,61.458%,6271622.00,Israel,,2094282,Technology,Semiconductors
SPCE,Virgin Galactic Holdings Inc. Common Stock,$5.97,-0.41,-6.426%,172386705.00,United States,2017,1695824,Consumer Discretionary,Transportation Services
SPE,Special Opportunities Fund Inc Common Stock,$14.69,0.14,0.962%,0.00,United States,,68548,Finance,Finance/Investors Services
SPE^C,Special Opportunities Fund Inc. 2.75% Convertible Preferred Stock Series C,$23.70,-1.00,-4.049%,,United States,,2001,,
SPFI,South Plains Financial Inc. Common Stock,$34.845,-0.175,-0.50%,571097668.00,United States,2019,11817,Finance,Major Banks
SPG,Simon Property Group Inc. Common Stock,$170.63,-1.38,-0.802%,55672838687.00,United States,,305063,Real Estate,Real Estate Investment Trusts
SPG^J,Simon Property Group Inc. Simon Property Group 8 3/8% Series J Cumulative Redeemable Preferred Stock,$58.6743,-1.1257,-1.882%,,United States,,1282,,
SPGC,Sacks Parente Golf Inc. Common Stock,$0.4218,0.0588,16.198%,770033.00,United States,2023,1366488,Consumer Discretionary,Recreational Games/Products/Toys
SPGI,S&P Global Inc. Common Stock,$499.845,-1.955,-0.39%,155101903500.00,United States,,249439,Finance,Finance: Consumer Services
SPH,Suburban Propane Partners L.P. Common Stock,$17.1644,-0.1256,-0.726%,1106933804.00,United States,1996,67327,Consumer Discretionary,Other Specialty Stores
SPHAU,Shepherd Ave Capital Acquisition Corporation Unit,$10.015,0.00,0.00%,0.00,United States,2024,22,,
SPHL,Springview Holdings Ltd Class A Ordinary Shares,$6.437,0.407,6.75%,136786250.00,Singapore,2024,68188,Consumer Discretionary,Homebuilding
SPHR,Sphere Entertainment Co. Class A Common Stock,$40.05,1.97,5.173%,1433520103.00,United States,2020,286776,Consumer Discretionary,Services-Misc. Amusement & Recreation
SPI,SPI Energy Co. Ltd. Ordinary Shares,$0.4223,-0.0147,-3.364%,13345993.00,China,,550267,Technology,Semiconductors
SPIR,Spire Global Inc. Class A Common Stock,$14.16,-0.35,-2.412%,365680372.00,United States,2020,100621,Consumer Discretionary,Telecommunications Equipment
SPKL,Spark I Acquisition Corp. Class A Ordinary Share,$10.62,0.00,0.00%,0.00,United States,2023,3,,
SPLP,Steel Partners Holdings LP LTD PARTNERSHIP UNIT,$41.6293,-0.6207,-1.469%,798676979.00,United States,,413,Industrials,Industrial Specialties
SPLP^A,Steel Partners Holdings LP 6.0% Series A Preferred Units no par value,$24.3961,0.1161,0.478%,,United States,,13724,,
SPMA,Sound Point Meridian Capital Inc. 8.00% Series A Preferred Shares Due 2029,$25.0399,-0.0001,0.00%,0.00,,,772,,
SPMC,Sound Point Meridian Capital Inc. Common Stock,$20.98,0.11,0.527%,0.00,,2024,2646,,
SPNS,Sapiens International Corporation N.V. Common Shares (Cayman Islands),$26.87,-0.26,-0.958%,1497551998.00,Curacao,1992,18749,Technology,Computer Software: Prepackaged Software
SPNT,SiriusPoint Ltd. Common Shares,$14.2296,0.0096,0.068%,2303300771.00,Bermuda,2013,107518,Finance,Property-Casualty Insurers
SPNT^B,SiriusPoint Ltd. 8.00% Resettable Fixed Rate Preference Shares Series B $25.00 liquidation preference per share,$25.41,-0.01,-0.039%,,Bermuda,,15239,,
SPOK,Spok Holdings Inc. Common Stock,$15.97,-0.26,-1.602%,323749509.00,United States,,27741,Telecommunications,Telecommunications Equipment
SPOT,Spotify Technology S.A. Ordinary Shares,$454.78,-1.70,-0.372%,89656870449.00,Luxembourg,2018,1115879,Consumer Discretionary,Broadcasting
SPPL,SIMPPLE LTD. Ordinary Shares,$1.09,0.1034,10.48%,17686297.00,Singapore,2023,333612,Consumer Discretionary,Diversified Commercial Services
SPR,Spirit Aerosystems Holdings Inc. Common Stock,$33.97,-0.01,-0.029%,3971513888.00,United States,2006,320978,Industrials,Military/Government/Technical
SPRB,Spruce Biosciences Inc. Common Stock,$0.4216,-0.0159,-3.634%,17413176.00,United States,2020,152934,Health Care,Biotechnology: Pharmaceutical Preparations
SPRC,SciSparc Ltd. Ordinary Shares,$0.4441,0.0151,3.52%,1200702.00,Israel,,2970557,Health Care,Biotechnology: Pharmaceutical Preparations
SPRO,Spero Therapeutics Inc. Common Stock,$1.005,-0.025,-2.427%,54790756.00,United States,2017,199050,Health Care,Biotechnology: Pharmaceutical Preparations
SPRU,Spruce Power Holding Corporation Class A Common Stock,$3.03,-0.02,-0.656%,56365914.00,United States,2019,35729,Consumer Discretionary,Auto Parts:O.E.M.
SPRY,ARS Pharmaceuticals Inc. Common Stock,$10.61,-0.18,-1.668%,1031137890.00,United States,2020,540557,Health Care,Biotechnology: Pharmaceutical Preparations
SPSC,SPS Commerce Inc. Common Stock,$184.73,-0.80,-0.431%,6939947909.00,United States,2010,41049,Technology,Computer Software: Prepackaged Software
SPT,Sprout Social Inc Class A Common Stock,$31.03,-0.38,-1.21%,1781094445.00,United States,2019,146883,Technology,Computer Software: Prepackaged Software
SPTN,SpartanNash Company Common Stock,$18.0483,-0.1617,-0.888%,609218652.00,United States,,89225,Consumer Discretionary,Food Distributors
SPWH,Sportsman's Warehouse Holdings Inc. Common Stock,$2.70,0.05,1.887%,102484661.00,United States,2014,423763,Consumer Discretionary,Other Specialty Stores
SPXC,SPX Technologies Inc. Common Stock,$145.325,-0.635,-0.435%,6737072410.00,United States,,66016,Industrials,Industrial Machinery/Components
SPXX,Nuveen S&P 500 Dynamic Overwrite Fund,$17.63,0.01,0.057%,0.00,United States,,23117,Finance,Trusts Except Educational Religious and Charitable
SQ,Block Inc. Class A Common Stock,$88.41,-0.56,-0.629%,54797755740.00,United States,2015,3133567,Technology,Computer Software: Prepackaged Software
SQFT,Presidio Property Trust Inc. Class A Common Stock,$0.795,-0.0097,-1.205%,11451425.00,United States,2020,15571,Real Estate,Real Estate Investment Trusts
SQFTP,Presidio Property Trust Inc. 9.375% Series D Cumulative Redeemable Perpetual Preferred Stock $0.01 par value per share,$14.39,0.19,1.338%,207277992.00,United States,,2090,Real Estate,Real Estate Investment Trusts
SQFTW,Presidio Property Trust Inc. Series A Common Stock Purchase Warrants,$0.03,-0.0109,-26.65%,432129.00,United States,,5828,Real Estate,Real Estate Investment Trusts
SQM,Sociedad Quimica y Minera S.A. Common Stock,$36.6397,-0.7003,-1.875%,10465707336.00,Chile,1993,451840,Industrials,Mining & Quarrying of Nonmetallic Minerals (No Fuels)
SQNS,Sequans Communications S.A. American Depositary Shares (each representing ten (10) Ordinary Shares),$3.36,-0.03,-0.885%,83976040.00,France,,200784,Technology,Semiconductors
SR,Spire Inc. Common Stock,$67.29,0.17,0.253%,3886486025.00,United States,,74665,Utilities,Oil/Gas Transmission
SR^A,Spire Inc. Depositary Shares each representing a 1/1000th interest in a share of 5.90% Series A Cumulative Redeemable Perpetual Preferred Stock,$24.56,0.20,0.821%,,United States,,14251,,
SRAD,Sportradar Group AG Class A Ordinary Shares,$17.56,0.15,0.862%,19517323644.00,Switzerland,2021,177445,Technology,Computer Software: Programming Data Processing
SRBK,SR Bancorp Inc. Common stock,$12.04,-0.08,-0.66%,113677370.00,United States,2023,9036,Finance,Banks
SRCE,1st Source Corporation Common Stock,$58.43,-0.21,-0.358%,1432487000.00,United States,,17289,Finance,Major Banks
SRDX,Surmodics Inc. Common Stock,$39.62,0.18,0.456%,567596120.00,United States,1998,19509,Health Care,Medical/Dental Instruments
SRE,DBA Sempra Common Stock,$87.465,-0.305,-0.347%,55400266626.00,United States,,570915,Utilities,Natural Gas Distribution
SREA,DBA Sempra 5.750% Junior Subordinated Notes due 2079,$23.12,0.07,0.304%,14638332630.00,United States,2019,48568,Utilities,Natural Gas Distribution
SRFM,Surf Air Mobility Inc. Common Stock,$6.65,1.04,18.538%,103130800.00,,2023,843260,Consumer Discretionary,Transportation Services
SRG,Seritage Growth Properties Class A Common Stock,$4.095,-0.135,-3.191%,230418758.00,United States,2015,56106,Finance,Real Estate
SRG^A,Seritage Growth Properties 7.00% Series A Cumulative Redeemable Preferred Shares of Beneficial Interest,$22.8508,-0.3043,-1.314%,,United States,,1928,,
SRI,Stoneridge Inc. Common Stock,$6.27,0.06,0.966%,173604205.00,United States,1997,219229,Consumer Discretionary,Auto Parts:O.E.M.
SRL,Scully Royalty Ltd.,$6.87,0.21,3.153%,101828864.00,Canada,,10264,Finance,Commercial Banks
SRM,SRM Entertainment Inc. Common Stock,$0.62,0.005,0.813%,8603416.00,United States,2023,169668,Consumer Discretionary,Recreational Games/Products/Toys
SRPT,Sarepta Therapeutics Inc. Common Stock (DE),$121.4499,-0.0501,-0.041%,11600851941.00,United States,,128264,Health Care,Biotechnology: Pharmaceutical Preparations
SRRK,Scholar Rock Holding Corporation Common Stock,$43.865,-0.595,-1.338%,4106419826.00,United States,2018,465347,Health Care,Biotechnology: Biological Products (No Diagnostic Substances)
SRTS,Sensus Healthcare Inc. Common Stock,$7.1728,-0.0372,-0.516%,117562558.00,United States,2016,152050,Health Care,Medical/Dental Instruments
SRV,NXG Cushing Midstream Energy Fund Common Shares of Beneficial Interest,$43.93,-0.18,-0.408%,0.00,United States,,24322,Finance,Finance Companies
SRZN,Surrozen Inc. Common Stock,$13.50,-0.40,-2.878%,43872273.00,United States,,27037,Health Care,Biotechnology: Biological Products (No Diagnostic Substances)
SRZNW,Surrozen Inc. Warrant,$0.0289,-0.0091,-23.947%,93919.00,United States,,37182,Health Care,Biotechnology: Biological Products (No Diagnostic Substances)
SSB,SouthState Corporation Common Stock,$100.92,0.30,0.298%,7699441320.00,United States,,135068,Finance,Major Banks
SSBI,Summit State Bank Common Stock,$7.73,0.14,1.845%,51583295.00,United States,2006,59084,Finance,Major Banks
SSBK,Southern States Bancshares Inc. Common Stock,$32.65,-0.97,-2.885%,322740646.00,United States,2021,2901,Finance,Savings Institutions
SSD,Simpson Manufacturing Company Inc. Common Stock,$166.735,-0.045,-0.027%,7030229213.00,United States,,71090,Consumer Discretionary,Industrial Machinery/Components
SSKN,Strata Skin Sciences Inc. Common Stock,$2.9629,-0.0071,-0.239%,12358733.00,United States,2005,17974,Health Care,Medical/Dental Instruments
SSL,Sasol Ltd. American Depositary Shares,$4.481,-0.019,-0.422%,2877446175.00,South Africa,,926531,Energy,Oil & Gas Production
SSNC,SS&C Technologies Holdings Inc. Common Stock,$75.76,-0.35,-0.46%,18764625525.00,United States,2010,156625,Technology,Computer Software: Prepackaged Software
SSP,E.W. Scripps Company (The) Class A Common Stock,$2.04,0.04,2.00%,176179506.00,United States,,250938,Industrials,Broadcasting
SSRM,SSR Mining Inc. Common Stock,$7.00,-0.06,-0.85%,1414672581.00,Canada,,1710047,Industrials,Precious Metals
SSSS,SuRo Capital Corp. Common Stock,$5.95,-0.03,-0.502%,139099112.00,United States,2011,61985,Finance,Finance: Consumer Services
SSSSL,SuRo Capital Corp. 6.00% Notes due 2026,$24.50,-0.05,-0.204%,572761049.00,United States,,483,Finance,Finance: Consumer Services
SST,System1 Inc. Class A Common Stock,$0.833,-0.008,-0.951%,76561594.00,United States,2020,136198,Technology,Computer Software: Programming Data Processing
SSTI,SoundThinking Inc. Common Stock,$12.93,0.13,1.016%,162769693.00,United States,2017,27433,Technology,Computer Software: Prepackaged Software
SSTK,Shutterstock Inc. Common Stock,$30.17,-0.09,-0.297%,1051752297.00,United States,2012,109474,Technology,EDP Services
SSY,SunLink Health Systems Inc. Common Stock,$1.04,-0.19,-15.447%,7322227.00,United States,1996,463122,Health Care,Hospital/Nursing Management
SSYS,Stratasys Ltd. Ordinary Shares (Israel),$8.97,-0.18,-1.967%,624814984.00,United States,1994,243697,Technology,Computer peripheral equipment
ST,Sensata Technologies Holding plc Ordinary Shares,$27.29,-0.09,-0.329%,4081662417.00,Netherlands,2010,335148,Industrials,Industrial Machinery/Components
STAA,STAAR Surgical Company Common Stock,$24.0472,-0.1628,-0.672%,1184946821.00,United States,,147805,Health Care,Ophthalmic Goods
STAF,Staffing 360 Solutions Inc. Common Stock (DE),$2.06,-0.09,-4.186%,3153320.00,United States,,19248,Consumer Discretionary,Professional Services
STAG,Stag Industrial Inc. Common Stock,$33.65,-0.21,-0.62%,6131443626.00,United States,2011,315995,Real Estate,Real Estate Investment Trusts
STBA,S&T Bancorp Inc. Common Stock,$38.47,0.00,0.00%,1471851813.00,United States,,29540,Finance,Major Banks
STBX,Starbox Group Holdings Ltd. Class A Ordinary Shares,$1.61,-0.23,-12.50%,46838923.00,Malaysia,2022,386158,Consumer Discretionary,Advertising
STC,Stewart Information Services Corporation Common Stock,$68.20,-0.85,-1.231%,1890618167.00,United States,,159304,Finance,Specialty Insurers
STCN,Steel Connect Inc. Common Stock,$12.11,-0.28,-2.26%,76724613.00,United States,,53158,Consumer Discretionary,Business Services
STE,STERIS plc (Ireland) Ordinary Shares,$205.82,-2.16,-1.039%,20315942043.00,United States,,98270,Health Care,Industrial Specialties
STEC,Santech Holdings Limited American Depositary Shares,$1.185,0.475,66.901%,33180000.00,China,2021,4338694,Finance,Investment Managers
STEL,Stellar Bancorp Inc. Common Stock,$28.44,0.04,0.141%,1518779983.00,United States,,24611,Finance,Major Banks
STEM,Stem Inc. Class A Common Stock,$0.7112,0.1166,19.61%,115750669.00,United States,2020,54956855,Miscellaneous,Industrial Machinery/Components
STEP,StepStone Group Inc. Class A Common Stock,$59.045,-0.835,-1.394%,6799815927.00,United States,2020,131633,Finance,Investment Managers
STEW,SRH Total Return Fund Inc. Common Stock,$15.87,-0.13,-0.813%,0.00,United States,,33908,Finance,Investment Managers
STFS,Star Fashion Culture Holdings Limited Class A Ordinary Shares,$7.30,-0.06,-0.815%,79205000.00,China,2024,274433,Consumer Discretionary,Advertising
STG,Sunlands Technology Group American Depositary Shares representing Class A ordinary shares,$5.55,-0.58,-9.462%,76156811.00,,2018,3363,Real Estate,Other Consumer Services
STGW,Stagwell Inc. Class A Common Stock,$6.68,0.04,0.602%,1758162393.00,Canada,,102603,Consumer Discretionary,Advertising
STHO,Star Holdings Shares of Beneficial Interest,$9.35,0.05,0.538%,124537811.00,United States,,21306,Real Estate,Real Estate
STI,Solidion Technology Inc. Common Stock,$0.8819,0.1807,25.77%,108698491.00,United States,2022,36213311,Miscellaneous,Industrial Machinery/Components
STIM,Neuronetics Inc. Common Stock,$1.45,-0.03,-2.027%,44003881.00,United States,2018,126697,Health Care,Medical/Dental Instruments
STK,Columbia Seligman Premium Technology Growth Fund Inc,$32.10,-0.19,-0.588%,0.00,United States,2009,29054,Finance,Investment Managers
STKH,Steakholder Foods Ltd. American Depositary Shares,$1.61,-0.054,-3.245%,4403543.00,Israel,2021,24117,Consumer Staples,Packaged Foods
STKL,SunOpta Inc. Common Stock,$7.715,-0.095,-1.216%,901427057.00,Canada,,160603,Industrials,Farming/Seeds/Milling
STKS,The ONE Group Hospitality Inc. Common Stock,$2.91,0.00,0.00%,89784174.00,United States,,66377,Consumer Discretionary,Restaurants
STLA,Stellantis N.V. Common Shares,$13.10,0.03,0.23%,39602597411.00,United Kingdom,2014,5389392,Consumer Discretionary,Auto Manufacturing
STLD,Steel Dynamics Inc.,$114.43,-1.34,-1.157%,17421394778.00,United States,1996,419664,Industrials,Steel/Iron Ore
STM,STMicroelectronics N.V. Common Stock,$25.22,-0.26,-1.02%,22767886663.00,Switzerland,,2022814,Technology,Semiconductors
STN,Stantec Inc Common Stock,$78.6672,-0.2128,-0.27%,8973331109.00,Canada,,13988,Consumer Discretionary,Military/Government/Technical
STNE,StoneCo Ltd. Class A Common Shares,$7.9299,-0.2601,-3.176%,2449832371.00,Brazil,2018,2455398,Technology,EDP Services
STNG,Scorpio Tankers Inc. Common Shares,$48.66,-0.85,-1.717%,2584223845.00,Monaco,2010,186397,Consumer Discretionary,Marine Transportation
STOK,Stoke Therapeutics Inc. Common Stock,$10.885,-0.175,-1.582%,576545545.00,United States,2019,262843,Health Care,Biotechnology: Pharmaceutical Preparations
STR,Sitio Royalties Corp. Class A Common Stock,$19.085,0.535,2.884%,2918388195.00,United States,2022,225350,Energy,Oil & Gas Production
STRA,Strategic Education Inc. Common Stock,$92.76,-0.05,-0.054%,2279061162.00,United States,1996,23098,Real Estate,Other Consumer Services
STRL,Sterling Infrastructure Inc. Common Stock,$171.22,-1.30,-0.754%,5258697838.00,United States,,109735,Industrials,Military/Government/Technical
STRM,Streamline Health Solutions Inc. Common Stock,$3.56,-0.12,-3.261%,15212503.00,United States,,11781,Technology,EDP Services
STRO,Sutro Biopharma Inc. Common Stock,$1.8218,-0.0682,-3.608%,150223305.00,United States,2018,424210,Health Care,Biotechnology: Biological Products (No Diagnostic Substances)
STRR,Star Equity Holdings Inc. Common Stock,$2.14,-0.035,-1.609%,6887438.00,United States,2004,16890,Health Care,Biotechnology: Electromedical & Electrotherapeutic Apparatus
STRRP,Star Equity Holdings Inc. Series A Cumulative Perpetual Preferred Stock,$8.92,0.02,0.225%,28708387.00,United States,,608,Health Care,Biotechnology: Electromedical & Electrotherapeutic Apparatus
STRS,Stratus Properties Inc. Common Stock,$19.65,-0.20,-1.008%,158893850.00,United States,,1087,Real Estate,Homebuilding
STRT,STRATTEC SECURITY CORPORATION Common Stock,$41.5666,0.2666,0.646%,170468451.00,United States,,23324,Consumer Discretionary,Auto Parts:O.E.M.
STRW,Strawberry Fields REIT Inc. Common Stock,$10.51,0.15,1.448%,78625468.00,,2023,16394,Real Estate,Real Estate Investment Trusts
STSS,Sharps Technology Inc. Common Stock,$2.0246,0.0546,2.772%,3639816.00,United States,2022,87790,Health Care,Medical/Dental Instruments
STSSW,Sharps Technology Inc. Warrant,$0.0423,-0.0027,-6.00%,76047.00,United States,2022,40700,Finance,Finance: Consumer Services
STT,State Street Corporation Common Stock,$98.37,-0.21,-0.213%,28837216554.00,United States,,297346,Finance,Major Banks
STT^G,State Street Corporation Depositary shares each representing a 1/4000th ownership interest in a share of Fixed-to-Floating Rate Non-Cumulative,$23.06,0.0093,0.04%,,United States,,34589,,
STTK,Shattuck Labs Inc. Common Stock,$1.24,0.00,0.00%,59197238.00,United States,2020,220953,Health Care,Biotechnology: Pharmaceutical Preparations
STVN,Stevanato Group S.p.A. Ordinary Shares,$21.45,-0.16,-0.74%,6339333772.00,,2021,123927,Health Care,Medical/Dental Instruments
STWD,STARWOOD PROPERTY TRUST INC. Starwood Property Trust Inc.,$19.245,-0.055,-0.285%,6488634212.00,United States,2009,1211318,Real Estate,Real Estate Investment Trusts
STX,Seagate Technology Holdings PLC Ordinary Shares (Ireland),$86.485,-0.905,-1.036%,18294129586.00,Ireland,2002,643919,Technology,Electronic Components
STXS,Stereotaxis Inc. Common Stock,$2.35,0.06,2.62%,199114341.00,United States,,183859,Health Care,Biotechnology: Electromedical & Electrotherapeutic Apparatus
STZ,Constellation Brands Inc. Common Stock,$221.64,-1.07,-0.48%,40241386830.00,United States,,464949,Consumer Staples,Beverages (Production/Distribution)
SU,Suncor Energy  Inc. Common Stock,$35.515,0.255,0.723%,44646399874.00,Canada,,1013457,Energy,Integrated oil Companies
SUGP,SU Group Holdings Limited Ordinary Shares,$1.24,0.04,3.333%,16430000.00,Hong Kong,2024,168846,Consumer Discretionary,Diversified Commercial Services
SUI,Sun Communities Inc. Common Stock,$122.07,-1.59,-1.286%,15550534775.00,United States,1993,234938,Real Estate,Real Estate Investment Trusts
SUM,Summit Materials Inc. Class A Common Stock,$50.625,0.065,0.129%,8890023173.00,United States,2015,1318420,Industrials,Mining & Quarrying of Nonmetallic Minerals (No Fuels)
SUN,Sunoco LP Common Units representing limited partner interests,$51.595,0.155,0.301%,7863716179.00,United States,2012,159428,Energy,Integrated oil Companies
SUNE,SUNation Energy Inc. Common Stock,$2.6805,0.0005,0.019%,4864419.00,United States,,57553,Utilities,Telecommunications Equipment
SUNS,Sunrise Realty Trust Inc. Common Stock,$14.52,-0.16,-1.09%,100556735.00,United States,,15712,Real Estate,Real Estate Investment Trusts
SUP,Superior Industries International Inc. Common Stock (DE),$1.98,0.00,0.00%,57194385.00,United States,,107933,Consumer Discretionary,Auto Parts:O.E.M.
SUPN,Supernus Pharmaceuticals Inc. Common Stock,$37.12,-0.06,-0.161%,2049739414.00,United States,2012,238375,Health Care,Biotechnology: Pharmaceutical Preparations
SUPV,Grupo Supervielle S.A. American Depositary Shares each Representing five Class B shares,$15.02,-0.49,-3.159%,1371993849.00,,2016,887715,Finance,Commercial Banks
SURG,SurgePays Inc. Common Stock,$1.83,0.00,0.00%,36895631.00,United States,,257527,Consumer Discretionary,Advertising
SUUN,SolarBank Corporation Common Stock,$2.03,-0.02,-0.976%,62933234.00,Canada,,19202,Utilities,Power Generation
SUZ,Suzano S.A. American Depositary Shares (each representing One Ordinary Share),$10.035,-0.005,-0.05%,13086820267.00,Brazil,2018,363743,Basic Materials,Paper
SVC,Service Properties Trust Common Stock,$2.495,0.005,0.201%,415787888.00,United States,,980932,Real Estate,Real Estate Investment Trusts
SVCO,Silvaco Group Inc. Common Stock,$8.10,-0.01,-0.123%,230550908.00,United States,2024,55489,Technology,Computer Software: Prepackaged Software
SVII,Spring Valley Acquisition Corp. II Class A Ordinary Shares,$11.2247,0.00,0.00%,0.00,United States,2022,2,Finance,Blank Checks
SVIIU,Spring Valley Acquisition Corp. II Unit,$11.31,0.11,0.982%,0.00,United States,2022,376,Finance,Blank Checks
SVIIW,Spring Valley Acquisition Corp. II Warrant,$0.0621,0.00,0.00%,0.00,United States,2022,10,Finance,Blank Checks
SVM,Silvercorp Metals Inc. Common Shares,$2.975,-0.025,-0.833%,644064292.00,Canada,,2019745,Basic Materials,Precious Metals
SVMH,SRIVARU Holding Limited Ordinary Shares,$0.0326,0.0005,1.558%,487249.00,Cayman Islands,,24001271,Consumer Discretionary,Auto Manufacturing
SVMHW,SRIVARU Holding Limited Warrant,$0.0065,-0.0017,-20.732%,97151.00,Cayman Islands,,407007,Consumer Discretionary,Auto Manufacturing
SVRA,Savara Inc. Common Stock,$3.115,-0.035,-1.111%,534593011.00,United States,,220650,Health Care,Biotechnology: Pharmaceutical Preparations
SVRE,SaverOne 2014 Ltd. American Depositary Shares,$1.04,-0.06,-5.455%,1894013.00,Israel,2022,1584877,Technology,EDP Services
SVREW,SaverOne 2014 Ltd. Warrant,$0.017,-0.0074,-30.328%,30960.00,Israel,2022,82990,Technology,EDP Services
SVT,Servotronics Inc. Common Stock,$11.0872,0.2763,2.556%,28319325.00,United States,1970,465,Consumer Discretionary,Industrial Machinery/Components
SVV,Savers Value Village Inc. Common Stock,$10.21,-0.10,-0.97%,1632671686.00,United States,2023,97999,Consumer Discretionary,Other Specialty Stores
SW,Smurfit WestRock plc Ordinary Shares,$53.57,-0.78,-1.435%,27869082215.00,,2024,1130115,Consumer Discretionary,Containers/Packaging
SWAG,Stran & Company Inc. Common Stock,$0.9205,-0.0287,-3.024%,17128046.00,United States,2021,15032,Consumer Discretionary,Advertising
SWAGW,Stran & Company Inc. Warrant,$0.0124,0.0024,24.00%,230731.00,United States,2021,817,Consumer Discretionary,Advertising
SWBI,Smith & Wesson Brands Inc. Common Stock,$9.80,-0.14,-1.408%,431226489.00,United States,,356616,Industrials,Ordnance And Accessories
SWI,SolarWinds Corporation Common Stock,$14.24,-0.05,-0.35%,2428941592.00,United States,2018,123026,Technology,Computer Software: Prepackaged Software
SWIM,Latham Group Inc. Common Stock,$6.86,-0.14,-2.00%,793184585.00,United States,2021,130727,Industrials,Plastic Products
SWIN,Solowin Holdings Class A Ordinary Share,$1.4326,-0.0574,-3.852%,22892948.00,Hong Kong,2023,138846,Finance,Investment Bankers/Brokers/Service
SWK,Stanley Black & Decker Inc. Common Stock,$80.08,-0.50,-0.621%,12345443030.00,United States,,315871,Consumer Discretionary,Industrial Machinery/Components
SWKH,SWK Holdings Corporation Common Stock,$16.185,0.155,0.967%,197994714.00,United States,,3410,Finance,Diversified Financial Services
SWKHL,SWK Holdings Corporation 9.00% Senior Notes due 2027,$25.12,0.00,0.00%,307298562.00,United States,,122,,
SWKS,Skyworks Solutions Inc. Common Stock,$88.16,-1.99,-2.207%,14098604416.00,United States,,530063,Technology,Semiconductors
SWTX,SpringWorks Therapeutics Inc. Common Stock,$36.26,-0.09,-0.248%,2697250973.00,United States,2019,251344,Health Care,Biotechnology: Biological Products (No Diagnostic Substances)
SWVL,Swvl Holdings Corp Class A Common Shares,$6.325,-0.175,-2.692%,53889000.00,United Arab Emirates,,9535,Consumer Discretionary,Business Services
SWVLW,Swvl Holdings Corp Warrant,$0.0137,-0.0003,-2.143%,116724.00,United Arab Emirates,,1283,Consumer Discretionary,Business Services
SWX,Southwest Gas Holdings Inc. Common Stock (DE),$70.37,0.02,0.028%,5048601776.00,United States,,60240,Utilities,Oil & Gas Production
SWZ,Swiss Helvetia Fund Inc. (The) Common Stock,$7.55,0.03,0.399%,0.00,United States,,24197,Finance,Finance Companies
SXC,SunCoke Energy Inc. Common Stock,$10.695,0.075,0.706%,899367437.00,United States,2011,188336,Industrials,Steel/Iron Ore
SXI,Standex International Corporation Common Stock,$188.62,-0.61,-0.322%,2278849311.00,United States,,13089,Industrials,Industrial Machinery/Components
SXT,Sensient Technologies Corporation Common Stock,$71.49,-0.69,-0.956%,3028372520.00,United States,,30740,Industrials,Major Chemicals
SXTC,China SXT Pharmaceuticals Inc. Ordinary Shares,$0.4322,0.0142,3.397%,1502367.00,China,2019,495864,Health Care,Biotechnology: Pharmaceutical Preparations
SXTP,60 Degrees Pharmaceuticals Inc. Common Stock,$1.33,0.04,3.101%,3055628.00,United States,2023,36675,Health Care,Biotechnology: Pharmaceutical Preparations
SXTPW,60 Degrees Pharmaceuticals Inc. Warrant,$0.039,0.0106,37.324%,89601.00,United States,2023,200,Health Care,Biotechnology: Pharmaceutical Preparations
SY,So-Young International Inc. American Depository Shares,$0.7872,-0.033,-4.023%,77184304.00,China,2019,77972,Technology,EDP Services
SYBT,Stock Yards Bancorp Inc. Common Stock,$72.235,0.545,0.76%,2124629780.00,United States,,21657,Finance,Major Banks
SYBX,Synlogic Inc. Common Stock,$1.40,0.04,2.941%,16374553.00,United States,2015,12808,Health Care,Biotechnology: Pharmaceutical Preparations
SYF,Synchrony Financial Common Stock,$65.43,-0.49,-0.743%,25474802980.00,United States,2014,632510,Finance,Finance: Consumer Services
SYF^A,Synchrony Financial Depositary Shares each Representing a 1/40th Interest in a Share of 5.625% Fixed Rate Non-Cumulative Perpetual Preferred Stock Series A,$19.18,0.25,1.321%,,United States,,54387,,
SYF^B,Synchrony Financial Depositary Shares Each Representing a 1/40th Interest in a Share of 8.250% Fixed Rate Reset Non-Cumulative Perpetual Preferred Stock Series B,$26.12,0.18,0.694%,,United States,,51887,,
SYK,Stryker Corporation Common Stock,$362.42,-4.69,-1.278%,138160220451.00,United States,,241224,Health Care,Medical/Dental Instruments
SYM,Symbotic Inc. Class A Common Stock,$24.46,0.38,1.578%,14368275833.00,United States,2021,671208,Industrials,Industrial Machinery/Components
SYNA,Synaptics Incorporated Common Stock $0.001 Par Value,$76.19,-1.04,-1.347%,3052052163.00,United States,2002,96608,Technology,Semiconductors
SYNX,Silynxcom Ltd. Ordinary Shares,$3.5282,0.0382,1.095%,18523050.00,,2024,8902,Consumer Staples,Consumer Electronics/Appliances
SYPR,Sypris Solutions Inc. Common Stock,$1.95,-0.12,-5.797%,44892920.00,United States,,10377,Industrials,Industrial Machinery/Components
SYRA,Syra Health Corp. Class A Common Stock,$0.415,-0.0323,-7.221%,4069950.00,United States,2023,132191,Consumer Discretionary,Diversified Commercial Services
SYRE,Spyre Therapeutics Inc. Common Stock,$22.885,-0.785,-3.316%,1177003470.00,United States,2016,107312,Health Care,Biotechnology: Pharmaceutical Preparations
SYRS,Syros Pharmaceuticals Inc. Common Stock,$0.2822,0.0732,35.024%,7572119.00,United States,2016,11123670,Health Care,Biotechnology: Pharmaceutical Preparations
SYT,SYLA Technologies Co. Ltd. American Depositary Shares,$1.94,0.04,2.105%,51515342.00,Japan,2023,3239,Finance,Real Estate
SYTA,Siyata Mobile Inc. Common Shares,$5.905,-0.845,-12.519%,5708352.00,Canada,2020,124515,Telecommunications,Telecommunications Equipment
SYTAW,Siyata Mobile Inc. Warrant,$0.0602,0.0002,0.333%,58195.00,Canada,2020,1793,Telecommunications,Telecommunications Equipment
SYY,Sysco Corporation Common Stock,$76.55,-0.40,-0.52%,37603357955.00,United States,,460194,Consumer Discretionary,Food Distributors
T,AT&T Inc.,$22.6754,-0.1846,-0.808%,162702551751.00,United States,,12201339,Telecommunications,Telecommunications Equipment
T^A,AT&T Inc. Depositary Shares each representing a 1/1000th interest in a share of 5.000% Perpetual Preferred Stock Series A,$20.54,0.13,0.637%,,United States,,126756,,
T^C,AT&T Inc. Depositary Shares each representing a 1/1000th interest in a share of 4.750% Perpetual Preferred Stock Series C,$19.615,0.235,1.213%,,United States,,266487,,
TAC,TransAlta Corporation Ordinary Shares,$14.265,0.025,0.176%,4258102500.00,Canada,,194755,Utilities,Electric Utilities: Central
TACT,TransAct Technologies Incorporated Common Stock,$4.15,0.01,0.242%,41542982.00,United States,1996,4221,Technology,Computer peripheral equipment
TAIT,Taitron Components Incorporated Class A Common Stock,$2.58,0.01,0.389%,15534644.00,United States,1995,30681,Technology,Electronic Components
TAK,Takeda Pharmaceutical Company Limited American Depositary Shares (each representing 1/2 of a share of Common Stock),$13.215,-0.055,-0.414%,41469025854.00,Japan,2018,741542,Health Care,Biotechnology: Pharmaceutical Preparations
TAL,TAL Education Group American Depositary Shares,$9.555,-0.215,-2.201%,5786106671.00,China,,1305940,Real Estate,Other Consumer Services
TALK,Talkspace Inc. Common Stock,$3.15,0.00,0.00%,532106785.00,United States,2020,476616,Health Care,Medical/Nursing Services
TALKW,Talkspace Inc. Warrant,$0.15,-0.01,-6.25%,25338418.00,United States,2020,4023,Health Care,Medical/Nursing Services
TALO,Talos Energy Inc. Common Stock,$9.713,0.473,5.119%,1747964427.00,United States,2018,500344,Energy,Oil & Gas Production
TANH,Tantech Holdings Ltd. Common Shares,$0.2192,0.0292,15.368%,1828128.00,China,2015,12406945,Industrials,Major Chemicals
TAOP,Taoping Inc. Ordinary Shares ,$0.4075,-0.0027,-0.658%,1841900.00,Hong Kong,,665644,Technology,Computer Software: Prepackaged Software
TAP,Molson Coors Beverage Company Class B Common Stock,$57.29,-0.53,-0.917%,11236186469.00,Canada,,585252,Consumer Staples,Beverages (Production/Distribution)
TARA,Protara Therapeutics Inc.  Common Stock,$5.23,-0.28,-5.082%,107893708.00,United States,2014,250304,Health Care,Biotechnology: Biological Products (No Diagnostic Substances)
TARS,Tarsus Pharmaceuticals Inc. Common Stock,$56.375,1.375,2.50%,2155043122.00,United States,2020,223497,Health Care,Biotechnology: Biological Products (No Diagnostic Substances)
TASK,TaskUs Inc. Class A Common Stock,$16.83,-0.19,-1.116%,1503046235.00,United States,2021,82171,Technology,EDP Services
TATT,TAT Technologies Ltd. Ordinary Shares,$26.73,0.70,2.689%,270042819.00,Israel,,11885,Industrials,Aerospace
TAVI,Tavia Acquisition Corp. Ordinary Shares,$9.91,-0.01,-0.101%,0.00,United States,2024,74813,Finance,Blank Checks
TAVIR,Tavia Acquisition Corp. Right,$0.13,0.00,0.00%,0.00,United States,2024,30489,Finance,Blank Checks
TAVIU,Tavia Acquisition Corp. Unit,$10.03,-0.01,-0.10%,0.00,United States,2024,197,Finance,Blank Checks
TAYD,Taylor Devices Inc. Common Stock,$41.215,-0.845,-2.009%,128939603.00,United States,,6439,Industrials,Industrial Machinery/Components
TBB,AT&T Inc. 5.350% Global Notes due 2066,$24.395,0.005,0.021%,175041178985.00,United States,2017,60087,Telecommunications,Telecommunications Equipment
TBBB,BBB Foods Inc. Class A Common Shares,$28.505,-0.815,-2.78%,3198282436.00,,2024,125341,Consumer Staples,Food Chains
TBBK,The Bancorp Inc Common Stock,$53.37,-0.21,-0.392%,2558136337.00,United States,2004,76501,Finance,Major Banks
TBI,TrueBlue Inc. Common Stock,$8.025,0.155,1.97%,237210494.00,United States,,44874,Consumer Discretionary,Professional Services
TBLA,Taboola.com Ltd. Ordinary Shares,$3.705,-0.105,-2.756%,1245651407.00,Israel,,584453,Technology,Computer Software: Programming Data Processing
TBLAW,Taboola.com Ltd. Warrant,$0.35,-0.04,-10.256%,117672872.00,Israel,,703,Technology,Computer Software: Programming Data Processing
TBLD,Thornburg Income Builder Opportunities Trust Common Stock,$16.38,-0.0158,-0.096%,525501244.00,United States,2021,71048,Finance,Investment Managers
TBMC,Trailblazer Merger Corporation I Class A Common Stock,$11.13,0.00,0.00%,0.00,United States,2023,101,Finance,Blank Checks
TBMCR,Trailblazer Merger Corporation I Rights,$0.24,0.00,0.00%,0.00,United States,2023,732,Finance,Blank Checks
TBN,Tamboran Resources Corporation Common stock,$18.79,0.06,0.32%,267274108.00,,2024,2933,Energy,Oil & Gas Production
TBNK,Territorial Bancorp Inc. Common Stock,$9.70,0.00,0.00%,85672437.00,United States,2009,3197,Finance,Savings Institutions
TBPH,Theravance Biopharma Inc. Ordinary Shares,$9.57,-0.02,-0.209%,470598013.00,Cayman Islands,,33867,Health Care,Biotechnology: Pharmaceutical Preparations
TBRG,TruBridge Inc. Common Stock,$19.23,0.01,0.052%,287009173.00,United States,2002,24588,Technology,EDP Services
TC,TuanChe Limited American Depositary Shares,$1.08,0.031,2.955%,1848173.00,China,2018,60102,Consumer Discretionary,Business Services
TCBI,Texas Capital Bancshares Inc. Common Stock,$78.15,0.54,0.696%,3611443964.00,United States,2003,82651,Finance,Major Banks
TCBIO,Texas Capital Bancshares Inc. Depositary Shares 5.75% Fixed Rate Non-Cumulative Perpetual Preferred Stock Series B,$19.69,0.01,0.051%,909908275.00,United States,,29909,Finance,Major Banks
TCBK,TriCo Bancshares Common Stock,$43.744,-0.286,-0.65%,1443787343.00,United States,,27378,Finance,Major Banks
TCBP,TC BioPharm (Holdings) plc American Depositary Shares,$0.7029,-0.0071,-1.00%,409102.00,United Kingdom,2022,2107004,Health Care,Biotechnology: Biological Products (No Diagnostic Substances)
TCBPW,TC BioPharm (Holdings) plc Warrants,$0.011,0.0009,8.911%,6402.00,United Kingdom,2022,56059,Health Care,Biotechnology: Biological Products (No Diagnostic Substances)
TCBS,Texas Community Bancshares Inc. Common Stock,$15.2349,0.1349,0.893%,47466647.00,United States,2021,1911,Finance,Banks
TCBX,Third Coast Bancshares Inc. Common Stock,$34.4333,0.3033,0.889%,471016692.00,United States,2021,21346,Finance,Banks
TCI,Transcontinental Realty Investors Inc. Common Stock,$30.28,1.01,3.451%,261598488.00,United States,,1364,Real Estate,Real Estate Investment Trusts
TCMD,Tactile Systems Technology Inc. Common Stock,$17.0878,-0.1622,-0.94%,410057457.00,United States,2016,109539,Health Care,Medical/Dental Instruments
TCOM,Trip.com Group Limited American Depositary Shares,$69.05,-1.54,-2.182%,44654065614.00,China,2003,1183246,Consumer Discretionary,Business Services
TCPC,BlackRock TCP Capital Corp. Common Stock,$8.645,0.085,0.993%,739935353.00,United States,2012,503266,Finance,Finance/Investors Services
TCRT,Alaunos Therapeutics Inc. Common Stock,$2.10,0.26,14.13%,3362629.00,United States,,120337,Health Care,Biotechnology: Pharmaceutical Preparations
TCRX,TScan Therapeutics Inc. Common Stock,$3.02,-0.04,-1.307%,161179194.00,United States,2021,279167,Health Care,Biotechnology: Biological Products (No Diagnostic Substances)
TCTM,TCTM Kids IT Education Inc. American Depositary Shares,$0.7001,-0.0245,-3.381%,7555787.00,China,2014,19106,Real Estate,Other Consumer Services
TCX,Tucows Inc. Class A Common Stock,$16.19,-0.11,-0.675%,178165818.00,Canada,,10310,Technology,EDP Services
TD,Toronto Dominion Bank (The) Common Stock,$53.14,0.14,0.264%,92904662000.00,Canada,,562282,Finance,Commercial Banks
TDACU,Translational Development Acquisition Corp. Units,$10.01,0.00,0.00%,0.00,United States,2024,79,,
TDC,Teradata Corporation Common Stock,$31.227,-0.383,-1.212%,2988423900.00,United States,,178162,Technology,Computer Software: Prepackaged Software
TDF,Templeton Dragon Fund Inc. Common Stock,$8.505,-0.145,-1.676%,0.00,United States,,79811,Finance,Finance/Investors Services
TDG,Transdigm Group Incorporated Common Stock,$1284.73,-6.17,-0.478%,72240943459.00,United States,2006,68469,Industrials,Military/Government/Technical
TDOC,Teladoc Health Inc. Common Stock,$9.225,-0.225,-2.381%,1588238020.00,United States,2015,2235599,Health Care,Medical/Nursing Services
TDS,Telephone and Data Systems Inc. Common Shares,$34.06,-0.78,-2.239%,3848780000.00,United States,,200808,Telecommunications,Telecommunications Equipment
TDS^U,Telephone and Data Systems Inc. Depositary Shares Each Representing a 1/1000th Interest in a 6.625% Series UU Cumulative Redeemable Perpetual Preferred Stock,$19.21,0.05,0.261%,,United States,,30025,,
TDS^V,Telephone and Data Systems Inc. Depositary Shares Each Representing a 1/1000th Interest in a 6.000% Series VV Cumulative Redeemable Perpetual Preferred Stock,$17.3501,-0.0299,-0.172%,,United States,,70894,,
TDTH,Trident Digital Tech Holdings Ltd American Depository Shares,$2.13,0.02,0.948%,137481992.00,Singapore,2024,6045,Consumer Discretionary,Business Services
TDUP,ThredUp Inc. Class A Common Stock,$1.43,0.04,2.878%,162673391.00,United States,2021,304726,Consumer Discretionary,Catalog/Specialty Distribution
TDW,Tidewater Inc. Common Stock,$54.135,2.665,5.178%,2832505388.00,United States,2017,754450,Consumer Discretionary,Marine Transportation
TDY,Teledyne Technologies Incorporated Common Stock,$467.41,-4.03,-0.855%,21782390859.00,United States,,36883,Industrials,Industrial Machinery/Components
TEAF,Tortoise Sustainable and Social Impact Term Fund Common shares of beneficial interest,$11.91,-0.03,-0.251%,160679323.00,,2019,36787,Finance,Trusts Except Educational Religious and Charitable
TEAM,Atlassian Corporation Class A Common Stock,$247.7901,-2.3199,-0.928%,64532812035.00,Australia,2015,331178,Technology,Computer Software: Prepackaged Software
TECH,Bio-Techne Corp Common Stock,$72.6535,-0.3265,-0.447%,11544045391.00,United States,,142039,Health Care,Biotechnology: Biological Products (No Diagnostic Substances)
TECK,Teck Resources Ltd Ordinary Shares,$40.4989,-0.3111,-0.762%,20686753558.00,Canada,,893891,Industrials,Mining & Quarrying of Nonmetallic Minerals (No Fuels)
TECTP,Tectonic Financial Inc. 9.00% Fixed-to-Floating Rate Series B Non-Cumulative Perpetual Preferred Stock,$10.4323,0.0273,0.262%,73621576.00,United States,2019,1315,Finance,Major Banks
TECX,Tectonic Therapeutic Inc. Common Stock,$47.44,0.41,0.872%,699867566.00,United States,2018,23040,Health Care,Biotechnology: Biological Products (No Diagnostic Substances)
TEF,Telefonica SA Common Stock,$4.025,-0.025,-0.617%,23145594034.00,Spain,1988,429217,Telecommunications,Telecommunications Equipment
TEI,Templeton Emerging Markets Income Fund Inc. Common Stock,$5.13,0.00,0.00%,0.00,United States,1993,76517,Finance,Finance Companies
TEL,TE Connectivity plc Ordinary Shares,$143.24,-1.74,-1.20%,42851984074.00,Ireland,,279147,Technology,Electronic Components
TELA,TELA Bio Inc. Common Stock,$2.90,-0.01,-0.344%,114226485.00,United States,2019,22274,Health Care,Medical/Dental Instruments
TELO,Telomir Pharmaceuticals Inc. Common Stock,$4.56,-0.31,-6.366%,135020752.00,United States,2024,75319,Health Care,Biotechnology: Pharmaceutical Preparations
TEM,Tempus AI Inc. Class A Common Stock,$34.51,-0.61,-1.737%,5433450520.00,United States,2024,2186728,Technology,Computer Software: Programming Data Processing
TEN,Tsakos Energy Navigation Ltd Common Shares,$16.63,-0.20,-1.188%,490678178.00,Greece,,173562,Consumer Discretionary,Marine Transportation
TEN^E,Tsakos Energy Navigation Ltd Series E Fixed-to-Floating Rate Cumulative Redeemable Perpetual Preferred Shares par value $1.00,$25.76,-0.02,-0.078%,,Greece,,1194,,
TEN^F,Tsakos Energy Navigation Ltd Series F Fixed-to-Floating Rate Cumulative Redeemable Perpetual Preferred Shares par value $1.00,$26.07,0.001,0.004%,,Greece,,3004,,
TENB,Tenable Holdings Inc. Common Stock,$39.565,0.075,0.19%,4753156587.00,United States,2018,382691,Technology,Computer Software: Prepackaged Software
TENX,Tenax Therapeutics Inc. Common Stock,$6.40,0.10,1.587%,21816998.00,United States,,174485,Health Care,Biotechnology: Pharmaceutical Preparations
TEO,Telecom Argentina SA,$12.64,-0.73,-5.46%,5444523289.00,Argentina,,131375,Telecommunications,Telecommunications Equipment
TER,Teradyne Inc. Common Stock,$127.83,-0.71,-0.552%,20818580687.00,United States,,699376,Industrials,Electrical Products
TERN,Terns Pharmaceuticals Inc. Common Stock,$5.59,-0.18,-3.12%,474808199.00,United States,2021,477619,Health Care,Biotechnology: Pharmaceutical Preparations
TETE,Technology & Telecommunication Acquisition Corporation Class A Ordinary Shares,$12.32,0.00,0.00%,0.00,Malaysia,2022,22,Finance,Blank Checks
TETEU,Technology & Telecommunication Acquisition Corporation Unit,$12.34,0.11,0.899%,0.00,Malaysia,2022,1802,Finance,Blank Checks
TETEW,Technology & Telecommunication Acquisition Corporation Warrant,$0.0234,0.0053,29.282%,0.00,Malaysia,2022,133,Finance,Blank Checks
TEVA,Teva Pharmaceutical Industries Limited American Depositary Shares,$22.285,-0.485,-2.13%,25250024019.00,Israel,,4987315,Health Care,Biotechnology: Pharmaceutical Preparations
TEX,Terex Corporation Common Stock,$45.545,0.315,0.696%,3042406000.00,United States,,200298,Industrials,Construction/Ag Equipment/Trucks
TFC,Truist Financial Corporation Common Stock,$43.545,-0.125,-0.286%,57806885572.00,United States,,1254833,Finance,Major Banks
TFC^I,Truist Financial Corporation Depositary Shares,$22.652,0.092,0.408%,,United States,,5559,,
TFC^O,Truist Financial Corporation Depositary Shares Each Representing a 1/1000th Interest in a Share of Series O Non-Cumulative Perpetual Preferred Stock,$20.82,-0.01,-0.048%,,United States,,73285,,
TFC^R,Truist Financial Corporation Depositary Shares each representing 1/1000th interest in a share of Series R Non-Cumulative Perpetual Preferred Stock,$18.8869,0.0969,0.516%,,United States,,55513,,
TFII,TFI International Inc. Common Shares,$136.05,-1.66,-1.205%,11510439912.00,Canada,,255978,Industrials,Trucking Freight/Courier Services
TFIN,Triumph Financial Inc. Common Stock,$91.825,0.885,0.973%,2147553790.00,United States,2014,25807,Finance,Major Banks
TFINP,Triumph Financial Inc. Depositary Shares Each Representing a 1/40th Interest in a Share of 7.125% Series C Fixed-Rate Non-Cumulative Perpetual Preferred Stock,$23.11,-0.29,-1.239%,540484270.00,United States,,6137,Finance,Major Banks
TFPM,Triple Flag Precious Metals Corp. Common Shares,$15.08,-0.13,-0.855%,3038344142.00,Canada,2022,140876,Industrials,Precious Metals
TFSA,Terra Income Fund 6 LLC 7.00% Notes due 2026,$24.11,0.0695,0.289%,203461614.00,,2021,204,,
TFSL,TFS Financial Corporation Common Stock,$12.58,-0.03,-0.238%,3531342543.00,United States,2007,139128,Finance,Savings Institutions
TFX,Teleflex Incorporated Common Stock,$177.83,-1.68,-0.936%,8259089217.00,United States,,124884,Health Care,Medical/Dental Instruments
TG,Tredegar Corporation Common Stock,$7.812,0.132,1.719%,268427757.00,United States,,69662,Industrials,Metal Fabrications
TGB,Taseko Mines Ltd. Common Stock,$1.95,-0.04,-2.01%,572035226.00,Canada,,1382697,Basic Materials,Precious Metals
TGI,Triumph Group Inc. Common Stock,$18.77,0.02,0.107%,1451865694.00,United States,1996,119245,Industrials,Aerospace
TGL,Treasure Global Inc. Common Stock,$0.2025,-0.0173,-7.871%,2252952.00,United States,2022,1032280,Consumer Discretionary,Business Services
TGLS,Tecnoglass Inc. Ordinary Shares,$82.04,0.00,0.00%,3855494248.00,Colombia,2022,102604,Consumer Discretionary,Electronic Components
TGNA,TEGNA Inc,$18.38,0.00,0.00%,2961417728.00,United States,,277906,Industrials,Broadcasting
TGS,Transportadora de Gas del Sur SA TGS Common Stock,$29.39,-0.39,-1.31%,4424729511.00,Argentina,,163845,Utilities,Natural Gas Distribution
TGT,Target Corporation Common Stock,$136.21,0.71,0.524%,62413046849.00,United States,,2054313,Consumer Discretionary,Department/Specialty Retail Stores
TGTX,TG Therapeutics Inc. Common Stock,$31.72,-0.81,-2.49%,4937704394.00,United States,,738180,Health Care,Biotechnology: Pharmaceutical Preparations
TH,Target Hospitality Corp. Common Stock,$9.595,-0.28,-2.835%,949340430.00,United States,2018,164085,Consumer Discretionary,Hotels/Resorts
THAR,Tharimmune Inc. Common Stock,$2.06,0.00,0.00%,3061236.00,United States,2022,35375,Health Care,Biotechnology: Pharmaceutical Preparations
THC,Tenet Healthcare Corporation Common Stock,$126.58,-1.39,-1.086%,12037378260.00,United States,,242083,Health Care,Hospital/Nursing Management
THCH,TH International Limited Ordinary shares,$0.7299,-0.0151,-2.027%,121103461.00,China,,55069,Consumer Discretionary,Restaurants
THFF,First Financial Corporation Indiana Common Stock,$46.28,-0.30,-0.644%,546488309.00,United States,,21143,Finance,Major Banks
THG,Hanover Insurance Group Inc,$153.71,-0.62,-0.402%,5538686382.00,United States,,31595,Finance,Property-Casualty Insurers
THM,International Tower Hill Mines Ltd. Ordinary Shares (Canada),$0.4292,-0.0011,-0.256%,85708425.00,Canada,,87397,Basic Materials,Metal Mining
THO,Thor Industries Inc. Common Stock,$94.515,-0.855,-0.897%,5030066373.00,United States,,128345,Industrials,Homebuilding
THQ,abrdn Healthcare Opportunities Fund Shares of Beneficial Interest,$18.89,-0.40,-2.074%,0.00,United States,2014,80548,Finance,Finance Companies
THR,Thermon Group Holdings Inc. Common Stock,$28.63,0.01,0.035%,964405615.00,United States,2011,26449,Energy,Industrial Machinery/Components
THRD,Third Harmonic Bio Inc. Common Stock,$10.30,0.04,0.39%,464101654.00,United States,2022,72753,Health Care,Biotechnology: Pharmaceutical Preparations
THRM,Gentherm Inc Common Stock,$39.08,0.07,0.179%,1210689294.00,United States,,46094,Consumer Discretionary,Auto Parts:O.E.M.
THRY,Thryv Holdings Inc. Common Stock,$14.4247,-0.4153,-2.799%,606484002.00,United States,,152353,Consumer Discretionary,Advertising
THS,Treehouse Foods Inc. Common Stock,$34.64,-0.51,-1.451%,1773568000.00,United States,,178431,Consumer Staples,Packaged Foods
THTX,Theratechnologies Inc. Common Shares,$1.77,-0.02,-1.117%,81384634.00,Canada,,71953,Health Care,Biotechnology: Pharmaceutical Preparations
THW,abrdn World Healthcare Fund Shares of Beneficial Interest,$11.12,-0.25,-2.199%,0.00,United States,2015,149861,Finance,Finance Companies
TIGO,Millicom International Cellular S.A. Common Stock,$24.83,-0.02,-0.08%,4273151253.00,Luxembourg,,82584,Telecommunications,Telecommunications Equipment
TIGR,UP Fintech Holding Ltd American Depositary Share representing fifteen Class A Ordinary Shares,$6.545,-0.345,-5.007%,1093923551.00,China,2019,2273072,Finance,Investment Bankers/Brokers/Service
TIL,Instil Bio Inc. Common Stock,$19.04,-1.01,-5.037%,124252888.00,United States,2021,48310,Health Care,Biotechnology: Biological Products (No Diagnostic Substances)
TILE,Interface Inc. Common Stock,$24.70,-0.27,-1.081%,1440098204.00,United States,,124319,Consumer Discretionary,Home Furnishings
TIMB,TIM S.A. American Depositary Shares (Each representing 5 Common Shares) ,$11.74,-0.11,-0.928%,5684048731.00,Brazil,2020,165703,Telecommunications,Telecommunications Equipment
TIPT,Tiptree Inc. Common Stock,$20.895,0.195,0.942%,774281735.00,United States,,33769,Finance,Property-Casualty Insurers
TIRX,TIAN RUIXIANG Holdings Ltd Class A Ordinary Shares,$1.69,0.00,0.00%,4029557.00,China,2021,40400,Finance,Specialty Insurers
TISI,Team Inc. Common Stock,$14.22,0.11,0.78%,63780141.00,United States,,7715,Consumer Discretionary,Other Consumer Services
TITN,Titan Machinery Inc. Common Stock,$13.79,-0.08,-0.577%,318903293.00,United States,2007,75881,Consumer Discretionary,Other Specialty Stores
TIVC,Tivic Health Systems Inc. Common Stock,$0.3254,0.028,9.415%,2689784.00,United States,2021,826467,Health Care,Biotechnology: Electromedical & Electrotherapeutic Apparatus
TIXT,TELUS International (Cda) Inc. Subordinate Voting Shares,$3.77,-0.08,-2.078%,1034753121.00,,2021,529577,Technology,EDP Services
TJX,TJX Companies Inc. (The) Common Stock,$121.52,-2.42,-1.953%,136607683684.00,United States,,1376810,Consumer Discretionary,Clothing/Shoe/Accessory Stores
TK,Teekay Corporation Ltd. Common Stock,$6.8398,0.1298,1.934%,622464084.00,Bermuda,,468581,Consumer Discretionary,Marine Transportation
TKC,Turkcell Iletisim Hizmetleri AS Common Stock,$6.565,-0.065,-0.98%,5777200000.00,Turkey,,59581,Telecommunications,Telecommunications Equipment
TKLF,Tokyo Lifestyle Co. Ltd. American Depositary Shares,$3.553,-0.197,-5.253%,15000841.00,Japan,2022,26779,Consumer Discretionary,Other Specialty Stores
TKNO,Alpha Teknova Inc. Common Stock,$8.89,0.16,1.833%,473905355.00,United States,2021,143500,Health Care,Biotechnology: In Vitro & In Vivo Diagnostic Substances
TKO,TKO Group Holdings Inc. Class A Common Stock,$143.87,-0.15,-0.104%,24568189591.00,United States,2023,252366,Consumer Discretionary,Services-Misc. Amusement & Recreation
TKR,Timken Company (The) Common Stock,$71.245,-0.235,-0.329%,4995502336.00,United States,,106411,Industrials,Metal Fabrications
TLF,Tandy Leather Factory Inc. Common Stock,$4.7829,-0.0571,-1.18%,40283000.00,United States,,19861,Consumer Discretionary,Apparel
TLK,PT Telekomunikasi Indonesia Tbk,$16.56,-0.03,-0.181%,16404703069.00,Indonesia,,189720,Telecommunications,Telecommunications Equipment
TLN,Talen Energy Corporation Common Stock,$201.10,0.98,0.49%,10227024359.00,United States,,225008,Utilities,Electric Utilities: Central
TLPH,Talphera Inc. Common Stock,$0.5444,0.0144,2.717%,9270706.00,United States,2011,51317,Health Care,Biotechnology: Pharmaceutical Preparations
TLRY,Tilray Brands Inc. Common Stock ,$1.375,-0.055,-3.846%,1159072416.00,United States,2018,34021487,Health Care, Medicinal Chemicals and Botanical Products 
TLS,Telos Corporation Common Stock,$3.51,0.11,3.235%,254055938.00,United States,2020,234200,Technology,EDP Services
TLSA,Tiziana Life Sciences Ltd. Common Shares,$0.6745,0.0015,0.223%,69532683.00,United Kingdom,2018,250119,Health Care,Biotechnology: Pharmaceutical Preparations
TLSI,TriSalus Life Sciences Inc. Common Stock,$4.8791,0.0391,0.808%,148779065.00,United States,2021,36528,Health Care,Medical Specialities
TLSIW,TriSalus Life Sciences Inc. Warrant,$1.15,-0.05,-4.167%,35067108.00,United States,2021,5326,Health Care,Medical Specialities
TLX,Telix Pharmaceuticals Limited American Depositary Shares,$16.00,0.40,2.564%,5354933712.00,Australia,,5521,Health Care,Biotechnology: Pharmaceutical Preparations
TLYS,Tilly's Inc. Common Stock,$3.99,0.09,2.308%,120306109.00,United States,2012,106041,Consumer Discretionary,Clothing/Shoe/Accessory Stores
TM,Toyota Motor Corporation Common Stock,$196.585,-2.935,-1.471%,264882010852.00,Japan,,238876,Consumer Discretionary,Auto Manufacturing
TMC,TMC the metals company Inc. Common Stock,$1.085,-0.015,-1.364%,351824977.00,Canada,,2621840,Basic Materials,Metal Mining
TMCI,Treace Medical Concepts Inc. Common Stock,$6.81,-0.17,-2.436%,424243101.00,United States,2021,65056,Health Care,Medical/Dental Instruments
TMCWW,TMC the metals company Inc. Warrants,$0.12,-0.01,-7.692%,38911518.00,Canada,,48320,Basic Materials,Metal Mining
TMDX,TransMedics Group Inc. Common Stock,$59.56,-1.46,-2.393%,1998923953.00,United States,2019,975892,Health Care,Biotechnology: Electromedical & Electrotherapeutic Apparatus
TME,Tencent Music Entertainment Group American Depositary Shares each representing two Class A Ordinary Shares,$11.415,-0.305,-2.602%,19589020450.00,United States,2018,1259798,Consumer Discretionary,Broadcasting
TMHC,Taylor Morrison Home Corporation Common Stock,$61.33,0.69,1.138%,6346299239.00,United States,2013,292695,Consumer Discretionary,Homebuilding
TMO,Thermo Fisher Scientific Inc Common Stock,$522.4339,-3.6361,-0.691%,199831105195.00,United States,,397148,Industrials,Industrial Machinery/Components
TMP,Tompkins Financial Corporation Common Stock,$67.85,-0.12,-0.177%,976611324.00,United States,1997,13786,Finance,Major Banks
TMQ,Trilogy Metals Inc. Common Stock,$1.14,0.02,1.786%,183429208.00,Canada,,136213,Basic Materials,Precious Metals
TMUS,T-Mobile US Inc. Common Stock,$221.2599,-1.7601,-0.789%,256769159688.00,United States,,813927,Telecommunications,Telecommunications Equipment
TNC,Tennant Company Common Stock,$81.42,0.64,0.792%,1536622725.00,United States,,25542,Industrials,Industrial Machinery/Components
TNDM,Tandem Diabetes Care Inc. Common Stock,$36.75,-0.13,-0.352%,2413612551.00,United States,2013,274442,Health Care,Medical/Dental Instruments
TNET,TriNet Group Inc. Common Stock,$91.19,0.94,1.042%,4520837173.00,United States,2014,129829,Consumer Discretionary,Business Services
TNFA,TNF Pharmaceuticals Inc. Common Stock,$1.18,-0.07,-5.60%,3250979.00,United States,2014,53865,Health Care,Biotechnology: In Vitro & In Vivo Diagnostic Substances
TNGX,Tango Therapeutics Inc.,$3.10,-0.02,-0.641%,332995236.00,United States,2020,214423,Health Care,Biotechnology: Pharmaceutical Preparations
TNK,Teekay Tankers Ltd.,$38.935,0.015,0.039%,1327415160.00,Bermuda,2007,271788,Consumer Discretionary,Marine Transportation
TNL,Travel   Leisure Co. Common  Stock,$50.26,-0.29,-0.574%,3438041331.00,United States,,130585,Consumer Discretionary,Hotels/Resorts
TNMG,TNL Mediagene Ordinary Shares,$8.36,0.77,10.145%,0.00,Taiwan,,45900,,
TNON,Tenon Medical Inc. Common Stock,$1.9208,0.1108,6.122%,6024760.00,United States,2022,133868,Health Care,Medical/Dental Instruments
TNONW,Tenon Medical Inc. Warrant,$0.0117,-0.002,-14.599%,36698.00,United States,,2934,Health Care,Medical/Dental Instruments
TNXP,Tonix Pharmaceuticals Holding Corp. Common Stock,$0.3269,-0.0107,-3.169%,61095722.00,United States,,43736840,Health Care,Biotechnology: Pharmaceutical Preparations
TNYA,Tenaya Therapeutics Inc. Common Stock,$1.465,-0.035,-2.333%,116058056.00,United States,2021,2801232,Health Care,Biotechnology: Biological Products (No Diagnostic Substances)
TOI,The Oncology Institute Inc. Common Stock,$0.32,0.0035,1.106%,24178904.00,United States,2020,737433,Health Care,Medical/Nursing Services
TOIIW,The Oncology Institute Inc. Warrant,$0.009,-0.0019,-17.431%,680032.00,United States,2020,91279,Health Care,Medical/Nursing Services
TOL,Toll Brothers Inc. Common Stock,$126.625,0.175,0.138%,12667185125.00,United States,,344062,Consumer Discretionary,Homebuilding
TOMZ,TOMI Environmental Solutions Inc. Common Stock,$1.03,-0.02,-1.905%,20615661.00,United States,,76299,Industrials,Major Chemicals
TOON,Kartoon Studios Inc. Common Stock,$0.6373,-0.0229,-3.469%,25217252.00,United States,,287238,Consumer Discretionary,Movies/Entertainment
TOP,TOP Financial Group Limited Class A Ordinary Shares,$1.43,0.06,4.38%,52948812.00,Hong Kong,2022,128051,Finance,Investment Bankers/Brokers/Service
TOPS,TOP Ships Inc. Common Stock,$5.92,-0.20,-3.268%,27387086.00,Greece,,6889,Consumer Discretionary,Marine Transportation
TORO,Toro Corp. Common Stock,$2.8549,0.0149,0.525%,54181460.00,Cyprus,,9814,Consumer Discretionary,Marine Transportation
TOST,Toast Inc. Class A Common Stock,$37.10,-0.40,-1.067%,21072800000.00,United States,2021,1168183,Technology,EDP Services
TOUR,Tuniu Corporation American Depositary Shares,$0.97,-0.0145,-1.473%,120130810.00,China,2014,239418,Consumer Discretionary,Transportation Services
TOVX,Theriva Biologics Inc. Common Stock,$1.44,-0.03,-2.041%,4006727.00,United States,,95357,Health Care,Biotechnology: Pharmaceutical Preparations
TOWN,TowneBank Common Stock,$34.52,0.10,0.291%,2575790232.00,United States,,49164,Finance,Major Banks
TOYO,TOYO Co. Ltd Ordinary Shares,$3.50,-0.26,-6.915%,161335101.00,Japan,,46496,Consumer Discretionary,Miscellaneous manufacturing industries
TPB,Turning Point Brands Inc. Common Stock,$59.51,-0.33,-0.551%,1053148887.00,United States,2016,45186,Consumer Discretionary,Tobacco
TPC,Tutor Perini Corporation Common Stock,$24.20,0.40,1.681%,1268922233.00,United States,1970,185997,Consumer Discretionary,General Bldg Contractors - Nonresidential Bldgs
TPCS,TechPrecision Corporation Common stock,$3.77,-0.12,-3.085%,36258069.00,United States,,14112,Industrials,Metal Fabrications
TPET,Trio Petroleum Corp. Common Stock,$1.0699,0.0599,5.931%,2705683.00,,2023,555273,Energy,Oil & Gas Production
TPG,TPG Inc. Class A Common Stock,$63.71,-0.28,-0.438%,23252102169.00,United States,2022,143942,Finance,Investment Managers
TPGXL,TPG Operating Group II L.P. 6.950% Fixed-Rate Junior Subordinated Notes due 2064,$25.57,0.06,0.235%,9328595067.00,United States,,7001,,
TPH,Tri Pointe Homes Inc. Common Stock,$36.575,0.375,1.036%,3423056445.00,United States,2013,260232,Consumer Discretionary,Homebuilding
TPIC,TPI Composites Inc. Common Stock,$1.77,-0.18,-9.231%,84185951.00,United States,2016,949389,Industrials,Industrial Machinery/Components
TPL,Texas Pacific Land Corporation Common Stock,$1136.425,-8.695,-0.759%,26109266642.00,United States,,102556,Energy,Oil & Gas Production
TPR,Tapestry Inc. Common Stock,$66.14,0.27,0.41%,15412984505.00,United States,,1113025,Consumer Discretionary,Apparel
TPST,Tempest Therapeutics Inc. Common Stock,$0.8342,-0.0068,-0.809%,36406216.00,United States,,789355,Health Care,Biotechnology: Pharmaceutical Preparations
TPTA,Terra Property Trust Inc. 6.00% Notes due 2026,$15.46,0.00,0.00%,376258508.00,,2021,130,Real Estate,Real Estate Investment Trusts
TPVG,TriplePoint Venture Growth BDC Corp. Common Stock,$7.265,-0.045,-0.616%,290956000.00,United States,2014,228399,Consumer Discretionary,Other Consumer Services
TPX,Tempur Sealy International Inc. Common Stock,$56.21,1.18,2.144%,9761027823.00,United States,2003,603483,Consumer Discretionary,Home Furnishings
TR,Tootsie Roll Industries Inc. Common Stock,$32.17,-0.25,-0.771%,2298389736.00,United States,,27602,Consumer Staples,Specialty Foods
TRAK,ReposiTrak Inc. Common Stock,$21.855,-0.155,-0.704%,399093762.00,United States,,18997,Technology,EDP Services
TRAW,Traws Pharma Inc. Common Stock,$8.12,-5.30,-39.493%,24567498.00,United States,2013,960278,Health Care,Biotechnology: Pharmaceutical Preparations
TRC,Tejon Ranch Co Common Stock,$15.855,0.175,1.116%,425274987.00,United States,2000,19539,Finance,Real Estate
TRDA,Entrada Therapeutics Inc. Common Stock,$17.595,0.185,1.063%,658404460.00,United States,2021,52663,Health Care,Biotechnology: Pharmaceutical Preparations
TREE,LendingTree Inc. Common Stock,$39.03,-0.22,-0.561%,521520187.00,United States,,78088,Finance,Finance: Consumer Services
TREX,Trex Company Inc. Common Stock,$69.995,-0.305,-0.434%,7499529091.00,United States,,260286,Basic Materials,Forest Products
TRGP,Targa Resources Inc. Common Stock,$178.45,1.09,0.615%,38913414265.00,United States,2010,299371,Utilities,Natural Gas Distribution
TRI,Thomson Reuters Corp Common Shares,$161.51,-0.49,-0.302%,72666018760.00,United States,,79219,Consumer Discretionary,Publishing
TRIB,Trinity Biotech plc American Depositary Shares,$0.85,0.0481,5.998%,8045687.00,Ireland,1992,136835,Health Care,Biotechnology: In Vitro & In Vivo Diagnostic Substances
TRIN,Trinity Capital Inc. Common Stock,$14.8099,0.0199,0.135%,872389200.00,United States,2021,414446,Finance,Finance: Consumer Services
TRINI,Trinity Capital Inc. 7.875% Notes Due 2029,$25.31,0.10,0.397%,1490906127.00,United States,,4402,Finance,Finance: Consumer Services
TRINL,Trinity Capital Inc. 7.00% Notes Due 2025,$25.08,0.02,0.08%,1477357790.00,United States,,2281,Finance,Finance: Consumer Services
TRINZ,Trinity Capital Inc. 7.875% Notes due 2029,$25.20,0.10,0.398%,1484426488.00,United States,,4146,Finance,Finance: Consumer Services
TRIP,TripAdvisor Inc. Common Stock,$14.865,0.315,2.165%,2071227648.00,United States,,1107364,Technology,Computer Software: Programming Data Processing
TRMB,Trimble Inc. Common Stock,$71.005,-0.195,-0.274%,17445018287.00,United States,1990,265903,Industrials,Industrial Machinery/Components
TRMD,TORM plc Class A Common Stock,$18.99,-0.35,-1.81%,1584715500.00,United Kingdom,,1210660,Consumer Discretionary,Marine Transportation
TRMK,Trustmark Corporation Common Stock,$35.82,-0.07,-0.195%,2190680491.00,United States,,52536,Finance,Major Banks
TRML,Tourmaline Bio Inc. Common Stock,$20.09,-0.59,-2.853%,515160035.00,United States,2021,46849,Health Care,Biotechnology: Biological Products (No Diagnostic Substances)
TRN,Trinity Industries Inc. Common Stock,$35.33,-0.15,-0.423%,2902820097.00,United States,,85019,Industrials,Railroads
TRNO,Terreno Realty Corporation Common Stock,$59.165,0.085,0.144%,5900862217.00,United States,2010,239875,Finance,Real Estate
TRNR,Interactive Strength Inc. Common Stock,$2.84,0.08,2.899%,1775190.00,United States,2023,56610,Technology,Consumer Electronics/Appliances
TRNS,Transcat Inc. Common Stock,$106.22,0.21,0.198%,977147203.00,United States,,8743,Industrials,Electrical Products
TROO,TROOPS Inc. Ordinary Shares ,$1.66,-0.09,-5.143%,168652677.00,China,,16414,Technology,Radio And Television Broadcasting And Communications Equipment
TROW,T. Rowe Price Group Inc. Common Stock,$114.32,-1.35,-1.167%,25397270610.00,United States,1986,401759,Finance,Investment Bankers/Brokers/Service
TROX,Tronox Holdings plc Ordinary Shares (UK),$10.04,-0.09,-0.888%,1585564621.00,United States,,367299,Industrials,Major Chemicals
TRP,TC Energy Corporation Common Stock,$46.56,0.30,0.649%,48282720000.00,Canada,,266015,Utilities,Natural Gas Distribution
TRS,TriMas Corporation Common Stock,$24.51,-0.05,-0.204%,994411436.00,United States,2007,41375,Industrials,Industrial Specialties
TRSG,Tungray Technologies Inc Class A Ordinary Shares,$2.16,-0.069,-3.096%,32400000.00,Singapore,2024,8499,Industrials,Industrial Machinery/Components
TRST,TrustCo Bank Corp NY Common Stock,$33.435,0.015,0.045%,635613827.00,United States,,15100,Finance,Major Banks
TRT,Trio-Tech International Common Stock,$5.80,-0.11,-1.861%,24651769.00,United States,1998,9687,Technology,Industrial Machinery/Components
TRTN^A,Triton International Limited 8.50% Series A Cumulative Redeemable Perpetual  Preference Shares,$25.53,-0.07,-0.273%,,United States,,2071,,
TRTN^B,Triton International Limited 8.00% Series B Cumulative Redeemable Perpetual Preference Shares,$25.195,0.045,0.179%,,United States,,2131,,
TRTN^C,Triton International Limited 7.375% Series C Cumulative Redeemable Perpetual Preference Shares,$24.315,0.015,0.062%,,United States,,9043,,
TRTN^D,Triton International Limited 6.875% Series D Cumulative Redeemable Perpetual Preference Shares,$22.75,-0.25,-1.087%,,United States,,12419,,
TRTN^E,Triton International Limited 5.75% Series E Cumulative Redeemable Perpetual Preference Shares,$19.2799,-0.0701,-0.362%,,United States,,8131,,
TRTX,TPG RE Finance Trust Inc. Common Stock,$8.335,-0.065,-0.774%,674532655.00,United States,2017,272745,Real Estate,Real Estate Investment Trusts
TRTX^C,TPG RE Finance Trust Inc. 6.25% Series C Cumulative Redeemable Preferred Stock $0.001 par value per share,$18.09,-0.16,-0.877%,,United States,,4062,,
TRU,TransUnion Common Stock,$93.64,-0.05,-0.053%,18250436000.00,United States,2015,290341,Finance,Finance: Consumer Services
TRUE,TrueCar Inc. Common Stock,$3.79,0.02,0.531%,329571150.00,United States,2014,60300,Technology,Computer Software: Programming Data Processing
TRUG,TruGolf Holdings Inc. Class A Common Stock,$0.7001,-0.0759,-9.781%,8322778.00,United States,2021,3462356,Consumer Discretionary,Recreational Games/Products/Toys
TRUP,Trupanion Inc. Common Stock,$49.205,-0.525,-1.056%,2083512606.00,United States,,173283,Health Care,Medical Specialities
TRV,The Travelers Companies Inc. Common Stock,$240.72,-0.69,-0.286%,54648004773.00,United States,,223924,Finance,Property-Casualty Insurers
TRVG,trivago N.V. American Depositary Shares,$2.3014,0.0014,0.061%,160359787.00,Germany,2016,44651,Technology,EDP Services
TRVI,Trevi Therapeutics Inc. Common Stock,$4.08,-0.19,-4.45%,313612101.00,United States,2019,291716,Health Care,Biotechnology: Pharmaceutical Preparations
TRX,TRX Gold Corporation Common Stock,$0.2961,-0.0065,-2.148%,82964477.00,Canada,,434045,Basic Materials,Precious Metals
TS,Tenaris S.A. American Depositary Shares,$37.785,0.085,0.225%,22064338020.00,Luxembourg,,434367,Industrials,Steel/Iron Ore
TSAT,Telesat Corporation Class A Common Shares and Class B Variable Voting Shares ,$15.90,-0.47,-2.871%,223334326.00,Canada,,25504,Industrials,Metal Fabrications
TSBK,Timberland Bancorp Inc. Common Stock,$30.52,0.00,0.00%,243180796.00,United States,,2368,Finance,Banks
TSBX,Turnstone Biologics Corp. Common Stock,$0.49,-0.0157,-3.105%,11332942.00,United States,2023,38360,Health Care,Biotechnology: Biological Products (No Diagnostic Substances)
TSCO,Tractor Supply Company Common Stock,$53.08,-1.48,-2.713%,28628399160.00,United States,1994,1487248,Consumer Discretionary,RETAIL: Building Materials
TSE,Trinseo PLC Ordinary Shares ,$5.14,-0.03,-0.58%,181964625.00,United States,2014,124597,Industrials,Major Chemicals
TSEM,Tower Semiconductor Ltd. Ordinary Shares,$52.125,0.055,0.106%,5736356250.00,Israel,1994,241533,Technology,Semiconductors
TSHA,Taysha Gene Therapies Inc. Common Stock,$1.69,-0.06,-3.429%,346354187.00,United States,2020,759728,Health Care,Biotechnology: Biological Products (No Diagnostic Substances)
TSI,TCW Strategic Income Fund Inc. Common Stock,$4.97,0.00,0.00%,0.00,United States,,30821,Finance,Investment Managers
TSLA,Tesla Inc. Common Stock,$422.77,-8.89,-2.059%,1357116922035.00,United States,2010,44290911,Consumer Discretionary,Auto Manufacturing
TSLX,Sixth Street Specialty Lending Inc. Common Stock,$21.35,0.21,0.993%,1992331208.00,,2014,184497,Finance,Investment Managers
TSM,Taiwan Semiconductor Manufacturing Company Ltd.,$201.5199,-0.1101,-0.055%,1045165670540.00,Taiwan,1997,8589094,Technology,Semiconductors
TSN,Tyson Foods Inc. Common Stock,$57.10,-0.87,-1.501%,20319861294.00,United States,,494474,Consumer Staples,Meat/Poultry/Fish
TSQ,Townsquare Media Inc. Class A Common Stock,$9.31,-0.08,-0.852%,144744553.00,United States,2014,58528,Consumer Discretionary,Broadcasting
TSSI,TSS Inc. Common Stock,$11.51,-0.46,-3.843%,258660501.00,United States,,512304,Consumer Discretionary,Professional Services
TSVT,2seventy bio Inc. Common Stock ,$2.98,-0.07,-2.295%,153733492.00,United States,,100323,Health Care,Biotechnology: Pharmaceutical Preparations
TT,Trane Technologies plc,$373.085,-0.445,-0.119%,83953027927.00,Ireland,,229358,Industrials,Auto Parts:O.E.M.
TTAN,ServiceTitan Inc. Class A Common Stock,$104.46,-3.93,-3.626%,9449277465.00,United States,2024,271317,Technology,Computer Software: Prepackaged Software
TTC,Toro Company (The) Common Stock,$80.1276,-0.9024,-1.114%,8107648546.00,United States,,217209,Consumer Discretionary,Tools/Hardware
TTD,The Trade Desk Inc. Class A Common Stock,$120.4101,-0.9799,-0.807%,59431284222.00,United States,2016,1131569,Technology,Computer Software: Programming Data Processing
TTE,TotalEnergies SE,$54.62,0.10,0.183%,125711802066.00,France,,823819,Energy,Oil & Gas Production
TTEC,TTEC Holdings Inc. Common Stock,$4.79,-0.11,-2.245%,228621407.00,United States,1996,196322,Consumer Discretionary,Professional Services
TTEK,Tetra Tech Inc. Common Stock,$39.76,-0.07,-0.176%,10645387130.00,United States,1991,352390,Consumer Discretionary,Military/Government/Technical
TTGT,TechTarget Inc. Common Stock,$19.58,0.10,0.513%,572422142.00,United States,,91655,Telecommunications,Telecommunications Equipment
TTI,Tetra Technologies Inc. Common Stock,$3.58,0.13,3.768%,471880505.00,United States,,338422,Energy,Oil & Gas Production
TTMI,TTM Technologies Inc. Common Stock,$24.95,-0.09,-0.359%,2544138027.00,United States,2000,76189,Technology,Electrical Products
TTNP,Titan Pharmaceuticals Inc. Common Stock,$3.27,-0.25,-7.102%,2989545.00,United States,,10102,Health Care,Biotechnology: Biological Products (No Diagnostic Substances)
TTOO,T2 Biosystems Inc. Common Stock,$0.4377,0.0127,2.988%,9210500.00,United States,2014,1172955,Health Care,Medical/Dental Instruments
TTSH,Tile Shop Holdings Inc. Common Stock,$6.87,0.00,0.00%,306804651.00,United States,,54053,Consumer Discretionary,Home Furnishings
TTWO,Take-Two Interactive Software Inc. Common Stock,$185.14,-1.29,-0.692%,32515655170.00,United States,1997,467998,Technology,Computer Software: Prepackaged Software
TU,Telus Corporation Ordinary Shares,$13.50,0.01,0.074%,20250000000.00,Canada,,1581942,Telecommunications,Telecommunications Equipment
TURB,Turbo Energy S.A. American Depositary Shares,$2.1024,0.0524,2.556%,23162435.00,Spain,2023,40812,Miscellaneous,Industrial Machinery/Components
TURN,180 Degree Capital Corp. Common Stock,$3.60,0.0496,1.397%,36000508.00,United States,,68241,Finance,Finance/Investors Services
TUSK,Mammoth Energy Services Inc. Common Stock,$2.85,0.145,5.36%,137163002.00,United States,2016,88889,Energy,Oilfield Services/Equipment
TUYA,Tuya Inc. American Depositary Shares each representing one Class A Ordinary Share,$1.77,-0.01,-0.562%,1017028900.00,China,2021,495231,Technology,Computer Software: Prepackaged Software
TV,Grupo Televisa S.A.B. Common Stock,$1.73,-0.04,-2.26%,929580900.00,Mexico,1993,794751,Industrials,Broadcasting
TVC,Tennessee Valley Authority Common Stock,$22.74,0.14,0.619%,248691235.00,United States,,14608,Utilities,Electric Utilities: Central
TVE,Tennessee Valley Authority,$22.30,0.05,0.225%,17749150692.00,United States,,7703,Utilities,Electric Utilities: Central
TVGN,Tevogen Bio Holdings Inc. Common Stock,$1.025,-0.005,-0.485%,179427528.00,United States,2022,779547,Health Care,Biotechnology: Biological Products (No Diagnostic Substances)
TVGNW,Tevogen Bio Holdings Inc. Warrant,$0.0666,0.0076,12.881%,11658413.00,United States,2022,76718,Health Care,Biotechnology: Biological Products (No Diagnostic Substances)
TVTX,Travere Therapeutics Inc. Common Stock,$17.465,0.185,1.071%,1363141993.00,United States,,233925,Health Care,Biotechnology: Pharmaceutical Preparations
TW,Tradeweb Markets Inc. Class A Common Stock,$133.50,-1.43,-1.06%,31537469154.00,United States,2019,150221,Finance,Investment Bankers/Brokers/Service
TWFG,TWFG Inc. Class A Common Stock,$28.92,0.00,0.00%,1619038048.00,United States,2024,147370,Finance,Specialty Insurers
TWG,Top Wealth Group Holding Limited Ordinary Shares,$0.2651,0.0273,11.48%,7687900.00,Hong Kong,2024,2652034,Consumer Staples,Packaged Foods
TWI,Titan International Inc. (DE) Common Stock,$6.865,-0.055,-0.795%,433452221.00,United States,,149011,Industrials,Steel/Iron Ore
TWIN,Twin Disc Incorporated Common Stock,$11.68,0.37,3.271%,164737710.00,United States,,18529,Industrials,Industrial Machinery/Components
TWLO,Twilio Inc. Class A Common Stock,$109.00,-0.29,-0.265%,16718822973.00,United States,2016,524708,Technology,Computer Software: Prepackaged Software
TWN,Taiwan Fund Inc. (The) Common Stock,$38.07,-0.42,-1.091%,0.00,United States,1986,20460,Finance,Trusts Except Educational Religious and Charitable
TWO,Two Harbors Investment Corp,$11.6515,-0.0885,-0.754%,1207679443.00,United States,,474365,Real Estate,Real Estate Investment Trusts
TWO^A,Two Harbors Investments Corp 8.125% Series A Fixed-to-Floating Rate Cumulative Redeemable Preferred Stock ($25.00 liquidation preference per share),$23.865,-0.305,-1.262%,,United States,,4507,,
TWO^B,Two Harbors Investments Corp 7.625% Series B Fixed-to-Floating Rate Cumulative Redeemable Preferred Stock,$23.3618,-0.0382,-0.163%,,United States,,12375,,
TWO^C,Two Harbors Investments Corp 7.25% Series C Fixed-to-Floating Rate Cumulative Redeemable Preferred Stock,$24.80,-0.04,-0.161%,,United States,,40894,,
TWST,Twist Bioscience Corporation Common Stock,$47.41,-0.755,-1.568%,2814088820.00,United States,2018,237245,Health Care,Biotechnology: Biological Products (No Diagnostic Substances)
TX,Ternium S.A. Ternium S.A. American Depositary Shares (each representing ten shares USD1.00 par value),$28.68,-0.30,-1.035%,5749604186.00,Luxembourg,,128379,Industrials,Steel/Iron Ore
TXG,10x Genomics Inc. Class A Common Stock,$14.42,-0.17,-1.165%,1745605140.00,United States,2019,502538,Industrials,Biotechnology: Laboratory Analytical Instruments
TXMD,TherapeuticsMD Inc. Common Stock,$1.0439,-0.0461,-4.229%,45634316.00,United States,,36758,Health Care,Biotechnology: Pharmaceutical Preparations
TXN,Texas Instruments Incorporated Common Stock,$188.755,-2.425,-1.268%,172185446976.00,United States,,1249693,Technology,Semiconductors
TXNM,TXNM Energy Inc. Common Stock,$48.565,0.105,0.217%,4380581649.00,United States,,161438,Utilities,Electric Utilities: Central
TXO,TXO Partners L.P. Common Units Representing Limited Partner Interests,$16.97,0.16,0.952%,694299244.00,,2023,152929,Energy,Oil & Gas Production
TXRH,Texas Roadhouse Inc. Common Stock,$181.86,0.00,0.00%,12132620588.00,United States,2004,259176,Consumer Discretionary,Restaurants
TXT,Textron Inc. Common Stock,$76.81,-0.40,-0.518%,14249144844.00,United States,,217952,Industrials,Aerospace
TY,Tri Continental Corporation Common Stock,$31.645,-0.075,-0.236%,1719935338.00,United States,,33723,Finance,Finance Companies
TY^,Tri Continental Corporation Preferred Stock,$45.00,0.00,0.00%,,United States,,52,,
TYG,Tortoise Energy Infrastructure Corporation Common Stock,$41.5723,-0.0677,-0.163%,495870362.00,United States,2004,49039,Finance,Investment Managers
TYGO,Tigo Energy Inc. Common Stock,$0.969,-0.066,-6.377%,58860124.00,United States,2021,33989,Technology,Semiconductors
TYL,Tyler Technologies Inc. Common Stock,$581.35,-5.75,-0.979%,24880957390.00,United States,,52259,Technology,Computer Software: Prepackaged Software
TYRA,Tyra Biosciences Inc. Common Stock,$13.72,-0.35,-2.488%,694273037.00,United States,2021,49763,Health Care,Biotechnology: Pharmaceutical Preparations
TZOO,Travelzoo Common Stock,$19.95,0.23,1.166%,235497980.00,United States,,105139,Consumer Discretionary,Advertising
TZUP,Thumzup Media Corporation Common Stock,$3.13,-0.26,-7.67%,29389767.00,United States,,47722,Technology,EDP Services
U,Unity Software Inc. Common Stock,$22.66,-0.18,-0.788%,9128356598.00,United States,2020,3372452,Technology,Computer Software: Prepackaged Software
UA,Under Armour Inc. Class C Common Stock,$7.44,-0.12,-1.587%,3216965195.00,United States,2016,1498272,Consumer Discretionary,Apparel
UAA,Under Armour Inc. Class A Common Stock,$8.275,-0.105,-1.253%,3578009004.00,United States,,2335491,Consumer Discretionary,Apparel
UAL,United Airlines Holdings Inc. Common Stock,$98.73,-0.92,-0.923%,32469917607.00,United States,,2338261,Consumer Discretionary,Air Freight/Delivery Services
UAMY,United States Antimony Corporation Common Stock,$1.8429,-0.0771,-4.016%,199842204.00,United States,,2231916,Industrials,Metal Fabrications
UAN,CVR Partners LP Common Units representing Limited Partner Interests,$75.805,0.555,0.738%,801231333.00,United States,2011,27924,Industrials,Agricultural Chemicals
UAVS,AgEagle Aerial Systems Inc. Common Stock,$3.922,0.422,12.057%,18505204.00,United States,,3403344,Industrials,Aerospace
UBCP,United Bancorp Inc. Common Stock,$12.75,-0.26,-1.998%,73808386.00,United States,,4779,Finance,Major Banks
UBER,Uber Technologies Inc. Common Stock,$60.95,-0.18,-0.294%,128342983359.00,United States,2019,8796298,Consumer Discretionary,Business Services
UBFO,United Security Bancshares Common Stock,$10.15,0.05,0.495%,175825994.00,United States,,6243,Finance,Major Banks
UBS,UBS Group AG Registered Ordinary Shares,$30.655,-0.035,-0.114%,106066300000.00,Switzerland,2014,809849,Finance,Major Banks
UBSI,United Bankshares Inc. Common Stock,$37.8799,0.0099,0.026%,5122133639.00,United States,,96363,Finance,Major Banks
UBX,Unity Biotechnology Inc. Common Stock,$0.985,-0.014,-1.401%,16597595.00,United States,2018,71801,Health Care,Biotechnology: Pharmaceutical Preparations
UBXG,U-BX Technology Ltd. Ordinary Shares,$3.45,-0.36,-9.449%,6404063.00,China,2024,67569,Technology,Computer Software: Programming Data Processing
UCAR,U Power Limited Class A Ordinary Shares,$6.6159,-0.0141,-0.213%,22361742.00,China,2023,38669,Consumer Discretionary,Auto Parts:O.E.M.
UCB,United Community Banks Inc. Common Stock,$32.34,-0.01,-0.031%,3857735306.00,United States,2024,154003,Finance,Major Banks
UCB^I,United Community Banks Inc. Depositary Shares each representing 1/1000th interest in a share of Series I Non-Cumulative Preferred Stock,$24.85,0.1001,0.404%,,United States,,10419,,
UCL,uCloudlink Group Inc. American Depositary Shares,$2.19,-0.21,-8.75%,82012368.00,Hong Kong,2020,535202,Consumer Discretionary,Telecommunications Equipment
UCTT,Ultra Clean Holdings Inc. Common Stock,$35.86,-0.67,-1.834%,1615854003.00,United States,2004,92640,Technology,Semiconductors
UDMY,Udemy Inc. Common Stock,$8.045,-0.015,-0.186%,1173776900.00,United States,2021,190026,Real Estate,Other Consumer Services
UDR,UDR Inc. Common Stock,$42.94,-0.47,-1.083%,14168490773.00,United States,,319114,Real Estate,Real Estate Investment Trusts
UE,Urban Edge Properties Common Shares of Beneficial Interest,$21.30,-0.07,-0.328%,2659759691.00,United States,2015,117885,Finance,Real Estate
UEC,Uranium Energy Corp. Common Stock,$6.96,-0.05,-0.713%,2944693280.00,Canada,,3580951,Basic Materials,Other Metals and Minerals
UEIC,Universal Electronics Inc. Common Stock,$10.835,0.055,0.51%,141156896.00,United States,1993,9295,Consumer Staples,Consumer Electronics/Appliances
UFCS,United Fire Group Inc. Common Stock,$28.46,-0.02,-0.07%,721236564.00,United States,,21639,Finance,Property-Casualty Insurers
UFI,Unifi Inc. New Common Stock,$5.695,-0.015,-0.263%,104031721.00,United States,,27565,Consumer Discretionary,Textiles
UFPI,UFP Industries Inc. Common Stock,$112.7499,0.5399,0.481%,6846699794.00,United States,1993,87120,Basic Materials,Forest Products
UFPT,UFP Technologies Inc. Common Stock,$238.97,-8.03,-3.251%,1833942526.00,United States,1993,40077,Health Care,Medical/Dental Instruments
UG,United-Guardian Inc. Common Stock,$9.60,-0.17,-1.74%,44105462.00,United States,,14121,Consumer Discretionary,Package Goods/Cosmetics
UGI,UGI Corporation Common Stock,$28.035,0.045,0.161%,6019063168.00,United States,,650374,Utilities,Natural Gas Distribution
UGP,Ultrapar Participacoes S.A. (New) American Depositary Shares (Each representing one Common Share),$2.575,-0.015,-0.579%,2805466793.00,Brazil,,1146844,Utilities,Oil/Gas Transmission
UGRO,urban-gro Inc. Common Stock,$0.9701,-0.0899,-8.481%,11950430.00,United States,,190863,Consumer Discretionary,Industrial Specialties
UHAL,U-Haul Holding Company Common Stock,$69.565,0.025,0.036%,13640157722.00,United States,2022,26746,Consumer Discretionary,Rental/Leasing Companies
UHG,United Homes Group Inc Class A Common Stock,$4.31,-0.02,-0.462%,208642988.00,United States,2021,10587,Consumer Discretionary,Homebuilding
UHGWW,United Homes Group Inc. Warrant,$1.05,0.13,14.13%,50829498.00,United States,2021,3832,Consumer Discretionary,Homebuilding
UHS,Universal Health Services Inc. Common Stock,$178.5399,-1.9201,-1.064%,11777500197.00,United States,,90764,Health Care,Hospital/Nursing Management
UHT,Universal Health Realty Income Trust Common Stock,$36.2217,-0.3483,-0.952%,501654897.00,United States,,38097,Real Estate,Real Estate Investment Trusts
UI,Ubiquiti Inc. Common Stock,$338.58,-2.23,-0.654%,20474093426.00,United States,,20525,Technology,Radio And Television Broadcasting And Communications Equipment
UIS,Unisys Corporation New Common Stock,$6.44,0.02,0.312%,446695833.00,United States,,127208,Technology,EDP Services
UK,Ucommune International Ltd Ordinary Shares,$1.16,-0.01,-0.855%,727281.00,United States,2019,95321,Consumer Discretionary,Business Services
UKOMW,Ucommune International Ltd Warrant expiring 11/17/2025,$0.0098,0.00,0.00%,6144.00,United States,2019,2911,Consumer Discretionary,Business Services
UL,Unilever PLC Common Stock,$56.855,-0.605,-1.053%,140748695581.00,United Kingdom,,1202777,Consumer Discretionary,Package Goods/Cosmetics
ULBI,Ultralife Corporation Common Stock,$7.25,-0.04,-0.549%,120545243.00,United States,1992,45819,Miscellaneous,Industrial Machinery/Components
ULCC,Frontier Group Holdings Inc. Common Stock,$7.11,-0.06,-0.837%,1602397131.00,United States,2021,802913,Consumer Discretionary,Air Freight/Delivery Services
ULH,Universal Logistics Holdings Inc. Common Stock,$46.205,0.135,0.293%,1216013810.00,United States,2005,11426,Industrials,Trucking Freight/Courier Services
ULS,UL Solutions Inc. Class A Common Stock,$50.31,-0.10,-0.198%,10067924908.00,United States,2024,189796,Health Care,Precision Instruments
ULTA,Ulta Beauty Inc. Common Stock,$437.805,-4.345,-0.983%,20302128999.00,United States,2007,391319,Consumer Discretionary,Other Specialty Stores
ULY,Urgent.ly Inc. Common Stock,$0.51,0.03,6.25%,6884835.00,United States,,4055506,Technology,EDP Services
UMAC,Unusual Machines Inc. Common Stock,$18.91,1.94,11.432%,156962077.00,,2024,3349727,Technology,Radio And Television Broadcasting And Communications Equipment
UMBF,UMB Financial Corporation Common Stock,$113.665,-0.025,-0.022%,5546675024.00,United States,,129056,Finance,Major Banks
UMC,United Microelectronics Corporation (NEW) Common Stock,$6.545,-0.095,-1.431%,16401537207.00,Taiwan,,3572841,Technology,Semiconductors
UMH,UMH Properties Inc. Common Stock,$18.65,-0.09,-0.48%,1471481065.00,United States,1994,66999,Real Estate,Real Estate Investment Trusts
UMH^D,UMH Properties Inc. 6.375% Series D Cumulative Redeemable Preferred Stock Liquidation Preference $25 per share,$22.68,0.005,0.022%,,United States,,38210,,
UNB,Union Bankshares Inc. Common Stock,$28.125,-0.475,-1.661%,127253053.00,United States,,1805,Finance,Major Banks
UNCY,Unicycive Therapeutics Inc. Common Stock,$0.8113,0.0117,1.463%,84210024.00,United States,2021,961699,Health Care,Biotechnology: Pharmaceutical Preparations
UNF,Unifirst Corporation Common Stock,$172.00,-0.79,-0.457%,3194168828.00,United States,,23943,Consumer Discretionary,Other Consumer Services
UNFI,United Natural Foods Inc. Common Stock,$27.22,0.31,1.152%,1630997848.00,United States,2019,184731,Consumer Discretionary,Food Distributors
UNH,UnitedHealth Group Incorporated Common Stock (DE),$507.50,-2.49,-0.488%,467044299505.00,United States,,2136597,Health Care,Medical Specialities
UNIT,Uniti Group Inc. Common Stock,$5.38,0.03,0.561%,1313336247.00,United States,,636072,Real Estate,Real Estate Investment Trusts
UNM,Unum Group Common Stock,$73.33,0.14,0.191%,13390930480.00,United States,,208508,Finance,Accident &Health Insurance
UNMA,Unum Group 6.250% Junior Subordinated Notes due 2058,$24.13,0.05,0.208%,4406425099.00,United States,2018,12607,Finance,Accident &Health Insurance
UNP,Union Pacific Corporation Common Stock,$228.895,-1.035,-0.45%,138769110637.00,United States,,596200,Industrials,Railroads
UNTY,Unity Bancorp Inc. Common Stock,$43.74,0.40,0.923%,436787859.00,United States,,12756,Finance,Major Banks
UOKA,MDJM LTD Ordinary Share,$0.1947,0.0085,4.565%,2273165.00,China,2019,704096,Finance,Real Estate
UONE,Urban One Inc. Class A Common Stock,$1.52,0.03,2.013%,72816083.00,United States,,10443,Consumer Discretionary,Broadcasting
UONEK,Urban One Inc. Class D Common Stock,$0.972,-0.018,-1.818%,46563969.00,United States,,8870,Consumer Discretionary,Broadcasting
UP,Wheels Up Experience Inc. Class A Common Stock,$1.665,-0.055,-3.198%,1161856421.00,Singapore,2020,1013801,Consumer Discretionary,Transportation Services
UPB,Upstream Bio Inc. Common Stock,$17.00,-2.19,-11.412%,911142217.00,United States,2024,154596,Health Care,Biotechnology: Pharmaceutical Preparations
UPBD,Upbound Group Inc. Common Stock,$29.185,-0.015,-0.051%,1596407884.00,United States,,182781,Consumer Discretionary,Diversified Commercial Services
UPC,Universe Pharmaceuticals Inc. Ordinary Shares,$0.62,-0.002,-0.322%,977367.00,China,2021,635217,Health Care,Biotechnology: Pharmaceutical Preparations
UPLD,Upland Software Inc. Common Stock,$4.47,-0.09,-1.974%,122661127.00,United States,2014,181222,Technology,Computer Software: Prepackaged Software
UPS,United Parcel Service Inc. Common Stock,$125.70,-0.41,-0.325%,107268553441.00,United States,1999,1275302,Industrials,Trucking Freight/Courier Services
UPST,Upstart Holdings Inc. Common stock,$64.84,-3.14,-4.619%,5915225206.00,United States,2020,3094081,Finance,Finance: Consumer Services
UPWK,Upwork Inc. Common Stock,$16.60,-0.34,-2.007%,2218874242.00,United States,2018,517119,Technology,EDP Services
UPXI,Upexi Inc. Common Stock,$3.68,-0.18,-4.663%,3830600.00,United States,2021,9638,Health Care, Medicinal Chemicals and Botanical Products 
URBN,Urban Outfitters Inc. Common Stock,$55.61,-0.20,-0.358%,5131530310.00,United States,1993,764883,Consumer Discretionary,Clothing/Shoe/Accessory Stores
URG,Ur Energy Inc Common Shares (Canada),$1.12,-0.02,-1.754%,407793163.00,Canada,,776483,Basic Materials,Precious Metals
URGN,UroGen Pharma Ltd. Ordinary Shares,$10.505,-0.255,-2.37%,443304844.00,Israel,2017,207856,Health Care,Biotechnology: Pharmaceutical Preparations
URI,United Rentals Inc. Common Stock,$708.8113,-7.7287,-1.079%,46513883768.00,United States,1997,224338,Consumer Discretionary,Diversified Commercial Services
UROY,Uranium Royalty Corp. Common Stock,$2.2199,0.0499,2.30%,269489469.00,Canada,,1072942,Finance,Investment Bankers/Brokers/Service
USA,Liberty All-Star Equity Fund Common Stock,$6.9712,-0.0288,-0.411%,0.00,United States,1986,316148,Finance,Finance Companies
USAC,USA Compression Partners LP Common Units Representing Limited Partner Interests,$23.20,0.53,2.338%,2714929726.00,United States,2013,164313,Utilities,Natural Gas Distribution
USAP,Universal Stainless & Alloy Products Inc. Common Stock,$43.98,0.03,0.068%,409456835.00,United States,1994,111963,Industrials,Steel/Iron Ore
USAS,Americas Gold and Silver Corporation Common Shares no par value,$0.359,-0.011,-2.973%,90116155.00,Canada,2017,378419,Basic Materials,Metal Mining
USAU,U.S. Gold Corp. Common Stock,$6.36,-0.35,-5.216%,78375018.00,United States,,62935,Basic Materials,Metal Mining
USB,U.S. Bancorp Common Stock,$48.415,-0.075,-0.155%,75528935482.00,United States,,1637913,Finance,Major Banks
USB^A,U.S. Bancorp Depositary Shares Each representing a 1/100th interest in a share of Series A Non-CumulativePerpetual Pfd Stock,$872.06,1.06,0.122%,,United States,,1305,,
USB^H,U.S. Bancorp Depositary Shares repstg 1/1000th Pfd Ser B,$22.19,0.41,1.882%,,United States,,63099,,
USB^P,U.S. Bancorp Depositary Shares each representing a 1/1000th interest in a share of Series K Non-Cumulative Perpetual Preferred Stock,$23.43,0.05,0.214%,,United States,,50610,,
USB^Q,U.S. Bancorp Depositary Shares Each Representing a 1/1000th Interest in a Share of Series L Non-Cumulative Perpetual Preferred Stock,$16.54,0.05,0.303%,,United States,,52958,,
USB^R,U.S. Bancorp Depositary Shares Each Representing a 1/1000th Interest in a Share of Series M Non-Cumulative Perpetual Preferred Stock,$17.515,0.065,0.372%,,United States,,58678,,
USB^S,U.S. Bancorp Depositary Shares each representing a 1/1000th interest in a share of Series O Non-Cumulative Perpetual Preferred Stock,$20.145,0.075,0.374%,,United States,,27283,,
USCB,USCB Financial Holdings Inc. Class A Common Stock,$17.92,0.21,1.186%,355544125.00,United States,2021,8532,Finance,Major Banks
USEA,United Maritime Corporation Common Stock,$1.6837,0.0537,3.294%,15174272.00,Greece,,96550,Consumer Discretionary,Marine Transportation
USEG,U.S. Energy Corp. Common Stock (DE),$1.60,-0.02,-1.235%,44744181.00,United States,,60152,Energy,Oil & Gas Production
USFD,US Foods Holding Corp. Common Stock,$67.9048,-0.2652,-0.389%,15817655089.00,United States,2016,360056,Consumer Discretionary,Food Distributors
USGO,U.S. GoldMining Inc. Common stock,$8.745,0.125,1.45%,108828097.00,United States,2023,6770,Basic Materials,Precious Metals
USGOW,U.S. GoldMining Inc. Warrant,$1.50,0.00,0.00%,18666912.00,United States,2023,53,Basic Materials,Precious Metals
USIO,Usio Inc. Common Stock,$1.48,0.03,2.069%,40152894.00,United States,,70547,Finance,Investment Bankers/Brokers/Service
USLM,United States Lime & Minerals Inc. Common Stock,$135.99,0.41,0.302%,3888534777.00,United States,,35064,Industrials,Mining & Quarrying of Nonmetallic Minerals (No Fuels)
USM,United States Cellular Corporation Common Stock,$63.005,-0.705,-1.107%,5418430000.00,United States,1988,25158,Telecommunications,Telecommunications Equipment
USNA,USANA Health Sciences Inc. Common Stock,$35.405,-0.285,-0.799%,674804147.00,United States,,35851,Health Care, Medicinal Chemicals and Botanical Products 
USPH,U.S. Physical Therapy Inc. Common Stock,$90.155,-0.725,-0.798%,1360888553.00,United States,1992,26984,Health Care,Medical/Nursing Services
UTF,Cohen & Steers Infrastructure Fund Inc Common Stock,$23.8837,0.1137,0.478%,0.00,United States,2004,214722,Finance,Finance Companies
UTG,Reaves Utility Income Fund Common Shares of Beneficial Interest,$31.818,-0.022,-0.069%,0.00,United States,2004,297670,Finance,Investment Managers
UTHR,United Therapeutics Corporation Common Stock,$357.17,-2.79,-0.775%,15945682851.00,United States,1999,104461,Health Care,Biotechnology: Pharmaceutical Preparations
UTI,Universal Technical Institute Inc Common Stock,$26.06,0.10,0.385%,1407943490.00,United States,2003,98271,Real Estate,Other Consumer Services
UTL,UNITIL Corporation Common Stock,$53.835,0.065,0.121%,871548058.00,United States,1985,13680,Utilities,Power Generation
UTMD,Utah Medical Products Inc. Common Stock,$61.025,-0.865,-1.398%,206973611.00,United States,,10030,Health Care,Medical/Dental Instruments
UTSI,UTStarcom Holdings Corp. Ordinary Shares,$2.65,-0.15,-5.357%,24151491.00,China,2000,15179,Telecommunications,Telecommunications Equipment
UTZ,Utz Brands Inc Class A Common Stock ,$15.55,-0.02,-0.128%,2190785728.00,United States,2018,342076,Consumer Staples,Packaged Foods
UUU,Universal Security Instruments Inc. Common Stock,$2.31,0.00,0.00%,5342769.00,United States,2003,18918,Technology,Electronic Components
UUUU,Energy Fuels Inc Ordinary Shares (Canada),$5.225,0.025,0.481%,860446500.00,Canada,,2342725,Industrials,Mining & Quarrying of Nonmetallic Minerals (No Fuels)
UVE,UNIVERSAL INSURANCE HOLDINGS INC Common Stock,$20.53,-0.09,-0.436%,580716281.00,United States,,57269,Finance,Property-Casualty Insurers
UVSP,Univest Financial Corporation Common Stock,$29.55,0.09,0.305%,858218552.00,United States,,46431,Finance,Major Banks
UVV,Universal Corporation Common Stock,$54.24,-0.10,-0.184%,1339334597.00,United States,,32244,Industrials,Farming/Seeds/Milling
UWMC,UWM Holdings Corporation Class A Common Stock,$5.81,0.03,0.519%,9285809731.00,United States,,1096993,Finance,Finance: Consumer Services
UXIN,Uxin Limited ADS,$4.46,-0.22,-4.701%,838237273.00,China,2018,118064,Consumer Discretionary,Business Services
UZD,United States Cellular Corporation 6.250% Senior Notes due 2069,$22.96,0.09,0.394%,1974560000.00,United States,2020,28518,Telecommunications,Telecommunications Equipment
UZE,United States Cellular Corporation 5.500% Senior Notes due 2070,$21.985,0.005,0.023%,1890710000.00,United States,2020,19307,Telecommunications,Telecommunications Equipment
UZF,United States Cellular Corporation 5.500% Senior Notes due 2070,$21.995,0.085,0.388%,1891570000.00,United States,2021,16039,Telecommunications,Telecommunications Equipment
V,Visa Inc.,$316.75,-1.91,-0.599%,590065696477.00,United States,,1461704,Consumer Discretionary,Business Services
VABK,Virginia National Bankshares Corporation Common Stock,$38.31,-0.04,-0.104%,205759639.00,United States,,1397,Finance,Major Banks
VAC,Marriott Vacations Worldwide Corporation Common Stock,$89.30,-1.33,-1.468%,3117566677.00,United States,,73041,Finance,Real Estate
VACH,Voyager Acquisition Corp Class A Ordinary Shares,$10.025,0.00,0.00%,0.00,United States,2024,71,,
VACHW,Voyager Acquisition Corp Warrants,$0.117,0.00,0.00%,0.00,United States,2024,23,Finance,Blank Checks
VAL,Valaris Limited Common Shares,$43.37,2.33,5.677%,3084404704.00,United States,2021,905005,Energy,Oil & Gas Production
VALE,VALE S.A.  American Depositary Shares Each Representing one common share,$8.885,-0.035,-0.392%,37938950000.00,Brazil,,14915407,Basic Materials,Metal Mining
VALN,Valneva SE American Depositary Shares,$4.24,-0.0907,-2.094%,294493741.00,France,2021,62578,Health Care,Biotechnology: Biological Products (No Diagnostic Substances)
VALU,Value Line Inc. Common Stock,$54.10,0.69,1.292%,509496163.00,United States,1983,3909,Finance,Investment Managers
VANI,Vivani Medical Inc. Common Stock (DE),$1.17,-0.01,-0.847%,69304586.00,United States,2014,152911,Health Care,Biotechnology: Electromedical & Electrotherapeutic Apparatus
VATE,INNOVATE Corp. Common Stock,$4.97,-0.36,-6.754%,65909054.00,United States,,61574,Industrials,Metal Fabrications
VBF,Invesco Bond Fund Common Stock,$15.43,0.07,0.456%,0.00,United States,,46717,Finance,Trusts Except Educational Religious and Charitable
VBFC,Village Bank and Trust Financial Corp. Common Stock,$77.85,0.00,0.00%,116800146.00,United States,,3,Finance,Major Banks
VBNK,VersaBank Common Shares,$13.63,0.04,0.294%,353895099.00,Canada,,57205,Finance,Commercial Banks
VBTX,Veritex Holdings Inc. Common Stock,$27.16,-0.21,-0.767%,1479781936.00,United States,2014,122990,Finance,Major Banks
VC,Visteon Corporation Common Stock,$88.895,-0.435,-0.487%,2455181049.00,United States,,110062,Consumer Discretionary,Auto Parts:O.E.M.
VCEL,Vericel Corporation Common Stock,$55.75,-1.58,-2.756%,2751731246.00,United States,,96305,Health Care,Biotechnology: Biological Products (No Diagnostic Substances)
VCIC,Vine Hill Capital Investment Corp. Class A Ordinary Shares,$10.03,0.00,0.00%,0.00,United States,2024,1,,
VCICU,Vine Hill Capital Investment Corp. Unit,$10.09,0.00,0.00%,0.00,United States,2024,168,,
VCICW,Vine Hill Capital Investment Corp. Warrant,$0.1574,0.00,0.00%,0.00,United States,2024,1,Finance,Blank Checks
VCIG,VCI Global Limited Ordinary Share,$1.81,0.14,8.383%,5591752.00,Malaysia,2023,4276537,Consumer Discretionary,Diversified Commercial Services
VCSA,Vacasa Inc. Class A Common Stock,$4.915,1.105,29.003%,111922429.00,United States,,594565,Finance,Diversified Commercial Services
VCTR,Victory Capital Holdings Inc. Class A Common Stock,$66.11,-0.15,-0.226%,4299398335.00,United States,2018,71678,Finance,Investment Managers
VCV,Invesco California Value Municipal Income Trust Common Stock,$10.7242,0.0242,0.226%,513587568.00,United States,,77745,Finance,Trusts Except Educational Religious and Charitable
VCYT,Veracyte Inc. Common Stock,$40.30,0.18,0.449%,3123235049.00,United States,2013,163583,Health Care,Medical Specialities
VECO,Veeco Instruments Inc. Common Stock,$27.255,-0.355,-1.286%,1547490986.00,United States,1994,103045,Technology,Industrial Machinery/Components
VEEA,Veea Inc. Common Stock,$3.64,0.03,0.831%,129899795.00,United States,2021,16123,Finance,Blank Checks
VEEAW,Veea Inc. Warrant,$0.135,-0.005,-3.571%,4817712.00,United States,2021,1100,Finance,Blank Checks
VEEE,Twin Vee PowerCats Co. Common Stock,$0.3412,-0.0178,-4.958%,3248224.00,United States,2021,117236,Industrials,Marine Transportation
VEEV,Veeva Systems Inc. Class A Common Stock,$212.22,-1.79,-0.836%,34453991914.00,United States,2013,358837,Technology,Computer Software: Prepackaged Software
VEL,Velocity Financial Inc. Common Stock,$20.05,0.35,1.777%,663952642.00,United States,2020,22378,Finance,Finance: Consumer Services
VENU,Venu Holding Corporation Common Stock,$9.75,0.0079,0.081%,365275687.00,,2024,11209,Consumer Discretionary,Services-Misc. Amusement & Recreation
VEON,VEON Ltd. ADS,$40.10,1.14,2.926%,2966101843.00,Netherlands,,138530,Telecommunications,Telecommunications Equipment
VERA,Vera Therapeutics Inc. Class A Common Stock,$41.68,0.27,0.652%,2639304849.00,United States,2021,180936,Health Care,Biotechnology: Pharmaceutical Preparations
VERB,Verb Technology Company Inc. Common Stock,$6.50,-0.10,-1.515%,6454962.00,United States,,29886,Consumer Discretionary,Other Consumer Services
VERI,Veritone Inc. Common Stock,$3.89,0.36,10.198%,148760454.00,United States,2017,2008013,Technology,EDP Services
VERO,Venus Concept Inc. Common Stock,$0.3467,-0.0093,-2.612%,2515405.00,United States,2017,118663,Health Care,Medical/Dental Instruments
VERU,Veru Inc. Common Stock,$0.656,-0.0198,-2.93%,96027852.00,United States,,710807,Health Care,Biotechnology: Pharmaceutical Preparations
VERV,Verve Therapeutics Inc. Common Stock,$5.595,-0.425,-7.06%,473694185.00,United States,2021,454712,Health Care,Biotechnology: Pharmaceutical Preparations
VERX,Vertex Inc. Class A Common Stock,$53.12,0.41,0.778%,8284593075.00,United States,2020,397984,Technology,Computer Software: Prepackaged Software
VET,Vermilion Energy Inc. Common (Canada),$9.15,0.23,2.578%,1439295000.00,Canada,,938993,Energy,Oil & Gas Production
VFC,V.F. Corporation Common Stock,$21.28,-0.49,-2.251%,8284700978.00,United States,,2330338,Consumer Discretionary,Apparel
VFF,Village Farms International Inc. Common Shares,$0.7702,-0.0197,-2.494%,86052869.00,Canada,,219502,,
VFL,abrdn National Municipal Income Fund Common Stock,$10.12,0.04,0.397%,0.00,United States,1993,49361,Finance,Finance/Investors Services
VFS,VinFast Auto Ltd. Ordinary Shares,$4.17,-0.15,-3.472%,9748578037.00,Singapore,,587422,Finance,Blank Checks
VFSWW,VinFast Auto Ltd. Warrant,$0.3901,0.0001,0.026%,911971293.00,Singapore,,4759,,
VGAS,Verde Clean Fuels Inc. Class A Common Stock,$3.98,0.01,0.252%,127557492.00,United States,2021,5183,Industrials,Major Chemicals
VGASW,Verde Clean Fuels Inc. Warrant,$0.3582,0.0682,23.517%,11480174.00,United States,2021,11117,Industrials,Major Chemicals
VGI,Virtus Global Multi-Sector Income Fund Common Shares of Beneficial Interest,$7.67,0.05,0.656%,0.00,United States,2012,47253,Finance,Investment Managers
VGM,Invesco Trust for Investment Grade Municipals Common Stock (DE),$9.96,0.14,1.426%,540150401.00,United States,,268845,Finance,Trusts Except Educational Religious and Charitable
VGZ,Vista Gold Corp Common Stock,$0.5431,-0.0169,-3.018%,66881466.00,United States,1986,492016,Basic Materials,Precious Metals
VHC,VirnetX Holding Corp Common Stock,$5.845,0.595,11.333%,21796718.00,United States,,292677,Miscellaneous,Multi-Sector Companies
VHI,Valhi Inc. Common Stock,$22.26,-0.01,-0.045%,629842092.00,United States,,13403,Industrials,Major Chemicals
VIASP,Via Renewables Inc. 8.75% Series A Fixed-to-Floating Rate Cumulative Redeemable Perpetual Preferred Stock,$23.5446,-0.0354,-0.15%,172424852.00,United States,,4610,Utilities,Power Generation
VIAV,Viavi Solutions Inc. Common Stock,$10.075,-0.105,-1.031%,2234768282.00,United States,,545124,Technology,Semiconductors
VICI,VICI Properties Inc. Common Stock,$28.915,-0.025,-0.086%,30481445403.00,United States,2018,1465645,Real Estate,Real Estate Investment Trusts
VICR,Vicor Corporation Common Stock,$49.595,-0.285,-0.571%,2238400446.00,United States,,61184,Technology,Industrial Machinery/Components
VIGL,Vigil Neuroscience Inc. Common Stock,$1.54,-0.11,-6.667%,62954407.00,United States,2022,228897,Health Care,Biotechnology: Biological Products (No Diagnostic Substances)
VIK,Viking Holdings Ltd Ordinary Shares,$44.11,-0.30,-0.676%,19031481109.00,,2024,647500,Consumer Discretionary,Marine Transportation
VINC,Vincerx Pharma Inc. Common Stock,$0.3378,0.1438,74.124%,11335184.00,United States,2020,314779495,Health Care,Biotechnology: Pharmaceutical Preparations
VINE,Fresh Vine Wine Inc. Common Stock,$0.5699,0.0139,2.50%,9104852.00,,2021,121101,Consumer Staples,Beverages (Production/Distribution)
VINP,Vinci Partners Investments Ltd. Class A Common Shares,$10.01,-0.01,-0.10%,649308300.00,Brazil,2021,37761,Finance,Investment Managers
VIOT,Viomi Technology Co. Ltd American Depositary Shares,$1.42,0.05,3.65%,96875758.00,China,2018,84222,Consumer Discretionary,Consumer Electronics/Appliances
VIPS,Vipshop Holdings Limited American Depositary Shares each representing two ordinary shares,$13.145,-0.185,-1.388%,7128573264.00,China,2012,892053,Consumer Discretionary,Catalog/Specialty Distribution
VIR,Vir Biotechnology Inc. Common Stock,$7.40,-0.065,-0.871%,1019128888.00,United States,2019,303117,Health Care,Biotechnology: Biological Products (No Diagnostic Substances)
VIRC,Virco Manufacturing Corporation Common Stock,$10.33,-0.23,-2.178%,168269564.00,United States,,81249,Consumer Discretionary,Industrial Specialties
VIRT,Virtu Financial Inc. Class A Common Stock,$36.31,-0.30,-0.819%,5614274603.00,United States,2015,137167,Finance,Investment Bankers/Brokers/Service
VIRX,Viracta Therapeutics Inc. Common Stock,$0.1621,0.0021,1.313%,6442538.00,United States,2005,1889948,Health Care,Biotechnology: Pharmaceutical Preparations
VISL,Vislink Technologies Inc. Common Stock,$3.81,0.0769,2.06%,9389436.00,United States,2013,17746,Telecommunications,Telecommunications Equipment
VIST,Vista Energy S.A.B. de C.V. American Depositary Shares each representing one series A share with no par value,$54.355,0.185,0.342%,5183044506.00,Mexico,2019,273256,Energy,Oil & Gas Production
VITL,Vital Farms Inc. Common Stock,$37.29,-0.055,-0.147%,1632915937.00,United States,2020,269087,Consumer Staples,Packaged Foods
VIV,Telefonica Brasil S.A. American Depositary Shares (Each representing One Common Share),$7.5301,-0.0999,-1.309%,12444155610.00,Brazil,2020,598328,Telecommunications,Telecommunications Equipment
VIVK,Vivakor Inc. Common Stock,$1.27,-0.02,-1.55%,42720607.00,United States,,13530,Utilities,Environmental Services
VKI,Invesco Advantage Municipal Income Trust II Common Shares of Beneficial Interest (DE),$8.735,0.125,1.452%,387886585.00,United States,1993,399688,Finance,Finance Companies
VKQ,Invesco Municipal Trust Common Stock,$9.61,0.07,0.734%,531774299.00,United States,,226795,Finance,Trusts Except Educational Religious and Charitable
VKTX,Viking Therapeutics Inc. Common Stock,$40.00,-1.16,-2.818%,4457455360.00,United States,2015,1580047,Health Care,Biotechnology: Pharmaceutical Preparations
VLCN,Volcon Inc. Common stock,$4.27,0.24,5.955%,2395052.00,United States,2021,65366,Consumer Discretionary,Auto Manufacturing
VLGEA,Village Super Market Inc. Class A Common Stock,$31.79,0.25,0.793%,469242939.00,United States,,9507,Consumer Staples,Food Chains
VLN,Valens Semiconductor Ltd. Ordinary Shares,$2.67,0.18,7.229%,278108925.00,,,1610856,Technology,Semiconductors
VLO,Valero Energy Corporation Common Stock,$120.38,0.80,0.669%,38110529747.00,United States,,1058490,Energy,Integrated oil Companies
VLRS,Controladora Vuela Compania de Aviacion S.A.B. de C.V. American Depositary Shares each representing ten (10) Ordinary Participation Certificates,$7.43,-0.20,-2.621%,866320673.00,,2013,260739,Consumer Discretionary,Air Freight/Delivery Services
VLT,Invesco High Income Trust II,$10.98,0.0431,0.394%,0.00,United States,1989,15994,Finance,Trusts Except Educational Religious and Charitable
VLTO,Veralto Corp Common Stock ,$102.17,-0.95,-0.921%,25267435372.00,United States,2023,169344,Industrials,Electrical Products
VLY,Valley National Bancorp Common Stock,$9.165,0.045,0.493%,4668357848.00,United States,,2154357,Finance,Major Banks
VLYPN,Valley National Bancorp 8.250% Fixed-Rate Reset Non-Cumulative Perpetual Preferred Stock Series C,$26.3099,0.6199,2.413%,0.00,United States,,6555,,
VLYPO,Valley National Bancorp 5.50% Fixed-to-Floating Rate Non-Cumulative Perpetual Preferred Stock Series B,$24.97,0.02,0.08%,12718919310.00,United States,,6596,Finance,Major Banks
VLYPP,Valley National Bancorp 6.25% Fixed-to-Floating Rate Non-Cumulative Perpetual Preferred Stock Series A,$25.09,0.09,0.36%,12780043471.00,United States,,2504,Finance,Major Banks
VMAR,Vision Marine Technologies Inc. Common Shares,$1.60,-0.02,-1.235%,4561102.00,Canada,2020,292520,Industrials,Marine Transportation
VMC,Vulcan Materials Company (Holding Company) Common Stock,$259.06,-3.30,-1.258%,34211789757.00,United States,,372604,Industrials,Mining & Quarrying of Nonmetallic Minerals (No Fuels)
VMCAW,Valuence Merger Corp. I Warrant,$0.0468,-0.0032,-6.40%,0.00,United States,2022,3911,Finance,Blank Checks
VMD,Viemed Healthcare Inc. Common Shares,$7.97,-0.19,-2.328%,309441618.00,United States,,49397,Health Care,Misc Health and Biotechnology Services
VMEO,Vimeo Inc. Common Stock,$6.565,-0.095,-1.426%,1088811250.00,United States,,640386,Technology,Computer Software: Programming Data Processing
VMI,Valmont Industries Inc. Common Stock,$305.5787,-0.9613,-0.314%,6122404015.00,United States,,20689,Industrials,Metal Fabrications
VMO,Invesco Municipal Opportunity Trust Common Stock,$9.57,0.05,0.525%,645407355.00,United States,,532113,Finance,Trusts Except Educational Religious and Charitable
VNCE,Vince Holding Corp. Common Stock,$4.38,0.36,8.955%,55230179.00,,2013,696397,Consumer Discretionary,Clothing/Shoe/Accessory Stores
VNDA,Vanda Pharmaceuticals Inc. Common Stock,$4.775,-0.035,-0.728%,278421388.00,United States,2006,254604,Health Care,Biotechnology: Pharmaceutical Preparations
VNET,VNET Group Inc. American Depositary Shares,$4.895,0.625,14.637%,1259916712.00,China,2011,7421681,Technology,Computer Software: Programming Data Processing
VNO,Vornado Realty Trust Common Stock,$41.42,-0.37,-0.885%,7896684107.00,United States,,246160,Real Estate,Real Estate Investment Trusts
VNO^L,Vornado Realty Trust Pfd Ser L %,$17.27,-0.09,-0.518%,,United States,,20347,,
VNO^M,Vornado Realty Trust 5.25% Series M Cumulative Redeemable Preferred Shares of Beneficial Interest liquidation preference $25.00 per share no par value per share,$16.93,-0.04,-0.236%,,United States,,6024,,
VNO^N,Vornado Realty Trust 5.25% Series N Cumulative Redeemable Preferred Shares of Beneficial Interest liquidation preference $25.00 per share,$17.05,-0.21,-1.217%,,United States,,2027,,
VNO^O,Vornado Realty Trust 4.45% Series O Cumulative Redeemable Preferred Shares Liquidation Preference $25.00 Per Share,$15.09,-0.01,-0.066%,,United States,,12356,,
VNOM,Viper Energy Inc. Class A Common Stock,$48.60,0.55,1.145%,9156657717.00,United States,2014,283061,Energy,Oil & Gas Production
VNRX,VolitionRX Limited Common Stock,$0.6164,0.0014,0.228%,57118590.00,Singapore,2015,95430,Health Care,Biotechnology: In Vitro & In Vivo Diagnostic Substances
VNT,Vontier Corporation Common Stock ,$36.47,-0.14,-0.382%,5477794000.00,United States,2020,205888,Industrials,Industrial Machinery/Components
VOC,VOC Energy Trust Units of Beneficial Interest,$4.626,-0.054,-1.154%,78642000.00,United States,2011,61307,Energy,Oil & Gas Production
VOD,Vodafone Group Plc American Depositary Shares,$8.4135,-0.0165,-0.196%,21599483777.00,United Kingdom,,4533014,Telecommunications,Telecommunications Equipment
VOR,Vor Biopharma Inc. Common Stock,$1.25,-0.02,-1.575%,85842015.00,United States,2021,1445480,Health Care,Biotechnology: Biological Products (No Diagnostic Substances)
VOXR,Vox Royalty Corp. Common Stock,$2.305,-0.045,-1.915%,116119983.00,Canada,,52704,Basic Materials,Precious Metals
VOXX,VOXX International Corporation Class A Common Stock,$7.36,0.07,0.96%,165638059.00,United States,,205708,Technology,Electronic Components
VOYA,Voya Financial Inc. Common Stock,$68.63,0.04,0.058%,6603466596.00,United States,2013,215480,Finance,Life Insurance
VOYA^B,Voya Financial Inc. Depositary Shares each representing a 1/40th interest in a share of 5.35% Fixed-Rate Reset Non-Cumulative Preferred Stock Series B,$23.20,0.21,0.913%,,United States,,13115,,
VPG,Vishay Precision Group Inc. Common Stock,$23.365,0.025,0.107%,309318838.00,United States,,27480,Technology,Electrical Products
VPV,Invesco Pennsylvania Value Municipal Income Trust Common Stock (DE),$10.28,0.00,0.00%,244967712.00,United States,,46495,Finance,Trusts Except Educational Religious and Charitable
VRA,Vera Bradley Inc. Common Stock,$3.92,0.32,8.889%,108687727.00,United States,2010,266894,Consumer Discretionary,Apparel
VRAR,The Glimpse Group Inc. Common Stock,$2.87,-0.21,-6.818%,52160003.00,United States,2021,763102,Technology,EDP Services
VRAX,Virax Biolabs Group Limited Ordinary Shares,$2.0301,-0.0699,-3.329%,8810634.00,United Kingdom,2022,509536,Health Care,Biotechnology: In Vitro & In Vivo Diagnostic Substances
VRCA,Verrica Pharmaceuticals Inc. Common Stock,$0.661,-0.0233,-3.405%,30142125.00,United States,2018,384618,Health Care,Biotechnology: Pharmaceutical Preparations
VRDN,Viridian Therapeutics Inc. Common Stock,$19.45,0.00,0.00%,1540687929.00,United States,2014,534882,Health Care,Medical Specialities
VRE,Veris Residential Inc. Common Stock,$16.3252,-0.1348,-0.819%,1516634719.00,United States,,72623,Real Estate,Real Estate Investment Trusts
VREX,Varex Imaging Corporation Common Stock,$14.61,-0.21,-1.417%,600471000.00,United States,,116297,Technology,Industrial Machinery/Components
VRME,VerifyMe Inc. Common Stock,$0.724,-0.0196,-2.636%,7601668.00,United States,,152258,Technology,EDP Services
VRMEW,VerifyMe Inc. Warrant,$0.02,0.0065,48.148%,209991.00,United States,,1624,Technology,EDP Services
VRN,Veren Inc. Common shares,$5.055,0.155,3.163%,3118156884.00,Canada,,8623226,Energy,Oil & Gas Production
VRNA,Verona Pharma plc American Depositary Share,$46.455,0.265,0.574%,3801467002.00,United Kingdom,2017,479424,Health Care,Biotechnology: Pharmaceutical Preparations
VRNS,Varonis Systems Inc. Common Stock,$44.205,-0.765,-1.701%,4971777063.00,United States,2014,576009,Technology,Computer Software: Prepackaged Software
VRNT,Verint Systems Inc. Common Stock,$27.49,0.08,0.292%,1712206018.00,United States,2010,266395,Technology,EDP Services
VRPX,Virpax Pharmaceuticals Inc. Common Stock,$0.4801,0.0701,17.098%,2346528.00,United States,2021,4339935,Health Care,Biotechnology: Pharmaceutical Preparations
VRRM,Verra Mobility Corporation Class A Common Stock,$24.20,0.10,0.415%,3988260599.00,United States,2017,220938,Consumer Discretionary,Transportation Services
VRSK,Verisk Analytics Inc. Common Stock,$276.55,-0.75,-0.27%,39051800833.00,United States,2009,209723,Technology,EDP Services
VRSN,VeriSign Inc. Common Stock,$204.81,0.86,0.422%,19682241000.00,United States,1998,466082,Technology,EDP Services
VRT,Vertiv Holdings LLC Class A Common Stock,$117.98,2.87,2.493%,44282140336.00,United States,2018,2161399,Technology,Industrial Machinery/Components
VRTS,Virtus Investment Partners Inc. Common Stock,$220.78,-2.14,-0.96%,1549540014.00,United States,,14412,Finance,Investment Managers
VRTX,Vertex Pharmaceuticals Incorporated Common Stock,$400.2508,-8.5092,-2.082%,103076304346.00,United States,1991,606914,Health Care,Biotechnology: Pharmaceutical Preparations
VS,Versus Systems Inc. Common Shares,$2.1809,-0.0991,-4.346%,5465368.00,Canada,,52141,Technology,EDP Services
VSAT,ViaSat Inc. Common Stock,$8.41,-0.53,-5.928%,1079796761.00,United States,1996,1566212,Technology,Radio And Television Broadcasting And Communications Equipment
VSCO,Victorias Secret & Co. Common Stock ,$42.625,0.365,0.864%,3351245274.00,United States,2021,613375,Consumer Discretionary,Clothing/Shoe/Accessory Stores
VSEC,VSE Corporation Common Stock,$96.845,0.035,0.036%,1976772249.00,United States,,90445,Consumer Discretionary,Military/Government/Technical
VSEE,VSee Health Inc. Common Stock,$1.2699,-0.1001,-7.307%,19892702.00,United States,2021,260205,Health Care,Medical/Nursing Services
VSEEW,VSee Health Inc. Warrant,$0.0674,0.0224,49.778%,1055806.00,United States,2021,515,Health Care,Medical/Nursing Services
VSH,Vishay Intertechnology Inc. Common Stock,$17.06,-0.42,-2.403%,2317400545.00,United States,,409249,Technology,Electrical Products
VSME,VS Media Holdings Limited Class A Ordinary Shares,$1.13,0.0599,5.598%,3676052.00,China,2023,44632,Consumer Discretionary,Publishing
VSSYW,Versus Systems Inc. Class A Warrants,$0.05,-0.002,-3.846%,125301.00,Canada,,6138,Technology,EDP Services
VST,Vistra Corp. Common Stock,$140.81,1.13,0.809%,47907253897.00,United States,,2461631,Utilities,Electric Utilities: Central
VSTA,Vasta Platform Limited Class A Ordinary Shares,$2.13,-0.27,-11.25%,172534761.00,Brazil,2020,15658,Real Estate,Other Consumer Services
VSTE,Vast Renewables Limited Ordinary Shares,$1.17,0.00,0.00%,35069000.00,Australia,,289838,Industrials,Building Products
VSTEW,Vast Renewables Limited Warrants,$0.1001,-0.001,-0.989%,3000348.00,Australia,,3414,Industrials,Building Products
VSTM,Verastem Inc. Common Stock,$3.615,-0.095,-2.561%,160891091.00,United States,2012,1042444,Health Care,Biotechnology: Pharmaceutical Preparations
VSTS,Vestis Corporation Common Stock,$15.275,-0.085,-0.553%,2009121437.00,United States,2023,403202,,
VTAK,Catheter Precision Inc. Common Stock,$0.41,0.003,0.737%,3281900.00,,2018,87026,Health Care,Medical/Dental Instruments
VTEX,VTEX Class A Common Shares,$5.695,-0.055,-0.957%,1048033811.00,United Kingdom,2021,224428,Technology,Computer Software: Prepackaged Software
VTGN,Vistagen Therapeutics Inc. Common Stock,$2.75,0.18,7.004%,76569532.00,United States,,201682,Health Care,Biotechnology: Pharmaceutical Preparations
VTLE,Vital Energy Inc. Common Stock par value $0.01 per share,$29.875,0.485,1.65%,2470661634.00,United States,2011,394547,Energy,Oil & Gas Production
VTMX,Corporacion Inmobiliaria Vesta S.A.B de C.V. American Depositary Shares each representing ten (10) Common Shares,$25.845,-0.365,-1.393%,2285955204.00,,2023,87608,Finance,Real Estate
VTN,Invesco Trust for Investment Grade New York Municipals Common Stock,$10.52,0.02,0.19%,204992499.00,United States,,115741,Finance,Finance Companies
VTOL,Bristow Group Inc. Common Stock,$33.85,0.62,1.866%,969057800.00,United States,,17599,Consumer Discretionary,Transportation Services
VTR,Ventas Inc. Common Stock,$58.38,-0.51,-0.866%,24481917170.00,United States,,494394,Real Estate,Real Estate Investment Trusts
VTRS,Viatris Inc. Common Stock,$12.445,-0.035,-0.28%,14854263665.00,United States,,1996724,Health Care,Biotechnology: Pharmaceutical Preparations
VTS,Vitesse Energy Inc. Common Stock,$25.015,0.485,1.977%,739032529.00,United States,2023,129271,Energy,Oil & Gas Production
VTSI,VirTra Inc. Common Stock,$6.7425,0.1225,1.85%,75805422.00,United States,,29128,Consumer Discretionary,Miscellaneous manufacturing industries
VTVT,vTv Therapeutics Inc. Class A Common Stock,$13.61,0.41,3.106%,43410538.00,United States,2015,7569,Health Care,Biotechnology: Pharmaceutical Preparations
VTYX,Ventyx Biosciences Inc. Common Stock,$2.22,-0.16,-6.723%,156977681.00,United States,2021,1070649,Health Care,Biotechnology: Pharmaceutical Preparations
VUZI,Vuzix Corporation Common Stock,$4.54,-0.71,-13.524%,334214302.00,United States,,2088351,Technology,Radio And Television Broadcasting And Communications Equipment
VVI,Viad Corp Common Stock,$43.1593,0.3893,0.91%,915059422.00,United States,,28766,Consumer Discretionary,Business Services
VVOS,Vivos Therapeutics Inc. Common Stock,$4.43,-0.22,-4.731%,21420379.00,United States,2020,264290,Health Care,Medical/Dental Instruments
VVPR,VivoPower International PLC Ordinary Shares,$1.345,-0.065,-4.61%,5971441.00,United Kingdom,,139477,Utilities,Power Generation
VVR,Invesco Senior Income Trust Common Stock (DE),$3.925,-0.005,-0.127%,0.00,United States,1998,784729,Finance,Trusts Except Educational Religious and Charitable
VVV,Valvoline Inc. Common Stock,$36.44,0.07,0.192%,4677912484.00,United States,2016,461850,Industrials,Major Chemicals
VVX,V2X Inc. Common Stock,$48.81,1.83,3.895%,1540467517.00,United States,2014,96778,Consumer Discretionary,Diversified Commercial Services
VXRT,Vaxart Inc Common Stock,$0.6898,-0.041,-5.61%,156915574.00,United States,,2410593,Health Care,Biotechnology: Biological Products (No Diagnostic Substances)
VYGR,Voyager Therapeutics Inc. Common Stock,$5.64,-0.10,-1.742%,308088305.00,United States,2015,154631,Health Care,Biotechnology: Biological Products (No Diagnostic Substances)
VYNE,VYNE Therapeutics Inc. Common Stock,$3.29,0.12,3.785%,48532215.00,United States,2018,92181,Health Care,Biotechnology: Pharmaceutical Preparations
VYX,NCR Voyix Corporation Common Stock,$13.945,0.025,0.18%,2035521850.00,United States,,317134,Miscellaneous,Office Equipment/Supplies/Services
VZ,Verizon Communications Inc. Common Stock,$39.7232,-0.1968,-0.493%,167219826248.00,United States,,8085716,Telecommunications,Telecommunications Equipment
VZLA,Vizsla Silver Corp. Common Shares,$1.7097,-0.0403,-2.303%,467438986.00,Canada,2024,589061,Basic Materials,Precious Metals
W,Wayfair Inc. Class A Common Stock,$45.14,1.39,3.177%,5656881333.00,United States,2014,1276703,Consumer Discretionary,Catalog/Specialty Distribution
WAB,Westinghouse Air Brake Technologies Corporation Common Stock,$191.75,-0.25,-0.13%,32959835402.00,United States,,285430,Industrials,Railroads
WABC,Westamerica Bancorporation Common Stock,$52.67,0.16,0.305%,621738275.00,United States,,56953,Finance,Major Banks
WAFD,WaFd Inc. Common Stock,$32.4706,-0.1394,-0.427%,2641565526.00,United States,,119258,Finance,Major Banks
WAFDP,WaFd Inc. Depositary Shares,$17.54,0.18,1.037%,1426923411.00,United States,,15445,Finance,Major Banks
WAFU,Wah Fu Education Group Limited Ordinary Shares,$1.645,-0.0849,-4.908%,7255370.00,China,2019,78711,Real Estate,Other Consumer Services
WAI,Top KingWin Ltd Class A Ordinary Shares,$0.3901,0.0401,11.457%,71375579.00,China,2023,180799,Consumer Discretionary,Business Services
WAL,Western Alliance Bancorporation Common Stock (DE),$83.86,0.18,0.215%,9230410827.00,United States,2005,162946,Finance,Major Banks
WAL^A,Western Alliance Bancorporation Depositary Shares Each Representing a 1/400th Interest in a Share of 4.250% Fixed-Rate Non-Cumulative Perpetual Preferred Stock Series A,$22.085,0.115,0.523%,,United States,,15337,,
WALD,Waldencast plc Class A Ordinary Share,$3.85,-0.11,-2.778%,470428197.00,United States,2021,7433,Consumer Discretionary,Package Goods/Cosmetics
WALDW,Waldencast plc Warrant ,$0.17,0.0255,17.647%,20772154.00,United States,2021,600,Consumer Discretionary,Package Goods/Cosmetics
WASH,Washington Trust Bancorp Inc. Common Stock,$31.01,0.25,0.813%,529181154.00,United States,,78720,Finance,Major Banks
WAT,Waters Corporation Common Stock,$372.98,-1.62,-0.432%,22146125379.00,United States,1995,74880,Industrials,Biotechnology: Laboratory Analytical Instruments
WATT,Energous Corporation Common Stock,$1.48,1.075,265.432%,13003834.00,United States,2014,172563037,Technology,Radio And Television Broadcasting And Communications Equipment
WAVE,Eco Wave Power Global AB (publ) American Depositary Shares,$12.25,-0.91,-6.915%,67979611.00,Israel,2021,77724,Utilities,Electric Utilities: Central
WAVS,Western Acquisition Ventures Corp. Common Stock,$10.89,0.00,0.00%,0.00,United States,2022,21,Technology,EDP Services
WAY,Waystar Holding Corp. Common Stock,$37.43,-0.49,-1.292%,6441183808.00,United States,2024,200451,Technology,EDP Services
WB,Weibo Corporation American Depositary Share,$9.55,-0.23,-2.352%,2316934496.00,China,2014,417111,Technology,Computer Software: Programming Data Processing
WBA,Walgreens Boots Alliance Inc. Common Stock,$9.35,-0.27,-2.807%,8084170166.00,United States,,7260859,Consumer Staples,Retail-Drug Stores and Proprietary Stores
WBD,Warner Bros. Discovery Inc. Series A Common Stock ,$10.54,-0.07,-0.66%,25856360122.00,United States,,8337304,Telecommunications,Cable & Other Pay Television Services
WBS,Webster Financial Corporation Common Stock,$55.21,0.17,0.309%,9463566252.00,United States,,201874,Finance,Major Banks
WBS^F,Webster Financial Corporation Depositary Shares Each Representing 1/1000th Interest in a Share of 5.25% Series F Non-Cumulative Perpetual Preferred Stock,$19.1327,0.1227,0.645%,,United States,,12228,,
WBS^G,Webster Financial Corporation Depositary Shares each representing a 1/40th interest in a share of 6.50% Series G non-cumulative perpetual preferred stock,$23.05,-0.28,-1.20%,,United States,,12211,,
WBTN,WEBTOON Entertainment Inc. Common stock,$13.625,0.065,0.479%,1748266587.00,United States,2024,98652,Consumer Discretionary,Publishing
WBUY,WEBUY GLOBAL LTD. Ordinary Shares,$0.1743,-0.0011,-0.627%,9130113.00,Singapore,2023,2505706,Consumer Discretionary,Other Specialty Stores
WBX,Wallbox N.V. Class A Ordinary Shares,$0.434,-0.0082,-1.854%,91056241.00,Spain,,1122619,Consumer Discretionary,Industrial Specialties
WCC,WESCO International Inc. Common Stock,$179.28,0.71,0.398%,8785017067.00,United States,1999,179442,Consumer Discretionary,Telecommunications Equipment
WCC^A,WESCO International Inc. Depositary Shares each representing 1/1000th interest in a share of Series A Fixed-Rate Reset Cumulative Perpetual Preferred Stock,$25.525,0.01,0.039%,,United States,,23479,,
WCN,Waste Connections Inc. Common Shares,$171.93,0.66,0.385%,44364373793.00,Canada,,474718,Utilities,Environmental Services
WCT,Wellchange Holdings Company Limited Ordinary shares,$0.9828,-0.1222,-11.059%,20737080.00,Hong Kong,2024,292786,Technology,Computer Software: Prepackaged Software
WD,Walker & Dunlop Inc Common Stock,$95.875,-0.885,-0.915%,3237369995.00,United States,2010,52405,Finance,Finance: Consumer Services
WDAY,Workday Inc. Class A Common Stock,$262.73,-3.51,-1.318%,69886180000.00,United States,,656457,Technology,EDP Services
WDC,Western Digital Corporation Common Stock,$60.025,-0.675,-1.112%,20751149891.00,United States,,2283011,Technology,Electronic Components
WDFC,WD-40 Company Common Stock,$242.86,-1.62,-0.663%,3288586932.00,United States,1973,20681,Industrials,Major Chemicals
WDH,Waterdrop Inc. American Depositary Shares (each representing the right to receive 10 Class A Ordinary Shares),$1.20,0.02,1.695%,444194641.00,Cayman Islands,2021,176166,Finance,Specialty Insurers
WDI,Western Asset Diversified Income Fund Common Shares of Beneficial Interest,$14.2142,-0.0258,-0.181%,0.00,United States,2021,241768,Finance,Trusts Except Educational Religious and Charitable
WDS,Woodside Energy Group Limited American Depositary Shares each representing one Ordinary Share,$15.3701,0.2501,1.654%,29183973855.00,Australia,2022,460859,Energy,Oil & Gas Production
WEA,Western Asset Bond Fund Share of Beneficial Interest,$10.75,-0.03,-0.278%,0.00,United States,2002,14646,Finance,Trusts Except Educational Religious and Charitable
WEAV,Weave Communications Inc. Common Stock,$16.09,-0.03,-0.186%,1170887096.00,United States,2021,178098,Technology,Computer Software: Prepackaged Software
WEC,WEC Energy Group Inc. Common Stock,$94.305,-0.515,-0.543%,29833806030.00,United States,,323037,Utilities,Power Generation
WELL,Welltower Inc. Common Stock,$124.46,-0.54,-0.432%,77499938033.00,United States,,325709,Real Estate,Real Estate Investment Trusts
WEN,Wendy's Company (The) Common Stock,$16.30,-0.20,-1.212%,3322674886.00,United States,,1085580,Consumer Discretionary,Restaurants
WERN,Werner Enterprises Inc. Common Stock,$36.0057,-0.2443,-0.674%,2225433212.00,United States,1986,105137,Industrials,Trucking Freight/Courier Services
WES,Western Midstream Partners LP Common Units Representing Limited Partner Interests,$39.30,0.17,0.434%,14955828281.00,United States,2012,307927,Utilities,Natural Gas Distribution
WEST,Westrock Coffee Company Common Stock,$6.455,-0.125,-1.90%,607984315.00,United States,,110886,Consumer Staples,Beverages (Production/Distribution)
WETH,Wetouch Technology Inc. Common Stock,$1.60,-0.04,-2.439%,19090454.00,China,,108375,Technology,Computer peripheral equipment
WEX,WEX Inc. common stock,$171.2792,-1.7708,-1.023%,6814054195.00,United States,,92753,Consumer Discretionary,Business Services
WEYS,Weyco Group Inc. Common Stock,$36.715,-0.505,-1.357%,350969516.00,United States,,4366,Consumer Staples,Apparel
WF,Woori Financial Group Inc. American Depositary Shares (each representing three (3) shares of Common Stock),$31.0725,-0.2975,-0.948%,7690832747.00,South Korea,,27617,Finance,Commercial Banks
WFC,Wells Fargo & Company Common Stock,$70.67,-0.44,-0.619%,235295104872.00,United States,,3376339,Finance,Major Banks
WFC^A,Wells Fargo & Company Depositary Shares each representing a 1/1000th interest in a share of Non-Cumulative Perpetual Class A Preferred Stock Series AA,$19.82,0.16,0.814%,,United States,,96436,,
WFC^C,Wells Fargo & Company Depositary Shares each representing a 1/1000th interest in a share of Non-Cumulative Perpetual Class A Preferred Stock Series CC,$18.75,0.22,1.187%,,United States,,92266,,
WFC^D,Wells Fargo & Company Depositary Shares each representing a 1/1000th interest in  a share of Non-Cumulative Perpetual Class A Preferred Stock Series DD,$17.8808,0.0908,0.51%,,United States,,172686,,
WFC^L,Wells Fargo & Company 7.50% Non-Cumulative Perpetual Convertible Class A Preferred Stock Series L,$1175.05,3.05,0.26%,,United States,,6089,,
WFC^Y,Wells Fargo & Company Depositary Shares each representing a 1/1000th interest in a share of Non-Cumulative Perpetual Class A Preferred Stock Series Y,$24.1268,0.1568,0.654%,,United States,,23841,,
WFC^Z,Wells Fargo & Company Depositary Shares each representing a 1/1000th interest in a share of Non-Cumulative Perpetual Class A Preferred Stock Series Z,$20.03,0.21,1.06%,,United States,,309131,,
WFCF,Where Food Comes From Inc. Common Stock,$12.37,-0.58,-4.479%,65281883.00,United States,,993,Technology,Computer Software: Prepackaged Software
WFG,West Fraser Timber Co. Ltd Common stock,$86.22,-0.25,-0.289%,6918797359.00,,2021,45963,Basic Materials,Forest Products
WFRD,Weatherford International plc Ordinary Shares,$70.08,1.50,2.187%,5091451880.00,United States,,210514,Industrials,Metal Fabrications
WGO,Winnebago Industries Inc. Common Stock,$46.295,-0.625,-1.332%,1314627773.00,United States,,393294,Industrials,Homebuilding
WGS,GeneDx Holdings Corp. Class A Common Stock,$77.03,-1.02,-1.307%,2116121711.00,United States,2020,165978,Technology,Retail: Computer Software & Peripheral Equipment
WGSWW,GeneDx Holdings Corp. Warrant,$0.1512,-0.0062,-3.939%,4153675.00,United States,2020,21506,Technology,Retail: Computer Software & Peripheral Equipment
WH,Wyndham Hotels & Resorts Inc. Common Stock ,$101.1975,-0.4925,-0.484%,7872083496.00,United States,2018,115177,Consumer Discretionary,Hotels/Resorts
WHD,Cactus Inc. Class A Common Stock,$57.99,0.72,1.257%,4615081205.00,United States,2018,124606,Industrials,Metal Fabrications
WHF,WhiteHorse Finance Inc. Common Stock,$9.66,-0.09,-0.923%,224528230.00,United States,,88296,Finance,Finance Companies
WHFCL,WhiteHorse Finance Inc. 7.875% Notes due 2028,$25.2101,0.03,0.119%,585960573.00,United States,,2586,,
WHG,Westwood Holdings Group Inc Common Stock,$13.90,-0.20,-1.418%,128874865.00,United States,,6751,Finance,Investment Managers
WHLR,Wheeler Real Estate Investment Trust Inc. Common Stock,$3.76,0.23,6.516%,2433303.00,United States,2012,483320,Real Estate,Real Estate Investment Trusts
WHLRD,Wheeler Real Estate Investment Trust Inc. Series D Cumulative Preferred Stock,$26.50,0.02,0.076%,17149608.00,United States,,5867,Real Estate,Real Estate Investment Trusts
WHLRP,Wheeler Real Estate Investment Trust Inc. Class B Preferred Stock,$3.20,0.15,4.918%,2070896.00,United States,,1116,Real Estate,Real Estate Investment Trusts
WHR,Whirlpool Corporation Common Stock,$114.075,-1.095,-0.951%,6290062076.00,United States,,208164,Consumer Discretionary,Consumer Electronics/Appliances
WIA,Western Asset Inflation-Linked Income Fund,$7.9757,-0.0043,-0.054%,0.00,United States,2003,25035,Finance,Trusts Except Educational Religious and Charitable
WILC,G. Willi-Food International  Ltd. Ordinary Shares,$16.2501,-0.3949,-2.372%,225340413.00,Israel,,4239,Consumer Discretionary,Food Distributors
WIMI,WiMi Hologram Cloud Inc. American Depositary Share,$2.811,0.521,22.751%,276062806.00,China,2020,35442865,Technology,Computer Software: Prepackaged Software
WINA,Winmark Corporation Common Stock,$391.07,-5.13,-1.295%,1376723610.00,United States,,5291,Consumer Discretionary,Other Specialty Stores
WING,Wingstop Inc. Common Stock,$288.15,2.78,0.974%,8417519635.00,United States,2015,222342,Consumer Discretionary,Restaurants
WINT,Windtree Therapeutics Inc. Common Stock,$0.3075,-0.0025,-0.806%,2764372.00,United States,,833508,Health Care,Biotechnology: Biological Products (No Diagnostic Substances)
WINV,WinVest Acquisition Corp. Common Stock,$12.155,0.155,1.292%,0.00,United States,2021,33057,Finance,Blank Checks
WINVU,WinVest Acquisition Corp. Unit,$11.71,0.00,0.00%,0.00,United States,2021,234,Finance,Blank Checks
WISA,WiSA Technologies Inc. Common Stock,$2.2874,-0.0126,-0.548%,17768130.00,United States,2018,2286187,Technology,Semiconductors
WIT,Wipro Limited Common Stock,$3.545,-0.105,-2.877%,37046230164.00,India,,952634,Technology,EDP Services
WIW,Western Asset Inflation-Linked Opportunities & Income Fund,$8.23,0.02,0.244%,0.00,United States,2004,189382,Finance,Finance Companies
WIX,Wix.com Ltd. Ordinary Shares,$215.97,-2.33,-1.067%,12347565342.00,Israel,2013,169868,Technology,Computer Software: Programming Data Processing
WK,Workiva Inc. Class A Common Stock,$110.99,-0.14,-0.126%,6147845647.00,United States,2014,147408,Technology,Computer Software: Prepackaged Software
WKC,World Kinect Corporation Common Stock,$27.17,-0.40,-1.451%,1577966626.00,United States,,124448,Energy,Oil Refining/Marketing
WKEY,WISeKey International Holding Ltd American Depositary Shares,$11.235,-0.075,-0.663%,108754800.00,Switzerland,,1300388,Technology,EDP Services
WKHS,Workhorse Group Inc. Common Stock,$0.7513,-0.0365,-4.633%,30789441.00,United States,,3016987,Consumer Discretionary,Auto Manufacturing
WKSP,Worksport Ltd. Common Stock,$1.0308,0.1108,12.043%,33952087.00,Canada,,2245582,Consumer Discretionary,Auto Parts:O.E.M.
WLAC,Willow Lane Acquisition Corp. Class A Ordinary Shares,$9.90,0.00,0.00%,0.00,United States,,151000,,
WLACU,Willow Lane Acquisition Corp. Unit,$9.98,0.01,0.10%,0.00,United States,2024,7224,Finance,Blank Checks
WLDN,Willdan Group Inc. Common Stock,$38.1267,-0.2833,-0.738%,538534490.00,United States,2006,67267,Consumer Discretionary,Military/Government/Technical
WLDS,Wearable Devices Ltd. Ordinary Share,$1.8062,-0.0738,-3.926%,2206998.00,Israel,2022,143246,Telecommunications,Computer Communications Equipment
WLDSW,Wearable Devices Ltd. Warrant,$0.2886,-0.0424,-12.81%,352641.00,Israel,2022,1460,Telecommunications,Computer Communications Equipment
WLFC,Willis Lease Finance Corporation Common Stock,$203.83,1.84,0.911%,1346013622.00,United States,1996,16047,Consumer Discretionary,Industrial Specialties
WLGS,Wang & Lee Group Inc. Ordinary Shares,$1.8737,0.0137,0.737%,28281341.00,Hong Kong,2023,14805,Consumer Discretionary,Engineering & Construction
WLK,Westlake Corporation Common Stock,$114.00,-0.28,-0.245%,14672461086.00,United States,2004,146741,Industrials,Major Chemicals
WLKP,Westlake Chemical Partners LP Common Units representing limited partner interests,$23.17,-0.14,-0.601%,816477343.00,United States,2014,34590,Industrials,Major Chemicals
WLY,John Wiley & Sons Inc. Common Stock,$43.74,-0.72,-1.619%,2363247487.00,United States,,81740,Consumer Discretionary,Books
WLYB,John Wiley & Sons Inc. Common Stock,$44.06,0.00,0.00%,2380536906.00,United States,,7,Consumer Discretionary,Books
WM,Waste Management Inc. Common Stock,$202.75,-1.27,-0.622%,81376863438.00,United States,,435319,Utilities,Environmental Services
WMB,Williams Companies Inc. (The) Common Stock,$54.46,0.52,0.964%,66387382519.00,United States,,1945483,Utilities,Natural Gas Distribution
WMG,Warner Music Group Corp. Class A Common Stock,$30.94,-0.51,-1.622%,16026747695.00,United States,2020,191303,Consumer Discretionary,Services-Misc. Amusement & Recreation
WMK,Weis Markets Inc. Common Stock,$67.455,-0.655,-0.962%,1814434473.00,United States,,14256,Consumer Staples,Food Chains
WMPN,William Penn Bancorporation Common Stock,$11.95,-0.07,-0.582%,110038193.00,United States,2021,2920,Finance,Banks
WMS,Advanced Drainage Systems Inc. Common Stock,$115.655,0.075,0.065%,8967443197.00,United States,2014,189210,Consumer Discretionary,Containers/Packaging
WMT,Walmart Inc. Common Stock,$90.95,-0.71,-0.775%,730636476254.00,United States,,4460074,Consumer Discretionary,Department/Specialty Retail Stores
WNC,Wabash National Corporation Common Stock,$17.135,-0.175,-1.011%,742579358.00,United States,1991,305698,Industrials,Construction/Ag Equipment/Trucks
WNEB,Western New England Bancorp Inc. Common Stock,$9.20,0.01,0.109%,193369354.00,United States,,12739,Finance,Savings Institutions
WNS,WNS (Holdings) Limited Ordinary Shares,$47.00,0.21,0.449%,2038660062.00,India,2024,73058,Consumer Discretionary,Business Services
WNW,Meiwu Technology Company Limited Ordinary Shares,$2.64,0.34,14.783%,7717578.00,China,2020,2520904,Consumer Discretionary,Catalog/Specialty Distribution
WOK,WORK Medical Technology Group LTD Ordinary Shares,$4.72,-0.03,-0.632%,68440000.00,China,2024,124694,Health Care,Medical/Dental Instruments
WOLF,Wolfspeed Inc. Common Stock,$6.96,-0.33,-4.527%,888884603.00,United States,,9132564,Technology,Semiconductors
WOOF,Petco Health and Wellness Company Inc. Class A Common Stock,$3.855,-0.245,-5.976%,1208342156.00,United States,2021,1857633,Consumer Discretionary,Other Specialty Stores
WOR,Worthington Enterprises Inc. Common Shares,$40.53,-0.14,-0.344%,2037048540.00,United States,,33376,Industrials,Steel/Iron Ore
WORX,SCWorx Corp. Common Stock,$1.70,0.02,1.19%,2765844.00,United States,2016,19843,Consumer Discretionary,Services-Misc. Amusement & Recreation
WOW,WideOpenWest Inc. Common Stock,$4.80,0.10,2.128%,406920643.00,United States,2017,230175,Telecommunications,Cable & Other Pay Television Services
WPC,W. P. Carey Inc. REIT,$54.365,-0.145,-0.266%,11897644555.00,United States,,487717,Real Estate,Real Estate Investment Trusts
WPM,Wheaton Precious Metals Corp Common Shares (Canada),$56.37,-0.69,-1.209%,25573258565.00,Canada,,368638,Basic Materials,Precious Metals
WPP,WPP plc American Depositary Shares,$51.54,-0.50,-0.961%,11117739631.00,Ireland,,84066,Consumer Discretionary,Advertising
WPRT,Westport Fuel Systems Inc Common Shares,$3.70,-0.045,-1.202%,63879997.00,Canada,2008,49742,Industrials,Industrial Machinery/Components
WRAP,Wrap Technologies Inc. Common Stock,$1.90,0.09,4.972%,87177514.00,United States,,521011,Industrials,Ordnance And Accessories
WRB,W.R. Berkley Corporation Common Stock,$58.66,-0.31,-0.526%,22353514579.00,United States,,226336,Finance,Property-Casualty Insurers
WRB^E,W.R. Berkley Corporation 5.70% Subordinated Debentures due 2058,$23.48,-0.07,-0.297%,,United States,,9740,,
WRB^F,W.R. Berkley Corporation 5.10% Subordinated Debentures due 2059,$20.52,0.17,0.835%,,United States,,25348,,
WRB^G,W.R. Berkley Corporation 4.25% Subordinated Debentures due 2060,$17.97,0.04,0.223%,,United States,,7722,,
WRB^H,W.R. Berkley Corporation 4.125% Subordinated Debentures due 2061,$17.59,0.08,0.457%,,United States,,9443,,
WRBY,Warby Parker Inc. Class A Common Stock,$24.60,0.18,0.737%,2960288257.00,United States,2021,401518,Health Care,Ophthalmic Goods
WRD,WeRide Inc. American Depositary Shares,$13.81,-0.39,-2.746%,3747723413.00,China,2024,53518,Technology,EDP Services
WRLD,World Acceptance Corporation Common Stock,$111.57,0.84,0.759%,641479748.00,United States,1991,6357,Finance,Finance: Consumer Services
WRN,Western Copper and Gold Corporation Common Stock,$1.055,0.005,0.476%,209121240.00,Canada,2011,119177,Basic Materials,Metal Mining
WS,Worthington Steel Inc. Common Shares,$31.53,-0.48,-1.50%,1600972451.00,United States,2023,83118,Industrials,Steel/Iron Ore
WSBC,WesBanco Inc. Common Stock,$32.80,-0.01,-0.03%,2193409111.00,United States,,98507,Finance,Major Banks
WSBCP,WesBanco Inc. Depositary Shares Each Representing a 1/40th Interest in a Share of 6.75% Fixed-Rate Reset Non-Cumulative Perpetual Preferred Stock Series A,$25.10,-0.05,-0.199%,1678492948.00,United States,,12757,Finance,Major Banks
WSBF,Waterstone Financial Inc. Common Stock (MD),$13.3305,-0.0895,-0.667%,258253629.00,United States,2005,25056,Finance,Savings Institutions
WSC,WillScot Holdings Corporation Class A Common Stock,$33.505,-0.185,-0.549%,6190367952.00,United States,2015,778473,Industrials,Misc Corporate Leasing Services
WSFS,WSFS Financial Corporation Common Stock,$53.4854,0.0954,0.179%,3150175066.00,United States,,84739,Finance,Major Banks
WSM,Williams-Sonoma Inc. Common Stock (DE),$187.185,1.135,0.61%,23042462830.00,United States,,1170869,Consumer Discretionary,Home Furnishings
WSO,Watsco Inc. Common Stock,$477.63,-2.32,-0.483%,19287498475.00,United States,,37987,Consumer Discretionary,Industrial Machinery/Components
WSO/B,Watsco Inc.,$535.00,0.00,0.00%,,United States,,3,,
WSR,Whitestone REIT Common Shares,$14.115,0.105,0.749%,714874966.00,United States,2010,85225,Real Estate,Real Estate Investment Trusts
WST,West Pharmaceutical Services Inc. Common Stock,$330.445,-2.775,-0.833%,23931603115.00,United States,,128992,Health Care,Medical/Dental Instruments
WT,WisdomTree Inc. Common Stock,$10.49,-0.08,-0.757%,1532627351.00,United States,2022,295954,Finance,Investment Bankers/Brokers/Service
WTBA,West Bancorporation Common Stock,$21.82,0.02,0.092%,367288030.00,United States,,7447,Finance,Major Banks
WTFC,Wintrust Financial Corporation Common Stock,$125.06,-0.15,-0.12%,8315515032.00,United States,,61543,Finance,Major Banks
WTFCM,Wintrust Financial Corporation Fixed-to-Floating Rate Non-Cumulative Perpetual Preferred Stock Series D,$25.16,0.07,0.279%,1672943853.00,United States,,5199,Finance,Major Banks
WTFCP,Wintrust Financial Corporation Depositary Shares Each Representing a 1/1000th Interest in a Share of 6.875% Fixed-Rate Reset Non-Cumulative Perpetual Preferred Stock Series E,$25.37,0.06,0.237%,1686907215.00,United States,,12622,Finance,Major Banks
WTI,W&T Offshore Inc. Common Stock,$1.69,0.08,4.969%,249034322.00,United States,2005,2036371,Energy,Oil & Gas Production
WTM,White Mountains Insurance Group Ltd. Common Stock,$1918.50,-0.23,-0.012%,4926991938.00,United States,,3433,Finance,Property-Casualty Insurers
WTMA,Welsbach Technology Metals Acquisition Corp. Common Stock,$13.08,1.58,13.739%,0.00,United States,2022,6314,Miscellaneous,Industrial Machinery/Components
WTMAR,Welsbach Technology Metals Acquisition Corp. one right to receive 1/10th of a share of common stock,$0.10,0.00,0.00%,0.00,United States,2022,800,Miscellaneous,Industrial Machinery/Components
WTMAU,Welsbach Technology Metals Acquisition Corp. Unit,$12.69,0.19,1.52%,0.00,United States,2021,4259,Miscellaneous,Industrial Machinery/Components
WTO,UTime Limited Ordinary Shares,$0.3021,-0.0179,-5.594%,5449050.00,China,2021,495162,Technology,Consumer Electronics/Appliances
WTRG,Essential Utilities Inc. Common Stock,$36.20,-0.26,-0.713%,9940903430.00,United States,,284533,Utilities,Water Supply
WTS,Watts Water Technologies Inc. Class A Common Stock,$203.4021,-0.3179,-0.156%,6780074407.00,United States,1986,35044,Industrials,Metal Fabrications
WTTR,Select Water Solutions Inc. Class A common stock,$13.16,0.33,2.572%,1570116586.00,United States,2017,167371,Energy,Oilfield Services/Equipment
WTW,Willis Towers Watson Public Limited Company Ordinary Shares,$314.21,-2.10,-0.664%,31648950557.00,United Kingdom,2001,93479,Finance,Specialty Insurers
WU,Western Union Company (The) Common Stock,$10.615,-0.065,-0.609%,3585758316.00,United States,,1489484,Consumer Discretionary,Business Services
WULF,TeraWulf Inc. Common Stock,$5.485,-0.045,-0.814%,2116703630.00,United States,,15819838,Technology,EDP Services
WVE,Wave Life Sciences Ltd. Ordinary Shares,$12.46,-0.44,-3.411%,1900396334.00,Singapore,2015,214030,Health Care,Biotechnology: Pharmaceutical Preparations
WVVI,Willamette Valley Vineyards Inc. Common Stock,$3.43,-0.035,-1.01%,17028334.00,United States,,1958,Consumer Staples,Beverages (Production/Distribution)
WVVIP,Willamette Valley Vineyards Inc. Series A Redeemable Preferred Stock,$3.54,0.015,0.426%,17574433.00,United States,,4394,Consumer Staples,Beverages (Production/Distribution)
WW,WW International Inc. Common Stock,$1.2307,-0.0493,-3.852%,98288123.00,United States,,1613416,Consumer Discretionary,Other Consumer Services
WWD,Woodward Inc. Common Stock,$168.79,-1.12,-0.659%,9980708662.00,United States,,83543,Energy,Industrial Machinery/Components
WWR,Westwater Resources Inc. Common Stock,$0.9239,0.0739,8.694%,57750257.00,United States,,2342094,Basic Materials,Metal Mining
WWW,Wolverine World Wide Inc. Common Stock,$22.50,0.02,0.089%,1801506330.00,United States,,269927,Consumer Discretionary,Shoe Manufacturing
WY,Weyerhaeuser Company Common Stock,$27.835,-0.155,-0.554%,20224409970.00,United States,,831711,Real Estate,Real Estate Investment Trusts
WYHG,Wing Yip Food Holdings Group Limited American Depositary Shares,$5.905,0.205,3.596%,295388342.00,China,2024,7744,Consumer Staples,Specialty Foods
WYNN,Wynn Resorts Limited Common stock,$85.845,-2.835,-3.197%,9427066271.00,United States,2002,1112087,Consumer Discretionary,Hotels/Resorts
WYY,WidePoint Corporation Common Stock,$5.2647,0.3547,7.224%,51602842.00,United States,,64466,Technology,EDP Services
X,United States Steel Corporation Common Stock,$31.48,0.34,1.092%,7088381254.00,United States,,1841550,Industrials,Steel/Iron Ore
XAIR,Beyond Air Inc. Common Stock,$0.3689,-0.0711,-16.159%,26630019.00,United States,,4131120,Health Care,Medical/Dental Instruments
XBIO,Xenetic Biosciences Inc. Common Stock,$4.05,-0.0592,-1.441%,6245663.00,United States,,43703,Health Care,Biotechnology: Pharmaceutical Preparations
XBIT,XBiotech Inc. Common Stock,$3.98,0.18,4.737%,121324254.00,United States,2015,82766,Health Care,Biotechnology: Pharmaceutical Preparations
XBP,XBP Europe Holdings Inc. Common Stock,$1.09,-0.02,-1.802%,32881051.00,United States,2021,19629,Consumer Discretionary,Business Services
XBPEW,XBP Europe Holdings Inc. Warrant,$0.0401,0.0001,0.25%,1209661.00,United States,2021,598,Consumer Discretionary,Business Services
XCH,XCHG Limited American Depositary Share,$2.11,-0.09,-4.091%,0.00,Germany,2024,422817,,
XCUR,Exicure Inc. Common Stock,$17.02,-0.56,-3.185%,36972937.00,United States,,62926,Health Care,Biotechnology: Pharmaceutical Preparations
XEL,Xcel Energy Inc. Common Stock,$67.62,-0.52,-0.763%,38830226797.00,United States,,522517,Utilities,Power Generation
XELB,Xcel Brands Inc. Common Stock,$0.5013,0.0163,3.361%,11850718.00,United States,,70299,Miscellaneous,Multi-Sector Companies
XENE,Xenon Pharmaceuticals Inc. Common Shares,$38.90,0.07,0.18%,2965720518.00,Canada,2014,117012,Health Care,Biotechnology: Pharmaceutical Preparations
XERS,Xeris Biopharma Holdings Inc. Common Stock,$3.415,-0.015,-0.437%,509113189.00,United States,2018,713089,Health Care,Biotechnology: Pharmaceutical Preparations
XFLT,XAI Octagon Floating Rate & Alternative Income Trust Common Shares of Beneficial Interest,$6.635,-0.015,-0.226%,235333710.00,United States,2017,354652,Finance,Investment Managers
XFLT^A,XAI Octagon Floating Rate & Alternative Income Trust 6.50% Series 2026 Term Preferred Shares (Liquidation Preference $25.00),$25.2485,-0.0015,-0.006%,,United States,,396,,
XFOR,X4 Pharmaceuticals Inc. Common Stock,$0.855,0.0511,6.357%,145817231.00,United States,2017,1442847,Health Care,Biotechnology: Biological Products (No Diagnostic Substances)
XGN,Exagen Inc. Common Stock,$4.32,-0.39,-8.28%,76193041.00,United States,2019,107119,Health Care,Medical Specialities
XHG,XChange TEC.INC American Depositary Shares,$0.9316,0.0383,4.287%,6172679.00,China,2019,108330,Finance,Real Estate
XHR,Xenia Hotels & Resorts Inc. Common Stock,$15.05,-0.04,-0.265%,1532343051.00,United States,2015,379842,Consumer Discretionary,Hotels/Resorts
XIN,Xinyuan Real Estate Co Ltd American Depositary Shares,$2.60,-0.05,-1.887%,14595568.00,China,2007,42573,Consumer Discretionary,Homebuilding
XLO,Xilio Therapeutics Inc. Common Stock,$1.00,0.0278,2.859%,43958074.00,United States,2021,444667,Health Care,Biotechnology: Pharmaceutical Preparations
XMTR,Xometry Inc. Class A Common Stock,$44.345,0.165,0.373%,2197925912.00,United States,2021,326033,Consumer Discretionary,Business Services
XNCR,Xencor Inc. Common Stock,$23.87,-0.42,-1.729%,1670471056.00,United States,2013,119985,Health Care,Biotechnology: Pharmaceutical Preparations
XNET,Xunlei Limited American Depositary Shares,$2.11,0.05,2.427%,136527784.00,China,2014,286947,Technology,Computer Software: Prepackaged Software
XOM,Exxon Mobil Corporation Common Stock,$106.1136,-0.3664,-0.344%,466379303555.00,United States,,4538472,Energy,Integrated oil Companies
XOMA,XOMA Royalty Corporation Common Stock,$25.60,-0.70,-2.662%,301637709.00,United States,1986,16179,Health Care,Biotechnology: Pharmaceutical Preparations
XOMAO,XOMA Royalty Corporation Depositary Shares Rep Series B 8.375% Cumulative Preferred Stock,$25.62,-0.06,-0.234%,301873363.00,United States,,605,Health Care,Biotechnology: Pharmaceutical Preparations
XOMAP,XOMA Royalty Corporation 8.625% Series A Cumulative Perpetual Preferred Stock,$25.85,0.02,0.077%,304583390.00,United States,,1205,Health Care,Biotechnology: Pharmaceutical Preparations
XOS,Xos Inc. Common Stock,$3.67,0.51,16.139%,29467692.00,United States,2020,79674,Consumer Discretionary,Auto Parts:O.E.M.
XOSWW,Xos Inc. Warrants,$0.0053,-0.0007,-11.667%,42556.00,United States,2020,450868,Consumer Discretionary,Auto Parts:O.E.M.
XP,XP Inc. Class A Common Stock,$11.93,-0.15,-1.242%,6555453566.00,Brazil,2019,2200210,Finance,Investment Bankers/Brokers/Service
XPEL,XPEL Inc. Common Stock,$39.52,-0.13,-0.328%,1092634733.00,United States,,27556,Industrials,Industrial Specialties
XPER,Xperi Inc. Common Stock ,$10.08,-0.05,-0.494%,451888608.00,United States,2022,88260,Technology,Computer Software: Prepackaged Software
XPEV,XPeng Inc. American depositary shares each representing two Class A ordinary shares,$11.8829,-0.7471,-5.915%,11202230139.00,China,2020,6847136,Consumer Discretionary,Auto Manufacturing
XPL,Solitario Resources Corp. Common Stock,$0.5944,-0.0046,-0.768%,48406996.00,United States,,25064,Basic Materials,Precious Metals
XPO,XPO Inc. Common Stock,$132.775,0.515,0.389%,15455260945.00,United States,,564700,Consumer Discretionary,Transportation Services
XPOF,Xponential Fitness Inc. Class A Common Stock,$13.195,0.355,2.765%,637358085.00,United States,2021,178428,Consumer Discretionary,Services-Misc. Amusement & Recreation
XPON,Expion360 Inc. Common Stock,$2.71,0.52,23.744%,5680382.00,United States,2022,905519,Miscellaneous,Industrial Machinery/Components
XPRO,Expro Group Holdings N.V. Common Stock,$12.115,0.405,3.459%,1423453015.00,United States,2013,259871,Energy,Oilfield Services/Equipment
XRAY,DENTSPLY SIRONA Inc. Common Stock,$18.755,-0.185,-0.977%,3728110798.00,United States,1987,901922,Health Care,Medical/Dental Instruments
XRTX,XORTX Therapeutics Inc. Common Stock,$1.1799,-0.0101,-0.849%,3803484.00,Canada,,14896,Health Care,Biotechnology: Pharmaceutical Preparations
XRX,Xerox Holdings Corporation Common Stock,$8.965,-0.185,-2.022%,1114633995.00,United States,,1054795,Technology,Computer peripheral equipment
XTIA,XTI Aerospace Inc. Common Stock,$0.04,0.0005,1.266%,6063597.00,United States,2014,207584716,Technology,EDP Services
XTKG,X3 Holdings Co. Ltd. Ordinary Shares,$0.9648,0.0028,0.291%,13285265.00,China,2019,42330,Technology,EDP Services
XTLB,XTL Biopharmaceuticals Ltd. American Depositary Shares,$1.802,-0.268,-12.947%,9819208.00,Israel,,5920,Health Care,Biotechnology: Pharmaceutical Preparations
XTNT,Xtant Medical Holdings Inc. Common Stock,$0.462,-0.0021,-0.452%,64221907.00,United States,,49662,Health Care,Biotechnology: Biological Products (No Diagnostic Substances)
XWEL,XWELL Inc. Common Stock,$1.54,-0.09,-5.521%,8094277.00,United States,,51915,Consumer Discretionary,Other Consumer Services
XXII,22nd Century Group Inc. Common Stock,$5.05,0.06,1.202%,2300558.00,United States,,69283,Health Care, Medicinal Chemicals and Botanical Products 
XYF,X Financial American Depositary Shares each representing six Class A Ordinary Shares,$8.351,-0.069,-0.819%,408577694.00,Cayman Islands,2018,26833,Finance,Finance: Consumer Services
XYL,Xylem Inc. Common Stock New,$116.40,-1.13,-0.961%,28278763429.00,United States,2011,211527,Industrials,Fluid Controls
XYLO,Xylo Technologies Ltd. American Depositary Shares,$3.851,-0.379,-8.96%,2736193.00,Israel,,11736,Health Care,Medical/Dental Instruments
YAAS,Youxin Technology Ltd Class A Ordinary shares,$3.60,0.30,9.091%,241560000.00,China,2024,15231,Technology,Computer Software: Prepackaged Software
YALA,Yalla Group Limited American Depositary Shares each representing one Class A Ordinary Share,$4.06,-0.08,-1.932%,643685014.00,United Arab Emirates,2020,59460,Technology,Computer Software: Programming Data Processing
YCBD,cbdMD Inc. Common Stock,$0.3704,-0.0066,-1.751%,2051692.00,United States,2017,215080,Consumer Discretionary,Package Goods/Cosmetics
YCBD^A,cbdMD Inc. 8.0% Series A Cumulative Convertible Preferred Stock,$0.70,-0.0156,-2.18%,,United States,,1532,,
YELP,Yelp Inc. Common Stock,$38.6746,-0.1554,-0.40%,2545472834.00,United States,2012,203572,Consumer Discretionary,Other Consumer Services
YETI,YETI Holdings Inc. Common Stock,$38.41,-0.94,-2.389%,3258145535.00,United States,2018,642377,Consumer Discretionary,Recreational Games/Products/Toys
YEXT,Yext Inc. Common Stock,$6.255,-0.075,-1.185%,798271413.00,United States,2017,298408,Technology,EDP Services
YGMZ,MingZhu Logistics Holdings Limited Ordinary Shares,$1.03,-0.02,-1.905%,4777439.00,China,2020,5598,Consumer Discretionary,Transportation Services
YHC,LQR House Inc. Common Stock,$1.33,0.00,0.00%,9349004.00,United States,2023,264473,Consumer Staples,Beverages (Production/Distribution)
YHGJ,Yunhong Green CTI Ltd. Common Stock,$0.494,-0.016,-3.137%,12769004.00,United States,,29684,Industrials,Specialty Chemicals
YHNA,YHN Acquisition I Limited Ordinary Shares,$10.05,0.0001,0.001%,0.00,Hong Kong,2024,10089,,
YHNAU,YHN Acquisition I Limited Unit,$10.15,0.05,0.495%,0.00,Hong Kong,2024,1274,,
YI,111 Inc. American Depositary Shares,$0.66,-0.075,-10.204%,56538453.00,China,2018,1061679,Consumer Staples,Retail-Drug Stores and Proprietary Stores
YIBO,Planet Image International Limited Class A Ordinary Shares,$3.4007,-0.4445,-11.56%,178984282.00,China,2024,6712,Industrials,Industrial Machinery/Components
YJ,Yunji Inc. American Depository Shares,$1.63,-0.06,-3.55%,32051970.00,China,2019,16224,Consumer Discretionary,Other Specialty Stores
YMAB,Y-mAbs Therapeutics Inc. Common Stock,$7.76,-0.24,-3.00%,347563230.00,United States,2018,195707,Health Care,Biotechnology: Pharmaceutical Preparations
YMM,Full Truck Alliance Co. Ltd. American Depositary Shares (each representing 20 Class A Ordinary Shares),$10.78,-0.19,-1.732%,11358546904.00,China,2021,1885692,Technology,Computer Software: Prepackaged Software
YORW,York Water Company (The) Common Stock,$33.20,0.25,0.759%,477222212.00,United States,,33909,Utilities,Water Supply
YOSH,Yoshiharu Global Co. Class A Common Stock,$3.27,0.00,0.00%,4717253.00,United States,2022,16588,Consumer Discretionary,Restaurants
YOTA,Yotta Acquisition Corporation Common Stock,$11.27,0.00,0.00%,0.00,United States,2022,26,Consumer Staples,Farming/Seeds/Milling
YOU,Clear Secure Inc. Class A Common Stock,$27.1621,-0.0579,-0.213%,3786521849.00,United States,2021,344653,Technology,Computer Software: Prepackaged Software
YPF,YPF Sociedad Anonima Common Stock,$42.54,-0.10,-0.235%,16731526214.00,Argentina,1993,455198,Energy,Integrated oil Companies
YQ,17 Education & Technology Group Inc. American Depositary Shares,$1.56,0.00,0.00%,12085473.00,China,2020,3714,Real Estate,Other Consumer Services
YRD,Yiren Digital Ltd. American Depositary Shares each representing two ordinary shares,$4.69,-0.18,-3.696%,407723007.00,China,2015,168278,Finance,Finance: Consumer Services
YSG,Yatsen Holding Limited American Depositary Shares each representing twenty (20) Class A Ordinary Shares,$4.19,-0.24,-5.418%,451287935.00,China,,44854,Consumer Discretionary,Package Goods/Cosmetics
YSXT,YSX Tech. Co. Ltd Class A Ordinary Shares,$4.01,1.31,48.519%,93232500.00,China,2024,465166,Consumer Discretionary,Automotive Aftermarket
YTRA,Yatra Online Inc. Ordinary Shares,$1.28,-0.005,-0.389%,78817754.00,India,,37844,Consumer Discretionary,Transportation Services
YUM,Yum! Brands Inc.,$133.955,-1.275,-0.943%,37383070203.00,United States,,441494,Consumer Discretionary,Restaurants
YUMC,Yum China Holdings Inc. Common Stock,$48.16,-0.94,-1.914%,18289444402.00,United States,2016,495576,Consumer Discretionary,Restaurants
YXT,YXT.COM GROUP HOLDING LIMITED American Depository Shares,$2.4001,-0.2099,-8.042%,427578149.00,China,2024,17213,Technology,Computer Software: Prepackaged Software
YY,JOYY Inc. American Depositary Shares,$40.58,-1.65,-3.907%,2470009643.00,China,2012,184880,Technology,EDP Services
YYAI,Connexa Sports Technologies Inc. Common Stock,$1.13,-0.06,-5.042%,16456219.00,United States,,87756,Consumer Discretionary,Recreational Games/Products/Toys
YYGH,YY Group Holding Limited Class A Ordinary Shares,$1.8401,-0.0499,-2.64%,72545943.00,Singapore,2024,35569,Consumer Discretionary,Professional Services
Z,Zillow Group Inc. Class C Capital Stock,$75.04,-1.14,-1.496%,17526278241.00,United States,,647853,Consumer Discretionary,Business Services
ZAPP,Zapp Electric Vehicles Group Limited Ordinary Shares,$1.24,-0.06,-4.615%,5220400.00,Thailand,,225253,Consumer Discretionary,Motor Vehicles
ZAPPW,Zapp Electric Vehicles Group Limited Warrant,$0.0078,-0.0002,-2.50%,32838.00,Thailand,,312627,Consumer Discretionary,Motor Vehicles
ZBAI,ATIF Holdings Limited Ordinary Shares,$1.05,0.098,10.294%,12513325.00,China,2019,97480,Consumer Discretionary,Professional Services
ZBAO,Zhibao Technology Inc. Class A Ordinary Shares,$1.60,-0.16,-9.091%,50438024.00,China,2024,69649,Finance,Specialty Insurers
ZBH,Zimmer Biomet Holdings Inc. Common Stock,$105.84,-1.03,-0.964%,21069961678.00,United States,,423300,Health Care,Industrial Specialties
ZBIO,Zenas BioPharma Inc. Common Stock,$9.385,-0.455,-4.624%,392208882.00,United States,2024,85254,Health Care,Biotechnology: Pharmaceutical Preparations
ZBRA,Zebra Technologies Corporation Class A Common Stock,$385.13,-3.94,-1.013%,19865016184.00,United States,1991,92043,Industrials,Industrial Machinery/Components
ZCAR,Zoomcar Holdings Inc. Common Stock,$2.36,-0.17,-6.719%,4862412.00,United States,2022,408797,Consumer Discretionary,Rental/Leasing Companies
ZCARW,Zoomcar Holdings Inc. Warrants,$0.0242,0.0021,9.502%,49860.00,United States,2022,75248,Consumer Discretionary,Rental/Leasing Companies
ZCMD,Zhongchao Inc. Class A Ordinary Shares,$1.76,0.11,6.667%,3616700.00,China,2020,6926,Real Estate,Other Consumer Services
ZD,Ziff Davis Inc. Common Stock,$54.79,-0.57,-1.03%,2341796594.00,United States,,83052,Telecommunications,Telecommunications Equipment
ZDGE,Zedge Inc. Class B Common Stock ,$2.81,-0.30,-9.646%,39743336.00,,2016,127013,Technology,Computer Software: Prepackaged Software
ZENA,ZenaTech Inc. Common Stock,$8.70,0.22,2.594%,153674094.00,Canada,,939636,Technology,Computer Software: Prepackaged Software
ZENV,Zenvia Inc. Class A Common Stock,$2.2899,0.1599,7.507%,95911248.00,Brazil,2021,120701,Technology,Computer Software: Prepackaged Software
ZEO,Zeo Energy Corporation Class A Common Stock,$3.14,0.26,9.028%,128850983.00,United States,2021,392062,Miscellaneous,Industrial Machinery/Components
ZEOWW,Zeo Energy Corporation Warrants,$0.1398,0.0398,39.80%,5736741.00,United States,2021,57983,Miscellaneous,Industrial Machinery/Components
ZEPP,Zepp Health Corporation American depositary shares each representing sixteen Class A ordinary shares,$2.7335,-0.0415,-1.495%,40988884.00,China,,7459,Technology,Computer Manufacturing
ZETA,Zeta Global Holdings Corp. Class A Common Stock,$17.9275,0.2575,1.457%,4256848321.00,United States,2021,3178364,Technology,Computer Software: Prepackaged Software
ZEUS,Olympic Steel Inc. Common Stock,$32.425,-0.235,-0.72%,360972674.00,United States,1994,34702,Industrials,Metal Fabrications
ZG,Zillow Group Inc. Class A Common Stock,$71.71,-1.03,-1.416%,16748526288.00,United States,2011,99958,Consumer Discretionary,Business Services
ZGN,Ermenegildo Zegna N.V. Ordinary Shares,$8.28,-0.07,-0.838%,2072568978.00,,2021,177779,Consumer Discretionary,Apparel
ZH,Zhihu Inc. American Depositary Shares each representing three (3) Class A Ordinary Shares,$3.61,-0.10,-2.695%,358375581.00,China,,103066,Consumer Discretionary,Business Services
ZI,ZoomInfo Technologies Inc Common Stock,$10.32,-0.34,-3.189%,3543565552.00,United States,2020,2934815,Technology,Computer Software: Prepackaged Software
ZIM,ZIM Integrated Shipping Services Ltd. Ordinary Shares,$21.44,-0.46,-2.10%,2578945283.00,,2021,1733611,Consumer Discretionary,Marine Transportation
ZIMV,ZimVie Inc. Common Stock,$14.06,0.02,0.142%,388040126.00,United States,,38055,Health Care,Medical/Dental Instruments
ZION,Zions Bancorporation N.A. Common Stock,$54.44,-0.24,-0.439%,8041398708.00,United States,,292680,Finance,Major Banks
ZIONP,Zions Bancorporation N.A. Depositary Shares (Each representing 1/40th Interest in a Share of Series A Floating-Rate Non-Cumulative Perpetual Preferred Stock),$23.957,-0.0822,-0.342%,3538717650.00,United States,,665,Finance,Major Banks
ZIP,ZipRecruiter Inc. Class A Common Stock,$7.025,-0.065,-0.917%,686355595.00,United States,2021,79326,Technology,Computer Software: Programming Data Processing
ZJK,ZJK Industrial Co. Ltd. Ordinary Shares,$9.136,0.251,2.825%,559580000.00,China,2024,85976,Industrials,Metal Fabrications
ZJYL,JIN MEDICAL INTERNATIONAL LTD. Ordinary Shares,$0.90,-0.15,-14.286%,140892390.00,China,2023,343187,Health Care,Industrial Specialties
ZK,ZEEKR Intelligent Technology Holding Limited American Depositary Shares (each representing ten (10) Ordinary Shares),$28.305,-0.895,-3.065%,7007882811.00,Cayman Islands,2024,343481,Consumer Discretionary,Auto Manufacturing
ZKH,ZKH Group Limited American Depositary Shares each representing thirty-five (35) Class A Ordinary Shares,$3.68,0.33,9.851%,592734023.00,Cayman Islands,2023,36442,Consumer Discretionary,RETAIL: Building Materials
ZKIN,ZK International Group Co. Ltd Ordinary Share,$0.6999,0.0019,0.272%,25299723.00,China,2017,55457,Industrials,Metal Fabrications
ZLAB,Zai Lab Limited American Depositary Shares,$26.68,0.07,0.263%,2657561904.00,China,2017,90591,Health Care,Biotechnology: Pharmaceutical Preparations
ZM,Zoom Communications Inc. Class A Common Stock,$83.06,-0.76,-0.907%,25457468969.00,United States,2019,725596,Technology,Computer Software: Programming Data Processing
ZNTL,Zentalis Pharmaceuticals Inc. Common Stock,$3.00,-0.06,-1.961%,213796200.00,United States,2020,558625,Health Care,Biotechnology: Pharmaceutical Preparations
ZOM,Zomedica Corp. Common Shares,$0.1223,0.0012,0.991%,119847844.00,United States,2017,4864430,Health Care,Pharmaceuticals and Biotechnology
ZONE,CleanCore Solutions Inc. Class B Common Stock,$1.3207,0.0207,1.592%,10888182.00,,2024,46644,Industrials,Industrial Machinery/Components
ZOOZ,ZOOZ Power Ltd. Ordinary Shares,$2.47,-0.03,-1.20%,0.00,Israel,,19188,Technology,Industrial Machinery/Components
ZOOZW,ZOOZ Power Ltd. Warrant,$0.0512,-0.0288,-36.00%,617785.00,Israel,,1640,Technology,Industrial Machinery/Components
ZS,Zscaler Inc. Common Stock,$183.21,-1.35,-0.731%,28111490120.00,United States,2018,514087,Technology,EDP Services
ZSPC,zSpace Inc. Common stock,$15.60,2.40,18.182%,353153268.00,United States,2024,95489,Technology,Computer Software: Prepackaged Software
ZTEK,Zentek Ltd. Common Stock,$0.99,0.06,6.452%,103024167.00,Canada,,39006,Industrials,Major Chemicals
ZTO,ZTO Express (Cayman) Inc. American Depositary Shares each representing one Class A ordinary share.,$19.205,-0.535,-2.71%,15611104263.00,China,2016,816323,Industrials,Trucking Freight/Courier Services
ZTR,Virtus Total Return Fund Inc.,$5.795,-0.075,-1.278%,0.00,United States,1988,167437,Finance,Investment Managers
ZTS,Zoetis Inc. Class A Common Stock,$163.04,-1.56,-0.948%,73557943393.00,United States,2013,633230,Health Care,Biotechnology: Pharmaceutical Preparations
ZUMZ,Zumiez Inc. Common Stock,$18.94,-0.53,-2.722%,363132605.00,United States,2005,189610,Consumer Discretionary,Clothing/Shoe/Accessory Stores
ZUO,Zuora Inc. Class A Common Stock,$9.925,0.005,0.05%,1525472500.00,United States,2018,523325,Technology,Computer Software: Prepackaged Software
ZURA,Zura Bio Limited Class A Ordinary Shares,$2.44,-0.06,-2.40%,159316213.00,Cayman Islands,,327008,Health Care,Biotechnology: Biological Products (No Diagnostic Substances)
ZVIA,Zevia PBC Class A Common Stock,$3.82,0.08,2.139%,278913789.00,United States,2021,461141,Consumer Staples,Beverages (Production/Distribution)
ZVRA,Zevra Therapeutics Inc. Common Stock,$8.26,-0.13,-1.549%,440885198.00,United States,,224642,Health Care,Biotechnology: Pharmaceutical Preparations
ZVSA,ZyVersa Therapeutics Inc. Common Stock,$1.06,-0.09,-7.826%,2484842.00,United States,2022,90807,Health Care,Biotechnology: Pharmaceutical Preparations
ZWS,Zurn Elkay Water Solutions Corporation Common Stock,$37.525,-0.185,-0.491%,6368513797.00,United States,2012,174321,Industrials,Industrial Machinery/Components
ZYME,Zymeworks Inc. Common Stock,$14.57,0.07,0.483%,1003545554.00,United States,,137429,Health Care,Biotechnology: Pharmaceutical Preparations
ZYXI,Zynex Inc. Common Stock,$8.03,-0.18,-2.192%,255719726.00,United States,,27271,Health Care,Biotechnology: Electromedical & Electrotherapeutic Apparatus
