Symbol,Name,Last Sale,Net Change,% Change,Market Cap,Country,IPO Year,Volume,Sector,Industry
A,Agilent Technologies Inc. Common Stock,$113.50,-1.31,-1.141%,32241346628.00,United States,1999,1888639,Industrials,Biotechnology: Laboratory Analytical Instruments
AA,Alcoa Corporation Common Stock ,$28.40,-1.57,-5.239%,7352826399.00,United States,2016,6928797,Industrials,Aluminum
AACB,Artius II Acquisition Inc. Class A Ordinary Shares,$10.14,0.00,0.00%,0.00,United States,2025,10,,
AACBR,Artius II Acquisition Inc. Rights,$0.2206,0.00,0.00%,0.00,United States,2025,22,,
AACG,ATA Creativity Global American Depositary Shares,$1.08,-1.14,-51.351%,34464298.00,China,2008,3197159,Real Estate,Other Consumer Services
AACI,Armada Acquisition Corp. II Class A Ordinary Shares,$10.09,0.02,0.199%,0.00,United States,2025,156,Finance,Blank Checks
AACIU,Armada Acquisition Corp. II Units,$10.21,0.06,0.591%,0.00,United States,2025,1127,Finance,Blank Checks
AACIW,Armada Acquisition Corp. II Warrant,$0.25,-0.01,-3.846%,0.00,United States,2025,495,Finance,Blank Checks
AACT,Ares Acquisition Corporation II Class A Ordinary Shares,$11.41,0.01,0.088%,0.00,,2023,268421,Finance,Blank Checks
AAL,American Airlines Group Inc. Common Stock,$11.03,-0.46,-4.003%,7277911896.00,United States,,71543814,Consumer Discretionary,Air Freight/Delivery Services
AAM,AA Mission Acquisition Corp. Class A Ordinary Shares,$10.46,0.005,0.048%,0.00,,2024,3538,,
AAME,Atlantic American Corporation Common Stock,$2.2458,-0.0392,-1.716%,45808095.00,United States,,61805,Finance,Life Insurance
AAMI,Acadian Asset Management Inc. Common Stock,$39.58,-2.21,-5.288%,1416776985.00,United Kingdom,2014,375127,Finance,Investment Managers
AAOI,Applied Optoelectronics Inc. Common Stock,$21.53,-1.34,-5.859%,1195869942.00,United States,2013,5883750,Technology,Semiconductors
AAON,AAON Inc. Common Stock,$81.65,-1.85,-2.216%,6643545168.00,United States,,1588054,Industrials,Industrial Machinery/Components
AAP,Advance Auto Parts Inc.,$52.71,-0.36,-0.678%,3158680326.00,United States,,1908561,Consumer Discretionary,Auto & Home Supply Stores
AAPG,Ascentage Pharma Group International American Depository Shares,$37.20,0.20,0.541%,3238879194.00,China,2025,9740,Health Care,Biotechnology: Pharmaceutical Preparations
AAPL,Apple Inc. Common Stock,$202.38,-5.19,-2.50%,3022712465880.00,United States,1980,104298526,Technology,Computer Manufacturing
AARD,Aardvark Therapeutics Inc. Common Stock,$12.13,0.12,0.999%,263171510.00,United States,2025,36180,Health Care,Biotechnology: Pharmaceutical Preparations
AAT,American Assets Trust Inc. Common Stock,$18.70,-0.33,-1.734%,1143219451.00,United States,2011,595466,Real Estate,Real Estate Investment Trusts
AAUC,Allied Gold Corporation Common Shares,$13.04,0.15,1.164%,1504544977.00,,2025,63604,,
AB,AllianceBernstein Holding L.P.  Units,$40.62,-0.17,-0.417%,4490024923.00,United States,,160061,Finance,Investment Managers
ABAT,American Battery Technology Company Common Stock,$2.20,0.03,1.382%,202150106.00,United States,,6041028,Basic Materials,Metal Mining
ABBV,AbbVie Inc. Common Stock,$195.22,6.20,3.28%,344837198931.00,United States,2012,8081264,Health Care,Biotechnology: Pharmaceutical Preparations
ABCB,Ameris Bancorp Common Stock,$65.91,-2.44,-3.57%,4541919001.00,United States,1994,639735,Finance,Major Banks
ABCL,AbCellera Biologics Inc. Common Shares,$4.24,-0.23,-5.145%,1249381856.00,Canada,2020,6645144,Health Care,Pharmaceuticals and Biotechnology
ABEO,Abeona Therapeutics Inc. Common Stock,$6.49,0.12,1.884%,332007217.00,United States,,769569,Health Care,Biotechnology: Pharmaceutical Preparations
ABEV,Ambev S.A. American Depositary Shares (Each representing 1 Common Share),$2.18,0.00,0.00%,34131299111.00,Brazil,2013,39754532,Consumer Staples,Beverages (Production/Distribution)
ABG,Asbury Automotive Group Inc Common Stock,$223.02,0.90,0.405%,4384715487.00,United States,2002,337425,Consumer Discretionary,Retail-Auto Dealers and Gas Stations
ABL,Abacus Global Management Inc. Class A Common Stock,$5.29,-0.12,-2.218%,512352576.00,United States,2020,799119,Finance,Investment Managers
ABLLL,Abacus Global Management Inc. 9.875% Fixed Rate Senior Notes due 2028,$24.90,-0.06,-0.24%,1858818540.00,United States,,3016,Finance,Investment Managers
ABLLW,Abacus Global Management Inc. Warrant,$1.00,-0.11,-9.91%,96853039.00,United States,2020,4819,Finance,Investment Managers
ABLV,Able View Global Inc. Class B Ordinary Shares,$1.006,0.006,0.60%,49686262.00,China,,3515,Consumer Discretionary,Other Consumer Services
ABLVW,Able View Global Inc. Warrant,$0.0203,0.00,0.00%,1002615.00,China,,120,Consumer Discretionary,Other Consumer Services
ABM,ABM Industries Incorporated Common Stock,$45.47,-0.66,-1.431%,2830872260.00,United States,,468419,Finance,Diversified Commercial Services
ABNB,Airbnb Inc. Class A Common Stock,$128.02,-4.39,-3.315%,80193360895.00,United States,2020,5099831,Finance,Diversified Commercial Services
ABOS,Acumen Pharmaceuticals Inc. Common Stock,$1.35,-0.05,-3.571%,81774124.00,United States,2021,89035,Health Care,Biotechnology: Biological Products (No Diagnostic Substances)
ABP,Abpro Holdings Inc Common Stock,$0.2381,-0.0203,-7.856%,14473449.00,United States,2022,4018283,Health Care,Biotechnology: Pharmaceutical Preparations
ABPWW,Abpro Holdings Inc. Warrant,$0.0526,0.0015,2.935%,3197411.00,United States,2022,130,Health Care,Biotechnology: Pharmaceutical Preparations
ABR,Arbor Realty Trust Common Stock,$11.20,0.04,0.358%,2152194598.00,United States,2004,5620640,Real Estate,Real Estate Investment Trusts
ABR^D,Arbor Realty Trust 6.375% Series D Cumulative Redeemable Preferred Stock Liquidation Preference $25.00 per Share,$18.00,-0.20,-1.099%,,United States,,10966,,
ABR^E,Arbor Realty Trust 6.25% Series E Cumulative Redeemable Preferred Stock,$17.67,-0.11,-0.619%,,United States,,3293,,
ABR^F,Arbor Realty Trust 6.25% Series F Fixed-to-Floating Rate Cumulative Redeemable Preferred Stock Liquidation Preference $25.00 per share,$21.42,-0.08,-0.372%,,United States,,4422,,
ABSI,Absci Corporation Common Stock,$2.90,0.07,2.473%,369922121.00,United States,2021,4912415,Health Care,Biotechnology: Commercial Physical & Biological Resarch
ABT,Abbott Laboratories Common Stock,$127.29,1.10,0.872%,221543027892.00,United States,,5452663,Health Care,Biotechnology: Pharmaceutical Preparations
ABTS,Abits Group Inc Ordinary Shares,$3.61,-0.33,-8.376%,8556202.00,China,,12669,Technology,Computer Software: Programming Data Processing
ABUS,Arbutus Biopharma Corporation Common Stock,$3.27,-0.01,-0.305%,626293712.00,Canada,,553477,Health Care,Biotechnology: Pharmaceutical Preparations
ABVC,ABVC BioPharma Inc. Common Stock,$2.75,0.35,14.583%,46126468.00,United States,,319964,Health Care,Biotechnology: Pharmaceutical Preparations
ABVE,Above Food Ingredients Inc. Common Stock,$1.72,0.04,2.381%,47823924.00,Canada,,1753154,Consumer Staples,Packaged Foods
ABVEW,Above Food Ingredients Inc. Warrants,$0.1798,0.0097,5.703%,4999268.00,Canada,,58462,Consumer Staples,Packaged Foods
ABVX,Abivax SA American Depositary Shares,$71.945,0.175,0.244%,4560111015.00,France,2023,1252427,Health Care,Biotechnology: Pharmaceutical Preparations
AC,Associated Capital Group Inc. Common Stock,$37.15,0.13,0.351%,785264701.00,United States,2015,19695,Finance,Investment Bankers/Brokers/Service
ACA,Arcosa Inc. Common Stock ,$83.66,-2.22,-2.585%,4083953838.00,United States,2018,343101,Industrials,Metal Fabrications
ACAD,ACADIA Pharmaceuticals Inc. Common Stock,$23.53,-0.30,-1.259%,3938024354.00,United States,1985,1756223,Health Care,Biotechnology: Pharmaceutical Preparations
ACB,Aurora Cannabis Inc. Common Shares,$4.48,0.05,1.129%,251983890.00,Canada,,1764377,Health Care, Medicinal Chemicals and Botanical Products 
ACCO,Acco Brands Corporation Common Stock,$3.44,-0.31,-8.267%,309940749.00,United States,,1464041,Consumer Discretionary,Publishing
ACCS,ACCESS Newswire Inc. Common Stock,$12.20,0.35,2.954%,46942465.00,United States,,9945,Consumer Discretionary,Publishing
ACDC,ProFrac Holding Corp. Class A Common Stock,$6.51,-0.51,-7.265%,1042761592.00,United States,2022,403871,Energy,Oilfield Services/Equipment
ACEL,Accel Entertainment Inc. ,$12.48,-0.38,-2.955%,1056323262.00,United States,2017,292447,Consumer Discretionary,Services-Misc. Amusement & Recreation
ACET,Adicet Bio Inc. Common Stock ,$0.6706,-0.015,-2.188%,55465075.00,United States,2018,271773,Health Care,Biotechnology: Pharmaceutical Preparations
ACFN,Acorn Energy Inc. Common Stock,$28.70,3.25,12.77%,71495431.00,United States,,74955,Consumer Discretionary,Military/Government/Technical
ACGL,Arch Capital Group Ltd. Common Stock,$88.00,1.94,2.254%,32978398200.00,Bermuda,,2846752,Finance,Property-Casualty Insurers
ACGLN,Arch Capital Group Ltd. Depositary Shares each Representing a 1/1000th Interest in a 4.550% Non-Cumulative Preferred Share Series G,$17.38,-0.02,-0.115%,6513233645.00,Bermuda,,32263,Finance,Property-Casualty Insurers
ACGLO,Arch Capital Group Ltd. Depositary Shares Each Representing 1/1000th Interest in a Share of 5.45% Non-Cumulative Preferred Shares Series F,$20.80,0.08,0.386%,7794894120.00,Bermuda,,20311,Finance,Property-Casualty Insurers
ACHC,Acadia Healthcare Company Inc. Common Stock,$21.09,-0.68,-3.124%,1942856418.00,United States,,1874471,Health Care,Medical Specialities
ACHR,Archer Aviation Inc. Class A Common Stock,$9.64,-0.39,-3.888%,5292466609.00,United States,2020,29702351,Industrials,Aerospace
ACHV,Achieve Life Sciences Inc. Common Shares,$2.55,-0.06,-2.299%,88446934.00,United States,,401123,Health Care,Biotechnology: In Vitro & In Vivo Diagnostic Substances
ACI,Albertsons Companies Inc. Class A Common Stock,$19.61,0.39,2.029%,10978588747.00,United States,2020,5689903,Consumer Staples,Food Chains
ACIC,American Coastal Insurance Corporation Common Stock,$10.13,-0.28,-2.69%,489820064.00,United States,,226254,Finance,Property-Casualty Insurers
ACIU,AC Immune SA Common Stock,$2.12,-0.04,-1.852%,212869999.00,Switzerland,2016,88622,Health Care,Biotechnology: Pharmaceutical Preparations
ACIW,ACI Worldwide Inc. Common Stock,$40.74,-1.82,-4.276%,4273611537.00,United States,,1156636,Technology,Computer Software: Prepackaged Software
ACLS,Axcelis Technologies Inc. Common Stock,$68.75,1.06,1.566%,2208905738.00,United States,2000,545422,Technology,Industrial Machinery/Components
ACLX,Arcellx Inc. Common Stock,$71.14,-0.25,-0.35%,3920290851.00,United States,2022,330989,Health Care,Biotechnology: Biological Products (No Diagnostic Substances)
ACM,AECOM Common Stock,$111.08,-1.66,-1.472%,14695950981.00,United States,2007,1067314,Consumer Discretionary,Military/Government/Technical
ACMR,ACM Research Inc. Class A Common Stock,$29.48,-0.88,-2.899%,1882725578.00,United States,2017,1090320,Technology,Industrial Machinery/Components
ACN,Accenture plc Class A Ordinary Shares (Ireland),$255.37,-11.73,-4.392%,159057893233.00,Ireland,2001,6041838,Consumer Discretionary,Business Services
ACNB,ACNB Corporation Common Stock,$41.33,-0.77,-1.829%,432877442.00,United States,,22682,Finance,Major Banks
ACNT,Ascent Industries Co. Common Stock,$12.66,-0.17,-1.325%,126722726.00,United States,,35068,Industrials,Steel/Iron Ore
ACOG,Alpha Cognition Inc. Common Stock,$9.05,-0.06,-0.659%,144979072.00,Canada,,41227,,
ACON,Aclarion Inc. Common Stock,$6.995,0.045,0.647%,4073685.00,United States,2022,29563,Health Care,Medical Specialities
ACONW,Aclarion Inc. Warrant,$0.0284,-0.0006,-2.069%,16539.00,United States,2022,200,Health Care,Medical Specialities
ACP,abrdn Income Credit Strategies Fund Common Shares,$5.96,0.01,0.168%,0.00,United States,2011,478187,Finance,Investment Managers
ACP^A,abrdn Income Credit Strategies Fund 5.250% Series A Perpetual Preferred Stock,$20.78,0.18,0.874%,,United States,,3522,,
ACR,ACRES Commercial Realty Corp. Common Stock,$19.29,-0.39,-1.982%,142634002.00,United States,,22405,Real Estate,Real Estate Investment Trusts
ACR^C,ACRES Commercial Realty Corp. 8.625% Fixed-to-Floating Series C Cumulative Redeemable Preferred Stock ,$24.94,0.07,0.281%,,United States,,13984,,
ACR^D,ACRES Commercial Realty Corp. 7.875% Series D Cumulative Redeemable Preferred Stock,$22.04,-0.09,-0.407%,,United States,,6384,,
ACRE,Ares Commercial Real Estate Corporation Common Stock,$4.44,-0.03,-0.671%,244223767.00,United States,2012,686322,Real Estate,Real Estate Investment Trusts
ACRS,Aclaris Therapeutics Inc. Common Stock,$1.53,0.00,0.00%,165670296.00,United States,2015,1094034,Health Care,Biotechnology: Pharmaceutical Preparations
ACRV,Acrivon Therapeutics Inc. Common Stock,$1.26,-0.02,-1.563%,39507755.00,United States,2022,140852,Health Care,Biotechnology: Pharmaceutical Preparations
ACT,Enact Holdings Inc. Common Stock,$35.135,0.375,1.079%,5272578537.00,United States,2021,416905,Finance,Specialty Insurers
ACTG,Acacia Research Corporation (Acacia Tech) Common Stock,$3.43,-0.11,-3.107%,329868938.00,United States,,222527,Miscellaneous,Multi-Sector Companies
ACTU,Actuate Therapeutics Inc. Common stock,$7.26,0.01,0.138%,142438732.00,United States,2024,58619,Health Care,Biotechnology: Pharmaceutical Preparations
ACU,Acme United Corporation. Common Stock,$40.13,-0.05,-0.124%,152120350.00,United States,1988,10588,Consumer Discretionary,Industrial Machinery/Components
ACV,Virtus Diversified Income & Convertible Fund Common Shares of Beneficial Interest,$22.33,-0.32,-1.413%,231404763.00,United States,2015,27086,Finance,Finance/Investors Services
ACVA,ACV Auctions Inc. Class A Common Stock,$13.51,-0.70,-4.926%,2311085367.00,United States,2025,3570154,Consumer Discretionary,Business Services
ACXP,Acurx Pharmaceuticals Inc. Common Stock,$0.307,-0.019,-5.828%,7208853.00,United States,2021,1012718,Health Care,Biotechnology: Pharmaceutical Preparations
ADAG,Adagene Inc. American Depositary Shares,$1.92,-0.07,-3.518%,90450346.00,China,2021,9972,Health Care,Biotechnology: Pharmaceutical Preparations
ADAP,Adaptimmune Therapeutics plc American Depositary Shares,$0.0799,-0.0004,-0.498%,127065733.00,United Kingdom,2015,83433126,Health Care,Biotechnology: Biological Products (No Diagnostic Substances)
ADBE,Adobe Inc. Common Stock,$347.80,-9.89,-2.765%,147536760000.00,United States,1986,4306015,Technology,Computer Software: Prepackaged Software
ADC,Agree Realty Corporation Common Stock,$73.73,2.03,2.831%,8111667544.00,United States,,1459468,Real Estate,Real Estate Investment Trusts
ADC^A,Agree Realty Corporation Depositary Shares each representing 1/1000th of a 4.250% Series A Cumulative Redeemable Preferred Stock,$17.18,-0.03,-0.174%,,United States,,17965,,
ADCT,ADC Therapeutics SA Common Shares,$2.69,-0.08,-2.888%,266789589.00,Switzerland,2020,668910,Health Care,Biotechnology: Pharmaceutical Preparations
ADD,Color Star Technology Co. Ltd. Class A Ordinary Shares,$0.74,-0.0001,-0.014%,454831.00,United States,,55014,Consumer Discretionary,Engineering & Construction
ADEA,Adeia Inc. Common Stock,$12.34,-0.61,-4.71%,1338888174.00,United States,2003,567845,Technology,Computer Software: Prepackaged Software
ADGM,Adagio Medical Holdings Inc Common Stock,$1.26,-0.06,-4.545%,19380772.00,United States,,9848,Health Care,Medical/Dental Instruments
ADI,Analog Devices Inc. Common Stock,$221.71,-2.92,-1.30%,110023187535.00,United States,,3740478,Technology,Semiconductors
ADIL,Adial Pharmaceuticals Inc Common Stock,$0.4551,0.019,4.357%,3595606.00,United States,2018,1979559,Health Care,Biotechnology: Pharmaceutical Preparations
ADM,Archer-Daniels-Midland Company Common Stock,$53.85,-0.33,-0.609%,25872233308.00,United States,,2583142,Consumer Staples,Packaged Foods
ADMA,ADMA Biologics Inc Common Stock,$19.33,0.63,3.369%,4614732975.00,United States,,2469672,Health Care,Biotechnology: Biological Products (No Diagnostic Substances)
ADN,Advent Technologies Holdings Inc. Class A Common Stock,$1.83,-0.03,-1.613%,4886623.00,United States,2018,24735,Miscellaneous,Industrial Machinery/Components
ADNT,Adient plc Ordinary Shares ,$21.40,-0.04,-0.187%,1797956182.00,United States,2016,1493821,Consumer Discretionary,Auto Parts:O.E.M.
ADNWW,Advent Technologies Holdings Inc. Warrant,$0.0057,-0.0001,-1.724%,15221.00,United States,2018,43500,Miscellaneous,Industrial Machinery/Components
ADP,Automatic Data Processing Inc. Common Stock,$300.44,-9.06,-2.927%,121955430710.00,United States,,1791572,Technology,EDP Services
ADPT,Adaptive Biotechnologies Corporation Common Stock,$10.33,0.09,0.879%,1569299738.00,United States,2019,1709402,Health Care,Biotechnology: Biological Products (No Diagnostic Substances)
ADSE,ADS-TEC ENERGY PLC Ordinary Shares,$12.20,-0.65,-5.058%,669051867.00,Ireland,,49686,Consumer Discretionary,Industrial Specialties
ADSEW,ADS-TEC ENERGY PLC Warrant,$1.33,-0.0096,-0.717%,72937622.00,Ireland,,31308,Consumer Discretionary,Industrial Specialties
ADSK,Autodesk Inc. Common Stock,$297.02,-6.09,-2.009%,63562280000.00,United States,,1346175,Technology,Computer Software: Prepackaged Software
ADT,ADT Inc. Common Stock,$8.30,-0.05,-0.599%,6899551939.00,United States,2018,17647103,Consumer Discretionary,Diversified Commercial Services
ADTN,ADTRAN Holdings Inc. Common Stock,$8.76,-0.53,-5.705%,700603548.00,United States,1994,1319149,Utilities,Telecommunications Equipment
ADTX,Aditxt Inc. Common Stock,$1.03,-0.06,-5.505%,2183654.00,United States,2020,217911,Health Care,Biotechnology: Pharmaceutical Preparations
ADUR,Aduro Clean Technologies Inc. Common Stock,$10.21,-0.36,-3.406%,295168119.00,Canada,,256808,,
ADUS,Addus HomeCare Corporation Common Stock,$104.96,-1.82,-1.704%,1931173629.00,United States,2009,199146,Health Care,Medical/Nursing Services
ADV,Advantage Solutions Inc. Class A Common Stock,$1.30,-0.07,-5.109%,421605600.00,United States,2019,465599,Consumer Discretionary,Business Services
ADVB,Advanced Biomed Inc. Common Stock,$0.4274,-0.035,-7.569%,9248936.00,Taiwan,2025,297368,Health Care,Medical Specialities
ADVM,Adverum Biotechnologies Inc. Common Stock,$2.32,-0.07,-2.929%,48466501.00,United States,2014,79688,Health Care,Biotechnology: Biological Products (No Diagnostic Substances)
ADVWW,Advantage Solutions Inc. Warrant,$0.0122,0.00,0.00%,3956606.00,United States,2019,3082,Consumer Discretionary,Business Services
ADX,Adams Diversified Equity Fund Inc.,$21.15,-0.45,-2.083%,0.00,United States,,303986,Finance,Investment Managers
ADXN,Addex Therapeutics Ltd American Depositary Shares,$8.10,-0.10,-1.22%,8659775.00,Switzerland,,358,Health Care,Biotechnology: Pharmaceutical Preparations
AEBI,Aebi Schmidt Holding AG Common Stock ,$9.72,-0.58,-5.631%,754266012.00,Switzerland,,540530,Consumer Discretionary,Auto Manufacturing
AEE,Ameren Corporation Common Stock,$102.11,0.98,0.969%,27598180215.00,United States,,2179168,Utilities,Power Generation
AEF,abrdn Emerging Markets ex-China Fund Inc. Common Stock,$6.04,0.00,0.00%,648469500.00,United States,,76598,Finance,Finance/Investors Services
AEFC,Aegon Funding Company LLC 5.10% Subordinated Notes due 2049,$19.99,-0.06,-0.299%,0.00,United States,2019,29338,,
AEG,Aegon Ltd. New York Registry Shares,$6.93,-0.17,-2.394%,13902863658.00,Netherlands,,5372024,Finance,Life Insurance
AEHL,Antelope Enterprise Holdings Limited Class A Ordinary Shares,$3.48,0.01,0.288%,11897382.00,China,,47796,Industrials,Building Materials
AEHR,Aehr Test Systems Common Stock,$16.84,-0.06,-0.355%,503769627.00,United States,1997,1163226,Industrials,Electrical Products
AEI,Alset Inc. Common Stock (TX),$1.16,-0.05,-4.132%,13612738.00,United States,2020,101780,Finance,Real Estate
AEIS,Advanced Energy Industries Inc. Common Stock,$135.25,-3.67,-2.642%,5092890686.00,United States,1995,468823,Technology,Industrial Machinery/Components
AEM,Agnico Eagle Mines Limited Common Stock,$125.22,0.86,0.692%,62949899672.00,Canada,,3799283,Basic Materials,Precious Metals
AEMD,Aethlon Medical Inc. Common Stock,$1.16,-0.03,-2.521%,2998967.00,United States,,66333,Health Care,Medical/Dental Instruments
AENT,Alliance Entertainment Holding Corporation Class A Common Stock,$4.93,0.02,0.407%,547019834.00,United States,,90379,Consumer Discretionary,Durable Goods
AENTW,Alliance Entertainment Holding Corporation Warrants,$0.26,0.004,1.563%,28848916.00,United States,,56209,Consumer Discretionary,Durable Goods
AEO,American Eagle Outfitters Inc. Common Stock,$10.74,-0.06,-0.556%,1860900833.00,United States,,13306981,Consumer Discretionary,Clothing/Shoe/Accessory Stores
AEON,AEON Biopharma Inc. Class A Common Stock,$0.6797,-0.0476,-6.545%,7684258.00,United States,,131860,Health Care,Biotechnology: Pharmaceutical Preparations
AEP,American Electric Power Company Inc. Common Stock,$113.58,0.44,0.389%,60741989182.00,United States,,6099399,Utilities,Electric Utilities: Central
AER,AerCap Holdings N.V. Ordinary Shares,$108.37,1.12,1.044%,20241698093.00,Netherlands,2006,1952532,Consumer Discretionary,Diversified Commercial Services
AERT,Aeries Technology Inc. Class A Ordinary Share,$0.85,-0.0266,-3.034%,40079732.00,United States,2021,24006,Consumer Discretionary,Professional Services
AES,The AES Corporation Common Stock,$13.23,0.08,0.608%,9418738842.00,United States,,19648019,Utilities,Electric Utilities: Central
AESI,Atlas Energy Solutions Inc. Common Stock,$12.51,-0.49,-3.769%,1546501625.00,United States,2023,1784559,Industrials,Mining & Quarrying of Nonmetallic Minerals (No Fuels)
AEVA,Aeva Technologies Inc. Common Stock,$15.845,-2.795,-14.995%,871833794.00,United States,,3891365,Consumer Discretionary,Auto Parts:O.E.M.
AEVAW,Aeva Technologies Inc. Warrants,$0.36,-0.04,-10.00%,19808152.00,United States,,37348,Consumer Discretionary,Auto Parts:O.E.M.
AEYE,AudioEye Inc. Common Stock,$11.88,-0.93,-7.26%,148004711.00,United States,,121454,Technology,Computer Software: Prepackaged Software
AFB,AllianceBernstein National Municipal Income Fund Inc,$10.19,0.05,0.493%,0.00,United States,2002,79760,Finance,Trusts Except Educational Religious and Charitable
AFBI,Affinity Bancshares Inc. Common Stock (MD),$18.93,-0.07,-0.368%,119563546.00,United States,2017,2094,Finance,Banks
AFCG,Advanced Flower Capital Inc. Common Stock,$4.35,-0.06,-1.361%,98292630.00,United States,2021,293537,Finance,Real Estate
AFG,American Financial Group Inc. Common Stock,$122.42,-2.48,-1.986%,10224271356.00,United States,,601005,Finance,Property-Casualty Insurers
AFGB,American Financial Group Inc. 5.875% Subordinated Debentures due 2059,$21.53,0.01,0.046%,1798142152.00,United States,2019,9093,Finance,Property-Casualty Insurers
AFGC,American Financial Group Inc. 5.125% Subordinated Debentures due 2059,$18.85,0.00,0.00%,1574313961.00,United States,2019,30351,Finance,Property-Casualty Insurers
AFGD,American Financial Group Inc. 5.625% Subordinated Debentures due 2060,$21.087,0.037,0.176%,1761143686.00,United States,2020,5163,Finance,Property-Casualty Insurers
AFGE,American Financial Group Inc. 4.500% Subordinated Debentures due 2060,$17.01,0.07,0.413%,1420640874.00,United States,2020,10788,Finance,Property-Casualty Insurers
AFJK,Aimei Health Technology Co. Ltd Ordinary Share,$11.30,0.00,0.00%,0.00,United States,2024,16,,
AFJKU,Aimei Health Technology Co. Ltd Unit,$11.25,0.00,0.00%,0.00,United States,2023,15,,
AFL,AFLAC Incorporated Common Stock,$98.09,-1.27,-1.278%,53031870797.00,United States,,2768315,Finance,Accident &Health Insurance
AFRI,Forafric Global PLC Ordinary Shares,$7.72,-0.07,-0.899%,207680290.00,Gibraltar,,12662,Consumer Staples,Packaged Foods
AFRIW,Forafric Global PLC Warrants,$0.4203,-0.0147,-3.379%,11306739.00,Gibraltar,,18042,Consumer Staples,Packaged Foods
AFRM,Affirm Holdings Inc. Class A Common Stock,$66.41,-2.15,-3.136%,21423863277.00,United States,2021,4959694,Finance,Finance: Consumer Services
AFYA,Afya Limited Class A Common Shares,$13.68,-0.02,-0.146%,1236519017.00,Brazil,2019,133427,Real Estate,Other Consumer Services
AG,First Majestic Silver Corp. Ordinary Shares (Canada),$7.83,-0.12,-1.509%,3794343396.00,Canada,,16713634,Basic Materials,Precious Metals
AGAE,Allied Gaming & Entertainment Inc. Common Stock,$1.585,-0.085,-5.09%,60259928.00,United States,2017,32082,Consumer Discretionary,Services-Misc. Amusement & Recreation
AGCO,AGCO Corporation Common Stock,$113.61,-4.36,-3.696%,8473805553.00,United States,,1600863,Industrials,Industrial Machinery/Components
AGD,abrdn Global Dynamic Dividend Fund Common Shares of Beneficial Interest,$11.05,-0.22,-1.952%,0.00,United States,2006,178796,Finance,Trusts Except Educational Religious and Charitable
AGEN,Agenus Inc. Common Stock,$5.36,-0.16,-2.899%,146954316.00,United States,2000,267509,Health Care,Biotechnology: Biological Products (No Diagnostic Substances)
AGFY,Agrify Corporation Common Stock,$24.74,-1.07,-4.146%,48292826.00,United States,2021,8872,Consumer Staples,Farming/Seeds/Milling
AGH,Aureus Greenway Holdings Inc. Common Stock,$2.95,0.47,18.952%,40946000.00,United States,2025,1502436,Consumer Discretionary,Hotels/Resorts
AGI,Alamos Gold Inc. Class A Common Shares,$24.87,0.57,2.346%,10458143910.00,Canada,2015,4965665,Basic Materials,Precious Metals
AGIO,Agios Pharmaceuticals Inc. Common Stock,$35.00,-2.22,-5.965%,2027031965.00,United States,2013,2351119,Health Care,Biotechnology: Pharmaceutical Preparations
AGL,agilon health inc. Common Stock,$1.70,-0.09,-5.028%,703718024.00,United States,2021,3012608,Health Care,Misc Health and Biotechnology Services
AGM,Federal Agricultural Mortgage Corporation Common Stock,$170.28,-1.99,-1.155%,1861698825.00,United States,,61766,Finance,Finance Companies
AGM^D,Federal Agricultural Mortgage Corporation 5.700% Non-Cumulative Preferred Stock Series D,$21.97,0.28,1.291%,,United States,,2265,,
AGM^E,Federal Agricultural Mortgage Corporation 5.750% Non-Cumulative Preferred Stock Series E,$21.67,0.03,0.139%,,United States,,2302,,
AGM^F,Federal Agricultural Mortgage Corporation 5.250% Non-Cumulative Preferred Stock Series F,$19.43,0.03,0.155%,,United States,,14907,,
AGM^G,Federal Agricultural Mortgage Corporation 4.875% Non-Cumulative Preferred Stock Series G,$18.13,0.04,0.221%,,United States,,12147,,
AGMH,AGM Group Holdings Inc. Class A Ordinary Shares,$1.965,-0.155,-7.311%,3961988.00,Hong Kong,2018,79937,Technology,EDP Services
AGNC,AGNC Investment Corp. Common Stock,$9.48,0.05,0.53%,9673158849.00,United States,2008,22423011,Real Estate,Real Estate Investment Trusts
AGNCL,AGNC Investment Corp. Depositary Shares Each Representing a 1/1000th Interest in a Share of 7.75% Series G Fixed-Rate Reset Cumulative Redeemable Preferred Stock,$25.0505,0.0505,0.202%,25560914108.00,United States,,10020,Real Estate,Real Estate Investment Trusts
AGNCM,AGNC Investment Corp. Depositary Shares rep 6.875% Series D Fixed-to-Floating Cumulative Redeemable Preferred Stock,$25.0872,0.0172,0.069%,25598361885.00,United States,,5368,Real Estate,Real Estate Investment Trusts
AGNCN,AGNC Investment Corp. Depositary Shares Each Representing a 1/1000th Interest in a Share of 7.00% Series C Fixed-To-Floating Rate Cumulative Redeemable Preferred Stock,$25.72,-0.16,-0.618%,26244055442.00,United States,,13077,Real Estate,Real Estate Investment Trusts
AGNCO,AGNC Investment Corp. Depositary Shares each representing a 1/1000th interest in a share of 6.50% Series E Fixed-to-Floating Cumulative Redeemable Preferred Stock,$25.64,-0.05,-0.195%,26162425410.00,United States,,20357,Real Estate,Real Estate Investment Trusts
AGNCP,AGNC Investment Corp. Depositary Shares Each Representing a 1/1000th Interest in a Share of 6.125% Series F Fixed-to-Floating Rate Cumulative Redeemable Preferred Stock,$25.45,-0.03,-0.118%,25968554083.00,United States,,15460,Real Estate,Real Estate Investment Trusts
AGO,Assured Guaranty Ltd. Common Stock,$83.84,-0.74,-0.875%,4115801429.00,Bermuda,2004,400864,Finance,Property-Casualty Insurers
AGRI,AgriFORCE  Growing Systems Ltd. Common Shares,$4.04,-0.05,-1.222%,2894304.00,Canada,2021,162329,Industrials,Metal Fabrications
AGRO,Adecoagro S.A. Common Shares,$8.81,-0.38,-4.135%,880939704.00,Luxembourg,2011,386567,Consumer Staples,Farming/Seeds/Milling
AGX,Argan Inc. Common Stock,$225.27,-19.71,-8.046%,3072865945.00,United States,,869122,Consumer Discretionary,Engineering & Construction
AGYS,Agilysys Inc. Common Stock (DE),$114.99,0.91,0.798%,3224640997.00,United States,,252488,Technology,EDP Services
AHCO,AdaptHealth Corp. Common Stock,$8.75,-0.22,-2.453%,1180794134.00,United States,2018,1238704,Health Care,Medical/Nursing Services
AHG,Akso Health Group ADS,$1.71,0.011,0.647%,411879275.00,China,2017,30868,Consumer Discretionary,Business Services
AHH,Armada Hoffler Properties Inc. Common Stock,$6.69,-0.14,-2.05%,536239419.00,United States,2013,753994,Finance,Real Estate
AHH^A,Armada Hoffler Properties Inc. 6.75% Series A Cumulative Redeemable Perpetual Preferred Stock,$21.45,-0.10,-0.464%,,United States,,7218,,
AHL,Aspen Insurance Holdings Limited Class A Ordinary Shares,$31.25,-0.34,-1.076%,2870046313.00,Bermuda,2025,244614,Finance,Property-Casualty Insurers
AHL^D,Aspen Insurance Holdings Limited 5.625% Perpetual Non-Cumulative Preference Shares,$20.3584,-0.1916,-0.932%,,Bermuda,,9973,,
AHL^E,Aspen Insurance Holdings Limited Depositary Shares each representing a 1/1000th interest in a share of 5.625% Perpetual Non-Cumulative Preference Shares,$20.36,0.01,0.049%,,Bermuda,,9190,,
AHL^F,Aspen Insurance Holdings Limited Depositary Shares each representing a 1/1000th Interest in a 7.00% Perpetual Non-Cumulative Preference Share,$24.8079,0.1079,0.437%,,Bermuda,,6453,,
AHR,American Healthcare REIT Inc. Common Stock,$38.89,0.25,0.647%,6202830280.00,United States,2024,1291984,Real Estate,Real Estate Investment Trusts
AHT,Ashford Hospitality Trust Inc Common Stock,$6.28,-0.08,-1.258%,36805535.00,United States,2003,18978,Real Estate,Real Estate Investment Trusts
AHT^D,Ashford Hospitality Trust Inc 8.45% Series D Cumulative Preferred Stock,$17.9858,-1.0041,-5.288%,,United States,,1426,,
AHT^F,Ashford Hospitality Trust Inc 7.375% Series F Cumulative Preferred Stock,$14.90,0.3428,2.355%,,United States,,1454,,
AHT^G,Ashford Hospitality Trust Inc 7.375% Series G Cumulative Preferred Stock,$16.87,0.03,0.178%,,United States,,405,,
AHT^H,Ashford Hospitality Trust Inc 7.50% Series H Cumulative Preferred Stock,$14.15,-0.20,-1.394%,,United States,,5130,,
AHT^I,Ashford Hospitality Trust Inc 7.50% Series I Cumulative Preferred Stock,$13.9375,-0.2025,-1.432%,,United States,,438,,
AI,C3.ai Inc. Class A Common Stock,$22.43,-1.13,-4.796%,3014276320.00,United States,2020,7471203,Technology,Computer Software: Prepackaged Software
AIFE,Aifeex Nexus Acquisition Corporation Class A Ordinary Shares,$10.25,0.00,0.00%,0.00,United States,2025,21,,
AIFF,Firefly Neuroscience Inc. Common Stock,$2.67,-0.11,-3.957%,34339132.00,United States,,286633,Technology,Computer Software: Prepackaged Software
AIFU,AIFU Inc. Class A Ordinary Share,$7.01,-0.50,-6.658%,111250600.00,China,2007,37229,Finance,Specialty Insurers
AIG,American International Group Inc. New Common Stock,$77.00,-0.63,-0.812%,44377430020.00,United States,,4438077,Finance,Life Insurance
AIHS,Senmiao Technology Limited Common Stock,$2.67,0.06,2.299%,2959094.00,China,2018,71714,Finance,Finance: Consumer Services
AII,American Integrity Insurance Group Inc. Common Stock,$18.48,-0.18,-0.965%,361689913.00,,2025,52060,Finance,Property-Casualty Insurers
AIM,AIM ImmunoTech Inc. Common Stock,$2.83,-0.09,-3.082%,2162796.00,,,134938,Health Care,Biotechnology: Biological Products (No Diagnostic Substances)
AIMD,Ainos Inc. Common Stock,$2.46,-0.14,-5.385%,10312421.00,United States,,33129,Health Care,Biotechnology: Pharmaceutical Preparations
AIMDW,Ainos Inc. Warrants,$0.12,0.00,0.00%,503045.00,United States,,2910,Health Care,Biotechnology: Pharmaceutical Preparations
AIN,Albany International Corporation Common Stock,$55.88,1.69,3.119%,1648460000.00,United States,,821396,Consumer Discretionary,Textiles
AIO,Virtus Artificial Intelligence & Technology Opportunities Fund Common Shares of Beneficial Interest,$24.59,-0.23,-0.927%,844444501.00,,2019,57369,Finance,Finance/Investors Services
AIOT,PowerFleet Inc. Common Stock,$3.80,-0.26,-6.404%,506808060.00,United States,,1518664,Telecommunications,Telecommunications Equipment
AIP,Arteris Inc. Common Stock,$9.05,-0.81,-8.215%,379898438.00,United States,2021,487299,Technology,Semiconductors
AIR,AAR Corp. Common Stock,$72.99,-1.72,-2.302%,2616515521.00,United States,,339515,Industrials,Aerospace
AIRE,reAlpha Tech Corp. Common Stock,$0.3692,-0.0031,-0.833%,18921072.00,United States,,3729353,Finance,Real Estate
AIRG,Airgain Inc. Common Stock,$4.41,-0.05,-1.121%,52011910.00,United States,2016,8195,Technology,Radio And Television Broadcasting And Communications Equipment
AIRI,Air Industries Group Common Stock,$3.40,-0.06,-1.734%,12798406.00,United States,,28106,Industrials,Military/Government/Technical
AIRJ,AirJoule Technologies Corporation Class A Common Stock,$3.98,-0.14,-3.398%,239738213.00,United States,2022,95869,Industrials,Industrial Machinery/Components
AIRJW,AirJoule Technologies Corporation Warrant,$0.65,0.00,0.00%,39153226.00,United States,2022,51,Industrials,Industrial Machinery/Components
AIRO,AIRO Group Holdings Inc. Common Stock,$20.12,-1.10,-5.184%,500737989.00,United States,2025,712187,Industrials,Aerospace
AIRS,AirSculpt Technologies Inc. Common Stock,$5.915,-0.695,-10.514%,347682813.00,United States,2021,2614104,Health Care,Medical/Nursing Services
AIRT,Air T Inc. Common Stock,$23.9999,1.0919,4.766%,64863066.00,United States,,1125,Consumer Discretionary,Air Freight/Delivery Services
AIRTP,Air T Inc. Air T Funding Alpha Income Trust Preferred Securities,$18.2598,-0.2502,-1.352%,49349648.00,United States,,1075,Consumer Discretionary,Air Freight/Delivery Services
AISP,Airship AI Holdings Inc. Class A Common Stock,$4.96,-0.23,-4.432%,157948576.00,United States,2021,1086136,Technology,Computer Software: Prepackaged Software
AISPW,Airship AI Holdings Inc. Warrants,$1.63,-0.13,-7.386%,51906488.00,United States,2021,287062,Technology,Computer Software: Prepackaged Software
AIT,Applied Industrial Technologies Inc. Common Stock,$264.18,-7.32,-2.696%,10061200459.00,United States,,409501,Consumer Discretionary,Industrial Specialties
AIV,Apartment Investment and Management Company Common Stock,$8.39,-0.02,-0.238%,1188927242.00,United States,1994,932786,Real Estate,Real Estate Investment Trusts
AIXI,XIAO-I Corporation American Depositary Shares,$1.70,-0.09,-5.028%,21182571.00,China,2023,216104,Technology,Computer Software: Prepackaged Software
AIZ,Assurant Inc. Common Stock,$186.48,-0.82,-0.438%,9454969380.00,United States,2004,421667,Finance,Property-Casualty Insurers
AIZN,Assurant Inc. 5.25% Subordinated Notes due 2061,$19.80,0.07,0.355%,1003906015.00,United States,2020,14421,Finance,Property-Casualty Insurers
AJG,Arthur J. Gallagher & Co. Common Stock,$284.17,-3.08,-1.072%,72775937000.00,United States,,2787757,Finance,Specialty Insurers
AKA,a.k.a. Brands Holding Corp. Common Stock,$11.35,-0.15,-1.304%,121612912.00,,2021,1071,Consumer Discretionary,Catalog/Specialty Distribution
AKAM,Akamai Technologies Inc. Common Stock,$74.38,-1.93,-2.529%,10874830098.00,United States,1999,2534091,Consumer Discretionary,Business Services
AKAN,Akanda Corp. Common Shares,$1.10,-0.04,-3.509%,2503494.00,United Kingdom,2022,8278941,Health Care, Medicinal Chemicals and Botanical Products 
AKBA,Akebia Therapeutics Inc. Common Stock,$3.72,0.035,0.95%,977005310.00,United States,2014,3020815,Health Care,Biotechnology: Pharmaceutical Preparations
AKO/A,Embotelladora Andina S.A.,$17.30,-1.5399,-8.174%,,Chile,,415,,
AKO/B,Embotelladora Andina S.A.,$23.20,0.28,1.222%,,Chile,,83780,,
AKR,Acadia Realty Trust Common Stock,$18.50,-0.22,-1.175%,2423741962.00,United States,,2758336,Real Estate,Real Estate Investment Trusts
AKRO,Akero Therapeutics Inc. Common Stock,$48.37,-0.48,-0.983%,3855938861.00,United States,2019,867372,Health Care,Biotechnology: Pharmaceutical Preparations
AKTX,Akari Therapeutics plc ADS,$1.01,-0.02,-1.942%,32498134.00,United Kingdom,,14231,Health Care,Biotechnology: Pharmaceutical Preparations
AL,Air Lease Corporation Class A Common Stock,$54.35,-1.05,-1.895%,6074108987.00,United States,2011,1079516,Consumer Discretionary,Diversified Commercial Services
ALAB,Astera Labs Inc. Common Stock,$131.10,-5.63,-4.118%,21620594315.00,United States,2024,6936569,Technology,Semiconductors
ALAR,Alarum Technologies Ltd. American Depositary Share,$12.19,-0.27,-2.167%,84526667.00,Israel,2018,50487,Technology,Computer Software: Prepackaged Software
ALB,Albemarle Corporation Common Stock,$67.90,0.05,0.074%,7989176061.00,United States,,4277288,Industrials,Major Chemicals
ALB^A,Albemarle Corporation Depositary Shares each representing a 1/20th of 7.25% Series A Mandatory Convertible Preferred Stock,$33.85,-0.11,-0.324%,,United States,,70059,,
ALBT,Avalon GloboCare Corp. Common Stock,$2.16,0.22,11.34%,4090977.00,United States,,270945,Health Care,Biotechnology: Biological Products (No Diagnostic Substances)
ALC,Alcon Inc. Ordinary Shares,$87.87,0.32,0.366%,43461936390.00,Switzerland,2019,945061,Health Care,Ophthalmic Goods
ALCO,Alico Inc. Common Stock,$32.06,-0.22,-0.682%,245005245.00,United States,,28645,,
ALCY,Alchemy Investments Acquisition Corp 1 Class A Ordinary Shares,$11.72,0.00,0.00%,0.00,United States,2023,7,Finance,Blank Checks
ALCYW,Alchemy Investments Acquisition Corp 1 Warrants,$0.16,0.00,0.00%,0.00,United States,2023,41,Finance,Blank Checks
ALDF,Aldel Financial II Inc. Class A Ordinary Shares,$10.41,-0.009,-0.086%,0.00,United States,2024,3588,,
ALDFU,Aldel Financial II Inc. Units,$10.60,0.00,0.00%,0.00,United States,2024,599,Finance,Blank Checks
ALDFW,Aldel Financial II Inc. Warrants,$0.50,0.00,0.00%,0.00,United States,2024,4,,
ALDX,Aldeyra Therapeutics Inc. Common Stock,$4.81,-0.18,-3.607%,288097778.00,United States,2014,1511276,Health Care,Biotechnology: Pharmaceutical Preparations
ALE,Allete Inc.,$65.88,-0.05,-0.076%,3818655935.00,United States,,350458,Utilities,Power Generation
ALEC,Alector Inc. Common Stock,$1.45,-0.04,-2.685%,144989270.00,United States,2019,737122,Health Care,Biotechnology: Biological Products (No Diagnostic Substances)
ALEX,Alexander & Baldwin Inc. Common Stock REIT Holding Company,$17.99,0.01,0.056%,1308831327.00,United States,,560413,Real Estate,Real Estate Investment Trusts
ALF,Centurion Acquisition Corp. Class A Ordinary Shares,$10.51,0.004,0.038%,0.00,United States,2024,20522,,
ALFUW,Centurion Acquisition Corp. Warrant,$0.3198,-0.0001,-0.031%,0.00,United States,2024,362,Finance,Blank Checks
ALG,Alamo Group Inc. Common Stock,$215.62,-6.96,-3.127%,2606836528.00,United States,,63453,Industrials,Industrial Machinery/Components
ALGM,Allegro MicroSystems Inc. Common Stock,$31.26,-0.15,-0.478%,5780012387.00,United States,2020,2066190,Technology,Semiconductors
ALGN,Align Technology Inc. Common Stock,$136.52,7.51,5.821%,9895630493.00,United States,2001,7974585,Health Care,Industrial Specialties
ALGS,Aligos Therapeutics Inc. Common Stock,$7.46,0.18,2.473%,45616415.00,United States,2020,49221,Health Care,Biotechnology: Biological Products (No Diagnostic Substances)
ALGT,Allegiant Travel Company Common Stock,$48.12,-3.52,-6.816%,878418281.00,United States,2006,599761,Consumer Discretionary,Air Freight/Delivery Services
ALHC,Alignment Healthcare Inc. Common Stock,$12.97,-0.81,-5.878%,2568467478.00,United States,2021,3566563,Health Care,Medical Specialities
ALIT,Alight Inc. Class A Common Stock,$5.10,-0.26,-4.851%,2745101892.00,United States,2021,5319531,Consumer Discretionary,Business Services
ALK,Alaska Air Group Inc. Common Stock,$51.37,-1.59,-3.002%,6235933085.00,United States,,2585874,Consumer Discretionary,Air Freight/Delivery Services
ALKS,Alkermes plc Ordinary Shares,$26.55,0.06,0.227%,4382820342.00,Ireland,1991,1587001,Health Care,Biotechnology: Pharmaceutical Preparations
ALKT,Alkami Technology Inc. Common Stock,$20.49,-1.80,-8.075%,2110879308.00,United States,2021,3523394,Technology,Computer Software: Prepackaged Software
ALL,Allstate Corporation (The) Common Stock,$199.77,-3.48,-1.712%,52640460573.00,United States,,2041482,Finance,Property-Casualty Insurers
ALL^B,Allstate Corporation (The) 5.100% Fixed-to-Floating Rate Subordinated Debentures due 2053,$26.05,0.13,0.502%,,United States,,31837,,
ALL^H,Allstate Corporation (The) Depositary Shares each representing a 1/1000th interest in a share of Fixed Rate Noncumulative Perpetual Preferred Stock Series H,$21.6997,0.0697,0.322%,,United States,,25730,,
ALL^I,Allstate Corporation (The) Depositary Shares each representing a 1/1000th interest in a share of Fixed Rate Noncumulative Perpetual Preferred Stock Series I,$19.7501,0.0301,0.153%,,United States,,16055,,
ALL^J,Allstate Corporation (The) Depositary Shares each representing a 1/1000th interest in a share of Fixed Rate Noncumulative Perpetual Preferred Stock Series J,$26.92,0.00,0.00%,,United States,,25675,,
ALLE,Allegion plc Ordinary Shares,$165.13,-0.79,-0.476%,14175835848.00,United States,2013,1366374,Consumer Discretionary,Diversified Commercial Services
ALLO,Allogene Therapeutics Inc. Common Stock,$1.08,-0.15,-12.195%,236229274.00,United States,2018,19087454,Health Care,Biotechnology: Biological Products (No Diagnostic Substances)
ALLR,Allarity Therapeutics Inc. Common Stock,$1.01,-0.03,-2.885%,15230368.00,United States,,366685,Health Care,Biotechnology: Pharmaceutical Preparations
ALLT,Allot Ltd. Ordinary Shares,$7.31,-0.43,-5.556%,290154470.00,Israel,2006,484712,Telecommunications,Computer Communications Equipment
ALLY,Ally Financial Inc. Common Stock,$37.03,-0.82,-2.166%,11374679104.00,United States,2014,3526182,Finance,Major Banks
ALM,Almonty Industries Inc. Common Shares,$3.76,0.07,1.897%,722394997.00,Canada,,670547,Basic Materials,Other Metals and Minerals
ALMS,Alumis Inc. Common Stock,$4.13,-0.01,-0.242%,224694897.00,United States,2024,449223,Health Care,Biotechnology: Pharmaceutical Preparations
ALMU,Aeluma Inc. Common Stock,$20.82,-1.30,-5.877%,328861623.00,United States,,324315,Technology,Semiconductors
ALNT,Allient Inc. Common Stock,$38.02,-2.29,-5.681%,643636246.00,United States,,248286,Industrials,Electrical Products
ALNY,Alnylam Pharmaceuticals Inc. Common Stock,$401.80,9.56,2.437%,52390056307.00,United States,2004,1781344,Health Care,Biotechnology: Pharmaceutical Preparations
ALOT,AstroNova Inc. Common Stock,$11.33,0.03,0.265%,86065343.00,United States,1983,7797,Technology,Computer peripheral equipment
ALRM,Alarm.com Holdings Inc. Common Stock,$54.05,-0.58,-1.062%,2688555586.00,United States,2015,501093,Technology,Computer Software: Prepackaged Software
ALRS,Alerus Financial Corporation Common Stock,$20.44,-0.70,-3.311%,518474131.00,United States,2019,99109,Finance,Major Banks
ALSN,Allison Transmission Holdings Inc. Common Stock,$87.69,-2.38,-2.642%,7388302184.00,United States,2012,1290612,Consumer Discretionary,Auto Parts:O.E.M.
ALT,Altimmune Inc. Common Stock,$3.61,-0.08,-2.168%,292796173.00,United States,,1803802,Health Care,Biotechnology: Pharmaceutical Preparations
ALTG,Alta Equipment Group Inc. Class A Common Stock,$7.46,-0.30,-3.866%,247605345.00,United States,2019,208448,Industrials,Industrial Machinery/Components
ALTG^A,Alta Equipment Group Inc. Depositary Shares (each representing 1/1000th in a share of 10% Series A Cumulative Perpetual Preferred Stock),$25.1205,-0.1529,-0.605%,,United States,,1548,,
ALTI,AlTi Global Inc. Class A Common Stock,$3.90,-0.19,-4.645%,565437249.00,United States,2021,82185,Finance,Investment Managers
ALTO,Alto Ingredients Inc. Common Stock,$1.05,0.04,3.96%,81070680.00,United States,,377026,Industrials,Major Chemicals
ALTS,ALT5 Sigma Corporation Common Stock,$6.28,0.08,1.29%,109615265.00,United States,,126244,Consumer Discretionary,Home Furnishings
ALUR,Allurion Technologies Inc. Common Stock,$2.7651,-0.0149,-0.536%,20621447.00,United States,,21314,Health Care,Medical/Dental Instruments
ALV,Autoliv Inc. Common Stock,$110.31,-1.24,-1.112%,8472603887.00,Sweden,,661333,Consumer Discretionary,Auto Parts:O.E.M.
ALVO,Alvotech Ordinary Shares,$8.79,-0.27,-2.98%,2652871901.00,Luxembourg,,285194,Health Care,Biotechnology: Biological Products (No Diagnostic Substances)
ALVOW,Alvotech Warrant,$1.60,0.00,0.00%,482889083.00,Luxembourg,,206,Health Care,Biotechnology: Biological Products (No Diagnostic Substances)
ALX,Alexander's Inc. Common Stock,$245.25,-5.94,-2.365%,1252562873.00,United States,,51054,Real Estate,Real Estate Investment Trusts
ALXO,ALX Oncology Holdings Inc. Common Stock,$0.5181,-0.0494,-8.705%,27689347.00,United States,2020,415913,Health Care,Biotechnology: Pharmaceutical Preparations
ALZN,Alzamend Neuro Inc. Common Stock,$2.20,-0.05,-2.222%,6372150.00,United States,2021,102093,Health Care,Biotechnology: Pharmaceutical Preparations
AM,Antero Midstream Corporation Common Stock,$18.53,0.18,0.981%,8866623530.00,United States,2017,4249919,Utilities,Natural Gas Distribution
AMAL,Amalgamated Financial Corp. Common Stock (DE),$28.51,-0.48,-1.656%,872113202.00,United States,2018,253055,Finance,Major Banks
AMAT,Applied Materials Inc. Common Stock,$179.99,-0.07,-0.039%,144441654078.00,United States,1972,8392177,Technology,Semiconductors
AMBA,Ambarella Inc. Ordinary Shares,$63.74,-2.35,-3.556%,2703473905.00,United States,2012,528590,Technology,Semiconductors
AMBC,Ambac Financial Group Inc. Common Stock,$8.34,-0.06,-0.714%,387204691.00,United States,,517609,Finance,Property-Casualty Insurers
AMBI,Ambipar Emergency Response Class A Ordinary Shares,$4.65,-0.195,-4.025%,257748807.00,,,483,Industrials,Environmental Services
AMBO,Ambow Education Holding Ltd. American Depository Shares (each representing twenty (20) Class A Ordinary Shares),$2.90,0.05,1.754%,8283490.00,China,,6539,Real Estate,Other Consumer Services
AMBP,Ardagh Metal Packaging S.A. Ordinary Shares,$3.91,-0.05,-1.263%,2337005381.00,,,1858576,Industrials,Containers/Packaging
AMBQ,Ambiq Micro Inc. Common Stock,$39.51,-4.34,-9.897%,673095007.00,,2025,967933,Technology,Semiconductors
AMBR,Amber International Holding Limited American Depositary Shares,$6.72,-0.14,-2.041%,63693040.00,Hong Kong,2017,109525,Finance,Finance: Consumer Services
AMC,AMC Entertainment Holdings Inc. Class A Common Stock,$2.85,-0.05,-1.724%,1234459149.00,United States,2013,9506704,Consumer Discretionary,Movies/Entertainment
AMCR,Amcor plc Ordinary Shares,$9.30,-0.05,-0.535%,13441691872.00,United Kingdom,2019,22773317,Consumer Discretionary,Miscellaneous manufacturing industries
AMCX,AMC Networks Inc. Class A Common Stock,$5.63,-0.36,-6.01%,252940575.00,United States,,1604075,Telecommunications,Cable & Other Pay Television Services
AMD,Advanced Micro Devices Inc. Common Stock,$171.70,-4.61,-2.615%,278395100282.00,United States,,75224299,Technology,Semiconductors
AME,AMETEK Inc.,$182.36,-2.49,-1.347%,42103090428.00,United States,,1725013,Industrials,Industrial Machinery/Components
AMED,Amedisys Inc Common Stock,$98.51,-0.09,-0.091%,3239669113.00,United States,,872139,Health Care,Medical/Nursing Services
AMG,Affiliated Managers Group Inc. Common Stock,$207.06,-2.81,-1.339%,5886485756.00,United States,,197074,Finance,Investment Managers
AMGN,Amgen Inc. Common Stock,$296.88,1.78,0.603%,159634192312.00,United States,1983,2410862,Health Care,Biotechnology: Biological Products (No Diagnostic Substances)
AMH,American Homes 4 Rent Common Shares of Beneficial Interest,$35.19,0.50,1.441%,13025954892.00,United States,2013,5176548,Real Estate,Real Estate Investment Trusts
AMH^G,American Homes 4 Rent Series G cumulative redeemable perpetual preferred shares of beneficial interest,$22.70,-0.11,-0.482%,,United States,,8169,,
AMH^H,American Homes 4 Rent Series H cumulative redeemable perpetual Preferred Shares of Beneficial Interest,$23.69,0.05,0.212%,,United States,,1406,,
AMIX,Autonomix Medical Inc. Common Stock,$1.39,-0.05,-3.472%,3864867.00,United States,2024,204589,Health Care,Medical/Dental Instruments
AMKR,Amkor Technology Inc. Common Stock,$21.75,-0.81,-3.59%,5375361446.00,United States,1998,2119541,Technology,Semiconductors
AMLX,Amylyx Pharmaceuticals Inc. Common Stock,$7.715,-0.315,-3.923%,687723486.00,United States,2022,1838687,Health Care,Biotechnology: Pharmaceutical Preparations
AMN,AMN Healthcare Services Inc,$17.85,-0.49,-2.672%,683379575.00,United States,,945562,Consumer Discretionary,Professional Services
AMOD,Alpha Modus Holdings Inc. Class A Common Stock,$1.08,-0.07,-6.087%,14935110.00,United States,,401289,Miscellaneous,Multi-Sector Companies
AMODW,Alpha Modus Holdings Inc. Warrant,$0.1293,0.0089,7.392%,1788065.00,United States,,3351,Miscellaneous,Multi-Sector Companies
AMP,Ameriprise Financial Inc. Common Stock,$501.52,-16.67,-3.217%,47756074963.00,United States,,496021,Finance,Investment Managers
AMPG,Amplitech Group Inc. Common Stock,$2.85,-0.10,-3.39%,58634746.00,United States,,640118,Telecommunications,Telecommunications Equipment
AMPGW,Amplitech Group Inc. Warrants,$0.589,-0.001,-0.169%,12117847.00,United States,,1814,Telecommunications,Telecommunications Equipment
AMPH,Amphastar Pharmaceuticals Inc. Common Stock,$21.21,0.26,1.241%,999819993.00,United States,2014,440154,Health Care,Biotechnology: Pharmaceutical Preparations
AMPL,Amplitude Inc. Class A Common Stock,$11.55,-0.68,-5.56%,1511763665.00,United States,,1251259,Technology,Computer Software: Prepackaged Software
AMPX,Amprius Technologies Inc. Common Stock,$6.36,-0.57,-8.225%,766673050.00,United States,2022,7090536,Miscellaneous,Industrial Machinery/Components
AMPY,Amplify Energy Corp. Common Stock,$3.63,-0.17,-4.474%,146421782.00,United States,2016,800909,Energy,Oil & Gas Production
AMR,Alpha Metallurgical Resources Inc. Common Stock,$115.08,-2.99,-2.532%,1502102875.00,United States,2018,327860,Energy,Coal Mining
AMRC,Ameresco Inc. Class A Common Stock,$15.87,-1.05,-6.206%,834818830.00,United States,2010,624970,Consumer Discretionary,Engineering & Construction
AMRK,A-Mark Precious Metals Inc. Common Stock,$20.57,-0.71,-3.336%,506530820.00,United States,,241758,Industrials,Other Specialty Stores
AMRN,Amarin Corporation plc,$15.16,0.64,4.408%,313550884.00,Ireland,,88516,Health Care,Biotechnology: Pharmaceutical Preparations
AMRX,Amneal Pharmaceuticals Inc. Class A Common Stock,$7.83,0.01,0.128%,2454075460.00,United States,,1505501,Health Care,Biotechnology: Pharmaceutical Preparations
AMRZ,Amrize Ltd Ordinary Shares,$51.01,-0.11,-0.215%,28195061320.00,,2025,2282825,Industrials,Building Materials
AMS,American Shared Hospital Services Common Stock,$2.50,-0.02,-0.794%,16125000.00,United States,1988,9253,Health Care,Medical Specialities
AMSC,American Superconductor Corporation Common Stock,$53.75,-3.10,-5.453%,2427399773.00,United States,1991,2403488,Consumer Discretionary,Metal Fabrications
AMSF,AMERISAFE Inc. Common Stock,$43.67,-1.11,-2.479%,829321773.00,United States,2005,145509,Finance,Property-Casualty Insurers
AMST,Amesite Inc. Common Stock,$2.91,-0.09,-3.00%,13306595.00,United States,2020,11303,Technology,Computer Software: Prepackaged Software
AMT,American Tower Corporation (REIT) Common Stock,$212.10,3.71,1.78%,99316084823.00,United States,,3232190,Real Estate,Real Estate Investment Trusts
AMTB,Amerant Bancorp Inc. Class A Common Stock,$18.61,-0.69,-3.575%,778436145.00,United States,,232177,Finance,Major Banks
AMTD,AMTD IDEA Group American Depositary Shares each representing six (6) Class A Ordinary Shares,$0.99,-0.02,-1.98%,91914280.00,,,32115,Finance,Finance: Consumer Services
AMTM,Amentum Holdings Inc. Common Stock,$24.16,-0.81,-3.244%,5878670827.00,United States,2024,1536638,,
AMTX,Aemetis Inc. (DE) Common Stock,$2.71,-0.01,-0.368%,150050960.00,United States,,826924,Industrials,Major Chemicals
AMWD,American Woodmark Corporation Common Stock,$52.44,-0.17,-0.323%,760557090.00,United States,1986,155941,Basic Materials,Forest Products
AMWL,American Well Corporation Class A Common Stock,$7.01,-0.34,-4.626%,110825324.00,United States,2020,65736,Consumer Discretionary,Business Services
AMX,America Movil S.A.B. de C.V. American Depositary Shares (each representing the right to receive twenty (20) Series B Shares,$17.96,-0.11,-0.609%,54544520000.00,Mexico,2023,1487744,Telecommunications,Telecommunications Equipment
AMZE,Amaze Holdings Inc. Common Stock,$4.22,-0.355,-7.76%,3407958.00,,2021,47105,Consumer Staples,Beverages (Production/Distribution)
AMZN,Amazon.com Inc. Common Stock,$214.75,-19.36,-8.27%,2279861679403.00,United States,1997,122058893,Consumer Discretionary,Catalog/Specialty Distribution
AN,AutoNation Inc. Common Stock,$190.58,-2.06,-1.069%,7186012720.00,United States,,370783,Consumer Discretionary,Retail-Auto Dealers and Gas Stations
ANAB,AnaptysBio Inc. Common Stock,$24.69,0.14,0.57%,725404446.00,United States,2017,326871,Health Care,Biotechnology: Pharmaceutical Preparations
ANDE,Andersons Inc. (The) Common Stock,$34.69,-1.23,-3.424%,1185974990.00,United States,,373932,Industrials,Farming/Seeds/Milling
ANEB,Anebulo Pharmaceuticals Inc. Common Stock,$2.85,0.18,6.742%,117091483.00,United States,2021,141348,Health Care,Biotechnology: Pharmaceutical Preparations
ANET,Arista Networks Inc. Common Stock,$117.57,-5.65,-4.585%,147658682643.00,United States,,11555408,Telecommunications,Computer Communications Equipment
ANF,Abercrombie & Fitch Company Common Stock,$91.06,-4.96,-5.166%,4338400264.00,United States,,2593958,Consumer Discretionary,Clothing/Shoe/Accessory Stores
ANG^B,American National Group Inc. Depositary Shares each representing a 1/1000th interest in a share of 6.625% Fixed-Rate Reset Non-Cumulative Preferred Stock Series B,$25.30,0.00,0.00%,,United States,,19403,,
ANG^D,American National Group Inc. Depositary Shares each representing a 1/1000th interest in a share of 7.375% Fixed-Rate Non-Cumulative Preferred Stock Series D,$25.29,-0.01,-0.04%,,United States,,3771,,
ANGH,Anghami Inc. Ordinary Shares,$0.3096,-0.0305,-8.968%,20701310.00,United Arab Emirates,,845955,Consumer Discretionary,Telecommunications Equipment
ANGI,Angi Inc. Class A Common Stock,$15.86,-0.36,-2.219%,761073075.00,United States,,777302,Consumer Discretionary,Advertising
ANGO,AngioDynamics Inc. Common Stock,$8.56,-0.30,-3.386%,347826056.00,United States,2004,371116,Health Care,Medical/Dental Instruments
ANIK,Anika Therapeutics Inc. Common Stock,$8.64,0.385,4.664%,124572298.00,United States,,239947,Health Care,Medical/Dental Instruments
ANIP,ANI Pharmaceuticals Inc.,$63.93,0.58,0.916%,1344452311.00,United States,,318815,Health Care,Biotechnology: Pharmaceutical Preparations
ANIX,Anixa Biosciences Inc. Common Stock,$3.01,-0.05,-1.634%,96955387.00,United States,,44705,Health Care,Biotechnology: Pharmaceutical Preparations
ANL,Adlai Nortye Ltd. American Depositary Shares,$1.45,0.02,1.399%,53505389.00,Cayman Islands,2023,4210,Health Care,Biotechnology: Pharmaceutical Preparations
ANNA,AleAnna Inc. Class A Common Stock,$5.31,0.22,4.322%,353934232.00,United States,,70451,Energy,Oil & Gas Production
ANNAW,AleAnna Inc. Warrant,$0.16,0.00,0.00%,10664685.00,United States,,1000,Energy,Oil & Gas Production
ANNX,Annexon Inc. Common Stock,$2.45,0.05,2.083%,268800290.00,United States,2020,871731,Health Care,Biotechnology: Pharmaceutical Preparations
ANPA,Rich Sparkle Holdings Limited Ordinary Shares,$31.35,3.74,13.546%,391875000.00,Hong Kong,2025,70531,Consumer Discretionary,Other Consumer Services
ANRO,Alto Neuroscience Inc. Common Stock,$3.05,-0.02,-0.651%,82569993.00,United States,2024,220948,Health Care,Biotechnology: Pharmaceutical Preparations
ANSC,Agriculture & Natural Solutions Acquisition Corporation Class A Ordinary Shares,$10.88,0.005,0.046%,0.00,United States,2024,591,,
ANSCU,Agriculture & Natural Solutions Acquisition Corporation Unit,$11.90,1.13,10.492%,0.00,United States,2023,375,,
ANSCW,Agriculture & Natural Solutions Acquisition Corporation Warrant,$0.23,0.00,0.00%,0.00,United States,2024,33230,,
ANTA,Antalpha Platform Holding Company Ordinary Shares,$11.67,-0.08,-0.681%,276495851.00,Singapore,2025,73021,Finance,Investment Bankers/Brokers/Service
ANTE,AirNet Technology Inc. Ordinary Share,$1.84,0.23,14.286%,54994376.00,China,2007,775853,Consumer Discretionary,Advertising
ANTX,AN2 Therapeutics Inc. Common Stock,$1.06,0.00,0.00%,31986263.00,United States,2022,68058,Health Care,Biotechnology: Pharmaceutical Preparations
ANVS,Annovis Bio Inc. Common Stock,$2.51,-0.22,-8.059%,48910440.00,United States,2020,349751,Health Care,Biotechnology: Pharmaceutical Preparations
ANY,Sphere 3D Corp. Common Shares,$0.5098,-0.0352,-6.459%,13488240.00,Canada,,621316,Finance,Finance: Consumer Services
AOD,abrdn Total Dynamic Dividend Fund Common Shares of Beneficial Interest,$8.80,-0.13,-1.456%,0.00,United States,2007,528569,Finance,Investment Managers
AOMD,Angel Oak Mortgage REIT Inc. 9.750% Senior Notes due 2030,$24.97,0.07,0.281%,0.00,United States,2025,7891,Finance,Real Estate
AOMN,Angel Oak Mortgage REIT Inc. 9.500% Senior Notes due 2029,$24.99,-0.03,-0.12%,0.00,United States,2024,7739,Finance,Real Estate
AOMR,Angel Oak Mortgage REIT Inc. Common Stock,$9.19,-0.07,-0.756%,215966608.00,United States,2021,101093,Finance,Real Estate
AON,Aon plc Class A Ordinary Shares (Ireland),$353.46,-2.25,-0.633%,76215376976.00,United States,,1640942,Finance,Specialty Insurers
AORT,Artivion Inc. Common Stock,$30.92,0.01,0.032%,1320370112.00,United States,,284640,Health Care,Medical/Dental Instruments
AOS,A.O. Smith Corporation Common Stock,$70.41,-0.38,-0.537%,9866523728.00,United States,,1262960,Consumer Discretionary,Consumer Electronics/Appliances
AOSL,Alpha and Omega Semiconductor Limited Common Shares,$24.82,-0.65,-2.552%,738643076.00,Bermuda,2010,297142,Technology,Semiconductors
AOUT,American Outdoor Brands Inc. Common Stock ,$9.13,-0.28,-2.976%,116480120.00,United States,,68454,Consumer Discretionary,Recreational Games/Products/Toys
AP,Ampco-Pittsburgh Corporation Common Stock,$3.10,-0.13,-4.025%,62293313.00,United States,,106320,Industrials,Fluid Controls
APA,APA Corporation Common Stock,$18.46,-0.83,-4.303%,6661200915.00,United States,,7681362,Energy,Oil & Gas Production
APADU,A Paradise Acquisition Corp. Unit,$10.015,0.00,0.00%,0.00,Singapore,2025,245406,,
APAM,Artisan Partners Asset Management Inc. Class A Common Stock,$44.84,-0.41,-0.906%,3616937574.00,United States,2013,566937,Finance,Investment Managers
APD,Air Products and Chemicals Inc. Common Stock,$281.75,-6.13,-2.129%,62701832295.00,United States,,1072180,Industrials,Major Chemicals
APDN,Applied DNA Sciences Inc. Common Stock,$4.57,-0.06,-1.296%,2285000.00,United States,,32838,Consumer Discretionary,Other Consumer Services
APEI,American Public Education Inc. Common Stock,$29.37,-0.15,-0.508%,529824990.00,United States,2007,166217,Real Estate,Other Consumer Services
APG,APi Group Corporation Common Stock,$35.07,-1.00,-2.772%,14563158591.00,United States,2020,3370295,Consumer Discretionary,Engineering & Construction
APGE,Apogee Therapeutics Inc. Common Stock,$37.75,-0.51,-1.333%,2247410690.00,United States,2023,647369,Health Care,Biotechnology: Biological Products (No Diagnostic Substances)
APH,Amphenol Corporation Common Stock,$104.31,-2.20,-2.066%,127354281088.00,United States,,8736064,Technology,Electrical Products
API,Agora Inc. American Depositary Shares,$3.67,-0.18,-4.675%,343184419.00,China,2020,385923,Technology,Computer Software: Prepackaged Software
APLD,Applied Digital Corporation Common Stock,$12.52,-0.62,-4.718%,3274227821.00,United States,2022,50460124,Finance,Finance: Consumer Services
APLE,Apple Hospitality REIT Inc. Common Shares,$11.53,-0.22,-1.872%,2743152329.00,United States,2015,3953833,Real Estate,Real Estate Investment Trusts
APLM,Apollomics Inc. Class A Ordinary Shares,$5.87,0.05,0.859%,6476653.00,United States,,2779,Health Care,Biotechnology: Pharmaceutical Preparations
APLMW,Apollomics Inc. Warrant,$0.0328,0.0051,18.412%,36190.00,United States,,57400,Health Care,Biotechnology: Pharmaceutical Preparations
APLS,Apellis Pharmaceuticals Inc. Common Stock,$22.95,0.61,2.731%,2884407867.00,United States,2017,4081514,Health Care,Biotechnology: Pharmaceutical Preparations
APLT,Applied Therapeutics Inc. Common Stock,$0.4407,-0.0093,-2.067%,62392334.00,United States,2019,673619,Health Care,Biotechnology: Pharmaceutical Preparations
APM,Aptorum Group Limited Class A Ordinary Shares,$1.37,-0.18,-11.613%,9786947.00,Hong Kong,2018,127954,Health Care,Biotechnology: Pharmaceutical Preparations
APO,Apollo Global Management Inc. (New) Common Stock,$138.29,-7.03,-4.838%,79031937620.00,United States,,4587471,Finance,Investment Managers
APO^A,Apollo Global Management Inc. 6.75% Series A Mandatory Convertible Preferred Stock,$72.79,-3.39,-4.45%,,United States,,304102,,
APOG,Apogee Enterprises Inc. Common Stock,$40.40,-1.59,-3.787%,869794628.00,United States,,200714,Consumer Discretionary,Auto Parts:O.E.M.
APOS,Apollo Global Management Inc. 7.625% Fixed-Rate Resettable Junior Subordinated Notes due 2053,$26.75,0.12,0.451%,15235041749.00,United States,1987,14749,Finance,Investment Managers
APP,Applovin Corporation Class A Common Stock,$379.17,-11.53,-2.951%,128306145706.00,United States,2021,6328910,Technology,Computer Software: Programming Data Processing
APPF,AppFolio Inc. Class A Common Stock,$319.15,51.77,19.362%,11498542371.00,United States,2015,1105222,Technology,Computer Software: Prepackaged Software
APPN,Appian Corporation Class A Common Stock,$27.52,-0.09,-0.326%,2042759183.00,United States,2017,1183490,Technology,Computer Software: Prepackaged Software
APPS,Digital Turbine Inc. Common Stock,$5.12,-0.33,-6.055%,547749315.00,United States,,4300269,Miscellaneous,Multi-Sector Companies
APRE,Aprea Therapeutics Inc. Common stock,$1.66,-0.04,-2.353%,9182079.00,United States,2019,42900,Health Care,Biotechnology: Pharmaceutical Preparations
APT,Alpha Pro Tech Ltd. Common Stock,$4.83,-0.03,-0.617%,52473130.00,Canada,2000,7524,Health Care,Industrial Specialties
APTV,Aptiv PLC Ordinary Shares,$65.65,-2.99,-4.356%,14294006603.00,United Kingdom,,2788311,Consumer Discretionary,Auto Parts:O.E.M.
APUS,Apimeds Pharmaceuticals US Inc. Common Stock,$1.74,0.00,0.00%,20142210.00,,2025,37924,Health Care,Biotechnology: Pharmaceutical Preparations
APVO,Aptevo Therapeutics Inc. Common Stock,$2.68,-0.11,-3.943%,1813837.00,United States,,85754,Health Care,Biotechnology: Pharmaceutical Preparations
APWC,Asia Pacific Wire & Cable Corporation Ltd. Ordinary Shares (Bermuda),$1.7302,-0.1063,-5.788%,35670196.00,Taiwan,,10147,Industrials,Telecommunications Equipment
APYX,Apyx Medical Corporation Common Stock,$1.75,-0.16,-8.377%,66139301.00,United States,,117927,Health Care,Medical/Dental Instruments
AQB,AquaBounty Technologies Inc. Common Stock,$0.7201,-0.0109,-1.491%,2786327.00,United States,,16999,Consumer Staples,Meat/Poultry/Fish
AQMS,Aqua Metals Inc. Common Stock,$0.3897,0.0085,2.23%,3466908.00,United States,2015,812918,Industrials,Metal Fabrications
AQN,Algonquin Power & Utilities Corp. Common Shares,$5.90,0.00,0.00%,4530198634.00,United States,2016,7273180,Utilities,Electric Utilities: Central
AQNB,Algonquin Power & Utilities Corp. 6.20% Fixed-to-Floating Subordinated Notes Series 2019-A due July 1 2079,$25.825,-0.305,-1.167%,19829216904.00,United States,2019,33258,Utilities,Electric Utilities: Central
AQST,Aquestive Therapeutics Inc. Common Stock,$3.82,-0.02,-0.521%,379432685.00,United States,2018,941366,Health Care,Biotechnology: Pharmaceutical Preparations
AR,Antero Resources Corporation Common Stock,$33.67,-1.26,-3.607%,10401706770.00,United States,2013,6071365,Energy,Oil & Gas Production
ARAI,Arrive AI Inc. Common Stock,$7.49,-0.41,-5.19%,247091879.00,United States,,128748,Finance,Diversified Commercial Services
ARAY,Accuray Incorporated Common Stock,$1.28,-0.03,-2.29%,131857132.00,United States,2007,644984,Health Care,Medical/Dental Instruments
ARBB,ARB IOT Group Limited Ordinary Shares,$5.00,-0.27,-5.123%,8826380.00,Malaysia,2023,147513,Technology,EDP Services
ARBE,Arbe Robotics Ltd. Ordinary Shares,$1.32,-0.03,-2.222%,138815408.00,Israel,,828361,Technology,EDP Services
ARBEW,Arbe Robotics Ltd. Warrant,$0.2348,-0.0052,-2.167%,24692317.00,Israel,,14745,Technology,EDP Services
ARBK,Argo Blockchain plc American Depositary Shares,$0.2937,-0.0174,-5.593%,21065643.00,United Kingdom,2021,1428580,Finance,Finance: Consumer Services
ARBKL,Argo Blockchain plc 8.75% Senior Notes due 2026,$2.70,-0.12,-4.255%,1718145000.00,United Kingdom,,4485,Finance,Finance: Consumer Services
ARCB,ArcBest Corporation Common Stock,$70.12,-3.01,-4.116%,1606544072.00,United States,,495553,Industrials,Trucking Freight/Courier Services
ARCC,Ares Capital Corporation Common Stock,$22.39,-0.24,-1.061%,15793176623.00,United States,2004,3219596,Finance,Finance: Consumer Services
ARCO,Arcos Dorados Holdings Inc. Class A Shares,$6.54,-0.11,-1.654%,1377736393.00,Argentina,2011,1381141,Consumer Discretionary,Restaurants
ARCT,Arcturus Therapeutics Holdings Inc. Common Stock,$12.30,0.09,0.737%,333583417.00,Israel,2013,361584,Health Care,Biotechnology: Pharmaceutical Preparations
ARDC,Ares Dynamic Credit Allocation Fund Inc. Common Shares,$14.31,-0.08,-0.556%,327912777.00,United States,2012,78475,Finance,Investment Managers
ARDT,Ardent Health Inc. Common Stock,$10.22,-0.38,-3.585%,1461906215.00,United States,2024,470061,Health Care,Hospital/Nursing Management
ARDX,Ardelyx Inc. Common Stock,$4.33,0.09,2.123%,1035975068.00,United States,2014,4232632,Health Care,Biotechnology: Pharmaceutical Preparations
ARE,Alexandria Real Estate Equities Inc. Common Stock,$76.01,-0.42,-0.55%,13146609637.00,United States,,1745347,Real Estate,Real Estate Investment Trusts
AREB,American Rebel Holdings Inc. Common Stock,$1.20,-0.05,-4.00%,7846002.00,United States,,168705,Industrials,Plastic Products
AREBW,American Rebel Holdings Inc. Warrants,$0.0303,-0.0017,-5.313%,198112.00,United States,,900,Industrials,Plastic Products
AREC,American Resources Corporation Class A Common Stock,$1.18,0.06,5.357%,97084150.00,United States,,3790499,Energy,Coal Mining
AREN,The Arena Group Holdings Inc. Common Stock,$6.61,0.50,8.183%,314377893.00,United States,2022,344807,Technology,EDP Services
ARES,Ares Management Corporation Class A Common Stock,$182.83,-2.70,-1.455%,59708508594.00,United States,2014,2193787,Finance,Investment Managers
ARES^B,Ares Management Corporation 6.75% Series B Mandatory Convertible Preferred Stock,$56.13,-0.47,-0.83%,,United States,,448500,,
ARGD,Argo Group International Holdings Ltd. 6.5% Senior Notes Due 2042,$21.12,-0.07,-0.33%,275.00,Bermuda,,10531,Finance,Specialty Insurers
ARGO^A,Argo Group International Holdings Inc. Depositary Shares Each Representing a 1/1000th Interest in a 7.00% Resettable Fixed Rate Preference Share Series A,$25.27,0.00,0.00%,,Bermuda,,9801,,
ARGX,argenx SE American Depositary Shares,$673.80,3.47,0.518%,41095639447.00,Netherlands,2017,633642,Health Care,Biotechnology: Biological Products (No Diagnostic Substances)
ARHS,Arhaus Inc. Class A Common Stock,$8.68,-0.08,-0.913%,1223304707.00,United States,2021,1650570,Consumer Discretionary,Other Specialty Stores
ARI,Apollo Commercial Real Estate Finance Inc,$9.78,0.16,1.663%,1358870667.00,United States,2009,1756026,Real Estate,Real Estate Investment Trusts
ARIS,Aris Water Solutions Inc. Class A Common Stock,$19.69,-1.58,-7.428%,1164369942.00,United States,2021,596949,Energy,Oilfield Services/Equipment
ARKO,ARKO Corp. Common Stock,$3.99,-0.18,-4.317%,454679963.00,United States,,487247,Consumer Staples,Food Chains
ARKOW,ARKO Corp. Warrant,$0.0161,0.0026,19.259%,1834674.00,United States,,1908,Consumer Staples,Food Chains
ARKR,Ark Restaurants Corp. Common Stock,$8.35,-0.25,-2.907%,30111411.00,United States,,12234,Consumer Discretionary,Restaurants
ARL,American Realty Investors Inc. Common Stock,$12.70,0.15,1.195%,205130946.00,United States,,6211,Real Estate,Other Consumer Services
ARLO,Arlo Technologies Inc. Common Stock,$15.76,-0.44,-2.716%,1629599082.00,United States,2018,1492069,Consumer Staples,Consumer Electronics/Appliances
ARLP,Alliance Resource Partners L.P. Common Units representing Limited Partners Interests,$26.59,0.11,0.415%,3414901158.00,United States,1999,352241,Energy,Coal Mining
ARM,Arm Holdings plc American Depositary Shares,$137.58,-3.795,-2.684%,145733540982.00,United Kingdom,2023,7659851,Technology,Semiconductors
ARMK,Aramark Common Stock,$42.49,-0.07,-0.164%,11135386635.00,United States,2013,2031479,Consumer Discretionary,Restaurants
ARMN,Aris Mining Corporation Common Shares,$7.10,0.15,2.158%,1264510000.00,,2023,1187973,,
ARMP,Armata Pharmaceuticals Inc. Common Stock,$2.54,0.09,3.673%,91931437.00,United States,,2245,Health Care,Biotechnology: Biological Products (No Diagnostic Substances)
AROC,Archrock Inc. Common Stock,$22.48,-0.88,-3.767%,3974670411.00,United States,,1764397,Utilities,Natural Gas Distribution
AROW,Arrow Financial Corporation Common Stock,$26.16,-0.64,-2.388%,436226842.00,United States,,55949,Finance,Major Banks
ARQ,Arq Inc. Common Stock,$5.16,-0.19,-3.551%,217809379.00,United States,,142459,Industrials,Major Chemicals
ARQQ,Arqit Quantum Inc. Ordinary Shares,$32.35,-0.895,-2.692%,404504691.00,United Kingdom,,431307,Technology,Computer Software: Prepackaged Software
ARQQW,Arqit Quantum Inc. Warrants,$0.4378,0.0079,1.838%,5474255.00,United Kingdom,,125805,Technology,Computer Software: Prepackaged Software
ARQT,Arcutis Biotherapeutics Inc. Common Stock,$14.29,-0.29,-1.989%,1703392636.00,United States,2020,1672424,Health Care,Biotechnology: Pharmaceutical Preparations
ARR,ARMOUR Residential REIT Inc.,$16.38,0.07,0.429%,1500309753.00,United States,,2768673,Real Estate,Real Estate Investment Trusts
ARR^C,ARMOUR Residential REIT Inc. 7% Series C Cumulative Redeemable Preferred Stock (liquidation preference $25.00 per share),$21.80,-0.08,-0.366%,,United States,,9785,,
ARRY,Array Technologies Inc. Common Stock,$6.06,-0.44,-6.769%,924435050.00,United States,2020,8275231,Consumer Discretionary,Miscellaneous manufacturing industries
ARTL,Artelo Biosciences Inc. Common Stock,$10.20,-1.66,-13.997%,5577758.00,United States,,612627,Health Care,Biotechnology: Pharmaceutical Preparations
ARTNA,Artesian Resources Corporation Class A Common Stock,$32.82,0.17,0.521%,338311350.00,United States,,19990,Utilities,Water Supply
ARTV,Artiva Biotherapeutics Inc. Common Stock,$2.83,-0.17,-5.667%,68947627.00,United States,2024,86600,Health Care,Biotechnology: Biological Products (No Diagnostic Substances)
ARTW,Art's-Way Manufacturing Co. Inc. Common Stock,$3.37,0.30,9.772%,17214243.00,United States,,37245,Industrials,Industrial Machinery/Components
ARVN,Arvinas Inc. Common Stock,$7.42,-0.02,-0.269%,541596114.00,United States,2018,1465806,Health Care,Biotechnology: Pharmaceutical Preparations
ARW,Arrow Electronics Inc. Common Stock,$114.66,-1.34,-1.155%,5947871349.00,United States,,1038603,Technology,Electronic Components
ARWR,Arrowhead Pharmaceuticals Inc. Common Stock,$15.93,0.13,0.823%,2199939930.00,United States,,1519158,Health Care,Biotechnology: Pharmaceutical Preparations
ARX,Accelerant Holdings Class A Common Shares,$26.86,-0.68,-2.469%,15713100000.00,,2025,920041,Finance,Specialty Insurers
AS,Amer Sports Inc. Ordinary Shares,$36.51,-1.03,-2.744%,20220893035.00,,2024,3472566,Consumer Discretionary,Apparel
ASA,ASA  Gold and Precious Metals Limited,$31.03,0.08,0.258%,585598067.00,United States,,31408,Industrials,Precious Metals
ASAN,Asana Inc. Class A Common Stock,$14.01,-0.67,-4.564%,3296863840.00,United States,2020,3889393,Technology,Computer Software: Prepackaged Software
ASB,Associated Banc-Corp Common Stock,$24.09,-0.65,-2.627%,3995279043.00,United States,,1578330,Finance,Major Banks
ASB^E,Associated Banc-Corp Depositary Shares each representing a 1/40th interest in a share of 5.875% Non-Cumulative Perpetual Preferred Stock Series E,$21.03,0.17,0.815%,,United States,,2345,,
ASB^F,Associated Banc-Corp Depositary Shares each representing a 1/40th interest in a share of Associated Banc-Corp 5.625% Non-Cumulative Perpetual Preferred Stock Series F,$20.34,0.00,0.00%,,United States,,1629,,
ASBA,Associated Banc-Corp 6.625% Fixed-Rate Reset Subordinated Notes due 2033,$24.55,-0.22,-0.888%,3704615008.00,United States,2023,19017,Finance,Major Banks
ASBP,Aspire Biopharma Holdings Inc. Common Stock,$0.3604,-0.0207,-5.432%,17849160.00,United States,2022,460679,Health Care,Biotechnology: Pharmaceutical Preparations
ASBPW,Aspire Biopharma Holdings Inc. Warrant,$0.0701,0.0041,6.212%,3471770.00,United States,2022,375,Health Care,Biotechnology: Pharmaceutical Preparations
ASC,Ardmore Shipping Corporation Common Stock,$10.65,-0.23,-2.114%,431360582.00,,2013,788972,Consumer Discretionary,Marine Transportation
ASG,Liberty All-Star Growth Fund Inc.,$5.35,-0.16,-2.904%,0.00,United States,,193258,Finance,Investment Managers
ASGI,abrdn Global Infrastructure Income Fund Common Shares of Beneficial Interest,$21.27,-0.02,-0.094%,0.00,United States,2020,133160,Finance,Investment Managers
ASGN,ASGN Incorporated Common Stock,$48.60,-1.54,-3.071%,2128680000.00,United States,1992,753407,Consumer Discretionary,Professional Services
ASH,Ashland Inc. Common Stock,$50.50,-1.06,-2.056%,2308150879.00,United States,,809430,Consumer Discretionary,Specialty Chemicals
ASIC,Ategrity Specialty Insurance Company Holdings Common Stock,$19.90,-0.08,-0.40%,936626813.00,,2025,114595,Finance,Property-Casualty Insurers
ASIX,AdvanSix Inc. Common Stock ,$19.19,-0.93,-4.622%,514535464.00,United States,2016,404310,Industrials,Major Chemicals
ASLE,AerSale Corporation Common Stock,$5.91,-0.13,-2.152%,276954656.00,United States,2019,343275,Consumer Discretionary,Industrial Specialties
ASM,Avino Silver & Gold Mines Ltd. Common Shares (Canada),$3.23,0.04,1.254%,467595210.00,Canada,,3080079,Basic Materials,Metal Mining
ASMB,Assembly Biosciences Inc. Common Stock,$18.40,0.475,2.65%,140530975.00,United States,2010,61476,Health Care,Biotechnology: Pharmaceutical Preparations
ASML,ASML Holding N.V. New York Registry Shares,$689.82,-4.89,-0.704%,271294975730.00,Netherlands,1995,1626022,Technology,Industrial Machinery/Components
ASND,Ascendis Pharma A/S American Depositary Shares,$174.48,0.98,0.565%,10589101692.00,Denmark,2015,260277,Health Care,Biotechnology: Pharmaceutical Preparations
ASNS,Actelis Networks Inc. Common Stock,$0.47,-0.031,-6.188%,4243558.00,United States,2022,246505,Telecommunications,Telecommunications Equipment
ASO,Academy Sports and Outdoors Inc. Common Stock,$49.27,-1.52,-2.993%,3275260005.00,United States,2020,1453319,Consumer Discretionary,Other Specialty Stores
ASPC,A SPAC III Acquisition Corp. Class A Ordinary Shares,$10.26,0.00,0.00%,0.00,China,2025,5,,
ASPCR,A SPAC III Acquisition Corp. Right,$0.1999,0.0349,21.152%,0.00,China,2025,100,Finance,Blank Checks
ASPI,ASP Isotopes Inc. Common Stock,$8.93,-0.14,-1.544%,670302249.00,United States,2022,3020470,Industrials,Major Chemicals
ASPN,Aspen Aerogels Inc. Common Stock,$7.60,-0.06,-0.783%,624525121.00,United States,2014,2397874,Consumer Discretionary,RETAIL: Building Materials
ASPS,Altisource Portfolio Solutions S.A. Common Stock,$11.32,0.20,1.799%,124369546.00,Luxembourg,,21314,Consumer Discretionary,Other Consumer Services
ASPSW,Altisource Portfolio Solutions S.A. Net Settle Stakeholder Warrants,$1.00,0.09,9.89%,0.00,Luxembourg,,10084,,
ASPSZ,Altisource Portfolio Solutions S.A. Cash Exercise Stakeholder Warrants,$0.978,0.072,7.947%,0.00,Luxembourg,,5930,,
ASR,Grupo Aeroportuario del Sureste S.A. de C.V. Common Stock,$304.03,0.72,0.237%,9120900000.00,Mexico,,29002,Consumer Discretionary,Aerospace
ASRT,Assertio Holdings Inc. Common Stock,$0.7125,-0.0035,-0.489%,68243778.00,United States,,135077,Health Care,Biotechnology: Pharmaceutical Preparations
ASRV,AmeriServ Financial Inc. Common Stock,$2.93,0.12,4.27%,48401452.00,United States,,61321,Finance,Major Banks
ASST,Asset Entities Inc. Class B Common Stock,$3.02,-0.31,-9.309%,47631573.00,United States,2023,1899296,Technology,Computer Software: Prepackaged Software
ASTC,Astrotech Corporation (DE) Common Stock,$5.2533,-0.3908,-6.924%,8898843.00,United States,,6647,Industrials,Biotechnology: Laboratory Analytical Instruments
ASTE,Astec Industries Inc. Common Stock,$37.91,-1.75,-4.413%,866886833.00,United States,1986,153220,Industrials,Construction/Ag Equipment/Trucks
ASTH,Astrana Health Inc. Common Stock,$21.57,-2.29,-9.598%,1209251128.00,United States,,638034,Consumer Discretionary,Professional Services
ASTI,Ascent Solar Technologies Inc. Common Stock,$1.68,-0.10,-5.618%,3047142.00,United States,,81566,Technology,Semiconductors
ASTL,Algoma Steel Group Inc. Common Shares,$5.14,-0.21,-3.925%,539359742.00,Canada,,1547548,Industrials,Steel/Iron Ore
ASTLW,Algoma Steel Group Inc. Warrant,$0.2368,-0.0407,-14.667%,24848324.00,Canada,,72983,Industrials,Steel/Iron Ore
ASTS,AST SpaceMobile Inc. Class A Common Stock,$52.46,-0.71,-1.335%,17216827885.00,United States,2019,8993529,Consumer Discretionary,Telecommunications Equipment
ASUR,Asure Software Inc Common Stock,$8.37,-1.33,-13.711%,227279039.00,United States,,462390,Technology,EDP Services
ASX,ASE Technology Holding Co. Ltd. American Depositary Shares (each representing Two Common Shares) ,$10.01,0.51,5.368%,22104510118.00,Taiwan,2018,11115745,Technology,Semiconductors
ASYS,Amtech Systems Inc. Common Stock,$4.56,-0.145,-3.082%,65271671.00,United States,,90064,Technology,Industrial Machinery/Components
ATAI,ATAI Life Sciences N.V. Common Shares,$4.17,0.07,1.707%,835407830.00,Germany,2008,7659290,Health Care,Biotechnology: Pharmaceutical Preparations
ATAT,Atour Lifestyle Holdings Limited American Depositary Shares,$33.46,-0.36,-1.064%,4623701920.00,China,2022,1142907,Consumer Discretionary,Hotels/Resorts
ATCH,AtlasClear Holdings Inc. Common Stock,$0.1588,-0.0612,-27.818%,2476797.00,,2024,25311330,Finance,Finance: Consumer Services
ATCO^H,Atlas Corp. 7.875% Series H,$26.01,-0.44,-1.664%,,United Kingdom,,3575,,
ATEC,Alphatec Holdings Inc. Common Stock,$13.77,3.19,30.151%,2012798120.00,United States,2006,12996478,Health Care,Medical/Dental Instruments
ATEN,A10 Networks Inc. Common Stock,$17.75,-0.67,-3.637%,1279432727.00,United States,2014,693229,Telecommunications,Computer Communications Equipment
ATER,Aterian Inc. Common Stock,$1.17,-0.045,-3.704%,10238367.00,United States,2019,116128,Consumer Discretionary,Home Furnishings
ATEX,Anterix Inc. Common Stock,$21.86,-0.35,-1.576%,408691806.00,United States,2015,190572,Telecommunications,Telecommunications Equipment
ATGE,Adtalem Global Education Inc. Common Stock,$114.77,0.50,0.438%,4123452199.00,United States,,401312,Real Estate,Other Consumer Services
ATGL,Alpha Technology Group Limited Class A Ordinary Shares,$20.53,0.00,0.00%,337975125.00,China,2023,1390,Technology,EDP Services
ATH^A,Athene Holding Ltd. Depositary Shares Each Representing a 1/1000th Interest in a 6.35% Fixed-to-Floating Rate Perpetual Non-Cumulative Preference Share Series A,$24.95,0.06,0.241%,,Bermuda,,22788,,
ATH^B,Athene Holding Ltd. Depositary Shares Each Representing a 1/1000th Interest in a 5.625% Fixed Rate Perpetual Non- Cumulative Preference Share Series B par value $1.00 per share,$20.14,0.11,0.549%,,Bermuda,,12282,,
ATH^D,Athene Holding Ltd. Depositary Shares Each Representing a 1/1000th Interest in a 4.875% Fixed-Rate Perpetual Non-Cumulative Preference Share Series D,$17.13,-0.04,-0.233%,,Bermuda,,17559,,
ATH^E,Athene Holding Ltd. Depositary Shares Each Representing a 1/1000th Interest in a 7.750% Fixed-Rate Reset Perpetual Non-Cumulative Preference Share Series E,$26.1499,-0.1101,-0.419%,,Bermuda,,9699,,
ATHA,Athira Pharma Inc. Common Stock,$0.3702,-0.0098,-2.579%,14453513.00,United States,2020,348705,Health Care,Biotechnology: Biological Products (No Diagnostic Substances)
ATHE,Alterity Therapeutics Limited American Depositary Shares,$5.01,-0.05,-0.988%,43801243.00,Australia,,45942,Health Care,Biotechnology: Pharmaceutical Preparations
ATHM,Autohome Inc. American Depositary Shares each representing four class A ordinary shares.,$27.12,0.03,0.111%,3212194093.00,China,2013,425062,Technology,EDP Services
ATHR,Aether Holdings Inc. Common Stock,$9.20,-0.25,-2.646%,111331712.00,United States,2025,77125,Technology,Computer Software: Prepackaged Software
ATHS,Athene Holding Ltd. 7.250% Fixed-Rate Reset Junior Subordinated Debentures due 2064,$25.20,0.02,0.079%,5135896886.00,Bermuda,2024,12961,,
ATI,ATI Inc. Common Stock,$76.72,-0.22,-0.286%,10822704584.00,United States,,3712978,Industrials,Steel/Iron Ore
ATII,Archimedes Tech SPAC Partners II Co. Ordinary Shares,$10.20,-0.015,-0.147%,0.00,United States,2025,155012,,
ATIIU,Archimedes Tech SPAC Partners II Co. Unit,$10.45,0.00,0.00%,0.00,United States,2025,50,Finance,Blank Checks
ATIIW,Archimedes Tech SPAC Partners II Co. Warrant,$0.3614,0.0139,4.00%,0.00,United States,2025,2008,Finance,Blank Checks
ATKR,Atkore Inc. Common Stock,$75.92,-1.10,-1.428%,2554829928.00,United States,2016,504503,Miscellaneous,Industrial Machinery/Components
ATLC,Atlanticus Holdings Corporation Common Stock,$48.02,-1.61,-3.244%,726361517.00,United States,1995,48774,Finance,Finance: Consumer Services
ATLCL,Atlanticus Holdings Corporation 6.125% Senior Notes due 2026,$24.3709,0.0209,0.086%,368639814.00,United States,,996,Finance,Finance: Consumer Services
ATLCP,Atlanticus Holdings Corporation 7.625% Series B Cumulative Perpetual Preferred Stock no par value per share,$22.37,0.27,1.222%,338373743.00,United States,,7072,Finance,Finance: Consumer Services
ATLCZ,Atlanticus Holdings Corporation 9.25% Senior Notes due 2029,$25.24,0.03,0.119%,381786020.00,United States,,20809,Finance,Finance: Consumer Services
ATLN,Atlantic International Corp. Common Stock,$1.56,0.02,1.299%,91065761.00,United States,2024,28173,Industrials,Biotechnology: Laboratory Analytical Instruments
ATLO,Ames National Corporation Common Stock,$18.01,-0.04,-0.222%,160569182.00,United States,,24549,Finance,Major Banks
ATLX,Atlas Lithium Corporation Common Stock,$4.34,-0.22,-4.825%,77413465.00,United States,,165541,Industrials,Mining & Quarrying of Nonmetallic Minerals (No Fuels)
ATMC,AlphaTime Acquisition Corp Ordinary Shares,$12.00,-0.10,-0.826%,0.00,United States,2023,382,Finance,Blank Checks
ATMCR,AlphaTime Acquisition Corp Right,$0.2538,0.00,0.00%,0.00,United States,2023,58,Finance,Blank Checks
ATMCW,AlphaTime Acquisition Corp Warrant,$0.0549,0.0097,21.46%,0.00,United States,2023,1754,Finance,Blank Checks
ATMU,Atmus Filtration Technologies Inc. Common Stock,$37.49,-1.42,-3.649%,3099070548.00,United States,2023,717820,Consumer Discretionary,Auto Parts:O.E.M.
ATMVR,AlphaVest Acquisition Corp Right.,$0.29,0.01,3.571%,0.00,United States,2023,4810,Finance,Blank Checks
ATNF,180 Life Sciences Corp. Common Stock,$3.54,0.26,7.927%,21378796.00,United States,2017,3319198,Health Care,Biotechnology: Pharmaceutical Preparations
ATNFW,180 Life Sciences Corp. Warrant,$0.0121,0.0007,6.14%,73074.00,United States,2017,250437,Health Care,Biotechnology: Pharmaceutical Preparations
ATNI,ATN International Inc. Common Stock,$16.985,-0.165,-0.962%,258452762.00,United States,,43770,Telecommunications,Telecommunications Equipment
ATNM,Actinium Pharmaceuticals Inc. (Delaware) Common Stock,$1.61,-0.02,-1.227%,50225385.00,United States,,151199,Health Care,Biotechnology: Pharmaceutical Preparations
ATO,Atmos Energy Corporation Common Stock,$155.81,-0.11,-0.071%,24748371780.00,United States,,829913,Utilities,Oil/Gas Transmission
ATOM,Atomera Incorporated Common Stock,$4.66,-0.34,-6.80%,143081255.00,United States,2016,464783,Technology,Semiconductors
ATOS,Atossa Therapeutics Inc. Common Stock,$0.823,-0.011,-1.319%,106306913.00,United States,2012,684875,Health Care,Biotechnology: Pharmaceutical Preparations
ATPC,Agape ATP Corporation Common Stock,$1.346,0.066,5.156%,67307243.00,Malaysia,,37208,Health Care,Medical/Nursing Services
ATR,AptarGroup Inc. Common Stock,$141.35,-15.79,-10.048%,9334852521.00,United States,,1012348,Industrials,Plastic Products
ATRA,Atara Biotherapeutics Inc. Common Stock,$11.55,0.03,0.26%,68854066.00,United States,2014,39781,Health Care,Biotechnology: Biological Products (No Diagnostic Substances)
ATRC,AtriCure Inc. Common Stock,$34.41,-0.69,-1.966%,1710225690.00,United States,2005,730309,Health Care,Medical/Dental Instruments
ATRO,Astronics Corporation Common Stock,$34.26,-1.86,-5.15%,1213017680.00,United States,,330611,Industrials,Military/Government/Technical
ATS,ATS Corporation Common Shares,$29.85,-0.50,-1.647%,2914386900.00,Canada,2023,120511,Industrials,Industrial Machinery/Components
ATUS,Altice USA Inc. Class A Common Stock,$2.47,-0.13,-5.00%,1155212091.00,United States,2017,5557720,Telecommunications,Cable & Other Pay Television Services
ATXG,Addentax Group Corp. Common Stock,$0.4056,-0.0918,-18.456%,4092895.00,China,,961891,Consumer Discretionary,Professional Services
ATXS,Astria Therapeutics Inc. Common Stock,$6.56,-0.36,-5.202%,370208477.00,United States,2015,233456,Health Care,Biotechnology: Pharmaceutical Preparations
ATYR,aTyr Pharma Inc. Common Stock,$4.70,-0.02,-0.424%,418320849.00,United States,2015,4253952,Health Care,Biotechnology: Biological Products (No Diagnostic Substances)
AU,AngloGold Ashanti PLC Ordinary Shares,$48.76,2.51,5.427%,24551979056.00,South Africa,,4254316,Basic Materials,Precious Metals
AUB,Atlantic Union Bankshares Corporation Common Stock,$31.30,-0.40,-1.262%,4459263674.00,United States,,1539484,Finance,Major Banks
AUB^A,Atlantic Union Bankshares Corporation Depositary Shares each representing a 1/400th ownership interest in a share of 6.875% Perpetual Non-Cumulative Preferred Stock Series A,$25.04,-0.09,-0.358%,,United States,,13258,,
AUBN,Auburn National Bancorporation Inc. Common Stock,$25.41,-1.21,-4.545%,88774892.00,United States,,4218,Finance,Major Banks
AUDC,AudioCodes Ltd. Common Stock,$9.68,-0.34,-3.393%,285299540.00,Israel,1999,133203,Utilities,Telecommunications Equipment
AUGO,Aura Minerals Inc. Common Shares,$24.32,-0.05,-0.205%,1812554084.00,United States,,74131,,
AUID,authID Inc. Common Stock,$3.62,-0.29,-7.417%,48666339.00,United States,,29605,Technology,Computer Software: Prepackaged Software
AUNA,Auna SA Class A Ordinary Shares,$6.17,-0.12,-1.908%,456396745.00,Peru,2024,5241,Health Care,Medical/Nursing Services
AUPH,Aurinia Pharmaceuticals Inc Ordinary Shares,$10.49,1.245,13.467%,1499975317.00,Canada,,7929983,Health Care,Biotechnology: Pharmaceutical Preparations
AUR,Aurora Innovation Inc. Class A Common Stock,$5.65,-0.16,-2.754%,10426127359.00,United States,2021,22115983,Technology,EDP Services
AURA,Aura Biosciences Inc. Common Stock,$6.74,-0.15,-2.177%,338811429.00,United States,2021,200596,Health Care,Biotechnology: Biological Products (No Diagnostic Substances)
AUROW,Aurora Innovation Inc. Warrant,$0.79,-0.0501,-5.964%,1457812498.00,United States,2021,47201,Technology,EDP Services
AUST,Austin Gold Corp. Common Shares,$1.28,0.06,4.918%,16987840.00,,2022,71770,Basic Materials,Precious Metals
AUTL,Autolus Therapeutics plc American Depositary Share,$2.35,-0.05,-2.083%,625432316.00,United Kingdom,2018,1354514,Health Care,Biotechnology: Biological Products (No Diagnostic Substances)
AUUD,Auddia Inc. Common Stock,$4.46,0.285,6.826%,2767145.00,United States,2021,25507,Technology,EDP Services
AUUDW,Auddia Inc. Warrants,$0.0204,-0.0097,-32.226%,12657.00,United States,2021,24470,Technology,EDP Services
AVA,Avista Corporation Common Stock,$37.52,0.22,0.59%,3022744734.00,United States,,533613,Utilities,Power Generation
AVAH,Aveanna Healthcare Holdings Inc. Common Stock,$3.74,-0.23,-5.793%,729651059.00,United States,2021,467444,Health Care,Medical/Nursing Services
AVAL,Grupo Aval Acciones y Valores S.A. ADR (Each representing 20 preferred shares),$2.80,-0.01,-0.356%,3324086606.00,,2014,28895,Finance,Commercial Banks
AVAV,AeroVironment Inc. Common Stock,$260.07,-7.57,-2.828%,11883353543.00,United States,2007,950129,Industrials,Aerospace
AVB,AvalonBay Communities Inc. Common Stock,$184.44,-1.84,-0.988%,26258386566.00,United States,,1843814,Real Estate,Real Estate Investment Trusts
AVBC,Avidia Bancorp Inc.,$14.64,14.64,,0.00,,,4053486,,
AVBP,ArriVent BioPharma Inc. Common Stock,$18.66,-0.85,-4.357%,638406388.00,United States,2024,304192,Health Care,Biotechnology: Pharmaceutical Preparations
AVD,American Vanguard Corporation Common Stock ($0.10 Par Value),$4.21,0.35,9.067%,119362918.00,United States,1998,601195,Industrials,Agricultural Chemicals
AVDL,Avadel Pharmaceuticals plc Ordinary Share,$11.08,0.57,5.423%,1071867400.00,France,,993392,Health Care,Biotechnology: Pharmaceutical Preparations
AVDX,AvidXchange Holdings Inc. Common Stock,$9.86,0.00,0.00%,2035557402.00,United States,2021,815993,Technology,Computer Software: Prepackaged Software
AVGO,Broadcom Inc. Common Stock,$288.64,-5.06,-1.723%,1357609863379.00,United States,2009,21413166,Technology,Semiconductors
AVIR,Atea Pharmaceuticals Inc. Common Stock,$3.47,-0.17,-4.67%,296960778.00,United States,2020,313746,Health Care,Biotechnology: Pharmaceutical Preparations
AVK,Advent Convertible and Income Fund,$12.17,-0.13,-1.057%,0.00,United States,2003,94869,Finance,Trusts Except Educational Religious and Charitable
AVNS,Avanos Medical Inc. Common Stock,$10.98,-0.19,-1.701%,507758900.00,United States,2014,670793,Health Care,Industrial Specialties
AVNT,Avient Corporation Common Stock,$33.79,2.22,7.032%,3092890575.00,United States,,1835274,Industrials,Major Chemicals
AVNW,Aviat Networks Inc. Common Stock,$20.86,-0.74,-3.426%,264764111.00,United States,,102216,Technology,Radio And Television Broadcasting And Communications Equipment
AVO,Mission Produce Inc. Common Stock,$12.24,-0.10,-0.81%,864366927.00,United States,2020,211877,Consumer Staples,Farming/Seeds/Milling
AVPT,AvePoint Inc. Class A Common Stock,$17.95,-1.13,-5.922%,3648035976.00,United States,2019,1307492,Technology,Computer Software: Prepackaged Software
AVR,Anteris Technologies Global Corp. Common Stock,$3.07,-0.14,-4.361%,110710607.00,United States,2024,86096,Health Care,Industrial Specialties
AVT,Avnet Inc. Common Stock,$51.87,-1.07,-2.021%,4349678929.00,United States,,907219,Technology,Electronic Components
AVTR,Avantor Inc. Common Stock,$11.36,-2.08,-15.476%,7741040972.00,United States,2019,59921406,Industrials,Biotechnology: Laboratory Analytical Instruments
AVTX,Avalo Therapeutics Inc. Common Stock,$7.89,0.00,0.00%,85429922.00,United States,2015,242144,Health Care,Biotechnology: Pharmaceutical Preparations
AVXL,Anavex Life Sciences Corp. Common Stock,$11.20,-0.10,-0.885%,956164742.00,United States,,866336,Health Care,Biotechnology: Biological Products (No Diagnostic Substances)
AVY,Avery Dennison Corporation Common Stock,$165.82,-1.95,-1.162%,12930907917.00,United States,,765721,Consumer Discretionary,Containers/Packaging
AWF,Alliancebernstein Global High Income Fund,$11.13,0.01,0.09%,0.00,United States,1993,301107,Finance,Trusts Except Educational Religious and Charitable
AWI,Armstrong World Industries Inc Common Stock,$188.52,0.35,0.186%,8155060749.00,United States,,515067,Industrials,Plastic Products
AWK,American Water Works Company Inc. Common Stock,$145.72,5.48,3.908%,28429763038.00,United States,2008,2693140,Utilities,Water Supply
AWP,abrdn Global Premier Properties Fund Common Shares of Beneficial Interest,$3.83,0.01,0.262%,0.00,United States,2007,374437,Finance,Trusts Except Educational Religious and Charitable
AWR,American States Water Company Common Stock,$74.74,1.15,1.563%,2878145246.00,United States,,299788,Utilities,Water Supply
AWRE,Aware Inc. Common Stock,$2.165,0.045,2.123%,45663165.00,United States,1996,31676,Technology,Computer Software: Prepackaged Software
AWX,Avalon Holdings Corporation Common Stock,$2.58,-0.01,-0.386%,10060532.00,United States,1998,3399,Utilities,Environmental Services
AX,Axos Financial Inc. Common Stock,$84.41,-1.94,-2.247%,4758452527.00,United States,2018,537504,Finance,Savings Institutions
AXGN,Axogen Inc. Common Stock,$12.67,-0.42,-3.209%,577043037.00,United States,,1556565,Health Care,Biotechnology: Electromedical & Electrotherapeutic Apparatus
AXIL,AXIL Brands Inc. Common Stock,$8.84,0.0105,0.119%,58784692.00,,2024,6432,Consumer Discretionary,Package Goods/Cosmetics
AXIN,Axiom Intelligence Acquisition Corp 1 Class A Ordinary Shares,$9.97,9.97,,,United Kingdom,,82627,,
AXINR,Axiom Intelligence Acquisition Corp 1 Right,$0.16,0.16,,0.00,United Kingdom,,931688,,
AXINU,Axiom Intelligence Acquisition Corp 1 Units,$10.14,-0.0007,-0.007%,0.00,United Kingdom,2025,5098,Finance,Blank Checks
AXL,American Axle & Manufacturing Holdings Inc. Common Stock,$4.31,-0.14,-3.146%,510024488.00,United States,,2514122,Consumer Discretionary,Auto Parts:O.E.M.
AXON,Axon Enterprise Inc. Common Stock,$742.47,-13.02,-1.723%,57801892386.00,United States,2001,457619,Industrials,Ordnance And Accessories
AXP,American Express Company Common Stock,$294.27,-5.04,-1.684%,204777262939.00,United States,,3012937,Finance,Finance: Consumer Services
AXR,AMREP Corporation Common Stock,$22.00,-0.25,-1.124%,116730878.00,United States,,27142,Real Estate,Homebuilding
AXS,Axis Capital Holdings Limited Common Stock,$93.33,-0.51,-0.543%,7295977833.00,Bermuda,2003,690630,Finance,Property-Casualty Insurers
AXS^E,Axis Capital Holdings Limited Depositary Shares each representing 1/100th interest in a share of a 5.50% Series E Preferred Shares,$20.51,-0.06,-0.292%,,Bermuda,,19111,,
AXSM,Axsome Therapeutics Inc. Common Stock,$103.02,1.64,1.618%,5072330322.00,United States,2015,838764,Health Care,Biotechnology: Pharmaceutical Preparations
AXTA,Axalta Coating Systems Ltd. Common Shares,$27.82,-0.50,-1.766%,6025092853.00,United States,2014,3142912,Consumer Discretionary,Paints/Coatings
AXTI,AXT Inc Common Stock,$1.92,-0.16,-7.692%,87559069.00,United States,1998,563249,Technology,Semiconductors
AYI,Acuity Inc. Common Stock,$304.83,-6.52,-2.094%,9341464139.00,United States,,298954,Consumer Discretionary,Building Products
AYRO,AYRO Inc. Common Stock,$7.17,-0.56,-7.245%,3894866.00,United States,,28277,Consumer Discretionary,Telecommunications Equipment
AYTU,Aytu BioPharma Inc.  Common Stock,$2.40,-0.04,-1.639%,14808590.00,United States,,86793,Health Care,Biotechnology: Pharmaceutical Preparations
AZ,A2Z Cust2Mate Solutions Corp. Common Shares,$10.08,-0.11,-1.079%,353200499.00,Canada,,199270,Industrials,Industrial Machinery/Components
AZI,Autozi Internet Technology (Global) Ltd. Class A Ordinary Shares,$0.2206,-0.0161,-6.802%,23379453.00,China,2024,1546503,Consumer Discretionary,Automotive Aftermarket
AZN,AstraZeneca PLC American Depositary Shares,$73.95,0.86,1.177%,229344191797.00,United Kingdom,,9803496,Health Care,Biotechnology: Pharmaceutical Preparations
AZO,AutoZone Inc. Common Stock,$3858.86,90.48,2.401%,64553765306.00,United States,,104922,Consumer Discretionary,Auto & Home Supply Stores
AZTA,Azenta Inc.,$32.34,-0.36,-1.101%,1480523454.00,United States,,496951,Technology,Industrial Machinery/Components
AZTR,Azitra Inc Common Stock,$0.1728,-0.0052,-2.921%,2847114.00,,2023,1151588,Health Care,Biotechnology: Pharmaceutical Preparations
AZZ,AZZ Inc.,$106.32,-3.18,-2.904%,3191092414.00,United States,,269256,Industrials,Industrial Specialties
B,Barrick Mining Corporation Common Shares,$21.37,0.25,1.184%,36744818742.00,Canada,,10863367,Basic Materials,Precious Metals
BA,Boeing Company (The) Common Stock,$221.90,0.06,0.027%,167791392521.00,United States,,8565643,Industrials,Aerospace
BA^A,Boeing Company (The) Depositary Shares each representing a 1/20th interest in a share of 6.00% Series A Mandatory Convertible Preferred Stock par value $1.00,$71.03,0.33,0.467%,,United States,,687872,,
BABA,Alibaba Group Holding Limited American Depositary Shares each representing eight Ordinary share,$117.07,-3.56,-2.951%,270347346850.00,China,2014,12192147,Consumer Discretionary,Business Services
BAC,Bank of America Corporation Common Stock,$45.66,-1.61,-3.406%,343905462863.00,United States,,52303334,Finance,Major Banks
BAC^B,Bank of America Corporation Depositary Shares each representing a 1/1000th interest in a share of 6.000% Non-Cumulative Preferred Stock Series GG,$24.91,-0.31,-1.229%,,United States,,104139,,
BAC^E,Bank of America Corporation Depositary Sh repstg 1/1000th Perp Pfd Ser E,$21.29,0.05,0.235%,,United States,,12629,,
BAC^K,Bank of America Corporation Depositary Shares each representing a 1/1000th interest in a share of 5.875% Non- Cumulative Preferred Stock Series HH,$24.54,0.01,0.041%,,United States,,65331,,
BAC^L,Bank of America Corporation Non Cumulative Perpetual Conv Pfd Ser L,$1219.01,-0.99,-0.081%,,United States,,5991,,
BAC^M,Bank of America Corporation Depositary Shares each representing a 1/1000th interest in a share of 5.375% Non-Cumulative Preferred Stock Series KK,$21.99,0.06,0.274%,,United States,,63942,,
BAC^N,Bank of America Corporation Depositary shares each representing 1/1000th interest in a share of 5.000% Non-Cumulative Preferred Stock Series LL,$20.47,0.02,0.098%,,United States,,64223,,
BAC^O,Bank of America Corporation Depositary shares each representing 1/1000th interest in a share of 4.375% Non-Cumulative Preferred Stock Series NN,$17.855,0.045,0.253%,,United States,,57044,,
BAC^P,Bank of America Corporation Depositary Shares each representing a 1/1000th interest in a share of 4.125% Non-Cumulative Preferred Stock Series PP,$16.895,0.055,0.327%,,United States,,47606,,
BAC^Q,Bank of America Corporation Depositary shares each representing 1/1000th interest in a share of 4.250% Non-Cumulative Preferred Stock Series QQ,$17.38,-0.26,-1.474%,,United States,,90473,,
BAC^S,Bank of America Corporation Depositary shares each representing 1/1000th interest in a share of 4.750% Non-Cumulative Preferred Stock Series SS,$19.3504,-0.2196,-1.122%,,United States,,34483,,
BACCU,Blue Acquisition Corp. Unit,$10.10,0.01,0.099%,0.00,United States,2025,281327,Finance,Blank Checks
BACQ,Bleichroeder Acquisition Corp. I Class A Ordinary Shares,$10.3225,-0.0175,-0.169%,0.00,United States,2024,101522,,
BACQR,Bleichroeder Acquisition Corp. I Right,$0.38,-0.01,-2.564%,0.00,United States,2024,531,Finance,Blank Checks
BAER,Bridger Aerospace Group Holdings Inc. Common Stock,$1.77,0.05,2.907%,96859083.00,United States,,194772,Consumer Discretionary,Business Services
BAERW,Bridger Aerospace Group Holdings Inc. Warrant,$0.0779,-0.0001,-0.128%,4262894.00,United States,,10974,Consumer Discretionary,Business Services
BAFN,BayFirst Financial Corp. Common Stock,$13.00,0.31,2.443%,53677351.00,United States,,24926,Finance,Major Banks
BAH,Booz Allen Hamilton Holding Corporation Common Stock,$109.70,2.37,2.208%,13520380854.00,United States,2010,2106785,Consumer Discretionary,Professional Services
BAK,Braskem SA ADR,$3.04,-0.12,-3.797%,1373072702.00,Brazil,,787944,Industrials,Major Chemicals
BALL,Ball Corporation Common Stock,$57.14,-0.12,-0.21%,15851636179.00,United States,,4335629,Industrials,Containers/Packaging
BALY,Bally's Corporation Common Stock,$9.23,-0.05,-0.539%,452391790.00,United States,2024,33510,Consumer Discretionary,Hotels/Resorts
BAM,Brookfield Asset Management Inc Class A Limited Voting Shares,$59.81,-1.86,-3.016%,96447502303.00,,2022,2106115,Consumer Discretionary,Other Consumer Services
BANC,Banc of California Inc. Common Stock,$14.16,-0.36,-2.479%,2090267184.00,United States,,2112924,Finance,Major Banks
BANC^F,Banc of California Inc. Depositary Shares each representing a 1/40th interest in a share of 7.75% non-cumulative perpetual preferred stock Series F,$24.72,-0.23,-0.922%,,United States,,49964,,
BAND,Bandwidth Inc. Class A Common Stock,$13.45,-0.46,-3.307%,405397055.00,United States,2017,398696,Technology,Computer Software: Prepackaged Software
BANF,BancFirst Corporation Common Stock,$122.30,-2.22,-1.783%,4065596152.00,United States,1993,198648,Finance,Major Banks
BANFP,BancFirst Corporation - BFC Capital Trust II Cumulative Trust Preferred Securities,$26.3215,0.1215,0.464%,875000729.00,United States,,528,Finance,Major Banks
BANL,CBL International Limited Ordinary Shares,$0.684,-0.0303,-4.242%,18810000.00,Malaysia,2023,166686,Energy,Oil Refining/Marketing
BANR,Banner Corporation Common Stock,$61.08,-0.995,-1.603%,2112148232.00,United States,,218165,Finance,Major Banks
BANX,ArrowMark Financial Corp. Common Stock,$20.50,-0.043,-0.209%,145603833.00,United States,,5336,Finance,Trusts Except Educational Religious and Charitable
BAOS,Baosheng Media Group Holdings Limited Ordinary shares,$2.87,-0.19,-6.209%,4403978.00,China,2021,26848,Consumer Discretionary,Business Services
BAP,Credicorp Ltd. Common Stock,$236.50,-0.50,-0.211%,22321417971.00,Peru,,388315,Finance,Commercial Banks
BARK,BARK Inc. Class A Common Stock,$0.8444,-0.017,-1.974%,142981026.00,United States,2020,1098105,Consumer Discretionary,Other Specialty Stores
BASE,Couchbase Inc. Common Stock,$24.24,-0.02,-0.082%,1311006971.00,United States,2021,869803,Technology,Computer Software: Prepackaged Software
BATL,Battalion Oil Corporation Common Stock,$1.27,-0.02,-1.55%,20899835.00,United States,,90553,Energy,Oil & Gas Production
BATRA,Atlanta Braves Holdings Inc. Series A Common Stock,$46.65,-0.45,-0.955%,2919965689.00,United States,,41375,Consumer Discretionary,Services-Misc. Amusement & Recreation
BATRK,Atlanta Braves Holdings Inc. Series C Common Stock,$44.54,-0.02,-0.045%,2787894358.00,United States,,384719,Consumer Discretionary,Services-Misc. Amusement & Recreation
BAX,Baxter International Inc. Common Stock,$21.96,0.20,0.919%,11269314721.00,United States,,22647021,Health Care,Medical/Dental Instruments
BAYA,Bayview Acquisition Corp Ordinary Shares,$11.12,-0.01,-0.09%,0.00,United States,2023,105,,
BAYAR,Bayview Acquisition Corp Right,$0.25,0.02,8.696%,0.00,United States,2023,92916,,
BB,BlackBerry Limited Common Stock,$3.61,-0.08,-2.168%,2152643000.00,Canada,,8734680,Technology,Computer Software: Prepackaged Software
BBAI,BigBear.ai Inc. Common Stock,$6.40,0.05,0.787%,1863608352.00,United States,2021,72761209,Technology,Computer Software: Prepackaged Software
BBAR,Banco BBVA Argentina S.A. ADS,$15.23,-0.63,-3.972%,3110524834.00,Argentina,,400940,Finance,Commercial Banks
BBCP,Concrete Pumping Holdings Inc. Common Stock,$6.84,0.01,0.146%,355872327.00,United States,2017,179160,Consumer Discretionary,Engineering & Construction
BBD,Banco Bradesco Sa American Depositary Shares,$2.81,0.04,1.444%,29904498341.00,Brazil,,29530501,Finance,Major Banks
BBDC,Barings BDC Inc. Common Stock,$9.18,-0.06,-0.649%,966277051.00,United States,,279444,Finance,Diversified Financial Services
BBDO,Banco Bradesco Sa American Depositary Shares (each representing one Common Share),$2.44,0.01,0.412%,25966895356.00,Brazil,,22847,Finance,Major Banks
BBGI,Beasley Broadcast Group Inc. Class A Common Stock,$4.07,-0.0901,-2.166%,7303293.00,United States,2000,2738,Consumer Discretionary,Broadcasting
BBIO,BridgeBio Pharma Inc. Common Stock,$47.37,0.10,0.212%,8994649706.00,United States,2019,2215456,Health Care,Biotechnology: Pharmaceutical Preparations
BBLG,Bone Biologics Corp Common Stock,$2.73,-0.07,-2.50%,1488325.00,United States,,27964,Health Care,Industrial Specialties
BBLGW,Bone Biologics Corp Warrants,$15.00,0.00,0.00%,8177610.00,United States,,14,Health Care,Industrial Specialties
BBN,BlackRock Taxable Municipal Bond Trust Common Shares of Beneficial Interest,$16.41,0.22,1.359%,0.00,United States,2010,181184,Finance,Finance Companies
BBNX,Beta Bionics Inc. Common Stock,$16.40,-0.39,-2.323%,712910050.00,United States,2025,514719,Health Care,Medical/Dental Instruments
BBSI,Barrett Business Services Inc. Common Stock,$44.04,-1.93,-4.198%,1130956536.00,United States,1993,184252,Consumer Discretionary,Professional Services
BBU,Brookfield Business Partners L.P. Limited Partnership Units ,$23.93,-0.22,-0.911%,5089204754.00,,2016,29789,Consumer Discretionary,Engineering & Construction
BBUC,Brookfield Business Corporation Class A Exchangeable Subordinate Voting Shares,$29.39,-1.37,-4.454%,2869292445.00,,2022,116423,Consumer Discretionary,Engineering & Construction
BBVA,Banco Bilbao Vizcaya Argentaria S.A. Common Stock,$16.66,-0.07,-0.418%,96016335847.00,Spain,,1648749,Finance,Commercial Banks
BBW,Build-A-Bear Workshop Inc. Common Stock,$49.36,-1.35,-2.662%,651976101.00,United States,2004,259305,Consumer Discretionary,Recreational Games/Products/Toys
BBWI,Bath & Body Works Inc.,$28.17,-0.79,-2.728%,5961104237.00,United States,,8824125,Consumer Discretionary,Clothing/Shoe/Accessory Stores
BBY,Best Buy Co. Inc. Common Stock,$64.12,-0.94,-1.445%,13551550019.00,United States,,3188719,Consumer Discretionary,Consumer Electronics/Video Chains
BC,Brunswick Corporation Common Stock,$56.64,-1.65,-2.831%,3700336512.00,United States,,1158162,Industrials,Industrial Machinery/Components
BC^A,Brunswick Corporation 6.500% Senior Notes due 2048,$24.64,-0.15,-0.605%,,United States,,1744,,
BC^C,Brunswick Corporation 6.375% Notes due 2049,$24.7001,0.1001,0.407%,,United States,,5194,,
BCAB,BioAtla Inc. Common Stock,$0.33,-0.0291,-8.104%,19277987.00,United States,2020,492189,Health Care,Biotechnology: Biological Products (No Diagnostic Substances)
BCAL,California BanCorp Common Stock,$14.60,-0.39,-2.602%,473228880.00,United States,,152794,Finance,Major Banks
BCARU,D. Boral ARC Acquisition I Corp. Units,$9.95,-0.01,-0.10%,0.00,United States,2025,1622302,Finance,Blank Checks
BCAT,BlackRock Capital Allocation Term Trust Common Shares of Beneficial Interest,$14.81,-0.09,-0.604%,1601479350.00,United States,2020,811856,Finance,Finance/Investors Services
BCAX,Bicara Therapeutics Inc. Common Stock,$10.53,-0.58,-5.221%,574266376.00,United States,2024,409858,Health Care,Biotechnology: Pharmaceutical Preparations
BCBP,BCB Bancorp Inc. (NJ) Common Stock,$8.10,-0.26,-3.11%,139017279.00,United States,2005,90434,Finance,Savings Institutions
BCC,Boise Cascade L.L.C. Common Stock,$83.35,-0.46,-0.549%,3136433828.00,United States,2013,365379,Consumer Discretionary,RETAIL: Building Materials
BCDA,BioCardia Inc. Common Stock,$2.13,-0.01,-0.467%,11028906.00,United States,,15173,Health Care,Biotechnology: Biological Products (No Diagnostic Substances)
BCE,BCE Inc. Common Stock,$23.57,0.24,1.029%,21727405916.00,Canada,,3105827,Telecommunications,Telecommunications Equipment
BCG,Binah Capital Group Inc. Common Stock,$2.00,-0.09,-4.306%,33204920.00,United States,,21615,Finance,Finance: Consumer Services
BCGWW,Binah Capital Group Inc. Warrants,$0.0405,-0.0095,-19.00%,672400.00,United States,,58400,Finance,Finance: Consumer Services
BCH,Banco De Chile ADS,$27.59,0.27,0.988%,13935306352.00,Chile,,278946,Finance,Commercial Banks
BCML,BayCom Corp Common Stock,$26.75,-0.26,-0.963%,294435725.00,United States,2018,31238,Finance,Major Banks
BCO,Brinks Company (The) Common Stock,$85.19,-2.15,-2.462%,3577979404.00,United States,,248792,Consumer Discretionary,Oil Refining/Marketing
BCPC,Balchem Corporation Common Stock,$152.17,-0.30,-0.197%,4963374693.00,United States,,203119,Industrials,Major Chemicals
BCRX,BioCryst Pharmaceuticals Inc. Common Stock,$7.95,-0.19,-2.334%,1663539678.00,United States,1994,7969651,Health Care,Biotechnology: Biological Products (No Diagnostic Substances)
BCS,Barclays PLC Common Stock,$19.10,-0.52,-2.65%,67556125950.00,United Kingdom,,16530792,Finance,Commercial Banks
BCSF,Bain Capital Specialty Finance Inc. Common Stock,$14.72,-0.28,-1.867%,954864423.00,United States,2018,295670,Finance,Finance/Investors Services
BCTX,BriaCell Therapeutics Corp. Common Shares,$0.744,-0.0016,-0.215%,2759823.00,Canada,,633047,Health Care,Biotechnology: Pharmaceutical Preparations
BCTXW,BriaCell Therapeutics Corp. Warrant,$0.035,-0.0039,-10.026%,129830.00,Canada,,52363,Health Care,Biotechnology: Pharmaceutical Preparations
BCTXZ,BriaCell Therapeutics Corp. Warrant,$0.2799,-0.02,-6.669%,1038272.00,Canada,,7416,Health Care,Biotechnology: Pharmaceutical Preparations
BCV,Bancroft Fund Ltd.,$19.63,-0.05,-0.254%,0.00,United States,1972,72347,Finance,Finance/Investors Services
BCV^A,Bancroft Fund Limited 5.375% Series A Cumulative Preferred Shares,$21.72,0.01,0.046%,,United States,,956,,
BCX,BlackRock Resources Common Shares of Beneficial Interest,$9.44,-0.11,-1.152%,801059614.00,United States,2011,132265,Finance,Finance/Investors Services
BCYC,Bicycle Therapeutics plc American Depositary Shares,$7.99,-0.53,-6.221%,553339013.00,United Kingdom,2019,151217,Health Care,Biotechnology: Pharmaceutical Preparations
BDC,Belden Inc Common Stock,$117.63,-6.02,-4.869%,4646015995.00,United States,,545190,Industrials,Telecommunications Equipment
BDJ,Blackrock Enhanced Equity Dividend Trust,$8.70,-0.13,-1.472%,1538912080.00,United States,2005,576601,Finance,Finance Companies
BDL,Flanigan's Enterprises Inc. Common Stock,$30.40,-1.60,-5.00%,56502869.00,United States,1972,316,Consumer Discretionary,Restaurants
BDMD,Baird Medical Investment Holdings Ltd Ordinary Share,$1.91,-0.13,-6.373%,70700367.00,China,,345200,Health Care,Medical/Dental Instruments
BDMDW,Baird Medical Investment Holdings Ltd Warrant,$0.0776,-0.0124,-13.778%,2872434.00,China,,200,Health Care,Medical/Dental Instruments
BDN,Brandywine Realty Trust Common Stock,$3.81,-0.19,-4.75%,661793339.00,United States,,5849091,Real Estate,Real Estate Investment Trusts
BDRX,Biodexa Pharmaceuticals plc American Depositary Shs,$6.70,-1.15,-14.65%,3383922.00,United Kingdom,,112334,Health Care,Biotechnology: Pharmaceutical Preparations
BDSX,Biodesix Inc. Common Stock,$0.3632,0.0115,3.27%,53231693.00,United States,2020,470159,Health Care,Medical Specialities
BDTX,Black Diamond Therapeutics Inc. Common Stock,$2.59,-0.07,-2.632%,147274225.00,United States,2020,708470,Health Care,Biotechnology: Biological Products (No Diagnostic Substances)
BDX,Becton Dickinson and Company Common Stock,$176.37,-1.88,-1.055%,50548949607.00,United States,,4688991,Health Care,Medical/Dental Instruments
BE,Bloom Energy Corporation Class A Common Stock,$36.72,-0.67,-1.792%,8527434412.00,United States,2018,17495746,Energy,Industrial Machinery/Components
BEAG,Bold Eagle Acquisition Corp. Class A Ordinary Shares,$10.46,0.00,0.00%,0.00,United States,2024,13102,,
BEAGR,Bold Eagle Acquisition Corp. Right,$0.30,0.00,0.00%,0.00,United States,2024,528,,
BEAGU,Bold Eagle Acquisition Corp. Units,$10.74,0.00,0.00%,0.00,United States,2024,7,,
BEAM,Beam Therapeutics Inc. Common Stock,$18.83,-0.88,-4.465%,1893490080.00,United States,2020,2713565,Health Care,Biotechnology: Biological Products (No Diagnostic Substances)
BEAT,Heartbeam Inc. Common Stock,$1.02,-0.11,-9.735%,34485901.00,United States,2021,151926,Health Care,Medical/Dental Instruments
BEATW,Heartbeam Inc. Warrant,$0.28,0.00,0.00%,9466718.00,United States,2021,538,Health Care,Medical/Dental Instruments
BEDU,Bright Scholar Education Holdings Limited American Depositary Shares each  representing four Class A Ordinary Share,$1.73,0.00,0.00%,51426333.00,China,2017,421,Real Estate,Other Consumer Services
BEEM,Beam Global Common Stock,$2.32,0.00,0.00%,35788733.00,United States,,121821,Technology,Semiconductors
BEEP,Mobile Infrastructure Corporation Common Stock,$3.59,-0.09,-2.446%,152216000.00,United States,,32834,Finance,Blank Checks
BEKE,KE Holdings Inc American Depositary Shares (each representing three Class A Ordinary Shares),$18.20,-0.22,-1.194%,21179961002.00,China,2020,4616466,Finance,Real Estate
BELFA,Bel Fuse Inc. Class A Common Stock,$111.60,-2.93,-2.558%,1413681840.00,United States,,4358,,
BELFB,Bel Fuse Inc. Class B Common Stock,$127.50,-2.54,-1.953%,1615093500.00,United States,,201469,,
BEN,Franklin Resources Inc. Common Stock,$23.95,-0.05,-0.208%,12586235015.00,United States,,8425934,Finance,Investment Managers
BENF,Beneficient Class A Common Stock,$0.3219,-0.0271,-7.765%,2787316.00,United States,,206558,Finance,Finance: Consumer Services
BENFW,Beneficient Warrant,$0.0073,-0.0005,-6.41%,63210.00,United States,,217450,Finance,Finance: Consumer Services
BEP,Brookfield Renewable Partners L.P. Limited Partnership Units,$25.83,-1.72,-6.243%,17001513157.00,Canada,,546512,Utilities,Electric Utilities: Central
BEP^A,Brookfield Renewable Partners L.P. 5.25% Class A Preferred Limited Partnership Units Series 17,$18.8101,0.1701,0.913%,,Canada,,8709,,
BEPC,Brookfield Renewable Corporation Brookfield Renewable Corporation Class A Subordinate Voting Shares,$33.86,-2.77,-7.562%,12667089995.00,United States,,1348314,Utilities,Electric Utilities: Central
BEPH,Brookfield BRP Holdings (Canada) Inc. 4.625% Perpetual Subordinated Notes,$15.55,-0.15,-0.955%,4465405487.00,Canada,,11985,Utilities,Electric Utilities: Central
BEPI,Brookfield BRP Holdings (Canada) Inc. 4.875% Perpetual Subordinated Notes,$16.47,-0.12,-0.723%,4729596680.00,Canada,2021,5980,Utilities,Electric Utilities: Central
BEPJ,Brookfield BRP Holdings (Canada) Inc. 7.250% Perpetual Subordinated Notes,$24.72,0.12,0.488%,7098702485.00,Canada,2024,2850,Utilities,Electric Utilities: Central
BETR,Better Home & Finance Holding Company Class A Common Stock,$13.35,0.41,3.168%,202979875.00,United Kingdom,2021,33008,Finance,Finance: Consumer Services
BETRW,Better Home & Finance Holding Company Warrant,$0.1276,-0.0024,-1.846%,1940092.00,United Kingdom,2021,1676,Finance,Finance: Consumer Services
BF/A,Brown Forman Corporation,$28.57,-0.07,-0.244%,,United States,,111234,,
BF/B,Brown Forman Corporation,$28.75,-0.10,-0.347%,,United States,,3717734,,
BFAM,Bright Horizons Family Solutions Inc. Common Stock,$125.10,12.00,10.61%,7162405219.00,United States,2013,1620844,Consumer Discretionary,Other Consumer Services
BFC,Bank First Corporation Common Stock,$117.16,-1.66,-1.397%,1161960544.00,United States,,163864,Finance,Major Banks
BFH,Bread Financial Holdings Inc. Common Stock,$57.56,-3.74,-6.101%,2684738271.00,United States,,1319146,Consumer Discretionary,Business Services
BFIN,BankFinancial Corporation Common Stock,$10.96,-0.16,-1.439%,136569031.00,United States,2005,73333,Finance,Savings Institutions
BFK,BlackRock Municipal Income Trust,$9.57,0.00,0.00%,0.00,United States,,99426,Finance,Finance Companies
BFLY,Butterfly Network Inc. Class A Common Stock,$1.40,-0.31,-18.129%,346204502.00,United States,2020,10636383,Health Care,Medical Electronics
BFRG,Bullfrog AI Holdings Inc. Common Stock,$1.30,-0.07,-5.109%,12240183.00,United States,2023,221016,Health Care,Biotechnology: Pharmaceutical Preparations
BFRGW,Bullfrog AI Holdings Inc. Warrants,$0.50,-0.036,-6.716%,4707763.00,United States,2023,431,Health Care,Biotechnology: Pharmaceutical Preparations
BFRI,Biofrontera Inc. Common Stock,$1.04,-0.04,-3.704%,9824045.00,United States,2021,71638,Health Care,Biotechnology: Pharmaceutical Preparations
BFRIW,Biofrontera Inc. Warrants,$0.15,-0.03,-16.667%,1416930.00,United States,2021,1565,Health Care,Biotechnology: Pharmaceutical Preparations
BFS,Saul Centers Inc. Common Stock,$31.73,-0.49,-1.521%,768359877.00,United States,1993,81230,Real Estate,Real Estate Investment Trusts
BFS^D,Saul Centers Inc. Depositary Shares each representing 1/100th of a share of 6.125% Series D Cumulative Redeemable Preferred Stock,$21.745,0.155,0.718%,,United States,,1602,,
BFS^E,Saul Centers Inc. Depositary shares each representing a 1/100th fractional interest in a share of 6.000% Series E Cumulative Redeemable Preferred Stock,$21.8736,-0.3164,-1.426%,,United States,,7221,,
BFST,Business First Bancshares Inc. Common Stock,$22.92,-0.83,-3.495%,680609079.00,United States,,139908,Finance,Major Banks
BFZ,BlackRock California Municipal Income Trust,$10.51,0.07,0.67%,0.00,United States,2001,106282,Finance,Finance Companies
BG,Bunge Limited Common Shares,$78.00,-1.76,-2.207%,10483587816.00,United States,,1878573,Consumer Staples,Packaged Foods
BGB,Blackstone Strategic Credit 2027 Term Fund Common Shares of Beneficial Interest,$12.39,-0.02,-0.161%,0.00,United States,2012,68664,Finance,Trusts Except Educational Religious and Charitable
BGC,BGC Group Inc. Class A Common Stock,$9.48,0.21,2.265%,4627884126.00,United States,,6317373,Finance,Investment Bankers/Brokers/Service
BGFV,Big 5 Sporting Goods Corporation Common Stock,$1.42,0.01,0.709%,32544584.00,United States,2002,164313,Consumer Discretionary,Other Specialty Stores
BGH,Barings Global Short Duration High Yield Fund Common Shares of Beneficial Interests,$15.70,-0.02,-0.127%,0.00,United States,2012,74185,Finance,Investment Managers
BGI,Birks Group Inc. Common Stock,$0.68,-0.04,-5.556%,13324387.00,Canada,,37184,Consumer Discretionary,Consumer Specialties
BGL,Blue Gold Limited Class A Ordinary Shares,$12.35,-0.85,-6.439%,377561285.00,United Kingdom,,106076,Basic Materials,Metal Mining
BGLC,BioNexus Gene Lab Corp Common stock,$6.47,-0.46,-6.638%,11623983.00,Malaysia,,479247,Health Care,Medical Specialities
BGLWW,Blue Gold Limited Warrant,$0.42,-0.0495,-10.543%,12840141.00,United Kingdom,,50821,Basic Materials,Metal Mining
BGM,BGM Group Ltd. Class A Ordinary Shares,$8.60,0.14,1.655%,836110413.00,China,2021,56254,Health Care,Biotechnology: Pharmaceutical Preparations
BGR,BlackRock Energy and Resources Trust,$13.25,-0.14,-1.046%,1796517071.00,United States,2004,57685,Finance,Trusts Except Educational Religious and Charitable
BGS,B&G Foods Inc. Common Stock,$4.14,0.04,0.976%,330363256.00,United States,,2211930,Consumer Staples,Packaged Foods
BGSF,BGSF Inc. Common Stock,$6.02,-0.11,-1.794%,66874332.00,United States,,19888,Consumer Discretionary,Professional Services
BGT,BlackRock Floating Rate Income Trust,$12.69,0.04,0.316%,0.00,United States,2004,214556,Finance,Trusts Except Educational Religious and Charitable
BGX,Blackstone Long Short Credit Income Fund Common Shares,$12.53,-0.04,-0.318%,0.00,,2011,103108,Finance,Trusts Except Educational Religious and Charitable
BGY,Blackrock Enhanced International Dividend Trust,$5.61,-0.06,-1.058%,0.00,United States,2007,241516,Finance,Trusts Except Educational Religious and Charitable
BH,Biglari Holdings Inc. Class B Common Stock,$298.97,-9.35,-3.033%,680307431.00,United States,2018,14999,Consumer Discretionary,Restaurants
BHAT,Blue Hat Interactive Entertainment Technology Ordinary Shares,$1.73,-0.05,-2.809%,101202026.00,China,2019,54321,Consumer Discretionary,Recreational Games/Products/Toys
BHB,Bar Harbor Bankshares Inc. Common Stock,$28.64,-0.40,-1.377%,438815292.00,United States,1997,63614,Finance,Major Banks
BHC,Bausch Health Companies Inc. Common Stock,$5.71,-0.18,-3.056%,2110130991.00,Canada,,1336529,Health Care,Biotechnology: Pharmaceutical Preparations
BHE,Benchmark Electronics Inc. Common Stock,$37.71,-0.79,-2.052%,1361163643.00,United States,,415361,Technology,Electrical Products
BHF,Brighthouse Financial Inc. Common Stock,$46.18,-1.67,-3.49%,2651146973.00,United States,,998869,Finance,Life Insurance
BHFAL,Brighthouse Financial Inc. 6.25% Junior Subordinated Debentures due 2058,$18.55,0.01,0.054%,1064936690.00,United States,,18049,Finance,Life Insurance
BHFAM,Brighthouse Financial Inc. Depositary shares each representing a 1/1000th Interest in a Share of 4.625% Non-Cumulative Preferred Stock Series D,$11.95,0.05,0.42%,686037383.00,United States,,38318,Finance,Life Insurance
BHFAN,Brighthouse Financial Inc. Depositary shares each representing a 1/1000th interest in a share of 5.375% Non-Cumulative Preferred Stock Series C,$13.46,0.02,0.149%,772724952.00,United States,,64306,Finance,Life Insurance
BHFAO,Brighthouse Financial Inc. Depositary Shares 6.75% Non-Cumulative Preferred Stock Series B,$16.58,-0.12,-0.719%,951840988.00,United States,,190066,Finance,Life Insurance
BHFAP,Brighthouse Financial Inc. Depositary Shares 6.6% Non-Cumulative Preferred Stock Series A,$16.54,0.00,0.00%,949544628.00,United States,,41309,Finance,Life Insurance
BHK,Blackrock Core Bond Trust,$9.63,0.04,0.417%,0.00,United States,2001,246242,Finance,Finance Companies
BHLB,Berkshire Hills Bancorp Inc. Common Stock,$24.34,-0.30,-1.218%,1127233106.00,United States,,524055,Finance,Banks
BHM,Bluerock Homes Trust Inc. Class A Common Stock,$13.9835,-0.0665,-0.473%,56939442.00,,2022,933,Real Estate,Real Estate Investment Trusts
BHP,BHP Group Limited American Depositary Shares (Each representing two Ordinary Shares),$50.73,0.06,0.118%,128699503634.00,Australia,,2596503,Energy,Coal Mining
BHR,Braemar Hotels & Resorts Inc. Common Stock,$2.08,-0.12,-5.455%,139456768.00,United States,2013,275748,Real Estate,Real Estate Investment Trusts
BHR^B,Braemar Hotels & Resorts Inc. 5.50% Series B Cumulative Convertible Preferred Stock par value $0.01 per share,$13.13,0.00,0.00%,,United States,,3424,,
BHR^D,Braemar Hotels & Resorts Inc. 8.25% Series D Cumulative Preferred Stock  par value $0.01 per share,$21.25,0.36,1.723%,,United States,,386,,
BHRB,Burke & Herbert Financial Services Corp. Common Stock,$56.81,-1.18,-2.035%,852457853.00,United States,,60999,Finance,Major Banks
BHST,BioHarvest Sciences Inc. Common Stock,$7.6881,0.0881,1.159%,133217213.00,Canada,,816,,
BHV,BlackRock Virginia Municipal Bond Trust,$10.3601,-0.0849,-0.813%,0.00,United States,2002,6928,Finance,Finance/Investors Services
BHVN,Biohaven Ltd. Common Shares ,$14.71,-0.39,-2.583%,1502075228.00,United States,2022,2462789,Health Care,Biotechnology: Pharmaceutical Preparations
BIAF,bioAffinity Technologies Inc. Common Stock,$0.2936,-0.0234,-7.382%,8000442.00,United States,2022,600050,Health Care,Biotechnology: Commercial Physical & Biological Resarch
BIAFW,bioAffinity Technologies Inc. Warrant,$0.1351,-0.0249,-15.563%,3681402.00,United States,2022,1802,Health Care,Biotechnology: Commercial Physical & Biological Resarch
BIDU,Baidu Inc. ADS,$86.13,-1.74,-1.98%,29608987272.00,China,2005,2616964,Technology,Computer Software: Programming Data Processing
BIIB,Biogen Inc. Common Stock,$131.95,3.95,3.086%,19334347432.00,United States,,2798244,Health Care,Biotechnology: Biological Products (No Diagnostic Substances)
BILI,Bilibili Inc. American Depositary Shares,$21.89,-0.93,-4.075%,9123057627.00,China,2018,2660107,Technology,EDP Services
BILL,BILL Holdings Inc. Common Stock,$41.73,-1.12,-2.614%,4299322510.00,United States,2019,2439373,Technology,EDP Services
BINI,Bollinger Innovations Inc.,$0.0347,-0.0065,-15.777%,27713.00,United States,,144455944,,
BIO,Bio-Rad Laboratories Inc. Class A Common Stock,$284.60,42.65,17.628%,7744707668.00,United States,1980,1108269,Industrials,Biotechnology: Laboratory Analytical Instruments
BIO/B,Bio-Rad Laboratories Inc.,$247.05,0.00,0.00%,,United States,,72,,
BIOA,BioAge Labs Inc. Common Stock,$4.12,-0.28,-6.364%,147702152.00,United States,2024,324111,Health Care,Biotechnology: Pharmaceutical Preparations
BIOX,Bioceres Crop Solutions Corp. Ordinary Shares,$3.47,0.05,1.462%,218084236.00,Argentina,,129333,Industrials,Agricultural Chemicals
BIP,Brookfield Infrastructure Partners LP Limited Partnership Units,$31.14,-0.06,-0.192%,20388075216.00,Bermuda,,803854,Consumer Discretionary,Marine Transportation
BIP^A,Brookfield Infrastructure Partners LP 5.125% Class A Preferred Limited Partnership Units Series 13,$17.03,0.13,0.769%,,Bermuda,,1509,,
BIP^B,Brookfield Infrastructure Partners LP 5.000% Class A Preferred Limited Partnership Units Series 14,$16.6728,0.0528,0.318%,,Bermuda,,4431,,
BIPC,Brookfield Infrastructure Corporation Brookfield Infrastructure Corporation,$38.43,-0.61,-1.563%,5075403139.00,Canada,,835464,Consumer Discretionary,Marine Transportation
BIPH,Brookfield Infrastructure Corporation 5.000% Subordinated Notes due 2081,$16.80,-0.14,-0.826%,7750578730.00,Canada,2021,5510,Utilities,Oil & Gas Production
BIPI,BIP Bermuda Holdings I Limited 5.125% Perpetual Subordinated Notes,$17.08,-0.02,-0.117%,161865452.00,Bermuda,2022,10988,Consumer Discretionary,Marine Transportation
BIPJ,Brookfield Infrastructure Corporation 7.250% Subordinated Notes due 2084,$24.3779,0.0379,0.156%,11246597215.00,Canada,2024,5300,Utilities,Oil & Gas Production
BIRD,Allbirds Inc. Class A Common Stock,$9.50,-0.58,-5.754%,76547096.00,United States,2021,41680,Consumer Discretionary,Apparel
BIRK,Birkenstock Holding plc Ordinary Shares,$49.14,-0.95,-1.897%,9229926986.00,,2023,2488282,Consumer Discretionary,Shoe Manufacturing
BIT,BlackRock Multi-Sector Income Trust Common Shares of Beneficial Interest,$14.66,-0.02,-0.136%,0.00,,2013,125305,Finance,Trusts Except Educational Religious and Charitable
BITF,Bitfarms Ltd. Common Stock,$1.16,-0.10,-7.937%,644915726.00,Canada,,33566903,Finance,Finance: Consumer Services
BIVI,BioVie Inc. Class A Common Stock,$6.03,0.025,0.416%,11216319.00,United States,,33174,Health Care,Biotechnology: Pharmaceutical Preparations
BIYA,Baiya International Group Inc. Ordinary Shares,$0.697,-0.0023,-0.329%,8726440.00,China,2025,81821,Consumer Discretionary,Diversified Commercial Services
BJ,BJ's Wholesale Club Holdings Inc. Common Stock,$109.98,4.08,3.853%,14522936536.00,United States,2018,2999241,Consumer Discretionary,Department/Specialty Retail Stores
BJDX,Bluejay Diagnostics Inc. Common Stock,$1.50,0.00,0.00%,2241273.00,United States,2021,14939,Health Care,Medical/Dental Instruments
BJRI,BJ's Restaurants Inc. Common Stock,$34.17,-1.26,-3.556%,755698150.00,United States,,1166178,Consumer Discretionary,Restaurants
BK,The Bank of New York Mellon Corporation Common Stock,$99.81,-1.64,-1.617%,71407495986.00,United States,,3665811,Finance,Major Banks
BK^K,The Bank Of New York Mellon Corporation  Depositary Shares each representing a 1/4000th interest in a share of Series K Noncumulative Perpetual Preferred Stock,$25.80,-0.02,-0.077%,,United States,,20404,,
BKD,Brookdale Senior Living Inc. Common Stock,$7.61,-0.14,-1.806%,1783387230.00,United States,2005,2084489,Health Care,Hospital/Nursing Management
BKE,Buckle Inc. (The) Common Stock,$49.23,-0.14,-0.284%,2518457436.00,United States,,397160,Consumer Discretionary,Clothing/Shoe/Accessory Stores
BKH,Black Hills Corporation Common Stock,$57.82,0.04,0.069%,4192492178.00,United States,,609601,Utilities,Electric Utilities: Central
BKHA,Black Hawk Acquisition Corporation Class A Ordinary Shares,$11.00,0.00,0.00%,0.00,United States,2024,10,Health Care,Biotechnology: Biological Products (No Diagnostic Substances)
BKHAR,Black Hawk Acquisition Corporation Rights,$1.88,0.38,25.333%,0.00,United States,2024,201,Health Care,Biotechnology: Biological Products (No Diagnostic Substances)
BKKT,Bakkt Holdings Inc. Class A Common Stock,$9.33,-0.57,-5.758%,129793353.00,United States,,1539997,Finance,Finance: Consumer Services
BKN,BlackRock Investment Quality Municipal Trust Inc. (The),$10.71,0.08,0.753%,0.00,United States,1993,41637,Finance,Trusts Except Educational Religious and Charitable
BKNG,Booking Holdings Inc. Common Stock,$5386.29,-117.77,-2.14%,174569039477.00,United States,,199558,Consumer Discretionary,Transportation Services
BKR,Baker Hughes Company Class A Common Stock,$43.51,-1.54,-3.418%,42895600685.00,United States,,7323706,Industrials,Metal Fabrications
BKSY,BlackSky Technology Inc. Class A Common Stock,$18.86,-0.38,-1.975%,596964075.00,United States,2019,1623228,Technology,Radio And Television Broadcasting And Communications Equipment
BKT,BlackRock Income Trust Inc. (The),$11.71,0.06,0.515%,1742008535.00,United States,,76079,Finance,Investment Bankers/Brokers/Service
BKTI,BK Technologies Corporation Common Stock,$37.62,-1.22,-3.141%,138200606.00,United States,,41967,Technology,Radio And Television Broadcasting And Communications Equipment
BKU,BankUnited Inc. Common Stock,$35.75,-0.72,-1.974%,2688826247.00,United States,2011,982354,Finance,Savings Institutions
BKV,BKV Corporation Common Stock,$19.98,-0.66,-3.198%,1692473293.00,United States,2024,429162,Energy,Oil & Gas Production
BKYI,BIO-key International Inc. Common Stock,$0.759,-0.0109,-1.416%,4418371.00,United States,,185417,Technology,Computer Software: Prepackaged Software
BL,BlackLine Inc. Common Stock,$52.93,-0.85,-1.581%,3298604640.00,United States,2016,632380,Technology,Computer Software: Prepackaged Software
BLBD,Blue Bird Corporation Common Stock,$43.33,-1.46,-3.26%,1367731078.00,United States,2014,463995,Consumer Discretionary,Construction/Ag Equipment/Trucks
BLBX,Blackboxstocks Inc. Common Stock,$7.08,-0.37,-4.966%,25720748.00,United States,,61364,Technology,EDP Services
BLCO,Bausch + Lomb Corporation Common Shares,$13.50,-0.13,-0.954%,4777188165.00,,2022,1155564,Health Care,Ophthalmic Goods
BLD,TopBuild Corp. Common Stock,$376.30,5.87,1.585%,10757199670.00,United States,2015,570268,Consumer Discretionary,Engineering & Construction
BLDE,Blade Air Mobility Inc. Class A Common Stock,$3.78,-0.21,-5.263%,306245447.00,United States,2019,647714,Consumer Discretionary,Transportation Services
BLDEW,Blade Air Mobility Inc. Warrants,$0.218,-0.0167,-7.115%,17661774.00,United States,2019,37941,Consumer Discretionary,Transportation Services
BLDP,Ballard Power Systems Inc. Common Shares,$1.79,-0.04,-2.186%,536701489.00,Canada,,6148546,Energy,Industrial Machinery/Components
BLDR,Builders FirstSource Inc. Common Stock,$130.18,3.05,2.399%,14386819007.00,United States,2005,3999716,Consumer Discretionary,RETAIL: Building Materials
BLE,BlackRock Municipal Income Trust II,$9.91,0.09,0.916%,0.00,United States,2002,104333,Finance,Finance/Investors Services
BLFS,BioLife Solutions Inc. Common Stock,$20.805,-0.455,-2.14%,989510163.00,United States,,394039,Health Care,Biotechnology: Electromedical & Electrotherapeutic Apparatus
BLFY,Blue Foundry Bancorp Common Stock,$8.39,-0.16,-1.871%,182237722.00,United States,2021,97036,Finance,Banks
BLIN,Bridgeline Digital Inc. Common Stock,$1.43,-0.02,-1.379%,17040721.00,United States,2007,9510,Technology,Computer Software: Prepackaged Software
BLIV,BeLive Holdings Ordinary Share,$2.35,-0.29,-10.985%,25532285.00,Singapore,2025,15391,Technology,EDP Services
BLK,BlackRock Inc. Common Stock,$1091.80,-14.21,-1.285%,169148404416.00,United States,1999,673213,Finance,Investment Bankers/Brokers/Service
BLKB,Blackbaud Inc. Common Stock,$65.28,-2.14,-3.174%,3166669609.00,United States,2004,465430,Technology,Computer Software: Prepackaged Software
BLMN,Bloomin' Brands Inc. Common Stock,$8.73,-0.38,-4.171%,742585577.00,United States,2012,2166243,Consumer Discretionary,Restaurants
BLMZ,BloomZ Inc. Ordinary Shares,$0.1725,-0.0088,-4.854%,2488474.00,Japan,2024,2408915,Consumer Discretionary,Movies/Entertainment
BLND,Blend Labs Inc. Class A Common Stock,$3.56,0.25,7.553%,920342638.00,United States,2021,3718240,Technology,Computer Software: Programming Data Processing
BLNE,Beeline Holdings Inc. Common Stock,$2.12,0.20,10.417%,88079004.00,United States,,1452862,Consumer Staples,Beverages (Production/Distribution)
BLNK,Blink Charging Co. Common Stock,$0.9509,-0.0225,-2.311%,97673720.00,United States,,1384155,Consumer Discretionary,Industrial Specialties
BLRX,BioLineRx Ltd. American Depositary Shares,$3.87,-0.11,-2.764%,14400282.00,Israel,,17850,Health Care,Biotechnology: Pharmaceutical Preparations
BLTE,Belite Bio Inc American Depositary Shares,$65.72,0.71,1.092%,2121557464.00,United States,2022,41269,Health Care,Biotechnology: Pharmaceutical Preparations
BLUW,Blue Water Acquisition Corp. III Class A Ordinary Shares,$9.9769,-0.0021,-0.021%,72282641.00,United States,2025,75211,,
BLUWU,Blue Water Acquisition Corp. III Unit.,$10.03,-0.03,-0.298%,0.00,United States,2025,1953,Health Care,Biotechnology: Biological Products (No Diagnostic Substances)
BLUWW,Blue Water Acquisition Corp. III Warrant.,$0.25,0.08,47.059%,1811250.00,United States,2025,354,,
BLW,Blackrock Limited Duration Income Trust,$14.12,0.00,0.00%,504242892.00,United States,2003,49328,Consumer Discretionary,Other Consumer Services
BLX,Banco Latinoamericano de Comercio Exterior S.A.,$39.33,-0.63,-1.577%,1446982951.00,Panama,1992,173788,Finance,Commercial Banks
BLZE,Backblaze Inc. Class A Common Stock,$4.89,-0.10,-2.004%,268461000.00,United States,2021,551466,Technology,Computer Software: Prepackaged Software
BMA,Banco Macro S.A.  ADR (representing Ten Class B Common Shares),$67.71,-2.19,-3.133%,4329468199.00,Argentina,,207481,Finance,Commercial Banks
BMBL,Bumble Inc. Class A Common Stock,$7.59,-0.19,-2.442%,783982060.00,United States,2021,3084169,Technology,Computer Software: Programming Data Processing
BME,Blackrock Health Sciences Trust,$35.55,0.01,0.028%,473988790.00,United States,2005,63212,Finance,Trusts Except Educational Religious and Charitable
BMEA,Biomea Fusion Inc. Common Stock,$1.57,-0.09,-5.422%,58988433.00,United States,2021,1060128,Health Care,Biotechnology: Pharmaceutical Preparations
BMEZ,BlackRock Health Sciences Term Trust Common Shares of Beneficial Interest,$14.13,0.02,0.142%,188395544.00,United States,2020,361375,Finance,Trusts Except Educational Religious and Charitable
BMGL,Basel Medical Group Ltd Ordinary Shares,$2.02,-0.17,-7.763%,37279100.00,Singapore,2025,101750,,
BMHL,Bluemount Holdings Limited Class B Ordinary Shares,$3.9093,0.2593,7.104%,99218609.00,Hong Kong,2025,28753,Finance,Finance: Consumer Services
BMI,Badger Meter Inc. Common Stock,$181.30,-7.46,-3.952%,5342694890.00,United States,1971,554710,Industrials,Industrial Machinery/Components
BML^G,Bank of America Corporation Depositary Shares (Each representing a 1/1200th interest in a share of Floating Rate Non-Cumulative Preferred Stock  Series 1),$20.75,-0.01,-0.048%,,United States,,3080,,
BML^H,Bank of America Corporation Depositary Shares (Each representing a 1/1200th interest in a Share of Floating Rate Non-Cumulative Preferred Stock Series 2),$20.5999,0.0799,0.389%,,United States,,20820,,
BML^J,Bank of America Corporation Depositary Shares (Each representing a 1/1200th interest in a Share of Floating Rate Non-Cumulative Preferred Stock Series 4),$21.43,0.03,0.14%,,United States,,3137,,
BML^L,Bank of America Corporation Depositary Shares (Each representing a 1/1200th Interest in a Share of Floating Rate Non-Cumulative Preferred Stock Series 5),$20.59,-0.21,-1.01%,,United States,,9592,,
BMN,BlackRock 2037 Municipal Target Term Trust Common Shares of Beneficial Interest,$24.15,0.15,0.625%,0.00,,2022,12889,Finance,Trusts Except Educational Religious and Charitable
BMNR,BitMine Immersion Technologies Inc. Common Stock,$31.68,-2.96,-8.545%,136330635.00,,2025,30968285,Finance,Finance: Consumer Services
BMO,Bank Of Montreal Common Stock,$110.82,0.38,0.344%,80019882399.00,Canada,,730541,Finance,Commercial Banks
BMR,Beamr Imaging Ltd. Ordinary Share,$3.02,-0.02,-0.658%,46866758.00,Israel,2023,127469,Technology,Computer Software: Prepackaged Software
BMRA,Biomerica Inc. Common Stock,$3.2323,-0.0077,-0.238%,8228667.00,United States,,40358,Health Care,Biotechnology: In Vitro & In Vivo Diagnostic Substances
BMRC,Bank of Marin Bancorp Common Stock,$22.22,-0.43,-1.898%,360321053.00,United States,,127423,Finance,Major Banks
BMRN,BioMarin Pharmaceutical Inc. Common Stock,$58.14,0.29,0.501%,11149837163.00,United States,1999,3817399,Health Care,Biotechnology: Pharmaceutical Preparations
BMY,Bristol-Myers Squibb Company Common Stock,$44.23,0.92,2.124%,90011624226.00,United States,,18627488,Health Care,Biotechnology: Pharmaceutical Preparations
BN,Brookfield Corporation Class A Limited Voting Shares,$65.33,-1.72,-2.565%,107634295945.00,Canada,1925,2751655,Real Estate,Building operators
BNAI,Brand Engagement Network Inc. Common Stock,$0.339,0.0039,1.164%,14573406.00,United States,2021,497017,Technology,EDP Services
BNAIW,Brand Engagement Network Inc. Warrant,$0.0305,-0.0005,-1.613%,1311177.00,United States,2021,35112,Technology,EDP Services
BNED,Barnes & Noble Education Inc Common Stock,$8.38,-0.45,-5.096%,285371238.00,United States,2015,441088,Consumer Discretionary,Other Specialty Stores
BNGO,Bionano Genomics Inc. Common Stock,$2.95,-0.06,-1.993%,9923800.00,United States,2018,62537,Industrials,Biotechnology: Laboratory Analytical Instruments
BNH,Brookfield Finance Inc. 4.625% Subordinated Notes due October 16 2080,$15.90,-0.08,-0.501%,23973971728.00,Canada,2020,10148,Real Estate,Building operators
BNJ,Brookfield Finance Inc. 4.50% Perpetual Subordinated Notes,$15.55,0.01,0.064%,23446242790.00,Canada,2020,3713,Real Estate,Building operators
BNL,Broadstone Net Lease Inc. Common Stock,$16.23,-0.01,-0.062%,3068771678.00,United States,2020,1611193,Real Estate,Real Estate Investment Trusts
BNR,Burning Rock Biotech Limited American Depositary Shares,$5.67,-0.09,-1.563%,61046599.00,China,2020,23623,Health Care,Medical Specialities
BNRG,Brenmiller Energy Ltd Ordinary Shares,$1.66,-0.06,-3.488%,4524914.00,Israel,,36842,Industrials,Building Products
BNS,Bank Nova Scotia Halifax Pfd 3 Ordinary Shares,$55.44,-0.17,-0.306%,69053236560.00,Canada,,1626320,Finance,Major Banks
BNT,Brookfield Wealth Solutions Ltd. Class A Exchangeable Limited Voting Shares,$65.33,-1.60,-2.391%,15843342082.00,,2021,6813,Finance,Property-Casualty Insurers
BNTC,Benitec Biopharma Inc. Common Stock,$10.96,0.03,0.274%,280578302.00,United States,2015,71260,Health Care,Biotechnology: Pharmaceutical Preparations
BNTX,BioNTech SE American Depositary Share,$107.34,-0.16,-0.149%,25758466101.00,Germany,2019,840683,Health Care,Biotechnology: Biological Products (No Diagnostic Substances)
BNY,BlackRock New York Municipal Income Trust,$9.48,0.08,0.851%,0.00,United States,,87365,Finance,Trusts Except Educational Religious and Charitable
BNZI,Banzai International Inc. Class A Common Stock,$3.60,0.71,24.567%,8886913.00,United States,2021,621217,Technology,Computer Software: Prepackaged Software
BNZIW,Banzai International Inc. Warrant,$0.0247,-0.0004,-1.594%,60974.00,United States,2021,13092,Technology,Computer Software: Prepackaged Software
BOC,Boston Omaha Corporation Class A Common Stock,$13.14,-0.31,-2.305%,413298123.00,United States,2022,182686,Finance,Real Estate
BODI,The Beachbody Company Inc. Class A Common Stock,$3.91,-0.44,-10.115%,27390391.00,United States,2021,8726,Consumer Discretionary,Other Consumer Services
BOE,Blackrock Enhanced Global Dividend Trust Common Shares of Beneficial Interest,$11.19,-0.15,-1.323%,0.00,United States,2005,119967,Finance,Trusts Except Educational Religious and Charitable
BOF,BranchOut Food Inc. Common Stock,$2.22,-0.01,-0.448%,21278187.00,United States,2023,123174,Consumer Staples,Packaged Foods
BOH,Bank of Hawaii Corporation Common Stock,$61.35,-0.53,-0.856%,2439736616.00,United States,,619144,Finance,Major Banks
BOH^A,Bank of Hawaii Corporation Depositary Shares Each Representing a 1/40th Interest in a Share of 4.375% Fixed Rate Non-Cumulative Perpetual Preferred Stock Series A,$16.29,0.09,0.556%,,United States,,4535,,
BOH^B,Bank of Hawaii Corporation Depositary Shares Each Representing a 1/40th Interest in a Share of 8.000% Fixed Rate Non-Cumulative Perpetual Preferred Stock Series B,$26.28,-0.08,-0.303%,,United States,,2542,,
BOKF,BOK Financial Corporation Common Stock,$98.57,-2.96,-2.915%,6270145831.00,United States,,240707,Finance,Major Banks
BOLD,Boundless Bio Inc. Common Stock,$1.16,-0.025,-2.11%,25967309.00,United States,2024,70966,Health Care,Biotechnology: Pharmaceutical Preparations
BOLT,Bolt Biotherapeutics Inc. Common Stock,$5.53,-0.12,-2.124%,10600927.00,United States,2021,9259,Health Care,Biotechnology: Pharmaceutical Preparations
BON,Bon Natural Life Limited Class A Ordinary Shares,$1.30,-0.07,-5.109%,3180780.00,China,2021,87407,Health Care, Medicinal Chemicals and Botanical Products 
BOOM,DMC Global Inc. Common Stock,$7.79,-0.30,-3.708%,159622724.00,United States,,148625,Industrials,Industrial Specialties
BOOT,Boot Barn Holdings Inc. Common Stock,$170.89,-1.01,-0.588%,5228224724.00,United States,2014,1978558,Consumer Discretionary,Clothing/Shoe/Accessory Stores
BORR,Borr Drilling Limited Common Shares,$1.88,-0.15,-7.389%,460462423.00,,2019,7947201,Energy,Oil & Gas Production
BOSC,B.O.S. Better Online Solutions Common Stock,$4.87,-0.03,-0.612%,28847732.00,Israel,,56805,Telecommunications,Computer Communications Equipment
BOTJ,Bank of the James Financial Group Inc. Common Stock,$13.70,0.00,0.00%,62243731.00,United States,,215,Finance,Major Banks
BOW,Bowhead Specialty Holdings Inc. Common Stock,$31.92,-0.58,-1.785%,1042592841.00,United States,2024,130799,Finance,Property-Casualty Insurers
BOX,Box Inc. Class A Common Stock,$31.59,-0.51,-1.589%,4574022464.00,United States,2015,1795183,Technology,Computer Software: Prepackaged Software
BOXL,Boxlight Corporation Class A Common Stock,$1.9641,-0.0659,-3.246%,4380687.00,United States,2017,7291,Real Estate,Other Consumer Services
BP,BP p.l.c. Common Stock,$31.75,-0.40,-1.244%,84313880807.00,United Kingdom,,8591369,Energy,Integrated oil Companies
BPOP,Popular Inc. Common Stock,$113.19,-1.39,-1.213%,7754734509.00,United States,,548138,Finance,Major Banks
BPOPM,Popular Inc. Popular Capital Trust II - 6.125% Cumulative Monthly Income Trust Preferred Securities,$24.81,-0.10,-0.401%,1699752303.00,United States,,14244,Finance,Major Banks
BPRN,Princeton Bancorp Inc. Common Stock (PA),$29.95,-0.24,-0.795%,207527444.00,United States,,13485,Finance,Major Banks
BPYPM,Brookfield Property Partners L.P. 6.25% Class A Cumulative Redeemable Preferred Units Series 1,$15.75,-0.50,-3.077%,14196168788.00,Bermuda,,28620,Finance,Real Estate
BPYPN,Brookfield Property Partners L.P. 5.750% Class A Cumulative Redeemable Perpetual Preferred Units Series 3,$13.02,0.04,0.308%,11735499531.00,Bermuda,,13958,Finance,Real Estate
BPYPO,Brookfield Property Partners L.P. 6.375% Class A Cumulative Redeemable Perpetual Preferred Units Series 2,$14.375,0.145,1.019%,12956820719.00,Bermuda,,5310,Finance,Real Estate
BPYPP,Brookfield Property Partners L.P. 6.50% Class A Cumulative Redeemable Perpetual Preferred Units,$14.56,0.11,0.761%,13123569368.00,Bermuda,,6065,Finance,Real Estate
BQ,Boqii Holding Limited Class A Ordinary Shares,$2.46,-0.25,-9.225%,2635964.00,,2025,40090,Consumer Discretionary,Other Specialty Stores
BR,Broadridge Financial Solutions Inc. Common Stock,$244.65,-2.86,-1.156%,28737430596.00,United States,,534573,Consumer Discretionary,Business Services
BRAG,Bragg Gaming Group Inc. Common Shares,$4.02,0.04,1.005%,100773288.00,Canada,,33886,Technology,Office Equipment/Supplies/Services
BRBR,BellRing Brands Inc. Common Stock ,$54.11,-0.47,-0.861%,6871792086.00,United States,2022,2276942,Consumer Staples,Packaged Foods
BRBS,Blue Ridge Bankshares Inc. Common Stock,$3.41,-0.26,-7.084%,310916465.00,United States,,445832,Finance,Major Banks
BRC,Brady Corporation Common Stock,$70.27,-0.30,-0.425%,3324866931.00,United States,,122682,Consumer Discretionary,Miscellaneous manufacturing industries
BRCC,BRC Inc. Class A Common Stock,$1.64,-0.06,-3.529%,349682502.00,United States,2022,707265,Consumer Staples,Beverages (Production/Distribution)
BRDG,Bridge Investment Group Holdings Inc. Class A Common Stock,$9.75,-0.49,-4.785%,1206824132.00,United States,2021,310383,Finance,Investment Managers
BREA,Brera Holdings PLC Class B Ordinary Shares,$6.22,-0.30,-4.601%,15019484.00,Ireland,2023,2101,Consumer Discretionary,Services-Misc. Amusement & Recreation
BRFH,Barfresh Food Group Inc. Common Stock,$2.77,-0.35,-11.218%,44098530.00,United States,,14396,Consumer Staples,Packaged Foods
BRFS,BRF S.A.,$3.60,0.08,2.273%,5759280270.00,Brazil,,4397405,Consumer Staples,Meat/Poultry/Fish
BRIA,BrilliA Inc Class A Ordinary Shares,$2.31,-0.11,-4.545%,70743750.00,,2024,6736,Consumer Discretionary,Apparel
BRID,Bridgford Foods Corporation Common Stock,$7.76,0.15,1.971%,70436216.00,United States,,3484,Consumer Staples,Specialty Foods
BRK/A,Berkshire Hathaway Inc.,$711480.00,-8370.00,-1.163%,1046497433520.00,United States,,371,,
BRK/B,Berkshire Hathaway Inc.,$472.84,0.96,0.203%,1043232268664.00,United States,,5282839,,
BRKL,Brookline Bancorp Inc. Common Stock,$10.19,-0.13,-1.26%,907975925.00,United States,,598970,Finance,Savings Institutions
BRKR,Bruker Corporation Common Stock,$37.99,-0.44,-1.145%,5756693196.00,United States,,4047076,Industrials,Biotechnology: Laboratory Analytical Instruments
BRLS,Borealis Foods Inc. Class A Common Shares,$2.825,-0.075,-2.586%,60403732.00,Canada,2021,2779,Consumer Staples,Packaged Foods
BRLT,Brilliant Earth Group Inc. Class A Common Stock,$1.50,0.00,0.00%,148971303.00,United States,2021,15230,Consumer Discretionary,Consumer Specialties
BRN,Barnwell Industries Inc. Common Stock,$1.125,-0.035,-3.017%,11310226.00,United States,1965,55170,Energy,Oil & Gas Production
BRNS,Barinthus Biotherapeutics plc American Depositary Shares,$1.40,-0.08,-5.405%,56475153.00,United Kingdom,2021,43312,Health Care,Biotechnology: Pharmaceutical Preparations
BRO,Brown & Brown Inc. Common Stock,$92.24,0.87,0.952%,30424700979.00,United States,,3540436,Finance,Specialty Insurers
BROS,Dutch Bros Inc. Class A Common Stock,$56.71,-2.56,-4.319%,9327797811.00,United States,2021,2954192,Consumer Discretionary,Restaurants
BRR,Columbus Circle Capital Corp I Class A Ordinary Shares,$10.30,-0.08,-0.771%,0.00,United States,2025,407784,Finance,Blank Checks
BRRWU,Columbus Circle Capital Corp I Units,$11.03,0.00,0.00%,0.00,United States,2025,1,Finance,Blank Checks
BRRWW,Columbus Circle Capital Corp I Warrant,$1.65,-0.09,-5.172%,0.00,United States,2025,12270,Finance,Blank Checks
BRSL,Brightstar Lottery PLC Trading under the Legal Name to begin at the market open on July 21 2025. Ordinary Shares,$14.69,-0.15,-1.011%,2967844718.00,United States,2015,2681401,Consumer Discretionary,Services-Misc. Amusement & Recreation
BRSP,BrightSpire Capital Inc. Class A Common Stock,$5.16,-0.02,-0.386%,670768705.00,United States,2018,880182,Real Estate,Real Estate Investment Trusts
BRT,BRT Apartments Corp. (MD) Common Stock,$14.52,-0.03,-0.206%,274468641.00,United States,,52972,Real Estate,Real Estate Investment Trusts
BRTX,BioRestorative Therapies Inc. Common Stock (NV),$1.41,-0.06,-4.082%,10581740.00,United States,,31960,Health Care,Managed Health Care
BRW,Saba Capital Income & Opportunities Fund SBI,$8.42,0.01,0.119%,0.00,United States,,205747,Finance,Trusts Except Educational Religious and Charitable
BRX,Brixmor Property Group Inc. Common Stock,$25.47,-0.66,-2.526%,7796355335.00,United States,2013,2148979,Real Estate,Real Estate Investment Trusts
BRY,Berry Corporation (bry) Common Stock,$2.86,-0.16,-5.298%,221925138.00,United States,2018,922335,Energy,Oil & Gas Production
BRZE,Braze Inc. Class A Common Stock,$26.20,-1.67,-5.992%,2767030994.00,United States,2021,1258504,Technology,Computer Software: Prepackaged Software
BSAAU,BEST SPAC I Acquisition Corp. Unit ,$10.309,0.189,1.868%,0.00,Hong Kong,2025,371,Finance,Blank Checks
BSAC,Banco Santander - Chile ADS,$23.13,0.12,0.522%,10896897282.00,Chile,,392088,Finance,Commercial Banks
BSBK,Bogota Financial Corp. Common Stock,$8.35,0.075,0.906%,108624849.00,United States,2020,14109,Finance,Banks
BSBR,Banco Santander Brasil SA American Depositary Shares each representing one unit,$4.69,-0.03,-0.636%,34985654978.00,Brazil,2009,453062,Finance,Commercial Banks
BSET,Bassett Furniture Industries Incorporated Common Stock,$15.57,-0.25,-1.58%,135296792.00,United States,,22952,Consumer Discretionary,Home Furnishings
BSGM,BioSig Technologies Inc. Common Stock,$4.29,-0.33,-7.143%,117093851.00,United States,,629873,Health Care,Biotechnology: Electromedical & Electrotherapeutic Apparatus
BSL,Blackstone Senior Floating Rate 2027 Term Fund Common Shares of Beneficial Interest,$14.15,0.01,0.071%,0.00,United States,2010,24910,Finance,Trusts Except Educational Religious and Charitable
BSLK,Bolt Projects Holdings Inc. Common Stock,$2.42,-0.22,-8.333%,4989505.00,United States,2021,796999,Industrials,Major Chemicals
BSLKW,Bolt Projects Holdings Inc. Warrant,$0.0294,0.00,0.00%,60616.00,United States,2021,14139,Industrials,Major Chemicals
BSM,Black Stone Minerals L.P. Common units representing limited partner interests,$12.56,0.03,0.239%,2658153473.00,United States,2015,811853,Energy,Oil & Gas Production
BSRR,Sierra Bancorp Common Stock,$28.59,-0.73,-2.49%,395078634.00,United States,,39287,Finance,Major Banks
BST,BlackRock Science and Technology Trust Common Shares of Beneficial Interest,$38.46,-0.60,-1.536%,852190142.00,United States,2014,133554,Finance,Finance Companies
BSTZ,BlackRock Science and Technology Term Trust Common Shares of Beneficial Interest,$21.21,-0.06,-0.282%,469967574.00,United States,2019,363492,Finance,Trusts Except Educational Religious and Charitable
BSVN,Bank7 Corp. Common stock,$43.00,-1.29,-2.913%,406317191.00,United States,2018,12724,Finance,Major Banks
BSX,Boston Scientific Corporation Common Stock,$105.41,0.49,0.467%,155948439226.00,United States,,6338987,Health Care,Medical/Dental Instruments
BSY,Bentley Systems Incorporated Class B Common Stock,$57.12,-0.86,-1.483%,17329147739.00,United States,2020,1519801,Technology,Computer Software: Prepackaged Software
BTA,BlackRock Long-Term Municipal Advantage Trust Common Shares of Beneficial Interest,$8.94,0.08,0.903%,0.00,United States,2006,99017,Finance,Trusts Except Educational Religious and Charitable
BTAI,BioXcel Therapeutics Inc. Common Stock,$1.37,0.06,4.58%,8296783.00,United States,2018,109200244,Health Care,Biotechnology: Pharmaceutical Preparations
BTBD,BT Brands Inc. Common Stock,$1.64,0.15,10.067%,10093747.00,United States,2021,113305,Consumer Discretionary,Restaurants
BTBDW,BT Brands Inc. Warrant,$0.0775,0.0196,33.851%,476991.00,United States,2021,1530,Consumer Discretionary,Restaurants
BTBT,Bit Digital Inc. Ordinary Shares,$2.72,-0.19,-6.529%,565163969.00,United States,2018,20257549,Finance,Finance: Consumer Services
BTCM,BIT Mining Limited ADS,$2.44,-0.06,-2.40%,25998537.00,,2013,327884,Technology,EDP Services
BTCS,BTCS Inc. Common Stock,$4.06,-0.51,-11.16%,85647283.00,United States,,5042318,Finance,Finance: Consumer Services
BTCT,BTC Digital Ltd. Ordinary Shares,$2.51,-0.14,-5.283%,16149440.00,China,,388758,Real Estate,Other Consumer Services
BTDR,Bitdeer Technologies Group Class A Ordinary Shares,$12.11,-0.78,-6.051%,2382595864.00,Singapore,,3847410,Finance,Finance: Consumer Services
BTE,Baytex Energy Corp Common Shares,$2.10,-0.03,-1.408%,1614060000.00,Canada,2023,41127225,Energy,Oil & Gas Production
BTG,B2Gold Corp Common shares (Canada),$3.44,0.07,2.077%,4545522570.00,Canada,,41272809,Basic Materials,Precious Metals
BTI,British American Tobacco  Industries p.l.c. Common Stock ADR,$54.35,0.67,1.248%,119268017378.00,United Kingdom,1998,5764494,Health Care, Medicinal Chemicals and Botanical Products 
BTM,Bitcoin Depot Inc. Class A Common Stock,$4.64,-0.32,-6.452%,298409522.00,United States,2022,1246195,Finance,Finance: Consumer Services
BTMD,Biote Corp. Class A Common Stock,$3.89,-0.18,-4.423%,196888682.00,United States,,120114,Health Care, Medicinal Chemicals and Botanical Products 
BTMWW,Bitcoin Depot Inc. Warrant,$0.4001,-0.095,-19.188%,25731390.00,United States,2022,249089,Finance,Finance: Consumer Services
BTO,John Hancock Financial Opportunities Fund Common Stock,$34.48,-0.60,-1.71%,0.00,United States,1994,39269,Finance,Investment Managers
BTOC,Armlogi Holding Corp. Common Stock,$1.58,0.00,0.00%,66537001.00,United States,2024,59602,Consumer Discretionary,Office Equipment/Supplies/Services
BTOG,Bit Origin Limited Class A Ordinary Shares,$0.3385,-0.0525,-13.427%,2866002.00,United States,2019,8136403,Finance,Finance: Consumer Services
BTSG,BrightSpring Health Services Inc. Common Stock,$19.64,-1.01,-4.891%,3422176671.00,United States,2024,5728376,Health Care,Medical/Nursing Services
BTSGU,BrightSpring Health Services Inc. Tangible Equity Unit,$70.16,-2.21,-3.054%,12225046600.00,United States,2024,17161,Health Care,Medical/Nursing Services
BTT,BlackRock Municipal 2030 Target Term Trust,$22.22,0.06,0.271%,0.00,United States,2012,101800,Finance,Investment Managers
BTU,Peabody Energy Corporation Common Stock ,$16.07,-0.08,-0.495%,1954112000.00,United States,2017,6104926,Energy,Coal Mining
BTX,BlackRock Technology and Private Equity Term Trust Common Shares of Beneficial Interest,$7.31,-0.01,-0.137%,1723670032.00,United States,2021,754552,,
BTZ,BlackRock Credit Allocation Income Trust,$10.96,-0.08,-0.725%,1185159600.00,United States,2006,219541,Finance,Finance Companies
BUD,Anheuser-Busch Inbev SA Sponsored ADR (Belgium),$57.10,-0.57,-0.988%,102620035663.00,Belgium,,7416814,Consumer Staples,Beverages (Production/Distribution)
BUI,BlackRock Utility Infrastructure & Power Opportunities Trust,$26.29,-0.06,-0.228%,0.00,United States,2011,26135,Finance,Trusts Except Educational Religious and Charitable
BULL,Webull Corporation Class A Ordinary Shares,$13.33,-0.86,-6.061%,6151145056.00,United States,,12386292,Finance,Investment Bankers/Brokers/Service
BULLW,Webull Corporation Warrants,$5.29,-0.4504,-7.846%,2441077070.00,United States,,39355,Finance,Investment Bankers/Brokers/Service
BUR,Burford Capital Limited Ordinary Shares,$12.43,-0.42,-3.268%,2719828076.00,,2020,1809439,Finance,Finance: Consumer Services
BURL,Burlington Stores Inc. Common Stock,$273.18,0.22,0.081%,17234013779.00,United States,2013,1048125,Consumer Discretionary,Department/Specialty Retail Stores
BURU,Nuburu Inc. Common Stock,$0.2641,-0.0309,-10.475%,13850288.00,United States,,7012499,Miscellaneous,Industrial Machinery/Components
BUSE,First Busey Corporation Class A Common Stock,$22.13,-0.19,-0.851%,1980425805.00,United States,,702635,Finance,Major Banks
BUSEP,First Busey Corporation Depositary Shares Each Representing a 1/40thInterest in a Share of 8.25% Fixed-Rate Series B Non-Cumulative Perpetual Preferred Stock $0.001 par value,$25.29,-0.01,-0.04%,2263215934.00,United States,,37274,Finance,Major Banks
BV,BrightView Holdings Inc. Common Stock,$15.48,-0.47,-2.947%,1475244000.00,United States,2018,633071,Consumer Discretionary,Business Services
BVFL,BV Financial Inc. Common Stock,$15.19,-0.45,-2.877%,159931621.00,United States,2023,42244,Finance,Savings Institutions
BVN,Buenaventura Mining Company Inc.,$17.04,0.03,0.176%,4327936214.00,Peru,1996,549191,Basic Materials,Metal Mining
BVS,Bioventus Inc. Class A Common Stock,$6.18,-0.34,-5.215%,507652064.00,United States,2021,526076,Health Care,Medical/Dental Instruments
BW,Babcock & Wilcox Enterprises Inc. Common Stock,$0.9328,-0.0378,-3.894%,91791274.00,United States,2015,938015,Industrials,Building Products
BW^A,Babcock & Wilcox Enterprises Inc. 7.75% Series A Cumulative Perpetual Preferred Stock,$10.50,0.76,7.803%,,United States,,28998,,
BWA,BorgWarner Inc. Common Stock,$37.52,0.72,1.957%,8243896201.00,United States,,2840284,Consumer Discretionary,Auto Parts:O.E.M.
BWAY,BrainsWay Ltd. American Depositary Shares,$11.47,-0.21,-1.798%,216430045.00,Israel,2019,18876,Health Care,Medical/Dental Instruments
BWB,Bridgewater Bancshares Inc. Common Stock,$15.16,-0.40,-2.571%,415989581.00,United States,2018,77526,Finance,Major Banks
BWBBP,Bridgewater Bancshares Inc. Depositary Shares Each Representing a 1/100th Interest in a Share of 5.875% Non-Cumulative Perpetual Preferred Stock Series A,$19.8897,0.5197,2.683%,545772294.00,United States,,3067,Finance,Major Banks
BWEN,Broadwind Inc. Common Stock,$2.52,-0.07,-2.703%,57171432.00,United States,,181204,Telecommunications,Metal Fabrications
BWFG,Bankwell Financial Group Inc. Common Stock,$39.09,-0.81,-2.03%,307770698.00,United States,2014,39282,Finance,Major Banks
BWG,BrandywineGLOBAL Global Income Opportunities Fund Inc.,$8.42,0.02,0.238%,0.00,United States,2012,62609,Finance,Finance/Investors Services
BWIN,The Baldwin Insurance Group Inc. Class A Common Stock,$35.31,-1.53,-4.153%,4184901900.00,United States,2019,748592,Finance,Specialty Insurers
BWLP,BW LPG Limited Common Shares,$13.25,-0.11,-0.823%,2007884370.00,,2024,487925,Consumer Discretionary,Transportation Services
BWMN,Bowman Consulting Group Ltd. Common Stock,$33.56,-1.12,-3.23%,578341796.00,United States,2021,96966,Consumer Discretionary,Professional Services
BWMX,Betterware de Mexico S.A.P.I. de C.V. Ordinary Shares,$13.10,-0.05,-0.38%,488846753.00,Mexico,,67397,Consumer Discretionary,Catalog/Specialty Distribution
BWNB,Babcock & Wilcox Enterprises Inc. 6.50% Senior Notes due 2026,$16.35,0.54,3.416%,1608905792.00,United States,2021,4225,Industrials,Building Products
BWSN,Babcock & Wilcox Enterprises Inc. 8.125% Senior Notes due 2026,$20.31,0.56,2.835%,1998585727.00,United States,2021,16510,Industrials,Building Products
BWXT,BWX Technologies Inc. Common Stock,$149.50,-2.43,-1.599%,13658428537.00,United States,,1375836,Industrials,Industrial Machinery/Components
BX,Blackstone Inc. Common Stock,$170.40,-2.56,-1.48%,124332014088.00,United States,2007,3662575,Finance,Investment Managers
BXC,Bluelinx Holdings Inc. Common Stock,$71.99,-1.28,-1.747%,568175028.00,United States,2004,155832,Consumer Discretionary,Wholesale Distributors
BXMT,Blackstone Mortgage Trust Inc. Common Stock,$18.64,0.16,0.866%,3198228198.00,United States,,1983694,Real Estate,Real Estate Investment Trusts
BXMX,Nuveen S&P 500 Buy-Write Income Fund Common Shares of Beneficial Interest,$13.91,-0.20,-1.417%,0.00,United States,,74388,Finance,Investment Managers
BXP,BXP Inc. Common Stock,$64.62,-0.81,-1.238%,10230935394.00,United States,1997,2711945,Real Estate,Real Estate Investment Trusts
BXSL,Blackstone Secured Lending Fund Common Shares of Beneficial Interest,$31.19,-0.36,-1.141%,0.00,,2021,1311517,Finance,Trusts Except Educational Religious and Charitable
BY,Byline Bancorp Inc. Common Stock,$25.61,-0.69,-2.624%,1181960070.00,United States,2017,233526,Finance,Major Banks
BYD,Boyd Gaming Corporation Common Stock,$83.65,-1.25,-1.472%,6707408581.00,United States,1993,1372073,Consumer Discretionary,Hotels/Resorts
BYFC,Broadway Financial Corporation Class A Common Stock,$8.10,-0.09,-1.099%,74486863.00,United States,,33864,Finance,Savings Institutions
BYM,Blackrock Municipal Income Quality Trust Common Shares of Beneficial Interest,$10.51,0.09,0.864%,0.00,United States,2002,73288,Finance,Investment Managers
BYND,Beyond Meat Inc. Common Stock,$2.87,-0.17,-5.592%,219472961.00,United States,2019,1938291,Consumer Staples,Packaged Foods
BYON,Beyond Inc. Common Stock,$8.16,-0.79,-8.827%,468432764.00,United States,,3840254,Consumer Discretionary,Catalog/Specialty Distribution
BYRN,Byrna Technologies Inc. Common Stock,$21.32,-0.89,-4.007%,484045314.00,United States,,534453,Miscellaneous,Industrial Machinery/Components
BYSI,BeyondSpring Inc. Ordinary Shares,$2.07,0.02,0.976%,83454782.00,United States,2017,38872,Health Care,Biotechnology: Pharmaceutical Preparations
BZ,KANZHUN LIMITED American Depository Shares,$18.66,-0.30,-1.582%,8112168218.00,China,2021,2787645,Technology,Computer Software: Programming Data Processing
BZAI,Blaize Holdings Inc. Common Stock,$3.78,-0.12,-3.077%,384365202.00,United States,2025,659636,Finance,Blank Checks
BZAIW,Blaize Holdings Inc. Warrants,$0.55,-0.0313,-5.384%,55926154.00,United States,2025,49103,Finance,Blank Checks
BZFD,BuzzFeed Inc. Class A Common Stock,$2.09,-0.08,-3.687%,80517584.00,United States,2021,96264,Consumer Discretionary,Telecommunications Equipment
BZFDW,BuzzFeed Inc. Warrant,$0.0972,0.0072,8.00%,3744646.00,United States,2021,316,Consumer Discretionary,Telecommunications Equipment
BZH,Beazer Homes USA Inc. Common Stock,$21.70,-1.80,-7.66%,657583889.00,United States,1994,921004,Consumer Discretionary,Homebuilding
BZUN,Baozun Inc. American Depositary Shares,$2.63,-0.08,-2.952%,151876317.00,China,2015,241499,Consumer Discretionary,Catalog/Specialty Distribution
C,Citigroup Inc. Common Stock,$91.83,-1.87,-1.996%,171513983834.00,United States,,17723537,Finance,Major Banks
C^N,Citigroup Capital XIII 7.875% Fixed rate Floating Rate trust Preferred Securities (TruPS),$29.88,0.41,1.391%,,United States,,114503,,
CAAP,Corporacion America Airports SA Common Shares,$19.54,-0.37,-1.858%,3147706064.00,,2018,92210,Consumer Discretionary,Aerospace
CAAS,China Automotive Systems Inc. Common Stock,$4.115,0.055,1.355%,124152439.00,China,,37730,Consumer Discretionary,Auto Parts:O.E.M.
CABA,Cabaletta Bio Inc. Common Stock,$1.44,-0.08,-5.263%,73070065.00,United States,2019,941998,Health Care,Biotechnology: Biological Products (No Diagnostic Substances)
CABO,Cable One Inc. Common Stock,$136.77,8.79,6.868%,769709829.00,United States,2015,417066,Telecommunications,Cable & Other Pay Television Services
CAC,Camden National Corporation Common Stock,$36.60,-1.11,-2.944%,618619056.00,United States,,125765,Finance,Major Banks
CACC,Credit Acceptance Corporation Common Stock,$447.51,-42.77,-8.724%,5192671097.00,United States,1992,290408,Finance,Finance: Consumer Services
CACI,CACI International Inc. Class A Common Stock,$460.93,0.36,0.078%,10135874668.00,United States,,380804,Technology,EDP Services
CADE,Cadence Bank Common Stock,$33.94,-0.91,-2.611%,6198156570.00,United States,,2334899,Finance,Major Banks
CADE^A,Cadence Bank 5.50% Series A ,$21.40,0.02,0.094%,,United States,,7228,,
CADL,Candel Therapeutics Inc. Common Stock,$6.29,-0.155,-2.405%,315145851.00,United States,2021,592013,Health Care,Biotechnology: Biological Products (No Diagnostic Substances)
CAE,CAE Inc. Ordinary Shares,$28.33,-0.20,-0.701%,9073185924.00,Canada,,458574,Miscellaneous,Industrial Machinery/Components
CAEP,Cantor Equity Partners III Inc. Class A Ordinary Shares,$10.55,0.07,0.668%,0.00,United States,2025,35095,,
CAF,Morgan Stanley China A Share Fund Inc. Common Stock,$13.95,-0.19,-1.344%,0.00,United States,2006,2345,Finance,Investment Managers
CAG,ConAgra Brands Inc. Common Stock,$18.51,0.25,1.369%,8837469837.00,United States,,11513588,Consumer Staples,Packaged Foods
CAH,Cardinal Health Inc. Common Stock,$156.00,0.78,0.503%,37233612780.00,United States,,1592812,Health Care,Other Pharmaceuticals
CAI,Caris Life Sciences Inc. Common Stock,$28.04,-0.04,-0.142%,7950887387.00,United States,2025,402546,Health Care,Medical Specialities
CAKE,Cheesecake Factory Incorporated (The) Common Stock,$62.38,-1.53,-2.394%,3089557700.00,United States,1992,1941543,Consumer Discretionary,Restaurants
CAL,Caleres Inc. Common Stock,$13.17,-0.56,-4.079%,445102908.00,United States,,693722,Consumer Discretionary,Shoe Manufacturing
CALC,CalciMedica Inc. Common Stock,$2.94,-0.50,-14.535%,41077651.00,United States,2023,105859,Health Care,Biotechnology: Pharmaceutical Preparations
CALM,Cal-Maine Foods Inc. Common Stock,$107.88,-3.26,-2.933%,5231907819.00,United States,1996,926842,Consumer Staples,Farming/Seeds/Milling
CALX,Calix Inc Common Stock,$56.06,-0.63,-1.111%,3660941960.00,United States,2010,620249,Consumer Discretionary,Telecommunications Equipment
CAMP,CAMP4 Therapeutics Corporation Common Stock,$1.65,0.02,1.227%,33265770.00,United States,2024,75874,,
CAMT,Camtek Ltd. Ordinary Shares,$95.50,1.35,1.434%,4354272267.00,Israel,2000,488703,Technology,Electronic Components
CAN,Canaan Inc. American Depositary Shares,$0.6591,-0.0313,-4.534%,276995712.00,China,2019,49112565,Technology,Semiconductors
CANF,Can-Fite Biopharma Ltd Sponsored ADR (Israel),$0.6565,-0.0134,-2.00%,6796802.00,Israel,,244667,Health Care,Biotechnology: Pharmaceutical Preparations
CANG,Cango Inc. American Depositary Shares  each representing two (2) Class A Ordinary Shares,$4.44,-0.37,-7.692%,460819226.00,China,2018,588502,Technology,Computer Software: Prepackaged Software
CAPL,CrossAmerica Partners LP Common Units representing limited partner interests,$21.55,0.05,0.233%,821001405.00,United States,2012,78518,Energy,Oil Refining/Marketing
CAPN,Cayson Acquisition Corp Ordinary shares,$10.37,0.00,0.00%,0.00,United States,2024,36,,
CAPNR,Cayson Acquisition Corp Right,$0.18,-0.01,-5.263%,0.00,United States,2024,110,Finance,Blank Checks
CAPR,Capricor Therapeutics Inc. Common Stock,$7.90,-0.28,-3.423%,361091770.00,United States,,1789421,Health Care,Biotechnology: Pharmaceutical Preparations
CAPS,Capstone Holding Corp. Common Stock,$1.44,-0.22,-13.253%,7473961.00,United States,,177709,Health Care,Biotechnology: Pharmaceutical Preparations
CAPT,Captivision Inc. Ordinary Shares,$1.25,-0.05,-3.846%,36447053.00,United Kingdom,,201543,Miscellaneous,Industrial Machinery/Components
CAPTW,Captivision Inc. Warrant,$0.0252,-0.0048,-16.00%,734773.00,United Kingdom,,10000,Miscellaneous,Industrial Machinery/Components
CAR,Avis Budget Group Inc. Common Stock,$164.07,-6.17,-3.624%,5774198201.00,United States,,1787712,Consumer Discretionary,Rental/Leasing Companies
CARE,Carter Bankshares Inc. Common Stock,$16.94,-0.44,-2.532%,392313680.00,United States,,79510,Finance,Major Banks
CARG,CarGurus Inc. Class A Common Stock ,$31.86,-0.96,-2.925%,3149253473.00,United States,2017,753347,Technology,EDP Services
CARL,Carlsmed Inc. Common Stock,$13.60,-0.46,-3.272%,360621326.00,United States,2025,153825,Health Care,Medical/Dental Instruments
CARM,Carisma Therapeutics Inc. Common Stock,$0.3115,-0.0105,-3.261%,13016992.00,United States,2014,357822,Health Care,Biotechnology: Pharmaceutical Preparations
CARR,Carrier Global Corporation Common Stock ,$66.92,-1.70,-2.477%,56950448252.00,United States,2020,5451304,Industrials,Industrial Machinery/Components
CARS,Cars.com Inc. Common Stock ,$12.42,-0.45,-3.497%,781052752.00,United States,2017,687228,Technology,EDP Services
CART,Maplebear Inc. Common Stock,$47.01,-0.96,-2.001%,12257137730.00,United States,2023,3542761,Consumer Discretionary,Business Services
CARV,Carver Bancorp Inc. Common Stock,$1.98,-0.14,-6.604%,10047080.00,United States,,53499,Finance,Savings Institutions
CASH,Pathward Financial Inc. Common Stock,$74.79,-0.835,-1.104%,1783406890.00,United States,1993,359656,Finance,Major Banks
CASI,CASI Pharmaceuticals Inc. Ordinary Shares,$1.29,-0.01,-0.769%,19985558.00,United States,,14278,Health Care,Biotechnology: Pharmaceutical Preparations
CASK,Heritage Distilling Holding Company Inc. Common Stock,$0.5201,-0.0289,-5.264%,4239504.00,United States,2024,1007209,Consumer Staples,Beverages (Production/Distribution)
CASS,Cass Information Systems Inc Common Stock,$39.63,-0.38,-0.95%,529456760.00,United States,,69635,Consumer Discretionary,Business Services
CASY,Casey's General Stores Inc. Common Stock,$522.78,3.22,0.62%,19437475338.00,United States,1983,200026,Consumer Discretionary,Retail-Auto Dealers and Gas Stations
CAT,Caterpillar Inc. Common Stock,$428.69,-9.33,-2.13%,201930904098.00,United States,,4027334,Industrials,Construction/Ag Equipment/Trucks
CATO,Cato Corporation (The) Class A Common Stock,$2.79,-0.03,-1.064%,55066250.00,United States,,30517,Consumer Discretionary,Clothing/Shoe/Accessory Stores
CATX,Perspective Therapeutics Inc. Common Stock,$3.68,-0.16,-4.167%,273160269.00,United States,,686755,Health Care,Medical/Dental Instruments
CATY,Cathay General Bancorp Common Stock,$44.83,-0.39,-0.862%,3143047663.00,United States,,573316,Finance,Major Banks
CAVA,CAVA Group Inc. Common Stock,$84.30,-3.71,-4.215%,9750135387.00,United States,2023,2105456,Consumer Discretionary,Restaurants
CB,Chubb Limited  Common Stock,$267.40,1.36,0.511%,106609784348.00,Switzerland,,3214986,Finance,Property-Casualty Insurers
CBAN,Colony Bankcorp Inc. Common Stock,$16.01,-0.38,-2.318%,279269490.00,United States,,62024,Finance,Major Banks
CBAT,CBAK Energy Technology Inc. Common Stock,$0.895,-0.01,-1.105%,80495997.00,China,,91680,Miscellaneous,Industrial Machinery/Components
CBFV,CB Financial Services Inc. Common Stock,$30.81,-0.845,-2.669%,154766086.00,United States,,18590,Finance,Major Banks
CBIO,Crescent Biopharma Inc. Common Stock,$12.00,-0.42,-3.382%,177600000.00,United States,2014,68160,Health Care,Biotechnology: Pharmaceutical Preparations
CBL,CBL & Associates Properties Inc. Common Stock,$26.56,-0.50,-1.848%,821651581.00,United States,2021,211627,Real Estate,Real Estate Investment Trusts
CBLL,CeriBell Inc. Common Stock,$14.14,-0.26,-1.806%,511062331.00,United States,2024,272830,Health Care,Biotechnology: Electromedical & Electrotherapeutic Apparatus
CBNA,Chain Bridge Bancorp Inc. Class A Common Stock,$26.17,-0.27,-1.021%,171722751.00,,2024,7250,Finance,Major Banks
CBNK,Capital Bancorp Inc. Common Stock,$30.91,-0.57,-1.811%,512003780.00,United States,2018,79446,Finance,Major Banks
CBOE,Cboe Global Markets Inc. Common Stock,$247.79,6.75,2.80%,27707568063.00,,2010,1327699,Finance,Investment Bankers/Brokers/Service
CBRE,CBRE Group Inc Common Stock Class A,$153.94,-1.80,-1.156%,45805512791.00,United States,,1831747,Finance,Real Estate
CBRL,Cracker Barrel Old Country Store Inc Common Stock,$59.03,-2.97,-4.79%,1314418118.00,United States,1981,725755,Consumer Discretionary,Restaurants
CBSH,Commerce Bancshares Inc. Common Stock,$59.92,-1.28,-2.092%,7994979515.00,United States,,648967,Finance,Major Banks
CBT,Cabot Corporation Common Stock,$72.00,-0.18,-0.249%,3868061904.00,United States,,734837,Industrials,Major Chemicals
CBU,Community Financial System Inc. Common Stock,$51.46,-1.24,-2.353%,2719735771.00,United States,,258314,Finance,Major Banks
CBUS,Cibus Inc. Class A Common Stock,$1.49,0.01,0.676%,51232985.00,United States,2017,188958,Industrials,Agricultural Chemicals
CBZ,CBIZ Inc. Common Stock,$61.75,0.63,1.031%,3358928918.00,United States,,1903573,Consumer Discretionary,Business Services
CC,Chemours Company (The) Common Stock,$11.50,-0.48,-4.007%,1721253404.00,United States,2015,4054112,Industrials,Major Chemicals
CCAP,Crescent Capital BDC Inc. Common stock,$14.11,-0.04,-0.283%,522938428.00,United States,,233048,Finance,Finance: Consumer Services
CCB,Coastal Financial Corporation Common Stock,$92.40,-3.80,-3.95%,1388427533.00,United States,2018,216208,Finance,Major Banks
CCBG,Capital City Bank Group Common Stock,$38.50,-1.09,-2.753%,656615383.00,United States,,48774,Finance,Major Banks
CCCC,C4 Therapeutics Inc. Common Stock,$2.12,0.07,3.415%,150535016.00,United States,2020,750604,Health Care,Biotechnology: Biological Products (No Diagnostic Substances)
CCCS,CCC Intelligent Solutions Holdings Inc. Common Stock,$9.73,0.06,0.62%,6412655707.00,United States,,19333473,Technology,Computer Software: Prepackaged Software
CCCX,Churchill Capital Corp X Class A Ordinary Shares,$10.14,-0.005,-0.049%,0.00,United States,2025,55772,Finance,Blank Checks
CCCXU,Churchill Capital Corp X Unit,$10.33,0.00,0.00%,0.00,United States,2025,3700,Finance,Blank Checks
CCCXW,Churchill Capital Corp X Warrants,$0.70,0.00,0.00%,0.00,United States,2025,131117,Finance,Blank Checks
CCD,Calamos Dynamic Convertible & Income Fund Common Stock,$20.42,-0.31,-1.495%,0.00,United States,,90782,Finance,Trusts Except Educational Religious and Charitable
CCEC,Capital Clean Energy Carriers Corp. Common Share,$22.36,-0.75,-3.245%,1312919119.00,Greece,2007,14557,Consumer Discretionary,Marine Transportation
CCEL,Cryo-Cell International Inc. Common Stock,$4.96,0.21,4.421%,39963464.00,United States,2022,996,Health Care,Misc Health and Biotechnology Services
CCEP,Coca-Cola Europacific Partners plc Ordinary Shares,$97.27,0.35,0.361%,44569085111.00,United Kingdom,,1751666,Consumer Staples,Beverages (Production/Distribution)
CCG,Cheche Group Inc. Class A Ordinary Shares,$0.76,0.0003,0.039%,63567627.00,China,,61854,Finance,Specialty Insurers
CCGWW,Cheche Group Inc. Warrant,$0.0288,-0.0001,-0.346%,2408879.00,China,,2001,Finance,Specialty Insurers
CCI,Crown Castle Inc. Common Stock,$106.88,1.79,1.703%,46541837399.00,United States,,3429549,Real Estate,Real Estate Investment Trusts
CCIA,Carlyle Credit Income Fund 8.75% Series A Preferred Shares due 2028,$25.699,-0.0809,-0.314%,0.00,,2023,5985,,
CCIF,Carlyle Credit Income Fund Shares of Beneficial Interest,$5.54,-0.09,-1.599%,0.00,,2019,154390,Finance,Finance/Investors Services
CCIIU,Cohen Circle Acquisition Corp. II Unit,$10.28,0.00,0.00%,0.00,United States,2025,11002,,
CCIR,Cohen Circle Acquisition Corp. I Class A Ordinary Shares,$10.42,-0.02,-0.192%,0.00,United States,2024,1015257,,
CCIRU,Cohen Circle Acquisition Corp. I Unit,$11.61,-0.49,-4.05%,0.00,United States,2024,361,Finance,Blank Checks
CCIRW,Cohen Circle Acquisition Corp. I Warrant,$2.3463,-0.0537,-2.238%,0.00,United States,2024,233,Finance,Blank Checks
CCIX,Churchill Capital Corp IX Ordinary Shares,$10.56,0.02,0.19%,0.00,United States,2024,10900,,
CCIXW,Churchill Capital Corp IX Warrant,$0.86,0.06,7.50%,0.00,United States,2024,2905,,
CCJ,Cameco Corporation Common Stock,$72.93,-2.00,-2.669%,31747662903.00,Canada,1996,6058457,Basic Materials,Other Metals and Minerals
CCK,Crown Holdings Inc.,$98.15,-1.21,-1.218%,11422264551.00,United States,,1292240,Industrials,Containers/Packaging
CCL,Carnival Corporation Common Stock,$29.07,-0.70,-2.351%,39415494333.00,United States,1987,26972191,Consumer Discretionary,Marine Transportation
CCLD,CareCloud Inc. Common Stock,$2.31,-0.07,-2.941%,97761808.00,United States,2014,159688,Technology,Computer Software: Prepackaged Software
CCLDO,CareCloud Inc. 8.75% Series B Cumulative Redeemable Perpetual Preferred Stock,$20.14,0.2401,1.207%,852347538.00,United States,,7055,Technology,Computer Software: Prepackaged Software
CCM,Concord Medical Services Holdings Limited American Depositary Shares (Each represents thirty (30) Class A ordinary shares),$6.00,1.02,20.482%,26050338.00,China,2024,24154,Health Care,Medical/Nursing Services
CCNE,CNB Financial Corporation Common Stock,$22.48,-0.47,-2.048%,471615653.00,United States,,216636,Finance,Major Banks
CCNEP,CNB Financial Corporation Depositary Shares each representing a 1/40th ownership interest in a share of 7.125% Series A Fixed-Rate Non-Cumulative Perpetual Preferred Stock,$24.80,-0.19,-0.76%,520287731.00,United States,,2036,Finance,Major Banks
CCO,Clear Channel Outdoor Holdings Inc. Common Stock,$1.02,-0.04,-3.774%,506649712.00,United States,2005,6992174,Consumer Discretionary,Advertising
CCOI,Cogent Communications Holdings Inc.,$45.14,-0.45,-0.987%,2227086173.00,United States,,740235,Consumer Discretionary,Telecommunications Equipment
CCRD,CoreCard Corporation Common Stock,$27.71,-1.24,-4.283%,215768875.00,United States,1986,140706,Technology,Computer Software: Prepackaged Software
CCRN,Cross Country Healthcare Inc. Common Stock $0.0001 Par Value,$13.04,-0.41,-3.048%,427492511.00,United States,2001,293002,Consumer Discretionary,Professional Services
CCS,Century Communities Inc. Common Stock,$57.71,1.42,2.523%,1712820162.00,United States,2014,417982,Consumer Discretionary,Homebuilding
CCSI,Consensus Cloud Solutions Inc. Common Stock,$19.66,-0.52,-2.577%,384174821.00,United States,,202089,Technology,Computer Software: Prepackaged Software
CCTG,CCSC Technology International Holdings Limited Class A Ordinary Shares,$1.089,-0.0011,-0.101%,12611981.00,Hong Kong,2024,4540,Consumer Discretionary,Building Products
CCU,Compania Cervecerias Unidas S.A. Common Stock,$11.83,0.10,0.853%,874243790.00,Chile,,182817,Consumer Staples,Beverages (Production/Distribution)
CCZ,Comcast Holdings ZONES,$59.00,-0.75,-1.255%,220288531693.00,United States,,303,Telecommunications,Cable & Other Pay Television Services
CDE,Coeur Mining Inc. Common Stock,$8.68,-0.01,-0.115%,5552573441.00,United States,,11433730,Basic Materials,Precious Metals
CDIO,Cardio Diagnostics Holdings Inc. Common stock,$3.88,-0.26,-6.28%,6746195.00,United States,2022,44385,Health Care,Biotechnology: In Vitro & In Vivo Diagnostic Substances
CDLR,Cadeler A/S American Depositary Share (each representing four (4) Ordinary Shares),$20.48,-0.48,-2.29%,1796902830.00,,2023,31910,Consumer Discretionary,Marine Transportation
CDLX,Cardlytics Inc. Common Stock,$1.88,-0.16,-7.843%,98704493.00,United States,2018,889076,Technology,Computer Software: Programming Data Processing
CDNA,CareDx Inc. Common Stock,$12.22,-0.065,-0.529%,680416309.00,United States,2014,970322,Health Care,Medical Specialities
CDNS,Cadence Design Systems Inc. Common Stock,$356.97,-7.60,-2.085%,97270755300.00,United States,,2070029,Technology,Computer Software: Prepackaged Software
CDP,COPT Defense Properties Common Shares of Beneficial Interest,$27.28,0.00,0.00%,3079391552.00,United States,,971942,Real Estate,Real Estate Investment Trusts
CDR^B,Cedar Realty Trust Inc. 7.25% Series B Cumulative Redeemable Preferred Stock,$16.79,-0.21,-1.235%,,United States,,1749,,
CDR^C,Cedar Realty Trust Inc. 6.50% Series C Cumulative Redeemable Preferred Stock,$15.81,0.11,0.701%,,United States,,2233,,
CDRE,Cadre Holdings Inc. Common Stock,$32.34,-0.73,-2.207%,1314930979.00,United States,2021,286235,Health Care,Industrial Specialties
CDRO,Codere Online Luxembourg S.A. Ordinary Shares,$8.26,-0.14,-1.667%,376993124.00,Luxembourg,,18065,Consumer Discretionary,Services-Misc. Amusement & Recreation
CDROW,Codere Online Luxembourg S.A. Warrants,$1.02,-0.02,-1.923%,46553630.00,Luxembourg,,3081,Consumer Discretionary,Services-Misc. Amusement & Recreation
CDT,Conduit Pharmaceuticals Inc. Common Stock,$1.80,0.02,1.124%,1435376.00,United States,2022,96418,Health Care,Biotechnology: Pharmaceutical Preparations
CDTG,CDT Environmental Technology Investment Holdings Limited ordinary shares,$0.675,-0.0656,-8.858%,8319375.00,China,2024,87264,Industrials,Miscellaneous
CDTTW,Conduit Pharmaceuticals Inc. Warrant,$0.0109,-0.0009,-7.627%,8692.00,United States,2022,1000,Health Care,Biotechnology: Pharmaceutical Preparations
CDTX,Cidara Therapeutics Inc. Common Stock,$62.90,-0.41,-0.648%,815801867.00,United States,2015,302038,Health Care,Biotechnology: Biological Products (No Diagnostic Substances)
CDW,CDW Corporation Common Stock,$168.86,-5.52,-3.166%,22236354429.00,United States,2013,1165055,Consumer Discretionary,Catalog/Specialty Distribution
CDXS,Codexis Inc. Common Stock,$2.69,0.01,0.373%,222852644.00,United States,2010,780654,Industrials,Major Chemicals
CDZI,CADIZ Inc. Common Stock,$3.01,-0.17,-5.346%,246447892.00,United States,,683110,Utilities,Water Supply
CDZIP,Cadiz Inc. Depositary Shares,$17.4975,0.2075,1.20%,1432631889.00,United States,,2208,Utilities,Water Supply
CE,Celanese Corporation Common Stock,$48.55,-3.68,-7.046%,5311727619.00,United States,2005,2774839,Industrials,Major Chemicals
CECO,CECO Environmental Corp. Common Stock,$45.13,0.18,0.40%,1594357830.00,United States,1998,887925,Industrials,Pollution Control Equipment
CEE,The Central and Eastern Europe Fund Inc. (The) Common Stock,$15.22,-0.05,-0.327%,0.00,United States,,19221,Finance,Finance Companies
CEG,Constellation Energy Corporation Common Stock ,$340.77,-7.07,-2.033%,106803237175.00,United States,,2870000,Utilities,Electric Utilities: Central
CELC,Celcuity Inc. Common Stock,$39.91,0.745,1.902%,1511246348.00,United States,2017,1552680,Health Care,Medical Specialities
CELH,Celsius Holdings Inc. Common Stock,$44.72,-0.62,-1.367%,11526188968.00,United States,,3920906,Consumer Staples,Beverages (Production/Distribution)
CELU,Celularity Inc. Class A Common Stock,$3.12,-0.16,-4.878%,74721594.00,United States,2019,71504,Health Care,Biotechnology: Pharmaceutical Preparations
CELUW,Celularity Inc. Warrant,$0.05,-0.01,-16.667%,1197461.00,United States,2019,147,Health Care,Biotechnology: Pharmaceutical Preparations
CELZ,Creative Medical Technology Holdings Inc. Common Stock,$2.87,0.09,3.237%,7420477.00,United States,,57566,Finance,Finance: Consumer Services
CENN,Cenntro Inc. Common Stock,$0.491,-0.0389,-7.341%,15155507.00,New Zealand,,512329,Consumer Discretionary,Auto Manufacturing
CENT,Central Garden & Pet Company Common Stock,$38.91,-0.11,-0.282%,2467291777.00,United States,1993,63112,Consumer Discretionary,Consumer Specialties
CENTA,Central Garden & Pet Company Class A Common Stock Nonvoting,$35.24,-0.28,-0.788%,2234576259.00,United States,,272968,Consumer Discretionary,Consumer Specialties
CENX,Century Aluminum Company Common Stock,$20.47,-0.71,-3.352%,1909913618.00,United States,1996,1645102,Industrials,Aluminum
CEP,Cantor Equity Partners Inc. Class A Ordinary Shares,$26.50,-2.54,-8.747%,761513911.00,United States,2024,344560,Finance,Investment Managers
CEPO,Cantor Equity Partners I Inc. Class A Ordinary Shares,$10.90,-0.05,-0.457%,0.00,United States,2025,382654,Finance,Blank Checks
CEPT,Cantor Equity Partners II Inc. Class A Ordinary Share,$10.70,-0.05,-0.465%,0.00,United States,2025,135000,Finance,Blank Checks
CEPU,Central Puerto S.A. American Depositary Shares (each represents ten Common Shares),$12.09,-0.12,-0.983%,1830452912.00,,2018,131218,Utilities,Electric Utilities: Central
CERO,CERo Therapeutics Holdings Inc. Common Stock,$7.675,-0.085,-1.095%,3961006.00,United States,2021,27053,Health Care,Biotechnology: Biological Products (No Diagnostic Substances)
CEROW,CERo Therapeutics Holdings Inc. Warrants,$0.0176,-0.0022,-11.111%,9083.00,United States,2021,32800,Health Care,Biotechnology: Biological Products (No Diagnostic Substances)
CERS,Cerus Corporation Common Stock,$1.27,-0.01,-0.781%,242773810.00,United States,1997,1111950,Technology,EDP Services
CERT,Certara Inc. Common Stock,$9.54,-0.30,-3.049%,1547710719.00,United States,2020,1930936,Technology,Computer Software: Prepackaged Software
CET,Central Securities Corporation Common Stock,$48.00,-0.69,-1.417%,11617209600.00,United States,1951,12536,Finance,Finance/Investors Services
CETX,Cemtrex Inc. Common Stock,$1.16,-0.14,-10.769%,2070114.00,United States,,3294583,Technology,Electrical Products
CETY,Clean Energy Technologies Inc. Common Stock,$0.285,0.072,33.803%,16716714.00,United States,,4853210,Consumer Discretionary,Metal Fabrications
CEV,Eaton Vance California Municipal Income Trust Shares of Beneficial Interest,$9.48,0.03,0.317%,66678291.00,United States,1999,70013,Finance,Finance/Investors Services
CEVA,CEVA Inc. Common Stock,$20.70,-0.67,-3.135%,495068673.00,United States,,233999,Technology,Computer Software: Programming Data Processing
CF,CF Industries Holdings Inc. Common Stock,$91.56,-1.27,-1.368%,14833637889.00,United States,2005,1655484,Industrials,Agricultural Chemicals
CFBK,CF Bankshares Inc. Common Stock,$23.50,-0.10,-0.424%,152287755.00,United States,,7006,Finance,Major Banks
CFFI,C&F Financial Corporation Common Stock,$63.31,-0.54,-0.846%,205111611.00,United States,,40560,Finance,Major Banks
CFFN,Capitol Federal Financial Inc. Common Stock,$5.73,-0.205,-3.454%,760948956.00,United States,,803091,Finance,Savings Institutions
CFG,Citizens Financial Group Inc. Common Stock,$46.82,-0.90,-1.886%,20262291400.00,United States,2014,5798990,Finance,Major Banks
CFG^E,Citizens Financial Group Inc. Depositary Shares Each Representing 1/40th Interest in a Share of 5.000% Fixed-Rate Non-Cumulative Perpetual Preferred Stock Series E,$20.1392,0.0892,0.445%,,United States,,29865,,
CFG^H,Citizens Financial Group Inc. Depositary Shares Each Representing a 1/40th Interest in a Share of 7.375% Fixed-Rate Non-Cumulative Perpetual Preferred Stock Series H,$26.41,-0.06,-0.227%,,United States,,16437,,
CFG^I,Citizens Financial Group Inc.,$25.0325,25.0325,,,United States,,407832,,
CFLT,Confluent Inc. Class A Common Stock,$17.20,-0.525,-2.962%,5929598898.00,United States,2021,19532955,Technology,Computer Software: Prepackaged Software
CFR,Cullen/Frost Bankers Inc. Common Stock,$124.20,-3.21,-2.519%,7984562272.00,United States,,973939,Finance,Major Banks
CFR^B,Cullen/Frost Bankers Inc. Depositary Shares each representing a 1/40th ownership interest in a share of 4.450% non-cumulative perpetual preferred stock Series B,$17.476,0.096,0.552%,,United States,,7713,,
CFSB,CFSB Bancorp Inc. Common Stock,$13.88,-0.09,-0.644%,90894221.00,United States,2022,1203,Finance,Savings Institutions
CG,The Carlyle Group Inc. Common Stock,$58.71,-1.95,-3.215%,21202287574.00,United States,2012,2861142,Finance,Investment Managers
CGABL,The Carlyle Group Inc. 4.625% Subordinated Notes due 2061,$18.00,0.1591,0.892%,6500445858.00,United States,,8813,Finance,Investment Managers
CGAU,Centerra Gold Inc. Common Shares,$6.94,0.14,2.059%,1443132248.00,Canada,2021,827602,Basic Materials,Precious Metals
CGBD,Carlyle Secured Lending Inc. Common Stock,$13.70,-0.09,-0.653%,998770840.00,United States,2017,403125,Finance,Finance: Consumer Services
CGBDL,Carlyle Secured Lending Inc. 8.20% Notes due 2028,$26.069,0.269,1.043%,1325568452.00,United States,,5274,,
CGC,Canopy Growth Corporation Common Shares,$1.05,0.02,1.942%,112931415.00,Canada,,6965878,Health Care, Medicinal Chemicals and Botanical Products 
CGCT,Cartesian Growth Corporation III Class A Ordinary Shares,$10.055,0.00,0.00%,0.00,United States,2025,1034,Finance,Blank Checks
CGCTU,Cartesian Growth Corporation III Unit,$10.30,0.03,0.292%,0.00,United States,2025,100,Finance,Blank Checks
CGEM,Cullinan Therapeutics Inc. Common Stock,$7.67,-0.10,-1.287%,452642496.00,United States,2021,259804,Health Care,Biotechnology: Biological Products (No Diagnostic Substances)
CGEN,Compugen Ltd. Ordinary Shares,$1.48,0.03,2.069%,138399213.00,Israel,2000,282862,Health Care,Biotechnology: Biological Products (No Diagnostic Substances)
CGNT,Cognyte Software Ltd. Ordinary Shares,$9.03,-0.23,-2.484%,649764405.00,Israel,,283756,Technology,Computer Software: Prepackaged Software
CGNX,Cognex Corporation Common Stock,$40.47,-0.30,-0.736%,6793487566.00,United States,1989,3512916,Industrials,Industrial Machinery/Components
CGO,Calamos Global Total Return Fund Common Stock,$11.48,-0.08,-0.692%,0.00,United States,2005,15885,Finance,Investment Managers
CGON,CG Oncology Inc. Common stock,$26.31,-0.38,-1.424%,2005487853.00,United States,2024,815524,,
CGTL,Creative Global Technology Holdings Limited Class A Ordinary Shares,$0.9352,0.0047,0.505%,20048350.00,China,2024,509861,Technology,Retail: Computer Software & Peripheral Equipment
CGTX,Cognition Therapeutics Inc. Common Stock,$0.6674,0.0816,13.93%,41374159.00,United States,2021,4071702,Health Care,Biotechnology: Biological Products (No Diagnostic Substances)
CHA,Chagee Holdings Limited American Depositary Shares,$21.24,-0.87,-3.935%,2512177673.00,China,2025,986473,Consumer Discretionary,Restaurants
CHAC,Crane Harbor Acquisition Corp. Class A Ordinary Shares,$10.10,0.03,0.298%,0.00,United States,2025,16131,,
CHACR,Crane Harbor Acquistion Corp. Rights,$0.2104,0.0004,0.19%,0.00,United States,2025,22000,Finance,Blank Checks
CHAR,Charlton Aria Acquisition Corporation Class A Ordinary Shares,$10.31,0.00,0.00%,0.00,United States,2024,236,,
CHARR,Charlton Aria Acquisition Corporation Rights,$0.1625,0.0125,8.333%,0.00,United States,2024,200,,
CHCI,Comstock Holding Companies Inc. Class A Common Stock,$12.45,0.03,0.242%,125349015.00,United States,2004,10895,Finance,Real Estate
CHCO,City Holding Company Common Stock,$120.76,-1.34,-1.097%,1748908028.00,United States,,124320,Finance,Major Banks
CHCT,Community Healthcare Trust Incorporated Common Stock,$15.34,-0.03,-0.195%,435145853.00,United States,2015,277302,Real Estate,Real Estate Investment Trusts
CHD,Church & Dwight Company Inc. Common Stock,$94.01,0.24,0.256%,23152532263.00,United States,,4729657,Consumer Discretionary,Package Goods/Cosmetics
CHDN,Churchill Downs Incorporated Common Stock,$106.39,-0.65,-0.607%,7460525873.00,United States,,556559,Consumer Discretionary,Services-Misc. Amusement & Recreation
CHE,Chemed Corp,$417.85,5.55,1.346%,6112929889.00,United States,,278714,Health Care,Medical/Nursing Services
CHEB,Chenghe Acquisition II Co. Class A Ordinary Shares,$10.12,-0.58,-5.421%,0.00,,2024,4995,,
CHEF,The Chefs' Warehouse Inc. Common Stock,$67.42,-1.14,-1.663%,2748218402.00,United States,2011,612985,Consumer Discretionary,Food Distributors
CHEK,Check-Cap Ltd. Ordinary Share,$0.6772,-0.0627,-8.474%,3962141.00,Israel,2015,49114,Health Care,Medical Electronics
CHGG,Chegg Inc. Common Stock,$1.26,-0.05,-3.817%,134278770.00,United States,2013,2010437,Real Estate,Other Consumer Services
CHH,Choice Hotels International Inc. Common Stock,$125.92,-1.79,-1.402%,6220392469.00,United States,,393383,Consumer Discretionary,Hotels/Resorts
CHI,Calamos Convertible Opportunities and Income Fund Common Stock,$10.23,-0.06,-0.583%,0.00,United States,2002,250455,Finance,Investment Managers
CHKP,Check Point Software Technologies Ltd. Ordinary Shares,$188.58,2.38,1.278%,20436136067.00,Israel,1996,1821635,Technology,Computer Software: Prepackaged Software
CHMG,Chemung Financial Corp Common Stock,$49.14,-1.46,-2.885%,235396571.00,United States,,11045,Finance,Major Banks
CHMI,Cherry Hill Mortgage Investment Corporation Common Stock,$2.71,-0.07,-2.518%,88504397.00,,2013,220615,Real Estate,Real Estate Investment Trusts
CHMI^A,Cherry Hill Mortgage Investment Corporation 8.20% Series A Cumulative Redeemable Preferred Stock,$20.51,-0.0227,-0.111%,,,,4533,,
CHMI^B,Cherry Hill Mortgage Investment Corporation 8.250% Series B Fixed-to-Floating Rate Cumulative Redeemable Preferred Stock,$23.963,-0.337,-1.387%,,,,1927,,
CHN,China Fund Inc. (The) Common Stock,$15.45,-0.21,-1.341%,0.00,United States,,27648,Finance,Investment Managers
CHNR,China Natural Resources Inc. Common Stock,$3.40,-0.22,-6.077%,4192951.00,Hong Kong,,35537,Basic Materials,Precious Metals
CHPG,ChampionsGate Acquisition Corporation Class A Ordinary Share,$10.0199,0.00,0.00%,0.00,United States,2025,3899,,
CHPGR,ChampionsGate Acquisition Corporation Rights,$0.15,0.01,7.143%,0.00,United States,2025,687,,
CHPGU,ChampionsGate Acquisition Corporation Unit,$10.13,0.00,0.00%,0.00,United States,2025,125,,
CHPT,ChargePoint Holdings Inc. Common Stock,$9.48,0.29,3.156%,221414368.00,United States,2019,662184,Consumer Discretionary,Industrial Specialties
CHR,Cheer Holding Inc. Class A Ordinary Share,$1.84,-0.10,-5.155%,22329445.00,China,2018,16602,Technology,EDP Services
CHRD,Chord Energy Corporation Common Stock,$105.86,-4.47,-4.051%,6113918258.00,United States,,656230,Energy,Oil & Gas Production
CHRS,Coherus Oncology Inc. Common Stock,$0.8778,-0.0624,-6.637%,101766230.00,United States,2014,1960870,Health Care,Biotechnology: Biological Products (No Diagnostic Substances)
CHRW,C.H. Robinson Worldwide Inc. Common Stock,$113.86,-1.46,-1.266%,13518668621.00,United States,1997,2339374,Consumer Discretionary,Oil Refining/Marketing
CHSCL,CHS Inc Class B Cumulative Redeemable Preferred Stock Series 4,$25.87,0.01,0.039%,317476718.00,United States,,7654,Industrials,Farming/Seeds/Milling
CHSCM,CHS Inc Class B Reset Rate Cumulative Redeemable Preferred Stock Series 3,$24.53,-0.02,-0.081%,301032234.00,United States,,17875,Industrials,Farming/Seeds/Milling
CHSCN,CHS Inc Preferred Class B Series 2 Reset Rate,$25.49,-0.09,-0.352%,312813356.00,United States,,30275,Industrials,Farming/Seeds/Milling
CHSCO,CHS Inc. Class B Cumulative Redeemable Preferred Stock,$26.70,-0.01,-0.037%,327662480.00,United States,,16427,Industrials,Farming/Seeds/Milling
CHSCP,CHS Inc. 8%  Cumulative Redeemable Preferred Stock,$28.32,-0.07,-0.247%,347543125.00,United States,,2273,Industrials,Farming/Seeds/Milling
CHSN,Chanson International Holding Class A Ordinary Shares,$0.0694,-0.0056,-7.467%,1894600.00,China,2023,11887816,Consumer Staples,Packaged Foods
CHT,Chunghwa Telecom Co. Ltd.,$43.76,0.36,0.829%,33946586103.00,Taiwan,,118077,Telecommunications,Telecommunications Equipment
CHTR,Charter Communications Inc. Class A Common Stock New,$264.69,-4.67,-1.734%,36154267820.00,United States,,2563456,Telecommunications,Cable & Other Pay Television Services
CHW,Calamos Global Dynamic Income Fund Common Stock,$7.09,-0.09,-1.253%,0.00,United States,2007,143857,Finance,Investment Managers
CHWY,Chewy Inc. Class A Common Stock,$35.91,-0.79,-2.153%,14910191244.00,United States,2019,3932579,Consumer Discretionary,Catalog/Specialty Distribution
CHY,Calamos Convertible and High Income Fund Common Stock,$10.82,-0.14,-1.277%,0.00,United States,2003,196607,Finance,Investment Managers
CHYM,Chime Financial Inc. Class A Common Stock,$32.63,-1.78,-5.173%,11891074785.00,United States,2025,1789180,Finance,Finance: Consumer Services
CI,The Cigna Group Common Stock,$262.23,-5.15,-1.926%,70052803211.00,United States,,3428232,Health Care,Medical Specialities
CIA,Citizens Inc. Class A Common Stock ($1.00 Par),$3.91,0.09,2.356%,196086367.00,United States,1994,120187,Finance,Life Insurance
CIB,Grupo Cibest S.A. American Depositary Shares each representing four Preferred Shares,$44.12,0.70,1.612%,5622041562.00,,2025,329076,Finance,Commercial Banks
CICB,CION Investment Corporation 7.50% Notes due 2029,$25.02,0.17,0.684%,0.00,United States,2024,4098,Finance,Finance/Investors Services
CIEN,Ciena Corporation Common Stock,$88.63,-4.21,-4.535%,12529376531.00,United States,1997,2151918,Utilities,Telecommunications Equipment
CIF,MFS Intermediate High Income Fund Common Stock,$1.76,0.00,0.00%,0.00,United States,,34507,Finance,Trusts Except Educational Religious and Charitable
CIFR,Cipher Mining Inc. Common Stock,$4.93,-0.53,-9.707%,1830081998.00,United States,2020,18941756,Finance,Finance: Consumer Services
CIFRW,Cipher Mining Inc. Warrant,$0.94,-0.15,-13.761%,348940584.00,United States,2020,437087,Finance,Finance: Consumer Services
CIG,Comp En De Mn Cemig ADS American Depositary Shares,$1.82,0.01,0.552%,5208443049.00,Brazil,,1559980,Utilities,Electric Utilities: Central
CIGI,Colliers International Group Inc. Subordinate Voting Shares,$150.83,0.12,0.08%,7590116431.00,Canada,,173444,Finance,Real Estate
CIGL,Concorde International Group Ltd Class A Ordinary Shares,$1.98,-0.17,-7.907%,44206244.00,Singapore,2025,68779,Consumer Discretionary,Diversified Commercial Services
CII,BlackRock Enhanced Large Cap Core Fund Inc. Common Stock,$21.40,-0.27,-1.246%,3183516879.00,United States,2004,105014,Finance,Investment Bankers/Brokers/Service
CIIT,Tianci International Inc. Common Stock,$1.05,-0.01,-0.943%,17358393.00,Hong Kong,,61778,Energy,Oil & Gas Production
CIK,Credit Suisse Asset Management Income Fund Inc. Common Stock,$2.97,-0.01,-0.336%,0.00,United States,,272462,Finance,Finance/Investors Services
CIM,Chimera Investment Corporation Common Stock,$13.44,0.07,0.524%,1088246074.00,United States,2007,602712,Real Estate,Real Estate Investment Trusts
CIM^A,Chimera Investment Corporation 8.00% Series A Cumulative Redeemable Preferred Stock,$22.18,-0.02,-0.09%,,United States,,10379,,
CIM^B,Chimera Investment Corporation 8.00% Series B Fixed-to-Floating Rate Cumulative Redeemable Preferred Stock,$24.86,-0.14,-0.56%,,United States,,28798,,
CIM^C,Chimera Investment Corporation 7.75% Series C Fixed-to-Floating Rate  Cumulative Redeemable  Preferred Stock,$22.82,-0.08,-0.349%,,United States,,5213,,
CIM^D,Chimera Investment Corporation 8.00% Series D Fixed-to-Floating Rate Cumulative Redeemable Preferred Stock,$24.59,-0.09,-0.365%,,United States,,28050,,
CIMN,Chimera Investment Corporation 9.000% Senior Notes due 2029,$24.98,-0.43,-1.692%,2011656786.00,United States,2024,10070,Real Estate,Real Estate Investment Trusts
CIMO,Chimera Investment Corporation 9.250% Senior Notes due 2029,$25.2503,-0.2797,-1.096%,0.00,United States,2024,35164,Real Estate,Real Estate Investment Trusts
CINF,Cincinnati Financial Corporation Common Stock,$146.19,-1.32,-0.895%,22860669132.00,United States,,694651,Finance,Property-Casualty Insurers
CING,Cingulate Inc. Common Stock,$5.10,-0.08,-1.544%,21653136.00,United States,2021,64133,Health Care,Biotechnology: Pharmaceutical Preparations
CINGW,Cingulate Inc. Warrants,$0.10,-0.015,-13.043%,424571.00,United States,2021,26541,Health Care,Biotechnology: Pharmaceutical Preparations
CINT,CI&T Inc Class A Common Shares,$5.32,-0.12,-2.206%,716509602.00,,2021,114644,Technology,EDP Services
CIO,City Office REIT Inc. Common Stock,$6.93,-0.01,-0.144%,279682603.00,Canada,2014,671083,Real Estate,Real Estate Investment Trusts
CIO^A,City Office REIT Inc. 6.625% Series A Cumulative Redeemable Preferred Stock,$24.81,-0.02,-0.081%,,Canada,,74382,,
CION,CION Investment Corporation Common Stock,$9.62,-0.04,-0.414%,506853404.00,United States,2021,256273,Finance,Finance/Investors Services
CISO,CISO Global Inc. Common Stock,$0.9957,-0.0243,-2.382%,31905182.00,United States,,749276,Consumer Discretionary,Professional Services
CISS,C3is Inc. Common Stock,$3.17,-0.03,-0.938%,2475035.00,Greece,,23096,Consumer Discretionary,Marine Transportation
CIVB,Civista Bancshares Inc. Common Stock,$19.35,-0.12,-0.616%,300294043.00,United States,,167213,Finance,Major Banks
CIVI,Civitas Resources Inc. Common Stock,$28.73,-1.63,-5.369%,2659820355.00,United States,2017,1776681,Energy,Oil & Gas Production
CIX,CompX International Inc. Common Stock,$22.26,-1.04,-4.464%,274211079.00,United States,1998,1967,Consumer Discretionary,Industrial Machinery/Components
CJET,Chijet Motor Company Inc. Ordinary Shares,$2.60,-0.02,-0.763%,84467565.00,Cayman Islands,,7137,Consumer Discretionary,Auto Manufacturing
CJMB,Callan JMB Inc. Common Stock,$4.80,0.04,0.84%,21329131.00,United States,2025,4829,Consumer Discretionary,Business Services
CKX,CKX Lands Inc. Common Stock,$11.95,-0.055,-0.458%,24534892.00,United States,2003,173,Energy,Oil & Gas Production
CL,Colgate-Palmolive Company Common Stock,$83.51,-0.34,-0.405%,67678184054.00,United States,,9606687,Consumer Discretionary,Package Goods/Cosmetics
CLAR,Clarus Corporation Common Stock,$3.16,-0.44,-12.222%,121349764.00,United States,,556365,Consumer Discretionary,Recreational Games/Products/Toys
CLB,Core Laboratories Inc. Common Stock,$10.53,-0.41,-3.748%,493792156.00,Netherlands,2023,581606,Energy,Oilfield Services/Equipment
CLBK,Columbia Financial Inc. Common Stock,$14.00,-0.39,-2.71%,1468985854.00,United States,2018,255276,Finance,Savings Institutions
CLBT,Cellebrite DI Ltd. Ordinary Shares,$13.70,-0.28,-2.003%,3280739849.00,Israel,,950283,Technology,Computer Software: Prepackaged Software
CLCO,Cool Company Ltd. Common Shares,$7.32,-0.10,-1.348%,393279576.00,,2023,76007,Consumer Discretionary,Marine Transportation
CLDI,Calidi Biotherapeutics Inc. Common Stock,$0.5903,-0.0055,-0.923%,18767160.00,,2021,1824977,Health Care,Biotechnology: Biological Products (No Diagnostic Substances)
CLDT,Chatham Lodging Trust (REIT) Common Shares of Beneficial Interest,$6.65,-0.17,-2.493%,325745256.00,United States,2010,241997,Real Estate,Real Estate Investment Trusts
CLDT^A,Chatham Lodging Trust (REIT) 6.625% Series A Cumulative Redeemable Preferred Shares of Beneficial Interest,$20.25,0.00,0.00%,,United States,,206,,
CLDX,Celldex Therapeutics Inc.,$22.19,0.21,0.955%,1473288208.00,United States,,768053,Health Care,Biotechnology: In Vitro & In Vivo Diagnostic Substances
CLF,Cleveland-Cliffs Inc. Common Stock,$10.06,-0.46,-4.373%,4976634477.00,United States,,20085957,Basic Materials,Metal Mining
CLFD,Clearfield Inc. Common Stock,$40.81,-3.00,-6.848%,564441070.00,United States,,288259,Utilities,Telecommunications Equipment
CLGN,CollPlant Biotechnologies Ltd Ordinary Shares,$2.2905,-0.1295,-5.351%,26236560.00,Israel,,20491,Health Care,Industrial Specialties
CLH,Clean Harbors Inc. Common Stock,$234.17,-1.64,-0.695%,12559147581.00,United States,,513945,Industrials,Environmental Services
CLIK,Click Holdings Limited Class A Ordinary Share,$0.3418,-0.0229,-6.279%,5092820.00,Hong Kong,2024,1143100,Consumer Discretionary,Diversified Commercial Services
CLIR,ClearSign Technologies Corporation Common Stock (DE),$0.545,-0.032,-5.546%,28570280.00,United States,2012,45097,Industrials,Industrial Machinery/Components
CLLS,Cellectis S.A. American Depositary Shares,$2.95,0.44,17.53%,212676925.00,France,2015,432032,Health Care,Biotechnology: Pharmaceutical Preparations
CLM,Cornerstone Strategic Investment Fund Inc. Common Shares,$8.03,-0.06,-0.742%,0.00,United States,2003,1794605,Finance,Finance/Investors Services
CLMB,Climb Global Solutions Inc. Common Stock,$111.25,-6.75,-5.72%,512012773.00,United States,,166591,Technology,Retail: Computer Software & Peripheral Equipment
CLMT,Calumet Inc. Common Stock,$15.51,-0.43,-2.698%,1343499000.00,United States,2006,640136,Energy,Integrated oil Companies
CLNE,Clean Energy Fuels Corp. Common Stock,$1.97,-0.06,-2.956%,435334373.00,United States,2007,1432223,Utilities,Natural Gas Distribution
CLNN,Clene Inc. Common Stock,$3.49,-0.05,-1.412%,31349787.00,United States,,362287,Health Care,Biotechnology: Pharmaceutical Preparations
CLNNW,Clene Inc. Warrant,$0.039,-0.0009,-2.256%,350327.00,United States,,1659,Health Care,Biotechnology: Pharmaceutical Preparations
CLOV,Clover Health Investments Corp. Class A Common Stock,$2.78,-0.11,-3.806%,1414788095.00,United States,,7383485,Health Care,Medical Specialities
CLPR,Clipper Realty Inc. Common Stock,$3.44,-0.04,-1.149%,55544118.00,United States,2017,96179,Real Estate,Real Estate Investment Trusts
CLPS,CLPS Incorporation Common Stock,$0.9319,0.0284,3.143%,25944719.00,China,2018,1581,Technology,Computer Software: Prepackaged Software
CLPT,ClearPoint Neuro Inc. Common Stock,$10.00,-0.40,-3.846%,279891940.00,United States,,270115,Health Care,Medical/Dental Instruments
CLRB,Cellectar Biosciences Inc.  Common Stock,$4.72,-0.12,-2.479%,8552829.00,United States,,84512,Health Care,Biotechnology: Pharmaceutical Preparations
CLRO,ClearOne Inc. (DE) Common Stock,$4.56,-0.46,-9.163%,7901869.00,United States,,17944,Utilities,Telecommunications Equipment
CLS,Celestica Inc. Common Stock,$194.74,-5.12,-2.562%,22393538185.00,Canada,1998,4540500,Technology,Electrical Products
CLSD,Clearside Biomedical Inc. Common Stock,$0.3841,-0.0325,-7.801%,29847849.00,United States,2016,824430,Health Care,Biotechnology: Pharmaceutical Preparations
CLSK,CleanSpark Inc. Common Stock,$10.44,-0.93,-8.179%,2933053857.00,United States,,17846439,Finance,Finance: Consumer Services
CLSKW,CleanSpark Inc. Warrant,$0.3572,-0.003,-0.833%,100353145.00,United States,,275823,Finance,Finance: Consumer Services
CLST,Catalyst Bancorp Inc. Common Stock,$12.40,-0.09,-0.721%,51839415.00,United States,2021,135,Finance,Savings Institutions
CLVT,Clarivate Plc Ordinary Shares,$3.62,-0.23,-5.974%,2433433012.00,United Kingdom,2019,6281673,Technology,EDP Services
CLW,Clearwater Paper Corporation Common Stock,$22.25,-0.31,-1.374%,358317204.00,United States,,361206,Basic Materials,Paper
CLWT,Euro Tech Holdings Company Limited Common Stock,$1.215,0.0224,1.878%,9254465.00,Hong Kong,1997,3258,Consumer Discretionary,Professional and commerical equipment
CLX,Clorox Company (The) Common Stock,$123.10,-2.46,-1.959%,15172420542.00,United States,,3928421,Consumer Discretionary,Specialty Chemicals
CLYM,Climb Bio Inc. Common Stock,$1.45,0.05,3.571%,97984862.00,United States,2021,145775,Health Care,Biotechnology: Pharmaceutical Preparations
CM,Canadian Imperial Bank of Commerce Common Stock,$71.78,0.34,0.476%,67056199402.00,Canada,,989853,Finance,Commercial Banks
CMA,Comerica Incorporated Common Stock,$66.61,-0.96,-1.421%,8561081557.00,United States,,1930519,Finance,Major Banks
CMBM,Cambium Networks Corporation Ordinary Shares,$0.7845,-0.0854,-9.817%,22157267.00,Cayman Islands,2019,104901,Technology,Radio And Television Broadcasting And Communications Equipment
CMBT,CMB.TECH NV Ordinary Shares,$8.98,0.17,1.93%,1975821923.00,,2015,59614,Consumer Discretionary,Marine Transportation
CMC,Commercial Metals Company Common Stock,$50.28,-1.58,-3.047%,5627867048.00,United States,,904292,Industrials,Steel/Iron Ore
CMCL,Caledonia Mining Corporation Plc Common Shares,$19.88,0.19,0.965%,383580306.00,Canada,,120865,Basic Materials,Precious Metals
CMCM,Cheetah Mobile Inc. American Depositary Shares each representing fifty (50) Class A Ordinary Shares,$5.10,-0.20,-3.774%,3913062302.00,China,2022,26838,Technology,Computer Software: Prepackaged Software
CMCO,Columbus McKinnon Corporation Common Stock,$14.11,-0.54,-3.686%,405314392.00,United States,1996,434520,Industrials,Construction/Ag Equipment/Trucks
CMCSA,Comcast Corporation Class A Common Stock,$32.52,-0.71,-2.137%,121420051706.00,United States,,22393108,Telecommunications,Cable & Other Pay Television Services
CMCT,Creative Media & Community Trust Corporation Common stock,$5.85,-0.15,-2.50%,4414451.00,United States,,11611,Real Estate,Real Estate Investment Trusts
CMDB,Costamare Bulkers Holdings Limited Common Stock,$9.20,0.20,2.222%,222674454.00,,2025,81388,,
CME,CME Group Inc. Class A Common Stock,$280.76,2.48,0.891%,101179458312.00,United States,2002,3011072,Finance,Investment Bankers/Brokers/Service
CMG,Chipotle Mexican Grill Inc. Common Stock,$42.52,-0.36,-0.84%,57014430200.00,United States,2006,19089347,Consumer Discretionary,Restaurants
CMI,Cummins Inc. Common Stock,$355.84,-11.78,-3.204%,49018702548.00,United States,,882013,Industrials,Industrial Machinery/Components
CMMB,Chemomab Therapeutics Ltd. American Depositary Share,$1.025,-0.045,-4.206%,19328026.00,Israel,2019,106220,Health Care,Biotechnology: Pharmaceutical Preparations
CMND,Clearmind Medicine Inc. Common Shares,$0.9701,-0.0299,-2.99%,4252176.00,Canada,,40246,Health Care,Biotechnology: Pharmaceutical Preparations
CMP,Compass Minerals Intl Inc Common Stock,$19.78,-0.15,-0.753%,823253925.00,United States,2003,336541,Industrials,Mining & Quarrying of Nonmetallic Minerals (No Fuels)
CMPO,CompoSecure Inc. Class A Common Stock,$13.87,-0.34,-2.393%,1419148607.00,United States,2020,939230,Finance,Finance: Consumer Services
CMPOW,CompoSecure Inc. Warrant,$6.01,-0.35,-5.503%,614930291.00,United States,2020,6246,Finance,Finance: Consumer Services
CMPR,Cimpress plc Ordinary Shares (Ireland),$53.19,-2.12,-3.833%,1323301883.00,Netherlands,2005,381730,Consumer Discretionary,Publishing
CMPS,COMPASS Pathways Plc American Depository Shares,$4.34,-0.01,-0.23%,406058008.00,United Kingdom,2020,2524182,Health Care,Biotechnology: Pharmaceutical Preparations
CMPX,Compass Therapeutics Inc. Common Stock,$2.95,-0.02,-0.673%,407933369.00,United States,,815259,Health Care,Biotechnology: Biological Products (No Diagnostic Substances)
CMRC,Commerce.com Inc. Series 1 Common Stock,$4.49,4.49,,359641574.00,United States,2020,927474,,
CMRE,Costamare Inc. Common Stock $0.0001 par value,$10.28,0.19,1.883%,1233204107.00,Greece,2010,798226,Consumer Discretionary,Marine Transportation
CMRE^B,Costamare Inc. Perpetual Preferred Stock Series B (Marshall Islands),$25.71,0.11,0.43%,,Greece,,1530,,
CMRE^C,Costamare Inc. Perpetual Preferred Series C (Marshall Islands),$25.9792,0.0542,0.209%,,Greece,,2460,,
CMRE^D,Costamare Inc. 8.75% Series D Cumulative Redeemable Perpetual Preferred Stock,$26.70,0.00,0.00%,,Greece,,7172,,
CMS,CMS Energy Corporation Common Stock,$74.08,0.28,0.379%,22159087030.00,United States,,2926292,Utilities,Power Generation
CMS^B,CMS Energy Corporation Preferred Stock,$77.24,0.48,0.625%,,United States,,229,,
CMS^C,CMS Energy Corporation Depositary Shares each representing a 1/1000th interest in a share of 4.200% Cumulative Redeemable Perpetual Preferred Stock Series C,$17.62,-0.01,-0.057%,,United States,,11596,,
CMSA,CMS Energy Corporation 5.625% Junior Subordinated Notes due 2078,$22.0208,0.1608,0.736%,6586944164.00,United States,2018,10886,Utilities,Power Generation
CMSC,CMS Energy Corporation 5.875% Junior Subordinated Notes due 2078,$22.87,0.02,0.088%,6840960048.00,United States,2018,18437,Utilities,Power Generation
CMSD,CMS Energy Corporation 5.875% Junior Subordinated Notes due 2079,$23.35,0.08,0.344%,6984539446.00,United States,2019,64151,Utilities,Power Generation
CMT,Core Molding Technologies Inc Common Stock,$16.50,-0.14,-0.841%,148368578.00,United States,1996,24821,Industrials,Plastic Products
CMTG,Claros Mortgage Trust Inc. Common Stock,$2.79,-0.06,-2.105%,388821813.00,United States,2021,590314,Finance,Real Estate
CMTL,Comtech Telecommunications Corp. Common Stock,$2.05,-0.12,-5.53%,60260289.00,United States,,94903,Technology,Radio And Television Broadcasting And Communications Equipment
CMU,MFS Municipal Income Trust Common Stock,$3.30,0.0295,0.902%,93473536.00,United States,1987,67723,Finance,Investment Managers
CNA,CNA Financial Corporation Common Stock,$43.89,-0.44,-0.993%,11877593655.00,United States,,644058,Finance,Property-Casualty Insurers
CNC,Centene Corporation Common Stock,$25.91,-0.16,-0.614%,12725256030.00,United States,,17530828,Health Care,Medical Specialities
CNCK,Coincheck Group N.V. Ordinary Shares,$4.72,-0.33,-6.535%,617444563.00,Netherlands,,82722,Finance,Finance: Consumer Services
CNCKW,Coincheck Group N.V. Warrants,$0.7601,-0.0133,-1.72%,99432121.00,Netherlands,,596,Finance,Finance: Consumer Services
CNDT,Conduent Incorporated Common Stock ,$2.46,-0.20,-7.519%,398102139.00,United States,,1721588,Consumer Discretionary,Business Services
CNET,ZW Data Action Technologies Inc. Common Stock,$1.23,-0.2153,-14.897%,2830482.00,China,,92139,Technology,Computer Software: Programming Data Processing
CNEY,CN Energy Group Inc. Class A Ordinary Shares,$2.11,-0.12,-5.381%,6351100.00,China,2021,27815,Industrials,Major Chemicals
CNF,CNFinance Holdings Limited American Depositary Shares each representing  twenty (20) Ordinary Shares,$0.6999,-0.0249,-3.435%,48000655.00,,2018,83823,Finance,Finance: Consumer Services
CNFR,Conifer Holdings Inc. Common Stock,$0.82,-0.0528,-6.049%,10022762.00,United States,2015,4156,Finance,Property-Casualty Insurers
CNFRZ,Conifer Holdings Inc. 9.75% Senior Unsecured Notes due 2028,$17.497,-1.083,-5.829%,213863749.00,United States,,1382,Finance,Property-Casualty Insurers
CNH,CNH Industrial N.V. Common Shares,$12.47,-0.49,-3.781%,15580412464.00,United Kingdom,2013,20346249,Industrials,Construction/Ag Equipment/Trucks
CNI,Canadian National Railway Company Common Stock,$92.86,-0.59,-0.631%,57963212000.00,Canada,,2049316,Industrials,Railroads
CNK,Cinemark Holdings Inc Cinemark Holdings Inc. Common Stock,$25.87,-1.00,-3.722%,2975350351.00,United States,2007,7274735,Consumer Discretionary,Movies/Entertainment
CNL,Collective Mining Ltd. Common Shares,$9.23,0.20,2.215%,783141124.00,,2024,31695,,
CNM,Core & Main Inc. Class A Common Stock,$62.68,-0.96,-1.508%,12355933272.00,United States,2021,1723379,Consumer Discretionary,Durable Goods
CNMD,CONMED Corporation Common Stock,$52.29,1.14,2.229%,1617845541.00,United States,1987,626071,Health Care,Biotechnology: Electromedical & Electrotherapeutic Apparatus
CNNE,Cannae Holdings Inc. Common Stock,$20.71,-0.67,-3.134%,1300960801.00,United States,2017,531795,Consumer Discretionary,Restaurants
CNO,CNO Financial Group Inc. Common Stock,$35.49,-1.35,-3.664%,3518528286.00,United States,,811412,Finance,Accident &Health Insurance
CNO^A,CNO Financial Group Inc. 5.125% Subordinated Debentures due 2060,$19.65,-0.01,-0.051%,,United States,,4869,,
CNOB,ConnectOne Bancorp Inc. Common Stock,$22.24,-0.79,-3.43%,855572244.00,United States,,493015,Finance,Major Banks
CNOBP,ConnectOne Bancorp Inc. Depositary Shares each representing a 1/40th interest in a share of 5.25% Fixed-Rate Reset Non-Cumulative Perpetual Preferred Stock Series A,$23.7001,-0.1399,-0.587%,911742254.00,United States,,17115,Finance,Major Banks
CNP,CenterPoint Energy Inc (Holding Co) Common Stock,$38.81,-0.01,-0.026%,25337685915.00,United States,,5174845,Utilities,Electric Utilities: Central
CNQ,Canadian Natural Resources Limited Common Stock,$30.97,-0.73,-2.303%,64828757720.00,Canada,,4324003,Energy,Oil & Gas Production
CNR,Core Natural Resources Inc. Common Stock,$72.83,-0.98,-1.328%,3835233335.00,United States,2017,854996,Energy,Coal Mining
CNS,Cohen & Steers Inc Common Stock,$72.21,-1.35,-1.835%,3681204927.00,United States,2004,214898,Finance,Investment Managers
CNSP,CNS Pharmaceuticals Inc. Common Stock,$7.70,-0.28,-3.509%,3504755.00,United States,2019,15926,Health Care,Biotechnology: Pharmaceutical Preparations
CNTA,Centessa Pharmaceuticals plc American Depositary Shares,$16.81,-0.36,-2.097%,2246131591.00,United Kingdom,2021,851202,Health Care,Biotechnology: Pharmaceutical Preparations
CNTB,Connect Biopharma Holdings Limited American Depositary Shares,$2.00,-0.02,-0.99%,111122112.00,China,2021,240596,Health Care,Biotechnology: Pharmaceutical Preparations
CNTX,Context Therapeutics Inc. Common Stock,$0.71,-0.02,-2.74%,63689978.00,United States,2021,119312,Health Care,Biotechnology: Pharmaceutical Preparations
CNTY,Century Casinos Inc. Common Stock,$2.20,-0.16,-6.78%,67501727.00,United States,,39831,Consumer Discretionary,Hotels/Resorts
CNVS,Cineverse Corp. Class A Common Stock,$5.16,0.12,2.381%,88277600.00,United States,,191701,Consumer Discretionary,Consumer Electronics/Video Chains
CNX,CNX Resources Corporation Common Stock,$28.91,-1.40,-4.619%,4088410570.00,United States,1999,3141811,Energy,Oil & Gas Production
CNXC,Concentrix Corporation Common Stock,$46.22,-5.75,-11.064%,2913021046.00,United States,,1002733,Technology,Computer Software: Prepackaged Software
CNXN,PC Connection Inc. Common Stock,$60.96,-0.63,-1.023%,1547713623.00,United States,,119977,Consumer Discretionary,Catalog/Specialty Distribution
COCH,Envoy Medical Inc. Class A Common Stock,$1.445,-0.0151,-1.034%,30816964.00,United States,2021,4272,Health Care,Industrial Specialties
COCHW,Envoy Medical Inc Warrant,$0.0456,-0.0049,-9.703%,972494.00,United States,2021,341,Health Care,Industrial Specialties
COCO,The Vita Coco Company Inc. Common Stock,$34.76,-0.50,-1.418%,1975166820.00,United States,2021,913714,Consumer Staples,Beverages (Production/Distribution)
COCP,Cocrystal Pharma Inc. Common Stock,$1.85,0.12,6.936%,18821512.00,United States,,2030122,Health Care,Biotechnology: Pharmaceutical Preparations
CODA,Coda Octopus Group Inc. Common stock,$7.18,-0.27,-3.624%,80649451.00,United States,,45032,Industrials,Industrial Machinery/Components
CODI,D/B/A Compass Diversified Holdings Shares of Beneficial Interest,$6.38,-0.01,-0.156%,480005463.00,United States,2006,1140666,Consumer Discretionary,Home Furnishings
CODI^A,Compass Diversified Holdings 7.250% Series A Preferred Shares representing beneficial interest in Compass Diversified Holdings,$16.70,0.00,0.00%,,United States,,8521,,
CODI^B,Compass Diversified Holdings 7.875% Series B Fixed-to-Floating Rate Cumulative Preferred Shares representing beneficial interests in Compass Diversified Holdings,$18.4989,0.3489,1.922%,,United States,,3945,,
CODI^C,Compass Diversified Holdings 7.875% Series C Cumulative Preferred Shares,$18.71,0.22,1.19%,,United States,,5925,,
CODX,Co-Diagnostics Inc. Common Stock,$0.2482,-0.0104,-4.022%,8367450.00,United States,2017,1048108,Health Care,Medical/Dental Instruments
COE,51Talk Online Education Group American depositary shares each representing 60 Class A ordinary shares,$30.50,1.39,4.775%,178713988.00,China,2016,41710,Real Estate,Other Consumer Services
COEP,Coeptis Therapeutics Holdings Inc. Common Stock,$10.72,0.12,1.132%,37668343.00,United States,2020,23115,Health Care,Biotechnology: Biological Products (No Diagnostic Substances)
COEPW,Coeptis Therapeutics Holdings Inc. Warrants,$0.0286,-0.0008,-2.721%,100496.00,United States,2020,32239,Health Care,Biotechnology: Biological Products (No Diagnostic Substances)
COF,Capital One Financial Corporation Common Stock,$207.47,-7.53,-3.502%,79489548743.00,United States,1994,4793753,Finance,Major Banks
COF^I,Capital One Financial Corporation Depositary shares each representing a 1/40th interest in a share of Fixed Rate Non-Cumulative Perpetual Preferred Stock Series I of the Issuer,$19.73,0.06,0.305%,,United States,,70173,,
COF^J,Capital One Financial Corporation Depositary Shares Each Representing a 1/40th Interest in a Share of Fixed Rate Non- Cumulative Perpetual Preferred Stock Series J,$18.76,0.03,0.16%,,United States,,48646,,
COF^K,Capital One Financial Corporation Depositary Shares Each Representing a 1/40th Ownership Interest in a Share of Fixed Rate Non-Cumulative Perpetual Preferred Stock Series K,$18.1372,0.0472,0.261%,,United States,,2877,,
COF^L,Capital One Financial Corporation Depositary Shares Each Representing a 1/40th Interest in a Share of Fixed Rate Non-Cumulative Perpetual Preferred Stock Series L,$17.33,-0.04,-0.23%,,United States,,32112,,
COF^N,Capital One Financial Corporation Depositary Shares Each Representing a 1/40th Ownership Interest in a Share of Fixed Rate Non-Cumulative Perpetual Preferred Stock Series N,$17.165,0.065,0.38%,,United States,,17989,,
COFS,ChoiceOne Financial Services Inc. Common Stock,$28.71,-0.69,-2.347%,430197904.00,United States,,69208,Finance,Major Banks
COGT,Cogent Biosciences Inc. Common Stock,$11.40,-0.02,-0.175%,1297963576.00,United States,2018,1474464,Health Care,Biotechnology: Pharmaceutical Preparations
COHN,Cohen & Company Inc.,$11.43,-0.125,-1.082%,23484924.00,United States,,3395,Finance,Investment Bankers/Brokers/Service
COHR,Coherent Corp. Common Stock,$102.79,-4.81,-4.47%,15977740405.00,United States,,3434271,Technology,Electronic Components
COHU,Cohu Inc. Common Stock,$19.13,1.27,7.111%,889596460.00,United States,,1281366,Industrials,Electrical Products
COIN,Coinbase Global Inc. Class A Common Stock,$314.69,-63.07,-16.696%,80153105121.00,United States,,31285438,Finance,Finance: Consumer Services
COKE,Coca-Cola Consolidated Inc. Common Stock,$112.41,0.66,0.591%,9766844581.00,United States,1972,551491,Consumer Staples,Beverages (Production/Distribution)
COLA,Columbus Acquisition Corp Ordinary Shares,$10.18,-0.02,-0.196%,0.00,Singapore,2025,170,,
COLAR,Columbus Acquisition Corp Rights,$0.20,0.00,0.00%,0.00,Singapore,2025,303,,
COLB,Columbia Banking System Inc. Common Stock,$23.26,-0.54,-2.269%,4889270561.00,United States,1992,2005846,Finance,Savings Institutions
COLD,Americold Realty Trust Inc. Common Stock,$15.71,-0.37,-2.301%,4473038752.00,United States,2018,4915541,Real Estate,Real Estate Investment Trusts
COLL,Collegium Pharmaceutical Inc. Common Stock,$30.07,0.21,0.703%,966515713.00,United States,2015,445406,Health Care,Biotechnology: Pharmaceutical Preparations
COLM,Columbia Sportswear Company Common Stock,$49.30,-7.27,-12.851%,2698874171.00,United States,1998,2604862,Consumer Discretionary,Apparel
COMM,CommScope Holding Company Inc. Common Stock,$7.79,-0.41,-5.00%,1687290926.00,United States,2013,7326330,Technology,Radio And Television Broadcasting And Communications Equipment
COMP,Compass Inc. Class A Common Stock,$7.82,-0.12,-1.511%,4076146559.00,United States,2021,14818292,Technology,EDP Services
CON,Concentra Group Holdings Parent Inc. Common Stock,$19.48,-0.49,-2.454%,2496789625.00,United States,2024,738273,Health Care,Medical Specialities
COO,The Cooper Companies Inc. Common Stock,$70.87,0.18,0.255%,14139451158.00,United States,,1359138,Health Care,Ophthalmic Goods
COOK,Traeger Inc. Common Stock,$1.54,-0.08,-4.938%,208962994.00,United States,2021,344928,Consumer Discretionary,Consumer Electronics/Appliances
COOP,Mr. Cooper Group Inc. Common Stock,$174.26,18.54,11.906%,11151467056.00,United States,,2062295,Finance,Finance: Consumer Services
COOT,Australian Oilseeds Holdings Limited Ordinary Shares,$0.5198,0.0098,1.922%,14501660.00,Australia,,28547,Consumer Staples,Packaged Foods
COOTW,Australian Oilseeds Holdings Limited Warrant,$0.022,0.0019,9.453%,613768.00,Australia,,3938,Consumer Staples,Packaged Foods
COP,ConocoPhillips Common Stock,$92.76,-2.58,-2.706%,117101154012.00,United States,,6348688,Energy,Integrated oil Companies
COPL,Copley Acquisition Corp Ordinary Shares,$10.09,0.02,0.199%,0.00,,2025,6000,,
COR,Cencora Inc. Common Stock,$288.35,2.27,0.793%,55889002476.00,United States,,1140211,Health Care,Other Pharmaceuticals
CORT,Corcept Therapeutics Incorporated Common Stock,$69.00,1.83,2.724%,7317084024.00,United States,2004,2107375,Health Care,Biotechnology: Pharmaceutical Preparations
CORZ,Core Scientific Inc. Common Stock,$12.65,-0.89,-6.573%,3767446213.00,United States,,14607972,Finance,Finance: Consumer Services
CORZW,Core Scientific Inc. Tranche 1 Warrants,$6.63,-0.73,-9.918%,1974558766.00,United States,,486970,Finance,Finance: Consumer Services
CORZZ,Core Scientific Inc. Tranche 2 Warrants,$12.65,-0.895,-6.608%,3767446213.00,United States,,5213,Finance,Finance: Consumer Services
COSM,Cosmos Health Inc. Common Stock,$0.8635,-0.0614,-6.639%,24826853.00,United States,,304503,Health Care,Other Pharmaceuticals
COSO,CoastalSouth Bancshares Inc. Common Stock,$20.49,-0.49,-2.336%,245352813.00,,2025,30058,Finance,Major Banks
COST,Costco Wholesale Corporation Common Stock,$952.52,14.18,1.511%,422420793957.00,United States,,2932974,Consumer Discretionary,Department/Specialty Retail Stores
COTY,Coty Inc. Class A Common Stock,$4.73,-0.12,-2.474%,4125931511.00,United States,2013,6689420,Consumer Discretionary,Package Goods/Cosmetics
COUR,Coursera Inc. Common Stock,$12.17,-0.47,-3.718%,1964238000.00,United States,2021,4471211,Technology,Computer Software: Prepackaged Software
COYA,Coya Therapeutics Inc. Common Stock,$6.09,0.14,2.353%,101855238.00,United States,2022,39841,Health Care,Biotechnology: Pharmaceutical Preparations
CP,Canadian Pacific Kansas City Limited Common Shares,$72.88,-0.67,-0.911%,68006159839.00,Canada,,3538129,Industrials,Railroads
CPA,Copa Holdings S.A. Class A Common Stock,$108.99,-1.67,-1.509%,4487440474.00,Panama,2005,255151,Consumer Discretionary,Air Freight/Delivery Services
CPAC,Cementos Pacasmayo S.A.A. American Depositary Shares (Each representing five Common Shares),$6.3564,0.0564,0.895%,538855483.00,Peru,,936,Industrials,Building Materials
CPAY,Corpay Inc. Common Stock,$316.40,-6.65,-2.059%,22304127896.00,United States,,545431,Consumer Discretionary,Business Services
CPB,The Campbell's Company Common Stock,$32.33,0.41,1.284%,9638541995.00,United States,,4447278,Consumer Staples,Packaged Foods
CPBI,Central Plains Bancshares Inc. Common Stock,$15.20,0.00,0.00%,64205986.00,United States,2023,126,Finance,Savings Institutions
CPF,Central Pacific Financial Corp New,$26.15,-0.51,-1.913%,705420517.00,United States,,192193,Finance,Major Banks
CPHC,Canterbury Park Holding Corporation 'New' Common Stock,$18.41,0.00,0.00%,93119400.00,United States,,261,Consumer Discretionary,Services-Misc. Amusement & Recreation
CPHI,China Pharma Holdings Inc. Common Stock,$1.64,-0.07,-4.094%,5349683.00,China,,236838,Health Care,Biotechnology: Pharmaceutical Preparations
CPIX,Cumberland Pharmaceuticals Inc. Common Stock,$3.52,0.07,2.029%,52663202.00,United States,2009,27702,Health Care,Biotechnology: Pharmaceutical Preparations
CPK,Chesapeake Utilities Corporation Common Stock,$119.50,-0.38,-0.317%,2787619281.00,United States,,127057,Utilities,Oil & Gas Production
CPNG,Coupang Inc. Class A Common Stock,$28.74,-0.69,-2.345%,52180718310.00,United States,2021,9680205,Consumer Discretionary,Catalog/Specialty Distribution
CPOP,Pop Culture Group Co. Ltd Class A Ordinary Shares,$1.28,-0.33,-20.497%,19121972.00,China,2021,1614588,Consumer Discretionary,Services-Misc. Amusement & Recreation
CPRI,Capri Holdings Limited Ordinary Shares,$16.99,-1.20,-6.597%,2003470892.00,Hong Kong,2011,4417166,Consumer Discretionary,Apparel
CPRT,Copart Inc. (DE) Common Stock,$45.51,0.18,0.397%,44005267099.00,United States,1994,5688079,Consumer Discretionary,Retail-Auto Dealers and Gas Stations
CPRX,Catalyst Pharmaceuticals Inc. Common Stock,$21.12,-0.21,-0.985%,2576115210.00,United States,2006,999537,Health Care,Biotechnology: Pharmaceutical Preparations
CPS,Cooper-Standard Holdings Inc. Common Stock,$26.34,2.24,9.295%,462218192.00,United States,,946239,Consumer Discretionary,Auto Parts:O.E.M.
CPSH,CPS Technologies Corp. Common Stock,$2.90,0.00,0.00%,42125284.00,United States,,82234,Consumer Discretionary,Building Materials
CPSS,Consumer Portfolio Services Inc. Common Stock,$8.02,0.12,1.519%,172909556.00,United States,1992,30158,Finance,Finance: Consumer Services
CPT,Camden Property Trust Common Stock,$106.95,-2.25,-2.06%,11426320678.00,United States,1993,2037602,Real Estate,Real Estate Investment Trusts
CPZ,Calamos Long/Short Equity & Dynamic Income Trust Common Stock,$16.19,0.05,0.31%,317845221.00,United States,2019,20380,Finance,Trusts Except Educational Religious and Charitable
CQP,Cheniere Energy Partners LP Common Units,$56.84,-0.83,-1.439%,27513295311.00,United States,2007,135733,Utilities,Oil/Gas Transmission
CR,Crane Company Common Stock,$193.49,-2.28,-1.165%,11125905060.00,United States,2023,194741,Industrials,Metal Fabrications
CRAI,CRA International Inc. Common Stock,$170.16,-6.50,-3.679%,1158597660.00,United States,1998,101828,Consumer Discretionary,Other Consumer Services
CRAQ,Cal Redwood Acquisition Corp. Class A Ordinary Shares,$10.025,0.00,0.00%,0.00,United States,2025,19526,Finance,Blank Checks
CRAQR,Cal Redwood Acquisition Corp. Right,$0.2482,0.0482,24.10%,0.00,United States,2025,200,Finance,Blank Checks
CRAQU,Cal Redwood Acquisition Corp. Units,$10.25,0.00,0.00%,0.00,United States,2025,48,Finance,Blank Checks
CRBD,Corebridge Financial Inc. 6.375% Junior Subordinated Notes due 2064,$24.36,0.07,0.288%,0.00,United States,2024,18753,Finance,Life Insurance
CRBG,Corebridge Financial Inc. Common Stock,$34.48,-1.08,-3.037%,18973157164.00,United States,2022,3383932,Finance,Life Insurance
CRBP,Corbus Pharmaceuticals Holdings Inc. Common Stock,$9.31,0.04,0.431%,113924301.00,United States,,122153,Health Care,Biotechnology: Pharmaceutical Preparations
CRBU,Caribou Biosciences Inc. Common Stock,$1.95,-0.08,-3.941%,181358974.00,United States,2021,1248372,Health Care,Biotechnology: Biological Products (No Diagnostic Substances)
CRC,California Resources Corporation Common Stock,$46.82,-1.36,-2.823%,4175175092.00,United States,2020,778834,Energy,Oil & Gas Production
CRCL,Circle Internet Group Inc. Class A Common Stock,$168.10,-15.42,-8.402%,37072793332.00,,2025,12868688,Finance,Finance: Consumer Services
CRCT,Cricut Inc. Class A Common Stock,$4.64,-0.26,-5.306%,982652467.00,United States,2021,686321,Technology,Industrial Machinery/Components
CRD/A,Crawford & Company,$9.35,-0.22,-2.299%,,United States,,68141,,
CRD/B,Crawford & Company,$9.32,0.11,1.194%,,United States,,2947,,
CRDF,Cardiff Oncology Inc. Common Stock,$2.64,0.27,11.392%,175628255.00,United States,,5866251,Health Care,Biotechnology: Biological Products (No Diagnostic Substances)
CRDL,Cardiol Therapeutics Inc. Class A Common Shares,$1.38,-0.11,-7.383%,114056621.00,Canada,,795716,Health Care,Biotechnology: Biological Products (No Diagnostic Substances)
CRDO,Credo Technology Group Holding Ltd Ordinary Shares,$107.56,-3.99,-3.577%,18461795773.00,United States,2022,5721091,Technology,Semiconductors
CRE,Cre8 Enterprise Limited Class A Ordinary Shares,$5.41,0.06,1.121%,129975250.00,Hong Kong,2025,290608,Consumer Discretionary,Publishing
CREG,Smart Powerr Corp. Common Stock,$1.37,-0.28,-16.97%,3416618.00,China,,207408,Consumer Discretionary,Business Services
CRESY,Cresud S.A.C.I.F. y A. American Depositary Shares,$10.85,-0.29,-2.603%,647045522.00,Argentina,1997,84060,Finance,Real Estate
CREV,Carbon Revolution Public Limited Ordinary Shares,$3.67,-0.14,-3.675%,6918625.00,Ireland,,55354,Consumer Discretionary,Auto Parts:O.E.M.
CREVW,Carbon Revolution Public Limited Company Warrant,$0.0301,0.0001,0.333%,56744.00,Ireland,,2000,Consumer Discretionary,Auto Parts:O.E.M.
CREX,Creative Realities Inc. Common Stock,$2.60,-0.12,-4.412%,27349223.00,United States,,26698,Technology,EDP Services
CRF,Cornerstone Total Return Fund Inc. (The) Common Stock,$7.73,-0.06,-0.77%,0.00,United States,2003,1160868,Finance,Finance/Investors Services
CRGO,Freightos Limited Ordinary shares,$2.89,0.09,3.214%,144623516.00,Israel,,116900,Consumer Discretionary,Oil Refining/Marketing
CRGOW,Freightos Limited Warrants,$0.235,-0.0049,-2.043%,11760044.00,Israel,,20642,Consumer Discretionary,Oil Refining/Marketing
CRGX,CARGO Therapeutics Inc. Common Stock,$4.49,0.02,0.447%,207048955.00,United States,2023,673476,,
CRGY,Crescent Energy Company Class A Common Stock,$8.96,-0.28,-3.03%,2287008541.00,United States,2021,4381996,Energy,Oil & Gas Production
CRH,CRH PLC Ordinary Shares,$95.24,-0.21,-0.22%,64108042897.00,Ireland,,2876251,Industrials,Building Materials
CRI,Carter's Inc. Common Stock,$23.65,-0.59,-2.434%,861620962.00,United States,2003,1636538,Consumer Discretionary,Apparel
CRIS,Curis Inc. Common Stock,$1.63,-0.03,-1.807%,17053468.00,United States,,60478,Health Care,Biotechnology: Biological Products (No Diagnostic Substances)
CRK,Comstock Resources Inc. Common Stock,$16.41,-1.46,-8.17%,4806781229.00,United States,,4846721,Energy,Oil & Gas Production
CRL,Charles River Laboratories International Inc. Common Stock,$166.91,-2.73,-1.609%,8197903490.00,United States,2000,823627,Health Care,Biotechnology: Commercial Physical & Biological Resarch
CRM,Salesforce Inc. Common Stock,$250.74,-7.59,-2.938%,239707440000.00,United States,2004,7644317,Technology,Computer Software: Prepackaged Software
CRMD,CorMedix Inc. Common Stock,$11.64,-0.03,-0.257%,789479031.00,United States,,1634678,Health Care,Biotechnology: Pharmaceutical Preparations
CRML,Critical Metals Corp. Ordinary Shares,$3.81,0.04,1.061%,345613368.00,British Virgin Islands,,6215406,Basic Materials,Metal Mining
CRMLW,Critical Metals Corp. Warrants,$1.45,0.05,3.571%,131532647.00,British Virgin Islands,,64243,Basic Materials,Metal Mining
CRMT,America's Car-Mart Inc Common Stock,$42.79,-2.25,-4.996%,353525375.00,United States,,144538,Consumer Discretionary,Retail-Auto Dealers and Gas Stations
CRNC,Cerence Inc. Common Stock,$8.14,-0.46,-5.349%,352120657.00,United States,,1765322,Technology,Computer Software: Prepackaged Software
CRNT,Ceragon Networks Ltd. Ordinary Shares,$2.16,-0.05,-2.262%,191892411.00,Israel,,934959,Technology,Radio And Television Broadcasting And Communications Equipment
CRNX,Crinetics Pharmaceuticals Inc. Common Stock,$27.84,-0.75,-2.623%,2608054819.00,United States,2018,891951,Health Care,Biotechnology: Pharmaceutical Preparations
CRON,Cronos Group Inc. Common Share,$1.95,-0.03,-1.515%,751542470.00,Canada,,2314604,Health Care, Medicinal Chemicals and Botanical Products 
CROX,Crocs Inc. Common Stock,$97.13,-2.60,-2.607%,5446522110.00,United States,2006,1804472,Consumer Discretionary,Shoe Manufacturing
CRS,Carpenter Technology Corporation Common Stock,$257.78,8.39,3.364%,12832119039.00,United States,,1944924,Industrials,Steel/Iron Ore
CRSP,CRISPR Therapeutics AG Common Shares,$56.09,-0.17,-0.302%,4844139036.00,Switzerland,2016,2988740,Health Care,Biotechnology: Biological Products (No Diagnostic Substances)
CRSR,Corsair Gaming Inc. Common Stock,$8.57,-0.49,-5.408%,906887213.00,United States,2020,544761,Technology,Computer peripheral equipment
CRT,Cross Timbers Royalty Trust Common Stock,$8.9447,-0.2153,-2.35%,53668200.00,United States,1992,40404,Energy,Oil & Gas Production
CRTO,Criteo S.A. American Depositary Shares,$23.50,-0.84,-3.451%,1248833922.00,France,2013,683106,Consumer Discretionary,Advertising
CRUS,Cirrus Logic Inc. Common Stock,$102.08,1.37,1.36%,5263258581.00,United States,1989,618248,Technology,Semiconductors
CRVL,CorVel Corp. Common Stock,$86.71,-1.89,-2.133%,4452617983.00,United States,,176963,Finance,Specialty Insurers
CRVO,CervoMed Inc. Common Stock,$8.83,0.58,7.03%,76845009.00,United States,,221262,Health Care,Biotechnology: Pharmaceutical Preparations
CRVS,Corvus Pharmaceuticals Inc. Common Stock,$4.10,-0.07,-1.679%,316170008.00,United States,2016,604705,Health Care,Biotechnology: Pharmaceutical Preparations
CRWD,CrowdStrike Holdings Inc. Class A Common Stock,$446.66,-7.91,-1.74%,111329189399.00,United States,2019,3012741,Technology,Computer Software: Prepackaged Software
CRWS,Crown Crafts Inc Common Stock,$2.79,0.00,0.00%,29483445.00,United States,,9025,Consumer Discretionary,Textiles
CRWV,CoreWeave Inc. Class A Common Stock,$104.14,-9.99,-8.753%,49984818631.00,United States,2025,13008665,Technology,Computer Software: Prepackaged Software
CSAI,Cloudastructure Inc. Class A Common Stock,$1.80,-0.12,-6.25%,30099533.00,United States,,291365,Technology,Computer Software: Programming Data Processing
CSAN,Cosan S.A. ADS,$4.16,-0.07,-1.655%,1932990792.00,Brazil,2021,1118628,Consumer Discretionary,Retail-Auto Dealers and Gas Stations
CSBR,Champions Oncology Inc. Common Stock,$6.16,-0.16,-2.532%,84867367.00,United States,,43201,Health Care,Biotechnology: Biological Products (No Diagnostic Substances)
CSCI,COSCIENS Biopharma Inc. Common Stock,$3.82,-0.08,-2.051%,12020669.00,Canada,,3793,Health Care,Biotechnology: Pharmaceutical Preparations
CSCO,Cisco Systems Inc. Common Stock (DE),$67.11,-0.97,-1.425%,265755477860.00,United States,1990,21648463,Telecommunications,Computer Communications Equipment
CSGP,CoStar Group Inc. Common Stock,$94.60,-0.59,-0.62%,40077324245.00,United States,1998,2841260,Consumer Discretionary,Business Services
CSGS,CSG Systems International Inc. Common Stock,$60.77,-1.69,-2.706%,1760928644.00,United States,1996,201135,Technology,EDP Services
CSIQ,Canadian Solar Inc. Common Shares (ON),$11.32,-0.17,-1.48%,758007519.00,Canada,2006,838125,Technology,Semiconductors
CSL,Carlisle Companies Incorporated Common Stock,$352.52,-2.19,-0.617%,15247749201.00,United States,,975100,Industrials,Specialty Chemicals
CSPI,CSP Inc. Common Stock,$10.14,-0.12,-1.17%,100011844.00,United States,1982,17882,Technology,EDP Services
CSQ,Calamos Strategic Total Return Common Stock,$18.02,-0.32,-1.745%,2863154948.00,United States,2004,281793,Finance,Finance Companies
CSR,D/B/A Centerspace Common Stock,$54.20,-0.23,-0.423%,907037488.00,United States,,169417,Real Estate,Real Estate Investment Trusts
CSTE,Caesarstone Ltd. Ordinary Shares,$1.88,-0.06,-3.093%,64964955.00,Israel,2012,25600,Industrials,Building Materials
CSTL,Castle Biosciences Inc. Common Stock,$14.65,-0.50,-3.30%,422979415.00,United States,2019,421610,Health Care,Medical Specialities
CSTM,Constellium SE Ordinary Shares (France),$13.22,-0.49,-3.574%,1889375947.00,Netherlands,2013,2099467,Industrials,Metal Fabrications
CSV,Carriage Services Inc. Common Stock,$45.22,0.30,0.668%,709634521.00,United States,,81082,Consumer Discretionary,Other Consumer Services
CSW,CSW Industrials Inc. Common Stock,$245.11,-14.37,-5.538%,4119729219.00,United States,,252774,Industrials,Home Furnishings
CSWC,Capital Southwest Corporation Common Stock,$22.49,-0.33,-1.446%,1207954768.00,United States,,480611,Consumer Discretionary,Textiles
CSWCZ,Capital Southwest Corporation 7.75% Notes due 2028,$25.41,-0.09,-0.353%,1190989493.00,United States,,2466,Finance,Finance Companies
CSX,CSX Corporation Common Stock,$35.01,-0.53,-1.491%,65268338260.00,United States,,19266035,Industrials,Railroads
CTA^A,EIDP Inc. Preferred Stock $3.50 Series,$54.2201,0.0107,0.02%,,United States,,477,,
CTA^B,EIDP Inc. Preferred Stock $4.50 Series,$69.36,-0.26,-0.373%,,United States,,2768,,
CTAS,Cintas Corporation Common Stock,$221.50,-1.05,-0.472%,89259610609.00,United States,1983,1304278,Consumer Discretionary,Apparel
CTBB,Qwest Corporation 6.5% Notes due 2056,$19.07,-0.73,-3.687%,19.00,United States,2016,153187,Telecommunications,Telecommunications Equipment
CTBI,Community Trust Bancorp Inc. Common Stock,$53.11,-0.87,-1.612%,961871652.00,United States,,62147,Finance,Major Banks
CTDD,Qwest Corporation 6.75% Notes due 2057,$19.16,-0.87,-4.343%,19.00,United States,2017,125831,Telecommunications,Telecommunications Equipment
CTEV,Claritev Corporation Class A Common Stock,$38.48,-1.39,-3.486%,632471479.00,United States,2020,83827,Consumer Discretionary,Business Services
CTGO,Contango ORE Inc. Common Stock,$18.66,0.02,0.107%,234248086.00,United States,2021,56059,Basic Materials,Precious Metals
CTKB,Cytek Biosciences Inc. Common Stock,$3.64,0.04,1.111%,461039473.00,United States,2021,1548562,Industrials,Biotechnology: Laboratory Analytical Instruments
CTLP,Cantaloupe Inc. Common Stock,$11.07,0.00,0.00%,808757174.00,United States,,1269524,Miscellaneous,Office Equipment/Supplies/Services
CTM,Castellum Inc. Common Stock,$1.12,-0.07,-5.882%,96361299.00,,2022,2804807,Consumer Discretionary,Professional Services
CTMX,CytomX Therapeutics Inc. Common Stock,$2.35,0.16,7.306%,189460039.00,United States,2015,1448220,Health Care,Biotechnology: Pharmaceutical Preparations
CTNM,Contineum Therapeutics Inc. Class A Common Stock,$5.96,0.06,1.017%,154194432.00,United States,2024,262492,Health Care,Biotechnology: Pharmaceutical Preparations
CTNT,Cheetah Net Supply Chain Service Inc. Class A Common Stock,$1.48,0.03,2.069%,3954576.00,United States,2023,19869,Consumer Discretionary,Motor Vehicles
CTO,CTO Realty Growth Inc. Common Stock,$16.44,-0.07,-0.424%,541527188.00,United States,1992,350985,Real Estate,Real Estate Investment Trusts
CTO^A,CTO Realty Growth Inc. 6.375% Series A Cumulative Redeemable Preferred Stock,$21.40,-0.07,-0.326%,,United States,,9685,,
CTOR,Citius Oncology Inc. Common Stock,$2.06,-0.15,-6.787%,147397948.00,United States,2022,609059,Health Care,Biotechnology: Pharmaceutical Preparations
CTOS,Custom Truck One Source Inc. Common Stock,$6.16,-0.03,-0.485%,1395607050.00,Cayman Islands,2017,1828555,Consumer Discretionary,Diversified Commercial Services
CTRA,Coterra Energy Inc. Common Stock,$23.70,-0.69,-2.829%,18089279538.00,United States,,6985344,Energy,Oil & Gas Production
CTRE,CareTrust REIT Inc. Common Stock,$31.99,0.19,0.597%,6132131014.00,United States,2022,1656148,Real Estate,Real Estate Investment Trusts
CTRI,Centuri Holdings Inc. Common Stock,$21.04,-0.76,-3.486%,1863280203.00,,2024,617142,Utilities,Oil & Gas Production
CTRM,Castor Maritime Inc. Common Shares,$2.165,-0.005,-0.23%,20918996.00,Cyprus,,49691,Consumer Discretionary,Marine Transportation
CTRN,Citi Trends Inc. Common Stock,$29.09,-1.43,-4.685%,241273944.00,United States,2005,63916,Consumer Discretionary,Clothing/Shoe/Accessory Stores
CTS,CTS Corporation Common Stock,$38.44,-0.75,-1.914%,1133081926.00,United States,,236555,Technology,Electrical Products
CTSH,Cognizant Technology Solutions Corporation Class A Common Stock,$70.59,-1.17,-1.63%,34796773168.00,United States,1998,5356605,Technology,EDP Services
CTSO,Cytosorbents Corporation Common Stock,$0.8692,0.0192,2.259%,54420939.00,United States,,4610898,Health Care,Medical/Dental Instruments
CTVA,Corteva Inc. Common Stock ,$71.17,-0.96,-1.331%,48550038900.00,United States,2019,4770918,Consumer Staples,Farming/Seeds/Milling
CTXR,Citius Pharmaceuticals Inc. Common Stock,$1.29,-0.08,-5.839%,13274532.00,United States,,310898,Health Care,Biotechnology: Pharmaceutical Preparations
CUB,Lionheart Holdings Class A Ordinary Shares,$10.485,0.015,0.143%,333093519.00,United States,2024,2982,Industrials,Industrial Machinery/Components
CUBB,Customers Bancorp Inc 5.375% Subordinated Notes Due 2034,$20.355,-0.095,-0.465%,642969547.00,United States,2019,2532,Finance,Major Banks
CUBE,CubeSmart Common Shares,$39.90,0.99,2.544%,9095365079.00,United States,,3597513,Real Estate,Real Estate Investment Trusts
CUBI,Customers Bancorp Inc Common Stock,$62.20,-1.55,-2.431%,1964760787.00,United States,,551933,Finance,Major Banks
CUBI^F,Customers Bancorp Inc Fixed-to-Floating Rate Non-Cumulative Perpetual Preferred Stock Series F,$25.68,0.00,0.00%,,United States,,55,,
CUBWU,Lionheart Holdings Unit,$10.65,0.00,0.00%,0.00,United States,2024,1,Finance,Blank Checks
CUBWW,Lionheart Holdings Warrant,$0.339,0.00,0.00%,0.00,United States,2024,44,,
CUE,Cue Biopharma Inc. Common Stock,$0.7372,-0.0134,-1.785%,55547932.00,United States,2018,211024,Health Care,Biotechnology: Pharmaceutical Preparations
CUK,Carnival Plc ADS ADS,$26.58,-0.62,-2.279%,36039347760.00,United States,,2456830,Consumer Discretionary,Marine Transportation
CULP,Culp Inc. Common Stock,$4.26,0.01,0.235%,53501890.00,United States,,6561,Consumer Discretionary,Textiles
CUPR,Cuprina Holdings (Cayman) Limited Class A Ordinary Shares,$8.19,0.26,3.279%,171990000.00,Singapore,2025,2010696,Health Care,Biotechnology: Pharmaceutical Preparations
CURB,Curbline Properties Corp. Common Stock,$21.89,-0.21,-0.95%,2303148207.00,United States,2024,565844,Finance,Real Estate
CURI,CuriosityStream Inc. Class A Common Stock,$4.70,-0.15,-3.093%,270842144.00,United States,2020,702928,Consumer Discretionary,Movies/Entertainment
CURIW,CuriosityStream Inc. Warrant,$0.0292,0.0027,10.189%,1682679.00,United States,2020,7038,Consumer Discretionary,Movies/Entertainment
CURR,Currenc Group Inc. Ordinary Shares,$1.99,0.19,10.556%,151408503.00,Singapore,,695340,Consumer Discretionary,Business Services
CURV,Torrid Holdings Inc. Common Stock,$2.50,0.01,0.402%,262551563.00,United States,2021,620503,Consumer Discretionary,Clothing/Shoe/Accessory Stores
CUZ,Cousins Properties Incorporated Common Stock,$26.53,-0.57,-2.103%,4454696154.00,United States,,2524956,Real Estate,Real Estate Investment Trusts
CV,CapsoVision Inc. Common Stock,$3.91,0.045,1.164%,180227853.00,United States,2025,50851,Health Care,Biotechnology: Electromedical & Electrotherapeutic Apparatus
CVAC,CureVac N.V. Ordinary Shares,$5.41,0.02,0.371%,1213669970.00,Germany,2020,517016,Health Care,Biotechnology: Pharmaceutical Preparations
CVBF,CVB Financial Corporation Common Stock,$18.37,-0.32,-1.712%,2531470575.00,United States,,792263,Finance,Major Banks
CVCO,Cavco Industries Inc. Common Stock When Issued,$422.81,19.14,4.741%,3391663433.00,United States,,196752,Consumer Discretionary,Homebuilding
CVE,Cenovus Energy Inc Common Stock,$14.83,-0.40,-2.626%,27030641000.00,Canada,,15903641,Energy,Oil & Gas Production
CVEO,Civeo Corporation (Canada) Common Shares,$23.78,-1.21,-4.842%,298481067.00,,2014,96835,Consumer Discretionary,Hotels/Resorts
CVGI,Commercial Vehicle Group Inc. Common Stock,$1.68,-0.01,-0.592%,58188109.00,United States,2004,136945,Consumer Discretionary,Auto Parts:O.E.M.
CVGW,Calavo Growers Inc. Common Stock,$26.32,0.02,0.076%,469474367.00,United States,,189178,Consumer Discretionary,Specialty Foods
CVI,CVR Energy Inc. Common Stock,$25.06,-1.72,-6.423%,2519296811.00,United States,2007,1741869,Energy,Integrated oil Companies
CVKD,Cadrenal Therapeutics Inc. Common Stock,$10.33,-0.09,-0.864%,20315753.00,United States,2023,5251,Health Care,Biotechnology: Pharmaceutical Preparations
CVLG,Covenant Logistics Group Inc. Class A Common Stock,$23.27,-0.88,-3.644%,617955281.00,United States,,91073,Industrials,Trucking Freight/Courier Services
CVLT,Commvault Systems Inc. Common Stock,$179.73,-10.22,-5.38%,7990734512.00,United States,2006,515273,Technology,Computer Software: Prepackaged Software
CVM,Cel-Sci Corporation Common Stock,$9.45,1.27,15.526%,28676734.00,United States,1997,521184,Health Care,Biotechnology: Biological Products (No Diagnostic Substances)
CVNA,Carvana Co. Class A Common Stock,$367.78,-22.39,-5.739%,79147521899.00,United States,2017,5042287,Consumer Discretionary,Retail-Auto Dealers and Gas Stations
CVR,Chicago Rivet & Machine Co. Common Stock,$12.69,0.00,0.00%,12260215.00,United States,1930,192,Industrials,Industrial Machinery/Components
CVRX,CVRx Inc. Common Stock,$7.56,-0.40,-5.025%,197108848.00,United States,2021,224825,Health Care,Medical/Dental Instruments
CVS,CVS Health Corporation Common Stock,$62.47,0.37,0.596%,79025763730.00,United States,,11376504,Consumer Staples,Retail-Drug Stores and Proprietary Stores
CVU,CPI Aerostructures Inc. Common Stock,$3.35,-0.07,-2.047%,43550241.00,United States,2022,7687,Industrials,Military/Government/Technical
CVV,CVD Equipment Corporation Common Stock,$3.67,-0.19,-4.922%,25256345.00,United States,,15655,Technology,Industrial Machinery/Components
CVX,Chevron Corporation Common Stock,$151.40,-0.24,-0.158%,264404037217.00,United States,,10705126,Energy,Integrated oil Companies
CW,Curtiss-Wright Corporation Common Stock,$493.58,3.36,0.685%,18602676797.00,United States,,310028,Technology,Industrial Machinery/Components
CWAN,Clearwater Analytics Holdings Inc. Class A Common Stock,$20.25,-0.01,-0.049%,5736495290.00,United States,2021,3582299,Technology,Computer Software: Prepackaged Software
CWBC,Community West Bancshares Common Stock,$18.73,-0.40,-2.091%,357018973.00,United States,,65779,Finance,Major Banks
CWCO,Consolidated Water Co. Ltd. Ordinary Shares,$28.43,-0.66,-2.269%,452511355.00,Cayman Islands,,78707,Utilities,Water Supply
CWD,CaliberCos Inc. Class A Common Stock,$2.88,-0.0865,-2.916%,3749913.00,United States,2023,9072,Finance,Real Estate
CWEN,Clearway Energy Inc. Class C Common Stock,$32.40,-0.23,-0.705%,3823200000.00,United States,2015,626671,Utilities,Electric Utilities: Central
CWH,Camping World Holdings Inc. Class A Common Stock,$13.89,0.05,0.361%,1418385851.00,United States,2016,3711593,Consumer Discretionary,Retail-Auto Dealers and Gas Stations
CWK,Cushman & Wakefield plc Ordinary Shares,$11.93,-0.26,-2.133%,2759258944.00,,2018,2361183,Finance,Real Estate
CWST,Casella Waste Systems Inc. Class A Common Stock,$102.98,-5.75,-5.288%,6535465051.00,United States,1997,1129738,Utilities,Environmental Services
CWT,California Water Service Group Common Stock,$46.50,1.03,2.265%,2770011510.00,United States,,633427,Utilities,Water Supply
CX,Cemex S.A.B. de C.V. Sponsored ADR,$8.40,-0.30,-3.448%,12186240562.00,Mexico,,19212196,Industrials,Building Materials
CXAI,CXApp Inc. Class A Common Stock,$0.9146,-0.0092,-0.996%,19002641.00,United States,2021,505635,Technology,EDP Services
CXAIW,CXApp Inc. Warrant,$0.099,0.0046,4.873%,2056923.00,United States,2021,13453,Technology,EDP Services
CXDO,Crexendo Inc. Common Stock,$5.30,-0.27,-4.847%,153861878.00,United States,,198140,Telecommunications,Telecommunications Equipment
CXE,MFS High Income Municipal Trust Common Stock,$3.51,-0.04,-1.127%,110655463.00,United States,1989,59795,Finance,Investment Managers
CXH,MFS Investment Grade Municipal Trust Common Stock,$7.46,0.06,0.811%,67962428.00,United States,1989,24972,Finance,Investment Managers
CXM,Sprinklr Inc. Class A Common Stock,$8.58,-0.43,-4.772%,2220828684.00,United States,2021,1923707,Technology,Computer Software: Prepackaged Software
CXT,Crane NXT Co. Common Stock,$57.09,-2.25,-3.792%,3275014093.00,United States,,391868,Industrials,Metal Fabrications
CXW,CoreCivic Inc. Common Stock,$19.61,-0.43,-2.146%,2140596459.00,United States,,705273,Real Estate,Real Estate Investment Trusts
CYBN,Cybin Inc. Common Shares,$7.56,-0.13,-1.691%,174331453.00,Canada,,382280,Health Care,Biotechnology: Pharmaceutical Preparations
CYBR,CyberArk Software Ltd. Ordinary Shares,$414.00,2.53,0.615%,20475907182.00,Israel,2014,3227449,Technology,Computer Software: Prepackaged Software
CYCC,Cyclacel Pharmaceuticals Inc. Common Stock,$9.72,-1.49,-13.292%,15396140.00,United States,,145085,Health Care,Biotechnology: Pharmaceutical Preparations
CYCCP,Cyclacel Pharmaceuticals Inc. 6% Convertible Preferred Stock,$4.06,0.00,0.00%,6430898.00,United States,,536,Health Care,Biotechnology: Pharmaceutical Preparations
CYCN,Cyclerion Therapeutics Inc. Common Stock,$2.5936,-0.0564,-2.128%,8325700.00,United States,,21239,Health Care,Biotechnology: Pharmaceutical Preparations
CYCU,Cycurion Inc. Common Stock,$0.3501,-0.0103,-2.858%,11008511.00,United States,2025,886548,Technology,EDP Services
CYCUW,Cycurion Inc. Warrant,$0.054,0.0019,3.647%,1697971.00,United States,2025,42072,Technology,EDP Services
CYD,China Yuchai International Limited Common Stock,$22.35,-0.45,-1.974%,838534497.00,Singapore,1994,135583,Industrials,Industrial Machinery/Components
CYH,Community Health Systems Inc. Common Stock,$2.44,-0.16,-6.154%,341890643.00,United States,2000,3453946,Health Care,Hospital/Nursing Management
CYN,Cyngn Inc. Common Stock,$6.70,-0.61,-8.345%,11737770.00,United States,2021,378478,Technology,EDP Services
CYRX,CryoPort Inc. Common Stock,$7.27,-0.06,-0.819%,364497575.00,United States,,485962,Health Care,Biotechnology: Pharmaceutical Preparations
CYTK,Cytokinetics Incorporated Common Stock,$36.69,-0.95,-2.524%,4381787380.00,United States,2004,1088724,Health Care,Biotechnology: Pharmaceutical Preparations
CZFS,Citizens Financial Services Inc. Common Stock,$52.61,-1.08,-2.012%,250406344.00,United States,,8752,Finance,Major Banks
CZNC,Citizens & Northern Corp Common Stock,$18.41,-0.61,-3.207%,285255420.00,United States,,45033,Finance,Major Banks
CZR,Caesars Entertainment Inc. Common Stock,$25.68,-1.00,-3.748%,5341222722.00,United States,,7822696,Consumer Discretionary,Hotels/Resorts
CZWI,Citizens Community Bancorp Inc. Common Stock,$14.90,0.16,1.085%,148836055.00,United States,2006,77181,Finance,Savings Institutions
D,Dominion Energy Inc. Common Stock,$60.41,1.96,3.353%,51517078394.00,United States,,7652456,Utilities,Electric Utilities: Central
DAAQ,Digital Asset Acquisition Corp. Class A Ordinary shares,$10.36,-0.07,-0.671%,0.00,United States,2025,21119,,
DAAQU,Digital Asset Acquisition Corp. Units,$10.75,-0.01,-0.093%,0.00,United States,2025,3159,Finance,Blank Checks
DAC,Danaos Corporation Common Stock,$91.21,-0.60,-0.654%,1702827765.00,Greece,2006,56820,Consumer Discretionary,Marine Transportation
DAIC,CID HoldCo Inc. Common Stock,$4.72,0.12,2.609%,58097673.00,United States,,106202,Technology,EDP Services
DAICW,CID HoldCo Inc. Warrants,$0.15,0.005,3.448%,1846324.00,United States,,61072,Technology,EDP Services
DAIO,Data I/O Corporation Common Stock,$3.16,-0.08,-2.469%,29197550.00,United States,1981,98939,Industrials,Electrical Products
DAKT,Daktronics Inc. Common Stock,$16.09,-0.13,-0.801%,790232707.00,United States,1994,278072,Consumer Discretionary,Miscellaneous manufacturing industries
DAL,Delta Air Lines Inc. Common Stock,$51.15,-2.06,-3.871%,33398310762.00,United States,,9532803,Consumer Discretionary,Air Freight/Delivery Services
DALN,DallasNews Corporation Series A Common Stock,$14.86,0.04,0.27%,79538001.00,United States,,51086,Consumer Discretionary,Newspapers/Magazines
DAN,Dana Incorporated Common Stock ,$15.64,-0.28,-1.759%,2279362402.00,United States,,1529291,Consumer Discretionary,Auto Parts:O.E.M.
DAO,Youdao Inc. American Depositary Shares each representing one Class A Ordinary Share,$8.70,0.00,0.00%,1040252466.00,China,2019,51858,Real Estate,Other Consumer Services
DAR,Darling Ingredients Inc. Common Stock,$31.49,-0.89,-2.749%,4980422092.00,United States,1997,2295975,Consumer Staples,Packaged Foods
DARE,Dare Bioscience Inc. Common Stock,$2.42,0.02,0.833%,21417934.00,United States,2014,112027,Health Care,Biotechnology: Pharmaceutical Preparations
DASH,DoorDash Inc. Class A Common Stock,$248.35,-1.90,-0.759%,105236853444.00,United States,,2945046,Consumer Discretionary,Business Services
DATS,DatChat Inc. Common Stock,$2.23,-0.11,-4.701%,9386804.00,United States,2021,46435,Telecommunications,Telecommunications Equipment
DATSW,DatChat Inc. Series A Warrant,$0.19,0.0141,8.016%,799773.00,United States,2021,200,Telecommunications,Telecommunications Equipment
DAVA,Endava plc American Depositary Shares (each representing one Class A Ordinary Share),$11.94,-0.86,-6.719%,704835298.00,United Kingdom,2018,1181519,Technology,EDP Services
DAVE,Dave Inc. Class A Common Stock,$232.73,-3.07,-1.302%,3104720601.00,United States,,531157,Finance,Finance: Consumer Services
DAVEW,Dave Inc. Warrants,$1.63,-0.135,-7.649%,21744917.00,United States,,14244,Finance,Finance: Consumer Services
DAWN,Day One Biopharmaceuticals Inc. Common Stock,$6.65,-0.06,-0.894%,674060412.00,United States,2021,1052613,Health Care,Biotechnology: Pharmaceutical Preparations
DAY,Dayforce Inc. Common Stock,$55.27,-2.40,-4.162%,8836626684.00,United States,2018,1804926,Technology,Computer Software: Prepackaged Software
DB,Deutsche Bank AG Common Stock,$32.53,-0.45,-1.364%,63274940810.00,Germany,,3210819,Finance,Major Banks
DBD,Diebold Nixdorf Incorporated Common stock,$53.99,-2.30,-4.086%,2011876665.00,United States,2023,158258,Miscellaneous,Office Equipment/Supplies/Services
DBI,Designer Brands Inc. Class A Common Stock,$2.56,-0.26,-9.22%,124990428.00,United States,,826557,Consumer Discretionary,Clothing/Shoe/Accessory Stores
DBL,DoubleLine Opportunistic Credit Fund Common Shares of Beneficial Interest,$15.31,0.06,0.393%,0.00,United States,2012,58010,,
DBRG,DigitalBridge Group Inc.,$10.42,-0.32,-2.98%,1836690720.00,United States,2014,2280487,Real Estate,Real Estate Investment Trusts
DBRG^H,DigitalBridge Group Inc. 7.125% Series H ,$22.0651,-0.0749,-0.338%,,United States,,1313,,
DBRG^I,DigitalBridge Group Inc. 7.15% Series I ,$22.075,-0.105,-0.473%,,United States,,11199,,
DBRG^J,DigitalBridge Group Inc. 7.125% Series J ,$22.14,-0.04,-0.18%,,United States,,7043,,
DBVT,DBV Technologies S.A. American Depositary Shares,$9.00,0.49,5.758%,246552651.00,France,2014,24525,Health Care,Biotechnology: Biological Products (No Diagnostic Substances)
DBX,Dropbox Inc. Class A Common Stock,$26.46,-0.71,-2.613%,7448295466.00,United States,2018,4328635,Technology,Computer Software: Prepackaged Software
DC,Dakota Gold Corp. Common Stock,$3.61,0.01,0.278%,403920777.00,United States,2022,708777,Basic Materials,Metal Mining
DCBO,Docebo Inc. Common Shares,$29.99,-0.31,-1.023%,888699128.00,Canada,,90003,Technology,Computer Software: Prepackaged Software
DCGO,DocGo Inc. Common Stock,$1.33,-0.03,-2.206%,131808760.00,United States,2020,568763,Health Care,Medical/Nursing Services
DCI,Donaldson Company Inc. Common Stock,$70.87,-1.10,-1.528%,8257768573.00,United States,,527117,Industrials,Pollution Control Equipment
DCO,Ducommun Incorporated Common Stock,$89.58,-1.40,-1.539%,1332748755.00,United States,,166992,Industrials,Military/Government/Technical
DCOM,Dime Community Bancshares Inc. Common Stock,$27.13,-0.58,-2.093%,1188797587.00,United States,,256509,Finance,Major Banks
DCOMG,Dime Community Bancshares Inc. 9.000% Fixed-to-Floating Rate Subordinated Notes due 2034,$26.68,0.18,0.679%,1044485635.00,United States,,189,Finance,Major Banks
DCOMP,Dime Community Bancshares Inc. Fixed-Rate Non-Cumulative Perpetual Preferred Stock Series A,$20.31,-0.09,-0.441%,889954994.00,United States,,6949,Finance,Major Banks
DCTH,Delcath Systems Inc. Common Stock,$10.59,-0.16,-1.488%,368809278.00,United States,,533260,Health Care,Medical/Dental Instruments
DD,DuPont de Nemours Inc. Common Stock,$69.94,-1.96,-2.726%,29269799428.00,United States,2017,4240364,Industrials,Major Chemicals
DDC,DDC Enterprise Limited Class A Ordinary Shares,$11.94,-0.61,-4.861%,48358779.00,,2023,86311,Consumer Staples,Packaged Foods
DDD,3D Systems Corporation Common Stock,$1.60,-0.03,-1.84%,218260586.00,United States,,2144204,Technology,Computer Software: Prepackaged Software
DDI,DoubleDown Interactive Co. Ltd. American Depository Shares,$9.21,-0.30,-3.155%,456387182.00,South Korea,2021,40406,Technology,EDP Services
DDL,Dingdong (Cayman) Limited American Depositary Shares (each two representing three Ordinary Shares),$2.07,-0.03,-1.429%,488991308.00,Cayman Islands,2021,328327,Consumer Discretionary,Catalog/Specialty Distribution
DDOG,Datadog Inc. Class A Common Stock,$135.60,-4.38,-3.129%,46829898124.00,United States,2019,6064412,Technology,Computer Software: Prepackaged Software
DDS,Dillard's Inc. Common Stock,$468.55,1.62,0.347%,7326920169.00,United States,,114570,Consumer Discretionary,Department/Specialty Retail Stores
DDT,Dillard's Capital Trust I,$26.02,0.02,0.077%,406886059.00,United States,,12029,Consumer Discretionary,Department/Specialty Retail Stores
DE,Deere & Company Common Stock,$500.98,-23.39,-4.461%,135678938014.00,United States,,1623098,Industrials,Industrial Machinery/Components
DEA,Easterly Government Properties Inc. Common Stock,$21.82,-0.18,-0.818%,979830548.00,United States,2015,493991,Real Estate,Real Estate Investment Trusts
DEC,Diversified Energy Company plc Ordinary Shares,$14.30,-0.76,-5.046%,855081971.00,,,412976,,
DECK,Deckers Outdoor Corporation Common Stock,$103.35,-2.82,-2.656%,15444197681.00,United States,1993,2978245,Consumer Discretionary,Shoe Manufacturing
DEFT,Defi Technologies Inc. Common Stock,$2.63,-0.10,-3.663%,867460853.00,Canada,,3850683,Finance,Finance: Consumer Services
DEI,Douglas Emmett Inc. Common Stock,$14.91,-0.25,-1.649%,2496625079.00,United States,2006,1841423,Real Estate,Real Estate Investment Trusts
DELL,Dell Technologies Inc. Class C Common Stock ,$127.32,-5.37,-4.047%,86431115030.00,United States,2018,5518134,Technology,Computer Manufacturing
DENN,Denny's Corporation Common Stock,$3.60,-0.12,-3.226%,184503838.00,United States,,616455,Consumer Discretionary,Restaurants
DEO,Diageo plc Common Stock,$97.46,-0.49,-0.50%,54220076761.00,United Kingdom,,1740261,Consumer Staples,Beverages (Production/Distribution)
DERM,Journey Medical Corporation Common Stock,$6.99,-0.36,-4.898%,162837425.00,United States,2021,124725,Health Care,Biotechnology: Pharmaceutical Preparations
DEVS,DevvStream Corp. Common Stock,$0.31,-0.0199,-6.032%,10373138.00,Canada,2024,8351938,Finance,Finance/Investors Services
DFDV,DeFi Development Corp. Common Stock,$14.05,-0.33,-2.295%,203261224.00,United States,2023,1493445,Finance,Finance: Consumer Services
DFH,Dream Finders Homes Inc. Class A Common Stock,$25.14,-0.18,-0.711%,2351948038.00,United States,2022,523158,Consumer Discretionary,Homebuilding
DFIN,Donnelley Financial Solutions Inc. Common Stock ,$51.07,-1.89,-3.569%,1411515457.00,United States,2016,625757,Consumer Discretionary,Other Consumer Services
DFLI,Dragonfly Energy Holdings Corp. Common Stock (NV),$0.2618,0.0146,5.906%,2451271.00,United States,2021,4396763,Miscellaneous,Industrial Machinery/Components
DFLIW,Dragonfly Energy Holdings Corp. Warrant,$0.0278,0.0075,36.946%,260295.00,United States,2021,20930,Miscellaneous,Industrial Machinery/Components
DFP,Flaherty & Crumrine Dynamic Preferred and Income Fund Inc. Common Stock,$20.68,-0.06,-0.289%,0.00,,2013,60162,Finance,Investment Managers
DFSC,DEFSEC Technologies Inc. Common Stock,$4.09,-0.03,-0.728%,2169189.00,Canada,,32949,Technology,Computer Software: Prepackaged Software
DFSCW,DEFSEC Technologies Inc. Warrant,$0.0279,0.0023,8.984%,14797.00,Canada,,2300,Technology,Computer Software: Prepackaged Software
DG,Dollar General Corporation Common Stock,$108.53,3.63,3.46%,23884263412.00,United States,2009,4216751,Consumer Discretionary,Department/Specialty Retail Stores
DGICA,Donegal Group Inc. Class A Common Stock,$16.75,-0.2175,-1.282%,604619239.00,United States,,227631,Finance,Property-Casualty Insurers
DGICB,Donegal Group Inc. Class B Common Stock,$14.11,-1.295,-8.406%,509324028.00,United States,1986,1806,Finance,Property-Casualty Insurers
DGII,Digi International Inc. Common Stock,$31.14,-1.47,-4.508%,1154256976.00,United States,1989,243687,Telecommunications,Computer Communications Equipment
DGLY,Digital Ally Inc. Common Stock,$1.95,-0.05,-2.50%,3253559.00,United States,,43658,Technology,Radio And Television Broadcasting And Communications Equipment
DGNX,Diginex Limited Ordinary Shares,$55.81,2.81,5.302%,1283281913.00,Hong Kong,2025,47262,Technology,EDP Services
DGX,Quest Diagnostics Incorporated Common Stock,$170.85,3.44,2.055%,19105034895.00,United States,,1421070,Health Care,Medical Specialities
DGXX,Digi Power X Inc. Subordinate Voting Shares,$2.79,-0.22,-7.309%,101298957.00,Canada,,980097,Finance,Finance: Consumer Services
DH,Definitive Healthcare Corp. Class A Common Stock,$3.74,-0.16,-4.103%,401458717.00,United States,2021,511948,Technology,Computer Software: Prepackaged Software
DHAI,DIH Holdings US Inc. Class A Common Stock,$0.2493,0.0233,10.31%,11800941.00,United States,2024,3992913,Health Care,Medical/Dental Instruments
DHAIW,DIH Holding US Inc. Warrants,$0.02,0.00,0.00%,946726.00,United States,2024,27209,Health Care,Medical/Dental Instruments
DHC,Diversified Healthcare Trust Common Shares of Beneficial Interest,$3.27,0.00,0.00%,788890394.00,United States,,908041,Real Estate,Real Estate Investment Trusts
DHCNI,Diversified Healthcare Trust 5.625% Senior Notes due 2042,$16.80,-0.02,-0.119%,4053014868.00,United States,,11445,Real Estate,Real Estate Investment Trusts
DHCNL,Diversified Healthcare Trust 6.25% Senior Notes Due 2046,$17.16,-0.43,-2.445%,4139865187.00,United States,,10317,Real Estate,Real Estate Investment Trusts
DHF,BNY Mellon High Yield Strategies Fund Common Stock,$2.57,0.01,0.391%,0.00,United States,1998,619241,Finance,Finance Companies
DHI,D.R. Horton Inc. Common Stock,$150.30,7.46,5.223%,44807966409.00,United States,,7147329,Consumer Discretionary,Homebuilding
DHIL,Diamond Hill Investment Group Inc. Class A Common Stock,$133.40,-2.17,-1.601%,363536077.00,United States,,28750,Finance,Investment Managers
DHR,Danaher Corporation Common Stock,$197.09,-0.07,-0.036%,141126607873.00,United States,,5736544,Industrials,Industrial Machinery/Components
DHT,DHT Holdings Inc.,$11.19,0.10,0.902%,1796643774.00,Jersey,2005,1136547,Consumer Discretionary,Marine Transportation
DHX,DHI Group Inc. Common Stock,$2.62,-0.04,-1.504%,127728194.00,United States,2007,45811,Consumer Discretionary,Business Services
DHY,Credit Suisse High Yield Bond Fund Common Stock,$2.11,-0.01,-0.472%,0.00,United States,1998,702906,Finance,Finance/Investors Services
DIAX,Nuveen Dow 30SM Dynamic Overwrite Fund Common Shares of Beneficial Interest,$14.12,-0.18,-1.259%,0.00,,2014,68369,Finance,Finance Companies
DIBS,1stdibs.com Inc. Common Stock,$2.63,-0.13,-4.71%,93849049.00,United States,2021,55012,Consumer Discretionary,Catalog/Specialty Distribution
DIN,Dine Brands Global Inc. Common Stock,$21.77,-0.84,-3.715%,340173209.00,United States,,636511,Consumer Discretionary,Restaurants
DINO,HF Sinclair Corporation Common Stock,$42.36,-1.58,-3.596%,7981038281.00,United States,1960,2694516,Energy,Natural Gas Distribution
DIOD,Diodes Incorporated Common Stock,$48.91,-0.46,-0.932%,2269490420.00,United States,,552177,Technology,Semiconductors
DIS,Walt Disney Company (The) Common Stock,$116.59,-2.52,-2.116%,209599242399.00,United States,,8633754,Consumer Discretionary,Services-Misc. Amusement & Recreation
DIT,AMCON Distributing Company Common Stock,$109.02,-0.97,-0.882%,70368267.00,United States,1999,60,Consumer Discretionary,Food Distributors
DJCO,Daily Journal Corp. (S.C.) Common Stock,$384.75,-14.83,-3.711%,529964654.00,United States,,33146,Consumer Discretionary,Newspapers/Magazines
DJT,Trump Media & Technology Group Corp. Common Stock,$16.92,-0.67,-3.809%,3732966675.00,United States,2024,6845366,Technology,Computer Software: Programming Data Processing
DJTWW,Trump Media & Technology Group Corp. Warrants,$10.405,-0.225,-2.117%,2295598006.00,United States,2021,84366,Technology,Computer Software: Programming Data Processing
DK,Delek US Holdings Inc. Common Stock,$20.77,-1.60,-7.152%,1261305813.00,United States,2017,1332864,Energy,Integrated oil Companies
DKL,Delek Logistics Partners L.P. Common Units representing Limited Partner Interests,$44.31,-1.80,-3.904%,2367961316.00,United States,2012,201551,Energy,Natural Gas Distribution
DKNG,DraftKings Inc. Class A Common Stock,$43.73,-1.31,-2.909%,21702570644.00,United States,2019,6809702,Consumer Discretionary,Services-Misc. Amusement & Recreation
DKS,Dick's Sporting Goods Inc Common Stock,$206.77,-4.74,-2.241%,16551341141.00,United States,2002,1319900,Consumer Discretionary,Other Specialty Stores
DLB,Dolby Laboratories Common Stock,$70.09,-5.25,-6.968%,6733279117.00,United States,2005,818905,Miscellaneous,Multi-Sector Companies
DLHC,DLH Holdings Corp.,$5.52,-0.09,-1.604%,79413303.00,United States,,30108,Consumer Discretionary,Professional Services
DLNG,Dynagas LNG Partners LP Common Units,$3.51,0.02,0.573%,128739015.00,Greece,,18718,Consumer Discretionary,Marine Transportation
DLNG^A,Dynagas LNG Partners LP 9.00% Series A Cumulative Redeemable Preferred Units,$26.76,0.1201,0.451%,,Greece,,19086,,
DLO,DLocal Limited Class A Common Shares,$10.01,-0.25,-2.437%,2857606111.00,Uruguay,2021,1472142,Consumer Discretionary,Business Services
DLPN,Dolphin Entertainment Inc. Common Stock,$1.12,-0.01,-0.885%,12508293.00,United States,,57613,Consumer Discretionary,Other Consumer Services
DLR,Digital Realty Trust Inc. Common Stock,$172.21,-4.23,-2.397%,57998862321.00,United States,2004,1662115,Real Estate,Real Estate Investment Trusts
DLR^J,Digital Realty Trust Inc. 5.250% Series J Cumulative Redeemable Preferred Stock,$21.55,0.11,0.513%,,United States,,12445,,
DLR^K,Digital Realty Trust Inc. 5.850% Series K Cumulative Redeemable Preferred Stock par value $0.01 per share,$24.0433,-0.0667,-0.277%,,United States,,20522,,
DLR^L,Digital Realty Trust Inc. 5.200% Series L Cumulative Redeemable Preferred Stock,$21.24,0.03,0.141%,,United States,,18614,,
DLTH,Duluth Holdings Inc. Class B Common Stock,$2.11,0.01,0.476%,79291395.00,United States,2015,26811,Consumer Discretionary,Clothing/Shoe/Accessory Stores
DLTR,Dollar Tree Inc. Common Stock,$114.72,1.17,1.03%,23941584241.00,United States,1995,3154818,Consumer Discretionary,Department/Specialty Retail Stores
DLX,Deluxe Corporation Common Stock,$15.59,-0.51,-3.168%,697494106.00,United States,,446902,Consumer Discretionary,Publishing
DLXY,Delixy Holdings Limited Ordinary Shares,$5.00,-0.13,-2.534%,81750000.00,Singapore,2025,48906,,
DLY,DoubleLine Yield Opportunities Fund Common Shares of Beneficial Interest,$15.36,-0.03,-0.195%,736447165.00,United States,2020,119531,Finance,Investment Managers
DMA,Destra Multi-Alternative Fund Common Stock,$8.71,-0.03,-0.343%,0.00,,2022,34238,Finance,Trusts Except Educational Religious and Charitable
DMAA,Drugs Made In America Acquisition Corp. Ordinary Shares,$10.27,0.00,0.00%,0.00,United States,2025,171,,
DMAAR,Drugs Made In America Acquisition Corp. Rights,$0.1881,-0.0009,-0.476%,0.00,United States,2025,9200,Finance,Blank Checks
DMAAU,Drugs Made In America Acquisition Corp. Units,$10.58,0.00,0.00%,0.00,United States,2025,127,,
DMAC,DiaMedica Therapeutics Inc. Common Stock,$4.12,-0.10,-2.37%,176679876.00,United States,2018,203997,Health Care,Biotechnology: Pharmaceutical Preparations
DMB,BNY Mellon Municipal Bond Infrastructure Fund Inc. Common Stock,$10.01,0.03,0.301%,0.00,,2013,63133,Finance,Trusts Except Educational Religious and Charitable
DMLP,Dorchester Minerals L.P. Common Units Representing Limited Partnership Interests,$27.29,-0.11,-0.401%,1291901941.00,United States,,118189,Energy,Oil & Gas Production
DMO,Western Asset Mortgage Opportunity Fund Inc. Common Stock,$11.87,0.025,0.211%,0.00,United States,2010,55578,Finance,Trusts Except Educational Religious and Charitable
DMRC,Digimarc Corporation Common Stock,$11.35,-0.59,-4.941%,244615211.00,United States,,139665,Technology,EDP Services
DMYY,dMY Squared Technology Group Inc. Class A Common Stock,$12.84,-0.08,-0.619%,0.00,,2022,26121,Finance,Blank Checks
DNA,Ginkgo Bioworks Holdings Inc. Class A Common Stock,$12.19,-0.95,-7.23%,713503581.00,United States,2021,1357005,Health Care,Biotechnology: Biological Products (No Diagnostic Substances)
DNB,Dun & Bradstreet Holdings Inc. Common Stock,$9.11,0.01,0.11%,4066927878.00,United States,2020,2487259,Finance,Finance: Consumer Services
DNLI,Denali Therapeutics Inc. Common Stock,$13.44,-0.39,-2.82%,1952513459.00,United States,2017,1762097,Health Care,Biotechnology: Biological Products (No Diagnostic Substances)
DNN,Denison Mines Corp Ordinary Shares (Canada),$2.04,-0.03,-1.449%,1828542864.00,Canada,,57907761,Basic Materials,Other Metals and Minerals
DNOW,DNOW Inc. Common Stock,$14.74,-0.82,-5.27%,1556074826.00,United States,2014,1643196,Industrials,Metal Fabrications
DNP,DNP Select Income Fund Inc. Common Stock,$9.75,-0.04,-0.409%,0.00,United States,1987,400795,Finance,Investment Managers
DNTH,Dianthus Therapeutics Inc. Common Stock,$20.59,-0.08,-0.387%,662174029.00,United States,2018,370878,Health Care,Biotechnology: Pharmaceutical Preparations
DNUT,Krispy Kreme Inc. Common Stock,$3.44,-0.18,-4.972%,587552000.00,United States,2021,5283262,Consumer Staples,Food Chains
DOC,Healthpeak Properties Inc. Common Stock,$16.77,-0.17,-1.004%,11653866307.00,United States,,12918374,Real Estate,Real Estate Investment Trusts
DOCN,DigitalOcean Holdings Inc. Common Stock,$25.74,-2.12,-7.609%,2343203011.00,United States,2021,3049789,Technology,Computer Software: Programming Data Processing
DOCS,Doximity Inc. Class A Common Stock,$57.33,-1.42,-2.417%,10768073351.00,United States,2021,1489203,Technology,EDP Services
DOCU,DocuSign Inc. Common Stock,$73.84,-1.80,-2.38%,14920315084.00,United States,1989,1871197,Technology,Computer Software: Prepackaged Software
DOGZ,Dogness (International) Corporation Class A Common Stock,$7.62,-0.25,-3.177%,97007614.00,China,2017,31117,Consumer Discretionary,Miscellaneous manufacturing industries
DOLE,Dole plc Ordinary Shares,$14.04,-0.20,-1.404%,1335737997.00,Ireland,2021,669915,Consumer Staples,Farming/Seeds/Milling
DOMH,Dominari Holdings Inc. Common Stock,$4.50,-0.05,-1.099%,66168203.00,United States,,166392,Health Care,Biotechnology: Pharmaceutical Preparations
DOMO,Domo Inc. Class B Common Stock,$16.11,-0.35,-2.126%,648186945.00,United States,2018,1085082,Technology,Computer Software: Prepackaged Software
DOOO,BRP Inc. (Recreational Products) Common Subordinate Voting Shares,$49.31,-1.20,-2.376%,3606140597.00,Canada,,232009,Consumer Discretionary,Industrial Specialties
DORM,Dorman Products Inc. Common Stock,$119.13,-1.49,-1.235%,3634796159.00,United States,,161753,Consumer Discretionary,Auto Parts:O.E.M.
DOUG,Douglas Elliman Inc. Common Stock,$2.12,-0.63,-22.909%,188124217.00,United States,2021,2499841,Finance,Real Estate
DOV,Dover Corporation Common Stock,$174.97,-6.17,-3.406%,23994415241.00,United States,,1540718,Industrials,Industrial Machinery/Components
DOW,Dow Inc. Common Stock ,$21.79,-1.50,-6.441%,15445714050.00,United States,2019,25042344,Industrials,Major Chemicals
DOX,Amdocs Limited Ordinary Shares,$84.49,-0.87,-1.019%,9538123752.00,Guernsey,,1027433,Technology,EDP Services
DOYU,DouYu International Holdings Limited ADS,$7.855,-0.805,-9.296%,237054937.00,China,2019,101347,Technology,Computer Software: Programming Data Processing
DPG,Duff & Phelps Utility and Infrastructure Fund Inc.,$12.39,-0.01,-0.081%,0.00,United States,2011,71795,Finance,Trusts Except Educational Religious and Charitable
DPRO,Draganfly Inc. Common Shares,$5.04,-0.15,-2.89%,27441757.00,Canada,,1837859,Industrials,Aerospace
DPZ,Domino's Pizza Inc Common Stock,$466.17,2.96,0.639%,15825968503.00,United States,2004,511462,Consumer Discretionary,Food Distributors
DQ,DAQO New Energy Corp. American Depositary Shares each representing five ordinary shares,$20.67,-1.09,-5.009%,1386062299.00,China,2010,875310,Technology,Semiconductors
DRCT,Direct Digital Holdings Inc. Class A Common Stock,$0.5031,-0.0289,-5.432%,9514366.00,United States,2022,109275,Consumer Discretionary,Advertising
DRD,DRDGOLD Limited American Depositary Shares,$13.87,0.53,3.973%,1199184541.00,South Africa,,327618,Basic Materials,Precious Metals
DRDB,Roman DBDR Acquisition Corp. II Ordinary shares,$10.275,0.00,0.00%,0.00,United States,2025,102361,,
DRDBU,Roman DBDR Acquisition Corp. II Unit,$10.74,0.00,0.00%,0.00,United States,2024,55,,
DRDBW,Roman DBDR Acquisition Corp. II Warrants,$0.5038,0.0038,0.76%,0.00,United States,2025,500,,
DRH,Diamondrock Hospitality Company Common Stock,$7.57,-0.15,-1.943%,1561776132.00,United States,2005,2650246,Real Estate,Real Estate Investment Trusts
DRH^A,Diamondrock Hospitality Company 8.250% Series A Cumulative Redeemable Preferred Stock,$25.40,0.09,0.356%,,United States,,8082,,
DRI,Darden Restaurants Inc. Common Stock,$203.49,1.82,0.902%,23815214067.00,United States,,1158409,Consumer Discretionary,Restaurants
DRIO,DarioHealth Corp. Common Stock,$0.5499,-0.0231,-4.031%,24167788.00,Israel,,116368,Health Care,Medical/Dental Instruments
DRMA,Dermata Therapeutics Inc. Common Stock,$6.45,0.218,3.498%,41138861.00,United States,2021,97113,Health Care,Biotechnology: Pharmaceutical Preparations
DRMAW,Dermata Therapeutics Inc. Warrant,$0.02,0.00,0.00%,127562.00,United States,2021,8595,Health Care,Biotechnology: Pharmaceutical Preparations
DRRX,DURECT Corporation Common Stock,$1.835,-0.035,-1.872%,56963136.00,United States,2000,860213,Health Care,Biotechnology: Pharmaceutical Preparations
DRS,Leonardo DRS Inc. Common Stock,$41.67,0.07,0.168%,11089371829.00,Israel,,2186615,Industrials,Industrial Machinery/Components
DRTS,Alpha Tau Medical Ltd. Ordinary Shares,$2.98,-0.09,-2.932%,209734099.00,Israel,,12473,Health Care,Medical/Dental Instruments
DRTSW,Alpha Tau Medical Ltd. Warrant,$0.2237,-0.0063,-2.739%,15744134.00,Israel,,40929,Health Care,Medical/Dental Instruments
DRUG,Bright Minds Biosciences Inc. Common Stock,$33.63,-0.14,-0.415%,235039700.00,Canada,,43115,Health Care,Biotechnology: Pharmaceutical Preparations
DRVN,Driven Brands Holdings Inc. Common Stock,$16.71,-0.19,-1.124%,2745041249.00,United States,2021,976944,Consumer Discretionary,Automotive Aftermarket
DSGN,Design Therapeutics Inc. Common Stock,$3.82,-0.05,-1.292%,216856350.00,United States,2021,62810,Health Care,Biotechnology: Pharmaceutical Preparations
DSGR,Distribution Solutions Group Inc. Common Stock,$28.92,-1.05,-3.504%,1342996822.00,United States,,81484,Consumer Discretionary,Industrial Specialties
DSGX,Descartes Systems Group Inc. (The) Common Stock,$104.46,-1.30,-1.229%,8960874422.00,Canada,,381592,Technology,Computer Software: Prepackaged Software
DSL,DoubleLine Income Solutions Fund Common Shares of Beneficial Interests,$12.10,-0.05,-0.412%,1234161619.00,United States,2013,494268,Finance,Trusts Except Educational Religious and Charitable
DSM,BNY Mellon Strategic Municipal Bond Fund Inc. Common Stock,$5.53,0.00,0.00%,0.00,United States,1989,130191,Finance,Investment Managers
DSP,Viant Technology Inc. Class A Common Stock,$13.63,-0.87,-6.00%,852782540.00,United States,2021,197568,Technology,Computer Software: Programming Data Processing
DSS,DSS Inc. Common Stock,$1.06,0.0099,0.943%,9638069.00,United States,,5322,Consumer Discretionary,Containers/Packaging
DSU,Blackrock Debt Strategies Fund Inc. Common Stock,$10.57,0.00,0.00%,0.00,United States,1998,169262,Finance,Finance Companies
DSWL,Deswell Industries Inc. Common Shares,$2.94,-0.075,-2.488%,46849603.00,Macau,1995,8640,Industrials,Plastic Products
DSX,Diana Shipping inc. common stock,$1.49,-0.04,-2.614%,172494113.00,Greece,2005,183100,Consumer Discretionary,Marine Transportation
DSX^B,Diana Shipping Inc. Perpetual Preferred Shares Series B (Marshall Islands),$26.493,0.00,0.00%,,Greece,,378,,
DSY,Big Tree Cloud Holdings Limited Ordinary Shares,$1.19,-0.0338,-2.762%,67925850.00,China,,195703,Consumer Discretionary,Containers/Packaging
DSYWW,Big Tree Cloud Holdings Limited Warrants,$0.02,-0.0011,-5.213%,1141611.00,China,,3459,Consumer Discretionary,Containers/Packaging
DT,Dynatrace Inc. Common Stock,$50.51,-2.10,-3.992%,15136170270.00,United States,2019,2527401,Technology,Computer Software: Prepackaged Software
DTB,DTE Energy Company 2020 Series G 4.375% Junior Subordinated Debentures due 2080,$17.58,0.21,1.209%,3649393577.00,United States,2020,35077,Utilities,Electric Utilities: Central
DTCK,Davis Commodities Limited Ordinary Shares,$0.864,-0.006,-0.69%,21168540.00,Singapore,2023,89037,Industrials,Farming/Seeds/Milling
DTE,DTE Energy Company Common Stock,$138.51,0.10,0.072%,28752986594.00,United States,,1411979,Utilities,Electric Utilities: Central
DTF,DTF Tax-Free Income 2028 Term Fund Inc. Common Stock,$11.30,0.075,0.668%,79434107.00,United States,1991,25617,Finance,Investment Managers
DTG,DTE Energy Company 2021 Series E 4.375% Junior Subordinated Debentures,$17.77,0.07,0.395%,3688835259.00,United States,2021,32446,Utilities,Electric Utilities: Central
DTI,Drilling Tools International Corporation Common Stock,$2.06,-0.02,-0.962%,73321038.00,United States,2021,22410,Industrials,Metal Fabrications
DTIL,Precision BioSciences Inc. Common Stock,$4.62,-0.13,-2.737%,51227641.00,United States,2019,61917,Health Care,Biotechnology: Biological Products (No Diagnostic Substances)
DTM,DT Midstream Inc. Common Stock ,$105.61,2.88,2.803%,10728992348.00,United States,2021,1275524,Utilities,Natural Gas Distribution
DTSQ,DT Cloud Star Acquisition Corporation Ordinary Shares,$10.40,0.00,0.00%,0.00,United States,2024,5,,
DTSQR,DT Cloud Star Acquisition Corporation Right,$0.17,-0.0045,-2.579%,0.00,United States,2024,891,,
DTSS,Datasea Inc. Common Stock,$1.955,-0.0016,-0.082%,14963318.00,China,,12733,Technology,Computer Software: Prepackaged Software
DTST,Data Storage Corporation Common Stock,$4.68,-0.04,-0.847%,33414699.00,United States,,30717,Technology,EDP Services
DTSTW,Data Storage Corporation Warrant,$0.31,0.00,0.00%,2213367.00,United States,,966,Technology,EDP Services
DTW,DTE Energy Company 2017 Series E 5.25% Junior Subordinated Debentures due 2077,$22.52,-0.07,-0.31%,4674877324.00,United States,2017,16824,Utilities,Electric Utilities: Central
DUK,Duke Energy Corporation (Holding Company) Common Stock,$122.91,1.27,1.044%,95532671021.00,United States,,4642657,Utilities,Power Generation
DUK^A,Duke Energy Corporation Depositary Shares each representing a 1/1000th interest in a share of 5.75% Series A Cumulative Redeemable Perpetual Preferred Stock,$24.90,0.03,0.121%,,United States,,31537,,
DUKB,Duke Energy Corporation 5.625% Junior Subordinated Debentures due 2078,$24.26,-0.02,-0.082%,18856257416.00,United States,2018,11143,Utilities,Power Generation
DUO,Fangdd Network Group Ltd. Class A Ordinary Shares,$1.77,-0.045,-2.479%,6911080.00,China,2019,231592,Finance,Real Estate
DUOL,Duolingo Inc. Class A Common Stock,$338.99,-7.56,-2.182%,15408534513.00,United States,2021,1016033,Technology,Computer Software: Prepackaged Software
DUOT,Duos Technologies Group Inc. Common Stock,$6.57,-0.20,-2.954%,76566156.00,United States,,147385,Technology,Computer Software: Prepackaged Software
DV,DoubleVerify Holdings Inc. Common Stock,$15.16,-0.16,-1.044%,2463539431.00,United States,2021,2478065,Technology,Computer Software: Programming Data Processing
DVA,DaVita Inc. Common Stock,$138.48,-1.89,-1.346%,10455240000.00,United States,,686266,Health Care,Misc Health and Biotechnology Services
DVAX,Dynavax Technologies Corporation Common Stock,$10.86,-0.12,-1.093%,1304075859.00,United States,2004,1284624,Health Care,Biotechnology: Pharmaceutical Preparations
DVLT,Datavault AI Inc. Common Stock,$0.5096,-0.0257,-4.801%,33645927.00,United States,2018,1624632,Technology,Semiconductors
DVN,Devon Energy Corporation Common Stock,$32.14,-1.08,-3.251%,20637094000.00,United States,1985,8889912,Energy,Oil & Gas Production
DVS,Dolly Varden Silver Corporation Common Shares,$3.33,-0.02,-0.597%,265128097.00,,2025,266456,,
DWSN,Dawson Geophysical Company Common Stock,$1.44,-0.01,-0.69%,44617193.00,United States,,47367,Energy,Oil & Gas Production
DWTX,Dogwood Therapeutics Inc. Common Stock,$4.85,0.015,0.31%,9268971.00,United States,2020,4220,Health Care,Biotechnology: Pharmaceutical Preparations
DX,Dynex Capital Inc. Common Stock,$12.45,0.01,0.08%,1617406355.00,United States,,4618339,Real Estate,Real Estate Investment Trusts
DX^C,Dynex Capital Inc. 6.900% Series C Fixed-to-Floating Rate Cumulative Redeemable Preferred Stock,$25.88,-0.09,-0.347%,,United States,,11711,,
DXC,DXC Technology Company Common Stock ,$12.86,-0.75,-5.511%,2331084669.00,United States,,5093501,Technology,EDP Services
DXCM,DexCom Inc. Common Stock,$79.28,-1.49,-1.845%,31090069409.00,United States,2005,5238283,Health Care,Medical/Dental Instruments
DXF,Eason Technology Limited American Depositary Shares (each representing sixty-thousand (60000) Ordinary Shares),$4.38,-0.10,-2.232%,1092652.00,,,30501,Finance,Finance: Consumer Services
DXLG,Destination XL Group Inc. Common Stock,$1.26,-0.04,-3.077%,67806905.00,United States,,219802,Consumer Discretionary,Clothing/Shoe/Accessory Stores
DXPE,DXP Enterprises Inc. Common Stock,$110.02,-3.24,-2.861%,1726685786.00,United States,,193483,Industrials,Industrial Machinery/Components
DXR,Daxor Corporation Common Stock,$9.45,-0.47,-4.738%,45738000.00,United States,,8709,Health Care,Medical/Dental Instruments
DXST,Decent Holding Inc Class A Ordinary Shares,$1.2525,-0.0225,-1.765%,20353125.00,China,2025,4974,Industrials,Miscellaneous
DXYZ,Destiny Tech100 Inc. Common Stock,$28.47,-1.23,-4.141%,0.00,,2024,390148,,
DY,Dycom Industries Inc. Common Stock,$263.29,-5.52,-2.053%,7615620334.00,United States,,298742,Industrials,Water Sewer Pipeline Comm & Power Line Construction
DYAI,Dyadic International Inc. Common Stock,$1.005,-0.055,-5.189%,30241114.00,United States,,145597,Health Care,Biotechnology: Biological Products (No Diagnostic Substances)
DYCQ,DT Cloud Acquisition Corporation Ordinary Shares,$10.87,-0.43,-3.805%,0.00,United Kingdom,2024,101444,,
DYCQR,DT Cloud Acquisition Corporation Right,$0.24,0.011,4.803%,0.00,United Kingdom,2024,3022,,
DYN,Dyne Therapeutics Inc. Common Stock,$10.05,0.20,2.03%,1429750587.00,United States,2020,2751418,Health Care,Biotechnology: Pharmaceutical Preparations
DYNX,Dynamix Corporation Class A Ordinary Shares,$10.86,-0.03,-0.275%,0.00,United States,2024,738024,,
DYNXU,Dynamix Corporation Unit,$11.97,0.01,0.084%,0.00,United States,2024,123,,
DYNXW,Dynamix Corporation Warrant,$1.90,0.02,1.064%,0.00,United States,2024,89467,,
E,ENI S.p.A. Common Stock,$33.97,-0.07,-0.206%,55787071584.00,Italy,,186792,Energy,Oil & Gas Production
EA,Electronic Arts Inc. Common Stock,$157.08,4.59,3.01%,39390318882.00,United States,,4396980,Technology,Computer Software: Prepackaged Software
EAD,Allspring Income Opportunities Fund Common Shares,$7.02,-0.03,-0.426%,0.00,United States,2003,182694,Finance,Finance/Investors Services
EAF,GrafTech International Ltd. Common Stock,$1.28,-0.11,-7.914%,330433847.00,United States,2018,2539804,Energy,Industrial Machinery/Components
EAI,Entergy Arkansas LLC First Mortgage Bonds 4.875% Series Due September 1 2066,$21.28,-0.11,-0.514%,9166873040.00,United States,2016,21129,Utilities,Electric Utilities: Central
EARN,Ellington Credit Company Common Shares of Beneficial Interest,$5.66,-0.19,-3.248%,212585044.00,United States,2013,716546,Real Estate,Real Estate Investment Trusts
EAT,Brinker International Inc. Common Stock,$155.91,-1.69,-1.072%,6930379264.00,United States,,1455976,Consumer Discretionary,Restaurants
EB,Eventbrite Inc. Class A Common Stock,$2.29,-0.15,-6.148%,219586094.00,United States,2018,666293,Technology,Computer Software: Programming Data Processing
EBAY,eBay Inc. Common Stock,$91.74,-0.01,-0.011%,42292140000.00,United States,1998,11878004,Consumer Discretionary,Business Services
EBC,Eastern Bankshares Inc. Common Stock,$15.03,-0.42,-2.718%,3172681903.00,United States,2020,1712880,Finance,Savings Institutions
EBF,Ennis Inc. Common Stock,$17.57,-0.23,-1.292%,453220979.00,United States,,311626,Consumer Discretionary,Office Equipment/Supplies/Services
EBMT,Eagle Bancorp Montana Inc. Common Stock,$15.76,-0.36,-2.233%,125326310.00,United States,2010,25804,Finance,Major Banks
EBON,Ebang International Holdings Inc. Class A Ordinary Shares,$3.89,-0.15,-3.713%,25455919.00,China,2020,3725,Technology,Semiconductors
EBR,Centrais Electricas Brasileiras S A American Depositary Shares (Each representing one Common Share),$6.80,0.04,0.592%,15251575772.00,Brazil,2016,1037781,Utilities,Electric Utilities: Central
EBS,Emergent BioSolutions Inc. Common Stock,$5.63,-0.25,-4.252%,305584166.00,United States,2006,1473353,Health Care,Biotechnology: Pharmaceutical Preparations
EC,Ecopetrol S.A. American Depositary Shares,$8.29,-0.11,-1.31%,17042869953.00,Colombia,,2237018,Energy,Oil & Gas Production
ECAT,BlackRock ESG Capital Allocation Term Trust Common Shares of Beneficial Interest,$16.25,-0.06,-0.368%,1757193750.00,United States,2021,492344,Finance,Trusts Except Educational Religious and Charitable
ECBK,ECB Bancorp Inc. Common Stock,$15.37,-0.20,-1.285%,138755457.00,United States,2022,15880,Finance,Banks
ECC           ,Eagle Point Credit Company Inc. Common Stock,$6.80,-0.08,-1.163%,412505163.00,United States,2014,1657035,Finance,Trusts Except Educational Religious and Charitable
ECC^D,Eagle Point Credit Company Inc. 6.75% Series D Preferred Stock,$19.67,0.01,0.051%,,United States,,9532,,
ECCC,Eagle Point Credit Company Inc. 6.50% Series C Term Preferred Stock due 2031,$23.66,-0.1399,-0.588%,1435275318.00,United States,,428,Finance,Trusts Except Educational Religious and Charitable
ECCF,Eagle Point Credit Company Inc. 8.00% Series F Term Preferred Stock due 2029,$25.10,0.04,0.16%,27325687983.00,United States,,2625,,
ECCU,Eagle Point Credit Company Inc. 7.75% Notes due 2030,$24.89,0.07,0.282%,0.00,United States,2024,6257,,
ECCV,Eagle Point Credit Company Inc. 5.375% Notes due 2029,$23.30,-0.02,-0.086%,1413436809.00,United States,2022,4542,Finance,Trusts Except Educational Religious and Charitable
ECCW,Eagle Point Credit Company Inc. 6.75% Notes due 2031,$23.65,0.08,0.339%,1434668693.00,United States,2021,1364,Finance,Trusts Except Educational Religious and Charitable
ECCX,Eagle Point Credit Company Inc. 6.6875% Notes due 2028,$25.00,0.00,0.00%,1516563100.00,United States,2022,1013,Finance,Trusts Except Educational Religious and Charitable
ECDA,ECD Automotive Design Inc. Common Stock,$0.1401,-0.0112,-7.403%,4957531.00,United States,2022,1691899,Consumer Discretionary,Auto Manufacturing
ECDAW,ECD Automotive Design Inc. Warrant ,$0.0141,0.00,0.00%,498938.00,United States,2022,200,Consumer Discretionary,Auto Manufacturing
ECF,Ellsworth Growth and Income Fund Ltd.,$10.37,-0.19,-1.799%,0.00,United States,1986,63236,Finance,Finance/Investors Services
ECF^A,Ellsworth Growth and Income Fund Ltd. 5.25% Series A Cumulative Preferred Shares (Liquidation Preference $25.00 per share),$21.5156,0.0156,0.073%,,United States,,843,,
ECG,Everus Construction Group Inc. Common Stock,$70.17,-4.09,-5.508%,3578640599.00,United States,2024,637009,Consumer Discretionary,Homebuilding
ECL,Ecolab Inc. Common Stock,$261.01,-0.75,-0.287%,73999628424.00,United States,,893770,Consumer Discretionary,Package Goods/Cosmetics
ECO,Okeanis Eco Tankers Corp. Common Stock,$23.60,-0.06,-0.254%,759780949.00,,,66852,Consumer Discretionary,Marine Transportation
ECOR,electroCore Inc. Common Stock,$6.77,-0.15,-2.168%,50237584.00,United States,2018,51121,Health Care,Biotechnology: Electromedical & Electrotherapeutic Apparatus
ECPG,Encore Capital Group Inc Common Stock,$35.97,-0.91,-2.467%,839870724.00,United States,,375445,Finance,Finance Companies
ECVT,Ecovyst Inc. Common Stock,$8.44,-0.17,-1.974%,990860304.00,United States,2017,1912283,Industrials,Major Chemicals
ECX,ECARX Holdings Inc. Class A Ordinary shares,$1.605,-0.085,-5.03%,554896692.00,China,,2380105,Technology,EDP Services
ECXWW,ECARX Holdings Inc. Warrants,$0.0739,-0.0051,-6.456%,25549449.00,China,,4002,Technology,EDP Services
ED,Consolidated Edison Inc. Common Stock,$104.44,0.94,0.908%,37629327191.00,United States,,2272574,Utilities,Power Generation
EDAP,EDAP TMS S.A. American Depositary Shares,$1.3034,-0.0966,-6.90%,48736845.00,France,1997,39767,Health Care,Biotechnology: Electromedical & Electrotherapeutic Apparatus
EDBL,Edible Garden AG Incorporated Common Stock,$2.40,-0.05,-2.041%,3972634.00,United States,2022,42489,Consumer Staples,Farming/Seeds/Milling
EDBLW,Edible Garden AG Incorporated Warrant,$0.11,0.00,0.00%,182079.00,United States,2022,4228,Consumer Staples,Farming/Seeds/Milling
EDD,Morgan Stanley Emerging Markets Domestic Debt Fund Inc. Common Stock,$5.11,0.00,0.00%,0.00,United States,2007,295935,Finance,Finance Companies
EDF,Virtus Stone Harbor Emerging Markets Income Fund Common Shares of Beneficial Interest,$5.08,0.01,0.197%,0.00,United States,2010,58975,Finance,Investment Managers
EDHL,Everbright Digital Holding Limited Ordinary Shares,$0.6169,-0.0131,-2.079%,16347850.00,Hong Kong,2025,228088,Consumer Discretionary,Advertising
EDIT,Editas Medicine Inc. Common Stock,$2.44,-0.07,-2.789%,204259376.00,United States,2016,1622120,Health Care,Biotechnology: Biological Products (No Diagnostic Substances)
EDN,Empresa Distribuidora Y Comercializadora Norte S.A. (Edenor) American Depositary Shares,$28.47,-0.05,-0.175%,1290338835.00,Argentina,2007,103044,Utilities,Electric Utilities: Central
EDRY,EuroDry Ltd. Common Shares ,$10.7999,0.4344,4.191%,30528045.00,Greece,,1763,Consumer Discretionary,Marine Transportation
EDSA,Edesa Biotech Inc. Common Shares,$2.14,-0.11,-4.889%,6949412.00,United States,,18701,Health Care,Biotechnology: Pharmaceutical Preparations
EDTK,Skillful Craftsman Education Technology Limited Ordinary Share,$0.89,-0.023,-2.519%,14177211.00,China,2020,4237,Real Estate,Other Consumer Services
EDU,New Oriental Education & Technology Group Inc. Sponsored ADR representing 10 Ordinary Share (Cayman Islands),$44.65,0.54,1.224%,7301562393.00,China,2006,1670962,Real Estate,Other Consumer Services
EDUC,Educational Development Corporation Common Stock,$1.3001,-0.0399,-2.978%,11159020.00,United States,,3182,Consumer Discretionary,Consumer Specialties
EE,Excelerate Energy Inc. Class A Common Stock,$25.56,-0.10,-0.39%,2914305269.00,United States,2022,661462,Utilities,Oil/Gas Transmission
EEA,The European Equity Fund Inc. Common Stock,$10.04,-0.05,-0.496%,0.00,United States,,16887,Finance,Trusts Except Educational Religious and Charitable
EEFT,Euronet Worldwide Inc. Common Stock,$93.90,-3.28,-3.375%,4060691978.00,United States,1997,602595,Finance,Investment Bankers/Brokers/Service
EEIQ,EpicQuest Education Group International Limited Common Stock,$0.6249,-0.0181,-2.815%,8310028.00,United States,2021,19453,Real Estate,Other Consumer Services
EEX,Emerald Holding Inc. Common Stock,$4.86,-0.11,-2.213%,966454006.00,United States,2017,57529,Consumer Discretionary,Business Services
EFC,Ellington Financial Inc. Common Stock ,$12.70,0.01,0.079%,1200316840.00,United States,2010,1199032,Finance,Real Estate
EFC^A,Ellington Financial Inc. 6.750% Series A Fixed-to-Floating Rate Cumulative Redeemable Preferred Stock,$25.30,0.11,0.437%,,United States,,2507,,
EFC^B,Ellington Financial Inc. 6.250% Series B Fixed-Rate Reset Cumulative Redeemable Preferred Stock,$23.37,0.18,0.776%,,United States,,3212,,
EFC^C,Ellington Financial Inc. 8.625% Series C Fixed-Rate Reset Cumulative Redeemable Preferred Stock,$25.10,0.01,0.04%,,United States,,1386,,
EFC^D,Ellington Financial Inc. 7.00% Series D Cumulative Perpetual Redeemable Preferred Stock,$23.5031,0.00,0.00%,,United States,,13,,
EFOI,Energy Focus Inc. Common Stock,$2.01,-0.0668,-3.216%,10782380.00,United States,,4474,Consumer Discretionary,Building Products
EFR,Eaton Vance Senior Floating-Rate Fund Common Shares of Beneficial Interest,$11.83,-0.09,-0.755%,0.00,United States,2003,91258,Finance,Trusts Except Educational Religious and Charitable
EFSC,Enterprise Financial Services Corporation Common Stock,$53.81,-1.38,-2.50%,1987347511.00,United States,,246777,Finance,Major Banks
EFSCP,Enterprise Financial Services Corporation Depositary Shares Each Representing a 1/40th Interest in a Share of 5% Fixed Rate Non-Cumulative Perpetual Preferred Stock Series A,$20.01,-0.02,-0.10%,739022927.00,United States,,9040,Finance,Major Banks
EFSI,Eagle Financial Services Inc Common Stock,$33.02,0.01,0.03%,177593513.00,United States,,22116,Finance,Major Banks
EFT,Eaton Vance Floating Rate Income Trust Common Shares of Beneficial Interest,$12.27,-0.10,-0.808%,356939392.00,United States,2004,82733,Finance,Finance Companies
EFX,Equifax Inc. Common Stock,$239.99,-0.24,-0.10%,29710133226.00,United States,,1606221,Finance,Finance: Consumer Services
EFXT,Enerflex Ltd Common Shares,$7.79,-0.19,-2.381%,962248291.00,Canada,2022,328326,Industrials,Industrial Machinery/Components
EG,Everest Group Ltd. Common Stock,$331.34,-4.46,-1.328%,14093456776.00,Bermuda,,318747,Finance,Property-Casualty Insurers
EGAN,eGain Corporation Common Stock,$5.82,-0.36,-5.825%,159181033.00,United States,1999,31802,Technology,Computer Software: Prepackaged Software
EGBN,Eagle Bancorp Inc. Common Stock,$15.96,-0.13,-0.808%,484823128.00,United States,,963874,Finance,Major Banks
EGG,Enigmatig Limited Class A Ordinary Shares,$4.50,-0.70,-13.462%,129375000.00,,2025,20909,Consumer Discretionary,Professional Services
EGHA,EGH Acquisition Corp. Class A Ordinary Shares,$10.10,0.00,0.00%,0.00,United States,2025,13334,Finance,Finance/Investors Services
EGHAR,EGH Acquisition Corp. Rights,$0.19,-0.01,-5.00%,0.00,United States,2025,18630,Finance,Blank Checks
EGHAU,EGH Acquisition Corp. Unit,$10.23,0.00,0.00%,0.00,United States,2025,5,Finance,Blank Checks
EGHT,8x8 Inc Common Stock,$1.87,-0.07,-3.608%,251476276.00,United States,,964694,Technology,EDP Services
EGY,VAALCO Energy Inc.  Common Stock,$3.60,-0.12,-3.226%,373748566.00,United States,,708105,Energy,Oil & Gas Production
EH,EHang Holdings Limited ADS,$16.90,-0.60,-3.429%,1216544100.00,China,2019,1171590,Industrials,Aerospace
EHAB,Enhabit Inc. Common Stock,$6.52,-0.20,-2.976%,330155959.00,United States,2022,582141,Health Care,Medical/Nursing Services
EHC,Encompass Health Corporation Common Stock,$108.53,-1.58,-1.435%,10939490270.00,United States,,1272979,Health Care,Hospital/Nursing Management
EHGO,Eshallgo Inc. Class A Ordinary Shares,$0.791,0.017,2.196%,16203635.00,China,2024,127989,Consumer Discretionary,Diversified Commercial Services
EHI,Western Asset Global High Income Fund Inc Common Stock,$6.60,0.03,0.457%,0.00,United States,2003,130294,Finance,Investment Managers
EHLD,Euroholdings Ltd. Common Stock ,$7.30,-0.40,-5.195%,20561290.00,Greece,,6243,Consumer Discretionary,Marine Transportation
EHTH,eHealth Inc. Common Stock,$3.21,-0.19,-5.588%,97348534.00,United States,2006,441675,Finance,Specialty Insurers
EIC,Eagle Point Income Company Inc. Common Stock,$12.72,-0.27,-2.079%,113311134.00,,2019,220245,Finance,Finance/Investors Services
EICA,Eagle Point Income Company Inc. 5.00% Series A Term Preferred Stock due 2026,$24.5881,0.0701,0.286%,219033450.00,,2021,6330,Finance,Finance/Investors Services
EICB,Eagle Point Income Company Inc. 7.75% Series B Term Preferred Stock Due 2028,$25.02,0.01,0.04%,0.00,,,10676,,
EICC,Eagle Point Income Company Inc. 8.00% Series C Term Preferred Stock due 2029,$25.15,-0.03,-0.119%,0.00,,,22803,,
EIG,Employers Holdings Inc Common Stock,$39.13,-2.15,-5.208%,940708756.00,United States,2007,472258,Finance,Property-Casualty Insurers
EIIA,Eagle Point Institutional Income Fund 8.125% Series A Term Preferred Shares Due 2029,$25.213,0.0983,0.391%,0.00,,2024,1753,,
EIM,Eaton Vance Municipal Bond Fund Common Shares of Beneficial Interest $.01 par value,$9.62,0.04,0.418%,0.00,United States,2002,88626,Finance,Finance/Investors Services
EIX,Edison International Common Stock,$53.13,1.01,1.938%,20442493362.00,United States,,5101349,Utilities,Electric Utilities: Central
EJH,E-Home Household Service Holdings Limited Ordinary Shares,$1.53,-0.02,-1.29%,5620991.00,China,2021,54729,Consumer Discretionary,Other Consumer Services
EKSO,Ekso Bionics Holdings Inc. Common Stock,$3.49,0.01,0.287%,9115140.00,United States,,34684,Industrials,Industrial Machinery/Components
EL,Estee Lauder Companies Inc. (The) Common Stock,$91.04,-2.30,-2.464%,32751820259.00,United States,1995,3145040,Consumer Discretionary,Package Goods/Cosmetics
ELA,Envela Corporation Common Stock,$5.49,0.07,1.292%,142713653.00,United States,,14824,Consumer Discretionary,Consumer Specialties
ELAB,PMGC Holdings Inc. Common Stock,$1.95,-0.14,-6.699%,2682001.00,United States,2023,61458,Health Care,Biotechnology: Pharmaceutical Preparations
ELAN,Elanco Animal Health Incorporated Common Stock,$13.79,0.11,0.804%,6848755290.00,United States,2018,5034462,Health Care,Biotechnology: Pharmaceutical Preparations
ELBM,Electra Battery Materials Corporation Common Stock,$1.105,-0.05,-4.329%,19847096.00,Canada,,89449,Miscellaneous,Industrial Machinery/Components
ELC,Entergy Louisiana Inc. Collateral Trust Mortgage Bonds 4.875 % Series due September 1 2066,$21.28,-0.01,-0.047%,4537695107.00,United States,2016,15169,Utilities,Electric Utilities: Central
ELDN,Eledon Pharmaceuticals Inc. Common Stock,$3.38,0.23,7.302%,202400400.00,United States,2014,649365,Health Care,Biotechnology: Pharmaceutical Preparations
ELF,e.l.f. Beauty Inc. Common Stock,$116.42,-4.77,-3.936%,6557749650.00,United States,2016,1370337,Consumer Discretionary,Package Goods/Cosmetics
ELLO,Ellomay Capital Ltd Ordinary Shares (Israel),$18.05,0.20,1.12%,231989159.00,Israel,,4128,Utilities,Electric Utilities: Central
ELMD,Electromed Inc. Common Stock,$18.13,-0.08,-0.439%,152040265.00,United States,2011,50581,Health Care,Biotechnology: Electromedical & Electrotherapeutic Apparatus
ELME,Elme Communities Common Stock,$15.11,0.03,0.199%,1332077307.00,United States,2000,810706,Real Estate,Real Estate Investment Trusts
ELP,Companhia Paranaense de Energia (COPEL) American Depositary Shares (each representing one Unit consisting one Common Share and four non-voting Class B Preferred Shares),$8.67,0.13,1.522%,2812815686.00,Brazil,2021,240186,Utilities,Electric Utilities: Central
ELPC,Companhia Paranaense de Energia (COPEL) American Depositary Shares (each representing four (4) Common Shares),$7.965,0.165,2.115%,2584091919.00,Brazil,2023,2404,Utilities,Electric Utilities: Central
ELPW,Elong Power Holding Limited Class A Ordinary Shares,$3.55,-0.24,-6.332%,177699205.00,China,,2218768,,
ELS,Equity Lifestyle Properties Inc. Common Stock,$60.26,0.34,0.567%,11677770275.00,United States,,2200136,Real Estate,Real Estate Investment Trusts
ELSE,Electro-Sensors Inc. Common Stock,$4.20,-0.07,-1.639%,14485888.00,United States,,9524,Industrials,Industrial Machinery/Components
ELTK,Eltek Ltd. Ordinary Shares,$10.53,0.05,0.477%,70698841.00,Israel,1997,1301,Technology,Electrical Products
ELTX,Elicio Therapeutics Inc. Common Stock,$9.98,0.17,1.733%,159649820.00,United States,2021,21884,Health Care,Biotechnology: Pharmaceutical Preparations
ELUT,Elutia Inc. Class A Common Stock,$2.04,0.01,0.493%,83875955.00,United States,2020,15286,Health Care,Biotechnology: Biological Products (No Diagnostic Substances)
ELV,Elevance Health Inc. Common Stock,$274.66,-8.42,-2.974%,61847472977.00,United States,,3380927,Health Care,Medical Specialities
ELVA,Electrovaya Inc. Common Shares,$4.86,-0.04,-0.816%,194919607.00,Canada,,97606,,
ELVN,Enliven Therapeutics Inc. Common Stock,$18.73,-0.08,-0.425%,919067202.00,United States,2020,490125,Health Care,Biotechnology: Pharmaceutical Preparations
ELWS,Earlyworks Co. Ltd. American Depositary Shares,$5.46,-0.14,-2.50%,16463975.00,Japan,2023,205563,Technology,EDP Services
EM,Smart Share Global Limited American Depositary Shares,$1.16,0.01,0.87%,294140337.00,China,2021,259202,Consumer Discretionary,Other Consumer Services
EMA,Emera Incorporated Common Shares,$46.77,-0.23,-0.489%,13932783000.00,,2025,164830,Utilities,Electric Utilities: Central
EMBC,Embecta Corp. Common Stock,$9.96,-0.20,-1.969%,582087380.00,United States,,673486,Health Care,Medical/Dental Instruments
EMCG,Embrace Change Acquisition Corp Ordinary Shares,$12.08,0.00,0.00%,0.00,United States,2022,1,Finance,Blank Checks
EMCGR,Embrace Change Acquisition Corp Rights,$0.10,0.00,0.00%,0.00,United States,2022,6,Finance,Blank Checks
EMCGW,Embrace Change Acquisition Corp Warrants,$0.0449,0.0129,40.313%,0.00,United States,2022,4039,Finance,Blank Checks
EMD,Western Asset Emerging Markets Debt Fund Inc Common Stock,$10.15,0.04,0.396%,0.00,United States,,109020,Finance,Finance/Investors Services
EME,EMCOR Group Inc. Common Stock,$624.67,-2.82,-0.449%,27958982359.00,United States,,508809,Industrials,Engineering & Construction
EMF,Templeton Emerging Markets Fund Common Stock,$15.01,0.04,0.267%,0.00,United States,1987,10907,Finance,Finance/Investors Services
EML,Eastern Company (The) Common Stock,$22.03,-1.02,-4.425%,135413674.00,United States,,8057,Consumer Discretionary,Industrial Machinery/Components
EMN,Eastman Chemical Company Common Stock,$58.79,-13.82,-19.033%,6787902101.00,United States,,7417819,Industrials,Major Chemicals
EMO,ClearBridge Energy Midstream Opportunity Fund Inc. Common Stock,$47.47,-0.40,-0.836%,0.00,United States,2011,70116,Finance,Investment Managers
EMP,Entergy Mississippi LLC First Mortgage Bonds 4.90% Series Due October 1 2066,$21.29,-0.13,-0.607%,9171180781.00,United States,2016,7352,Utilities,Electric Utilities: Central
EMPD,Empery Digital Inc. Common stock,$9.75,-0.43,-4.224%,0.00,United States,2021,103782,,
EMPG,Empro Group Inc. Ordinary shares,$5.56,0.17,3.154%,45175000.00,Malaysia,2025,566980,,
EMR,Emerson Electric Company Common Stock,$141.78,-3.73,-2.563%,79751250000.00,United States,,4078735,Technology,Consumer Electronics/Appliances
EMX,EMX Royalty Corporation Common Shares (Canada),$2.92,-0.03,-1.017%,315337571.00,Canada,,252779,Basic Materials,Metal Mining
ENB,Enbridge Inc Common Stock,$46.20,0.91,2.009%,100716000000.00,Canada,,4569740,Energy,Natural Gas Distribution
ENFY,Enlightify Inc. Common Stock,$0.9099,-0.0234,-2.507%,14349973.00,China,,57408,Industrials,Agricultural Chemicals
ENGN,enGene Holdings Inc. Common Stock,$3.83,0.04,1.055%,195732920.00,Canada,,91113,Health Care,Biotechnology: Biological Products (No Diagnostic Substances)
ENGNW,enGene Holdings Inc. Warrants,$0.74,-0.17,-18.681%,37817849.00,Canada,,511,Health Care,Biotechnology: Biological Products (No Diagnostic Substances)
ENGS,Energys Group Limited Ordinary Shares,$3.11,-0.05,-1.582%,44317500.00,United Kingdom,2025,1529299,Industrials,Engineering & Construction
ENIC,Enel Chile S.A. American Depositary Shares (Each representing 50 shares of Common Stock),$3.18,0.00,0.00%,4398993038.00,Chile,2016,493874,Utilities,Electric Utilities: Central
ENJ,Entergy New Orleans LLC First Mortgage Bonds 5.0% Series due December 1 2052,$20.77,-0.19,-0.906%,8947178244.00,United States,,912,Utilities,Power Generation
ENLT,Enlight Renewable Energy Ltd. Ordinary Shares,$24.48,-0.15,-0.609%,2915461267.00,Israel,2023,41080,Utilities,Electric Utilities: Central
ENLV,Enlivex Therapeutics Ltd. Ordinary Shares,$1.45,-0.04,-2.685%,34582406.00,Israel,2014,250283,Health Care,Biotechnology: Pharmaceutical Preparations
ENO,Entergy New Orleans LLC First Mortgage Bonds 5.50% Series due April 1 2066,$22.31,0.06,0.27%,4770566174.00,United States,2016,7972,Utilities,Power Generation
ENOV,Enovis Corporation Common Stock,$25.74,-1.06,-3.955%,1470347333.00,United States,,1336017,Health Care,Industrial Specialties
ENPH,Enphase Energy Inc. Common Stock,$31.43,-0.93,-2.874%,4109496733.00,United States,2012,7592902,Technology,Semiconductors
ENR,Energizer Holdings Inc. Common Stock,$22.14,-0.38,-1.687%,1598347330.00,United States,2015,1121953,Miscellaneous,Industrial Machinery/Components
ENS,EnerSys Common Stock,$89.20,-3.17,-3.432%,3496302378.00,United States,2004,257097,Technology,Industrial Machinery/Components
ENSC,Ensysce Biosciences Inc. Common Stock,$2.05,-0.04,-1.914%,4859931.00,United States,,435826,Health Care,Biotechnology: Pharmaceutical Preparations
ENSG,The Ensign Group Inc. Common Stock,$151.75,1.75,1.167%,8755998825.00,United States,2007,558365,Health Care,Hospital/Nursing Management
ENTA,Enanta Pharmaceuticals Inc. Common Stock,$7.11,-0.47,-6.201%,151987491.00,United States,2013,195593,Health Care,Biotechnology: Pharmaceutical Preparations
ENTG,Entegris Inc. Common Stock,$75.66,-2.80,-3.569%,11470056000.00,United States,2000,5561091,Industrials,Plastic Products
ENTO,Entero Therapeutics Inc. Common Stock,$0.4204,-0.0196,-4.455%,2003512.00,United States,2016,185999,Health Care,Biotechnology: Pharmaceutical Preparations
ENTX,Entera Bio Ltd. Ordinary Shares,$1.95,0.02,1.036%,88631726.00,Israel,2018,30488,Health Care,Biotechnology: Biological Products (No Diagnostic Substances)
ENVA,Enova International Inc. Common Stock,$100.56,-4.00,-3.826%,2515268363.00,United States,2014,396485,Finance,Finance: Consumer Services
ENVB,Enveric Biosciences Inc. Common Stock,$1.15,-0.07,-5.738%,2842404.00,United States,,162856,Health Care,Biotechnology: Pharmaceutical Preparations
ENVX,Enovix Corporation Common Stock,$10.705,-2.695,-20.112%,2349030062.00,United States,2021,24268474,Miscellaneous,Industrial Machinery/Components
ENVXW,Enovix Corporation Warrant,$2.77,-1.90,-40.685%,607829357.00,United States,,1186968,,
ENX,Eaton Vance New York Municipal Bond Fund Common Shares of Beneficial Interest $.01 par value,$9.08,0.01,0.11%,0.00,United States,2002,48164,Finance,Finance/Investors Services
EOD,Allspring Global Dividend Opportunity Fund Common Shares of Beneficial Interest,$5.50,-0.09,-1.61%,0.00,United States,2007,106617,Finance,Investment Managers
EOG,EOG Resources Inc. Common Stock,$116.60,-3.42,-2.85%,63638765366.00,United States,,2688978,Energy,Oil & Gas Production
EOI,Eaton Vance Enhance Equity Income Fund Eaton Vance Enhanced Equity Income Fund Shares of Beneficial Interest,$20.64,-0.33,-1.574%,0.00,United States,2004,49960,Finance,Finance/Investors Services
EOLS,Evolus Inc. Common Stock,$9.15,0.23,2.578%,589951639.00,United States,2018,1697849,Health Care,Biotechnology: Pharmaceutical Preparations
EONR,EON Resources Inc. Class A Common Stock,$0.3198,0.0196,6.529%,6322235.00,,2022,1187680,Energy,Oil & Gas Production
EOS,Eaton Vance Enhance Equity Income Fund II Common Stock,$23.75,-0.40,-1.656%,0.00,,2005,132238,Finance,Trusts Except Educational Religious and Charitable
EOSE,Eos Energy Enterprises Inc. Class A Common Stock,$5.51,-0.19,-3.333%,1431793369.00,United States,,13970248,Miscellaneous,Industrial Machinery/Components
EOSEW,Eos Energy Enterprises Inc. Warrant,$0.39,-0.08,-17.021%,101342906.00,United States,,46718,Miscellaneous,Industrial Machinery/Components
EOT,Eaton Vance Municipal Income Trust EATON VANCE NATIONAL MUNICIPAL OPPORTUNITIES TRUST,$16.17,0.14,0.873%,252654973.00,United States,2009,45350,Finance,Investment Bankers/Brokers/Service
EP,Empire Petroleum Corporation Common Stock,$4.41,-0.11,-2.434%,148703996.00,United States,2022,36546,Energy,Oil & Gas Production
EP^C,El Paso Corporation Preferred Stock,$49.00,-0.20,-0.407%,,United States,,852,,
EPAC,Enerpac Tool Group Corp. Common Stock,$37.51,-1.00,-2.597%,2023189173.00,United States,,471388,Technology,Industrial Machinery/Components
EPAM,EPAM Systems Inc. Common Stock,$150.99,-6.72,-4.261%,8553991324.00,United States,2012,854483,Technology,EDP Services
EPC,Edgewell Personal Care Company Common Stock,$25.16,-0.07,-0.277%,1183266195.00,United States,,715402,Consumer Discretionary,Package Goods/Cosmetics
EPD,Enterprise Products Partners L.P. Common Stock,$30.74,-0.25,-0.807%,66672067000.00,United States,,4221896,Utilities,Natural Gas Distribution
EPIX,ESSA Pharma Inc. Common Stock,$1.88,0.00,0.00%,83450474.00,Canada,,153036,Health Care,Biotechnology: Pharmaceutical Preparations
EPM,Evolution Petroleum Corporation Inc. Common Stock,$4.65,-0.18,-3.727%,159530526.00,United States,,175844,Energy,Oil & Gas Production
EPOW,Sunrise New Energy Co. Ltd Class A Ordinary Shares,$0.8823,-0.0027,-0.305%,23810586.00,China,2021,309,Consumer Discretionary,Business Services
EPR,EPR Properties Common Stock,$55.01,-0.03,-0.055%,4184528240.00,United States,1997,1151853,Real Estate,Real Estate Investment Trusts
EPR^C,EPR Properties 5.75% Series C Cumulative Convertible Preferred Shares,$24.42,-0.01,-0.041%,,United States,,2892,,
EPR^E,EPR Properties Series E Cumulative Conv Pfd Shs Ser E,$31.26,0.00,0.00%,,United States,,2709,,
EPR^G,EPR Properties 5.750% Series G Cumulative Redeemable Preferred Shares,$20.81,-0.10,-0.478%,,United States,,4806,,
EPRT,Essential Properties Realty Trust Inc. Common Stock,$30.54,0.05,0.164%,6051182956.00,United States,2018,1613613,Real Estate,Real Estate Investment Trusts
EPRX,Eupraxia Pharmaceuticals Inc. Common Stock,$5.26,-0.14,-2.593%,188567597.00,Canada,,4758,Health Care,Pharmaceuticals and Biotechnology
EPSM,Epsium Enterprise Limited Ordinary Shares,$16.48,-0.01,-0.061%,221458800.00,Macau,2025,161929,Consumer Staples,Beverages (Production/Distribution)
EPSN,Epsilon Energy Ltd. Common Share,$6.10,-0.15,-2.40%,134306171.00,United States,,179417,Energy,Oil & Gas Production
EPWK,EPWK Holdings Ltd. Class A Ordinary Shares,$0.4581,-0.0369,-7.455%,10035799.00,China,2025,332711,,
EQ,Equillium Inc. Common Stock,$0.71,0.319,81.586%,25360715.00,United States,2018,143972929,Health Care,Biotechnology: Pharmaceutical Preparations
EQBK,Equity Bancshares Inc. Class A Common Stock,$36.56,-1.02,-2.714%,640366461.00,United States,,114429,Finance,Major Banks
EQH,Equitable Holdings Inc. Common Stock,$50.09,-1.26,-2.454%,15222111620.00,United States,2018,2518336,Finance,Specialty Insurers
EQH^A,Equitable Holdings Inc. Depositary Shares,$20.70,0.02,0.097%,,United States,,32991,,
EQH^C,Equitable Holdings Inc. Depositary Shares each representing a 1/1000th interest in a share of Fixed Rate Noncumulative Perpetual Preferred Stock Series C,$16.80,-0.04,-0.238%,,United States,,31423,,
EQIX,Equinix Inc. Common Stock REIT,$771.75,-13.42,-1.709%,75526531196.00,United States,2000,500623,Real Estate,Real Estate Investment Trusts
EQNR,Equinor ASA,$25.45,-0.30,-1.165%,74943458515.00,Norway,,2791897,Energy,Integrated oil Companies
EQR,Equity Residential Common Shares of Beneficial Interest,$62.75,-0.45,-0.712%,23841465293.00,United States,,3720115,Real Estate,Real Estate Investment Trusts
EQS,Equus Total Return Inc. Common Stock,$1.48,0.00,0.00%,20107536.00,United States,,1973,Finance,Finance/Investors Services
EQT,EQT Corporation Common Stock,$52.34,-1.41,-2.623%,32663143380.00,United States,,7273952,Energy,Oil & Gas Production
EQV,EQV Ventures Acquisition Corp. Class A Ordinary Shares,$10.40,-0.02,-0.192%,0.00,,2024,5578,,
EQX,Equinox Gold Corp. Common Shares,$6.07,-0.03,-0.492%,2768565963.00,Canada,,11408354,Basic Materials,Precious Metals
ERAS,Erasca Inc. Common Stock,$1.39,-0.025,-1.767%,393769461.00,United States,2021,804375,Health Care,Biotechnology: Pharmaceutical Preparations
ERC,Allspring Multi-Sector Income Fund Common Stock,$9.338,-0.032,-0.342%,0.00,United States,2003,101591,Finance,Finance/Investors Services
ERH,Allspring Utilities and High Income Fund Common Shares,$11.945,0.015,0.126%,0.00,,2004,21842,Finance,Finance/Investors Services
ERIC,Ericsson American Depositary Shares,$7.25,0.03,0.416%,24274825079.00,Sweden,,16451315,Technology,Radio And Television Broadcasting And Communications Equipment
ERIE,Erie Indemnity Company Class A Common Stock,$350.75,-5.49,-1.541%,16201707208.00,United States,,128020,Finance,Specialty Insurers
ERII,Energy Recovery Inc. Common Stock,$12.79,-0.66,-4.907%,697045088.00,United States,2008,565932,Technology,Industrial Machinery/Components
ERJ,Embraer S.A. Common Stock,$56.84,-0.74,-1.285%,10423974849.00,Brazil,2000,2850264,Industrials,Aerospace
ERNA,Ernexa Therapeutics Inc. Common Stock,$1.56,-0.17,-9.827%,11483474.00,United States,,54669,Health Care,Biotechnology: Pharmaceutical Preparations
ERO,Ero Copper Corp. Common Shares,$13.41,-0.11,-0.814%,1388901405.00,Canada,2021,1269723,Basic Materials,Metal Mining
ES,Eversource Energy (D/B/A) Common Stock,$65.55,-0.55,-0.832%,24082074164.00,United States,,2841173,Utilities,Electric Utilities: Central
ESAB,ESAB Corporation Common Stock,$130.42,-3.75,-2.795%,7906437575.00,United States,2022,534518,Industrials,Industrial Machinery/Components
ESCA,Escalade Incorporated Common Stock,$11.78,-0.51,-4.15%,162409117.00,United States,,23105,Consumer Discretionary,Recreational Games/Products/Toys
ESE,ESCO Technologies Inc. Common Stock,$191.54,-2.16,-1.115%,4946423006.00,United States,,161748,Telecommunications,Telecommunications Equipment
ESEA,Euroseas Ltd. Common Stock (Marshall Islands),$51.44,-0.31,-0.599%,360420121.00,Greece,,45700,Consumer Discretionary,Marine Transportation
ESGL,ESGL Holdings Limited Ordinary Shares,$2.74,-0.20,-6.803%,114576498.00,Singapore,,22025,Utilities,Environmental Services
ESGLW,ESGL Holdings Limited Warrants,$0.0716,0.0001,0.14%,2994043.00,Singapore,,828,Utilities,Environmental Services
ESHA,ESH Acquisition Corp. Class A Common Stock,$11.10,0.00,0.00%,0.00,United States,2023,5,Finance,Blank Checks
ESHAR,ESH Acquisition Corp. Right,$0.102,-0.023,-18.40%,0.00,United States,2023,1000,Finance,Blank Checks
ESI,Element Solutions Inc. Common Stock,$23.17,-0.43,-1.822%,5618819371.00,United States,2014,3607339,Industrials,Major Chemicals
ESLA,Estrella Immunopharma Inc. Common Stock,$0.8549,0.0149,1.774%,30917962.00,United States,2021,10927,Health Care,Biotechnology: Biological Products (No Diagnostic Substances)
ESLAW,Estrella Immunopharma Inc. Warrant,$0.0451,0.00,0.00%,1631068.00,United States,2021,40,Health Care,Biotechnology: Biological Products (No Diagnostic Substances)
ESLT,Elbit Systems Ltd. Ordinary Shares,$465.01,-1.70,-0.364%,20742589933.00,Israel,,117111,Industrials,Military/Government/Technical
ESNT,Essent Group Ltd. Common Shares,$56.52,0.53,0.947%,5731215380.00,Bermuda,2013,669061,Finance,Property-Casualty Insurers
ESOA,Energy Services of America Corporation Common Stock,$10.24,-0.69,-6.313%,171190364.00,United States,,163878,Industrials,Water Sewer Pipeline Comm & Power Line Construction
ESP,Espey Mfg. & Electronics Corp. Common Stock,$46.44,2.44,5.545%,131490170.00,United States,1960,29462,Technology,Industrial Machinery/Components
ESPR,Esperion Therapeutics Inc. Common Stock,$1.40,-0.02,-1.408%,277479247.00,United States,2013,2637833,Health Care,Biotechnology: Pharmaceutical Preparations
ESQ,Esquire Financial Holdings Inc. Common Stock,$93.44,-2.44,-2.545%,790641999.00,United States,2017,90777,Finance,Commercial Banks
ESRT,Empire State Realty Trust Inc. Class A Common Stock,$7.15,-0.09,-1.243%,1204677002.00,United States,2013,1689183,Real Estate,Real Estate Investment Trusts
ESS,Essex Property Trust Inc. Common Stock,$256.72,-3.46,-1.33%,16533800528.00,United States,1994,830760,Real Estate,Real Estate Investment Trusts
ESTA,Establishment Labs Holdings Inc. Common Shares,$41.34,-0.615,-1.466%,1195439280.00,Costa Rica,2018,317281,Health Care,Industrial Specialties
ESTC,Elastic N.V. Ordinary Shares,$79.58,-4.12,-4.922%,8398466307.00,United States,2018,1221653,Technology,Computer Software: Prepackaged Software
ET,Energy Transfer LP Common Units ,$17.79,-0.25,-1.386%,61051332737.00,United States,,16559961,Utilities,Natural Gas Distribution
ET^I,Energy Transfer L.P. Series I Fixed Rate Perpetual Preferred Units,$11.5901,0.0451,0.391%,,United States,,101762,,
ETB,Eaton Vance Tax-Managed Buy-Write Income Fund Eaton Vance Tax-Managed Buy-Write Income Fund Common Shares of Beneficial Interest,$14.39,-0.12,-0.827%,422654417.00,United States,2005,63656,Finance,Investment Bankers/Brokers/Service
ETD,Ethan Allen Interiors Inc. Common Stock,$28.56,-1.21,-4.064%,726279658.00,United States,,426048,Consumer Discretionary,Home Furnishings
ETG,Eaton Vance Tax-Advantaged Global Dividend Income Fund Common Shares of Beneficial Interest,$20.24,-0.49,-2.364%,0.00,United States,2004,115475,Finance,Investment Managers
ETI^,Entergy Texas Inc 5.375% Series A Preferred Stock Cumulative No Par Value,$22.9266,0.0964,0.422%,,United States,,543,,
ETJ,Eaton Vance Risk-Managed Diversified Equity Income Fund Common Shares of Beneficial Interest,$8.88,-0.09,-1.003%,0.00,United States,2007,127579,Finance,Finance Companies
ETN,Eaton Corporation PLC Ordinary Shares,$381.29,-3.43,-0.892%,149198777000.00,Ireland,,2416778,Technology,Industrial Machinery/Components
ETNB,89bio Inc. Common Stock,$9.16,-0.34,-3.579%,1337215107.00,United States,2019,1108481,Health Care,Biotechnology: Pharmaceutical Preparations
ETO,Eaton Vance Tax-Advantage Global Dividend Opp Common Stock,$26.51,-0.89,-3.248%,434449538.00,United States,2004,56295,Finance,Investment Managers
ETON,Eton Pharmaceuticals Inc. Common Stock,$14.13,-0.03,-0.212%,378931770.00,United States,2018,249492,Health Care,Biotechnology: Pharmaceutical Preparations
ETOR,eToro Group Ltd. Class A Common Shares,$58.09,-1.87,-3.119%,4697944113.00,Israel,2025,545650,Finance,Investment Bankers/Brokers/Service
ETR,Entergy Corporation Common Stock,$89.67,-0.76,-0.84%,38627514354.00,United States,,2658293,Utilities,Electric Utilities: Central
ETSY,Etsy Inc. Common Stock,$58.77,0.50,0.858%,5824610541.00,United States,2015,4639850,Consumer Discretionary,Business Services
ETV,Eaton Vance Corporation Eaton Vance Tax-Managed Buy-Write Opportunities Fund Common Shares of Beneficial Interest,$13.62,-0.17,-1.233%,1488234913.00,United States,2005,181008,Finance,Investment Bankers/Brokers/Service
ETW,Eaton Vance Corporation Eaton Vance Tax-Managed Global Buy-Write Opportunites Fund Common Shares of Beneficial Interest,$8.57,-0.10,-1.153%,939253026.00,United States,2005,397615,Finance,Investment Managers
ETWO,E2open Parent Holdings Inc.Class A Common Stock,$3.30,0.00,0.00%,1032450494.00,United States,2020,26635229,Technology,EDP Services
ETX           ,Eaton Vance Municipal Income 2028 Term Trust Common Shares of Beneficial Interest,$18.18,-0.015,-0.082%,197888500.00,,2013,20295,Finance,Investment Managers
ETY,Eaton Vance Tax-Managed Diversified Equity Income Fund Common Shares of Beneficial Interest,$15.50,-0.19,-1.211%,0.00,United States,2006,211383,Finance,Finance Companies
EU,enCore Energy Corp. Common Shares,$2.54,-0.10,-3.788%,470779881.00,United States,,2850743,Basic Materials,Other Metals and Minerals
EUDA,EUDA Health Holdings Limited Ordinary Shares,$3.165,0.085,2.76%,117599949.00,Singapore,2021,102030,Health Care,Medical/Nursing Services
EUDAW,EUDA Health Holdings Limited Warrant,$0.14,0.00,0.00%,5201893.00,Singapore,2021,21,Health Care,Medical/Nursing Services
EURK,Eureka Acquisition Corp Class A Ordinary Share,$10.65,0.06,0.567%,0.00,United States,2024,105,,
EURKU,Eureka Acquisition Corp Unit,$10.77,0.02,0.186%,0.00,United States,2024,1000,,
EVAX,Evaxion A/S American Depositary Share,$2.61,-0.07,-2.612%,16486253.00,Denmark,2021,70477,Health Care,Biotechnology: Biological Products (No Diagnostic Substances)
EVC,Entravision Communications Corporation Common Stock,$2.22,0.01,0.452%,201967359.00,United States,2000,160583,Industrials,Broadcasting
EVCM,EverCommerce Inc. Common Stock,$9.98,-0.75,-6.99%,1821757883.00,United States,2021,266901,Technology,Computer Software: Prepackaged Software
EVER,EverQuote Inc. Class A Common Stock,$24.10,-0.49,-1.993%,784509587.00,United States,2018,398488,Technology,Computer Software: Programming Data Processing
EVEX,Eve Holding Inc. Common Stock,$6.32,-0.18,-2.769%,1881111963.00,,2022,288052,Industrials,Aerospace
EVF,Eaton Vance Senior Income Trust Common Stock,$5.59,-0.03,-0.534%,98042216.00,United States,1998,60604,Finance,Investment Bankers/Brokers/Service
EVG,Eaton Vance Short Diversified Income Fund Eaton Vance Short Duration Diversified Income Fund Common Shares of Beneficial Interest,$11.07,0.00,0.00%,0.00,United States,2005,33002,Finance,Investment Managers
EVGN,Evogene Ltd Ordinary Shares,$1.16,-0.04,-3.333%,7556923.00,Israel,,57201,Industrials,Agricultural Chemicals
EVGO,EVgo Inc. Class A Common Stock,$3.30,-0.07,-2.077%,1012995149.00,United States,,4562611,Technology,EDP Services
EVGOW,EVgo Inc. Warrants,$0.1789,-0.0072,-3.869%,54916616.00,United States,,38052,Technology,EDP Services
EVH,Evolent Health Inc Class A Common Stock,$9.98,-0.07,-0.697%,1171650104.00,United States,2015,1885107,Consumer Discretionary,Other Consumer Services
EVI,EVI Industries Inc.  Common Stock,$21.60,-0.69,-3.096%,275588158.00,United States,1999,12196,Consumer Discretionary,Other Consumer Services
EVLV,Evolv Technologies Holdings Inc. Class A Common Stock,$6.75,0.195,2.975%,1106974721.00,United States,2020,2647544,Technology,Computer peripheral equipment
EVLVW,Evolv Technologies Holdings Inc. Warrant,$0.5186,0.045,9.502%,85048458.00,United States,2020,42974,Technology,Computer peripheral equipment
EVM,Eaton Vance California Municipal Bond Fund Common Shares of Beneficial Interest $.01 par value,$8.78,-0.04,-0.454%,0.00,United States,2002,25679,Finance,Finance/Investors Services
EVN,Eaton Vance Municipal Income Trust Common Stock,$10.50,0.08,0.768%,416505212.00,United States,1999,96008,Finance,Investment Managers
EVO,Evotec SE American Depositary Shares,$4.02,0.04,1.005%,356545944.00,Germany,2021,29387,Health Care,Biotechnology: Pharmaceutical Preparations
EVOK,Evoke Pharma Inc. Common Stock,$4.6901,1.0601,29.204%,7001653.00,United States,2013,350416,Health Care,Biotechnology: Pharmaceutical Preparations
EVR,Evercore Inc. Class A Common Stock,$294.01,-7.13,-2.368%,11366253428.00,United States,2006,806376,Finance,Investment Managers
EVRG,Evergy Inc. Common Stock,$71.55,0.75,1.059%,16462989442.00,United States,,2411071,Utilities,Power Generation
EVT,Eaton Vance Tax Advantaged Dividend Income Fund Common Shares of Beneficial Interest,$23.60,-0.35,-1.461%,0.00,United States,2003,149801,Finance,Finance Companies
EVTC,Evertec Inc. Common Stock,$34.75,-1.40,-3.873%,2210589176.00,Puerto Rico,2013,525976,Technology,EDP Services
EVTL,Vertical Aerospace Ltd. Ordinary Shares,$5.82,-0.30,-4.902%,492096836.00,,2021,1572697,Industrials,Aerospace
EVTV,Envirotech Vehicles Inc. Common Stock,$0.1847,0.0239,14.863%,4741288.00,United States,,2604228,Consumer Discretionary,Auto Parts:O.E.M.
EVV,Eaton Vance Limited Duration Income Fund Common Shares of Beneficial Interest,$10.03,-0.07,-0.693%,0.00,United States,2003,274876,Finance,Finance/Investors Services
EW,Edwards Lifesciences Corporation Common Stock,$79.33,0.02,0.025%,46534978000.00,United States,,3152852,Health Care,Industrial Specialties
EWBC,East West Bancorp Inc. Common Stock,$98.80,-1.45,-1.446%,13617128970.00,United States,,1263497,Finance,Major Banks
EWCZ,European Wax Center Inc. Class A Common Stock,$4.22,-0.46,-9.829%,232965573.00,United States,2021,468079,Consumer Discretionary,Other Consumer Services
EWTX,Edgewise Therapeutics Inc. Common Stock,$14.31,0.05,0.351%,1505415163.00,United States,2021,649478,Health Care,Biotechnology: Pharmaceutical Preparations
EXAS,Exact Sciences Corporation Common Stock,$47.76,0.81,1.725%,9009335262.00,United States,2001,2535254,Health Care,Medical Specialities
EXC,Exelon Corporation Common Stock,$44.67,-0.27,-0.601%,45095958111.00,United States,,9211352,Utilities,Power Generation
EXE,Expand Energy Corporation Common Stock,$101.97,-2.81,-2.682%,24283714480.00,United States,,2661643,Energy,Oil & Gas Production
EXEEL,Expand Energy Corporation Class C Warrants,$91.25,-5.04,-5.234%,21730792844.00,United States,,178,Energy,Oil & Gas Production
EXEL,Exelixis Inc. Common Stock,$37.26,1.04,2.871%,10030485932.00,United States,2000,5806709,Health Care,Biotechnology: Biological Products (No Diagnostic Substances)
EXFY,Expensify Inc. Class A Common Stock,$1.98,-0.05,-2.463%,182958053.00,United States,2021,793580,Technology,Computer Software: Prepackaged Software
EXG,Eaton Vance Tax-Managed Global Diversified Equity Income Fund Common Shares of Beneficial Interest,$8.55,-0.20,-2.286%,0.00,United States,2007,900175,Finance,Finance Companies
EXK,Endeavour Silver Corporation Ordinary Shares (Canada),$4.96,-0.11,-2.17%,1436119491.00,Canada,,8303966,Basic Materials,Precious Metals
EXLS,ExlService Holdings Inc. Common Stock,$42.16,-1.27,-2.924%,6809394278.00,United States,2006,1858203,Consumer Discretionary,Business Services
EXOD,Exodus Movement Inc. Class A Common Stock,$28.38,-2.46,-7.977%,816211326.00,United States,,133805,Finance,Finance: Consumer Services
EXOZ,eXoZymes Inc. Common Stock,$10.075,-0.025,-0.248%,84305686.00,United States,2024,1060,Health Care,Biotechnology: Biological Products (No Diagnostic Substances)
EXP,Eagle Materials Inc Common Stock,$220.44,-3.85,-1.717%,7153123031.00,United States,,484116,Industrials,Building Materials
EXPD,Expeditors International of Washington Inc. Common Stock,$114.65,-1.59,-1.368%,15701094506.00,United States,,1587511,Consumer Discretionary,Oil Refining/Marketing
EXPE,Expedia Group Inc. Common Stock,$178.06,-2.16,-1.199%,22635146742.00,United States,,1674154,Consumer Discretionary,Transportation Services
EXPI,eXp World Holdings Inc. Common Stock,$9.42,-1.36,-12.616%,1471113205.00,United States,,2347720,Finance,Real Estate
EXPO,Exponent Inc. Common Stock,$68.33,-0.63,-0.914%,3467848765.00,United States,,949090,Consumer Discretionary,Professional Services
EXR,Extra Space Storage Inc Common Stock,$139.30,4.94,3.677%,29560975723.00,United States,2004,3193447,Real Estate,Real Estate Investment Trusts
EXTR,Extreme Networks Inc. Common Stock,$17.27,-0.39,-2.208%,2299806041.00,United States,1999,1223788,Telecommunications,Computer Communications Equipment
EYE,National Vision Holdings Inc. Common Stock,$24.21,-0.05,-0.206%,1913889084.00,United States,2017,1809928,Health Care,Ophthalmic Goods
EYPT,EyePoint Pharmaceuticals Inc. Common Stock,$9.71,-0.11,-1.12%,668161957.00,United States,,502236,Industrials,Biotechnology: Laboratory Analytical Instruments
EZGO,EZGO Technologies Ltd. Ordinary Shares,$0.51,0.1738,51.695%,2894338.00,China,2021,17611366,Consumer Discretionary,Motor Vehicles
EZPW,EZCORP Inc. Class A Non Voting Common Stock,$13.97,-0.35,-2.444%,850719020.00,United States,1991,1028059,Consumer Discretionary,Other Specialty Stores
F,Ford Motor Company Common Stock,$10.82,-0.25,-2.258%,43026258503.00,United States,,73503744,Consumer Discretionary,Auto Manufacturing
F^B,Ford Motor Company 6.20% Notes due June 1 2059,$22.52,-0.04,-0.177%,,United States,,22968,,
F^C,Ford Motor Company 6% Notes due December 1 2059,$22.0801,-0.0299,-0.135%,,United States,,31379,,
F^D,Ford Motor Company 6.500% Notes due August 15 2062,$23.55,-0.04,-0.17%,,United States,,26700,,
FA,First Advantage Corporation Common Stock,$16.47,-0.82,-4.743%,2860403352.00,United States,2021,653936,Consumer Discretionary,Business Services
FAAS,DigiAsia Corp. Ordinary Shares,$0.3801,-0.0079,-2.036%,23068967.00,United States,2021,725913,Technology,Computer Software: Prepackaged Software
FAASW,DigiAsia Corp. Warrant,$0.0381,-0.0002,-0.522%,2312359.00,United States,2021,216,Technology,Computer Software: Prepackaged Software
FACT,FACT II Acquisition Corp. Class A Ordinary Shares,$10.29,0.00,0.00%,0.00,United States,2024,81900,,
FACTW,FACT II Acquisition Corp. Warrant,$0.2499,0.00,0.00%,0.00,United States,2024,191,Finance,Blank Checks
FAF,First American Corporation (New) Common Stock,$60.66,0.61,1.016%,6175188000.00,United States,,870170,Finance,Specialty Insurers
FAMI,Farmmi Inc. Ordinary Shares,$1.7009,-0.0191,-1.11%,2126975.00,China,2018,25136,Consumer Staples,Packaged Foods
FANG,Diamondback Energy Inc. Common Stock,$146.14,-2.52,-1.695%,42697425674.00,United States,2012,2830910,Energy,Oil & Gas Production
FARM,Farmer Brothers Company Common Stock,$1.65,0.00,0.00%,35566397.00,United States,,151486,Consumer Staples,Packaged Foods
FAST,Fastenal Company Common Stock,$45.44,-0.69,-1.496%,52148607876.00,United States,1987,7660893,Consumer Discretionary,RETAIL: Building Materials
FAT,FAT Brands Inc. Class A Common Stock,$2.21,-0.07,-3.07%,39386182.00,United States,2017,69803,Consumer Discretionary,Restaurants
FATBB,FAT Brands Inc. Class B Common Stock,$2.68,0.045,1.708%,47762429.00,United States,,1354,Consumer Discretionary,Restaurants
FATBP,FAT Brands Inc. 8.25% Series B Cumulative Preferred Stock,$2.80,-0.21,-6.977%,49901046.00,United States,,11069,Consumer Discretionary,Restaurants
FATE,Fate Therapeutics Inc. Common Stock,$1.07,-0.03,-2.727%,122657334.00,United States,2013,767052,Health Care,Biotechnology: Biological Products (No Diagnostic Substances)
FATN,FatPipe Inc. Common Stock,$5.87,-0.678,-10.354%,81161367.00,United States,2025,52052,Technology,Computer Software: Prepackaged Software
FAX,abrdn Asia-Pacific Income Fund Inc. Common Stock,$16.11,0.00,0.00%,0.00,United States,1986,110736,Finance,Investment Managers
FBGL,FBS Global Limited Ordinary Shares,$0.6098,-0.0242,-3.817%,8232300.00,Singapore,2025,82336,Consumer Discretionary,Miscellaneous manufacturing industries
FBIN,Fortune Brands Innovations Inc. Common Stock,$55.83,1.29,2.365%,6714151587.00,United States,,2927671,Basic Materials,Forest Products
FBIO,Fortress Biotech Inc. Common Stock,$1.81,-0.04,-2.162%,53521555.00,United States,,118993,Health Care,Biotechnology: Pharmaceutical Preparations
FBIOP,Fortress Biotech Inc. 9.375% Series A Cumulative Redeemable Perpetual Preferred Stock,$6.9252,0.0552,0.803%,204777610.00,United States,,6975,Health Care,Biotechnology: Pharmaceutical Preparations
FBIZ,First Business Financial Services Inc. Common Stock,$46.89,-0.73,-1.533%,390287508.00,United States,,87879,Finance,Major Banks
FBK,FB Financial Corporation Common Stock,$47.47,-1.29,-2.646%,2181349890.00,United States,2016,599523,Finance,Major Banks
FBLA,FB Bancorp Inc. Common Stock,$11.46,-0.21,-1.799%,227337750.00,United States,2024,85479,Finance,Banks
FBLG,FibroBiologics Inc. Common Stock,$0.6486,0.0116,1.821%,24817113.00,United States,,746797,Health Care,Biotechnology: Pharmaceutical Preparations
FBNC,First Bancorp Common Stock,$48.36,-1.73,-3.454%,2003079131.00,United States,1987,355623,Finance,Major Banks
FBP,First BanCorp. New Common Stock,$20.32,-0.51,-2.448%,3282545022.00,Puerto Rico,,1385711,Finance,Major Banks
FBRT,Franklin BSP Realty Trust Inc. Common Stock,$10.48,0.38,3.762%,862240386.00,United States,2021,1250738,Real Estate,Real Estate Investment Trusts
FBRT^E,Franklin BSP Realty Trust Inc. 7.50% Series E Cumulative Redeemable Preferred Stock,$21.45,-0.21,-0.97%,,United States,,7607,,
FBRX,Forte Biosciences Inc. Common Stock,$9.61,-0.37,-3.707%,63266301.00,United States,2017,35772,Health Care,Biotechnology: Pharmaceutical Preparations
FBYD,Falcon's Beyond Global Inc. Class A Common Stock,$7.25,0.17,2.401%,877548077.00,United States,,3138,Consumer Discretionary,Services-Misc. Amusement & Recreation
FBYDW,Falcon's Beyond Global Inc. Warrants,$0.72,0.00,0.00%,87149602.00,United States,,10,Consumer Discretionary,Services-Misc. Amusement & Recreation
FC,Franklin Covey Company Common Stock,$18.62,-1.09,-5.53%,235390726.00,United States,,145816,Consumer Discretionary,Other Consumer Services
FCAP,First Capital Inc. Common Stock,$35.10,-0.42,-1.182%,117772890.00,United States,,5899,Finance,Savings Institutions
FCBC,First Community Bankshares Inc. (VA) Common Stock,$35.77,-0.73,-2.00%,653844409.00,United States,,50591,Finance,Major Banks
FCCO,First Community Corporation Common Stock,$24.52,-0.255,-1.029%,188352857.00,United States,,44084,Finance,Major Banks
FCEL,FuelCell Energy Inc. Common Stock,$4.72,-0.24,-4.839%,107573194.00,United States,,899442,Energy,Industrial Machinery/Components
FCF,First Commonwealth Financial Corporation Common Stock,$16.33,-0.18,-1.09%,1713654409.00,United States,,929599,Finance,Major Banks
FCFS,FirstCash Holdings Inc. Common Stock,$131.08,-2.21,-1.658%,5815307311.00,United States,1991,535598,Consumer Discretionary,Other Specialty Stores
FCN,FTI Consulting Inc. Common Stock,$165.52,-0.83,-0.499%,5355924298.00,United States,1999,438740,Consumer Discretionary,Professional Services
FCNCA,First Citizens BancShares Inc. Class A Common Stock,$1912.64,-82.12,-4.117%,25416805190.00,United States,,119140,Finance,Major Banks
FCNCO,First Citizens BancShares Inc. 5.625% Non-Cumulative Perpetual Preferred Stock Series C,$23.2999,-0.0001,0.00%,309629109.00,United States,,15807,Finance,Major Banks
FCNCP,First Citizens BancShares Inc. Depositary Shares,$21.42,0.12,0.563%,284647381.00,United States,,12878,Finance,Major Banks
FCO,abrdn Global Income Fund Inc. Common Stock,$6.50,-0.01,-0.154%,0.00,United States,1992,128973,Finance,Investment Managers
FCPT,Four Corners Property Trust Inc. Common Stock,$25.49,0.25,0.99%,2662795313.00,United States,2015,919549,Real Estate,Real Estate Investment Trusts
FCRX,Crescent Capital BDC Inc. 5.00% Notes due 2026,$24.95,0.08,0.322%,924685598.00,United States,2023,3424,Finance,Finance: Consumer Services
FCT,First Trust Senior Floating Rate Income Fund II Common Shares of Beneficial Interest,$10.08,-0.17,-1.659%,0.00,United States,2004,207181,Finance,Finance Companies
FCUV,Focus Universal Inc. Common Stock,$2.40,-0.15,-5.882%,17097631.00,United States,,17180,Industrials,Industrial Machinery/Components
FCX,Freeport-McMoRan Inc. Common Stock,$40.03,-0.21,-0.522%,57491096128.00,United States,,15584294,Basic Materials,Metal Mining
FDBC,Fidelity D & D Bancorp Inc. Common Stock,$39.98,-0.46,-1.137%,230584650.00,United States,,11465,Finance,Major Banks
FDMT,4D Molecular Therapeutics Inc. Common Stock,$6.42,1.92,42.667%,297404202.00,United States,2020,31482871,Health Care,Biotechnology: Biological Products (No Diagnostic Substances)
FDP,Fresh Del Monte Produce Inc. Common Stock,$37.29,-0.30,-0.798%,1788985513.00,Cayman Islands,1997,525663,Consumer Staples,Farming/Seeds/Milling
FDS,FactSet Research Systems Inc. Common Stock,$391.33,-11.57,-2.872%,14794924869.00,United States,2000,470165,Technology,Computer Software: Programming Data Processing
FDSB,Fifth District Bancorp Inc. Common Stock,$13.10,-0.28,-2.093%,72829096.00,United States,2024,30586,Finance,Savings Institutions
FDUS,Fidus Investment Corporation Common Stock,$20.64,-0.04,-0.193%,722645203.00,United States,2011,118873,Finance,Finance/Investors Services
FDX,FedEx Corporation Common Stock,$217.10,-6.39,-2.859%,51213694176.00,United States,,2212088,Consumer Discretionary,Air Freight/Delivery Services
FE,FirstEnergy Corp. Common Stock,$43.19,0.48,1.124%,24938075780.00,United States,,5117832,Utilities,Electric Utilities: Central
FEAM,5E Advanced Materials Inc. Common Stock,$3.05,-0.59,-16.209%,61054125.00,United States,,77789,Industrials,Mining & Quarrying of Nonmetallic Minerals (No Fuels)
FEBO,Fenbo Holdings Limited Ordinary Shares,$0.791,0.001,0.127%,8750438.00,Hong Kong,2023,4479,Consumer Discretionary,Home Furnishings
FEDU,Four Seasons Education (Cayman) Inc. American Depositary Shares each ADS representing 10 ordinary shares,$13.94,-0.06,-0.429%,31505209.00,,2017,380,Real Estate,Other Consumer Services
FEIM,Frequency Electronics Inc. Common Stock,$26.45,-0.15,-0.564%,257303696.00,United States,,364737,Industrials,Electrical Products
FELE,Franklin Electric Co. Inc. Common Stock,$93.15,-0.80,-0.852%,4247255384.00,United States,,313667,Consumer Discretionary,Metal Fabrications
FEMY,Femasys Inc. Common Stock,$0.8196,-0.0096,-1.158%,22325810.00,United States,2021,136252,Health Care,Medical/Dental Instruments
FENC,Fennec Pharmaceuticals Inc. Common Stock,$7.84,-0.34,-4.156%,216336960.00,United States,,54838,Health Care,Biotechnology: Biological Products (No Diagnostic Substances)
FENG,Phoenix New Media Limited American Depositary Shares each representing 48 Class A ordinary shares.,$2.12,-0.08,-3.636%,25462845.00,China,2011,545,Industrials,Broadcasting
FER,Ferrovial SE Ordinary Shares,$51.18,0.08,0.157%,36859124189.00,Netherlands,,351137,Industrials,Military/Government/Technical
FERA,Fifth Era Acquisition Corp I Class A Ordinary Shares,$10.175,0.01,0.098%,0.00,Cayman Islands,2025,42406,,
FERAR,Fifth Era Acquisition Corp I Rights,$0.2647,-0.0053,-1.963%,0.00,Cayman Islands,2025,155,,
FERG,Ferguson Enterprises Inc. Common Stock,$222.15,-1.18,-0.528%,44740800513.00,United Kingdom,2021,1212371,Miscellaneous,Miscellaneous
FET,Forum Energy Technologies Inc. Common Stock,$18.38,-1.33,-6.748%,227353708.00,United States,2012,143142,Industrials,Metal Fabrications
FF,FutureFuel Corp.  Common shares,$3.86,-0.19,-4.691%,169080518.00,United States,,290062,Industrials,Major Chemicals
FFA,First Trust Enhanced Equity Income Fund,$20.55,-0.31,-1.486%,0.00,United States,2004,32521,Finance,Investment Managers
FFAI,Faraday Future Intelligent Electric Inc. Class A Common Stock,$2.01,-0.12,-5.634%,196221736.00,United States,2020,12813568,Consumer Discretionary,Auto Manufacturing
FFAIW,Faraday Future Intelligent Electric Inc. Warrant,$0.0582,-0.0068,-10.462%,5681644.00,United States,2020,52467,Consumer Discretionary,Auto Manufacturing
FFBC,First Financial Bancorp. Common Stock,$23.64,-0.60,-2.475%,2263202728.00,United States,,396002,Finance,Major Banks
FFC,Flaherty & Crumrine Preferred and Income Securities Fund Incorporated,$16.29,-0.05,-0.306%,0.00,United States,2003,79505,Finance,Trusts Except Educational Religious and Charitable
FFIC,Flushing Financial Corporation Common Stock,$11.80,-0.19,-1.585%,398568694.00,United States,,419657,Finance,Major Banks
FFIN,First Financial Bankshares Inc. Common Stock,$34.05,-0.57,-1.646%,4870863328.00,United States,,813398,Finance,Major Banks
FFIV,F5 Inc. Common Stock,$307.43,-5.99,-1.911%,17656187565.00,United States,1999,790548,Telecommunications,Computer Communications Equipment
FFWM,First Foundation Inc. Common Stock,$4.78,-0.09,-1.848%,393805419.00,United States,,2684634,Finance,Major Banks
FG,F&G Annuities & Life Inc. Common Stock,$31.38,-0.53,-1.661%,4228849415.00,United States,2022,210986,Finance,Life Insurance
FGBI,First Guaranty Bancshares Inc. Common Stock,$8.05,-0.61,-7.044%,103751813.00,United States,,10388,Finance,Savings Institutions
FGBIP,First Guaranty Bancshares Inc. 6.75% Series A Fixed-Rate Non-Cumulative Perpetual Preferred Stock,$19.43,0.00,0.00%,250422078.00,United States,,21,Finance,Savings Institutions
FGEN,FibroGen Inc Common Stock,$6.89,-0.03,-0.434%,27847720.00,United States,2014,14398,Health Care,Biotechnology: Pharmaceutical Preparations
FGF,Fundamental Global Inc. Common Stock ,$38.30,17.51,84.223%,48729856.00,United States,2014,1486478,Finance,Property-Casualty Insurers
FGFPP,Fundamental Global Inc. 8.00% Cumulative Preferred Stock,$18.50,-0.15,-0.804%,23537920.00,United States,,1567,Finance,Property-Casualty Insurers
FGI,FGI Industries Ltd. Ordinary Shares,$3.95,-0.55,-12.222%,7577328.00,United States,2022,335103,Industrials,Industrial Specialties
FGIWW,FGI Industries Ltd. Warrant,$0.049,0.0127,34.986%,93997.00,United States,2022,1642,Industrials,Industrial Specialties
FGL,Founder Group Limited Class A Ordinary Shares,$1.22,0.07,6.087%,23686653.00,Malaysia,2024,496420,Consumer Discretionary,Engineering & Construction
FGMC,FG Merger II Corp. Common stock,$9.92,0.01,0.101%,101584748.00,United States,2025,25067,,
FGMCR,FG Merger II Corp. Rights,$0.248,-0.062,-20.00%,0.00,United States,2025,310,,
FGMCU,FG Merger II Corp. Unit,$10.12,-0.10,-0.978%,0.00,United States,2025,500,,
FGN,F&G Annuities & Life Inc. 7.950% Senior Notes due 2053,$26.86,0.07,0.261%,3387006999.00,United States,2023,6189,Finance,Life Insurance
FGSN,F&G Annuities & Life Inc. 7.300% Junior Subordinated Notes due 2065,$24.09,-0.02,-0.083%,0.00,United States,2025,21982,Finance,Life Insurance
FHB,First Hawaiian Inc. Common Stock,$23.73,-0.52,-2.144%,2983319274.00,United States,2016,1100698,Finance,Major Banks
FHI,Federated Hermes Inc. Common Stock,$49.23,-0.34,-0.686%,3894233650.00,United States,,1563862,Finance,Investment Managers
FHN,First Horizon Corporation Common Stock,$21.34,-0.47,-2.155%,10824361546.00,United States,,11663920,Finance,Major Banks
FHN^C,First Horizon Corporation Depositary Shares each representing a 1/400th interest in a share of Non-Cumulative Perpetual Preferred Stock Series C,$25.0843,0.0343,0.137%,,United States,,2195,,
FHN^E,First Horizon Corporation Depositary Shares each representing a 1/4000th interest in a share of Non-Cumulative Perpetual Preferred Stock Series E,$24.5201,-0.1999,-0.809%,,United States,,4304,,
FHN^F,First Horizon Corporation Depositary Shares each representing 1/4000th Interest in a Share of Non-Cumulative Perpetual Preferred Stock Series F,$18.20,0.11,0.608%,,United States,,4077,,
FHTX,Foghorn Therapeutics Inc. Common Stock,$4.99,-0.26,-4.952%,278149451.00,United States,2020,171669,Health Care,Biotechnology: Pharmaceutical Preparations
FI,Fiserv Inc. Common Stock,$135.33,-3.61,-2.598%,73564465049.00,United States,,5450101,Consumer Discretionary,Business Services
FIBK,First Interstate BancSystem Inc. Common Stock (DE),$28.41,-0.38,-1.32%,2979843562.00,United States,2010,1214189,Finance,Major Banks
FICO,Fair Isaac Corporation Common Stock,$1381.07,-55.65,-3.873%,33150729192.00,United States,,798471,Consumer Discretionary,Business Services
FIEE,FiEE Inc Common Stock,$2.73,0.06,2.247%,10138652.00,United States,,57770,Utilities,Telecommunications Equipment
FIG,Figma Inc. Class A Common Stock,$122.00,6.50,5.628%,0.00,,2025,55833737,Technology,Computer Software: Prepackaged Software
FIGS,FIGS Inc. Class A Common Stock,$6.21,-0.29,-4.462%,1009442536.00,United States,2021,2204546,Consumer Discretionary,Apparel
FIGXU,FIGX Capital Acquisition Corp. Units,$10.05,-0.02,-0.199%,0.00,United States,2025,164968,Finance,Blank Checks
FIHL,Fidelis Insurance Holdings Limited Common Shares,$14.87,-0.24,-1.588%,1662069551.00,Bermuda,2023,603595,Finance,Property-Casualty Insurers
FINS,Angel Oak Financial Strategies Income Term Trust Common Shares of Beneficial Interest,$13.00,-0.05,-0.383%,325814294.00,,2019,49597,Finance,Finance/Investors Services
FINV,FinVolution Group American Depositary Shares,$8.24,-0.35,-4.075%,2088130215.00,United States,2017,1648634,Finance,Finance: Consumer Services
FINW,FinWise Bancorp Common Stock,$17.65,-0.22,-1.231%,233241697.00,United States,2021,18305,Finance,Major Banks
FIP,FTAI Infrastructure Inc. Common Stock ,$6.33,0.06,0.957%,726439884.00,United States,,2287394,Energy,Oil Refining/Marketing
FIS,Fidelity National Information Services Inc. Common Stock,$78.36,-1.05,-1.322%,41169956353.00,United States,,2786828,Consumer Discretionary,Business Services
FISI,Financial Institutions Inc. Common Stock,$24.92,-0.57,-2.236%,501134023.00,United States,1999,158758,Finance,Major Banks
FITB,Fifth Third Bancorp Common Stock,$40.91,-0.66,-1.588%,27307105125.00,United States,,5396271,Finance,Major Banks
FITBI,Fifth Third Bancorp Depositary Shares,$25.75,0.19,0.743%,17187923661.00,United States,,43316,Finance,Major Banks
FITBO,Fifth Third Bancorp Depositary Shares each representing a 1/1000th ownership interest in a share of Non-Cumulative Perpetual Preferred Stock Series K,$20.26,0.03,0.148%,13523391587.00,United States,,15076,Finance,Major Banks
FITBP,Fifth Third Bancorp Depositary Shares each representing 1/40th share of Fifth Third 6.00% Non-Cumulative Perpetual Class B Preferred Stock Series A,$24.45,0.06,0.246%,16320183825.00,United States,,3266,Finance,Major Banks
FIVE,Five Below Inc. Common Stock,$133.16,-3.36,-2.461%,7331523946.00,United States,2012,1246631,Consumer Discretionary,Department/Specialty Retail Stores
FIVN,Five9 Inc. Common Stock,$24.28,-1.55,-6.001%,1851884500.00,United States,2014,6301200,Technology,EDP Services
FIX,Comfort Systems USA Inc. Common Stock,$695.30,-8.00,-1.137%,24531193576.00,United States,1997,552387,Industrials,Engineering & Construction
FIZZ,National Beverage Corp. Common Stock,$46.32,0.50,1.091%,4336489795.00,United States,,195154,Consumer Staples,Beverages (Production/Distribution)
FKWL,Franklin Wireless Corp. Common Stock,$3.89,0.00,0.00%,45840849.00,United States,,3842,Utilities,Telecommunications Equipment
FL,Foot Locker Inc.,$24.65,-0.39,-1.558%,2348593703.00,United States,,2480579,Consumer Discretionary,Clothing/Shoe/Accessory Stores
FLC,Flaherty & Crumrine Total Return Fund Inc Common Stock,$17.09,-0.01,-0.058%,0.00,United States,2003,4445,Finance,Trusts Except Educational Religious and Charitable
FLD,Fold Holdings Inc. Class A Common Stock,$4.27,0.04,0.946%,198053147.00,United States,2025,156035,Finance,Finance: Consumer Services
FLDDW,Fold Holdings Inc. Warrant,$0.648,0.00,0.00%,30055841.00,United States,2025,9804,Finance,Finance: Consumer Services
FLEX,Flex Ltd. Ordinary Shares,$49.52,-0.35,-0.702%,18586086225.00,Singapore,1994,3800651,Technology,Electrical Products
FLG,Flagstar Financial Inc. Common Stock,$11.20,-0.09,-0.797%,4648894992.00,United States,,7635973,Finance,Banks
FLG^A,Flagstar Financial Inc. Depositary shares each representing a 1/40th interest in a share of Fixed-to-Floating Rate Series A Noncumulative Perpetual Preferred Stock,$20.80,-0.07,-0.335%,,United States,,59246,,
FLG^U,Flagstar Financial Inc. Bifurcated Option Note Unit SecuritiES,$39.40,-0.10,-0.253%,,United States,,8424,,
FLGC,Flora Growth Corp. Common Stock,$0.51,-0.0784,-13.324%,11510013.00,Canada,2021,429592,Health Care,Biotechnology: Pharmaceutical Preparations
FLGT,Fulgent Genetics Inc. Common Stock,$18.53,1.35,7.858%,564119815.00,United States,2016,1079730,Health Care,Medical Specialities
FLL,Full House Resorts Inc. Common Stock,$4.42,-0.16,-3.493%,159012360.00,United States,,131727,Consumer Discretionary,Hotels/Resorts
FLNC,Fluence Energy Inc. Class A Common Stock,$7.78,-0.34,-4.187%,1417656569.00,United States,2021,3987334,Miscellaneous,Industrial Machinery/Components
FLNG,FLEX LNG Ltd. Ordinary Shares,$24.99,-0.08,-0.319%,1351653322.00,,2019,326424,Consumer Discretionary,Marine Transportation
FLNT,Fluent Inc. Common Stock,$2.10,-0.19,-8.297%,43351686.00,United States,,4906,Consumer Discretionary,Advertising
FLO,Flowers Foods Inc. Common Stock,$15.84,-0.01,-0.063%,3344432018.00,United States,,1903323,Consumer Staples,Packaged Foods
FLOC,Flowco Holdings Inc. Class A Common Stock,$17.19,-1.51,-8.075%,1556597028.00,,2025,272087,Industrials,Metal Fabrications
FLR,Fluor Corporation Common Stock,$41.42,-15.35,-27.039%,6820412205.00,United States,,25538249,Industrials,Military/Government/Technical
FLS,Flowserve Corporation Common Stock,$53.84,-2.20,-3.926%,7041315855.00,United States,,3289767,Industrials,Fluid Controls
FLUT,Flutter Entertainment plc Ordinary Shares,$299.62,-2.64,-0.873%,52811852346.00,,2024,2003919,Technology,Computer Software: Programming Data Processing
FLUX,Flux Power Holdings Inc. Common Stock,$1.62,-0.11,-6.358%,27246198.00,United States,,65661,Miscellaneous,Industrial Machinery/Components
FLWS,1-800-FLOWERS.COM Inc. Common Stock,$5.38,-0.53,-8.968%,341971802.00,United States,1999,561779,Consumer Discretionary,Other Specialty Stores
FLX,BingEx Limited American Depositary Shares,$2.99,-0.11,-3.548%,212678431.00,China,2024,36384,Industrials,Trucking Freight/Courier Services
FLXS,Flexsteel Industries Inc. Common Stock,$33.44,-0.57,-1.676%,176337580.00,United States,,15835,Consumer Discretionary,Home Furnishings
FLYE,Fly-E Group Inc. Common Stock,$5.98,0.07,1.184%,108219301.00,United States,2024,2885991,Industrials,Aerospace
FLYW,Flywire Corporation Voting Common Stock,$10.37,-0.52,-4.775%,1241133699.00,United States,2021,2808608,Consumer Discretionary,Business Services
FLYX,flyExclusive Inc. Class A Common Stock,$2.35,-0.0439,-1.834%,188304527.00,,2023,1540,Consumer Discretionary,Transportation Services
FLYY,Spirit Aviation Holdings Inc. Common Stock,$3.95,-0.14,-3.423%,97071305.00,,2025,339359,,
FMAO,Farmers & Merchants Bancorp Inc. Common Stock,$23.79,-0.22,-0.916%,326353266.00,United States,,33525,Finance,Savings Institutions
FMBH,First Mid Bancshares Inc. Common Stock,$37.46,-0.51,-1.343%,898627753.00,United States,,97455,Finance,Major Banks
FMC,FMC Corporation Common Stock,$38.01,-1.03,-2.638%,4747799718.00,United States,,2269338,Industrials,Major Chemicals
FMFC,Kandal M Venture Limited Class A Ordinary Shares,$7.22,-0.18,-2.432%,138046400.00,Cambodia,2025,94007,Consumer Discretionary,Apparel
FMN,Federated Hermes Premier Municipal Income Fund,$10.57,0.03,0.285%,911713765.00,United States,2002,40097,Finance,Investment Managers
FMNB,Farmers National Banc Corp. Common Stock,$13.19,-0.35,-2.585%,496478525.00,United States,,121275,Finance,Major Banks
FMS,Fresenius Medical Care AG American Depositary Shares (Each representing 1/2 of an Ordinary Share),$25.13,-0.21,-0.829%,14746959947.00,Germany,,293752,Health Care,Misc Health and Biotechnology Services
FMST,Foremost Clean Energy Ltd. Common Shares,$2.44,-0.15,-5.792%,25340169.00,Canada,,155112,Basic Materials,Other Metals and Minerals
FMSTW,Foremost Clean Energy Ltd. Warrant,$0.3617,0.0008,0.222%,3756368.00,Canada,,9780,Basic Materials,Other Metals and Minerals
FMX,Fomento Economico Mexicano S.A.B. de C.V. Common Stock,$88.97,-1.49,-1.647%,30926193980.00,Mexico,,655740,Consumer Staples,Beverages (Production/Distribution)
FMY,First Trust Motgage Income Fund Common Shares of Beneficial Interest,$12.24,-0.03,-0.244%,0.00,United States,2005,290,Finance,Finance/Investors Services
FN,Fabrinet Ordinary Shares,$315.20,-8.53,-2.635%,11293822141.00,Cayman Islands,2010,561507,Utilities,Telecommunications Equipment
FNB,F.N.B. Corporation Common Stock,$14.86,-0.46,-3.003%,5346722837.00,United States,,8160364,Finance,Major Banks
FND,Floor & Decor Holdings Inc. Common Stock,$78.31,1.67,2.179%,8426624764.00,United States,2017,3636601,Consumer Discretionary,RETAIL: Building Materials
FNF,Fidelity National Financial Inc. Common Stock,$56.58,0.15,0.266%,15539119771.00,United States,2014,1196875,Finance,Specialty Insurers
FNGR,FingerMotion Inc. Common Stock,$1.57,-0.05,-3.086%,93271234.00,United States,,242914,Technology,Computer Software: Prepackaged Software
FNKO,Funko Inc. Class A Common Stock,$3.59,-0.25,-6.51%,197217321.00,United States,2017,2306585,Consumer Discretionary,Recreational Games/Products/Toys
FNLC,First Bancorp Inc  (ME) Common Stock,$24.78,-0.43,-1.706%,277593316.00,United States,,21844,Finance,Major Banks
FNV,Franco-Nevada Corporation,$161.68,2.35,1.475%,31147374072.00,Canada,,898895,Basic Materials,Precious Metals
FNWB,First Northwest Bancorp Common Stock,$7.59,-0.06,-0.784%,71649668.00,United States,2015,9198,Finance,Banks
FNWD,Finward Bancorp Common Stock,$27.52,-0.21,-0.757%,119040209.00,United States,,106282,Finance,Major Banks
FOA,Finance of America Companies Inc. Class A Common Stock,$20.84,-0.69,-3.205%,230475395.00,United States,2021,168685,Finance,Finance: Consumer Services
FOF,Cohen & Steers Closed-End Opportunity Fund Inc. Common Stock,$12.83,-0.06,-0.465%,630448597.00,United States,2006,38712,Finance,Investment Managers
FOLD,Amicus Therapeutics Inc. Common Stock,$6.32,0.33,5.509%,1946123819.00,United States,2007,5961673,Health Care,Biotechnology: Pharmaceutical Preparations
FONR,Fonar Corporation Common Stock,$15.64,0.03,0.192%,103006979.00,United States,1981,14549,Health Care,Biotechnology: Electromedical & Electrotherapeutic Apparatus
FOR,Forestar Group Inc Common Stock ,$25.15,0.35,1.411%,1278454251.00,United States,2017,238711,Finance,Real Estate
FORA,Forian Inc. Common Stock,$1.92,-0.08,-4.00%,59908441.00,United States,,9607,Technology,EDP Services
FORD,Forward Industries Inc. Common Stock,$12.14,0.03,0.248%,13366978.00,United States,,4846,Industrials,Plastic Products
FORL,Four Leaf Acquisition Corporation Class A Common Stock,$11.53,0.00,0.00%,0.00,United States,2023,5,Finance,Blank Checks
FORLW,Four Leaf Acquisition Corporation Warrants,$0.04,0.00,0.00%,0.00,United States,2023,1593,Finance,Blank Checks
FORM,FormFactor Inc. FormFactor Inc. Common Stock,$28.93,0.52,1.83%,2229827253.00,United States,2003,1601842,Technology,Semiconductors
FORR,Forrester Research Inc. Common Stock,$10.94,1.20,12.32%,208549220.00,United States,1996,226042,Consumer Discretionary,Diversified Commercial Services
FORTY,Formula Systems (1985) Ltd. American Depositary Shares,$115.55,5.49,4.988%,1769956422.00,Israel,,350,Technology,EDP Services
FOSL,Fossil Group Inc. Common Stock,$1.59,-0.10,-5.917%,85278612.00,United States,1993,333130,Consumer Discretionary,Consumer Specialties
FOSLL,Fossil Group Inc. 7% Senior Notes due 2026,$18.06,-0.09,-0.496%,968636307.00,United States,,1390,Consumer Discretionary,Consumer Specialties
FOUR,Shift4 Payments Inc. Class A Common Stock,$101.94,-1.06,-1.029%,8896546621.00,United States,2020,1096821,Consumer Discretionary,Business Services
FOUR^A,Shift4 Payments Inc. 6.00% Series A Mandatory Convertible Preferred Stock,$116.74,-1.21,-1.026%,,United States,,6290,,
FOX,Fox Corporation Class B Common Stock,$50.73,-0.41,-0.802%,22809130576.00,United States,,1445750,Industrials,Broadcasting
FOXA,Fox Corporation Class A Common Stock,$55.54,-0.22,-0.395%,24971794050.00,United States,,3918815,Industrials,Broadcasting
FOXF,Fox Factory Holding Corp. Common Stock,$29.31,-1.06,-3.49%,1222590385.00,United States,2013,977567,Consumer Discretionary,Motor Vehicles
FOXO,FOXO Technologies Inc. Class A Common Stock,$0.1562,-0.0081,-4.93%,1582030.00,,2022,3288454,Finance,Life Insurance
FOXX,Foxx Development Holdings Inc. Common Stock,$7.70,0.19,2.53%,52210597.00,United States,,7312,Telecommunications,Computer Communications Equipment
FOXXW,Foxx Development Holdings Inc. Warrant,$0.19,-0.0159,-7.722%,1288313.00,United States,,5450,Telecommunications,Computer Communications Equipment
FPAY,FlexShopper Inc. Common Stock,$1.04,-0.01,-0.952%,22319949.00,United States,,77909,Consumer Discretionary,Diversified Commercial Services
FPF,First Trust Intermediate Duration Preferred & Income Fund Common Shares of Beneficial Interest,$18.78,-0.12,-0.635%,0.00,United States,2013,113740,Finance,Trusts Except Educational Religious and Charitable
FPH,Five Point Holdings LLC Class A Common Shares,$5.31,-0.02,-0.375%,791693807.00,United States,2017,197555,Finance,Real Estate
FPI,Farmland Partners Inc. Common Stock,$10.61,0.14,1.337%,468583944.00,United States,2014,533595,Real Estate,Real Estate Investment Trusts
FR,First Industrial Realty Trust Inc. Common Stock,$47.88,-0.84,-1.724%,6339551400.00,United States,1994,810800,Real Estate,Real Estate Investment Trusts
FRA,Blackrock Floating Rate Income Strategies Fund Inc  Common Stock,$13.20,-0.02,-0.151%,1963664617.00,United States,2003,99389,Finance,Investment Bankers/Brokers/Service
FRAF,Franklin Financial Services Corporation Common Stock,$39.01,-0.86,-2.157%,173918205.00,United States,,35608,Finance,Major Banks
FRBA,First Bank Common Stock,$14.64,-0.26,-1.745%,367967660.00,United States,2013,131658,Finance,Commercial Banks
FRD,Friedman Industries Inc. Common Stock,$14.94,-0.22,-1.451%,105468034.00,United States,,22223,Industrials,Steel/Iron Ore
FRGE,Forge Global Holdings Inc. Common Stock,$20.60,-1.32,-6.022%,253961847.00,United States,2021,392013,Finance,Investment Bankers/Brokers/Service
FRGT,Freight Technologies Inc. Ordinary Shares,$1.50,-0.0712,-4.532%,3429404.00,United States,2017,49055,Consumer Discretionary,Professional Services
FRHC,Freedom Holding Corp. Common Stock,$182.17,-3.645,-1.962%,11149831439.00,Kazakhstan,,154904,Finance,Investment Bankers/Brokers/Service
FRME,First Merchants Corporation Common Stock,$37.11,-1.01,-2.65%,2163772288.00,United States,,240013,Finance,Major Banks
FRMEP,First Merchants Corporation Depository Shares,$25.2777,0.0277,0.11%,1473866525.00,United States,,284,Finance,Major Banks
FRO,Frontline Plc Ordinary Shares,$18.80,0.38,2.063%,4185310313.00,Bermuda,,2100703,Consumer Discretionary,Marine Transportation
FROG,JFrog Ltd. Ordinary Shares,$41.92,-1.49,-3.432%,4802814140.00,United States,2020,865997,Technology,Computer Software: Prepackaged Software
FRPH,FRP Holdings Inc. Common Stock,$25.95,-0.45,-1.705%,495316317.00,United States,,52683,Finance,Real Estate
FRPT,Freshpet Inc. Common Stock,$65.85,-2.47,-3.615%,3211971442.00,United States,2014,2948590,Consumer Staples,Packaged Foods
FRSH,Freshworks Inc. Class A Common Stock,$12.68,-0.31,-2.386%,3695315599.00,United States,2021,7737252,Technology,Computer Software: Prepackaged Software
FRST,Primis Financial Corp. Common Stock,$11.09,-0.10,-0.894%,274175120.00,United States,2006,154448,Finance,Major Banks
FRSX,Foresight Autonomous Holdings Ltd. American Depositary Shares,$0.3738,-0.0109,-2.833%,7093801.00,Israel,,157210,Technology,Computer Software: Prepackaged Software
FRT,Federal Realty Investment Trust Common Stock,$90.61,-1.55,-1.682%,7816085651.00,United States,,854658,Real Estate,Real Estate Investment Trusts
FRT^C,Federal Realty Investment Trust Depositary Shares each representing a 1/1000th interest in a 5.000% Series C Cumulative Redeemable Preferred Share,$20.05,-0.05,-0.249%,,United States,,7451,,
FSBC,Five Star Bancorp Common Stock,$29.44,-0.65,-2.16%,628867575.00,United States,2021,62033,Finance,Major Banks
FSBW,FS Bancorp Inc. Common Stock,$37.84,-1.25,-3.198%,291270713.00,United States,2012,18572,Finance,Banks
FSCO,FS Credit Opportunities Corp. Common Stock,$7.45,0.00,0.00%,1477751455.00,United States,2022,678476,Finance,Trusts Except Educational Religious and Charitable
FSEA,First Seacoast Bancorp Inc. Common Stock,$11.59,0.00,0.00%,54669138.00,United States,2019,1206,Finance,Savings Institutions
FSFG,First Savings Financial Group Inc. Common Stock,$25.35,-0.23,-0.899%,175400098.00,United States,2008,22869,Finance,Savings Institutions
FSHP,Flag Ship Acquisition Corp. Ordinary Shares,$10.49,0.00,0.00%,0.00,United States,2024,5,,
FSHPR,Flag Ship Acquisition Corp. Right,$0.1311,-0.0089,-6.357%,0.00,United States,2024,62845,,
FSI,Flexible Solutions International Inc. Common Stock (CDA),$5.19,-0.1421,-2.665%,65640691.00,Canada,2002,28682,Industrials,Major Chemicals
FSK,FS KKR Capital Corp. Common Stock,$20.50,-0.41,-1.961%,5741361877.00,United States,2014,1865800,Finance,Investment Managers
FSLR,First Solar Inc. Common Stock,$183.97,9.24,5.288%,19729766802.00,United States,2006,5802364,Technology,Semiconductors
FSLY,Fastly Inc. Class A Common Stock,$6.36,-0.43,-6.333%,920928000.00,United States,2019,2928589,Technology,Computer Software: Prepackaged Software
FSM,Fortuna Mining Corp. Common Shares,$6.39,-0.06,-0.93%,1961474311.00,Canada,,10729042,Basic Materials,Precious Metals
FSP,Franklin Street Properties Corp. Common Stock,$1.61,-0.04,-2.424%,166941447.00,United States,,267167,Real Estate,Real Estate Investment Trusts
FSS,Federal Signal Corporation Common Stock,$122.57,-4.00,-3.16%,7451262815.00,United States,,1064378,Consumer Discretionary,Auto Manufacturing
FSTR,L.B. Foster Company Common Stock,$22.32,-1.18,-5.021%,235683755.00,United States,,29337,Industrials,Metal Fabrications
FSUN,FirstSun Capital Bancorp Common Stock,$34.84,-0.71,-1.997%,969714890.00,United States,,115003,Finance,Major Banks
FSV,FirstService Corporation Common Shares,$195.80,-1.42,-0.72%,8897935396.00,Canada,,120214,Finance,Real Estate
FT,Franklin Universal Trust Common Stock,$7.835,0.015,0.192%,196908389.00,United States,,34581,Finance,Trusts Except Educational Religious and Charitable
FTAI,FTAI Aviation Ltd. Common Stock,$137.32,-0.29,-0.211%,14082986487.00,United States,,1888566,Industrials,Misc Corporate Leasing Services
FTAIM,FTAI Aviation Ltd. 9.500% Fixed-Rate Reset Series D Cumulative Perpetual Redeemable Preferred Shares,$26.74,-0.0099,-0.037%,2742346772.00,United States,,1803,Industrials,Misc Corporate Leasing Services
FTAIN,FTAI Aviation Ltd. 8.25% Fixed - Rate Reset Series C Cumulative Perpetual Redeemable Preferred Shares,$25.748,0.328,1.29%,2640611244.00,United States,,6072,Industrials,Misc Corporate Leasing Services
FTCI,FTC Solar Inc. Common Stock,$5.98,0.27,4.729%,78167863.00,United States,2021,176433,Technology,Semiconductors
FTDR,Frontdoor Inc. Common Stock,$58.10,-0.40,-0.684%,4275334806.00,United States,,764190,Finance,Diversified Commercial Services
FTEK,Fuel Tech Inc. Common Stock,$2.57,-0.08,-3.019%,79098003.00,United States,,157754,Industrials,Pollution Control Equipment
FTEL,Fitell Corporation Class A Ordinary Shares,$0.539,0.019,3.654%,10846505.00,Australia,2023,113981,Consumer Discretionary,Recreational Games/Products/Toys
FTF,Franklin Limited Duration Income Trust Common Shares of Beneficial Interest,$6.38,-0.02,-0.313%,257786286.00,United States,2003,93682,Finance,Finance/Investors Services
FTFT,Future FinTech Group Inc. Common Stock,$2.02,-0.08,-3.81%,10104470.00,China,,64451,Consumer Discretionary,Business Services
FTHM,Fathom Holdings Inc. Common Stock,$1.14,0.01,0.885%,31665192.00,United States,2020,107135,Finance,Real Estate
FTHY,First Trust High Yield Opportunities 2027 Term Fund Common Stock,$14.51,-0.11,-0.752%,533576070.00,United States,2020,114900,Finance,Investment Managers
FTI,TechnipFMC plc Ordinary Share,$35.32,-1.05,-2.887%,14517101826.00,,,3531955,Industrials,Metal Fabrications
FTK,Flotek Industries Inc. Common Stock,$11.40,-0.65,-5.394%,340022077.00,United States,,350964,Industrials,Major Chemicals
FTLF,FitLife Brands Inc. Common Stock,$12.50,0.00,0.00%,117388400.00,United States,,19177,Health Care, Medicinal Chemicals and Botanical Products 
FTNT,Fortinet Inc. Common Stock,$97.36,-2.54,-2.543%,74520946156.00,United States,2009,4708575,Technology,Computer peripheral equipment
FTRE,Fortrea Holdings Inc. Common Stock,$5.46,-0.28,-4.878%,494130000.00,United States,,1559008,Health Care,Medical Specialities
FTRK,FAST TRACK GROUP Ordinary shares,$0.5691,-0.0309,-5.15%,12413494.00,Singapore,2025,257677,Energy,Oil & Gas Production
FTS,Fortis Inc. Common Shares,$49.89,0.92,1.879%,25024824000.00,United States,2016,1030841,Utilities,Electric Utilities: Central
FTV,Fortive Corporation Common Stock ,$46.55,-1.38,-2.879%,15749556860.00,United States,2016,4974301,Industrials,Industrial Machinery/Components
FUBO,fuboTV Inc. Common Stock,$3.75,-0.23,-5.779%,1280774239.00,United States,2020,21229571,Consumer Discretionary,Movies/Entertainment
FUFU,BitFuFu Inc. Class A Ordinary Shares,$3.35,-0.28,-7.713%,546407160.00,Singapore,,104034,Finance,Finance: Consumer Services
FUFUW,BitFuFu Inc. Warrant,$0.3248,-0.0001,-0.031%,52977029.00,Singapore,,9770,Finance,Finance: Consumer Services
FUL,H. B. Fuller Company Common Stock,$55.60,-0.60,-1.068%,3000392062.00,United States,,510628,Industrials,Home Furnishings
FULC,Fulcrum Therapeutics Inc. Common Stock,$6.83,0.10,1.486%,369445546.00,United States,2019,1006829,Health Care,Biotechnology: Pharmaceutical Preparations
FULT,Fulton Financial Corporation Common Stock,$17.62,-0.33,-1.838%,3203219178.00,United States,,2415588,Finance,Major Banks
FULTP,Fulton Financial Corporation Depositary Shares Each Representing a 1/40th Interest in a Share of Fixed Rate Non-Cumulative Perpetual Preferred Stock Series A,$18.58,-0.12,-0.642%,3377741903.00,United States,,1106,Finance,Major Banks
FUN,Six Flags Entertainment Corporation Common Stock New,$29.69,-0.27,-0.901%,3001695667.00,United States,,3068350,Consumer Discretionary,Services-Misc. Amusement & Recreation
FUNC,First United Corporation Common Stock,$32.02,-0.85,-2.586%,207445861.00,United States,,23224,Finance,Major Banks
FUND,Sprott Focus Trust Inc. Common Stock,$7.56,-0.10,-1.305%,224029691.00,United States,,25799,Finance,Investment Managers
FURY,Fury Gold Mines Limited Common Shares,$0.495,-0.0075,-1.493%,79364511.00,,2020,141529,Basic Materials,Precious Metals
FUSB,First US Bancshares Inc. Common Stock,$12.96,-0.22,-1.669%,74369042.00,United States,,3850,Finance,Major Banks
FUTU,Futu Holdings Limited American Depositary Shares,$141.67,-12.01,-7.815%,19724360350.00,Hong Kong,2019,3905203,Finance,Investment Bankers/Brokers/Service
FVCB,FVCBankcorp Inc. Common Stock,$12.49,-0.32,-2.498%,224714185.00,United States,,48978,Finance,Major Banks
FVN,Future Vision II Acquisition Corporation Ordinary shares,$10.40,0.00,0.00%,0.00,China,2024,8,,
FVNNR,Future Vision II Acquisition Corporation Right,$0.15,-0.0295,-16.435%,0.00,China,2024,112,Finance,Blank Checks
FVR,FrontView REIT Inc. Common Stock,$11.30,-0.47,-3.993%,215670964.00,United States,2024,452049,Real Estate,Real Estate Investment Trusts
FVRR,Fiverr International Ltd. Ordinary Shares no par value,$22.08,0.00,0.00%,792875710.00,,2019,1110500,Consumer Discretionary,Business Services
FWONA,Liberty Media Corporation Series A Liberty Formula One Common Stock,$88.82,-1.30,-1.443%,22155477876.00,United States,,83948,Industrials,Broadcasting
FWONK,Liberty Media Corporation Series C Liberty Formula One Common Stock,$98.94,-1.41,-1.405%,24679835409.00,United States,,1011309,Industrials,Broadcasting
FWRD,Forward Air Corporation Common Stock,$29.19,-1.20,-3.949%,888053821.00,United States,,787609,Consumer Discretionary,Oil Refining/Marketing
FWRG,First Watch Restaurant Group Inc. Common Stock,$16.78,-0.51,-2.95%,1023466131.00,United States,2021,1157759,Consumer Discretionary,Restaurants
FXNC,First National Corporation Common Stock,$21.17,-0.43,-1.991%,190248354.00,United States,,15202,Finance,Major Banks
FYBR,Frontier Communications Parent Inc. Common Stock,$36.60,-0.14,-0.381%,9161492400.00,United States,,2290406,Telecommunications,Telecommunications Equipment
G,Genpact Limited Common Stock,$42.49,-1.56,-3.541%,7430411301.00,Bermuda,2007,2685928,Consumer Discretionary,Professional Services
GAB,Gabelli Equity Trust Inc. (The) Common Stock,$5.82,0.00,0.00%,1710016180.00,United States,1986,375400,Finance,Investment Managers
GAB^G,Gabelli Equity Trust Inc. (The) Series G Cumulative Preferred Stock,$20.7213,0.1413,0.687%,,United States,,1218,,
GAB^H,Gabelli Equity Trust Inc. (The) Pfd Ser H,$20.7209,0.1509,0.734%,,United States,,7208,,
GAB^K,Gabelli Equity Trust Inc. (The) 5.00% Series K Cumulative Preferred Stock,$20.8199,0.2398,1.165%,,United States,,7579,,
GABC,German American Bancorp Inc. Common Stock,$37.61,-0.81,-2.108%,1409648864.00,United States,,130268,Finance,Major Banks
GAIA,Gaia Inc. Class A Common Stock,$3.98,-0.22,-5.238%,99789099.00,United States,1999,23490,Consumer Discretionary,Movies/Entertainment
GAIN,Gladstone Investment Corporation Business Development Company,$13.88,-0.01,-0.072%,511302848.00,United States,2005,189735,Finance,Finance: Consumer Services
GAINI,Gladstone Investment Corporation 7.875% Notes due 2030,$25.37,0.07,0.277%,0.00,United States,,5926,Finance,Finance: Consumer Services
GAINL,Gladstone Investment Corporation 8.00% Notes due 2028,$25.42,-0.03,-0.118%,936406225.00,United States,,3414,Finance,Finance: Consumer Services
GAINN,Gladstone Investment Corporation 5.00% Notes Due 2026,$24.85,-0.09,-0.361%,915408918.00,United States,,1023,Finance,Finance: Consumer Services
GAINZ,Gladstone Investment Corporation 4.875% Notes due 2028,$23.4182,0.1082,0.464%,862665156.00,United States,,2993,Finance,Finance: Consumer Services
GALT,Galectin Therapeutics Inc. Common Stock,$3.65,0.01,0.275%,231014285.00,United States,,294650,Health Care,Biotechnology: Pharmaceutical Preparations
GAM,General American Investors Inc. Common Stock,$56.39,-0.78,-1.364%,1351984648.00,United States,,23742,Finance,Investment Managers
GAM^B,General American Investors Company Inc. Cumulative Preferred Stock,$24.9669,-0.0131,-0.052%,,United States,,526,,
GAMB,Gambling.com Group Limited Ordinary Shares,$10.17,-0.40,-3.784%,353538683.00,Jersey,2021,415034,Consumer Discretionary,Services-Misc. Amusement & Recreation
GAME,GameSquare Holdings Inc. Common Stock,$0.8108,-0.0475,-5.534%,24617957.00,United States,,5095169,Consumer Discretionary,Services-Misc. Amusement & Recreation
GANX,Gain Therapeutics Inc. Common Stock,$1.44,-0.02,-1.37%,42563002.00,United States,2021,246306,Health Care,Biotechnology: Pharmaceutical Preparations
GAP,Gap Inc. (The) Common Stock,$18.84,-0.62,-3.186%,7028572766.00,United States,,9620495,Consumer Discretionary,Clothing/Shoe/Accessory Stores
GASS,StealthGas Inc. Common Stock,$6.59,-0.06,-0.902%,243689495.00,Greece,2005,66122,Consumer Discretionary,Marine Transportation
GATX,GATX Corporation Common Stock,$149.23,-3.46,-2.266%,5312588000.00,United States,,250150,Consumer Discretionary,Transportation Services
GAU,Galiano Gold Inc.,$1.36,0.03,2.256%,350254094.00,Canada,,1109484,Industrials,Mining & Quarrying of Nonmetallic Minerals (No Fuels)
GAUZ,Gauzy Ltd. Ordinary Shares,$6.42,-0.22,-3.313%,120184243.00,Israel,2024,53767,Miscellaneous,Industrial Machinery/Components
GB,Global Blue Group Holding AG Ordinary Shares,$7.38,-0.03,-0.405%,1471322335.00,,2000,26412,Technology,EDP Services
GBAB,Guggenheim Taxable Municipal Bond & Investment Grade Debt Trust Common Shares of Beneficial Interest,$15.29,0.20,1.325%,342448677.00,United States,2010,119423,Finance,Investment Managers
GBCI,Glacier Bancorp Inc. Common Stock,$42.86,-0.97,-2.213%,4865379080.00,United States,,789424,Finance,Major Banks
GBDC,Golub Capital BDC Inc. Common Stock,$14.72,-0.24,-1.604%,3921225708.00,United States,2010,1173468,Finance,Finance: Consumer Services
GBFH,GBank Financial Holdings Inc. Common Stock,$37.14,-0.395,-1.052%,530118496.00,United States,,43586,Finance,Commercial Banks
GBIO,Generation Bio Co. Common Stock,$4.21,-0.23,-5.18%,28333300.00,United States,2020,143807,Health Care,Biotechnology: Pharmaceutical Preparations
GBLI,Global Indemnity Group LLC Class A Common Stock (DE),$30.7874,0.00,0.00%,439480529.00,Ireland,,39,Finance,Property-Casualty Insurers
GBR,New Concept Energy Inc Common Stock,$0.825,-0.081,-8.94%,4233846.00,United States,1993,48533,Energy,Oil & Gas Production
GBTG,Global Business Travel Group Inc. Class A Common Stock,$6.09,-0.34,-5.288%,2915299735.00,United States,2020,1035543,Consumer Discretionary,Transportation Services
GBX,Greenbrier Companies Inc. (The) Common Stock,$43.97,-1.53,-3.363%,1357955058.00,United States,1994,348230,Industrials,Railroads
GCBC,Greene County Bancorp Inc. Common Stock,$23.07,-0.62,-2.617%,392808922.00,United States,,20207,Finance,Banks
GCI,Gannett Co. Inc. Common Stock,$4.02,0.21,5.512%,588671639.00,United States,2014,2571792,Consumer Discretionary,Newspapers/Magazines
GCL,GCL Global Holdings Ltd Ordinary Shares,$3.90,-0.11,-2.743%,492477937.00,Singapore,,133111,Technology,Computer Software: Prepackaged Software
GCLWW,GCL Global Holdings Ltd Warrants,$0.1002,-0.0106,-9.567%,12652895.00,Singapore,,20689,Technology,Computer Software: Prepackaged Software
GCMG,GCM Grosvenor Inc. Class A Common Stock,$11.67,-0.12,-1.018%,2266660366.00,United States,,489586,Finance,Investment Managers
GCMGW,GCM Grosvenor Inc. Warrant,$0.67,0.03,4.688%,130133886.00,United States,,7831,Finance,Investment Managers
GCO,Genesco Inc. Common Stock,$23.64,-0.42,-1.746%,254810950.00,United States,,221934,Consumer Discretionary,Clothing/Shoe/Accessory Stores
GCT,GigaCloud Technology Inc Class A Ordinary Shares,$20.97,-1.30,-5.837%,798295648.00,United States,2022,657306,Consumer Discretionary,Catalog/Specialty Distribution
GCTK,GlucoTrack Inc. Common Stock,$6.23,0.08,1.301%,3378878.00,United States,,67056,Health Care,Medical/Dental Instruments
GCTS,GCT Semiconductor Holding Inc. Common Stock,$1.33,-0.03,-2.206%,64469666.00,United States,2021,221692,Technology,Semiconductors
GCV,Gabelli Convertible and Income Securities Fund Inc. (The) Common Stock,$3.895,-0.035,-0.891%,74160913.00,United States,,42991,Finance,Finance/Investors Services
GD,General Dynamics Corporation Common Stock,$310.74,-0.87,-0.279%,83586991093.00,United States,,891136,Industrials,Marine Transportation
GDC,GD Culture Group Limited Common Stock,$3.31,0.02,0.608%,55592883.00,United States,2015,26837,Industrials,Steel/Iron Ore
GDDY,GoDaddy Inc. Class A Common Stock,$156.47,-5.11,-3.163%,22295127246.00,United States,2015,1888665,Technology,EDP Services
GDEN,Golden Entertainment Inc. Common Stock,$27.61,-0.51,-1.814%,729878219.00,United States,,137584,Consumer Discretionary,Services-Misc. Amusement & Recreation
GDEV,GDEV Inc. Ordinary Shares,$14.40,-0.20,-1.37%,261073296.00,Cyprus,,18961,Technology,EDP Services
GDEVW,GDEV Inc. Warrant,$0.0159,0.00,0.00%,288268.00,Cyprus,,31,Technology,EDP Services
GDHG,Golden Heaven Group Holdings Ltd. Class A Ordinary Shares,$0.5422,0.0321,6.293%,748748.00,China,2023,498196,Consumer Discretionary,Services-Misc. Amusement & Recreation
GDL,GDL Fund The Common Shares of Beneficial Interest,$8.21,-0.11,-1.322%,0.00,United States,2007,17473,Finance,Investment Managers
GDO,Western Asset Global Corporate Opportunity Fund Inc. Common Stock,$11.73,-0.01,-0.085%,0.00,United States,2009,43477,Finance,Finance Companies
GDOT,Green Dot Corporation Class A Common Stock $0.001 par value,$9.88,-0.24,-2.372%,542320699.00,United States,2010,951702,Finance,Finance: Consumer Services
GDRX,GoodRx Holdings Inc. Class A Common Stock,$4.53,-0.26,-5.428%,1617977767.00,United States,2020,696841,Technology,EDP Services
GDS,GDS Holdings Limited ADS,$34.12,-1.95,-5.406%,7041604156.00,China,2016,2135036,Technology,Computer Software: Programming Data Processing
GDTC,CytoMed Therapeutics Limited Ordinary Shares,$1.83,-0.05,-2.66%,21118200.00,Singapore,2023,4060,Health Care,Biotechnology: Pharmaceutical Preparations
GDV,Gabelli Dividend & Income Trust Common Shares of Beneficial Interest,$25.80,-0.54,-2.05%,2326863068.00,United States,2003,130021,Finance,Investment Managers
GDV^H,The Gabelli Dividend & Income Trust 5.375% Series H Cumulative Preferred Shares,$22.9411,-0.0339,-0.148%,,United States,,624,,
GDV^K,The Gabelli Dividend & Income Trust 4.250% Series K Cumulative Preferred Shares,$18.52,0.07,0.379%,,United States,,6598,,
GDYN,Grid Dynamics Holdings Inc. Class A Common Stock,$7.93,-1.56,-16.438%,670462888.00,United States,2018,5183477,Technology,Computer Software: Prepackaged Software
GE,GE Aerospace Common Stock,$269.38,-1.70,-0.627%,285661162070.00,United States,,4415309,Technology,Consumer Electronics/Appliances
GECC,Great Elm Capital Corp. Common Stock,$10.975,-0.015,-0.136%,83431511.00,United States,,31788,Finance,Finance: Consumer Services
GECCH,Great Elm Capital Corp. 8.125% Notes Due 2029,$25.45,0.00,0.00%,0.00,United States,,105,,
GECCI,Great Elm Capital Corp. 8.50% NOTES DUE 2029,$25.37,0.09,0.356%,0.00,United States,,207,Finance,Finance Companies
GECCO,Great Elm Capital Corp. 5.875% Notes due 2026,$25.19,0.0377,0.15%,0.00,United States,,400,Finance,Finance Companies
GECCZ,Great Elm Capital Corp. 8.75% Notes due 2028,$25.55,0.07,0.275%,0.00,United States,,694,Finance,Finance Companies
GEF,Greif Inc. Class A Common Stock,$62.18,-1.25,-1.971%,2951131074.00,United States,,218017,,
GEG,Great Elm Group Inc. Common Stock,$2.12,0.06,2.913%,59233809.00,United States,,4027,Technology,Computer Software: Prepackaged Software
GEGGL,Great Elm Group Inc.  7.25% Notes due 2027,$24.00,0.022,0.092%,670571424.00,United States,,572,Technology,Computer Software: Prepackaged Software
GEHC,GE HealthCare Technologies Inc. Common Stock ,$69.85,-1.47,-2.061%,31890858284.00,United States,,5126713,Health Care,Medical Electronics
GEL,Genesis Energy L.P. Common Units,$17.02,-0.34,-1.959%,2084342692.00,United States,2001,521610,Energy,Oil Refining/Marketing
GELS,Gelteq Limited Ordinary Shares,$1.62,-0.11,-6.358%,15289682.00,Australia,2024,66557,Health Care,Biotechnology: Pharmaceutical Preparations
GEN,Gen Digital Inc. Common Stock,$28.79,-0.70,-2.374%,17856413265.00,United States,,3610331,Technology,Computer Software: Prepackaged Software
GENC,Gencor Industries Inc. Common Stock,$14.11,-0.47,-3.224%,206820175.00,United States,,81578,Industrials,Construction/Ag Equipment/Trucks
GENI,Genius Sports Limited Ordinary Shares,$11.68,0.43,3.822%,2801068482.00,Guernsey,2021,7536187,Consumer Discretionary,Services-Misc. Amusement & Recreation
GENK,GEN Restaurant Group Inc. Class A Common Stock,$4.04,-0.02,-0.493%,132511903.00,United States,2023,123095,Consumer Discretionary,Restaurants
GENVR,Gen Digital Inc. Contingent Value Rights,$8.04,-0.83,-9.357%,4986646844.00,United States,,30972,Technology,Computer Software: Prepackaged Software
GEO,Geo Group Inc (The) REIT,$25.00,-0.92,-3.549%,3533566525.00,United States,,2333503,Consumer Discretionary,Homebuilding
GEOS,Geospace Technologies Corporation Common Stock (Texas),$15.86,-0.35,-2.159%,203118259.00,United States,,139206,Industrials,Industrial Machinery/Components
GERN,Geron Corporation Common Stock,$1.17,0.02,1.739%,745193777.00,United States,1996,9861387,Health Care,Biotechnology: Pharmaceutical Preparations
GES,Guess? Inc. Common Stock,$12.46,-0.54,-4.154%,648125814.00,United States,1996,683356,Consumer Discretionary,Apparel
GETY,Getty Images Holdings Inc. Class A Common Stock,$1.66,-0.11,-6.215%,686272499.00,United States,2022,1186532,Consumer Discretionary,Business Services
GEV,GE Vernova Inc. Common Stock,$656.50,-3.79,-0.574%,178715016610.00,United States,2024,3075177,,
GEVO,Gevo Inc. Common Stock,$1.22,-0.08,-6.154%,292266854.00,United States,2011,3440091,Industrials,Major Chemicals
GF,New Germany Fund Inc. (The) Common Stock,$11.46,-0.3001,-2.552%,0.00,United States,1990,20492,Finance,Investment Managers
GFAI,Guardforce AI Co. Limited Ordinary Shares,$1.11,-0.05,-4.31%,23336116.00,Singapore,,360222,Consumer Discretionary,Diversified Commercial Services
GFAIW,Guardforce AI Co. Limited Warrant,$0.2873,-0.0017,-0.588%,6040060.00,Singapore,,1458,Consumer Discretionary,Diversified Commercial Services
GFF,Griffon Corporation Common Stock,$80.77,-0.50,-0.615%,3798283478.00,United States,,422521,Industrials,Building Products
GFI,Gold Fields Limited American Depositary Shares,$25.59,1.23,5.049%,22903670481.00,South Africa,,3739841,Basic Materials,Precious Metals
GFL,GFL Environmental Inc. Subordinate voting shares no par value,$49.78,-0.56,-1.112%,18748505401.00,Canada,2020,1309113,Utilities,Environmental Services
GFR,Greenfire Resources Ltd. Common Shares,$4.57,-0.04,-0.868%,320951100.00,Canada,,14093,Energy,Oil & Gas Production
GFS,GlobalFoundries Inc. Ordinary Shares,$36.58,-0.81,-2.166%,20225551065.00,United States,2021,2707722,Technology,Semiconductors
GGAL,Grupo Financiero Galicia S.A. American Depositary Shares,$48.91,-1.56,-3.091%,7856186993.00,Argentina,,1159507,Finance,Commercial Banks
GGB,Gerdau S.A. Common Stock,$2.86,-0.10,-3.378%,5945383902.00,Brazil,,13930837,Industrials,Steel/Iron Ore
GGG,Graco Inc. Common Stock,$82.58,-1.40,-1.667%,13683026541.00,United States,,666400,Industrials,Fluid Controls
GGN,GAMCO Global Gold Natural Resources & Income Trust,$4.43,-0.01,-0.225%,0.00,United States,2005,281312,Finance,Finance/Investors Services
GGN^B,GAMCO Global Gold Natural Reources & Income Trust 5.00% Series B Cumulative 25.00 Liquidation Preference,$20.63,0.11,0.536%,,United States,,3846,,
GGR,Gogoro Inc. Ordinary Shares,$0.3441,-0.0109,-3.07%,101631067.00,Taiwan,,265176,Consumer Discretionary,Auto Manufacturing
GGROW,Gogoro Inc. Warrant,$0.0194,0.0004,2.105%,5729854.00,Taiwan,,12634,Consumer Discretionary,Auto Manufacturing
GGT,Gabelli Multi-Media Trust Inc. (The) Common Stock,$4.17,-0.04,-0.95%,114824082.00,United States,,87406,Finance,Trusts Except Educational Religious and Charitable
GGT^E,Gabelli Multi-Media Trust Inc. (The) 5.125% Series E Cumulative Preferred Stock,$21.88,-0.10,-0.455%,,United States,,939,,
GGT^G,Gabelli Multi-Media Trust Inc. (The) 5.125% Series G Cumulative Preferred Shares,$22.05,0.00,0.00%,,United States,,3,,
GGZ,Gabelli Global Small and Mid Cap Value Trust (The) Common Shares of Beneficial Interest,$13.37,-0.22,-1.619%,118618199.00,,2014,10163,Finance,Investment Managers
GH,Guardant Health Inc. Common Stock,$41.42,0.44,1.074%,5165316597.00,United States,2018,3158545,Health Care,Medical Specialities
GHC,Graham Holdings Company Common Stock,$920.42,-33.76,-3.538%,4012912466.00,United States,,41998,Real Estate,Other Consumer Services
GHG,GreenTree Hospitality Group Ltd. American depositary shares each representing one Class A ordinary share,$2.19,-0.10,-4.367%,222338635.00,,2018,9477,Consumer Discretionary,Hotels/Resorts
GHI,Greystone Housing Impact Investors LP Beneficial Unit Certificates representing assignments of limited partnership interests,$11.01,-0.02,-0.181%,257605781.00,United States,2022,35991,Finance,Finance: Consumer Services
GHLD,Guild Holdings Company Class A Common Stock,$19.86,0.00,0.00%,1235494095.00,United States,2020,26833,Finance,Finance: Consumer Services
GHM,Graham Corporation Common Stock,$55.51,-1.64,-2.87%,607748071.00,United States,1978,116698,Industrials,Industrial Machinery/Components
GHRS,GH Research PLC Ordinary Shares,$13.74,-0.62,-4.318%,852266712.00,Ireland,2021,273409,Health Care,Biotechnology: Pharmaceutical Preparations
GHY,PGIM Global High Yield Fund Inc.,$13.04,-0.07,-0.534%,0.00,United States,2012,256906,Finance,Trusts Except Educational Religious and Charitable
GIB,CGI Inc. Common Stock,$95.48,-0.95,-0.985%,21424909968.00,Canada,,324095,Consumer Discretionary,Professional Services
GIBO,GIBO Holdings Limited Class A Ordinary Shares,$0.0555,-0.0047,-7.807%,40620138.00,Hong Kong,,128718477,Technology,Computer Software: Prepackaged Software
GIBOW,GIBO Holdings Limited Warrants,$0.0542,0.0047,9.495%,39668675.00,Hong Kong,,26394,Technology,Computer Software: Prepackaged Software
GIC,Global Industrial Company Common Stock,$33.21,-0.85,-2.496%,1274410968.00,United States,,195784,Industrials,Industrial Machinery/Components
GIFI,Gulf Island Fabrication Inc. Common Stock,$6.87,0.15,2.232%,111455857.00,United States,1997,24626,Industrials,Metal Fabrications
GIFT,Giftify Inc. Common Stock,$1.06,-0.05,-4.505%,31094396.00,United States,,209424,Consumer Discretionary,Catalog/Specialty Distribution
GIG,GigCapital7 Corp. Class A Ordinary Share,$10.38,0.01,0.096%,0.00,United States,2024,3765,Finance,Blank Checks
GIGGW,GigCapital7 Corp. Warrant,$0.1544,0.0198,14.71%,0.00,United States,2024,17445,Finance,Blank Checks
GIGM,GigaMedia Limited Ordinary Shares,$1.43,-0.07,-4.667%,15804696.00,Taiwan,,1033,Technology,Computer Software: Programming Data Processing
GIII,G-III Apparel Group LTD. Common Stock,$23.25,-0.35,-1.483%,1006860106.00,United States,1989,610432,Consumer Discretionary,Apparel
GIL,Gildan Activewear Inc. Class A Sub. Vot. Common Stock,$51.17,0.66,1.307%,7736910550.00,Canada,2000,781511,Consumer Discretionary,Apparel
GILD,Gilead Sciences Inc. Common Stock,$113.18,0.89,0.793%,140787897915.00,United States,1992,5016320,Health Care,Biotechnology: Biological Products (No Diagnostic Substances)
GILT,Gilat Satellite Networks Ltd. Ordinary Shares,$7.35,-0.13,-1.738%,419422987.00,Israel,,258407,Technology,Radio And Television Broadcasting And Communications Equipment
GIPR,Generation Income Properties Inc. Common Stock,$1.425,-0.005,-0.35%,7756543.00,United States,,19797,Real Estate,Real Estate Investment Trusts
GIPRW,Generation Income Properties Inc Warrant,$0.10,0.00,0.00%,544319.00,United States,,12,Real Estate,Real Estate Investment Trusts
GIS,General Mills Inc. Common Stock,$48.94,-0.04,-0.082%,26546401361.00,United States,,5271212,Consumer Staples,Packaged Foods
GITS,Global Interactive Technologies Inc. Common Stock,$2.37,-0.01,-0.42%,6968753.00,South Korea,2023,33973,Technology,Computer Software: Programming Data Processing
GJH,Synthetic Fixed-Income Securities Inc 6.375% (STRATS) Cl A-1,$9.56,0.2532,2.721%,0.00,United States,,3790,Finance,Finance: Consumer Services
GJP,Synthetic Fixed-Income Securities Inc. on behalf of STRATS (SM) Trust for Dominion Resources Inc. Securities Series 2005-6 Floating Rate Structured Repackaged Asset-Backed Trust Securities (STRATS) Certificates,$24.4825,0.00,0.00%,0.00,United States,,143,Finance,Finance: Consumer Services
GJR,Synthetic Fixed-Income Securities Inc. STRATS Trust for Procter&Gamble Securities Series 2006-1,$25.24,0.00,0.00%,0.00,United States,,101,Finance,Finance: Consumer Services
GJT,Synthetic Fixed-Income Securities Inc. Floating Rate Structured Repackaged Asset-Backed Trust Securities Certificates Series 2006-3,$22.75,0.022,0.097%,0.00,United States,,250,Finance,Finance: Consumer Services
GKOS,Glaukos Corporation Common Stock,$86.16,0.07,0.081%,4923227720.00,United States,2015,1508236,Health Care,Medical/Dental Instruments
GL,Globe Life Inc. Common Stock,$137.24,-3.23,-2.299%,11328184439.00,United States,,756646,Finance,Life Insurance
GL^D,Globe Life Inc. 4.25% Junior Subordinated Debentures due 2061,$16.70,-0.04,-0.239%,,United States,,12365,,
GLAD,Gladstone Capital Corporation Common Stock,$27.27,-0.32,-1.16%,608935064.00,United States,2001,101620,Consumer Discretionary,Textiles
GLADZ,Gladstone Capital Corporation 7.75% Notes due 2028,$25.5501,-0.1399,-0.545%,555828347.00,United States,,2314,,
GLBE,Global-E Online Ltd. Ordinary Shares,$31.42,-1.73,-5.219%,5314104441.00,Israel,2021,1612935,Technology,Computer Software: Prepackaged Software
GLBS,Globus Maritime Limited Common Stock,$1.04,0.015,1.463%,21405593.00,Greece,,24457,Consumer Discretionary,Marine Transportation
GLBZ,Glen Burnie Bancorp Common Stock,$4.32,0.1963,4.76%,12530942.00,United States,,6906,Finance,Major Banks
GLDD,Great Lakes Dredge & Dock Corporation Common Stock,$10.53,-0.55,-4.964%,715264802.00,United States,,549697,Industrials,Military/Government/Technical
GLDG,GoldMining Inc. Common Shares,$0.7769,0.0116,1.516%,154644435.00,,,380812,Basic Materials,Precious Metals
GLE,Global Engine Group Holding Limited Class A Ordinary Shares,$0.98,-0.08,-7.547%,17934000.00,Hong Kong,2024,215523,Technology,EDP Services
GLIBA,GCI Liberty Inc. Series A GCI Group Common Stock,$32.91,-0.13,-0.393%,944444104.00,United States,,35174,Telecommunications,Cable & Other Pay Television Services
GLIBK,GCI Liberty Inc. Series C GCI Group Common Stock,$32.56,-0.69,-2.075%,934399880.00,United States,,326092,Telecommunications,Cable & Other Pay Television Services
GLMD,Galmed Pharmaceuticals Ltd. Ordinary Shares,$1.55,-0.08,-4.908%,3499953.00,Israel,2014,238715,Health Care,Biotechnology: Pharmaceutical Preparations
GLNG,Golar Lng Ltd,$40.48,-0.68,-1.652%,4235117828.00,Bermuda,,815053,Consumer Discretionary,Marine Transportation
GLO,Clough Global Opportunities Fund Common Stock,$5.37,-0.05,-0.923%,0.00,United States,2006,126763,Finance,Finance/Investors Services
GLOB,Globant S.A. Common Shares,$79.79,-4.47,-5.305%,3514395073.00,United States,2014,2192731,Technology,EDP Services
GLOP^A,GasLog Partners LP 8.625% Series A Cumulative Redeemable Perpetual Fixed to Floating Rate Preference Units,$25.90,0.14,0.543%,,Greece,,1852,,
GLOP^B,GasLog Partners LP 8.200% Series B Cumulative Redeemable Perpetual Fixed to Floating Rate Preference Units,$26.29,0.21,0.805%,,Greece,,1485,,
GLOP^C,GasLog Partners LP 8.500% Series C Cumulative Redeemable Perpetual Fixed to Floating Rate Preference Units,$25.78,0.13,0.507%,,Greece,,4914,,
GLP,Global Partners LP Common Units representing Limited Partner Interests,$51.58,-0.92,-1.752%,1753491140.00,United States,2005,23517,Energy,Oil Refining/Marketing
GLP^B,Global Partners LP 9.50% Series B Fixed Rate Cumulative Redeemable Perpetual Preferred Units representing limited partner interests,$25.8083,-0.4117,-1.57%,,United States,,10429,,
GLPG,Galapagos NV American Depositary Shares,$32.71,-0.11,-0.335%,2155493192.00,Belgium,2015,261928,Health Care,Biotechnology: Pharmaceutical Preparations
GLPI,Gaming and Leisure Properties Inc. Common Stock,$46.15,0.57,1.251%,13060830922.00,United States,,2029274,Real Estate,Real Estate Investment Trusts
GLQ,Clough Global Equity Fund Clough Global Equity Fund Common Shares of Beneficial Interest,$7.18,-0.06,-0.829%,0.00,United States,2005,39643,Finance,Finance/Investors Services
GLRE,Greenlight Capital Re Ltd. Class A Ordinary Shares,$12.76,-0.24,-1.846%,440927300.00,Cayman Islands,2007,151346,Finance,Property-Casualty Insurers
GLSI,Greenwich LifeSciences Inc. Common Stock,$11.09,0.15,1.371%,148254491.00,United States,2020,45636,Health Care,Biotechnology: Pharmaceutical Preparations
GLTO,Galecto Inc. Common Stock,$3.205,-0.085,-2.584%,4238161.00,Denmark,2020,4417,Health Care,Biotechnology: Pharmaceutical Preparations
GLU,Gabelli Global Utility Common Shares of Beneficial Ownership,$17.39,-0.01,-0.057%,103799362.00,United States,2004,13132,Finance,Finance/Investors Services
GLU^A,The Gabelli Global Utility and Income Trust Series A Cumulative Puttable and Callable Preferred Shares,$46.84,-0.44,-0.931%,,United States,,1324,,
GLU^B,The Gabelli Global Utility and Income Trust Series B Cumulative Puttable and Callable Preferred Shares,$50.3182,0.00,0.00%,,United States,,22,,
GLUE,Monte Rosa Therapeutics Inc. Common Stock,$4.79,-0.16,-3.232%,294632043.00,United States,2021,578534,Health Care,Biotechnology: Biological Products (No Diagnostic Substances)
GLV,Clough Global Dividend and Income Fund Common Shares of beneficial interest,$5.58,-0.045,-0.80%,70919473.00,United States,2004,38167,Finance,Finance/Investors Services
GLW,Corning Incorporated Common Stock,$62.05,-1.19,-1.882%,53144053286.00,United States,,5845080,Industrials,Telecommunications Equipment
GLXG,Galaxy Payroll Group Limited Class A Ordinary Shares,$0.594,-0.0059,-0.983%,10543500.00,Hong Kong,2024,83807,Consumer Discretionary,Diversified Commercial Services
GLXY,Galaxy Digital Inc. Class A Common Stock,$26.88,-1.535,-5.402%,9321048442.00,United States,,9468794,Finance,Investment Bankers/Brokers/Service
GM,General Motors Company Common Stock,$52.53,-0.81,-1.519%,50012646887.00,United States,2010,9539468,Consumer Discretionary,Auto Manufacturing
GMAB,Genmab A/S ADS,$21.78,0.11,0.508%,14415569111.00,Denmark,2019,1204497,Health Care,Biotechnology: Pharmaceutical Preparations
GME,GameStop Corporation Common Stock,$22.10,-0.35,-1.559%,9886132363.00,United States,2002,7839495,Consumer Discretionary,Electronics Distribution
GMED,Globus Medical Inc. Class A Common Stock,$52.64,0.01,0.019%,7126370195.00,United States,2012,1651266,Health Care,Medical/Dental Instruments
GMGI,Golden Matrix Group Inc. Common Stock,$1.48,-0.005,-0.337%,204819239.00,United States,,156488,Technology,Computer Software: Prepackaged Software
GMHS,Gamehaus Holdings Inc. Class A Ordinary Shares,$1.48,-0.01,-0.671%,79282678.00,China,,44530,Technology,EDP Services
GMM,Global Mofy AI Limited Class A Ordinary Shares,$2.77,0.16,6.13%,8119518.00,China,2023,59749,Technology,Computer Software: Programming Data Processing
GMRE,Global Medical REIT Inc. Common Stock,$6.75,0.07,1.048%,451431414.00,United States,2016,547684,Real Estate,Real Estate Investment Trusts
GMRE^A,Global Medical REIT Inc. Series A Cumulative Redeemable Preferred Stock,$25.075,-0.2149,-0.85%,,United States,,3188,,
GMS,GMS Inc. Common Stock,$109.61,-0.03,-0.027%,4171655759.00,United States,2016,1460707,Consumer Discretionary,RETAIL: Building Materials
GNE,Genie Energy Ltd. Class B Common Stock Stock,$20.19,-0.13,-0.64%,542014421.00,United States,2011,173699,Utilities,Power Generation
GNFT,GENFIT S.A. American Depositary Shares,$3.80,-0.135,-3.431%,189985503.00,France,2019,2836,Health Care,Biotechnology: Biological Products (No Diagnostic Substances)
GNK,Genco Shipping & Trading Limited Ordinary Shares New (Marshall Islands),$15.82,-0.11,-0.691%,679618720.00,United States,,490477,Consumer Discretionary,Marine Transportation
GNL,Global Net Lease Inc. Common Stock,$6.88,-0.11,-1.574%,1535676056.00,United States,2015,2030572,Real Estate,Real Estate Investment Trusts
GNL^A,Global Net Lease Inc. 7.25% Series A Cumulative Redeemable Preferred Stock $0.01 par value per share,$22.3851,-0.0949,-0.422%,,United States,,7994,,
GNL^B,Global Net Lease Inc. 6.875% Series B Cumulative Redeemable Perpetual Preferred Stock,$21.22,-0.12,-0.562%,,United States,,1959,,
GNL^D,Global Net Lease Inc. 7.50% Series D Cumulative Redeemable Perpetual Preferred Stock,$23.09,-0.01,-0.043%,,United States,,5526,,
GNL^E,Global Net Lease Inc. 7.375% Series E Cumulative Redeemable Perpetual Preferred Stock,$22.60,-0.20,-0.877%,,United States,,2208,,
GNLN,Greenlane Holdings Inc. Class A Common Stock,$3.80,-0.18,-4.523%,5267993.00,United States,2019,88835,Consumer Discretionary,Durable Goods
GNLX,Genelux Corporation Common Stock,$3.51,0.12,3.54%,132449734.00,United States,2023,66758,Health Care,Biotechnology: Pharmaceutical Preparations
GNPX,Genprex Inc. Common Stock,$0.231,0.00,0.00%,6426682.00,United States,2018,1166241,Health Care,Biotechnology: Pharmaceutical Preparations
GNRC,Generac Holdlings Inc. Common Stock,$193.63,-1.06,-0.544%,11439979502.00,United States,2010,2059026,Consumer Discretionary,Metal Fabrications
GNS,Genius Group Limited Ordinary Shares,$0.8849,-0.1351,-13.245%,56979906.00,Singapore,2022,2601045,Consumer Discretionary,Services-Misc. Amusement & Recreation
GNSS,Genasys Inc. Common Stock,$1.61,0.00,0.00%,72698751.00,United States,,41101,Consumer Staples,Consumer Electronics/Appliances
GNT,GAMCO Natural Resources Gold & Income Trust,$6.27,-0.02,-0.318%,115841003.00,United States,2011,41841,Finance,Finance/Investors Services
GNT^A,GAMCO Natural Resources Gold & Income Tust  5.20% Series A Cumulative Preferred Shares (Liquidation Preference $25.00 per share),$21.28,-0.02,-0.094%,,United States,,118,,
GNTA,Genenta Science S.p.A. American Depositary Shares,$3.82,-0.0261,-0.679%,73139508.00,Italy,2021,3029,Health Care,Biotechnology: Biological Products (No Diagnostic Substances)
GNTX,Gentex Corporation Common Stock,$26.28,-0.14,-0.53%,5907831539.00,United States,,2327327,Consumer Discretionary,Auto Parts:O.E.M.
GNTY,Guaranty Bancshares Inc. Common Stock,$42.63,-0.98,-2.247%,483469004.00,United States,,52710,Finance,Major Banks
GNW,Genworth Financial Inc Common Stock,$7.85,-0.01,-0.127%,3253487183.00,United States,2004,9451728,Finance,Life Insurance
GO,Grocery Outlet Holding Corp. Common Stock,$13.50,0.33,2.506%,1323466479.00,United States,2019,3597053,Consumer Staples,Food Chains
GOCO,GoHealth Inc. Class A Common Stock,$5.56,-0.57,-9.299%,131985576.00,United States,2020,63086,Finance,Specialty Insurers
GOF,Guggenheim Strategic Opportunities Fund Common Shares of Beneficial Interest,$14.84,-0.04,-0.269%,0.00,United States,,1464188,Finance,Finance/Investors Services
GOGL,Golden Ocean Group Limited Common Stock,$8.37,0.21,2.574%,1669005562.00,Bermuda,,4856516,Consumer Discretionary,Marine Transportation
GOGO,Gogo Inc. Common Stock,$15.14,-0.72,-4.54%,2002470662.00,United States,2013,1439915,Consumer Discretionary,Telecommunications Equipment
GOLF,Acushnet Holdings Corp. Common Stock,$77.39,-2.23,-2.801%,4547920552.00,United States,2016,365681,Consumer Discretionary,Recreational Games/Products/Toys
GOOD,Gladstone Commercial Corporation Real Estate Investment Trust,$13.01,-0.14,-1.065%,602140048.00,United States,2003,366059,Real Estate,Real Estate
GOODN,Gladstone Commercial Corporation 6.625% Series E Cumulative Redeemable Preferred Stock,$22.71,-0.13,-0.569%,1051083819.00,United States,,2123,Real Estate,Real Estate
GOODO,Gladstone Commercial Corporation 6.00% Series G Cumulative Redeemable Preferred Stock par value $0.001 per share,$20.31,0.18,0.894%,940004948.00,United States,,2298,Real Estate,Real Estate
GOOG,Alphabet Inc. Class C Capital Stock,$189.95,-2.91,-1.509%,2297255300000.00,United States,2004,21214860,Technology,Computer Software: Programming Data Processing
GOOGL,Alphabet Inc. Class A Common Stock,$189.13,-2.77,-1.443%,2287338220000.00,United States,2004,34788900,Technology,Computer Software: Programming Data Processing
GOOS,Canada Goose Holdings Inc. Subordinate Voting Shares,$11.27,0.32,2.922%,1091324443.00,,2017,2175314,Consumer Discretionary,Apparel
GORO,Gold Resource Corporation Common Stock,$0.5299,0.0768,16.95%,72304712.00,United States,,16827792,Basic Materials,Precious Metals
GORV,Lazydays Holdings Inc. Common Stock,$4.49,-0.54,-10.736%,16507359.00,United States,,44400,Consumer Discretionary,Retail-Auto Dealers and Gas Stations
GOSS,Gossamer Bio Inc. Common Stock,$2.00,-0.04,-1.961%,454604280.00,United States,2019,2686066,Health Care,Biotechnology: Pharmaceutical Preparations
GOTU,Gaotu Techedu Inc. American Depositary Shares,$3.52,0.00,0.00%,879335054.00,China,2019,508513,Real Estate,Other Consumer Services
GOVX,GeoVax Labs Inc. Common Stock,$0.7247,0.0044,0.611%,18378097.00,United States,,533982,Health Care,Biotechnology: Pharmaceutical Preparations
GOVXW,GeoVax Labs Inc. Warrants,$0.0299,0.0078,35.294%,758252.00,United States,,8020,Health Care,Biotechnology: Pharmaceutical Preparations
GP,GreenPower Motor Company Inc. Common Shares,$0.333,0.021,6.731%,9820557.00,Canada,,469946,Consumer Discretionary,Construction/Ag Equipment/Trucks
GPAT,GP-Act III Acquisition Corp. Class A Ordinary Share,$10.555,-0.045,-0.425%,0.00,United States,2024,220286,,
GPATW,GP-Act III Acquisition Corp. Warrants,$0.3097,0.00,0.00%,0.00,United States,2024,130,,
GPC,Genuine Parts Company Common Stock,$128.30,-0.58,-0.45%,17845541320.00,United States,,1655855,Consumer Discretionary,Automotive Aftermarket
GPCR,Structure Therapeutics Inc. American Depositary Shares,$17.59,-0.21,-1.18%,1012071433.00,United States,2023,571199,Health Care,Biotechnology: Pharmaceutical Preparations
GPI,Group 1 Automotive Inc. Common Stock,$410.20,-1.95,-0.473%,5307850583.00,United States,1997,138649,Consumer Discretionary,Retail-Auto Dealers and Gas Stations
GPJA,Georgia Power Company Series 2017A 5.00% Junior Subordinated Notes due October 1 2077,$21.97,0.12,0.549%,203475155.00,United States,2017,18189,Utilities,Electric Utilities: Central
GPK,Graphic Packaging Holding Company,$21.48,-0.88,-3.936%,6363422441.00,United States,,5163142,Consumer Discretionary,Containers/Packaging
GPMT,Granite Point Mortgage Trust Inc. Common Stock,$2.52,-0.03,-1.176%,121982770.00,United States,2017,188079,Real Estate,Real Estate Investment Trusts
GPMT^A,Granite Point Mortgage Trust Inc. 7.00% Series A Fixed-to-Floating Rate Cumulative Redeemable Preferred Stock,$19.53,-0.14,-0.712%,,United States,,2309,,
GPN,Global Payments Inc. Common Stock,$78.04,-1.91,-2.389%,19032396917.00,United States,,2099772,Consumer Discretionary,Business Services
GPOR,Gulfport Energy Corporation Common Shares,$168.20,-5.93,-3.406%,2988197973.00,United States,2021,210080,Energy,Oil & Gas Production
GPRE,Green Plains Inc. Common Stock,$7.88,-0.39,-4.716%,515347682.00,United States,,1205161,Industrials,Major Chemicals
GPRK,Geopark Ltd Common Shares,$6.39,-0.05,-0.776%,327470164.00,Bermuda,2014,626537,Energy,Oil & Gas Production
GPRO,GoPro Inc. Class A Common Stock,$1.20,-0.09,-6.977%,189059058.00,United States,2014,5056839,Consumer Discretionary,Industrial Machinery/Components
GPUS,Hyperscale Data Inc. Common Stock,$0.6624,-0.0576,-8.00%,4783955.00,United States,1997,1715661,Technology,Industrial Machinery/Components
GPUS^D,Hyperscale Data Inc. 13.00% Series D Cumulative Redeemable Perpetual Preferred Stock,$20.9401,-1.5999,-7.098%,,United States,,1986,,
GRAB,Grab Holdings Limited Class A Ordinary Shares,$4.80,-0.09,-1.84%,19555862731.00,Singapore,,39661303,Consumer Discretionary,Business Services
GRABW,Grab Holdings Limited Warrant,$0.3982,0.0002,0.05%,1622321779.00,Singapore,,44699,Consumer Discretionary,Business Services
GRAF,Graf Global Corp. Class A ordinary shares,$10.51,0.02,0.191%,0.00,,2024,129587,,
GRAL,GRAIL Inc. Common Stock ,$32.79,-1.42,-4.151%,1179570868.00,United States,,850207,Health Care,Medical Specialities
GRAN,Grande Group Limited Class A Ordinary Shares,$4.52,-0.05,-1.094%,111305000.00,Hong Kong,2025,82163,Finance,Finance: Consumer Services
GRBK,Green Brick Partners Inc. Common Stock,$63.74,1.80,2.906%,2776839347.00,United States,2021,483146,Consumer Discretionary,Homebuilding
GRBK^A,Green Brick Partners Inc. Depositary Shares (each representing a 1/1000th fractional interest in a share of 5.75% Series A Cumulative Perpetual Preferred Stock),$24.3047,0.3447,1.439%,,United States,,7470,,
GRC,Gorman-Rupp Company (The) Common Stock,$40.85,-0.31,-0.753%,1074879596.00,United States,1971,105950,Industrials,Fluid Controls
GRCE,Grace Therapeutics Inc. Common Stock,$2.87,-0.02,-0.692%,38506029.00,Canada,,39454,Health Care,Biotechnology: Pharmaceutical Preparations
GRDN,Guardian Pharmacy Services Inc. Class A Common Stock,$20.33,-0.57,-2.727%,1286617432.00,United States,2024,177993,Consumer Staples,Retail-Drug Stores and Proprietary Stores
GREE,Greenidge Generation Holdings Inc. Class A Common Stock,$1.50,-0.07,-4.459%,23158073.00,United States,,161380,Finance,Finance: Consumer Services
GREEL,Greenidge Generation Holdings Inc. 8.50% Senior Notes due 2026,$8.30,0.03,0.363%,128141335.00,United States,,4714,Finance,Finance: Consumer Services
GRF,Eagle Capital Growth Fund Inc. Common Stock,$10.335,0.365,3.661%,0.00,United States,,506,Finance,Finance/Investors Services
GRFS,Grifols S.A. American Depositary Shares,$10.78,0.08,0.748%,7411841908.00,Spain,,1334156,Health Care,Biotechnology: Pharmaceutical Preparations
GRI,GRI Bio Inc. Common Stock,$1.32,0.04,3.125%,2826744.00,United States,2021,279992,Health Care,Biotechnology: Pharmaceutical Preparations
GRMN,Garmin Ltd. Common Stock (Switzerland),$218.73,-0.03,-0.014%,42104200590.00,Switzerland,2000,1324517,Industrials,Industrial Machinery/Components
GRND,Grindr Inc. Common Stock,$17.36,-0.12,-0.686%,3400555857.00,Singapore,2021,2344830,Technology,Computer Software: Programming Data Processing
GRNQ,Greenpro Capital Corp. Common Stock,$1.68,0.02,1.205%,12727366.00,China,,36954,Technology,EDP Services
GRNT,Granite Ridge Resources Inc. Common Stock,$4.88,-0.31,-5.973%,639831733.00,United States,2022,743996,Energy,Oil & Gas Production
GRO,Brazil Potash Corp. Common Shares,$1.57,-0.15,-8.721%,60309567.00,,2024,531397,Industrials,Mining & Quarrying of Nonmetallic Minerals (No Fuels)
GROV,Grove Collaborative Holdings Inc. Class A Common Stock,$1.38,-0.02,-1.429%,55551632.00,,2021,50059,Consumer Discretionary,Catalog/Specialty Distribution
GROW,U.S. Global Investors Inc. Class A Common Stock,$2.375,-0.015,-0.628%,31221940.00,United States,,10235,Finance,Investment Managers
GROY,Gold Royalty Corp. Common Shares,$2.68,0.11,4.28%,453111398.00,Canada,2021,2250336,Basic Materials,Precious Metals
GRPN,Groupon Inc. Common Stock,$29.06,-1.78,-5.772%,1157057028.00,United States,2011,2078764,Consumer Discretionary,Advertising
GRRR,Gorilla Technology Group Inc. Ordinary shares,$15.98,-0.575,-3.473%,323151427.00,Taiwan,,963123,Technology,Computer Software: Prepackaged Software
GRRRW,Gorilla Technology Group Inc. Warrant,$0.505,0.0025,0.498%,10212232.00,Taiwan,,46427,Technology,Computer Software: Prepackaged Software
GRVY,GRAVITY Co. Ltd. American Depository Shares,$61.63,-0.39,-0.629%,428260707.00,South Korea,2005,10841,Consumer Discretionary,Business Services
GRWG,GrowGeneration Corp. Common Stock,$0.9784,-0.0066,-0.67%,58210657.00,United States,,493390,Consumer Discretionary,RETAIL: Building Materials
GRX,The Gabelli Healthcare & Wellness Trust Common Shares of Beneficial Interest,$9.10,-0.16,-1.728%,155546054.00,United States,,12759,Finance,Finance/Investors Services
GRYP,Gryphon Digital Mining Inc Common Stock,$1.05,-0.03,-2.778%,76185601.00,United States,2018,2660838,Technology,EDP Services
GS,Goldman Sachs Group Inc. (The) Common Stock,$709.57,-14.02,-1.938%,217725259195.00,United States,1999,2997806,Finance,Investment Bankers/Brokers/Service
GS^A,Goldman Sachs Group Inc. (The) Depositary Shares each representing 1/1000th Interest in a Share of Floating Rate Non-Cumulative Preferred Stock Series A,$21.73,-0.03,-0.138%,,United States,,25121,,
GS^C,Goldman Sachs Group Inc. (The) Depositary Share repstg 1/1000th Preferred Series C,$21.40,-0.04,-0.187%,,United States,,10854,,
GS^D,Goldman Sachs Group Inc. (The) Dep Shs repstg 1/1000 Pfd Ser D Fltg,$20.963,-0.037,-0.176%,,United States,,60773,,
GSAT,Globalstar Inc. Common Stock,$23.15,-0.34,-1.447%,2930399367.00,United States,2025,779962,Consumer Discretionary,Telecommunications Equipment
GSBC,Great Southern Bancorp Inc. Common Stock,$55.99,-0.95,-1.668%,642088841.00,United States,1989,65539,Finance,Major Banks
GSBD,Goldman Sachs BDC Inc. Common Stock,$11.04,-0.18,-1.604%,1294961331.00,United States,2015,545369,Finance,Investment Managers
GSHD,Goosehead Insurance Inc. Class A Common Stock,$85.72,-5.19,-5.709%,3219477675.00,United States,2018,735483,Finance,Specialty Insurers
GSHR,Gesher Acquisition Corp. II Class A Ordinary Shares,$10.19,0.03,0.295%,0.00,United States,2025,42456,,
GSIT,GSI Technology Common Stock,$3.75,-0.60,-13.793%,104520446.00,United States,2007,446028,Technology,Semiconductors
GSIW,Garden Stage Limited Ordinary Shares,$0.1137,0.0006,0.531%,1776563.00,Hong Kong,2023,6988736,Finance,Investment Bankers/Brokers/Service
GSK,GSK plc American Depositary Shares (Each representing two Ordinary Shares),$37.56,0.41,1.104%,76725571648.00,United Kingdom,2022,3676989,Health Care,Biotechnology: Pharmaceutical Preparations
GSL,Global Ship Lease Inc New Class A Common Shares,$28.24,-0.28,-0.982%,1009188114.00,United Kingdom,,269801,Consumer Discretionary,Marine Transportation
GSL^B,Global Ship Lease Inc. Depository Shares Representing 1/100th Perpetual Preferred Series B% (Marshall Island),$26.405,0.165,0.629%,,United Kingdom,,8574,,
GSM,Ferroglobe PLC Ordinary Shares,$3.97,-0.26,-6.147%,740904708.00,United Kingdom,,1182862,Basic Materials,Metal Mining
GSRT,GSR III Acquisition Corp. Ordinary Shares,$10.41,-0.04,-0.383%,0.00,United States,2024,1022843,,
GSRTR,GSR III Acquisition Corp. Right,$6.25,-0.44,-6.577%,0.00,United States,2024,97304,,
GSUN,Golden Sun Health Technology Group Limited Class A Ordinary Shares,$2.37,0.05,2.155%,4694837.00,China,2022,29089,Real Estate,Other Consumer Services
GT,The Goodyear Tire & Rubber Company Common Stock,$10.09,-0.19,-1.848%,2882745470.00,United States,,5243565,Consumer Discretionary,Automotive Aftermarket
GTBP,GT Biopharma Inc. Common Stock,$1.81,-0.05,-2.688%,4681379.00,United States,,38748,Health Care,Biotechnology: Pharmaceutical Preparations
GTE,Gran Tierra Energy Inc. Common Stock,$3.94,-0.54,-12.054%,139038601.00,Canada,,740698,Energy,Oil & Gas Production
GTEC,Greenland Technologies Holding Corporation Ordinary Shares,$1.56,-0.14,-8.235%,27134993.00,China,2018,286643,Industrials,Industrial Machinery/Components
GTEN,Gores Holdings X Inc. Class A ordinary shares,$10.41,0.01,0.096%,0.00,United States,2025,36834,,
GTENU,Gores Holdings X Inc. Units,$10.63,-0.22,-2.028%,0.00,United States,2025,4104,,
GTENW,Gores Holdings X Inc. Warrants,$1.27,0.02,1.60%,0.00,United States,2025,12120,,
GTERA,Globa Terra Acquisition Corporation Class A Ordinary Shares,$9.96,-0.01,-0.10%,0.00,Mexico,2025,47216,Finance,Blank Checks
GTERR,Globa Terra Acquisition Corporation Rights,$0.13,-0.0198,-13.218%,0.00,Mexico,2025,45501,Finance,Blank Checks
GTERU,Globa Terra Acquisition Corporation Units,$10.17,0.01,0.098%,0.00,Mexico,2025,186847,Finance,Blank Checks
GTERW,Globa Terra Acquisition Corporation Warrants,$0.15,0.00,0.00%,0.00,Mexico,2025,35751,Finance,Blank Checks
GTES,Gates Industrial Corporation plc Ordinary Shares,$24.34,-0.46,-1.855%,6269597749.00,United Kingdom,2018,2049641,Industrials,Industrial Machinery/Components
GTI,Graphjet Technology Class A Ordinary Shares,$0.1295,-0.013,-9.123%,19170794.00,Malaysia,2022,14138674,Energy,Industrial Machinery/Components
GTIM,Good Times Restaurants Inc. Common Stock,$1.36,-0.07,-4.895%,14402954.00,United States,,40725,Consumer Discretionary,Restaurants
GTLB,GitLab Inc. Class A Common Stock,$41.82,-1.99,-4.542%,6908664000.00,United States,2021,4103187,Technology,Computer Software: Prepackaged Software
GTLS,Chart Industries Inc. Common Stock,$198.75,-0.08,-0.04%,8932899443.00,United States,2006,12015201,Industrials,Metal Fabrications
GTLS^B,Chart Industries Inc. Depositary Shares each Representing a 1/20th Interest in a Share of 6.75% Series B Mandatory Convertible Preferred Stock,$71.51,-0.08,-0.112%,,United States,,35610,,
GTM,ZoomInfo Technologies Inc Common Stock,$10.21,-0.62,-5.725%,3358183352.00,United States,2020,4627267,Technology,Computer Software: Prepackaged Software
GTN,Gray Media Inc. Common Stock,$4.46,-0.05,-1.109%,453998622.00,United States,,1353808,Industrials,Broadcasting
GTX,Garrett Motion Inc. Common Stock,$12.89,-0.15,-1.15%,2598307667.00,Switzerland,,1675009,Consumer Discretionary,Auto Parts:O.E.M.
GTY,Getty Realty Corporation Common Stock,$28.04,0.25,0.90%,1586856083.00,United States,,359150,Finance,Real Estate
GUG,Guggenheim Active Allocation Fund Common Shares of Beneficial Interest,$15.20,-0.14,-0.913%,0.00,United States,2021,103041,Finance,Trusts Except Educational Religious and Charitable
GURE,Gulf Resources Inc. (NV) Common Stock,$0.647,-0.003,-0.462%,8635262.00,China,,32680,Industrials,Major Chemicals
GUT,Gabelli Utility Trust (The) Common Stock,$6.00,-0.02,-0.332%,440394174.00,United States,,136011,Finance,Trusts Except Educational Religious and Charitable
GUT^C,Gabelli Utility Trust (The) 5.375% Series C Cumulative Preferred Shares,$22.42,0.12,0.538%,,United States,,3170,,
GUTS,Fractyl Health Inc. Common Stock,$1.81,-0.03,-1.63%,88647711.00,United States,2024,112220,,
GV,Visionary Holdings Inc. Common Shares,$1.17,-0.02,-1.681%,4415887.00,Canada,2022,105314,Real Estate,Other Consumer Services
GVA,Granite Construction Incorporated Common Stock,$92.28,-2.19,-2.318%,4036128244.00,United States,,604546,Industrials,Military/Government/Technical
GVH,Globavend Holdings Limited Ordinary Shares,$5.14,-0.50,-8.865%,6527800.00,Australia,2023,112132,Consumer Discretionary,Oil Refining/Marketing
GWAV,Greenwave Technology Solutions Inc. Common Stock,$0.1961,-0.0068,-3.351%,11210941.00,United States,,1147474,Industrials,Metal Fabrications
GWH,ESS Tech Inc. Common Stock,$1.71,-0.19,-10.00%,20697413.00,United States,,196177,Miscellaneous,Industrial Machinery/Components
GWRE,Guidewire Software Inc. Common Stock,$222.88,-3.34,-1.476%,18765431302.00,United States,2012,530494,Technology,Computer Software: Prepackaged Software
GWRS,Global Water Resources Inc. Common Stock,$9.62,0.07,0.733%,264078408.00,United States,2016,190712,Utilities,Water Supply
GWW,W.W. Grainger Inc. Common Stock,$932.44,-107.10,-10.303%,44793683770.00,United States,,1263026,Industrials,Office Equipment/Supplies/Services
GXAI,Gaxos.ai Inc. Common Stock,$1.135,-0.035,-2.991%,8085119.00,United States,2023,116788,Technology,Computer Software: Prepackaged Software
GXO,GXO Logistics Inc. Common Stock ,$48.07,-1.64,-3.299%,5500120849.00,United States,2021,952511,Consumer Discretionary,Transportation Services
GYRE,Gyre Therapeutics Inc. Common Stock,$6.65,-0.40,-5.674%,623488053.00,United States,2006,103460,Health Care,Biotechnology: Pharmaceutical Preparations
GYRO,Gyrodyne LLC Common Stock,$9.44,0.87,10.152%,20761468.00,United States,,5291,Real Estate,Building operators
H,Hyatt Hotels Corporation Class A Common Stock,$137.50,-3.47,-2.462%,13125239463.00,United States,2009,1012709,Consumer Discretionary,Hotels/Resorts
HAE,Haemonetics Corporation Common Stock,$74.77,0.73,0.986%,3591726191.00,United States,1991,497022,Health Care,Medical/Dental Instruments
HAFC,Hanmi Financial Corporation Common Stock,$22.43,-0.38,-1.666%,677657291.00,United States,,300409,Finance,Major Banks
HAFN,Hafnia Limited Common Shares,$5.47,-0.03,-0.545%,2724003342.00,,2024,1044518,Consumer Discretionary,Transportation Services
HAIN,Hain Celestial Group Inc. (The) Common Stock,$1.54,-0.03,-1.911%,138990364.00,United States,,1083718,Consumer Staples,Packaged Foods
HAL,Halliburton Company Common Stock,$21.60,-0.80,-3.571%,18416205403.00,United States,,18960185,Energy,Oilfield Services/Equipment
HALO,Halozyme Therapeutics Inc. Common Stock,$59.02,-0.95,-1.584%,7272503420.00,United States,,1675655,Health Care,Biotechnology: Biological Products (No Diagnostic Substances)
HAO,Haoxi Health Technology Limited Class A Ordinary Shares,$1.25,-0.11,-8.088%,3527994.00,China,2024,11802,Consumer Discretionary,Advertising
HAS,Hasbro Inc. Common Stock,$74.63,-0.53,-0.705%,10457855853.00,United States,,2129307,Consumer Discretionary,Recreational Games/Products/Toys
HASI,HA Sustainable Infrastructure Capital Inc. Common Stock,$25.69,-0.28,-1.078%,3119957091.00,United States,2013,1283486,Finance,Finance/Investors Services
HAYW,Hayward Holdings Inc. Common Stock,$15.17,-0.21,-1.365%,3287438621.00,United States,2021,3655188,Industrials,Industrial Machinery/Components
HBAN,Huntington Bancshares Incorporated Common Stock,$16.04,-0.39,-2.374%,23399152674.00,United States,,41446866,Finance,Major Banks
HBANL,Huntington Bancshares Incorporated Depositary Shares Each Representing a 1/40th Interest in a Share of 6.875% Series J Non-Cumulative Perpetual Preferred Stock,$25.495,-0.125,-0.488%,37192107071.00,United States,,14441,Finance,Major Banks
HBANM,Huntington Bancshares Incorporated Depositary Shares each representing a 1/1000th interest in a share of Huntington Series I Preferred Stock,$22.79,-0.05,-0.219%,33246052957.00,United States,,8620,Finance,Major Banks
HBANP,Huntington Bancshares Incorporated Depositary Shares 4.500% Series H Non-Cumulative Perpetual Preferred Stock,$17.92,0.01,0.056%,26141696753.00,United States,,18236,Finance,Major Banks
HBB,Hamilton Beach Brands Holding Company Class A Common Stock ,$13.30,-2.27,-14.579%,179234790.00,United States,2017,37118,Consumer Discretionary,Home Furnishings
HBCP,Home Bancorp Inc. Common Stock,$50.93,-1.36,-2.601%,397323672.00,United States,2008,36305,Finance,Banks
HBI,Hanesbrands Inc. Common Stock,$4.07,-0.02,-0.489%,1439313176.00,United States,,8352399,Consumer Discretionary,Clothing/Shoe/Accessory Stores
HBIO,Harvard Bioscience Inc. Common Stock,$0.4361,-0.0296,-6.356%,19281615.00,United States,2000,439694,Industrials,Biotechnology: Laboratory Analytical Instruments
HBM,Hudbay Minerals Inc. Ordinary Shares (Canada),$9.06,-0.21,-2.265%,3578718691.00,Canada,,5905096,Basic Materials,Metal Mining
HBNB,Hotel101 Global Holdings Corp. Class A Ordinary Shares,$2.02,-0.12,-5.607%,472987844.00,Singapore,,139086,Consumer Discretionary,Hotels/Resorts
HBNC,Horizon Bancorp Inc. Common Stock,$15.01,-0.48,-3.099%,661900338.00,United States,,266966,Finance,Major Banks
HBT,HBT Financial Inc. Common Stock,$24.03,-0.84,-3.378%,756835279.00,United States,2019,42180,Finance,Major Banks
HCA,HCA Healthcare Inc. Common Stock,$356.97,2.98,0.842%,85877665083.00,United States,2011,1369834,Health Care,Hospital/Nursing Management
HCAI,Huachen AI Parking Management Technology Holding Co. Ltd. Class A Ordinary Shares,$0.7311,-0.0559,-7.103%,24663659.00,China,2025,141388,Consumer Discretionary,Miscellaneous manufacturing industries
HCAT,Health Catalyst Inc Common Stock,$3.52,-0.13,-3.562%,244996340.00,United States,2019,723077,Technology,Computer Software: Programming Data Processing
HCC,Warrior Met Coal Inc. Common Stock,$51.49,0.11,0.214%,2706277585.00,United States,2017,1027728,Energy,Coal Mining
HCHL,Happy City Holdings Limited Class A Ordinary shares,$2.80,-1.22,-30.348%,53200000.00,Hong Kong,2025,709912,Consumer Discretionary,Restaurants
HCI,HCI Group Inc. Common Stock,$138.86,-1.18,-0.843%,1603513205.00,United States,,153229,Finance,Property-Casualty Insurers
HCKT,Hackett Group Inc (The). Common Stock,$23.00,-0.39,-1.667%,636070175.00,United States,,390847,Consumer Discretionary,Professional Services
HCM,HUTCHMED (China) Limited American Depositary Shares,$17.27,-0.51,-2.868%,3012273017.00,Hong Kong,2016,45952,Health Care,Biotechnology: Pharmaceutical Preparations
HCMAU,HCM III Acquisition Corp. Units,$10.09,0.09,0.90%,0.00,United States,,9261574,,
HCSG,Healthcare Services Group Inc. Common Stock,$13.07,0.06,0.461%,946434316.00,United States,1983,924999,Health Care,Hospital/Nursing Management
HCTI,Healthcare Triangle Inc. Common Stock,$4.75,-3.0189,-38.859%,1940116586.00,United States,2021,4689340,Technology,EDP Services
HCWB,HCW Biologics Inc. Common Stock,$4.125,-0.115,-2.712%,5936778.00,United States,2021,19934,Health Care,Biotechnology: Pharmaceutical Preparations
HCWC,Healthy Choice Wellness Corp. Class A Common Stock,$0.3926,-0.0174,-4.244%,4770920.00,,2024,172342,Consumer Staples,Food Chains
HCXY,Hercules Capital Inc. 6.25% Notes due 2033,$25.15,0.0468,0.186%,4411967144.00,United States,2018,337,Finance,Investment Managers
HD,Home Depot Inc. (The) Common Stock,$373.66,6.15,1.673%,371764790875.00,United States,,3007571,Consumer Discretionary,RETAIL: Building Materials
HDB,HDFC Bank Limited Common Stock,$76.98,0.21,0.274%,196356008155.00,India,2001,861197,Finance,Commercial Banks
HDL,SUPER HI INTERNATIONAL HOLDING LTD. American Depositary Shares,$19.13,-0.905,-4.517%,1244021987.00,Singapore,2024,1783,Consumer Discretionary,Restaurants
HDSN,Hudson Technologies Inc. Common Stock,$9.55,0.16,1.704%,415240886.00,United States,,1052772,Consumer Discretionary,Industrial Specialties
HE,Hawaiian Electric Industries Inc. Common Stock,$10.73,0.01,0.093%,1850863442.00,United States,,1382230,Utilities,Electric Utilities: Central
HEI,Heico Corporation Common Stock,$325.09,-1.71,-0.523%,45221355770.00,United States,2000,373830,Industrials,Aerospace
HEI/A,Heico Corporation,$257.28,-0.81,-0.314%,,United States,,125066,,
HELE,Helen of Troy Limited Common Stock,$21.57,-0.41,-1.865%,495146813.00,Bermuda,,727343,Consumer Discretionary,Home Furnishings
HEPS,D-Market Electronic Services & Trading American Depositary Shares,$2.62,-0.07,-2.602%,842023214.00,Turkey,2021,1227203,Consumer Discretionary,Catalog/Specialty Distribution
HEQ,John Hancock Diversified Income Fund Common Shares of Beneficial Interest,$10.38,-0.09,-0.86%,0.00,United States,2011,37692,Finance,Investment Managers
HERZ,Herzfeld Credit Income Fund Inc. Common Stock,$2.35,0.01,0.427%,0.00,United States,,21678,Finance,Investment Managers
HESM,Hess Midstream LP Class A Representing Limited Partner Interests,$42.52,-1.01,-2.32%,4965426370.00,United States,2017,2469974,Energy,Oil & Gas Production
HFBL,Home Federal Bancorp Inc. of Louisiana Common Stock,$12.83,0.00,0.00%,40065062.00,United States,2010,199,Finance,Savings Institutions
HFFG,HF Foods Group Inc. Common Stock,$2.67,-0.04,-1.476%,141549262.00,United States,2017,85615,Consumer Discretionary,Food Distributors
HFRO,Highland Opportunities and Income Fund Common Shares of Beneficial Interest,$5.28,0.00,0.00%,0.00,United States,2017,316663,Finance,Finance/Investors Services
HFRO^A,Highland Opportunities and Income Fund 5.375% Series A Cumulative Preferred Shares,$16.1598,-0.0402,-0.248%,,United States,,16674,,
HFRO^B,Highland Opportunities and Income Fund 5.375% Series B Cumulative Preferred Shares,$16.15,-0.045,-0.278%,,United States,,22552,,
HFWA,Heritage Financial Corporation Common Stock,$22.13,-0.41,-1.819%,754755069.00,United States,,195607,Finance,Banks
HG,Hamilton Insurance Group Ltd. Class B Common Shares,$21.15,-0.34,-1.582%,1417381907.00,Bermuda,2023,353378,,
HGBL,Heritage Global Inc. Common Stock,$2.17,0.02,0.93%,77024274.00,United States,,27173,Consumer Discretionary,Business Services
HGLB,Highland Global Allocation Fund Common Stock,$8.15,-0.16,-1.925%,0.00,,2019,64195,Finance,Trusts Except Educational Religious and Charitable
HGTY,Hagerty Inc. Class A Common Stock,$10.02,-0.14,-1.378%,3424330531.00,United States,2021,108428,Finance,Specialty Insurers
HGV,Hilton Grand Vacations Inc. Common Stock ,$44.49,-0.33,-0.736%,4078222342.00,United States,2016,1505700,Consumer Discretionary,Hotels/Resorts
HHH,Howard Hughes Holdings Inc. Common Stock,$67.64,-1.09,-1.586%,3408455898.00,United States,,455563,Real Estate,Real Estate Investment Trusts
HHS,Harte Hanks Inc. Common Stock,$3.41,0.00,0.00%,25112706.00,United States,,1792,Consumer Discretionary,Advertising
HI,Hillenbrand Inc Common Stock,$19.70,-1.01,-4.877%,1387942303.00,United States,,622792,Consumer Discretionary,Miscellaneous manufacturing industries
HIFS,Hingham Institution for Savings Common Stock,$239.81,-5.07,-2.07%,514967994.00,United States,,33489,Finance,Banks
HIG,The Hartford Insurance Group Inc. Common Stock,$123.00,-1.39,-1.117%,34584113688.00,United States,,1797758,Finance,Property-Casualty Insurers
HIG^G,The Hartford Insurance Group Inc. Depositary Shares each representing a 1/1000th interest in a share of 6.000% Non-Cumulative Preferred Stock Series G,$24.91,-0.25,-0.994%,,United States,,22604,,
HIHO,Highway Holdings Limited Common Stock,$1.68,0.015,0.901%,7731066.00,Hong Kong,,1986,Industrials,Metal Fabrications
HII,Huntington Ingalls Industries Inc. Common Stock,$269.83,-9.03,-3.238%,10587895527.00,United States,,770051,Industrials,Marine Transportation
HIMS,Hims & Hers Health Inc. Class A Common Stock,$62.55,-3.63,-5.485%,14000661701.00,United States,2019,26687183,Health Care,Medical/Nursing Services
HIMX,Himax Technologies Inc. American Depositary Shares,$8.65,-0.21,-2.37%,1513001031.00,Taiwan,2006,860391,Technology,Semiconductors
HIO,Western Asset High Income Opportunity Fund Inc. Common Stock,$3.95,-0.01,-0.253%,0.00,United States,,275168,Finance,Finance/Investors Services
HIPO,Hippo Holdings Inc. Common Stock,$25.36,-0.48,-1.858%,637982129.00,United States,2021,124696,Finance,Property-Casualty Insurers
HIT,Health In Tech Inc. Class A Common Stock,$2.00,-0.07,-3.382%,109346408.00,United States,2024,1190504,Finance,Specialty Insurers
HITI,High Tide Inc. Common Shares,$2.17,-0.02,-0.913%,175848838.00,Canada,,243949,Consumer Discretionary,Other Specialty Stores
HIVE,HIVE Digital Technologies Ltd. Common Shares,$2.03,-0.11,-5.14%,408546239.00,Canada,,32903758,Finance,Finance: Consumer Services
HIW,Highwoods Properties Inc. Common Stock,$28.62,-0.39,-1.344%,3093049689.00,United States,1994,1433367,Real Estate,Real Estate Investment Trusts
HIX,Western Asset High Income Fund II Inc. Common Stock,$4.25,0.01,0.236%,0.00,United States,1998,404197,Finance,Finance/Investors Services
HKD,AMTD Digital Inc. American Depositary Shares (every five of which represent two Class A Ordinary Shares),$1.67,-0.08,-4.571%,210693832.00,,2022,167840,Finance,Finance: Consumer Services
HKIT,Hitek Global Inc. Class A Ordinary Share,$1.5365,0.0465,3.121%,45018473.00,China,2023,29290,Technology,Computer Software: Prepackaged Software
HKPD,Hong Kong Pharma Digital Technology Holdings Limited Ordinary shares,$1.08,-0.0006,-0.056%,11880000.00,Hong Kong,2025,28559,Health Care,Other Pharmaceuticals
HL,Hecla Mining Company Common Stock,$5.69,-0.05,-0.871%,3599284870.00,United States,,19451709,Industrials,Mining & Quarrying of Nonmetallic Minerals (No Fuels)
HL^B,Hecla Mining Company Preferred Stock,$50.2999,-0.2551,-0.505%,,United States,,2595,,
HLF,Herbalife Ltd. Common Shares,$9.14,-0.06,-0.652%,930879121.00,Cayman Islands,2004,1968983,Health Care,Other Pharmaceuticals
HLI,Houlihan Lokey Inc. Class A Common Stock,$189.79,-0.87,-0.456%,13246157900.00,United States,2015,356403,Finance,Investment Managers
HLIO,Helios Technologies Inc. Common Stock,$35.43,-1.26,-3.434%,1180946170.00,United States,2021,286118,Industrials,Metal Fabrications
HLIT,Harmonic Inc. Common Stock,$8.35,-0.16,-1.88%,944358405.00,United States,1995,1691914,Technology,Radio And Television Broadcasting And Communications Equipment
HLLY,Holley Inc. Common Stock,$1.99,-0.09,-4.327%,239159472.00,United States,2020,462855,Consumer Discretionary,Auto Parts:O.E.M.
HLMN,Hillman Solutions Corp. Common Stock,$7.75,-0.14,-1.774%,1530691441.00,United States,2020,1825739,Consumer Discretionary,Industrial Machinery/Components
HLN,Haleon plc American Depositary Shares (Each representing two Ordinary Shares),$9.66,0.23,2.439%,43395875671.00,United Kingdom,2022,16930452,Consumer Discretionary,Package Goods/Cosmetics
HLNE,Hamilton Lane Incorporated Class A Common Stock,$147.79,-4.51,-2.961%,7914615309.00,United States,2017,538811,Finance,Investment Managers
HLP,Hongli Group Inc. Ordinary Shares,$0.622,-0.036,-5.471%,45678903.00,China,2023,10086,Industrials,Industrial Machinery/Components
HLT,Hilton Worldwide Holdings Inc. Common Stock ,$260.84,-7.24,-2.701%,61347938533.00,United States,2016,1965470,Consumer Discretionary,Hotels/Resorts
HLVX,HilleVax Inc. Common Stock,$2.04,-0.07,-3.318%,102287771.00,United States,2022,71883,Health Care,Biotechnology: Biological Products (No Diagnostic Substances)
HLX,Helix Energy Solutions Group Inc. Common Stock,$5.88,-0.05,-0.843%,864275169.00,United States,,2299815,Energy,Oilfield Services/Equipment
HLXB,Helix Acquisition Corp. II Class A Ordinary Shares,$10.434,-0.166,-1.566%,0.00,United States,2024,11952,,
HMC,Honda Motor Company Ltd. Common Stock,$31.33,0.09,0.288%,45392048297.00,Japan,,954013,Consumer Discretionary,Auto Manufacturing
HMN,Horace Mann Educators Corporation Common Stock,$41.27,-1.26,-2.963%,1682953663.00,United States,1991,325702,Finance,Property-Casualty Insurers
HMR,Heidmar Maritime Holdings Corp. Common Stock,$1.54,0.05,3.356%,89571545.00,Greece,,104630,Consumer Discretionary,Marine Transportation
HMST,HomeStreet Inc. Common Stock,$12.91,-0.17,-1.30%,244267631.00,United States,2012,195429,Finance,Major Banks
HMY,Harmony Gold Mining Company Limited,$14.22,0.76,5.646%,8996061353.00,South Africa,,5555560,Basic Materials,Precious Metals
HNGE,Hinge Health Inc. Class A Common Stock,$44.95,0.00,0.00%,3622455323.00,,2025,571206,Technology,EDP Services
HNI,HNI Corporation Common Stock,$50.62,-0.82,-1.594%,2318610426.00,United States,,315093,Consumer Discretionary,Office Equipment/Supplies/Services
HNNA,Hennessy Advisors Inc. Common Stock,$12.40,-0.32,-2.516%,96543002.00,United States,,4019,Finance,Investment Managers
HNNAZ,Hennessy Advisors Inc. 4.875% Notes due 2026,$24.784,0.2639,1.076%,192961433.00,United States,,2900,Finance,Investment Managers
HNRG,Hallador Energy Company Common Stock,$16.93,-0.71,-4.025%,727586727.00,United States,,1137872,Energy,Coal Mining
HNST,The Honest Company Inc. Common Stock,$4.48,-0.13,-2.82%,493862033.00,United States,2021,2768766,Consumer Discretionary,Catalog/Specialty Distribution
HNVR,Hanover Bancorp Inc. Common Stock,$20.70,-0.11,-0.529%,149634732.00,United States,2022,7089,Finance,Major Banks
HNW,Pioneer Diversified High Income Fund Inc.,$12.42,0.005,0.04%,0.00,United States,2007,88871,Finance,Finance/Investors Services
HOFT,Hooker Furnishings Corporation Common Stock,$9.08,-0.37,-3.915%,97128824.00,United States,,33247,Consumer Discretionary,Home Furnishings
HOG,Harley-Davidson Inc. Common Stock,$24.05,-0.28,-1.151%,2921778199.00,United States,,2466623,Consumer Discretionary,Motor Vehicles
HOLO,MicroCloud Hologram Inc. Ordinary Shares,$4.32,-0.25,-5.47%,22151586.00,United States,2021,908899,Technology,Computer Software: Programming Data Processing
HOLOW,MicroCloud Hologram Inc. Warrant,$0.1632,0.0076,4.884%,836838.00,United States,2021,17750,Technology,Computer Software: Programming Data Processing
HOLX,Hologic Inc. Common Stock,$67.16,0.34,0.509%,14966286721.00,United States,1990,1874049,Health Care,Medical Electronics
HOMB,Home BancShares Inc. Common Stock,$27.60,-0.56,-1.989%,5450004220.00,United States,2006,1208084,Finance,Major Banks
HON,Honeywell International Inc. Common Stock,$217.71,-4.64,-2.087%,138223330513.00,United States,,3966477,Industrials,Aerospace
HOND,HCM II Acquisition Corp. Class A Ordinary Shares,$10.81,-0.135,-1.233%,0.00,United States,2024,311395,,
HONDU,HCM II Acquisition Corp. Unit,$11.71,0.00,0.00%,0.00,United States,2024,5,Finance,Blank Checks
HONDW,HCM II Acquisition Corp. Warrant,$2.06,-0.24,-10.435%,0.00,United States,2024,516,Finance,Blank Checks
HONE,HarborOne Bancorp Inc. Common Stock,$11.61,-0.22,-1.86%,500286278.00,United States,2016,338367,Finance,Major Banks
HOOD,Robinhood Markets Inc. Class A Common Stock,$99.90,-3.15,-3.057%,88158649204.00,United States,2021,76583920,Finance,Investment Bankers/Brokers/Service
HOOK,HOOKIPA Pharma Inc. Common Stock,$0.8853,-0.0077,-0.862%,10791045.00,United States,2019,28051,Health Care,Biotechnology: Pharmaceutical Preparations
HOPE,Hope Bancorp Inc. Common Stock,$9.71,-0.14,-1.421%,1243424547.00,United States,,2068191,Finance,Major Banks
HOTH,Hoth Therapeutics Inc. Common Stock,$1.305,-0.025,-1.88%,17237634.00,United States,2019,131753,Health Care,Biotechnology: Pharmaceutical Preparations
HOUR,Hour Loop Inc. Common Stock,$1.722,-0.0772,-4.291%,60545847.00,United States,2022,35219,Consumer Discretionary,Catalog/Specialty Distribution
HOUS,Anywhere Real Estate Inc. Common Stock,$4.49,-0.13,-2.814%,502006152.00,United States,2012,1657714,Finance,Real Estate
HOV,Hovnanian Enterprises Inc. Class A Common Stock,$123.99,4.52,3.783%,718919190.00,United States,1983,183225,Consumer Discretionary,Homebuilding
HOVNP,Hovnanian Enterprises Inc Dep Shr Srs A Pfd,$19.17,-0.23,-1.186%,111151552.00,United States,,4320,Consumer Discretionary,Homebuilding
HOVR,New Horizon Aircraft Ltd. Class A Ordinary Share,$1.41,-0.10,-6.623%,44253057.00,United States,2023,643540,Industrials,Aerospace
HOVRW,New Horizon Aircraft Ltd. Warrant,$0.2051,-0.0149,-6.773%,6437094.00,United States,2023,72167,Industrials,Aerospace
HOWL,Werewolf Therapeutics Inc. Common Stock,$1.16,-0.05,-4.132%,52053429.00,United States,2021,182679,Health Care,Biotechnology: Pharmaceutical Preparations
HP,Helmerich & Payne Inc. Common Stock,$15.66,-0.55,-3.393%,1556864175.00,United States,,2576828,Energy,Oil & Gas Production
HPAI,Helport AI Limited Ordinary Shares,$4.38,0.06,1.389%,162642400.00,Singapore,,7488,Technology,Computer Software: Prepackaged Software
HPAIW,Helport AI Limited Warrants,$0.1625,-0.0275,-14.474%,6034107.00,Singapore,,10911,Technology,Computer Software: Prepackaged Software
HPE,Hewlett Packard Enterprise Company Common Stock,$19.81,-0.88,-4.253%,25994991432.00,United States,2015,14723008,Technology,Retail: Computer Software & Peripheral Equipment
HPE^C,Hewlett Packard Enterprise Company 7.625% Series C Mandatory Convertible Preferred Stock,$57.85,-2.15,-3.583%,,United States,,17234,,
HPF,John Hancock Pfd Income Fund II Pfd Income Fund II,$15.98,-0.06,-0.374%,0.00,United States,2002,27614,Finance,Finance Companies
HPI,John Hancock Preferred Income Fund Common Shares of Beneficial Interest,$16.01,-0.05,-0.311%,0.00,United States,2002,127272,Finance,Trusts Except Educational Religious and Charitable
HPK,HighPeak Energy Inc. Common Stock,$8.97,-1.00,-10.03%,1130824901.00,United States,,389741,Energy,Oil & Gas Production
HPKEW,HighPeak Energy Inc. Warrant,$0.09,0.00,0.00%,11346069.00,United States,,200,Energy,Oil & Gas Production
HPP,Hudson Pacific Properties Inc. Common Stock,$2.41,-0.04,-1.633%,913610392.00,United States,2010,5651057,Finance,Real Estate
HPP^C,Hudson Pacific Properties Inc. 4.750% Series C Cumulative Redeemable Preferred Stock,$14.62,-0.27,-1.813%,,United States,,8371,,
HPQ,HP Inc. Common Stock,$24.45,-0.35,-1.411%,22965221867.00,United States,,7929429,Technology,Computer Manufacturing
HPS,John Hancock Preferred Income Fund III Preferred Income Fund III,$14.43,0.05,0.348%,0.00,United States,2003,67976,Finance,Investment Managers
HQH,abrdn Healthcare Investors Shares of Beneficial Interest,$15.74,0.09,0.575%,745190247.00,United States,1987,149228,Finance,Finance Companies
HQI,HireQuest Inc. Common Stock (DE),$9.78,-0.45,-4.399%,136920000.00,United States,,8065,Consumer Discretionary,Professional Services
HQL,abrdn Life Sciences Investors Shares of Beneficial Interest,$13.12,-0.01,-0.076%,336916824.00,United States,1992,108395,Finance,Investment Managers
HQY,HealthEquity Inc. Common Stock,$91.06,-5.94,-6.124%,7874445462.00,United States,2014,1406702,Consumer Discretionary,Business Services
HR,Healthcare Realty Trust Incorporated Common Stock,$16.54,1.18,7.682%,5812543863.00,United States,,7928095,Real Estate,Real Estate Investment Trusts
HRB,H&R Block Inc. Common Stock,$54.48,0.14,0.258%,7293804955.00,United States,,1081660,Consumer Discretionary,Other Consumer Services
HRI,Herc Holdings Inc. Common Stock ,$114.53,-2.28,-1.952%,3806583904.00,United States,2016,734945,Industrials,Misc Corporate Leasing Services
HRL,Hormel Foods Corporation Common Stock,$28.12,0.03,0.107%,15463035843.00,United States,,3709947,Consumer Staples,Meat/Poultry/Fish
HRMY,Harmony Biosciences Holdings Inc. Common Stock,$34.40,-0.78,-2.217%,1975396574.00,United States,2020,726870,Health Care,Biotechnology: Pharmaceutical Preparations
HROW,Harrow Inc. Common Stock,$31.23,-0.53,-1.669%,1146127040.00,United States,,530570,Health Care,Biotechnology: Pharmaceutical Preparations
HROWL,Harrow Inc. 8.625% Senior Notes due 2026,$25.30,-0.05,-0.197%,928498691.00,United States,,4213,Health Care,Biotechnology: Pharmaceutical Preparations
HROWM,Harrow  Inc. 11.875% Senior Notes due 2027,$26.46,0.01,0.038%,971070172.00,United States,,8936,Health Care,Biotechnology: Pharmaceutical Preparations
HRTG,Heritage Insurance Holdings Inc. Common Stock,$21.01,-0.08,-0.379%,651168603.00,United States,2014,301786,Finance,Property-Casualty Insurers
HRTX,Heron Therapeutics Inc. Common Stock,$1.69,-0.04,-2.312%,257832541.00,United States,,1017153,Health Care,Biotechnology: Pharmaceutical Preparations
HRZN,Horizon Technology Finance Corporation Common Stock,$7.68,-0.16,-2.041%,309926116.00,United States,2010,524516,Finance,Finance: Consumer Services
HSAI,Hesai Group American Depositary Share each ADS represents one Class B ordinary share,$18.73,-0.27,-1.421%,2481119347.00,China,2023,2710746,Industrials,Industrial Machinery/Components
HSBC,HSBC Holdings plc. Common Stock,$61.37,0.07,0.114%,214194784401.00,United Kingdom,,1758706,Finance,Savings Institutions
HSCS,HeartSciences Inc. Common Stock,$3.05,-0.07,-2.244%,5899554.00,United States,2022,68791,Health Care,Industrial Specialties
HSCSW,HeartSciences Inc. Warrant,$0.1199,0.0015,1.267%,231920.00,United States,2022,379,Health Care,Industrial Specialties
HSDT,Helius Medical Technologies Inc. Class A Common Stock (DE),$6.10,-0.81,-11.722%,4259398.00,United States,,179141,Health Care,Biotechnology: Electromedical & Electrotherapeutic Apparatus
HSHP,Himalaya Shipping Ltd. Common Shares,$6.78,-0.04,-0.587%,315609000.00,,2023,92116,Consumer Discretionary,Marine Transportation
HSIC,Henry Schein Inc. Common Stock,$67.98,0.33,0.488%,8274494737.00,United States,1995,1557873,Health Care,Medical Specialities
HSII,Heidrick & Struggles International Inc. Common Stock,$43.05,-1.48,-3.324%,887724837.00,United States,1999,127477,Consumer Discretionary,Diversified Commercial Services
HSON,Hudson Global Inc. Common Stock,$9.30,0.335,3.737%,25581836.00,United States,,3545,Consumer Discretionary,Professional Services
HSPO,Horizon Space Acquisition I Corp. Ordinary Shares,$12.16,0.00,0.00%,0.00,United States,2023,35,Finance,Blank Checks
HSPOR,Horizon Space Acquisition I Corp. Right,$0.1857,-0.0226,-10.85%,0.00,United States,2023,100,Finance,Blank Checks
HSPOU,Horizon Space Acquisition I Corp. Unit,$12.21,0.00,0.00%,0.00,United States,2022,1,Finance,Blank Checks
HSPT,Horizon Space Acquisition II Corp. Ordinary share,$10.26,-0.03,-0.292%,0.00,United States,2025,115,,
HSPTR,Horizon Space Acquisition II Corp. Right,$0.16,0.00,0.00%,0.00,United States,2025,63,Finance,Blank Checks
HSPTU,Horizon Space Acquisition II Corp. Units,$10.31,-0.06,-0.579%,0.00,United States,2024,1288,,
HST,Host Hotels & Resorts Inc. Common Stock,$15.53,-0.19,-1.209%,10773384989.00,United States,,15665228,Real Estate,Real Estate Investment Trusts
HSTM,HealthStream Inc. Common Stock,$25.65,-0.51,-1.95%,782973073.00,United States,2000,229762,Technology,Computer Software: Programming Data Processing
HSY,The Hershey Company Common Stock,$189.01,2.88,1.547%,38316906523.00,United States,,2072842,Consumer Staples,Specialty Foods
HTB,HomeTrust Bancshares Inc. Common Stock,$38.15,-0.71,-1.827%,669472452.00,United States,,61006,Finance,Savings Institutions
HTBK,Heritage Commerce Corp Common Stock,$9.25,0.00,0.00%,569758523.00,United States,,852485,Finance,Major Banks
HTCO,High-Trend International Group Class A Ordinary Shares,$0.3301,0.0079,2.452%,39922197.00,Singapore,,1919007,Consumer Discretionary,Marine Transportation
HTCR,Heartcore Enterprises Inc. Common Stock,$0.4857,-0.0019,-0.39%,10721989.00,Japan,2022,73414,Technology,EDP Services
HTD,John Hancock Tax Advantaged Dividend Income Fund Common Shares of Beneficial Interest,$24.26,-0.01,-0.041%,0.00,United States,2004,55780,Finance,Finance Companies
HTFB,Horizon Technology Finance Corporation 4.875% Notes due 2026,$24.85,0.00,0.00%,1002820831.00,United States,,5,Finance,Finance: Consumer Services
HTFC,Horizon Technology Finance Corporation 6.25% Notes due 2027,$24.68,-0.02,-0.081%,995960487.00,United States,2022,417,Finance,Finance: Consumer Services
HTGC,Hercules Capital Inc. Common Stock,$19.15,0.39,2.079%,3359410370.00,United States,2012,1875292,Finance,Investment Managers
HTH,Hilltop Holdings Inc.,$29.57,-0.03,-0.101%,1862962014.00,United States,,537442,Finance,Major Banks
HTHT,H World Group Limited American Depositary Shares,$31.23,0.01,0.032%,9585707250.00,China,2010,2171252,Consumer Discretionary,Hotels/Resorts
HTLD,Heartland Express Inc. Common Stock,$7.53,-0.29,-3.708%,591508352.00,United States,1986,904078,Industrials,Trucking Freight/Courier Services
HTLM,HomesToLife Ltd Ordinary Shares,$3.8995,0.0195,0.503%,349736406.00,Singapore,2024,3102,Consumer Discretionary,Other Specialty Stores
HTO,H2O America Common Stock,$49.49,1.20,2.485%,1746357589.00,United States,,261542,Utilities,Water Supply
HTOO,Fusion Fuel Green PLC Class A Ordinary Shares,$5.33,-0.08,-1.479%,4175394.00,Ireland,,163197,Energy,Industrial Machinery/Components
HTOOW,Fusion Fuel Green PLC Warrant,$0.038,0.00,0.00%,29768.00,Ireland,,53252,Energy,Industrial Machinery/Components
HTZ,Hertz Global Holdings Inc Common Stock,$5.99,-0.42,-6.552%,1852773327.00,United States,,5061760,Consumer Discretionary,Rental/Leasing Companies
HTZWW,Hertz Global Holdings Inc Warrant,$3.32,-0.12,-3.488%,1026912762.00,United States,,21237,Consumer Discretionary,Rental/Leasing Companies
HUBB,Hubbell Inc Common Stock,$426.74,-10.74,-2.455%,22676967441.00,United States,2015,744349,Technology,Electrical Products
HUBC,Hub Cyber Security Ltd. Ordinary Shares,$3.505,-0.475,-11.935%,35215772.00,Israel,,247982,Telecommunications,Computer Communications Equipment
HUBCW,Hub Cyber Security Ltd. Warrant 2/27/28,$0.029,0.001,3.571%,291372.00,Israel,,2005,Telecommunications,Computer Communications Equipment
HUBCZ,Hub Cyber Security Ltd. Warrant 8/22/2025,$0.0061,0.00,0.00%,61289.00,Israel,,200,Telecommunications,Computer Communications Equipment
HUBG,Hub Group Inc. Class A Common Stock,$33.60,-1.42,-4.055%,2057813117.00,United States,1996,1102049,Consumer Discretionary,Oil Refining/Marketing
HUBS,HubSpot Inc. Common Stock,$498.51,-21.14,-4.068%,26290204027.00,United States,2014,679039,Technology,Computer Software: Prepackaged Software
HUDI,Huadi International Group Co. Ltd. Ordinary Shares,$1.10,-0.0315,-2.784%,15707100.00,China,2021,9519,Industrials,Steel/Iron Ore
HUHU,HUHUTECH International Group Inc. Ordinary Shares,$6.68,0.1467,2.245%,141438399.00,China,2024,152573,Telecommunications,Metal Fabrications
HUIZ,Huize Holding Limited American Depositary Shares,$2.16,-0.15,-6.494%,21791324.00,China,2020,6620,Finance,Specialty Insurers
HUM,Humana Inc. Common Stock,$247.26,-2.61,-1.045%,29738409966.00,United States,,1756072,Health Care,Medical Specialities
HUMA,Humacyte Inc. Common Stock,$2.28,-0.12,-5.00%,353670900.00,United States,2020,5792801,Health Care,Biotechnology: Biological Products (No Diagnostic Substances)
HUMAW,Humacyte Inc. Warrant,$0.49,-0.0284,-5.478%,76008220.00,United States,2020,9193,Health Care,Biotechnology: Biological Products (No Diagnostic Substances)
HUN,Huntsman Corporation Common Stock,$9.21,-0.49,-5.052%,1600197243.00,United States,2005,9365625,Industrials,Major Chemicals
HURA,TuHURA Biosciences Inc. Common Stock,$2.40,-0.08,-3.226%,104832950.00,United States,,110969,Health Care,Biotechnology: Pharmaceutical Preparations
HURC,Hurco Companies Inc. Common Stock,$19.04,-0.18,-0.937%,123890767.00,United States,,32647,Industrials,Industrial Machinery/Components
HURN,Huron Consulting Group Inc. Common Stock,$121.98,-10.10,-7.647%,2103915187.00,United States,2004,502393,Consumer Discretionary,Professional Services
HUSA,Houston American Energy Corporation Common Stock,$9.64,0.13,1.367%,15121815.00,United States,,206733,Energy,Oil & Gas Production
HUT,Hut 8 Corp. Common Stock,$19.78,-1.45,-6.83%,2061473262.00,United States,,4762289,Finance,Finance: Consumer Services
HUYA,HUYA Inc. American depositary shares each  representing one Class A ordinary share,$3.44,0.08,2.381%,768873399.00,United States,2018,1518303,Technology,Computer Software: Programming Data Processing
HVII,Hennessy Capital Investment Corp. VII Ordinary Shares,$10.16,0.00,0.00%,,United States,2025,113,,
HVIIR,Hennessy Capital Investment Corp. VII Rights,$0.275,0.0001,0.036%,0.00,United States,2025,72208,,
HVT,Haverty Furniture Companies Inc. Common Stock,$20.40,-0.23,-1.115%,329517752.00,United States,,114089,Consumer Discretionary,Other Specialty Stores
HVT/A,Haverty Furniture Companies Inc.,$21.18,0.00,0.00%,,United States,,5,,
HWBK,Hawthorn Bancshares Inc. Common Stock,$28.22,-0.30,-1.052%,196034632.00,United States,,18597,Finance,Major Banks
HWC,Hancock Whitney Corporation Common Stock,$57.64,-2.08,-3.483%,4936473760.00,United States,,798774,Finance,Major Banks
HWCPZ,Hancock Whitney Corporation 6.25% Subordinated Notes due 2060,$23.7251,-0.0449,-0.189%,2031893366.00,United States,,3173,Finance,Major Banks
HWH,HWH International Inc. Common Stock,$1.37,-0.01,-0.725%,8872668.00,United States,2022,210226,Health Care,Other Pharmaceuticals
HWKN,Hawkins Inc. Common Stock,$158.83,-4.45,-2.725%,3315914558.00,United States,,227487,Consumer Discretionary,Specialty Chemicals
HWM,Howmet Aerospace Inc. Common Stock,$184.26,4.49,2.498%,74380982664.00,United States,,5089162,Industrials,Metal Fabrications
HWM^,Howmet Aerospace Inc. $3.75 Preferred Stock,$65.00,-3.50,-5.109%,,United States,,1708,,
HXHX,Haoxin Holdings Limited Class A Ordinary Shares,$1.24,-0.11,-8.148%,17050000.00,China,2025,118444,Industrials,Trucking Freight/Courier Services
HXL,Hexcel Corporation Common Stock,$59.55,-0.36,-0.601%,4737997254.00,United States,,1135951,Industrials,Major Chemicals
HY,Hyster-Yale Inc. Class A common stock,$40.23,-1.78,-4.237%,712379363.00,United States,,65713,Industrials,Construction/Ag Equipment/Trucks
HYAC,Haymaker Acquisition Corp. 4 Class A Ordinary Shares,$11.20,0.02,0.179%,0.00,,2023,50737,,
HYFM,Hydrofarm Holdings Group Inc. Common Stock,$4.34,0.00,0.00%,20150433.00,United States,2020,4009,Consumer Discretionary,Consumer Specialties
HYI,Western Asset High Yield Opportunity Fund Inc. Common Stock,$11.87,0.02,0.169%,0.00,,2010,38470,Finance,Investment Managers
HYLN,Hyliion Holdings Corp. Class A Common Stock,$1.40,-0.10,-6.667%,245325912.00,United States,2019,1086337,Consumer Discretionary,Construction/Ag Equipment/Trucks
HYMC,Hycroft Mining Holding Corporation Class A Common Stock,$3.47,0.21,6.442%,86692252.00,United States,2018,614716,Basic Materials,Precious Metals
HYMCL,Hycroft Mining Holding Corporation Warrants,$0.012,0.0033,37.931%,299800.00,United States,,261127,Basic Materials,Precious Metals
HYPD,Hyperion DeFi Inc. Common Stock,$7.08,-1.18,-14.286%,37121311.00,United States,2018,376612,Health Care,Biotechnology: Pharmaceutical Preparations
HYPR,Hyperfine Inc. Class A Common Stock,$1.03,-0.03,-2.83%,80175046.00,United States,2021,254632,Health Care,Biotechnology: Electromedical & Electrotherapeutic Apparatus
HYT,Blackrock Corporate High Yield Fund Inc. Common Stock,$9.79,0.00,0.00%,0.00,United States,2003,473605,Finance,Finance Companies
HZO,MarineMax Inc.  (FL) Common Stock,$22.29,-0.39,-1.72%,478422819.00,United States,1998,584314,Consumer Discretionary,Auto & Home Supply Stores
IAC,IAC Inc. Common Stock,$38.83,-0.47,-1.196%,3100256084.00,United States,,1062226,Technology,Computer Software: Programming Data Processing
IAE,Voya Asia Pacific High Dividend Equity Income Fund ING Asia Pacific High Dividend Equity Income Fund Common Shares of Beneficial Interest,$6.96,-0.21,-2.929%,0.00,United States,2007,35229,Finance,Trusts Except Educational Religious and Charitable
IAF,abrdn Australia Equity Fund Inc. Common Stock,$4.44,-0.01,-0.225%,0.00,United States,1985,31714,Finance,Finance/Investors Services
IAG,Iamgold Corporation Ordinary Shares,$6.86,0.10,1.479%,3945186000.00,Canada,,13175062,Basic Materials,Precious Metals
IART,Integra LifeSciences Holdings Corporation Common Stock,$12.31,-0.83,-6.317%,956638093.00,United States,,2230460,Health Care,Medical/Dental Instruments
IAS,Integral Ad Science Holding Corp. Common Stock,$7.86,-0.34,-4.146%,1297028118.00,United States,2021,1098278,Technology,Computer Software: Programming Data Processing
IAUX,i-80 Gold Corp. Common Shares,$0.5638,0.0034,0.607%,457444098.00,Canada,2022,3154787,Basic Materials,Precious Metals
IBAC,IB Acquisition Corp. Common Stock,$10.48,0.00,0.00%,0.00,United States,2024,5,,
IBACR,IB Acquisition Corp. Right,$0.0566,-0.0034,-5.667%,0.00,United States,2024,400,,
IBCP,Independent Bank Corporation Common Stock,$30.09,-0.46,-1.506%,623493085.00,United States,,136049,Finance,Major Banks
IBEX,IBEX Limited Common Shares,$27.75,-1.82,-6.155%,371084211.00,Bermuda,2020,138909,Technology,EDP Services
IBG,Innovation Beverage Group Limited Ordinary Shares,$0.6141,-0.0249,-3.897%,5699545.00,Australia,2024,367834,Consumer Staples,Beverages (Production/Distribution)
IBIO,iBio Inc. Common Stock,$0.659,-0.021,-3.088%,10886206.00,United States,,371452,Health Care,Biotechnology: Pharmaceutical Preparations
IBKR,Interactive Brokers Group Inc. Class A Common Stock,$63.61,-1.95,-2.974%,107526899697.00,United States,2019,7973280,Finance,Investment Bankers/Brokers/Service
IBM,International Business Machines Corporation Common Stock,$250.05,-3.10,-1.225%,232926386462.00,United States,,9680964,Technology,Computer Manufacturing
IBN,ICICI Bank Limited Common Stock,$33.64,-0.06,-0.178%,120019774592.00,India,,2381584,Finance,Commercial Banks
IBO,Impact BioMedical Inc. Common Stock,$0.614,0.0035,0.573%,7420443.00,,2024,179719,Health Care,Biotechnology: Pharmaceutical Preparations
IBOC,International Bancshares Corporation Common Stock,$67.44,-0.74,-1.085%,4190852164.00,United States,,252142,Finance,Major Banks
IBP,Installed Building Products Inc. Common Stock,$206.50,4.21,2.081%,5702589806.00,United States,2014,343009,Consumer Discretionary,Homebuilding
IBRX,ImmunityBio Inc. Common Stock,$2.37,-0.09,-3.659%,2091810369.00,United States,2015,7040505,Health Care,Biotechnology: Biological Products (No Diagnostic Substances)
IBTA,Ibotta Inc. Class A Common Stock,$34.73,-1.62,-4.457%,987991156.00,United States,2024,449502,Consumer Discretionary,Advertising
ICCC,ImmuCell Corporation Common Stock,$6.00,-0.37,-5.808%,54224382.00,United States,1987,20428,Health Care,Biotechnology: In Vitro & In Vivo Diagnostic Substances
ICCM,IceCure Medical Ltd. Ordinary Shares,$1.01,-0.01,-0.98%,57134689.00,Israel,,650522,Health Care,Medical/Dental Instruments
ICE,Intercontinental Exchange Inc. Common Stock,$184.60,-0.23,-0.124%,105891409627.00,United States,2005,3795757,Finance,Investment Bankers/Brokers/Service
ICFI,ICF International Inc. Common Stock,$88.45,4.56,5.436%,1628463122.00,United States,2006,602772,Consumer Discretionary,Professional Services
ICG,Intchains Group Limited American Depositary Shares,$2.72,-0.05,-1.805%,326259912.00,China,2023,69345,Technology,Semiconductors
ICHR,Ichor Holdings Ordinary Shares,$19.38,-0.41,-2.072%,661243255.00,United States,2016,429175,Technology,Semiconductors
ICL,ICL Group Ltd. Ordinary Shares,$6.16,-0.11,-1.754%,7949124143.00,Israel,2014,698498,Industrials,Agricultural Chemicals
ICLR,ICON plc Ordinary Shares,$166.44,-2.75,-1.625%,13441171778.00,Ireland,1998,1131157,Health Care,Biotechnology: Commercial Physical & Biological Resarch
ICMB,Investcorp Credit Management BDC Inc. Common Stock,$2.83,-0.035,-1.222%,40791713.00,United States,2014,22354,Finance,Finance: Consumer Services
ICON,Icon Energy Corp. Common stock,$2.40,-0.02,-0.826%,5244552.00,Greece,2024,32044,Consumer Discretionary,Marine Transportation
ICR^A,InPoint Commercial Real Estate Income Inc. 6.75% Series A Cumulative Redeemable Preferred Stock,$19.25,0.25,1.316%,,,,3478,,
ICU,SeaStar Medical Holding Corporation Common Stock,$0.6552,0.0464,7.622%,6921368.00,United States,2021,4352776,Health Care,Medical/Dental Instruments
ICUCW,SeaStar Medical Holding Corporation Warrant,$0.0301,0.0012,4.152%,317969.00,United States,2021,117793,Health Care,Medical/Dental Instruments
ICUI,ICU Medical Inc. Common Stock,$127.40,-1.01,-0.787%,3135560774.00,United States,1992,242242,Health Care,Medical/Dental Instruments
IDA,IDACORP Inc. Common Stock,$124.34,-0.99,-0.79%,6716871917.00,United States,,461496,Utilities,Electric Utilities: Central
IDAI,T Stamp Inc. Class A Common Stock,$2.60,-0.18,-6.475%,6455309.00,United States,,20457,Technology,Computer Software: Prepackaged Software
IDCC,InterDigital Inc. Common Stock,$252.80,-5.40,-2.091%,6556806608.00,United States,,426807,Miscellaneous,Multi-Sector Companies
IDE,Voya Infrastructure Industrials and Materials Fund Common Shares of Beneficial Interest,$11.72,-0.17,-1.43%,0.00,United States,2010,31443,Finance,Finance/Investors Services
IDN,Intellicheck Inc. Common Stock,$4.82,-0.13,-2.626%,95650909.00,United States,1999,257955,Technology,Computer Software: Prepackaged Software
IDR,Idaho Strategic Resources Inc. Common Stock,$17.23,0.83,5.061%,242130985.00,United States,2022,413852,Basic Materials,Precious Metals
IDT,IDT Corporation Class B Common Stock,$58.08,-0.83,-1.409%,1465373385.00,United States,,125173,Telecommunications,Telecommunications Equipment
IDXX,IDEXX Laboratories Inc. Common Stock,$535.54,1.23,0.23%,43069153430.00,United States,1991,760497,Health Care,Biotechnology: In Vitro & In Vivo Diagnostic Substances
IDYA,IDEAYA Biosciences Inc. Common Stock,$24.27,-0.08,-0.329%,2125614242.00,United States,2019,860814,Health Care,Biotechnology: Pharmaceutical Preparations
IE,Ivanhoe Electric Inc. Common Stock,$9.59,0.03,0.314%,1271541150.00,Canada,2022,943602,Basic Materials,Metal Mining
IEP,Icahn Enterprises L.P. Common Stock,$8.98,-0.15,-1.643%,4903853187.00,United States,,819589,Consumer Discretionary,Auto Parts:O.E.M.
IESC,IES Holdings Inc. Common Stock,$350.41,-2.66,-0.753%,6957185911.00,United States,,180778,Industrials,Engineering & Construction
IEX,IDEX Corporation Common Stock,$159.12,-4.39,-2.685%,11979712630.00,United States,1989,1320365,Industrials,Fluid Controls
IFBD,Infobird Co. Ltd Ordinary Shares,$0.9901,-0.0199,-1.97%,8107507.00,China,2021,12085,Technology,Computer Software: Prepackaged Software
IFF,International Flavors & Fragrances Inc. Common Stock,$69.48,-1.55,-2.182%,17772313171.00,United States,,1489182,Industrials,Major Chemicals
IFN,India Fund Inc. (The) Common Stock,$15.54,0.08,0.517%,0.00,United States,,105181,Finance,Finance/Investors Services
IFRX,InflaRx N.V. Common Stock,$0.86,-0.045,-4.972%,51042471.00,Germany,2017,123610,Health Care,Biotechnology: Pharmaceutical Preparations
IFS,Intercorp Financial Services Inc. Common Shares,$36.02,-0.04,-0.111%,4158426334.00,,2019,92251,Finance,Commercial Banks
IGA,Voya Global Advantage and Premium Opportunity Fund Common Shares of Beneficial Interest,$9.53,-0.12,-1.244%,0.00,United States,2005,94392,Finance,Investment Managers
IGC,IGC Pharma Inc. Common Stock,$0.3414,-0.0186,-5.167%,28640587.00,United States,,509401,Health Care,Biotechnology: Pharmaceutical Preparations
IGD,Voya Global Equity Dividend and Premium Opportunity Fund,$5.70,-0.07,-1.213%,0.00,United States,2005,152037,Finance,Trusts Except Educational Religious and Charitable
IGI,Western Asset Investment Grade Opportunity Trust Inc. Common Stock,$16.52,0.00,0.00%,0.00,United States,2009,5381,Finance,Investment Managers
IGIC,International General Insurance Holdings Ltd. Ordinary Share,$23.30,-0.55,-2.306%,1051038209.00,Jordan,2018,80904,Finance,Property-Casualty Insurers
IGMS,IGM Biosciences Inc. Common Stock,$1.31,0.04,3.15%,78750750.00,United States,2019,487358,Health Care,Biotechnology: Pharmaceutical Preparations
IGR,CBRE Global Real Estate Income Fund Common Shares of Beneficial Interest,$4.81,-0.03,-0.62%,0.00,United States,2004,808245,Finance,Finance Companies
IH,iHuman Inc. American depositary shares each representing five Class A ordinary shares,$2.95,-0.05,-1.667%,151988655.00,United States,2020,19218,Real Estate,Other Consumer Services
IHD,Voya Emerging Markets High Income Dividend Equity Fund Common Shares,$5.79,-0.11,-1.864%,0.00,United States,2011,52350,Finance,Investment Managers
IHG,Intercontinental Hotels Group American Depositary Shares (Each representing one Ordinary Share),$114.67,-1.49,-1.283%,17732020792.00,United Kingdom,,160989,Consumer Discretionary,Hotels/Resorts
IHRT,iHeartMedia Inc. Class A Common Stock,$1.81,-0.06,-3.209%,267195800.00,United States,,624913,Consumer Discretionary,Broadcasting
IHS,IHS Holding Limited Ordinary Shares,$6.49,-0.01,-0.154%,2164031681.00,Cayman Islands,2021,622968,Telecommunications,Telecommunications Equipment
IHT,InnSuites Hospitality Trust Shares of Beneficial Interest,$1.94,0.08,4.301%,17001161.00,United States,1999,2596,Finance,Investment Bankers/Brokers/Service
IIF,Morgan Stanley India Investment Fund Inc. Common Stock,$27.30,-0.02,-0.073%,0.00,United States,1994,88319,Finance,Trusts Except Educational Religious and Charitable
III,Information Services Group Inc. Common Stock,$4.20,-0.11,-2.552%,202457522.00,United States,,248048,Consumer Discretionary,Professional Services
IIIN,Insteel Industries Inc. Common Stock,$35.31,-0.79,-2.188%,685361486.00,United States,,117935,Industrials,Steel/Iron Ore
IIIV,i3 Verticals Inc. Class A Common Stock,$28.00,0.02,0.071%,930070568.00,United States,2018,338595,Consumer Discretionary,Business Services
IIM,Invesco Value Municipal Income Trust Common Stock,$11.47,0.07,0.614%,539874995.00,United States,,185864,Finance,Investment Managers
IINN,Inspira Technologies Oxy B.H.N. Ltd. Ordinary Shares,$1.23,-0.04,-3.15%,29830078.00,Israel,2021,254638,Health Care,Medical/Dental Instruments
IINNW,Inspira Technologies Oxy B.H.N. Ltd. Warrant,$0.4501,0.0701,18.447%,10915868.00,Israel,2021,51149,Health Care,Medical/Dental Instruments
IIPR,Innovative Industrial Properties Inc. Common Stock,$51.37,-0.33,-0.638%,1438936834.00,United States,2016,290656,Finance,Real Estate
IIPR^A,Innovative Industrial Properties Inc. 9.00% Series A Cumulative Redeemable Preferred Stock,$25.13,-0.03,-0.119%,,United States,,14309,,
IKT,Inhibikase Therapeutics Inc. Common Stock,$1.52,-0.06,-3.797%,112999141.00,United States,2020,83516,Health Care,Biotechnology: Biological Products (No Diagnostic Substances)
ILAG,Intelligent Living Application Group Inc. Ordinary Shares,$0.47,0.0054,1.162%,9761657.00,Hong Kong,2022,642993,Consumer Discretionary,Office Equipment/Supplies/Services
ILLR,Triller Group Inc. Common Stock,$0.5522,0.0131,2.43%,85679251.00,United States,2019,328191,Finance,Investment Managers
ILLRW,Triller Group Inc. Warrant,$0.0636,-0.0003,-0.469%,9868164.00,United States,2019,141,Finance,Investment Managers
ILMN,Illumina Inc. Common Stock,$94.66,-8.05,-7.838%,14984678000.00,United States,2000,4769775,Health Care,Medical Specialities
ILPT,Industrial Logistics Properties Trust Common Shares of Beneficial Interest,$5.37,0.05,0.94%,356224315.00,United States,2018,957720,Real Estate,Real Estate Investment Trusts
IMA,ImageneBio Inc. Common Stock,$17.28,-0.62,-3.464%,69491676.00,United States,2021,11207,Health Care,Biotechnology: Biological Products (No Diagnostic Substances)
IMAB,I-MAB American Depositary Shares,$2.62,0.61,30.348%,213532843.00,China,2020,44497394,Health Care,Biotechnology: Pharmaceutical Preparations
IMAX,Imax Corporation Common Stock,$25.20,-0.59,-2.288%,1355319504.00,Canada,,1442080,Consumer Discretionary,Industrial Machinery/Components
IMCC,IM Cannabis Corp. Common Shares,$2.53,-0.09,-3.435%,7806194.00,Canada,,22985,Health Care, Medicinal Chemicals and Botanical Products 
IMCR,Immunocore Holdings plc American Depositary Shares,$32.99,0.22,0.671%,1586434535.00,United Kingdom,2021,386223,Health Care,Biotechnology: Biological Products (No Diagnostic Substances)
IMDX,Insight Molecular Diagnostics Inc. Common Stock,$2.56,0.04,1.587%,73214170.00,United States,,15433,Health Care,Biotechnology: In Vitro & In Vivo Diagnostic Substances
IMG,CIMG Inc. Common Stock,$0.2326,-0.0154,-6.21%,8466039.00,United States,,3665245,Consumer Discretionary,Other Specialty Stores
IMKTA,Ingles Markets Incorporated Class A Common Stock,$63.20,0.27,0.429%,1200444563.00,United States,1987,184204,Consumer Staples,Food Chains
IMMP,Immutep Limited American Depositary Shares,$1.72,-0.02,-1.149%,250185670.00,Australia,,62249,Health Care,Biotechnology: Pharmaceutical Preparations
IMMR,Immersion Corporation Common Stock,$6.81,-0.16,-2.296%,220619702.00,United States,1999,428838,Technology,Computer peripheral equipment
IMMX,Immix Biopharma Inc. Common Stock,$2.65,-0.07,-2.574%,73874826.00,United States,2021,181085,Health Care,Biotechnology: Pharmaceutical Preparations
IMNM,Immunome Inc. Common Stock,$10.59,0.07,0.665%,921460554.00,United States,2020,632440,Health Care,Biotechnology: Pharmaceutical Preparations
IMNN,Imunon Inc. Common Stock,$8.50,0.21,2.533%,18036108.00,United States,,106189,Health Care,Biotechnology: Pharmaceutical Preparations
IMO,Imperial Oil Limited Common Stock,$83.32,-0.15,-0.18%,42413629400.00,Canada,1929,581466,Energy,Integrated oil Companies
IMOS,ChipMOS TECHNOLOGIES INC. American Depositary Shares,$16.87,-0.09,-0.531%,608064068.00,Taiwan,,43852,Technology,Semiconductors
IMPP,Imperial Petroleum Inc. Common Shares,$3.00,-0.07,-2.28%,103245705.00,Greece,,212411,Consumer Discretionary,Marine Transportation
IMPPP,Imperial Petroleum Inc. 8.75% Series A Cumulative Redeemable Perpetual Preferred Shares,$25.7656,0.1655,0.646%,886729179.00,Greece,,1329,Consumer Discretionary,Marine Transportation
IMRN,Immuron Limited American Depositary Shares,$1.65,0.03,1.852%,9396682.00,Australia,2017,64369,Health Care,Biotechnology: Pharmaceutical Preparations
IMRX,Immuneering Corporation Class A Common Stock,$3.37,-0.07,-2.035%,121271816.00,United States,2021,271435,Health Care,Biotechnology: Pharmaceutical Preparations
IMTE,Integrated Media Technology Limited Ordinary Shares,$1.005,-0.065,-6.075%,3448591.00,Australia,,16042,Consumer Staples,Consumer Electronics/Appliances
IMTX,Immatics N.V. Ordinary Shares,$6.48,0.03,0.465%,787645095.00,Germany,,386235,Health Care,Biotechnology: Biological Products (No Diagnostic Substances)
IMUX,Immunic Inc. Common Stock,$0.9315,-0.0086,-0.915%,89254035.00,United States,2014,668289,Health Care,Biotechnology: Pharmaceutical Preparations
IMVT,Immunovant Inc. Common Stock,$15.71,-0.37,-2.301%,2685203331.00,United States,2019,1534963,Health Care,Biotechnology: Biological Products (No Diagnostic Substances)
IMXI,International Money Express Inc. Common Stock,$8.71,-0.28,-3.115%,261096630.00,United States,2017,398857,Consumer Discretionary,Business Services
INAB,IN8bio Inc. Common Stock,$2.11,-0.02,-0.939%,7267334.00,United States,2021,125640,Health Care,Biotechnology: Biological Products (No Diagnostic Substances)
INAC,Indigo Acquisition Corp. Ordinary Shares,$9.94,-0.005,-0.05%,0.00,United States,2025,6545,,
INACR,Indigo Acquisition Corp. Right,$0.13,-0.01,-7.143%,0.00,United States,2025,346991,,
INACU,Indigo Acquisition Corp. Unit,$10.06,-0.04,-0.396%,0.00,United States,2025,48792,,
INBK,First Internet Bancorp Common Stock,$21.46,-0.47,-2.143%,186639444.00,United States,,60096,Finance,Major Banks
INBKZ,First Internet Bancorp 6.0% Fixed-to-Floating Rate Subordinated Notes Due 2029,$24.9597,0.1097,0.441%,217076632.00,United States,,5209,Finance,Major Banks
INBS,Intelligent Bio Solutions Inc. Common Stock,$1.47,-0.11,-6.962%,10158110.00,United States,2020,217147,Health Care,Medical/Dental Instruments
INBX,Inhibrx Biosciences Inc. Common Stock,$21.60,-0.32,-1.46%,312679526.00,United States,,58806,Health Care,Biotechnology: Biological Products (No Diagnostic Substances)
INCR,Intercure Ltd. Ordinary Shares,$1.44,0.01,0.699%,78498157.00,Israel,,43131,Health Care,Biotechnology: Pharmaceutical Preparations
INCY,Incyte Corp. Common Stock,$75.59,0.70,0.935%,14760923801.00,United States,,1583946,Health Care,Biotechnology: Commercial Physical & Biological Resarch
INDB,Independent Bank Corp. Common Stock,$62.06,-1.49,-2.345%,2644904669.00,United States,,546784,Finance,Major Banks
INDI,indie Semiconductor Inc. Class A Common Stock,$3.74,-0.17,-4.348%,794801425.00,United States,,3383908,Technology,Semiconductors
INDO,Indonesia Energy Corporation Limited Ordinary Shares,$3.00,0.15,5.263%,41730114.00,,2019,1433389,Energy,Oil & Gas Production
INDP,Indaptus Therapeutics Inc. Common Stock,$7.30,-0.86,-10.539%,4180411.00,United States,,9424,Health Care,Biotechnology: Pharmaceutical Preparations
INDV,Indivior PLC Ordinary Shares,$21.05,0.85,4.208%,2626404711.00,United Kingdom,,5589172,Health Care,Biotechnology: Pharmaceutical Preparations
INEO,INNEOVA Holdings Limited Ordinary Shares,$0.933,-0.072,-7.164%,9213375.00,Singapore,2024,59164,Consumer Discretionary,Motor Vehicles
INFA,Informatica Inc. Class A Common Stock,$24.63,-0.07,-0.283%,7431464558.00,United States,2021,2840723,Technology,Computer Software: Prepackaged Software
INFU,InfuSystems Holdings Inc. Common Stock,$5.70,0.10,1.786%,119559005.00,United States,,92083,Health Care,Medical/Dental Instruments
INFY,Infosys Limited American Depositary Shares,$16.41,-0.31,-1.854%,68170640483.00,India,,20077875,Technology,EDP Services
ING,ING Group N.V. Common Stock,$22.71,-0.65,-2.783%,71477253539.00,Netherlands,1997,3429460,Finance,Commercial Banks
INGM,Ingram Micro Holding Corporation Common Stock,$19.43,-0.29,-1.471%,4562883104.00,United States,2024,1022072,Technology,Retail: Computer Software & Peripheral Equipment
INGN,Inogen Inc Common Stock,$6.21,-0.10,-1.585%,166969773.00,United States,2014,444994,Health Care,Industrial Specialties
INGR,Ingredion Incorporated Common Stock,$126.37,-5.17,-3.93%,8126982334.00,United States,,959566,Consumer Staples,Packaged Foods
INHD,Inno Holdings Inc. Common Stock,$1.20,-0.03,-2.439%,9298178.00,United States,2023,64892,Industrials,Steel/Iron Ore
INKT,MiNK Therapeutics Inc. Common Stock,$14.72,-0.44,-2.902%,58668871.00,United States,2021,82979,Health Care,Biotechnology: Biological Products (No Diagnostic Substances)
INLF,INLIF LIMITED Class A Ordinary Shares,$1.09,0.00,0.00%,15805000.00,China,2025,100998,Industrials,Industrial Machinery/Components
INLX,Intellinetics Inc. Common Stock,$12.05,0.00,0.00%,51989219.00,,2022,373,Technology,Computer Software: Prepackaged Software
INM,InMed Pharmaceuticals Inc. Common Shares,$2.39,-0.04,-1.646%,1594161.00,Canada,,50580,Health Care,Biotechnology: Pharmaceutical Preparations
INMB,INmune Bio Inc. Common stock,$2.56,-0.17,-6.227%,59418565.00,United States,2019,966344,Health Care,Biotechnology: Biological Products (No Diagnostic Substances)
INMD,InMode Ltd. Ordinary Shares,$13.74,0.08,0.586%,955736126.00,Israel,2019,1726589,Health Care,Biotechnology: Electromedical & Electrotherapeutic Apparatus
INN,Summit Hotel Properties Inc. Common Stock,$5.03,-0.19,-3.64%,564473526.00,United States,2011,1062974,Real Estate,Real Estate Investment Trusts
INN^E,Summit Hotel Properties Inc. 6.250% Series E Cumulative Redeemable Preferred Stock,$18.85,0.21,1.127%,,United States,,1668,,
INN^F,Summit Hotel Properties Inc. 5.875% Series F Cumulative Redeemable Preferred Stock $0.01 par value per share,$18.595,0.135,0.731%,,United States,,3336,,
INNV,InnovAge Holding Corp. Common Stock,$3.13,-0.19,-5.723%,422590540.00,United States,2021,34983,Health Care,Medical/Nursing Services
INO,Inovio Pharmaceuticals Inc. Common Stock,$1.43,0.01,0.704%,52444443.00,United States,,940673,Health Care,Medical/Dental Instruments
INOD,Innodata Inc. Common Stock,$44.955,-9.945,-18.115%,1427110411.00,United States,1993,7504598,Technology,EDP Services
INR,Infinity Natural Resources Inc. Class A Common Stock,$14.20,-0.71,-4.762%,864444724.00,,2025,564819,Energy,Oil & Gas Production
INSE,Inspired Entertainment Inc. Common Stock,$8.75,-0.26,-2.886%,235481759.00,United States,2014,135858,Technology,Computer Software: Prepackaged Software
INSG,Inseego Corp. Common Stock,$6.40,-0.22,-3.323%,96048397.00,United States,,162734,Telecommunications,Telecommunications Equipment
INSM,Insmed Incorporated Common Stock,$108.69,1.41,1.314%,19796679541.00,United States,,2256064,Health Care,Biotechnology: Pharmaceutical Preparations
INSP,Inspire Medical Systems Inc. Common Stock,$126.10,1.56,1.253%,3719183816.00,United States,2018,907460,Health Care,Medical/Dental Instruments
INSW,International Seaways Inc. Common Stock ,$40.19,0.29,0.727%,1982902419.00,United States,2016,669499,Consumer Discretionary,Marine Transportation
INTA,Intapp Inc. Common Stock,$39.03,-1.02,-2.547%,3159683017.00,United States,2021,786104,Technology,Computer Software: Prepackaged Software
INTC,Intel Corporation Common Stock,$19.31,-0.49,-2.475%,84519870000.00,United States,,86320283,Technology,Semiconductors
INTG,Intergroup Corporation (The) Common Stock,$11.06,-0.69,-5.872%,23827719.00,United States,,2355,Real Estate,Building operators
INTJ,Intelligent Group Limited Class A Ordinary Shares ,$1.14,-0.04,-3.39%,32062500.00,Hong Kong,2024,73670,Consumer Discretionary,Professional Services
INTR,Inter & Co. Inc. Class A Common Shares,$6.49,-0.05,-0.765%,2853680070.00,Brazil,,2474364,Finance,Commercial Banks
INTS,Intensity Therapeutics Inc. Common stock,$0.239,-0.038,-13.718%,4397170.00,United States,2023,9413391,Health Care,Biotechnology: Biological Products (No Diagnostic Substances)
INTT,inTest Corporation Common Stock,$7.07,0.08,1.144%,88324160.00,United States,1997,5715,Industrials,Electrical Products
INTU,Intuit Inc. Common Stock,$776.15,-8.98,-1.144%,216504714050.00,United States,1993,1490077,Technology,Computer Software: Prepackaged Software
INTZ,Intrusion Inc. Common Stock,$1.78,-0.10,-5.319%,35413269.00,United States,,199517,Telecommunications,Computer Communications Equipment
INUV,Inuvo Inc.,$4.86,-0.02,-0.41%,70107167.00,United States,,155216,Consumer Discretionary,Advertising
INV,Innventure Inc. Common Stock,$4.46,-0.16,-3.463%,238553331.00,United States,,52684,Finance,Blank Checks
INVA,Innoviva Inc. Common Stock,$18.63,0.46,2.532%,1169501473.00,United States,2004,984244,Health Care,Biotechnology: Pharmaceutical Preparations
INVE,Identiv Inc. Common Stock,$3.45,-0.18,-4.959%,81479958.00,United States,,33040,Technology,Computer peripheral equipment
INVH,Invitation Homes Inc. Common Stock,$30.34,-0.31,-1.011%,18596883218.00,United States,2017,5312992,Finance,Real Estate
INVX,Innovex International Inc. Common Stock,$15.77,-0.65,-3.959%,1087794588.00,United States,,270519,Industrials,Metal Fabrications
INVZ,Innoviz Technologies Ltd. Ordinary shares,$1.48,-0.06,-3.896%,294463696.00,Israel,,8459815,Consumer Discretionary,Auto Parts:O.E.M.
INVZW,Innoviz Technologies Ltd. Warrant,$0.0855,0.0023,2.764%,17011247.00,Israel,,59474,Consumer Discretionary,Auto Parts:O.E.M.
IOBT,IO Biotech Inc. Common Stock,$2.22,-0.01,-0.448%,146255629.00,Denmark,2021,192601,Health Care,Biotechnology: Pharmaceutical Preparations
IONQ,IonQ Inc. Common Stock,$38.12,-1.75,-4.389%,9445491238.00,United States,2021,19982250,Technology,EDP Services
IONR,ioneer Ltd American Depositary Shares,$2.92,0.1106,3.937%,170684845.00,Australia,,5700,Industrials,Mining & Quarrying of Nonmetallic Minerals (No Fuels)
IONS,Ionis Pharmaceuticals Inc. Common Stock,$43.03,0.05,0.116%,6858604584.00,United States,,2327649,Health Care,Biotechnology: Pharmaceutical Preparations
IOR,Income Opportunity Realty Investors Inc. Common Stock,$18.70,0.00,0.00%,76037529.00,United States,1987,1437,Real Estate,Real Estate Investment Trusts
IOSP,Innospec Inc. Common Stock,$78.55,-1.35,-1.69%,1960607921.00,United States,,238504,Industrials,Major Chemicals
IOT,Samsara Inc. Class A Common Stock,$36.01,-2.02,-5.312%,20501787560.00,United States,2021,4415779,Technology,EDP Services
IOTR,iOThree Limited Ordinary Shares,$0.417,-0.0413,-9.012%,10696050.00,Singapore,2025,529697,Consumer Discretionary,Telecommunications Equipment
IOVA,Iovance Biotherapeutics Inc. Common Stock,$2.68,0.11,4.28%,894944157.00,United States,,16653001,Health Care,Biotechnology: Biological Products (No Diagnostic Substances)
IP,International Paper Company Common Stock,$46.41,-0.33,-0.706%,24499909450.00,United States,,10778879,Basic Materials,Paper
IPA,ImmunoPrecise Antibodies Ltd. Common Stock,$1.64,-0.02,-1.205%,75054794.00,Canada,,1008360,Health Care,Biotechnology: Pharmaceutical Preparations
IPAR,Interparfums Inc. Common Stock,$118.32,-2.28,-1.891%,3800911680.00,United States,,221135,Consumer Discretionary,Package Goods/Cosmetics
IPCX,Inflection Point Acquisition Corp. III Class A Ordinary Shares,$10.22,0.03,0.294%,0.00,United States,2025,44683,,
IPCXR,Inflection Point Acquisition Corp. III Rights,$0.38,0.00,0.00%,0.00,United States,2025,675,,
IPCXU,Inflection Point Acquisition Corp. III Units,$10.48,0.00,0.00%,0.00,United States,2025,2371,Finance,Blank Checks
IPDN,Professional Diversity Network Inc. Common Stock,$1.83,-0.10,-5.181%,3812316.00,United States,2013,32912,Technology,Computer Software: Programming Data Processing
IPG,Interpublic Group of Companies Inc. (The) Common Stock,$24.24,-0.36,-1.463%,8878297294.00,United States,,4219129,Consumer Discretionary,Advertising
IPGP,IPG Photonics Corporation Common Stock,$75.22,0.33,0.441%,3199457276.00,United States,2006,216742,Technology,Semiconductors
IPHA,Innate Pharma S.A. ADS,$2.15,0.04,1.896%,198137868.00,France,2019,10387,Health Care,Biotechnology: Biological Products (No Diagnostic Substances)
IPI,Intrepid Potash Inc Common Stock,$32.49,-0.79,-2.374%,432662800.00,United States,2008,197422,Industrials,Mining & Quarrying of Nonmetallic Minerals (No Fuels)
IPM,Intelligent Protection Management Corp. Common Stock ,$2.00,0.02,1.01%,18473974.00,United States,,182256,Consumer Discretionary,Business Services
IPOD,Dune Acquisition Corporation II Class A Ordinary Shares,$10.08,0.01,0.099%,0.00,United States,2025,7196,Finance,Blank Checks
IPODU,Dune Acquisition Corporation II Units,$10.20,0.00,0.00%,0.00,United States,2025,34,Finance,Blank Checks
IPODW,Dune Acquisition Corporation II Warrants,$0.1733,-0.0067,-3.722%,0.00,United States,2025,4004,Finance,Blank Checks
IPSC,Century Therapeutics Inc. Common Stock,$0.5319,-0.0157,-2.867%,45827843.00,United States,2021,710680,Health Care,Biotechnology: Biological Products (No Diagnostic Substances)
IPW,iPower Inc. Common Stock,$0.6299,-0.0295,-4.474%,19753600.00,United States,2021,34418,Consumer Discretionary,RETAIL: Building Materials
IPWR,Ideal Power Inc. Common Stock,$4.34,-0.46,-9.583%,36232143.00,United States,2013,145031,Technology,Semiconductors
IPX,IperionX Limited American Depositary Share,$37.78,-1.20,-3.079%,971870703.00,United States,,86704,Basic Materials,Other Metals and Minerals
IQ,iQIYI Inc. American Depositary Shares,$1.82,-0.02,-1.087%,1752585103.00,China,2018,17681048,Consumer Discretionary,Consumer Electronics/Video Chains
IQI,Invesco Quality Municipal Income Trust Common Stock,$9.32,0.03,0.323%,492876988.00,United States,,137033,Finance,Finance Companies
IQST,iQSTEL Inc. Common Stock,$8.86,-0.25,-2.744%,25684219.00,United States,,70529,Telecommunications,Telecommunications Equipment
IQV,IQVIA Holdings Inc. Common Stock,$182.45,-3.41,-1.835%,31016500000.00,United States,2013,1644130,Health Care,Biotechnology: Commercial Physical & Biological Resarch
IR,Ingersoll Rand Inc. Common Stock,$74.98,-9.65,-11.403%,30251635720.00,United States,2017,12246097,Industrials,Industrial Machinery/Components
IRBT,iRobot Corporation Common Stock,$3.96,-0.25,-5.938%,123177701.00,United States,2005,1227457,Consumer Discretionary,Consumer Electronics/Appliances
IRD,Opus Genetics Inc. Common Stock,$1.07,-0.04,-3.604%,63837481.00,United States,,139975,Health Care,Biotechnology: Pharmaceutical Preparations
IRDM,Iridium Communications Inc Common Stock,$24.18,-0.28,-1.145%,2565834537.00,United States,,1576310,Telecommunications,Telecommunications Equipment
IREN,IREN Limited Ordinary Shares,$15.40,-0.71,-4.407%,2915929617.00,Australia,2021,23742819,Technology,EDP Services
IRIX,IRIDEX Corporation Common Stock,$1.28,-0.04,-3.03%,21489955.00,United States,1996,49855,Health Care,Biotechnology: Electromedical & Electrotherapeutic Apparatus
IRM,Iron Mountain Incorporated (Delaware)Common Stock REIT,$94.13,-3.23,-3.318%,27772481930.00,United States,,1500969,Real Estate,Real Estate Investment Trusts
IRMD,iRadimed Corporation Common Stock,$66.17,7.83,13.421%,841358763.00,United States,2014,108444,Health Care,Medical/Dental Instruments
IROH,Iron Horse Acquisitions Corp. Common Stock,$10.64,-0.28,-2.564%,0.00,United States,2024,25887,Consumer Staples,Packaged Foods
IROHR,Iron Horse Acquisitions Corp. Right,$0.4898,-0.0002,-0.041%,0.00,United States,2024,6282,Consumer Staples,Packaged Foods
IROHW,Iron Horse Acquisitions Corp. Warrant,$0.0787,-0.0001,-0.127%,0.00,United States,2024,499,Consumer Staples,Packaged Foods
IRON,Disc Medicine Inc. Common Stock,$58.97,-0.79,-1.322%,2042384376.00,United States,,373398,Health Care,Biotechnology: Pharmaceutical Preparations
IROQ,IF Bancorp Inc. Common Stock,$24.87,0.00,0.00%,83352452.00,United States,2011,33,Finance,Savings Institutions
IRS,IRSA Inversiones Y Representaciones S.A. Global Depositary Shares (Each representing ten shares of Common Stock),$14.75,-0.14,-0.94%,1104030730.00,Argentina,,91993,Real Estate,Homebuilding
IRT,Independence Realty Trust Inc. Common Stock,$16.76,-0.01,-0.06%,3918235762.00,United States,2013,3113170,Real Estate,Real Estate Investment Trusts
IRTC,iRhythm Technologies Inc. Common Stock,$164.97,24.79,17.684%,5266711297.00,United States,2016,1883795,Health Care,Medical/Dental Instruments
IRWD,Ironwood Pharmaceuticals Inc. Class A Common Stock,$0.7714,0.0074,0.969%,124827831.00,United States,2010,1107061,Health Care,Biotechnology: Pharmaceutical Preparations
ISBA,Isabella Bank Corporation Common stock,$32.45,1.61,5.22%,239557517.00,United States,,6931,Finance,Major Banks
ISD,PGIM High Yield Bond Fund Inc.,$14.29,-0.05,-0.349%,0.00,United States,2012,75617,Finance,Trusts Except Educational Religious and Charitable
ISOU,IsoEnergy Ltd. Common Shares,$6.31,-0.04,-0.63%,303369511.00,,2025,91912,,
ISPC,iSpecimen Inc. Common Stock,$1.47,0.23,18.548%,3670381.00,United States,2021,711439,Health Care,Biotechnology: Commercial Physical & Biological Resarch
ISPO,Inspirato Incorporated Class A Common Stock,$2.5214,0.0314,1.261%,31367671.00,United States,2021,24354,Finance,Blank Checks
ISPOW,Inspirato Incorporated Warrant,$0.0125,0.00,0.00%,155507.00,United States,2021,1501,Finance,Blank Checks
ISPR,Ispire Technology Inc. Common Stock,$2.60,-0.14,-5.109%,148578183.00,United States,2023,43950,Health Care, Medicinal Chemicals and Botanical Products 
ISRG,Intuitive Surgical Inc. Common Stock,$483.12,2.03,0.422%,173187169579.00,United States,2000,2982893,Health Care,Industrial Specialties
ISRL,Israel Acquisitions Corp Class A Ordinary Shares,$12.55,0.15,1.21%,0.00,United States,2023,8195,Finance,Blank Checks
ISRLU,Israel Acquisitions Corp Unit,$13.30,0.00,0.00%,0.00,United States,2023,1,Finance,Blank Checks
ISRLW,Israel Acquisitions Corp Warrant,$0.1563,-0.0147,-8.596%,0.00,United States,2023,5843,Finance,Blank Checks
ISSC,Innovative Solutions and Support Inc. Common Stock,$15.51,-0.03,-0.193%,273040444.00,United States,2000,589552,Technology,EDP Services
ISTR,Investar Holding Corporation Common Stock,$21.27,-0.43,-1.982%,209399917.00,United States,2014,38654,Finance,Major Banks
IT,Gartner Inc. Common Stock,$328.54,-10.11,-2.985%,25286717482.00,United States,1993,1286150,Consumer Discretionary,Other Consumer Services
ITGR,Integer Holdings Corporation Common Stock,$106.52,-1.99,-1.834%,3731908707.00,United States,,379870,Health Care,Biotechnology: Electromedical & Electrotherapeutic Apparatus
ITIC,Investors Title Company Common Stock,$210.28,-0.94,-0.445%,396644435.00,United States,,21764,Finance,Specialty Insurers
ITOS,iTeos Therapeutics Inc. Common Stock,$10.09,-0.05,-0.493%,386182592.00,United States,2020,1542827,Health Care,Biotechnology: Biological Products (No Diagnostic Substances)
ITP,IT Tech Packaging Inc. Common Stock,$0.195,-0.008,-3.941%,1962854.00,China,,340683,Consumer Discretionary,Containers/Packaging
ITRG,Integra Resources Corp. Common Shares,$1.48,0.04,2.778%,250122649.00,,,496059,Basic Materials,Precious Metals
ITRI,Itron Inc. Common Stock,$123.18,-1.36,-1.092%,5615538586.00,United States,1993,1268619,Industrials,Electrical Products
ITRM,Iterum Therapeutics plc Ordinary Share,$0.732,0.0008,0.109%,29280000.00,Ireland,2018,496436,Health Care,Biotechnology: Pharmaceutical Preparations
ITRN,Ituran Location and Control Ltd. Ordinary Shares,$38.71,-0.79,-2.00%,770080482.00,Israel,2005,63690,Technology,Electronic Components
ITT,ITT Inc. Common Stock ,$164.04,-5.92,-3.483%,12909948000.00,United States,2011,690086,Industrials,Fluid Controls
ITUB,Itau Unibanco Banco Holding SA American Depositary Shares (Each repstg 500 Preferred shares),$6.29,0.02,0.319%,61491697399.00,Brazil,,25087413,Finance,Major Banks
ITW,Illinois Tool Works Inc. Common Stock,$252.31,-3.66,-1.43%,73926830000.00,United States,,1236431,Industrials,Industrial Machinery/Components
IVA,Inventiva S.A. American Depository Shares,$3.22,-0.125,-3.737%,308032899.00,France,2020,7649,Health Care,Biotechnology: Pharmaceutical Preparations
IVDA,Iveda Solutions Inc. Common Stock,$1.88,-0.03,-1.571%,5279173.00,United States,,19948,Technology,Computer Software: Prepackaged Software
IVF,INVO Fertility Inc. Common Stock,$1.84,0.02,1.099%,1708020.00,United States,,888071,Health Care,Medical/Dental Instruments
IVP,Inspire Veterinary Partners Inc. Class A Common Stock,$0.7807,0.0026,0.334%,1654733.00,United States,2023,129283,Consumer Staples,Farming/Seeds/Milling
IVR,INVESCO MORTGAGE CAPITAL INC Common Stock,$7.58,0.03,0.397%,499844112.00,United States,2009,1372350,Real Estate,Real Estate Investment Trusts
IVR^C,INVESCO MORTGAGE CAPITAL INC 7.5% Fixed-to-Floating Series C Cumulative Redeemable Preferred Stock Liquation Preference $25.00 per Share,$24.12,-0.14,-0.577%,,United States,,8174,,
IVT,InvenTrust Properties Corp. Common Stock,$27.03,-0.54,-1.959%,2097700884.00,United States,2021,755872,Real Estate,Real Estate Investment Trusts
IVVD,Invivyd Inc. Common Stock,$0.7323,0.0383,5.519%,87847766.00,United States,2021,823366,Health Care,Biotechnology: Biological Products (No Diagnostic Substances)
IVZ,Invesco Ltd Common Stock,$20.61,-0.40,-1.904%,9224135054.00,United States,,7071862,Finance,Investment Managers
IX,ORIX Corporation American Depositary Shares,$22.85,0.30,1.33%,26573687275.00,Japan,,167669,Finance,Diversified Financial Services
IXHL,Incannex Healthcare Inc. Common Stock,$0.3855,-0.1995,-34.103%,11346729.00,Australia,,191189842,Health Care,Biotechnology: Pharmaceutical Preparations
IZEA,IZEA Worldwide Inc. Common Stock,$3.71,-0.02,-0.536%,62795838.00,United States,,55599,Consumer Discretionary,Advertising
IZM,ICZOOM Group Inc. Class A Ordinary Shares,$2.54,0.02,0.794%,29799267.00,China,2023,56797,Consumer Discretionary,Consumer Electronics/Video Chains
J,Jacobs Solutions Inc. Common Stock,$139.08,-2.79,-1.967%,16711322349.00,United States,2022,1043912,Industrials,Military/Government/Technical
JACK,Jack In The Box Inc. Common Stock,$19.23,-0.47,-2.386%,363051747.00,United States,,998509,Consumer Discretionary,Restaurants
JACS,Jackson Acquisition Company II Class A Ordinary Shares,$10.33,-0.02,-0.193%,0.00,,2025,2300,,
JAGX,Jaguar Health Inc. Common Stock,$1.98,-0.06,-2.941%,2016329.00,United States,2015,41207,Health Care,Biotechnology: Pharmaceutical Preparations
JAKK,JAKKS Pacific Inc. Common Stock,$17.14,-0.57,-3.219%,191046382.00,United States,1996,325982,Consumer Discretionary,Recreational Games/Products/Toys
JAMF,Jamf Holding Corp. Common Stock,$7.40,-0.54,-6.801%,975798780.00,United States,2020,1484572,Technology,Computer Software: Prepackaged Software
JANX,Janux Therapeutics Inc. Common Stock,$23.56,-0.455,-1.895%,1394166699.00,United States,2021,612042,Health Care,Biotechnology: Pharmaceutical Preparations
JAZZ,Jazz Pharmaceuticals plc Common Stock (Ireland),$115.52,0.89,0.776%,7119825792.00,Ireland,2007,598949,Health Care,Biotechnology: Pharmaceutical Preparations
JBDI,JBDI Holdings Limited Ordinary Shares,$0.9165,-0.0186,-1.989%,18135244.00,Singapore,2024,40342,,
JBGS,JBG SMITH Properties Common Shares ,$20.91,-0.27,-1.275%,1290655970.00,United States,2017,1657209,Real Estate,Real Estate Investment Trusts
JBHT,J.B. Hunt Transport Services Inc. Common Stock,$139.56,-4.49,-3.117%,13509307656.00,United States,,1173946,Industrials,Trucking Freight/Courier Services
JBI,Janus International Group Inc. Common Stock,$8.55,-0.02,-0.233%,1196671988.00,United States,2021,939762,Industrials,Building Products
JBIO,Jade Biosciences Inc. Common Stock,$6.89,-0.30,-4.172%,222105530.00,United States,2021,143073,Health Care,Biotechnology: Pharmaceutical Preparations
JBK,Lehman ABS 3.50 3.50% Adjustable Corp Backed Tr Certs GS Cap I,$26.10,0.00,0.00%,0.00,United States,,26,Finance,Finance: Consumer Services
JBL,Jabil Inc. Common Stock,$218.56,-4.61,-2.066%,23455605015.00,United States,1993,1370872,Technology,Electrical Products
JBLU,JetBlue Airways Corporation Common Stock,$4.27,-0.17,-3.829%,1552847155.00,United States,2002,20429179,Consumer Discretionary,Air Freight/Delivery Services
JBS,JBS N.V. Class A Common Shares,$13.73,-0.07,-0.507%,30454737760.00,,2025,3418485,Consumer Staples,Meat/Poultry/Fish
JBSS,John B. Sanfilippo & Son Inc. Common Stock,$63.42,0.11,0.174%,745741447.00,United States,1991,72570,Consumer Staples,Specialty Foods
JBTM,JBT Marel Corporation Common Stock,$132.86,-4.94,-3.585%,6904567328.00,United States,,686823,Industrials,Industrial Machinery/Components
JCAP,Jefferson Capital Inc. Common Stock,$16.27,-0.60,-3.557%,1054511073.00,United States,2025,283169,Finance,Finance Companies
JCE,Nuveen Core Equity Alpha Fund Common Shares of Beneficial Interest,$15.18,-0.24,-1.556%,0.00,United States,2007,40019,Finance,Trusts Except Educational Religious and Charitable
JCI,Johnson Controls International plc Ordinary Share,$106.48,1.48,1.41%,70068877036.00,Switzerland,,5337532,Industrials,Industrial Machinery/Components
JCSE,JE Cleantech Holdings Limited Ordinary Shares,$1.01,0.00,0.00%,5312863.00,Singapore,2022,5043,Consumer Discretionary,Miscellaneous manufacturing industries
JCTC,Jewett-Cameron Trading Company Common Shares,$3.61,0.11,3.143%,12700410.00,United States,,587,Consumer Discretionary,RETAIL: Building Materials
JD,JD.com Inc. American Depositary Shares,$30.91,-0.58,-1.842%,44921332160.00,China,2014,11458939,Consumer Discretionary,Other Specialty Stores
JDZG,JIADE LIMITED Class A Ordinary Shares,$2.48,-0.065,-2.554%,7605999.00,China,2024,25362,Real Estate,Other Consumer Services
JEF,Jefferies Financial Group Inc. Common Stock,$55.91,-1.75,-3.035%,11533127156.00,United States,,1164108,Finance,Investment Bankers/Brokers/Service
JELD,JELD-WEN Holding Inc. Common Stock,$4.53,0.03,0.667%,386404447.00,United States,2017,1242984,Basic Materials,Forest Products
JEM,707 Cayman Holdings Limited Ordinary Shares,$6.34,0.29,4.793%,139163000.00,China,2025,41924,Consumer Discretionary,Clothing/Shoe/Accessory Stores
JENA,Jena Acquisition Corporation II Class A Ordinary Shares,$10.14,0.00,0.00%,0.00,,2025,5,,
JEQ,abrdn Japan Equity Fund Inc. Common Stock,$7.50,-0.01,-0.133%,101999925.00,United States,1992,28640,Consumer Discretionary,Air Freight/Delivery Services
JFB,JFB Construction Holdings Class A Common Stock,$6.99,0.05,0.72%,36697500.00,United States,2025,12953,,
JFBR,Jeffs' Brands Ltd Ordinary Shares,$6.35,-0.53,-7.703%,3513995.00,Israel,2022,65218,Consumer Discretionary,Other Specialty Stores
JFBRW,Jeffs' Brands Ltd Warrant,$0.0371,-0.0128,-25.651%,20531.00,Israel,2022,1050,Consumer Discretionary,Other Specialty Stores
JFIN,Jiayin Group Inc. American Depositary Shares,$13.08,-0.26,-1.949%,698073662.00,China,2019,70888,Finance,Finance: Consumer Services
JFR,Nuveen Floating Rate Income Fund Common Stock,$8.50,-0.02,-0.235%,0.00,United States,2004,479637,Finance,Trusts Except Educational Religious and Charitable
JFU,9F Inc. American Depositary Shares,$1.64,0.02,1.235%,19308266.00,China,2019,4292,Finance,Finance: Consumer Services
JG,Aurora Mobile Limited American Depositary Shares,$9.94,0.045,0.455%,60396941.00,China,2018,13194,Technology,Computer Software: Programming Data Processing
JGH,Nuveen Global High Income Fund Common Shares of Beneficial Interest,$13.22,0.00,0.00%,0.00,United States,2014,45167,Finance,Investment Managers
JHG,Janus Henderson Group plc Ordinary Shares,$42.30,-1.00,-2.309%,6664695448.00,United Kingdom,2017,1592478,Finance,Investment Managers
JHI,John Hancock Investors Trust Common Stock,$14.00,-0.04,-0.285%,122423658.00,United States,,10362,Finance,Trusts Except Educational Religious and Charitable
JHS,John Hancock Income Securities Trust Common Stock,$11.41,0.07,0.617%,132887535.00,United States,,5113,Finance,Finance Companies
JHX,James Hardie Industries plc. Ordinary Shares,$25.88,-0.06,-0.231%,11123710052.00,Ireland,2025,3281762,Industrials,Building Materials
JILL,J. Jill Inc. Common Stock,$15.36,-0.32,-2.041%,234747540.00,United States,2017,101692,Consumer Discretionary,Apparel
JJSF,J & J Snack Foods Corp. Common Stock,$114.09,1.20,1.063%,2219676968.00,United States,1986,174496,Consumer Staples,Specialty Foods
JKHY,Jack Henry & Associates Inc. Common Stock,$167.28,-2.535,-1.493%,12180658138.00,United States,1985,627091,Technology,EDP Services
JKS,JinkoSolar Holding Company Limited American Depositary Shares (each representing 4 Common Shares),$21.52,-0.42,-1.914%,1135628154.00,China,2010,391362,Technology,Semiconductors
JL,J-Long Group Limited Ordinary Shares,$6.07,-0.125,-2.018%,22833525.00,Hong Kong,2024,16091,Consumer Discretionary,Clothing/Shoe/Accessory Stores
JLHL,Julong Holding Limited Class A Ordinary Shares,$4.0899,-0.1501,-3.54%,86955904.00,China,2025,51489,Consumer Discretionary,Military/Government/Technical
JLL,Jones Lang LaSalle Incorporated Common Stock,$265.35,-5.01,-1.853%,12597220328.00,United States,,404095,Finance,Real Estate
JLS,Nuveen Mortgage and Income Fund,$18.95,0.06,0.318%,0.00,United States,2009,11128,Finance,Investment Managers
JMIA,Jumia Technologies AG American Depositary Shares each representing two Ordinary Shares,$4.45,-0.24,-5.117%,544959571.00,,2019,2419752,Consumer Discretionary,Catalog/Specialty Distribution
JMM,Nuveen Multi-Market Income Fund (MA),$6.38,0.08,1.27%,0.00,United States,,11232,Finance,Trusts Except Educational Religious and Charitable
JMSB,John Marshall Bancorp Inc. Common Stock,$18.42,0.01,0.054%,263006949.00,United States,,32262,Finance,Major Banks
JNJ,Johnson & Johnson Common Stock,$167.33,2.59,1.572%,402987343452.00,United States,,8927749,Health Care,Biotechnology: Pharmaceutical Preparations
JOB,GEE Group Inc. Common Stock,$0.2019,-0.0022,-1.078%,22090534.00,United States,1968,95983,Consumer Discretionary,Diversified Commercial Services
JOBY,Joby Aviation Inc. Common Stock,$17.16,0.50,3.001%,13587254984.00,United States,2020,45887474,Industrials,Aerospace
JOE,St. Joe Company (The) Common Stock,$49.86,-0.64,-1.267%,2887303600.00,United States,,219426,Real Estate,Homebuilding
JOF,Japan Smaller Capitalization Fund Inc Common Stock,$9.71,0.03,0.31%,0.00,United States,1990,49734,Finance,Trusts Except Educational Religious and Charitable
JOUT,Johnson Outdoors Inc. Class A Common Stock,$35.90,2.70,8.133%,370973512.00,United States,,157648,Consumer Discretionary,Recreational Games/Products/Toys
JOYY,JOYY Inc. American Depositary Shares,$50.52,0.32,0.637%,2612995036.00,Singapore,2012,295059,Technology,EDP Services
JPC,Nuveen Preferred & Income Opportunities Fund,$8.05,-0.02,-0.248%,0.00,United States,2003,952092,Finance,Investment Managers
JPI,Nuveen Preferred Securities & Income Opportunities Fund Common Shares,$20.43,-0.11,-0.536%,465240520.00,,2012,31843,Finance,Finance Companies
JPM,JP Morgan Chase & Co. Common Stock,$289.37,-6.87,-2.319%,804186571993.00,United States,,12005715,Finance,Major Banks
JPM^C,J P Morgan Chase & Co Depositary Shares each representing a 1/400th interest in a share of 6.00% Non-Cumulative  Preferred Stock Series EE,$25.50,0.00,0.00%,,United States,,68704,,
JPM^D,J P Morgan Chase & Co Depositary Shares each representing a 1/400th  interest in a share of 5.75% Non-Cumulative  Preferred Stock Series DD,$25.1299,0.0699,0.279%,,United States,,55361,,
JPM^J,J P Morgan Chase & Co Depositary Shares each representing a 1/400th interest in a share of JPMorgan Chase & Co. 4.75% Non-Cumulative Preferred Stock Series GG,$20.43,0.07,0.344%,,United States,,81209,,
JPM^K,J P Morgan Chase & Co Depositary Shares each representing a 1/400th interest in a share of 4.55% Non-Cumulative Preferred Stock Series JJ,$19.37,0.02,0.103%,,United States,,179595,,
JPM^L,J P Morgan Chase & Co Depositary Shares each representing a 1/400th interest in a share of 4.625% Non-Cumulative Preferred Stock Series LL,$19.70,-0.01,-0.051%,,United States,,100078,,
JPM^M,J P Morgan Chase & Co Depositary Shares each representing a 1/400th interest in a share of 4.20% Non-Cumulative Preferred Stock Series MM,$18.345,0.085,0.465%,,United States,,110927,,
JQC,Nuveen Credit Strategies Income Fund Shares of Beneficial Interest,$5.51,-0.02,-0.362%,0.00,United States,2003,602290,Finance,Finance Companies
JRI,Nuveen Real Asset Income and Growth Fund Common Shares of Beneficial Interest,$13.10,-0.03,-0.228%,0.00,United States,2012,102036,Finance,Finance Companies
JRS,Nuveen Real Estate Income Fund Common Shares of Beneficial Interest,$7.59,-0.07,-0.914%,0.00,United States,2001,119944,Finance,Finance/Investors Services
JRSH,Jerash Holdings (US) Inc. Common Stock,$3.28,-0.08,-2.381%,41655803.00,United States,2018,10803,Consumer Discretionary,Apparel
JRVR,James River Group Holdings Ltd. Common Shares,$5.44,-0.26,-4.561%,249658801.00,Bermuda,2014,189730,Finance,Property-Casualty Insurers
JSM,Navient Corporation 6% Senior Notes due December 15 2043,$19.06,0.05,0.263%,1895155584.00,United States,,11847,Finance,Investment Bankers/Brokers/Service
JSPR,Jasper Therapeutics Inc. Common Stock,$2.88,-0.02,-0.69%,43263711.00,United States,2020,268314,Health Care,Biotechnology: Biological Products (No Diagnostic Substances)
JSPRW,Japer Therapeutics Inc. Warrants,$0.09,-0.01,-10.00%,1351991.00,United States,2020,5775,Health Care,Biotechnology: Biological Products (No Diagnostic Substances)
JTAI,Jet.AI Inc. Common Stock,$3.28,-0.14,-4.094%,8368120.00,United States,2021,71007,Consumer Discretionary,Transportation Services
JUNS,Jupiter Neurosciences Inc. Common Stock,$1.36,-0.04,-2.857%,45021250.00,United States,2024,91598,Health Care,Biotechnology: Pharmaceutical Preparations
JVA,Coffee Holding Co. Inc. Common Stock,$4.15,0.04,0.973%,23690686.00,United States,2005,109666,Consumer Staples,Packaged Foods
JWEL,Jowell Global Ltd. Ordinary Shares,$2.1731,0.0587,2.776%,4716659.00,China,2021,695,Consumer Discretionary,Other Consumer Services
JXG,JX Luxventure Group Inc. Common Stock,$1.01,0.00,0.00%,4081362.00,China,2013,67901,Consumer Staples,Apparel
JXN,Jackson Financial Inc. Class A Common Stock ,$84.06,-3.50,-3.997%,6005121991.00,United States,2021,660097,Finance,Life Insurance
JXN^A,Jackson Financial Inc. Depositary Shares each representing a 1/1000th interest in a share of Fixed-Rate Reset Noncumulative Perpetual Preferred Stock Series A,$26.34,0.16,0.611%,,United States,,31201,,
JYD,Jayud Global Logistics Limited Class A Ordinary Shares,$0.1847,-0.0064,-3.349%,17331564.00,China,2023,611397,Consumer Discretionary,Oil Refining/Marketing
JYNT,The Joint Corp. Common Stock,$10.93,-0.11,-0.996%,167259298.00,United States,2014,96419,Miscellaneous,Multi-Sector Companies
JZ,Jianzhi Education Technology Group Company Limited American Depositary Shs,$1.54,-0.12,-7.229%,4340490.00,China,2022,40280,Real Estate,Other Consumer Services
JZXN,Jiuzi Holdings Inc. Ordinary Shares,$1.03,-0.18,-14.876%,11341731.00,China,2021,123279,Consumer Discretionary,Retail-Auto Dealers and Gas Stations
K,Kellanova Common Stock,$79.92,0.09,0.113%,27727370794.00,United States,,2574883,Consumer Staples,Packaged Foods
KAI,Kadant Inc Common Stock,$324.07,-8.70,-2.614%,3816202626.00,United States,1992,117867,Industrials,Industrial Machinery/Components
KALA,KALA BIO Inc. Common Stock,$7.50,0.73,10.783%,48392985.00,United States,2017,138262,Health Care,Biotechnology: Pharmaceutical Preparations
KALU,Kaiser Aluminum Corporation Common Stock,$73.85,-3.46,-4.475%,1194742051.00,United States,,123972,Industrials,Metal Fabrications
KALV,KalVista Pharmaceuticals Inc. Common Stock,$13.21,-0.42,-3.081%,659888892.00,United Kingdom,2015,856421,Health Care,Biotechnology: Pharmaceutical Preparations
KAPA,Kairos Pharma Ltd. Common Stock,$0.9194,0.0193,2.144%,15491252.00,,2024,344575,Health Care,Biotechnology: Pharmaceutical Preparations
KAR,OPENLANE Inc. Common Stock,$24.33,-0.31,-1.258%,2612644618.00,United States,2009,712229,Consumer Discretionary,Retail-Auto Dealers and Gas Stations
KARO,Karooooo Ltd. Ordinary Shares,$44.92,-0.80,-1.75%,1387727036.00,Singapore,2021,56271,Technology,Computer Software: Prepackaged Software
KAVL,Kaival Brands Innovations Group Inc. Common Stock,$0.4842,0.0011,0.228%,5588783.00,United States,,243247,Consumer Discretionary,Other Consumer Services
KB,KB Financial Group Inc,$77.68,-1.47,-1.857%,29021303852.00,South Korea,,341155,Finance,Commercial Banks
KBDC,Kayne Anderson BDC Inc. Common Stock,$15.28,-0.21,-1.356%,1083097359.00,,2024,115612,,
KBH,KB Home Common Stock,$57.19,1.93,3.493%,3891790023.00,United States,1986,1526120,Consumer Discretionary,Homebuilding
KBR,KBR Inc. Common Stock,$46.49,-0.25,-0.535%,6031430034.00,United States,2006,2488669,Industrials,Military/Government/Technical
KBSX,FST Corp. Ordinary Shares,$1.72,-0.01,-0.578%,64928935.00,Taiwan,,12471,Consumer Discretionary,Recreational Games/Products/Toys
KC,Kingsoft Cloud Holdings Limited American Depositary Shares,$13.46,-1.02,-7.044%,3663618889.00,China,2020,2514635,Technology,Computer Software: Prepackaged Software
KCHV,Kochav Defense Acquisition Corp. Class A Ordinary Shares,$10.03,-0.04,-0.397%,0.00,United States,2025,106537,,
KCHVR,Kochav Defense Acquisition Corp. Right,$0.1836,-0.0364,-16.545%,0.00,United States,2025,32805,Finance,Blank Checks
KCHVU,Kochav Defense Acquisition Corp. Units,$10.21,-0.03,-0.293%,0.00,United States,2025,31176,,
KD,Kyndryl Holdings Inc. Common Stock,$36.38,-1.39,-3.68%,8365383311.00,United States,2021,1763122,Technology,EDP Services
KDP,Keurig Dr Pepper Inc. Common Stock,$33.32,0.67,2.052%,45263063496.00,United States,,11688090,Consumer Staples,Beverages (Production/Distribution)
KE,Kimball Electronics Inc. Common Stock,$18.26,-0.50,-2.665%,445185994.00,United States,,108892,Technology,Electrical Products
KELYA,Kelly Services Inc. Class A Common Stock,$12.07,-0.18,-1.469%,424900922.00,United States,,533869,Consumer Discretionary,Professional Services
KELYB,Kelly Services Inc. Class B Common Stock,$12.50,0.00,0.00%,440038238.00,United States,,109,Consumer Discretionary,Professional Services
KEN,Kenon Holdings Ltd. Ordinary Shares,$46.78,-0.85,-1.785%,2439588321.00,Singapore,2015,25076,Utilities,Electric Utilities: Central
KEP,Korea Electric Power Corporation Common Stock,$13.13,-0.61,-4.44%,16857976662.00,South Korea,1994,302747,Utilities,Electric Utilities: Central
KEQU,Kewaunee Scientific Corporation Common Stock,$54.78,-0.56,-1.012%,155810206.00,United States,,16482,Industrials,Medical Specialities
KEX,Kirby Corporation Common Stock,$95.50,0.19,0.199%,5357550000.00,United States,,1660498,Consumer Discretionary,Marine Transportation
KEY,KeyCorp Common Stock,$17.65,-0.27,-1.507%,19343383960.00,United States,,52086075,Finance,Major Banks
KEY^I,KeyCorp Depositary Shares Each Representing a 1/40th Ownership Interest in a Share of Fixed-to-Floating Rate Perpetual Non-Cumulative Preferred Stock Series E,$25.05,0.09,0.361%,,United States,,10775,,
KEY^J,KeyCorp Depositary Shares each representing a 1/40th ownership interest in a share of Fixed Rate Perpetual Non-Cumulative Preferred Stock Series F,$22.22,0.11,0.498%,,United States,,109882,,
KEY^K,KeyCorp Depositary Shares each representing a 1/40th ownership interest in a share of Fixed Rate Perpetual Non-Cumulative Preferred Stock Series G,$22.24,0.12,0.542%,,United States,,23274,,
KEY^L,KeyCorp Depositary Shares each representing a 1/40th ownership interest in a share of Fixed Rate Perpetual Non-Cumulative Preferred Stock Series H,$24.90,-0.02,-0.08%,,United States,,23947,,
KEYS,Keysight Technologies Inc. Common Stock,$158.68,-5.23,-3.191%,27310233746.00,United States,2014,853172,Industrials,Industrial Machinery/Components
KF,Korea Fund Inc. (The) New Common Stock,$26.81,-0.96,-3.457%,0.00,United States,,33651,Finance,Investment Managers
KFFB,Kentucky First Federal Bancorp Common Stock,$3.19,-0.01,-0.313%,25796621.00,United States,2005,815,Finance,Savings Institutions
KFII,K&F Growth Acquisition Corp. II Class A Ordinary shares,$10.19,0.0079,0.078%,0.00,United States,2025,915815,,
KFRC,Kforce Inc. Common Stock,$34.24,-0.61,-1.75%,636829760.00,United States,1995,352795,Consumer Discretionary,Professional Services
KFS,Kingsway Financial Services Inc. Common Stock (DE),$13.36,-0.62,-4.435%,367896337.00,Canada,,71653,Finance,Property-Casualty Insurers
KFY,Korn Ferry Common Stock,$69.05,-1.82,-2.568%,3585145050.00,United States,1999,338354,Consumer Discretionary,Diversified Commercial Services
KG,Kestrel Group Ltd.,$26.95,-0.23,-0.846%,209881560.00,Bermuda,2008,19770,Finance,Property-Casualty Insurers
KGC,Kinross Gold Corporation Common Stock,$16.21,0.21,1.313%,19886428000.00,Canada,2001,19012240,Basic Materials,Precious Metals
KGEI,Kolibri Global Energy Inc. Common stock,$5.89,-0.25,-4.072%,208817304.00,United States,,181805,Energy,Oil & Gas Production
KGS,Kodiak Gas Services Inc. Common Stock,$31.30,-1.03,-3.186%,2749992991.00,United States,2023,1574270,Utilities,Natural Gas Distribution
KHC,The Kraft Heinz Company Common Stock,$27.41,-0.05,-0.182%,32442454483.00,United States,,16934589,Consumer Staples,Packaged Foods
KIDS,OrthoPediatrics Corp. Common Stock,$20.39,-0.33,-1.593%,505040909.00,United States,2017,163830,Health Care,Medical/Dental Instruments
KIDZ,Classover Holdings Inc. Class B Common Stock,$1.44,-0.22,-13.253%,34112352.00,United States,,438796,Real Estate,Other Consumer Services
KIDZW,Classover Holdings Inc. Warrants,$0.08,-0.0105,-11.602%,1895131.00,United States,,51151,Real Estate,Other Consumer Services
KIM,Kimco Realty Corporation (HC) Common Stock,$20.74,-0.49,-2.308%,14030533262.00,United States,,5355524,Real Estate,Real Estate Investment Trusts
KIM^L,Kimco Realty Corporation Class L Depositary Shares each of which represents a one-one thousandth fractional interest in a share of 5.125% Class L Cumulative Redeemable Preferred Stock liquidation preference $25000.00 per share,$20.70,0.25,1.222%,,United States,,20297,,
KIM^M,Kimco Realty Corporation Class M Depositary Shares each of which represents a one-one thousandth fractional interest in a share of 5.25% Class M Cumulative Redeemable Preferred Stock liquidation preference $25000.00 per share,$20.89,0.02,0.096%,,United States,,14537,,
KIM^N,Kimco Realty Corporation Depositary Shares each representing 1/1000th interest in a share of 7.25% Class N Cumulative Convertible Perpetual Preferred Stock,$58.14,-0.92,-1.558%,,United States,,203,,
KINS,Kingstone Companies Inc. Common Stock,$15.41,-0.98,-5.979%,215829332.00,United States,,317879,Finance,Property-Casualty Insurers
KIO,KKR Income Opportunities Fund Common Shares,$12.74,-0.02,-0.157%,0.00,United States,2013,353206,Finance,Investment Managers
KITT,Nauticus Robotics Inc. Common stock,$0.9203,-0.0176,-1.877%,34326812.00,United States,2021,983362,Industrials,Industrial Machinery/Components
KITTW,Nauticus Robotics Inc. Warrant,$0.057,-0.0071,-11.076%,2126077.00,United States,2021,22830,Industrials,Industrial Machinery/Components
KKR,KKR & Co. Inc. Common Stock,$142.55,-4.03,-2.749%,126961003273.00,United States,,5750296,Finance,Investment Managers
KKR^D,KKR & Co. Inc. 6.25% Series D Mandatory Convertible Preferred Stock,$56.45,-1.00,-1.741%,,United States,,676506,,
KKRS,KKR Group Finance Co. IX LLC 4.625% Subordinated Notes due 2061,$17.97,-0.07,-0.388%,16004834997.00,United States,2021,20178,,
KKRT,KKR & Co. Inc. 6.875% Subordinated Notes due 2065,$25.75,0.01,0.039%,0.00,United States,2025,17025,Finance,Investment Managers
KLAC,KLA Corporation Common Stock,$886.64,7.61,0.866%,117250541495.00,United States,1980,1474587,Technology,Electronic Components
KLC,KinderCare Learning Companies Inc. Common Stock,$9.48,-0.13,-1.353%,1118699970.00,United States,2024,572912,Consumer Discretionary,Other Consumer Services
KLG,WK Kellogg Co Common Stock,$23.08,0.03,0.13%,1990943693.00,United States,2023,833919,Consumer Staples,Packaged Foods
KLIC,Kulicke and Soffa Industries Inc. Common Stock,$32.31,-0.45,-1.374%,1704977634.00,Singapore,,598345,Technology,Semiconductors
KLRS,Kalaris Therapeutics Inc. Common Stock,$2.69,0.01,0.373%,50309504.00,United States,2020,52807,Health Care,Biotechnology: Biological Products (No Diagnostic Substances)
KLTO,Klotho Neurosciences Inc. Common Stock,$0.9199,-0.0439,-4.555%,29891588.00,United States,2022,855365,Health Care,Biotechnology: Biological Products (No Diagnostic Substances)
KLTOW,Klotho Neurosciences Inc. Warrant,$0.20,-0.0151,-7.02%,6498878.00,United States,2022,21459,Health Care,Biotechnology: Biological Products (No Diagnostic Substances)
KLTR,Kaltura Inc. Common Stock,$1.66,-0.13,-7.263%,255007834.00,United States,2021,265069,Technology,Computer Software: Prepackaged Software
KLXE,KLX Energy Services Holdings Inc. Common Stock,$1.65,-0.14,-7.821%,28963993.00,United States,,146136,Energy,Oilfield Services/Equipment
KMB,Kimberly-Clark Corporation Common Stock,$130.64,6.02,4.831%,43348446812.00,United States,,5425872,Consumer Discretionary,Containers/Packaging
KMDA,Kamada Ltd. Ordinary Shares,$7.22,-0.17,-2.30%,415186324.00,Israel,2013,41907,Health Care,Biotechnology: Pharmaceutical Preparations
KMI,Kinder Morgan Inc. Common Stock,$28.10,0.04,0.143%,62440381010.00,United States,2011,16329076,Utilities,Natural Gas Distribution
KMPB,Kemper Corporation 5.875% Fixed-Rate Reset Junior Subordinated Debentures due 2062,$23.7996,-0.0804,-0.337%,1523053284.00,United States,2022,16062,Finance,Property-Casualty Insurers
KMPR,Kemper Corporation,$60.06,-1.53,-2.484%,3843534355.00,United States,,644748,Finance,Property-Casualty Insurers
KMRK,K-Tech Solutions Company Limited Class A Ordinary Shares,$1.21,-0.19,-13.571%,26015000.00,Hong Kong,2025,172849,Consumer Discretionary,Recreational Games/Products/Toys
KMT,Kennametal Inc. Common Stock,$24.36,-0.40,-1.616%,1857049619.00,United States,,1156442,Industrials,Industrial Machinery/Components
KMTS,Kestra Medical Technologies Ltd. Common Stock,$15.38,-1.12,-6.788%,789742329.00,United States,2025,315799,Health Care,Medical/Dental Instruments
KMX,CarMax Inc,$55.98,-0.63,-1.113%,8401039069.00,United States,,3828400,Consumer Discretionary,Retail-Auto Dealers and Gas Stations
KN,Knowles Corporation Common Stock,$19.85,-0.46,-2.265%,1704868979.00,United States,2014,777545,Consumer Staples,Consumer Electronics/Appliances
KNDI,Kandi Technologies Group Inc. Ordinary Shares,$1.12,-0.0001,-0.009%,97841222.00,China,,94879,Consumer Discretionary,Auto Manufacturing
KNF,Knife Riv Holding Co. Common Stock,$83.37,0.89,1.079%,4723107337.00,United States,2023,919001,Industrials,Mining & Quarrying of Nonmetallic Minerals (No Fuels)
KNOP,KNOT Offshore Partners LP Common Units representing Limited Partner Interests,$6.94,-0.01,-0.144%,236272862.00,United Kingdom,2013,27155,Consumer Discretionary,Marine Transportation
KNSA,Kiniksa Pharmaceuticals International plc Class A Ordinary Shares,$31.98,1.72,5.684%,2369963223.00,United States,2018,1072119,Health Care,Biotechnology: Pharmaceutical Preparations
KNSL,Kinsale Capital Group Inc. Common Stock,$444.49,3.80,0.862%,10356617444.00,United States,,189843,Finance,Property-Casualty Insurers
KNTK,Kinetik Holdings Inc. Class A Common Stock,$42.80,-0.58,-1.337%,6760760118.00,United States,2022,1133289,Utilities,Natural Gas Distribution
KNW,Know Labs Inc. Common Stock,$2.68,-0.08,-2.899%,20100000.00,,,406351,Industrials,Industrial Machinery/Components
KNX,Knight-Swift Transportation Holdings Inc.,$41.29,-1.21,-2.847%,6701449580.00,United States,2017,4409861,Industrials,Trucking Freight/Courier Services
KO,Coca-Cola Company (The) Common Stock,$68.86,0.97,1.429%,296350526973.00,United States,,16101032,Consumer Staples,Beverages (Production/Distribution)
KOD,Kodiak Sciences Inc Common Stock,$6.65,0.075,1.141%,350877548.00,United States,2018,521346,Health Care,Biotechnology: Biological Products (No Diagnostic Substances)
KODK,Eastman Kodak Company Common New,$6.45,-0.25,-3.731%,521160000.00,United States,,1034143,Consumer Discretionary,Industrial Machinery/Components
KOF,Coca Cola Femsa S.A.B. de C.V.  American Depositary Shares each representing 10 Units (each Unit consists of 3 Series B Shares and 5 Series L Shares),$83.43,0.39,0.47%,17527243545.00,Mexico,1993,137881,Consumer Staples,Beverages (Production/Distribution)
KOP,Koppers Holdings Inc. Common Stock,$31.89,-0.97,-2.952%,638121069.00,United States,2006,116697,Basic Materials,Forest Products
KOPN,Kopin Corporation Common Stock,$1.74,-0.05,-2.793%,283268384.00,United States,1992,1724909,Technology,Semiconductors
KORE,KORE Group Holdings Inc. Common Stock,$2.16,0.0499,2.365%,37065732.00,United States,,7997,Telecommunications,Telecommunications Equipment
KOS,Kosmos Energy Ltd. Common Shares (DE),$1.95,-0.20,-9.302%,932117671.00,Bermuda,2011,14740575,Energy,Oil & Gas Production
KOSS,Koss Corporation Common Stock,$5.39,0.11,2.083%,50535535.00,United States,,48602,Consumer Staples,Consumer Electronics/Appliances
KPLT,Katapult Holdings Inc. Common Stock,$11.85,0.08,0.68%,53770181.00,United States,2019,2396,Consumer Discretionary,Diversified Commercial Services
KPLTW,Katapult Holdings Inc. Warrant,$0.0108,0.0031,40.26%,49006.00,United States,2019,17150,Consumer Discretionary,Diversified Commercial Services
KPRX,Kiora Pharmaceuticals Inc.  Common Stock,$2.54,-0.06,-2.308%,7731397.00,United States,,63742,Health Care,Biotechnology: Pharmaceutical Preparations
KPTI,Karyopharm Therapeutics Inc. Common Stock,$3.93,0.12,3.15%,33954823.00,United States,2013,64132,Health Care,Biotechnology: Pharmaceutical Preparations
KR,Kroger Company (The) Common Stock,$71.36,1.26,1.797%,47180080600.00,United States,,7283535,Consumer Staples,Food Chains
KRC,Kilroy Realty Corporation Common Stock,$36.55,-0.31,-0.841%,4323657688.00,United States,1997,2209149,Real Estate,Real Estate Investment Trusts
KREF,KKR Real Estate Finance Trust Inc. Common Stock,$9.07,0.03,0.332%,595682517.00,United States,2017,666280,Real Estate,Real Estate Investment Trusts
KREF^A,KKR Real Estate Finance Trust Inc. 6.50% Series A Cumulative Redeemable Preferred Stock,$20.05,-0.64,-3.093%,,United States,,18752,,
KRG,Kite Realty Group Trust Common Stock,$21.64,-0.34,-1.547%,4756738172.00,United States,2004,2064786,Real Estate,Real Estate Investment Trusts
KRKR,36Kr Holdings Inc. American Depositary Shares,$5.02,-0.18,-3.462%,197865524.00,China,2019,69823,Consumer Discretionary,Business Services
KRMD,KORU Medical Systems Inc. Common Stock (DE),$3.48,0.02,0.578%,160570666.00,United States,,145042,Health Care,Medical/Dental Instruments
KRMN,Karman Holdings Inc. Common Stock,$50.22,-1.48,-2.863%,6637808060.00,,2025,1021994,Industrials,Military/Government/Technical
KRNT,Kornit Digital Ltd. Ordinary Shares,$18.65,-1.37,-6.843%,845357931.00,Israel,2015,250032,Industrials,Industrial Machinery/Components
KRNY,Kearny Financial Corp Common Stock,$5.85,-0.08,-1.349%,377791146.00,United States,2005,461276,Finance,Savings Institutions
KRO,Kronos Worldwide Inc Common Stock,$5.20,-0.15,-2.804%,598188843.00,United States,,301819,Industrials,Major Chemicals
KROS,Keros Therapeutics Inc. Common Stock,$14.32,0.00,0.00%,581612728.00,United States,2020,261048,Health Care,Biotechnology: Pharmaceutical Preparations
KRP,Kimbell Royalty Partners Common Units Representing Limited Partner Interests,$14.73,-0.14,-0.941%,1589190652.00,United States,2017,345945,Energy,Oil & Gas Production
KRRO,Korro Bio Inc. Common Stock,$13.85,-1.11,-7.42%,130058314.00,United States,2019,144034,Health Care,Biotechnology: Pharmaceutical Preparations
KRT,Karat Packaging Inc. Common Stock,$26.42,-0.81,-2.975%,529972122.00,United States,2021,104398,Industrials,Plastic Products
KRUS,Kura Sushi USA Inc. Class A Common Stock,$85.90,-1.84,-2.097%,1038869360.00,United States,2019,271116,Consumer Discretionary,Restaurants
KRYS,Krystal Biotech Inc. Common Stock,$156.98,3.11,2.021%,4536514786.00,United States,2017,576350,Health Care,Biotechnology: Biological Products (No Diagnostic Substances)
KSCP,Knightscope Inc. Class A Common Stock,$5.79,-0.16,-2.689%,39958093.00,United States,2022,611689,Telecommunications,Telecommunications Equipment
KSPI,Joint Stock Company Kaspi.kz American Depository Shares,$76.16,-2.74,-3.473%,14419636694.00,Kazakhstan,2024,468897,,
KSS,Kohl's Corporation Common Stock,$10.73,-0.11,-1.015%,1202207216.00,United States,1992,6788647,Consumer Discretionary,Department/Specialty Retail Stores
KT,KT Corporation Common Stock,$20.38,0.19,0.941%,10020150879.00,South Korea,,1217533,Telecommunications,Telecommunications Equipment
KTB,Kontoor Brands Inc. Common Stock ,$54.83,-0.83,-1.491%,3046429972.00,United States,2019,1393052,Consumer Discretionary,Apparel
KTCC,Key Tronic Corporation Common Stock,$2.95,0.01,0.34%,31747519.00,United States,1983,14863,Technology,Electrical Products
KTF,DWS Municipal Income Trust,$8.66,0.08,0.932%,342078123.00,United States,1988,99075,Finance,Finance Companies
KTH,Structures Products Cp 8% CorTS Issued by Peco Energy Cap Tr II Preferred Stock,$28.25,-0.04,-0.141%,0.00,United States,,175,Finance,Finance: Consumer Services
KTN,Structured Products Corp 8.205% CorTS 8.205% Corporate Backed Trust Securities (CorTS),$26.0792,0.0692,0.266%,0.00,United States,,3774,Finance,Finance: Consumer Services
KTOS,Kratos Defense & Security Solutions Inc. Common Stock,$56.71,-1.99,-3.39%,8701771925.00,United States,,4796640,Industrials,Military/Government/Technical
KTTA,Pasithea Therapeutics Corp. Common Stock,$0.6982,-0.0269,-3.71%,5197105.00,United States,2021,76724,Health Care,Biotechnology: Pharmaceutical Preparations
KUKE,Kuke Music Holding Limited American Depositary Shares (each representing ten (10) Class A Ordinary Shares),$2.29,-0.21,-8.40%,46542636.00,,,25469,Real Estate,Other Consumer Services
KULR,KULR Technology Group Inc. Common Stock,$5.25,-0.24,-4.372%,202643438.00,United States,,1245910,Technology,Electrical Products
KURA,Kura Oncology Inc. Common Stock,$6.02,-0.03,-0.496%,521179616.00,United States,,1188148,Health Care,Biotechnology: Pharmaceutical Preparations
KVAC,Keen Vision Acquisition Corporation Ordinary Shares,$11.48,-0.02,-0.174%,0.00,United States,2023,69619,,
KVACW,Keen Vision Acquisition Corporation Warrant,$0.0949,-0.0051,-5.10%,0.00,United States,2023,15802,,
KVHI,KVH Industries Inc. Common Stock,$5.25,-0.04,-0.756%,102897170.00,United States,1996,12009,Technology,Radio And Television Broadcasting And Communications Equipment
KVUE,Kenvue Inc. Common Stock,$21.59,0.15,0.70%,41450855561.00,United States,2023,13846355,Consumer Discretionary,Specialty Chemicals
KVYO,Klaviyo Inc. Series A Common Stock,$29.72,-1.38,-4.437%,8826440385.00,United States,2023,1988155,Technology,Computer Software: Prepackaged Software
KW,Kennedy-Wilson Holdings Inc. Common Stock,$7.24,-0.08,-1.093%,1001243405.00,United States,,1032051,Finance,Real Estate
KWM,K Wave Media Ltd. Ordinary Shares,$3.74,-0.08,-2.094%,236225880.00,Cayman Islands,,128531,Consumer Discretionary,Movies/Entertainment
KWMWW,K Wave Media Ltd. Warrant,$0.1551,-0.0349,-18.368%,9796426.00,Cayman Islands,,11254,Consumer Discretionary,Movies/Entertainment
KWR,Quaker Houghton Common Stock,$117.91,3.49,3.05%,2084726031.00,United States,,376890,Industrials,Major Chemicals
KXIN,Kaixin Holdings Ordinary Shares,$0.7797,-0.0233,-2.902%,8540308.00,China,2017,126891,Consumer Discretionary,Retail-Auto Dealers and Gas Stations
KYMR,Kymera Therapeutics Inc. Common Stock,$42.96,-0.79,-1.806%,2797536641.00,United States,2020,393426,Health Care,Biotechnology: Biological Products (No Diagnostic Substances)
KYN,Kayne Anderson Energy Infrastructure Fund Inc.,$12.38,-0.06,-0.482%,1685308341.00,United States,2004,283989,Finance,Finance/Investors Services
KYTX,Kyverna Therapeutics Inc. Common Stock,$3.44,-0.13,-3.641%,148672923.00,United States,2024,109586,Health Care,Biotechnology: Biological Products (No Diagnostic Substances)
KZIA,Kazia Therapeutics Limited American Depositary Shares,$8.18,-0.20,-2.387%,11121733.00,Australia,,935863,Health Care,Biotechnology: Pharmaceutical Preparations
KZR,Kezar Life Sciences Inc. Common Stock,$4.05,-0.22,-5.152%,29588490.00,United States,2018,67095,Health Care,Biotechnology: Pharmaceutical Preparations
L,Loews Corporation Common Stock,$90.29,-0.25,-0.276%,18933499513.00,United States,,984617,Finance,Property-Casualty Insurers
LAB,Standard BioTools Inc. Common Stock,$1.30,-0.03,-2.256%,493768948.00,United States,2011,1510169,Industrials,Biotechnology: Laboratory Analytical Instruments
LAC,Lithium Americas Corp. Common Shares,$2.55,-0.02,-0.778%,557650478.00,Canada,2023,6266157,Basic Materials,Metal Mining
LAD,Lithia Motors Inc. Common Stock,$287.60,-0.40,-0.139%,7373043308.00,United States,,523222,Consumer Discretionary,Retail-Auto Dealers and Gas Stations
LADR,Ladder Capital Corp Class A Common Stock,$10.87,-0.05,-0.458%,1385500809.00,United States,2014,755295,Real Estate,Real Estate Investment Trusts
LAES,SEALSQ Corp Ordinary Shares,$2.98,-0.11,-3.56%,311436525.00,Switzerland,,7235190,Technology,Semiconductors
LAKE,Lakeland Industries Inc. Common Stock,$13.35,-0.56,-4.026%,127019897.00,United States,1986,108701,Health Care,Industrial Specialties
LAMR,Lamar Advertising Company Class A Common Stock,$120.91,-1.34,-1.096%,12379979736.00,United States,1996,868676,Real Estate,Real Estate Investment Trusts
LAND,Gladstone Land Corporation Common Stock,$9.11,-0.09,-0.978%,329642234.00,United States,2013,647000,Real Estate,Real Estate Investment Trusts
LANDM,Gladstone Land Corporation 5.00% Series D Cumulative Term Preferred Stock,$24.78,-0.05,-0.201%,896655825.00,United States,,3595,Real Estate,Real Estate Investment Trusts
LANDO,Gladstone Land Corporation 6.00% Series B Cumulative Redeemable Preferred Stock,$19.71,-0.04,-0.203%,713199609.00,United States,,7866,Real Estate,Real Estate Investment Trusts
LANDP,Gladstone Land Corporation 6.00% Series C Cumulative Redeemable Preferred Stock,$19.78,-0.07,-0.353%,715732535.00,United States,,21485,Real Estate,Real Estate Investment Trusts
LANV,Lanvin Group Holdings Limited Ordinary Shares,$2.33,-0.07,-2.917%,325677623.00,Cayman Islands,1996,32086,Consumer Discretionary,Apparel
LAR,Lithium Argentina AG Common Shares,$2.62,-0.03,-1.132%,424178000.00,Canada,2023,1012166,Basic Materials,Metal Mining
LARK,Landmark Bancorp Inc. Common Stock,$24.60,0.31,1.276%,142263743.00,United States,,8542,Finance,Major Banks
LASE,Laser Photonics Corporation Common Stock,$2.68,-0.10,-3.597%,38260082.00,United States,2022,90034,Miscellaneous,Industrial Machinery/Components
LASR,nLIGHT Inc. Common Stock,$20.11,-0.90,-4.284%,994227762.00,United States,2018,967012,Technology,Semiconductors
LAUR,Laureate Education Inc. Common Stock,$22.91,0.31,1.372%,3409240834.00,United States,2017,1162190,Real Estate,Other Consumer Services
LAW,CS Disco Inc. Common Stock,$3.97,0.00,0.00%,241404000.00,United States,2021,183037,Technology,Computer Software: Prepackaged Software
LAWR,Robot Consulting Co. Ltd. ADS,$1.67,-0.13,-7.222%,74665700.00,Japan,2025,293802,Technology,Computer Software: Programming Data Processing
LAZ,Lazard Inc. Common Stock,$50.19,-1.79,-3.444%,5659730107.00,Bermuda,2005,1327319,Finance,Investment Managers
LAZR,Luminar Technologies Inc.  Class A Common Stock,$2.79,-0.18,-6.061%,130791916.00,United States,2019,3819848,Consumer Discretionary,Auto Parts:O.E.M.
LB,LandBridge Company LLC Class A Shares Representing Limited Liability Company Interests,$55.39,-1.29,-2.276%,4231625122.00,,2024,440640,Energy,Oil & Gas Production
LBGJ,Li Bang International Corporation Inc. Ordinary Shares,$1.40,0.11,8.527%,25928000.00,China,2024,19132,,
LBRDA,Liberty Broadband Corporation Class A Common Stock,$59.91,-1.22,-1.996%,8586929955.00,United States,,96300,Telecommunications,Cable & Other Pay Television Services
LBRDK,Liberty Broadband Corporation Class C Common Stock,$60.11,-1.21,-1.973%,8615596054.00,United States,,3160181,Telecommunications,Cable & Other Pay Television Services
LBRDP,Liberty Broadband Corporation Series A Cumulative Redeemable Preferred Stock,$24.88,0.07,0.282%,3566062716.00,United States,,20170,Telecommunications,Cable & Other Pay Television Services
LBRT,Liberty Energy Inc. Class A common stock,$11.61,-0.73,-5.916%,1880306025.00,United States,2018,2952258,Energy,Oilfield Services/Equipment
LBTYA,Liberty Global Ltd. Class A Common Shares,$10.54,0.52,5.19%,3642399382.00,United Kingdom,,5840306,Telecommunications,Cable & Other Pay Television Services
LBTYB,Liberty Global Ltd. Class B Common Shares,$10.40,0.20,1.961%,3594018366.00,United Kingdom,,6707,Telecommunications,Cable & Other Pay Television Services
LBTYK,Liberty Global Ltd. Class C Common Shares,$10.74,0.51,4.985%,3711515120.00,United Kingdom,,1776838,Telecommunications,Cable & Other Pay Television Services
LC,LendingClub Corporation Common Stock,$15.59,0.00,0.00%,1780375381.00,United States,2014,4147364,Finance,Finance: Consumer Services
LCCC,Lakeshore Acquisition III Corp. Ordinary Shares,$10.045,0.005,0.05%,0.00,United States,2025,6987,Finance,Blank Checks
LCCCR,Lakeshore Acquisition III Corp. Rights,$0.22,0.005,2.326%,0.00,United States,2025,4000,Finance,Blank Checks
LCFY,Locafy Limited Ordinary Share,$4.78,-0.10,-2.049%,6606844.00,Australia,2022,40911,Technology,Computer Software: Programming Data Processing
LCFYW,Locafy Limited Warrant,$10.50,-2.62,-19.97%,14512943.00,Australia,2022,2271,Technology,Computer Software: Programming Data Processing
LCID,Lucid Group Inc. Common Stock,$2.42,-0.04,-1.626%,7381634125.00,United States,,91780352,Consumer Discretionary,Auto Manufacturing
LCII,LCI Industries,$94.43,-0.57,-0.60%,2383192139.00,United States,1995,437540,Consumer Discretionary,Auto Parts:O.E.M.
LCNB,LCNB Corporation Common Stock,$14.20,-0.56,-3.794%,201177478.00,United States,,34245,Finance,Major Banks
LCTX,Lineage Cell Therapeutics Inc. Common Stock,$0.9853,-0.0347,-3.402%,224999453.00,United States,,2004863,Health Care,Biotechnology: Biological Products (No Diagnostic Substances)
LCUT,Lifetime Brands Inc. Common Stock,$4.27,-0.0875,-2.008%,95707801.00,United States,1991,40045,Consumer Discretionary,Industrial Machinery/Components
LDI,loanDepot Inc. Class A Common Stock,$1.68,0.09,5.66%,554249697.00,United States,2021,1953911,Finance,Finance: Consumer Services
LDOS,Leidos Holdings Inc. Common Stock,$159.20,-0.45,-0.282%,20492044422.00,United States,,784043,Technology,EDP Services
LDP,Cohen & Steers Limited Duration Preferred and Income Fund Inc.,$21.345,-0.105,-0.49%,0.00,United States,2012,62082,Finance,Finance Companies
LDWY,Lendway Inc. Common Stock (DE),$5.00,0.00,0.00%,8847995.00,United States,,17,Consumer Staples,Farming/Seeds/Milling
LE,Lands' End Inc. Common Stock,$11.53,-0.20,-1.705%,351350358.00,United States,,298546,Consumer Discretionary,Clothing/Shoe/Accessory Stores
LEA,Lear Corporation Common Stock,$93.06,-1.23,-1.304%,4951359015.00,United States,,531012,Consumer Discretionary,Auto Parts:O.E.M.
LECO,Lincoln Electric Holdings Inc. Common Shares,$241.14,-2.36,-0.969%,13461950124.00,United States,,517997,Industrials,Industrial Machinery/Components
LEDS,SemiLEDS Corporation Common Stock,$1.66,-0.15,-8.287%,13649189.00,Taiwan,2010,10446,Technology,Semiconductors
LEE,Lee Enterprises Incorporated Common Stock,$4.64,-0.32,-6.452%,28861097.00,United States,,45560,Consumer Discretionary,Newspapers/Magazines
LEG,Leggett & Platt Incorporated Common Stock,$8.08,-1.47,-15.393%,1091967673.00,United States,,4653517,Consumer Discretionary,Home Furnishings
LEGH,Legacy Housing Corporation Common Stock (TX),$22.75,0.37,1.653%,548682134.00,United States,2018,88569,Consumer Discretionary,Homebuilding
LEGN,Legend Biotech Corporation American Depositary Shares,$38.80,-0.27,-0.691%,7125587330.00,United States,2020,1094425,Health Care,Biotechnology: Pharmaceutical Preparations
LEGT,Legato Merger Corp. III Ordinary Shares,$10.715,-0.0245,-0.228%,0.00,,2024,255,,
LEN,Lennar Corporation Class A Common Stock,$115.98,3.80,3.387%,30039612491.00,United States,,3639629,Consumer Discretionary,Homebuilding
LENZ,LENZ Therapeutics Inc. Common Stock,$29.96,0.19,0.638%,854521996.00,United States,2021,1569384,Health Care,Biotechnology: Biological Products (No Diagnostic Substances)
LEO,BNY Mellon Strategic Municipals Inc. Common Stock,$5.87,0.02,0.342%,365647313.00,United States,1987,187426,Finance,Trusts Except Educational Religious and Charitable
LESL,Leslie's Inc. Common Stock,$0.3605,-0.0105,-2.83%,66844507.00,United States,2020,2759097,Consumer Discretionary,Other Specialty Stores
LEU,Centrus Energy Corp. Class A Common Stock,$208.33,-7.07,-3.282%,3399542690.00,United States,2014,1298449,Industrials,Mining & Quarrying of Nonmetallic Minerals (No Fuels)
LEVI,Levi Strauss & Co Class A Common Stock,$19.24,-0.45,-2.285%,7612391445.00,United States,2019,2834003,Consumer Discretionary,Apparel
LEXX,Lexaria Bioscience Corp. Common Stock,$0.8503,-0.0497,-5.522%,16631170.00,Canada,,245622,Health Care,Biotechnology: Pharmaceutical Preparations
LEXXW,Lexaria Bioscience Corp. Warrant,$0.1396,0.0196,16.333%,2730461.00,Canada,,1700,Health Care,Biotechnology: Pharmaceutical Preparations
LFCR,Lifecore Biomedical Inc. Common Stock,$6.99,-0.01,-0.143%,258807064.00,United States,,154848,Health Care,Biotechnology: Pharmaceutical Preparations
LFMD,LifeMD Inc. Common Stock,$9.94,-0.47,-4.515%,451749184.00,United States,,1102317,Health Care,Medical/Nursing Services
LFMDP,LifeMD Inc. 8.875% Series A Cumulative Perpetual Preferred Stock,$24.00,-0.125,-0.518%,1090742496.00,United States,,2269,Health Care,Medical/Nursing Services
LFST,LifeStance Health Group Inc. Common Stock,$3.79,-0.19,-4.774%,1473839684.00,United States,2021,2008485,Health Care,Medical/Nursing Services
LFT,Lument Finance Trust Inc. Common Stock,$2.15,-0.01,-0.463%,112497615.00,United States,2013,142762,Real Estate,Real Estate Investment Trusts
LFT^A,Lument Finance Trust Inc. 7.875% Series A Cumulative Redeemable Preferred Stock,$21.35,0.01,0.047%,,United States,,595,,
LFUS,Littelfuse Inc. Common Stock,$250.91,-6.42,-2.495%,6217940718.00,United States,,279644,Energy,Electrical Products
LFVN,Lifevantage Corporation Common Stock (Delaware),$12.58,0.03,0.239%,158359342.00,United States,,64103,Health Care,Biotechnology: Pharmaceutical Preparations
LFWD,Lifeward Ltd. Ordinary Shares,$0.6964,-0.007,-0.995%,7665687.00,Israel,2014,217717,Health Care,Industrial Specialties
LGCB,Linkage Global Inc. Class A Ordinary Shares,$2.54,-0.06,-2.308%,9093200.00,Japan,2023,2433,Consumer Discretionary,Catalog/Specialty Distribution
LGCL,Lucas GC Limited Ordinary Shares,$0.61,-0.01,-1.613%,48474905.00,China,2024,104537,Technology,Computer Software: Programming Data Processing
LGCY,Legacy Education Inc. Common Stock,$10.69,-0.58,-5.146%,132348154.00,,2024,97714,Real Estate,Other Consumer Services
LGHL,Lion Group Holding Ltd. American Depositary Share,$2.33,-0.12,-4.898%,1255055.00,China,,190008,Finance,Investment Bankers/Brokers/Service
LGI,Lazard Global Total Return and Income Fund Common Stock,$16.67,-0.25,-1.478%,0.00,United States,2004,49185,,
LGIH,LGI Homes Inc. Common Stock,$54.48,1.21,2.271%,1275077269.00,United States,2013,418714,Consumer Discretionary,Homebuilding
LGL,LGL Group Inc. (The) Common Stock,$6.96,-0.3153,-4.334%,37508909.00,United States,1946,9221,Technology,Industrial Machinery/Components
LGND,Ligand Pharmaceuticals Incorporated Common Stock,$132.72,1.14,0.866%,2560721977.00,United States,,155992,Health Care,Biotechnology: Pharmaceutical Preparations
LGO,Largo Inc. Common Shares,$1.28,-0.07,-5.185%,82083840.00,Canada,,210935,Industrials,Mining & Quarrying of Nonmetallic Minerals (No Fuels)
LGPS,LogProstyle Inc. Common Shares,$0.8951,-0.0314,-3.389%,21171004.00,,2025,42559,Consumer Discretionary,Homebuilding
LGVN,Longeveron Inc. Class A Common Stock,$1.635,0.015,0.926%,24540215.00,United States,2021,119480,Health Care,Biotechnology: Pharmaceutical Preparations
LH,Labcorp Holdings Inc. Common Stock,$261.50,1.42,0.546%,21887550000.00,United States,,652995,Health Care,Medical Specialities
LHAI,Linkhome Holdings Inc. Common stock,$5.40,-0.72,-11.765%,78327000.00,United States,2025,226493,Finance,Real Estate
LHSW,Lianhe Sowell International Group Ltd Ordinary Shares,$2.59,-0.04,-1.521%,134680000.00,China,2025,44208,Technology,Computer Software: Prepackaged Software
LHX,L3Harris Technologies Inc. Common Stock,$278.26,3.44,1.252%,52060998491.00,United States,,1412696,Industrials,Industrial Machinery/Components
LI,Li Auto Inc. American Depositary Shares,$25.24,-0.86,-3.295%,26710512587.00,China,2020,4792037,Consumer Discretionary,Auto Manufacturing
LICN,Lichen International Limited Class A Ordinary Shares,$3.77,-0.16,-4.071%,2872080.00,China,2023,13314,Consumer Discretionary,Professional Services
LIDR,AEye Inc. Class A Common Stock,$2.88,-0.73,-20.222%,55390118.00,United States,2021,12585168,Consumer Discretionary,Auto Parts:O.E.M.
LIDRW,AEye Inc. Warrant,$0.1965,-0.0586,-22.971%,3779222.00,United States,2021,344055,Consumer Discretionary,Auto Parts:O.E.M.
LIEN,Chicago Atlantic BDC Inc. Common Stock,$10.17,0.02,0.197%,232083549.00,United States,2022,7150,Finance,Finance: Consumer Services
LIF,Life360 Inc. Common Stock,$74.40,-2.19,-2.859%,5693737066.00,United States,2024,711987,,
LII,Lennox International Inc. Common Stock,$605.87,-3.13,-0.514%,21280748129.00,United States,1999,389850,Industrials,Industrial Machinery/Components
LILA,Liberty Latin America Ltd. Class A Common Stock,$6.99,-0.06,-0.851%,1397301000.00,United States,,461516,Telecommunications,Cable & Other Pay Television Services
LILAK,Liberty Latin America Ltd. Class C Common Stock,$7.11,-0.03,-0.42%,1421289000.00,United States,,2074564,Telecommunications,Cable & Other Pay Television Services
LIMN,Liminatus Pharma Inc. Class A Common Stock,$5.93,-0.34,-5.423%,0.00,United States,,171942,,
LIN,Linde plc Ordinary Shares,$459.41,-0.85,-0.185%,216517270719.00,United States,,2219333,Industrials,Major Chemicals
LINC,Lincoln Educational Services Corporation Common Stock,$23.04,0.17,0.743%,727898273.00,United States,2005,260557,Real Estate,Other Consumer Services
LIND,Lindblad Expeditions Holdings Inc. Common Stock,$11.73,-0.22,-1.841%,641724230.00,United States,2013,293790,Consumer Discretionary,Transportation Services
LINE,Lineage Inc. Common Stock,$42.35,-0.80,-1.854%,9680793742.00,United States,2024,1014078,Real Estate,Real Estate Investment Trusts
LINK,Interlink Electronics Inc. Common Stock,$7.03,0.50,7.657%,69345424.00,United States,,6805,Technology,Computer peripheral equipment
LION,Lionsgate Studios Corp Common Shares,$6.06,0.14,2.365%,1731453365.00,,2025,4584067,Consumer Discretionary,Movies/Entertainment
LIQT,LiqTech International Inc. Common Stock,$1.9892,-0.1308,-6.17%,19124254.00,Denmark,,11527,Technology,Industrial Machinery/Components
LITB,LightInTheBox Holding Co. Ltd. American Depositary Shares each representing twelve ordinary shares,$1.23,0.00,0.00%,135711290.00,China,,15485,Consumer Discretionary,Catalog/Specialty Distribution
LITE,Lumentum Holdings Inc. Common Stock,$106.68,-3.40,-3.089%,7403592000.00,United States,,2431702,Telecommunications,Telecommunications Equipment
LITM,Snow Lake Resources Ltd. Common Shares,$3.69,0.00,0.00%,28868198.00,Canada,2021,280303,Basic Materials,Other Metals and Minerals
LIVE,Live Ventures Incorporated Common Stock,$15.57,0.25,1.632%,47905807.00,United States,,12228,Consumer Discretionary,Other Specialty Stores
LIVN,LivaNova PLC Ordinary Shares,$41.13,-1.06,-2.512%,2242641671.00,United Kingdom,,800401,Health Care,Biotechnology: Electromedical & Electrotherapeutic Apparatus
LIXT,Lixte Biotechnology Holdings Inc. Common Stock,$4.87,0.90,22.67%,13071440.00,United States,,292309,Health Care,Biotechnology: Pharmaceutical Preparations
LIXTW,Lixte Biotechnology Holdings Inc. Warrants,$0.2499,0.0199,8.652%,670750.00,United States,,22169,Health Care,Biotechnology: Pharmaceutical Preparations
LKFN,Lakeland Financial Corporation Common Stock,$61.60,-1.77,-2.793%,1574305286.00,United States,,181574,Finance,Major Banks
LKQ,LKQ Corporation Common Stock,$29.64,0.17,0.577%,7626170211.00,United States,2003,3601468,Consumer Discretionary,Motor Vehicles
LLY,Eli Lilly and Company Common Stock,$762.33,22.26,3.008%,722487318827.00,United States,,4857494,Health Care,Biotechnology: Pharmaceutical Preparations
LLYVA,Liberty Media Corporation Series A Liberty Live Common Stock,$80.01,-1.79,-2.188%,7348541173.00,United States,,140345,Industrials,Broadcasting
LLYVK,Liberty Media Corporation Series C Liberty Live Common Stock,$82.57,-1.66,-1.971%,7583665100.00,United States,,256360,Industrials,Broadcasting
LMAT,LeMaitre Vascular Inc. Common Stock,$81.04,-0.20,-0.246%,1831047096.00,United States,2006,126468,Health Care,Medical/Dental Instruments
LMB,Limbach Holdings Inc. Common Stock,$133.48,-3.52,-2.569%,1551656814.00,United States,,186170,Consumer Discretionary,Engineering & Construction
LMFA,LM Funding America Inc. Common Stock,$1.99,-0.13,-6.132%,10215490.00,United States,2015,170763,Finance,Finance: Consumer Services
LMND,Lemonade Inc. Common Stock,$36.40,-1.28,-3.397%,2666888588.00,United States,2020,1978575,Finance,Property-Casualty Insurers
LMNR,Limoneira Co Common Stock,$14.77,0.09,0.613%,266879558.00,United States,,84988,Consumer Staples,Farming/Seeds/Milling
LMT,Lockheed Martin Corporation Common Stock,$421.01,0.03,0.007%,98291123227.00,United States,,2004893,Industrials,Military/Government/Technical
LNC,Lincoln National Corporation Common Stock,$36.87,-1.24,-3.254%,6294958782.00,United States,,3187777,Finance,Life Insurance
LNC^D,Lincoln National Corporation Depositary Shares Each Representing a 1/1000th Interest in a Share of 9.000% Non-Cumulative Preferred Stock Series D,$27.24,-0.09,-0.329%,,United States,,18757,,
LND,Brasilagro Brazilian Agric Real Estate Co Sponsored ADR (Brazil),$3.73,0.02,0.539%,383009246.00,Brazil,,20682,Consumer Staples,Farming/Seeds/Milling
LNG,Cheniere Energy Inc. Common Stock,$238.31,2.43,1.03%,52853696309.00,United States,2001,2022325,Utilities,Oil/Gas Transmission
LNKB,LINKBANCORP Inc. Common Stock,$6.70,-0.18,-2.616%,250480398.00,United States,,63612,Finance,Major Banks
LNKS,Linkers Industries Limited Class A Ordinary Shares,$0.5727,-0.0023,-0.40%,7702815.00,Malaysia,2024,51653,Technology,Electrical Products
LNN,Lindsay Corporation Common Stock,$133.42,-3.09,-2.264%,1449235124.00,United States,,70276,Industrials,Industrial Machinery/Components
LNSR,LENSAR Inc. Common Stock,$12.61,-0.28,-2.172%,148699087.00,United States,,62793,Health Care,Medical/Dental Instruments
LNT,Alliant Energy Corporation Common Stock,$65.47,0.46,0.708%,16817691296.00,United States,,1626943,Utilities,Power Generation
LNTH,Lantheus Holdings Inc. Common Stock,$70.57,-0.62,-0.871%,4882444447.00,United States,2015,943059,Health Care,Biotechnology: In Vitro & In Vivo Diagnostic Substances
LNW,Light & Wonder Inc. Common Stock,$94.97,-1.35,-1.402%,8013438586.00,United States,,519552,Technology,EDP Services
LNZA,LanzaTech Global Inc. Common Stock,$0.4401,0.008,1.851%,102087792.00,United States,2021,1182149,Industrials,Major Chemicals
LNZAW,LanzaTech Global Inc. Warrant,$0.0369,0.0039,11.818%,8559508.00,United States,2021,65125,Industrials,Major Chemicals
LOAN,Manhattan Bridge Capital Inc,$5.4919,0.0319,0.584%,62819927.00,United States,,33008,Real Estate,Real Estate Investment Trusts
LOAR,Loar Holdings Inc. Common Stock,$71.40,-2.51,-3.396%,6679903469.00,United States,2024,594003,Industrials,Military/Government/Technical
LOB,Live Oak Bancshares Inc. Common Stock,$31.01,-0.60,-1.898%,1416725372.00,United States,2022,282509,Finance,Major Banks
LOBO,LOBO EV TECHNOLOGIES LTD. Ordinary shares,$0.7864,0.4268,118.687%,6786632.00,China,2024,425261254,Consumer Discretionary,Motor Vehicles
LOCL,Local Bounti Corporation Common Stock,$2.73,-0.455,-14.286%,29797142.00,,2021,47796,Consumer Staples,Farming/Seeds/Milling
LOCO,El Pollo Loco Holdings Inc. Common Stock,$10.45,0.15,1.456%,314045344.00,United States,2014,401001,Consumer Discretionary,Restaurants
LODE,Comstock Inc. Common Stock,$3.14,-0.14,-4.268%,89843489.00,United States,,451381,Industrials,Major Chemicals
LOGI,Logitech International S.A. Ordinary Shares,$89.67,-3.21,-3.456%,13208066036.00,United States,1997,781108,Technology,Computer peripheral equipment
LOKV,Live Oak Acquisition Corp. V Class A Ordinary Shares,$10.60,-0.02,-0.188%,0.00,United States,2025,71008,,
LOKVU,Live Oak Acquisition Corp. V Units,$11.49,0.89,8.396%,0.00,United States,2025,500,Finance,Blank Checks
LOKVW,Live Oak Acquisition Corp. V Warrants,$0.60,0.00,0.00%,0.00,United States,2025,4600,,
LOMA,Loma Negra Compania Industrial Argentina Sociedad Anonima ADS,$11.63,-0.01,-0.086%,1357181807.00,Argentina,2017,244413,Industrials,Building Materials
LOOP,Loop Industries Inc. Common Stock,$1.53,-0.10,-6.135%,73009076.00,Canada,,231176,Industrials,Major Chemicals
LOPE,Grand Canyon Education Inc. Common Stock,$170.15,1.52,0.901%,4827922706.00,United States,2008,297221,Real Estate,Other Consumer Services
LOT,Lotus Technology Inc. American Depositary Shares,$1.90,-0.12,-5.941%,1288664242.00,China,,80977,,
LOTWW,Lotus Technology Inc. Warrants,$0.10,-0.025,-20.00%,67824434.00,China,,10300,Consumer Discretionary,Auto Manufacturing
LOVE,The Lovesac Company Common Stock,$17.43,-0.58,-3.22%,253591127.00,United States,2018,326245,Consumer Discretionary,Other Specialty Stores
LOW,Lowe's Companies Inc. Common Stock,$226.40,2.83,1.266%,126883085998.00,United States,,3400800,Consumer Discretionary,RETAIL: Building Materials
LPA,Logistic Properties of the Americas Ordinary Shares,$6.21,0.14,2.306%,196662012.00,,2024,17879,Finance,Real Estate
LPAA,Launch One Acquisition Corp. Class A Ordinary shares,$10.43,0.01,0.096%,0.00,United States,2024,151011,,
LPAAW,Launch One Acquisition Corp. Warrant,$0.2303,-0.0001,-0.043%,0.00,United States,2024,130,Finance,Blank Checks
LPBB,Launch Two Acquisition Corp. Class A Ordinary Shares,$10.42,-0.02,-0.192%,0.00,United States,2024,5385,,
LPBBW,Launch Two Acquisition Corp. Warrant,$0.40,0.00,0.00%,0.00,United States,2024,110,,
LPCN,Lipocine Inc. Common Stock,$3.15,-0.08,-2.477%,16853621.00,United States,,21567,Health Care,Biotechnology: Pharmaceutical Preparations
LPG,Dorian LPG Ltd. Common Stock,$27.08,-1.71,-5.94%,1154900258.00,United States,2014,1512970,Consumer Discretionary,Marine Transportation
LPL,LG Display Co Ltd AMERICAN DEPOSITORY SHARES,$3.88,-0.04,-1.02%,3880000000.00,South Korea,2004,287917,Technology,Industrial Machinery/Components
LPLA,LPL Financial Holdings Inc. Common Stock,$369.91,-25.82,-6.525%,29583818215.00,United States,2010,3277005,Finance,Investment Bankers/Brokers/Service
LPRO,Open Lending Corporation Common Stock,$2.16,-0.03,-1.37%,258738669.00,United States,,978212,Finance,Finance: Consumer Services
LPSN,LivePerson Inc. Common Stock,$0.84,-0.0957,-10.228%,78833846.00,United States,2000,1545749,Technology,Computer Software: Prepackaged Software
LPTH,LightPath Technologies Inc. Class A Common Stock,$2.96,-0.03,-1.003%,126980851.00,United States,1996,173220,Technology,Semiconductors
LPTX,Leap Therapeutics Inc. Common Stock,$0.306,-0.004,-1.29%,12680496.00,United States,,213029,Health Care,Biotechnology: Pharmaceutical Preparations
LPX,Louisiana-Pacific Corporation Common Stock,$90.48,0.07,0.077%,6296424935.00,United States,,796550,Basic Materials,Forest Products
LQDA,Liquidia Corporation Common Stock,$17.68,-1.01,-5.404%,1511366402.00,United States,2018,3309346,Health Care,Biotechnology: Pharmaceutical Preparations
LQDT,Liquidity Services Inc. Common Stock,$23.48,-0.40,-1.675%,733062553.00,United States,2006,221538,Consumer Discretionary,Business Services
LRCX,Lam Research Corporation Common Stock,$96.37,1.53,1.613%,123268601660.00,United States,1984,16599656,Technology,Industrial Machinery/Components
LRE,Lead Real Estate Co. Ltd American Depositary Shares,$1.65,0.04,2.484%,22509135.00,Japan,2023,5235,Consumer Discretionary,Homebuilding
LRHC,La Rosa Holdings Corp. Common Stock,$4.54,-0.27,-5.613%,3309542.00,United States,2023,88997,Finance,Real Estate
LRMR,Larimar Therapeutics Inc. Common Stock,$3.44,-0.02,-0.578%,220255948.00,United States,2014,1162660,Health Care,Biotechnology: Pharmaceutical Preparations
LRN,Stride Inc. Common Stock,$129.26,1.03,0.803%,5625815683.00,United States,,518167,Real Estate,Other Consumer Services
LSAK,Lesaka Technologies Inc. Common Stock,$4.50,0.00,0.00%,365622300.00,South Africa,,34936,Finance,Investment Bankers/Brokers/Service
LSB,LakeShore Biopharma Co. Ltd Ordinary Shares,$0.73,-0.09,-10.976%,13928949.00,China,,61731,Health Care,Biotechnology: Pharmaceutical Preparations
LSBK,Lake Shore Bancorp Inc. Common Stock,$12.16,-0.15,-1.219%,95162664.00,United States,2006,49349,Finance,Savings Institutions
LSBPW,LakeShore Biopharma Co. Ltd Warrants,$0.027,-0.0034,-11.184%,515180.00,China,,9597,Health Care,Biotechnology: Pharmaceutical Preparations
LSCC,Lattice Semiconductor Corporation Common Stock,$48.99,-0.84,-1.686%,6736493944.00,United States,,3197253,Technology,Semiconductors
LSE,Leishen Energy Holding Co. Ltd. Ordinary Shares,$5.55,-0.0501,-0.895%,94488750.00,China,2024,27776,Industrials,Metal Fabrications
LSF,Laird Superfood Inc. Common Stock,$7.00,0.05,0.719%,73438645.00,,2020,60924,Consumer Staples,Packaged Foods
LSH,Lakeside Holding Limited Common Stock,$0.82,0.00,0.00%,6150000.00,United States,2024,15460,,
LSPD,Lightspeed Commerce Inc. Subordinate Voting Shares,$12.30,-0.14,-1.125%,1689857948.00,Canada,,820566,Technology,Computer Software: Prepackaged Software
LSTA,Lisata Therapeutics Inc. Common Stock,$2.49,0.01,0.403%,21409528.00,United States,,2477,Health Care,Misc Health and Biotechnology Services
LSTR,Landstar System Inc. Common Stock,$128.37,-5.00,-3.749%,4448474416.00,United States,1993,442778,Industrials,Trucking Freight/Courier Services
LTBR,Lightbridge Corporation Common Stock,$13.08,-0.40,-2.967%,294799133.00,United States,,985387,Consumer Discretionary,Professional Services
LTC,LTC Properties Inc. Common Stock,$34.29,0.25,0.734%,1574959142.00,United States,,431294,Real Estate,Real Estate Investment Trusts
LTH,Life Time Group Holdings Inc. Common Stock,$27.85,-0.87,-3.029%,6110768045.00,United States,2021,2349433,Consumer Discretionary,Hotels/Resorts
LTM,LATAM Airlines Group S.A. American Depositary Shares (each representing two thousand (2000) shares of Common Stock),$42.76,-0.63,-1.452%,12922881832.00,Chile,2024,559360,Consumer Discretionary,Air Freight/Delivery Services
LTRN,Lantern Pharma Inc. Common Stock,$4.77,0.33,7.432%,51443138.00,United States,2020,252322,Health Care,Biotechnology: Pharmaceutical Preparations
LTRX,Lantronix Inc. Common Stock,$2.94,-0.27,-8.411%,114337564.00,United States,2000,358468,Telecommunications,Computer Communications Equipment
LTRYW,Lottery.com Inc. Warrants,$0.017,-0.0017,-9.091%,453901.00,United States,2023,37012,Technology,Computer Software: Prepackaged Software
LU,Lufax Holding Ltd American Depositary Shares each representing two (2) Ordinary Shares,$2.83,-0.06,-2.076%,2452591200.00,China,,1485900,Finance,Finance: Consumer Services
LUCD,Lucid Diagnostics Inc. Common Stock,$1.00,0.0214,2.187%,90958695.00,United States,2021,725332,Health Care,Medical/Dental Instruments
LUCK,Lucky Strike Entertainment Corporation Class A Common Stock,$9.56,-0.34,-3.434%,1340360507.00,United States,2021,190872,Consumer Discretionary,Services-Misc. Amusement & Recreation
LUCY,Innovative Eyewear Inc. Common Stock,$1.94,-0.11,-5.366%,6003823.00,United States,2022,156756,Health Care,Ophthalmic Goods
LUCYW,Innovative Eyewear Inc. Series A Warrants 8/16/27,$0.1109,0.0031,2.876%,343208.00,United States,2022,100,Health Care,Ophthalmic Goods
LUD,Luda Technology Group Limited Ordinary Shares,$4.992,0.072,1.463%,113268480.00,,2025,10492,,
LULU,lululemon athletica inc. Common Stock,$193.33,-7.20,-3.59%,22180640702.00,Canada,2007,4689229,Consumer Discretionary,Apparel
LUMN,Lumen Technologies Inc. Common Stock,$3.71,-0.74,-16.629%,3806117819.00,United States,,44677190,Telecommunications,Telecommunications Equipment
LUNG,Pulmonx Corporation Common Stock,$1.61,-0.23,-12.50%,64814618.00,United States,2020,1874235,Health Care,Medical/Dental Instruments
LUNR,Intuitive Machines Inc. Class A Common Stock,$10.61,-0.55,-4.928%,1895292470.00,United States,2021,6225083,Industrials,Industrial Machinery/Components
LUV,Southwest Airlines Company Common Stock,$29.80,-1.13,-3.653%,15650593728.00,United States,,12570003,Consumer Discretionary,Air Freight/Delivery Services
LUXE,LuxExperience B.V. American Depositary Shares each representing one Ordinary Share,$7.58,-0.12,-1.558%,646315992.00,,2021,181412,Consumer Discretionary,Catalog/Specialty Distribution
LVLU,Lulu's Fashion Lounge Holdings Inc. Common Stock,$3.72,-0.28,-7.00%,10290208.00,United States,2021,112736,Consumer Discretionary,Catalog/Specialty Distribution
LVO,LiveOne Inc. Common Stock,$0.6481,-0.0061,-0.932%,62948763.00,United States,,699699,Consumer Discretionary,Restaurants
LVRO,Lavoro Limited Class A Ordinary Shares,$2.065,0.065,3.25%,240796199.00,Brazil,,1887,Consumer Discretionary,Other Specialty Stores
LVROW,Lavoro Limited Warrant,$0.0452,0.0051,12.718%,5270696.00,Brazil,,16354,Consumer Discretionary,Other Specialty Stores
LVS,Las Vegas Sands Corp. Common Stock,$52.26,-0.14,-0.267%,35874065450.00,United States,2004,5585751,Consumer Discretionary,Hotels/Resorts
LVTX,LAVA Therapeutics N.V. Ordinary Shares,$1.42,-0.10,-6.579%,37353519.00,Netherlands,2021,38919,Health Care,Biotechnology: Pharmaceutical Preparations
LVWR,LiveWire Group Inc. Common Stock,$3.25,-0.50,-13.333%,661590241.00,United States,2022,155279,Consumer Discretionary,Motor Vehicles
LW,Lamb Weston Holdings Inc. Common Stock ,$55.99,-1.08,-1.892%,7799452520.00,United States,2016,1668740,Consumer Staples,Packaged Foods
LWACU,LightWave Acquisition Corp. Units,$10.07,-0.10,-0.983%,0.00,United States,2025,2037,Finance,Blank Checks
LWAY,Lifeway Foods Inc. Common Stock,$26.88,1.66,6.582%,408663118.00,United States,,236007,Consumer Staples,Packaged Foods
LWLG,Lightwave Logic Inc. Common Stock,$2.08,-0.25,-10.73%,260085607.00,United States,,1975665,Industrials,Containers/Packaging
LX,LexinFintech Holdings Ltd. American Depositary Shares,$6.29,-0.08,-1.256%,1058377421.00,China,2017,5602522,Finance,Finance: Consumer Services
LXEH,Lixiang Education Holding Co. Ltd. American Depositary Shares,$2.88,0.76,35.849%,55200010.00,China,2020,1905667,Real Estate,Other Consumer Services
LXEO,Lexeo Therapeutics Inc. Common Stock,$4.61,-0.12,-2.537%,153038156.00,United States,2023,552831,Health Care,Biotechnology: Biological Products (No Diagnostic Substances)
LXFR,Luxfer Holdings PLC Ordinary Shares,$11.84,-0.18,-1.498%,316886672.00,United Kingdom,2012,188849,Industrials,Major Chemicals
LXP,LXP Industrial Trust Common Stock (Maryland REIT),$7.75,-0.01,-0.129%,2292343011.00,United States,,3954723,Real Estate,Real Estate Investment Trusts
LXP^C,LXP Industrial Trust 6.5% Series C Cumulative Convertible Preferred Stock,$46.78,0.32,0.689%,,United States,,1532,,
LXRX,Lexicon Pharmaceuticals Inc. Common Stock,$1.07,0.00,0.00%,388600460.00,United States,,1138740,Health Care,Biotechnology: Pharmaceutical Preparations
LXU,LSB Industries Inc. Common Stock,$7.55,-0.18,-2.329%,543117155.00,United States,2003,670722,Industrials,Major Chemicals
LYB,LyondellBasell Industries NV Ordinary Shares Class A (Netherlands),$53.42,-4.51,-7.785%,17169188748.00,Netherlands,,10554174,Industrials,Major Chemicals
LYEL,Lyell Immunopharma Inc. Common Stock,$11.02,-0.79,-6.689%,163185020.00,United States,2021,19787,Health Care,Biotechnology: Pharmaceutical Preparations
LYFT,Lyft Inc. Class A Common Stock,$13.62,-0.44,-3.129%,5729060618.00,United States,2019,17518468,Consumer Discretionary,Business Services
LYG,Lloyds Banking Group Plc American Depositary Shares,$4.36,0.14,3.318%,65662763091.00,United Kingdom,,27987598,Finance,Commercial Banks
LYRA,Lyra Therapeutics Inc. Common Stock,$6.58,-0.12,-1.791%,8720770.00,United States,2020,24170,Health Care,Medical/Dental Instruments
LYTS,LSI Industries Inc. Common Stock,$17.99,-0.31,-1.694%,539780235.00,United States,1985,108521,Consumer Discretionary,Building Products
LYV,Live Nation Entertainment Inc. Common Stock,$146.14,-1.56,-1.056%,34209840407.00,United States,,1735926,Consumer Discretionary,Services-Misc. Amusement & Recreation
LZ,LegalZoom.com Inc. Common Stock,$8.67,-0.32,-3.56%,1570868687.00,United States,2021,2263180,Technology,EDP Services
LZB,La-Z-Boy Incorporated Common Stock,$35.41,-0.56,-1.557%,1447588774.00,United States,,475363,Consumer Discretionary,Home Furnishings
LZM,Lifezone Metals Limited Ordinary Shares,$4.19,-0.22,-4.989%,338738757.00,Isle of Man,,249465,Basic Materials,Metal Mining
LZMH,LZ Technology Holdings Limited Class B Ordinary Shares,$5.71,0.06,1.062%,868319700.00,China,2025,122109,Technology,EDP Services
M,Macy's Inc Common Stock,$12.36,-0.27,-2.138%,3356228541.00,United States,,6583359,Consumer Discretionary,Department/Specialty Retail Stores
MA,Mastercard Incorporated Common Stock,$559.89,-6.58,-1.162%,508406783641.00,United States,2006,3316732,Consumer Discretionary,Business Services
MAA,Mid-America Apartment Communities Inc. Common Stock,$140.00,-2.43,-1.706%,16388079960.00,United States,1994,1382653,Real Estate,Real Estate Investment Trusts
MAA^I,Mid-America Apartment Communities Inc. 8.50% Series I Cumulative Redeemable Preferred Stock,$54.00,-0.05,-0.093%,,United States,,621,,
MAAS,Maase Inc. Class A Ordinary Shares,$3.65,-0.09,-2.406%,94597930.00,China,2019,24563,Finance,Investment Managers
MAC,Macerich Company (The) Common Stock,$16.14,-0.57,-3.411%,4077751551.00,United States,1994,2150855,Real Estate,Real Estate Investment Trusts
MACI,Melar Acquisition Corp. I Class A Ordinary Shares,$10.46,-0.01,-0.096%,0.00,United States,2024,965100,,
MACIU,Melar Acquisition Corp. I Unit,$10.49,0.00,0.00%,0.00,United States,2024,100,,
MACIW,Melar Acquisition Corp. I Warrant,$0.185,-0.013,-6.566%,0.00,United States,2024,16888,,
MAG,MAG Silver Corporation Ordinary Shares,$20.33,-0.09,-0.441%,2103413728.00,Canada,,826113,Basic Materials,Precious Metals
MAGN,Magnera Corporation Common Stock,$11.86,-0.59,-4.739%,422216000.00,United States,2000,560434,Basic Materials,Paper
MAIA,MAIA Biotechnology Inc. Common Stock,$1.52,-0.05,-3.185%,46067116.00,,2022,236092,Health Care,Biotechnology: Pharmaceutical Preparations
MAIN,Main Street Capital Corporation Common Stock,$63.99,-0.71,-1.097%,5696988810.00,United States,2007,574786,Finance,Finance/Investors Services
MAMA,Mama's Creations Inc. Common Stock,$8.09,-0.17,-2.058%,304270280.00,United States,,203479,Consumer Staples,Specialty Foods
MAMK,MaxsMaking Inc. Class A Ordinary Shares,$2.66,-0.07,-2.564%,45220000.00,China,2025,46517,Consumer Discretionary,Apparel
MAMO,Massimo Group Common Stock,$2.53,0.04,1.606%,105113151.00,United States,2024,19609,Consumer Discretionary,Industrial Specialties
MAN,ManpowerGroup Common Stock,$39.25,-2.00,-4.848%,1816585574.00,United States,,1013033,Consumer Discretionary,Professional Services
MANH,Manhattan Associates Inc. Common Stock,$214.66,-5.00,-2.276%,12980188388.00,United States,1998,476308,Technology,Computer Software: Prepackaged Software
MANU,Manchester United Ltd. Class A Ordinary Shares,$17.57,-0.02,-0.114%,2974913184.00,United Kingdom,2012,143572,Consumer Discretionary,Services-Misc. Amusement & Recreation
MAPS,WM Technology Inc. Class A Common Stock ,$0.9224,0.0296,3.315%,142393939.00,United States,2019,791010,Technology,Computer Software: Prepackaged Software
MAPSW,WM Technology Inc. Warrants ,$0.018,0.001,5.882%,2778720.00,United States,2019,6472,Technology,Computer Software: Prepackaged Software
MAR,Marriott International Class A Common Stock,$255.35,-8.48,-3.214%,69939373987.00,United States,,2496296,Consumer Discretionary,Hotels/Resorts
MARA,MARA Holdings Inc. Common Stock,$15.50,-0.58,-3.607%,5742097140.00,United States,,43142466,Technology,EDP Services
MARPS,Marine Petroleum Trust Units of Beneficial Interest,$4.481,-0.029,-0.643%,8962000.00,United States,,24872,Energy,Oil & Gas Production
MAS,Masco Corporation Common Stock,$68.83,0.70,1.027%,14519139374.00,United States,,4104873,Industrials,Industrial Specialties
MASI,Masimo Corporation Common Stock,$153.95,0.16,0.104%,8347032908.00,United States,2007,476024,Health Care,Biotechnology: Electromedical & Electrotherapeutic Apparatus
MASK,3 E Network Technology Group Ltd Class A Ordinary Shares,$1.10,-0.04,-3.509%,12320000.00,China,2025,24465,,
MASS,908 Devices Inc. Common Stock,$6.42,-0.13,-1.985%,230228609.00,United States,2020,287651,Industrials,Industrial Machinery/Components
MAT,Mattel Inc. Common Stock,$16.86,-0.15,-0.882%,5432292000.00,United States,,5349731,Consumer Discretionary,Recreational Games/Products/Toys
MATH,Metalpha Technology Holding Limited Ordinary Shares,$3.21,-0.04,-1.231%,126789771.00,China,2017,164996,Finance,Finance/Investors Services
MATV,Mativ Holdings Inc. Common Stock,$6.26,-0.36,-5.438%,342002079.00,United States,,458424,Basic Materials,Paper
MATW,Matthews International Corporation Class A Common Stock,$23.04,-0.45,-1.916%,714438674.00,United States,1994,275755,Telecommunications,Metal Fabrications
MATX,Matson Inc. Common Stock,$108.10,1.32,1.236%,3528907636.00,United States,,1005269,Consumer Discretionary,Marine Transportation
MAV,Pioneer Municipal High Income Advantage Fund Inc.,$8.14,0.03,0.37%,0.00,United States,,83103,Finance,Finance Companies
MAX,MediaAlpha Inc. Class A Common Stock,$9.86,-0.16,-1.597%,665250996.00,United States,2020,445220,Consumer Discretionary,Business Services
MAXN,Maxeon Solar Technologies Ltd. Ordinary Shares,$4.18,0.31,8.01%,70628327.00,Singapore,,137812,Technology,Semiconductors
MAYA,Maywood Acquisition Corp. Class A Ordinary Shares,$10.15,-0.03,-0.295%,0.00,United States,2025,59506,,
MAYAR,Maywood Acquisition Corp. Right,$0.23,0.00,0.00%,0.00,United States,2025,156,Finance,Blank Checks
MAYS,J. W. Mays Inc. Common Stock,$40.25,0.00,0.00%,81135145.00,United States,,29,Real Estate,Building operators
MAZE,Maze Therapeutics Inc. Common Stock,$14.90,0.15,1.017%,652577773.00,United States,2025,243255,Health Care,Biotechnology: Biological Products (No Diagnostic Substances)
MB,MasterBeef Group Ordinary Shares,$14.63,-0.12,-0.814%,248710000.00,Hong Kong,2025,11608,Consumer Discretionary,Restaurants
MBAV,M3-Brigade Acquisition V Corp. Class A Ordinary shares,$10.58,-0.02,-0.189%,0.00,United States,2024,117412,,
MBAVU,M3-Brigade Acquisition V Corp. Units,$11.50,0.00,0.00%,0.00,United States,2024,3,Finance,Blank Checks
MBAVW,M3-Brigade Acquisition V Corp. Warrant,$1.615,0.015,0.938%,0.00,United States,2024,28467,Finance,Blank Checks
MBBC,Marathon Bancorp Inc. Common Stock,$10.06,0.00,0.00%,29595786.00,United States,,2637,Finance,Banks
MBC,MasterBrand Inc. Common Stock,$11.05,0.02,0.181%,1400449596.00,United States,2022,794247,Consumer Discretionary,Home Furnishings
MBCN,Middlefield Banc Corp. Common Stock,$27.07,-0.78,-2.801%,218757895.00,United States,,13794,Finance,Major Banks
MBI,MBIA Inc. Common Stock,$5.60,0.27,5.066%,282079050.00,United States,1987,1274402,Finance,Property-Casualty Insurers
MBIN,Merchants Bancorp Common Stock,$29.18,-0.12,-0.41%,1338828181.00,United States,2017,409101,Finance,Major Banks
MBINL,Merchants Bancorp Depositary Shares Each Representing a 1/40thInterest in a Share of 7.25% Fixed Rate Series E Non-CumulativePerpetual Preferred Stock without par value,$22.84,-0.06,-0.262%,1047938165.00,United States,,68811,Finance,Major Banks
MBINM,Merchants Bancorp Depositary Shares Each Representing a 1/40th Interest in a Share of 8.25% Fixed-Rate Reset Series D Non-Cumulative Perpetual Preferred Stock,$25.25,0.19,0.758%,1158513077.00,United States,,4603,Finance,Major Banks
MBINN,Merchants Bancorp Depositary Shares Preferred Series C,$19.83,0.06,0.303%,909834230.00,United States,,8315,Finance,Major Banks
MBIO,Mustang Bio Inc. Common Stock,$1.47,-0.06,-3.922%,6435420.00,United States,,180722,Health Care,Biotechnology: Pharmaceutical Preparations
MBLY,Mobileye Global Inc. Class A Common Stock,$13.93,-0.31,-2.177%,3008962716.00,Israel,2022,6561836,Technology,Computer Software: Prepackaged Software
MBNKO,Medallion Bank Fixed-Rate Reset Non-Cumulative Perpetual Preferred Stock Series G par value $1.00 per share,$25.40,0.00,0.00%,25400000.00,United States,,49,Finance,Commercial Banks
MBOT,Microbot Medical Inc. Common Stock,$2.55,0.02,0.791%,92763421.00,Israel,,1493517,Health Care,Biotechnology: Biological Products (No Diagnostic Substances)
MBRX,Moleculin Biotech Inc. Common Stock,$0.6651,0.0371,5.908%,9396196.00,United States,2016,2129992,Health Care,Biotechnology: Pharmaceutical Preparations
MBUU,Malibu Boats Inc. Class A Common Stock,$32.43,-0.88,-2.642%,622358941.00,United States,2014,142084,Industrials,Marine Transportation
MBWM,Mercantile Bank Corporation Common Stock,$44.44,-1.25,-2.736%,721492644.00,United States,1998,110555,Finance,Major Banks
MBX,MBX Biosciences Inc. Common Stock,$13.75,0.50,3.774%,459585101.00,United States,2024,513171,Health Care,Biotechnology: Pharmaceutical Preparations
MC,Moelis & Company Class A Common Stock,$68.58,-1.56,-2.224%,5383697952.00,United States,2014,1087355,Finance,Investment Managers
MCB,Metropolitan Bank Holding Corp. Common Stock,$68.76,-1.78,-2.523%,732989095.00,United States,2017,110529,Finance,Major Banks
MCBS,MetroCity Bankshares Inc. Common Stock,$26.90,-0.70,-2.536%,683300565.00,United States,2019,55491,Finance,Major Banks
MCD,McDonald's Corporation Common Stock,$302.89,2.82,0.94%,216576262681.00,United States,,3344325,Consumer Discretionary,Restaurants
MCFT,MasterCraft Boat Holdings Inc. Common Stock,$19.02,-0.32,-1.655%,315829573.00,United States,2015,96803,Industrials,Marine Transportation
MCHP,Microchip Technology Incorporated Common Stock,$66.36,-1.23,-1.82%,35794547237.00,United States,1993,11541679,Technology,Semiconductors
MCHPP,Microchip Technology Incorporated Depositary Shares Each Representing a 1/20th Interest in a Share of 7.50% Series A Mandatory Convertible Preferred Stock,$61.83,-1.08,-1.717%,33351067746.00,United States,,29941,Technology,Semiconductors
MCHX,Marchex Inc. Class B Common Stock,$1.925,-0.015,-0.773%,84510830.00,United States,2004,2649,Consumer Discretionary,Business Services
MCI,Barings Corporate Investors Common Stock,$20.66,-0.32,-1.525%,418607115.00,United States,,16686,Finance,Trusts Except Educational Religious and Charitable
MCK,McKesson Corporation Common Stock,$698.80,5.26,0.758%,87428430517.00,United States,,961015,Health Care,Other Pharmaceuticals
MCN,XAI Madison Equity Premium Income Fund Common Shares,$6.14,-0.04,-0.647%,0.00,United States,2004,87772,,
MCO,Moody's Corporation Common Stock,$501.28,-14.45,-2.802%,89929632000.00,United States,,1115734,Finance,Finance: Consumer Services
MCR,MFS Charter Income Trust Common Stock,$6.37,0.04,0.632%,280333381.00,United States,1989,91988,Finance,Trusts Except Educational Religious and Charitable
MCRB,Seres Therapeutics Inc. Common Stock,$13.99,-0.27,-1.893%,122166584.00,United States,2015,47064,Health Care,Biotechnology: Pharmaceutical Preparations
MCRI,Monarch Casino & Resort Inc. Common Stock,$101.50,-1.46,-1.418%,1854146277.00,United States,1993,144480,Consumer Discretionary,Hotels/Resorts
MCRP,Micropolis Holding Company Ordinary Shares,$1.68,-0.01,-0.592%,58612591.00,,2025,55846,,
MCS,Marcus Corporation (The) Common Stock,$14.87,-1.50,-9.163%,465394925.00,United States,,555091,Consumer Discretionary,Movies/Entertainment
MCTR,CTRL Group Limited Ordinary Shares,$1.86,-0.20,-9.709%,27900000.00,Hong Kong,2025,117612,,
MCVT,Mill City Ventures III Ltd. Common Stock,$4.91,-0.63,-11.372%,29768215.00,United States,,2537846,Finance,Finance Companies
MCW,Mister Car Wash Inc. Common Stock,$5.71,-0.065,-1.126%,1854761816.00,United States,,2985773,Consumer Discretionary,Automotive Aftermarket
MCY,Mercury General Corporation Common Stock,$68.04,-1.21,-1.747%,3768642181.00,United States,,404861,Finance,Property-Casualty Insurers
MD,Pediatrix Medical Group Inc. Common Stock,$11.98,-0.27,-2.204%,1029150705.00,United States,,572558,Health Care,Hospital/Nursing Management
MDAI,Spectral AI Inc. Class A Common Stock,$2.36,-0.12,-4.839%,60764145.00,United States,2021,402062,Health Care,Medical/Dental Instruments
MDAIW,Spectral AI Inc. Warrants,$0.77,-0.03,-3.75%,19825590.00,United States,2021,7655,Health Care,Medical/Dental Instruments
MDB,MongoDB Inc. Class A Common Stock,$220.97,-16.92,-7.113%,18056411744.00,United States,2017,3019339,Technology,Computer Software: Prepackaged Software
MDBH,MDB Capital Holdings LLC Class A common,$4.275,0.1654,4.025%,42538952.00,United States,2023,1643,Finance,Finance: Consumer Services
MDCX,Medicus Pharma Ltd. Common Stock  ,$2.57,0.11,4.472%,34483132.00,Canada,,169074,,
MDCXW,Medicus Pharma Ltd. Warrant,$0.85,0.00,0.00%,11404927.00,Canada,,8,,
MDGL,Madrigal Pharmaceuticals Inc. Common Stock,$302.17,-0.34,-0.112%,6709165722.00,United States,2007,236787,Health Care,Biotechnology: Pharmaceutical Preparations
MDIA,Mediaco Holding Inc. Class A Common Stock ,$1.26,0.00,0.00%,67638419.00,United States,,83257,Consumer Discretionary,Broadcasting
MDLZ,Mondelez International Inc. Class A Common Stock,$63.93,-0.76,-1.175%,82721930189.00,United States,,10650341,Consumer Staples,Packaged Foods
MDRR,Medalist Diversified REIT Inc. Common Stock,$11.30,0.00,0.00%,15282222.00,United States,2018,176,Real Estate,Real Estate Investment Trusts
MDT,Medtronic plc. Ordinary Shares,$89.34,-0.90,-0.997%,114468188566.00,United States,,6658042,Health Care,Biotechnology: Electromedical & Electrotherapeutic Apparatus
MDU,MDU Resources Group Inc. Common Stock (Holding Company),$17.10,-0.15,-0.87%,3494063007.00,United States,,1366471,Industrials,Mining & Quarrying of Nonmetallic Minerals (No Fuels)
MDV,Modiv Industrial Inc. Class C Common Stock,$14.35,0.00,0.00%,145207894.00,,2022,37354,Real Estate,Real Estate Investment Trusts
MDV^A,Modiv Industrial Inc. 7.375% Series A Cumulative Redeemable Perpetual Preferred Stock,$24.34,0.112,0.462%,,,,863,,
MDWD,MediWound Ltd. Ordinary Shares,$18.53,-0.11,-0.59%,208495224.00,Israel,2014,53903,Health Care, Medicinal Chemicals and Botanical Products 
MDXG,MiMedx Group Inc Common Stock,$7.16,-0.03,-0.417%,1059389419.00,United States,,1297183,Health Care,Biotechnology: Pharmaceutical Preparations
MDXH,MDxHealth SA Ordinary Shares,$2.43,0.04,1.674%,120278522.00,Belgium,2021,192290,Health Care,Medical Specialities
MEC,Mayville Engineering Company Inc. Common Stock,$16.40,-0.37,-2.206%,335560908.00,United States,2019,110629,Industrials,Industrial Specialties
MED,MEDIFAST INC Common Stock,$13.75,-0.02,-0.145%,151126539.00,United States,,201903,Consumer Staples,Packaged Foods
MEDP,Medpace Holdings Inc. Common Stock,$423.09,-4.11,-0.962%,11885878370.00,United States,2016,517813,Health Care,Biotechnology: Commercial Physical & Biological Resarch
MEG,Montrose Environmental Group Inc. Common Stock,$20.57,-2.12,-9.343%,703828077.00,United States,2020,318505,Consumer Discretionary,Professional Services
MEGI,NYLI CBRE Global Infrastructure Megatrends Term Fund Common Shares,$14.35,0.01,0.07%,0.00,United States,2021,125125,Finance,Investment Managers
MEGL,Magic Empire Global Limited Class A Ordinary Shares,$1.3902,0.0202,1.474%,7040042.00,Hong Kong,2022,22414,Finance,Finance: Consumer Services
MEI,Methode Electronics Inc. Common Stock,$6.33,-0.23,-3.506%,222859126.00,United States,,358431,Technology,Electrical Products
MEIP,MEI Pharma Inc. Common Stock,$4.87,-0.28,-5.437%,32448114.00,United States,2003,348525,Health Care,Biotechnology: Pharmaceutical Preparations
MELI,MercadoLibre Inc. Common Stock,$2375.92,2.03,0.086%,120452907210.00,Argentina,2007,375201,Consumer Discretionary,Business Services
MENS,Jyong Biotech Ltd. Ordinary Shares,$19.12,0.06,0.315%,1453648993.00,Taiwan,2025,107411,Health Care,Biotechnology: Pharmaceutical Preparations
MEOH,Methanex Corporation Common Stock,$33.15,-0.29,-0.867%,2234151278.00,Canada,,875630,Industrials,Major Chemicals
MER^K,Bank of America Corporation Income Capital Obligation Notes initially due December 15 2066,$25.20,-0.04,-0.158%,,United States,,51843,,
MERC,Mercer International Inc. Common Stock,$3.02,-0.69,-18.598%,201949737.00,Canada,,3573948,Basic Materials,Paper
MESA,Mesa Air Group Inc. Common Stock,$1.08,-0.03,-2.703%,44641188.00,United States,2018,160422,Consumer Discretionary,Air Freight/Delivery Services
MESO,Mesoblast Limited American Depositary Shares,$15.17,-0.09,-0.59%,1732086495.00,Australia,2015,166298,Health Care,Biotechnology: Biological Products (No Diagnostic Substances)
MET,MetLife Inc. Common Stock,$74.01,-1.94,-2.554%,49682752102.00,United States,2000,4383242,Finance,Life Insurance
MET^A,MetLife Inc. Preferred Series A Floating Rate,$23.83,-0.09,-0.376%,,United States,,31808,,
MET^E,MetLife Inc. Depositary Shares ,$24.08,-0.02,-0.083%,,United States,,24680,,
MET^F,MetLife Inc. Depositary Shares each representing a 1/1000th interest in a share of 4.75% Non-Cumulative Preferred Stock Series F,$20.19,-0.06,-0.296%,,United States,,40202,,
META,Meta Platforms Inc. Class A Common Stock,$750.01,-23.43,-3.029%,1885770580022.00,United States,2012,18990823,Technology,Computer Software: Programming Data Processing
METC,Ramaco Resources Inc. Class A Common Stock,$18.96,-1.39,-6.83%,1108489271.00,United States,2017,3925868,Energy,Coal Mining
METCB,Ramaco Resources Inc. Class B Common Stock,$12.64,-0.94,-6.922%,738992847.00,United States,,115844,Energy,Coal Mining
METCI,Ramaco Resources Inc. 8.250% Senior Notes due 2030,$24.75,24.75,,0.00,United States,,51398,,
METCL,Ramaco Resources Inc. 9.00% Senior Notes due 2026,$25.26,0.04,0.159%,1476816402.00,United States,,21717,Energy,Coal Mining
METCZ,Ramaco Resources Inc. 8.375% Senior Notes due 2029,$25.30,0.015,0.059%,0.00,United States,,8721,Energy,Coal Mining
MFA,MFA Financial Inc.,$9.13,0.04,0.44%,937220630.00,United States,,2166495,Real Estate,Real Estate Investment Trusts
MFA^B,MFA Financial Inc. Preferred Series B,$21.872,-0.098,-0.446%,,United States,,14823,,
MFA^C,MFA Financial Inc. 6.50% Series C Fixed-to-Floating Rate Cumulative Redeemable Preferred Stock,$24.48,-0.05,-0.204%,,United States,,19359,,
MFAN,MFA Financial Inc. 8.875% Senior Notes due 2029,$24.92,-0.36,-1.424%,2558109321.00,United States,2024,47727,Real Estate,Real Estate Investment Trusts
MFAO,MFA Financial Inc. 9.000% Senior Notes due 2029,$25.00,-0.52,-2.038%,2566321550.00,United States,2024,28382,Real Estate,Real Estate Investment Trusts
MFC,Manulife Financial Corporation Common Stock,$30.45,-0.51,-1.647%,52470526256.00,Canada,,2277381,Finance,Life Insurance
MFG,Mizuho Financial Group Inc. Sponosred ADR (Japan),$5.84,-0.06,-1.017%,73375121596.00,Japan,,3023513,Finance,Major Banks
MFH,Mercurity Fintech Holding Inc. Ordinary Shares,$4.125,0.005,0.121%,262707072.00,China,2015,293935,Finance,Finance: Consumer Services
MFI,mF International Limited Class A Ordinary Shares,$24.50,0.38,1.575%,40583246.00,Hong Kong,2024,45218,Technology,EDP Services
MFIC,MidCap Financial Investment Corporation Common Stock,$12.35,-0.25,-1.984%,1152299732.00,United States,2004,361720,Finance,Finance/Investors Services
MFICL,MidCap Financial Investment Corporation 8.00% Notes due 2028,$25.44,0.01,0.039%,2373644144.00,United States,,3092,Finance,Finance/Investors Services
MFIN,Medallion Financial Corp. Common Stock,$10.14,-0.07,-0.686%,235617907.00,United States,,67640,Finance,Finance: Consumer Services
MFM,MFS Municipal Income Trust Common Stock,$5.12,-0.01,-0.195%,210880671.00,United States,1986,131056,Finance,Finance Companies
MG,Mistras Group Inc Common Stock,$7.83,-0.11,-1.385%,245312444.00,United States,2009,69983,Consumer Discretionary,Military/Government/Technical
MGA,Magna International Inc. Common Stock,$41.32,0.32,0.78%,11842261920.00,Canada,,3740254,Consumer Discretionary,Auto Parts:O.E.M.
MGEE,MGE Energy Inc,$83.96,-0.98,-1.154%,3067849871.00,United States,,155051,Energy,Electric Utilities: Central
MGF,MFS Government Markets Income Trust Common Stock,$3.08,0.01,0.326%,100399970.00,United States,1987,76501,Finance,Trusts Except Educational Religious and Charitable
MGIC,Magic Software Enterprises Ltd. Ordinary Shares,$20.60,-0.11,-0.531%,1011445683.00,Israel,1991,59889,Technology,Computer Software: Prepackaged Software
MGIH,Millennium Group International Holdings Limited Ordinary Shares,$1.52,-0.0099,-0.647%,17100000.00,Hong Kong,2023,9710,Consumer Discretionary,Publishing
MGLD,The Marygold Companies Inc. Common Stock,$0.8228,-0.0102,-1.224%,35246079.00,,2022,8493,Finance,Finance: Consumer Services
MGM,MGM Resorts International Common Stock,$35.75,-0.70,-1.92%,9730829752.00,United States,,7649796,Consumer Discretionary,Hotels/Resorts
MGNI,Magnite Inc. Common Stock,$22.19,-0.82,-3.564%,3131243304.00,United States,,2310316,Technology,Computer Software: Programming Data Processing
MGNX,MacroGenics Inc. Common Stock,$1.58,0.02,1.282%,99682710.00,United States,2013,1046457,Health Care,Biotechnology: Pharmaceutical Preparations
MGPI,MGP Ingredients Inc.,$27.93,-0.35,-1.238%,594120145.00,United States,,299363,Consumer Staples,Beverages (Production/Distribution)
MGR,Affiliated Managers Group Inc. 5.875% Junior Subordinated Notes due 2059,$21.16,-0.11,-0.517%,601555291.00,United States,2019,23928,Finance,Investment Managers
MGRB,Affiliated Managers Group Inc. 4.750% Junior Subordinated Notes due 2060,$17.32,-0.10,-0.574%,492388357.00,United States,2020,8724,Finance,Investment Managers
MGRC,McGrath RentCorp Common Stock,$120.01,-4.78,-3.83%,2953629835.00,United States,1984,238995,Consumer Discretionary,Diversified Commercial Services
MGRD,Affiliated Managers Group Inc. 4.200% Junior Subordinated Notes due 2061,$15.56,0.04,0.258%,442353513.00,United States,2021,10482,Finance,Investment Managers
MGRE,Affiliated Managers Group Inc. 6.750% Junior Subordinated Notes due 2064,$24.34,0.04,0.165%,691959158.00,United States,2024,13023,Finance,Investment Managers
MGRM,Monogram Technologies Inc. Common Stock,$5.39,0.03,0.56%,192357943.00,United States,2023,231155,Health Care,Medical/Dental Instruments
MGRT,Mega Fortune Company Limited Ordinary Shares,$3.26,0.80,32.52%,44825000.00,Hong Kong,2025,901487,Technology,EDP Services
MGRX,Mangoceuticals Inc. Common Stock,$1.71,0.03,1.786%,18868179.00,United States,2023,54069,Health Care,Misc Health and Biotechnology Services
MGTX,MeiraGTx Holdings plc Ordinary Shares,$7.65,0.00,0.00%,614794996.00,United States,2018,513206,Health Care,Biotechnology: Biological Products (No Diagnostic Substances)
MGX,Metagenomi Inc. Common Stock,$2.25,-0.05,-2.174%,84108364.00,United States,2024,317557,Health Care,Biotechnology: Biological Products (No Diagnostic Substances)
MGY,Magnolia Oil & Gas Corporation Class A Common Stock,$23.45,-0.37,-1.553%,4513478038.00,United States,2017,3700494,Energy,Oil & Gas Production
MGYR,Magyar Bancorp Inc. Common Stock,$16.88,0.00,0.00%,109229602.00,United States,2006,151,Finance,Savings Institutions
MH,McGraw Hill Inc. Common Stock,$15.32,-0.77,-4.786%,0.00,,2025,1236641,Consumer Discretionary,Publishing
MHD,Blackrock MuniHoldings Fund Inc. Common Stock,$11.14,0.02,0.18%,1657213927.00,United States,1997,106552,Finance,Investment Bankers/Brokers/Service
MHF,Western Asset Municipal High Income Fund Inc. Common Stock,$6.83,0.05,0.737%,0.00,United States,1988,101830,Finance,Finance/Investors Services
MHH,Mastech Digital Inc Common Stock,$7.3487,0.1287,1.783%,86454876.00,United States,,5827,Consumer Discretionary,Professional Services
MHI,Pioneer Municipal High Income Fund Inc.,$9.01,0.03,0.334%,0.00,United States,2003,50534,Finance,Investment Managers
MHK,Mohawk Industries Inc. Common Stock,$116.68,2.17,1.895%,7249551375.00,United States,,939440,Consumer Discretionary,Home Furnishings
MHLA,Maiden Holdings Ltd. 6.625% Notes due 2046,$15.14,0.25,1.679%,117907489.00,Bermuda,2016,1794,Finance,Property-Casualty Insurers
MHN,Blackrock MuniHoldings New York Quality Fund Inc. Common Stock,$9.58,0.07,0.736%,1425144472.00,United States,1997,81029,Finance,Investment Bankers/Brokers/Service
MHNC,Maiden Holdings North America Ltd. 7.75% Notes due 2043,$17.10,0.05,0.293%,133171602.00,Bermuda,2013,5961,Finance,Property-Casualty Insurers
MHO,M/I Homes Inc. Common Stock,$122.64,2.45,2.038%,3236556552.00,United States,1993,474084,Consumer Discretionary,Homebuilding
MHUA,Meihua International Medical Technologies Co. Ltd. Ordinary Shares,$0.3691,-0.0101,-2.664%,11775939.00,China,2022,63829,Health Care,Medical/Dental Instruments
MI,NFT Limited Class A Ordinary Share,$3.13,0.08,2.623%,15853920.00,,2023,20285,Consumer Discretionary,Other Specialty Stores
MIDD,Middleby Corporation (The) Common Stock,$141.73,-3.47,-2.39%,7579935971.00,United States,,835777,Industrials,Industrial Machinery/Components
MIGI,Mawson Infrastructure Group Inc. Common Stock,$0.4165,0.0104,2.561%,8245414.00,Australia,,261238,Finance,Finance: Consumer Services
MIMI,Mint Incorporation Limited Class A Ordinary Shares,$8.30,-0.75,-8.287%,207603750.00,Hong Kong,2025,269786,,
MIN,MFS Intermediate Income Trust Common Stock,$2.68,-0.01,-0.372%,307926026.00,United States,1988,132161,Finance,Trusts Except Educational Religious and Charitable
MIND,MIND Technology Inc. Common Stock (DE),$8.94,-0.51,-5.397%,71246624.00,United States,1994,227988,Industrials,Industrial Machinery/Components
MIO,Pioneer Municipal High Income Opportunities Fund Inc. Common Stock,$11.48,0.03,0.262%,0.00,,2021,100418,Finance,Investment Managers
MIR,Mirion Technologies Inc. Class A Common Stock,$19.86,-2.49,-11.141%,4606070438.00,United States,2020,11246858,Industrials,Industrial Machinery/Components
MIRA,MIRA Pharmaceuticals Inc. Common Stock,$1.54,-0.11,-6.667%,26056219.00,United States,2023,347588,Health Care,Biotechnology: Pharmaceutical Preparations
MIRM,Mirum Pharmaceuticals Inc. Common Stock,$52.02,0.34,0.658%,2576795562.00,United States,2019,337696,Health Care,Biotechnology: Pharmaceutical Preparations
MIST,Milestone Pharmaceuticals Inc. Common Shares,$1.43,-0.02,-1.379%,76453910.00,Canada,2019,671601,Health Care,Biotechnology: Pharmaceutical Preparations
MITK,Mitek Systems Inc. Common Stock,$8.80,-0.22,-2.439%,400965004.00,United States,,612366,Technology,Computer peripheral equipment
MITN,AG Mortgage Investment Trust Inc. 9.500% Senior Notes due 2029,$25.03,-0.50,-1.958%,738209390.00,United States,2024,10550,Real Estate,Real Estate Investment Trusts
MITP,AG Mortgage Investment Trust Inc. 9.500% Senior Notes due 2029,$24.95,-0.46,-1.81%,735849951.00,United States,2024,20655,Real Estate,Real Estate Investment Trusts
MITQ,Moving iMage Technologies Inc. Common Stock,$0.7469,0.0167,2.287%,7419465.00,United States,2021,57181,Consumer Discretionary,Industrial Machinery/Components
MITT,AG Mortgage Investment Trust Inc. Common Stock,$6.97,-0.59,-7.804%,206844104.00,United States,2011,631529,Real Estate,Real Estate Investment Trusts
MITT^A,AG Mortgage Investment Trust Inc. 8.25% Preferred Series A,$22.11,0.01,0.045%,,United States,,3580,,
MITT^B,AG Mortgage Investment Trust Inc. Preferred Series B,$21.64,-0.0944,-0.434%,,United States,,14283,,
MITT^C,AG Mortgage Investment Trust Inc. 8.00% Series C Fixed-to-Floating Rate Cumulative Redeemable Preferred Stock $0.01 par value per share,$25.27,-0.01,-0.04%,,United States,,4227,,
MIY,Blackrock MuniYield Michigan Quality Fund Inc. Common Stock,$11.03,0.12,1.10%,1640850055.00,United States,1992,73054,Finance,Investment Bankers/Brokers/Service
MJID,Majestic Ideal Holdings Ltd Ordinary Shares,$1.60,-0.14,-8.046%,0.00,Hong Kong,2025,297621,,
MKC,McCormick & Company Incorporated Common Stock,$70.28,-0.35,-0.496%,18860966503.00,United States,,1401903,Consumer Staples,Packaged Foods
MKDW,MKDWELL Tech Inc. Ordinary Share,$0.2048,-0.0058,-2.754%,29413241.00,Taiwan,,314624,Technology,Consumer Electronics/Appliances
MKDWW,MKDWELL Tech Inc. Warrants,$0.0154,0.0005,3.356%,2211738.00,Taiwan,,12595,Technology,Consumer Electronics/Appliances
MKL,Markel Group Inc. Common Stock,$1929.87,-78.42,-3.905%,24416717170.00,United States,1986,94305,Finance,Property-Casualty Insurers
MKSI,MKS Inc. Common Stock,$92.75,-2.43,-2.553%,6220946365.00,United States,1999,1473047,Industrials,Industrial Machinery/Components
MKTW,MarketWise Inc. Class A Common Stock,$18.52,0.12,0.652%,301600219.00,United States,,15606,Technology,Computer Software: Prepackaged Software
MKTX,MarketAxess Holdings Inc. Common Stock,$207.75,2.25,1.095%,7790970073.00,United States,2004,416260,Finance,Investment Bankers/Brokers/Service
MKZR,MacKenzie Realty Capital Inc. Common Stock,$0.5014,-0.0726,-12.648%,7913060.00,United States,,102595,,
MLAB,Mesa Laboratories Inc. Common Stock,$74.91,-1.57,-2.053%,408666786.00,United States,,119010,Industrials,Industrial Machinery/Components
MLAC,Mountain Lake Acquisition Corp. Class A Ordinary Shares,$10.29,0.00,0.00%,0.00,United States,2025,2,Consumer Discretionary,Auto Manufacturing
MLCO,Melco Resorts & Entertainment Limited American Depositary Shares,$8.81,0.16,1.85%,3748773591.00,Hong Kong,2006,3605188,Consumer Discretionary,Hotels/Resorts
MLEC,Moolec Science SA Ordinary Shares,$3.20,0.00,0.00%,12840589.00,Luxembourg,,35271,Finance,Blank Checks
MLECW,Moolec Science SA Warrant,$0.0187,0.00,0.00%,75037.00,Luxembourg,,22862,Finance,Blank Checks
MLGO,MicroAlgo Inc. Class A Ordinary Shares,$9.11,-0.11,-1.193%,113305689.00,United States,2021,485381,Technology,EDP Services
MLI,Mueller Industries Inc. Common Stock,$83.34,-2.03,-2.378%,9225800672.00,United States,,1050374,Industrials,Metal Fabrications
MLKN,MillerKnoll Inc. Common Stock,$18.21,-0.77,-4.057%,1234758277.00,United States,,419792,Consumer Discretionary,Office Equipment/Supplies/Services
MLM,Martin Marietta Materials Inc. Common Stock,$577.86,2.98,0.518%,34836527600.00,United States,1994,393100,Industrials,Mining & Quarrying of Nonmetallic Minerals (No Fuels)
MLNK,MeridianLink Inc. Common Stock,$15.57,-0.41,-2.566%,1201854715.00,United States,2021,281344,Technology,Computer Software: Prepackaged Software
MLP,Maui Land & Pineapple Company Inc. Common Stock,$16.41,-0.60,-3.527%,323960575.00,United States,1998,16350,Finance,Real Estate
MLR,Miller Industries Inc. Common Stock,$40.19,-0.56,-1.374%,460548383.00,United States,,107453,Consumer Discretionary,Construction/Ag Equipment/Trucks
MLSS,Milestone Scientific Inc. Common Stock,$0.4307,-0.0504,-10.476%,33800182.00,United States,2015,301485,Health Care,Industrial Specialties
MLTX,MoonLake Immunotherapeutics Class A Ordinary Shares,$52.92,2.48,4.917%,3397653083.00,United States,2020,957582,Health Care,Biotechnology: Pharmaceutical Preparations
MLYS,Mineralys Therapeutics Inc. Common Stock,$13.665,-0.485,-3.428%,890620297.00,United States,2023,1107843,Health Care,Biotechnology: Pharmaceutical Preparations
MMA,Mixed Martial Arts Group Limited Ordinary Shares,$1.02,0.04,4.082%,10488340.00,,2024,727171,Consumer Discretionary,Other Consumer Services
MMC,Marsh & McLennan Companies Inc. Common Stock,$197.78,-1.42,-0.713%,97233403225.00,United States,,3514401,Finance,Specialty Insurers
MMD,NYLI MacKay DefinedTerm Muni Opportunities Fund Common Shares,$14.66,0.08,0.549%,0.00,United States,2012,49091,Finance,Investment Managers
MMI,Marcus & Millichap Inc. Common Stock,$30.69,-0.47,-1.508%,1196200294.00,United States,2013,131212,Finance,Real Estate
MMLP,Martin Midstream Partners L.P. Limited Partnership,$2.92,-0.01,-0.341%,114040851.00,United States,2002,4464,Energy,Oil Refining/Marketing
MMM,3M Company Common Stock,$144.41,-4.81,-3.223%,76917055266.00,United States,,4074408,Health Care,Medical/Dental Instruments
MMS,Maximus Inc. Common Stock,$72.91,-0.95,-1.286%,4108434681.00,United States,1997,518059,Consumer Discretionary,Business Services
MMSI,Merit Medical Systems Inc. Common Stock,$84.78,-0.08,-0.094%,5020596739.00,United States,,699324,Health Care,Medical/Dental Instruments
MMT,MFS Multimarket Income Trust Common Stock,$4.65,0.01,0.216%,276899618.00,United States,1987,67236,Finance,Trusts Except Educational Religious and Charitable
MMU,Western Asset Managed Municipals Fund Inc. Common Stock,$9.90,-0.03,-0.302%,0.00,United States,1992,253027,Finance,Investment Managers
MMYT,MakeMyTrip Limited Ordinary Shares,$91.77,-1.82,-1.945%,10210552559.00,India,2010,802500,Consumer Discretionary,Transportation Services
MNDO,MIND C.T.I. Ltd. Ordinary Shares,$1.41,0.005,0.356%,28716520.00,Israel,,35992,Technology,EDP Services
MNDR,Mobile-health Network Solutions Class A Ordinary Shares,$0.9449,-0.0251,-2.588%,4073902.00,Singapore,2024,63335,Technology,Computer Software: Prepackaged Software
MNDY,monday.com Ltd. Ordinary Shares,$250.54,-11.75,-4.48%,12720751852.00,Israel,2021,1190291,Technology,Computer Software: Prepackaged Software
MNKD,MannKind Corporation Common Stock,$3.75,-0.03,-0.794%,1139748195.00,United States,2004,2545714,Health Care,Biotechnology: Pharmaceutical Preparations
MNMD,Mind Medicine (MindMed) Inc. Common Shares,$8.44,-0.65,-7.151%,637669565.00,United States,,1599025,Health Care, Medicinal Chemicals and Botanical Products 
MNOV,Medicinova Inc Common Stock,$1.43,0.105,7.925%,70136132.00,United States,,68485,Health Care,Biotechnology: Pharmaceutical Preparations
MNPR,Monopar Therapeutics Inc. Common Stock,$40.69,-0.49,-1.19%,248828058.00,United States,2019,35807,Health Care,Biotechnology: Pharmaceutical Preparations
MNR,Mach Natural Resources LP Common Units representing Limited Partner Interests,$14.69,-0.36,-2.392%,1738361231.00,United States,2023,328398,Energy,Oil & Gas Production
MNRO,Monro Inc. Common Stock,$14.09,-0.005,-0.035%,422403293.00,United States,1991,1682637,Consumer Discretionary,Automotive Aftermarket
MNSB,MainStreet Bancshares Inc. Common Stock,$19.92,-0.28,-1.386%,153464417.00,United States,,24218,Finance,Major Banks
MNSBP,MainStreet Bancshares Inc. Depositary Shares,$24.255,0.145,0.601%,186861417.00,United States,,560,Finance,Major Banks
MNSO,MINISO Group Holding Limited American Depositary Shares each representing four Ordinary Shares,$18.56,-0.55,-2.878%,5799405300.00,China,2020,732466,Consumer Discretionary,Department/Specialty Retail Stores
MNST,Monster Beverage Corporation,$59.02,0.27,0.46%,57559028304.00,United States,,12248441,Consumer Staples,Beverages (Production/Distribution)
MNTK,Montauk Renewables Inc. Common Stock,$2.06,-0.11,-5.069%,293415072.00,United States,2021,123831,Utilities,Natural Gas Distribution
MNTN,MNTN Inc. Class A Common Stock,$27.72,-0.44,-1.563%,2143351786.00,,2025,376992,Consumer Discretionary,Advertising
MNTS,Momentus Inc. Class A Common Stock,$1.15,-0.02,-1.709%,6367108.00,United States,2019,158383,Industrials,Military/Government/Technical
MNTSW,Momentus Inc. Warrant,$0.0199,-0.0021,-9.545%,110179.00,United States,2019,19816,Industrials,Military/Government/Technical
MNY,MoneyHero Limited Class A Ordinary Shares,$1.67,-0.03,-1.765%,72150732.00,Singapore,,130916,Consumer Discretionary,Business Services
MNYWW,MoneyHero Limited Warrants,$0.08,-0.006,-6.977%,3456322.00,Singapore,,4446,Consumer Discretionary,Business Services
MO,Altria Group Inc.,$61.78,-0.16,-0.258%,103783663076.00,United States,,9687982,Health Care, Medicinal Chemicals and Botanical Products 
MOB,Mobilicom Limited American Depositary Shares,$3.20,-0.30,-8.571%,23986934.00,Israel,2022,199811,Industrials,Aerospace
MOBBW,Mobilicom Limited Warrants,$0.65,0.0215,3.421%,1339895144.00,Israel,2022,23253,Industrials,Aerospace
MOBX,Mobix Labs Inc. Class A Common Stock,$0.8189,-0.0641,-7.259%,43655353.00,United States,2021,219307,Technology,Semiconductors
MOBXW,Mobix Labs Inc Warrants,$0.0885,-0.0155,-14.904%,4717913.00,United States,2021,550,Technology,Semiconductors
MOD,Modine Manufacturing Company Common Stock,$133.70,-0.86,-0.639%,7004794757.00,United States,,1996079,Consumer Discretionary,Auto Parts:O.E.M.
MODD,Modular Medical Inc. Common Stock,$0.715,-0.004,-0.556%,38786882.00,United States,,39639,Health Care,Medical/Dental Instruments
MODG,Topgolf Callaway Brands Corp. Common Stock,$8.12,-1.13,-12.216%,1492068059.00,United States,,5345017,Consumer Discretionary,Recreational Games/Products/Toys
MODV,ModivCare Inc. Common Stock,$2.70,-0.19,-6.574%,38755314.00,United States,2003,257606,Consumer Discretionary,Transportation Services
MOFG,MidWestOne Financial Gp Common Stock,$26.73,-0.81,-2.941%,556439559.00,United States,,194580,Finance,Major Banks
MOGO,Mogo Inc. Common Shares,$1.55,-0.06,-3.727%,37931600.00,Canada,,215730,Finance,Finance: Consumer Services
MOGU,MOGU Inc. American Depositary Shares (each  representing 25 Class A Ordinary Shares),$2.2328,0.0128,0.577%,18344709.00,,2018,13059,Consumer Discretionary,Business Services
MOH,Molina Healthcare Inc Common Stock,$155.13,-2.74,-1.736%,8408046000.00,United States,2003,2007160,Health Care,Medical Specialities
MOLN,Molecular Partners AG American Depositary Shares,$3.53,-0.17,-4.595%,142481725.00,Switzerland,2021,424,Health Care,Biotechnology: Biological Products (No Diagnostic Substances)
MOMO,Hello Group Inc. American Depositary Shares,$8.02,-0.21,-2.552%,1288569133.00,China,2014,656478,Technology,Computer Software: Prepackaged Software
MORN,Morningstar Inc. Common Stock,$272.42,-4.04,-1.461%,11509525157.00,United States,2005,542671,Finance,Investment Managers
MOS,Mosaic Company (The) Common Stock,$35.32,-0.69,-1.916%,11204591821.00,United States,,4253131,Industrials,Agricultural Chemicals
MOV,Movado Group Inc. Common Stock,$15.10,-0.41,-2.643%,335777613.00,United States,,97970,Consumer Discretionary,Consumer Specialties
MOVE,Movano Inc. Common Stock,$0.631,-0.021,-3.221%,4440317.00,United States,2021,17926,Health Care,Biotechnology: Electromedical & Electrotherapeutic Apparatus
MP,MP Materials Corp. Common Stock,$63.69,2.19,3.561%,10410531620.00,United States,2020,15442021,Basic Materials,Metal Mining
MPA,Blackrock MuniYield Pennsylvania Quality Fund Common Stock,$10.77,0.11,1.032%,0.00,United States,1992,41248,Finance,Finance Companies
MPAA,Motorcar Parts  of America Inc. Common Stock,$10.15,-0.22,-2.122%,197272416.00,United States,,181361,Consumer Discretionary,Auto Parts:O.E.M.
MPB,Mid Penn Bancorp Common Stock,$27.11,-0.34,-1.239%,525586396.00,United States,,208637,Finance,Major Banks
MPC,Marathon Petroleum Corporation Common Stock,$165.53,-4.66,-2.738%,50853104949.00,United States,,1385293,Energy,Integrated oil Companies
MPLX,MPLX LP Common Units Representing Limited Partner Interests,$51.85,-0.65,-1.238%,52928593603.00,United States,2012,1331413,Energy,Natural Gas Distribution
MPTI,M-tron Industries Inc. Common Stock,$42.71,-1.27,-2.888%,124599122.00,United States,2022,51842,Technology,Industrial Machinery/Components
MPU,Mega Matrix Inc. Class A Ordinary Shares,$3.66,-0.27,-6.87%,141099680.00,United States,1998,1326338,Consumer Discretionary,Diversified Commercial Services
MPV,Barings Participation Investors Common Stock,$19.05,0.12,0.634%,201962385.00,United States,1988,12866,Finance,Finance Companies
MPW,Medical Properties Trust Inc. common stock,$4.06,-0.06,-1.456%,2439248000.00,United States,2005,9252693,Real Estate,Real Estate Investment Trusts
MPWR,Monolithic Power Systems Inc. Common Stock,$785.62,74.38,10.458%,37615485600.00,United States,2004,1524099,Technology,Semiconductors
MPX,Marine Products Corporation Common Stock,$8.47,-0.12,-1.397%,296416544.00,United States,2001,18850,Industrials,Marine Transportation
MQ,Marqeta Inc. Class A Common Stock,$5.53,-0.17,-2.982%,2589527880.00,United States,2021,4980824,Technology,Computer Software: Prepackaged Software
MQT,Blackrock MuniYield Quality Fund II Inc. Common Stock,$9.52,0.08,0.847%,1416218724.00,United States,1992,59084,Finance,Investment Bankers/Brokers/Service
MQY,Blackrock MuniYield Quality Fund Inc. Common Stock,$11.07,0.11,1.004%,1646800554.00,United States,1992,157663,Finance,Investment Bankers/Brokers/Service
MRAM,Everspin Technologies Inc. Common Stock,$6.01,-0.05,-0.825%,135029350.00,United States,2016,54700,Technology,Semiconductors
MRBK,Meridian Corporation Common Stock,$14.41,-0.32,-2.172%,162620856.00,United States,2017,53343,Finance,Major Banks
MRC,MRC Global Inc. Common Stock,$13.87,-0.81,-5.518%,1193742771.00,United States,2012,718516,Industrials,Industrial Machinery/Components
MRCC,Monroe Capital Corporation Common Stock,$6.30,-0.01,-0.158%,136497942.00,United States,2012,50237,Finance,Investment Managers
MRCY,Mercury Systems Inc Common Stock,$52.17,-0.42,-0.799%,3117416263.00,United States,1998,463819,Technology,Electrical Products
MREO,Mereo BioPharma Group plc American Depositary Shares,$1.66,-0.03,-1.775%,257541708.00,United Kingdom,,1035288,Health Care,Biotechnology: Pharmaceutical Preparations
MRK,Merck & Company Inc. Common Stock (new),$79.29,1.17,1.498%,199099668050.00,United States,,11898838,Health Care,Biotechnology: Pharmaceutical Preparations
MRKR,Marker Therapeutics Inc. Common Stock,$1.35,-0.05,-3.571%,15275027.00,United States,,193402,Health Care,Biotechnology: Pharmaceutical Preparations
MRM,MEDIROM Healthcare Technologies Inc. American Depositary Share,$1.245,0.055,4.622%,9837928.00,Japan,2020,20126,Consumer Discretionary,Other Consumer Services
MRNA,Moderna Inc. Common Stock,$27.605,-1.955,-6.614%,10676007941.00,United States,2018,16274443,Health Care,Biotechnology: Biological Products (No Diagnostic Substances)
MRNO,Murano Global Investments PLC Ordinary Shares,$7.42,0.02,0.27%,588448561.00,Mexico,,390,Consumer Discretionary,Hotels/Resorts
MRNOW,Murano Global Investments PLC Warrants,$0.1828,-0.0123,-6.304%,14497089.00,Mexico,,3000,Consumer Discretionary,Hotels/Resorts
MRP,Millrose Properties Inc. Class A Common Stock,$29.94,-0.05,-0.167%,4970144700.00,United States,2025,980299,Finance,Real Estate
MRSN,Mersana Therapeutics Inc. Common Stock,$6.60,-0.25,-3.65%,32902676.00,United States,2017,110562,Health Care,Biotechnology: Pharmaceutical Preparations
MRT,Marti Technologies Inc. Class A Ordinary Shares,$2.43,0.04,1.674%,185273792.00,,2021,48493,Consumer Discretionary,Rental/Leasing Companies
MRTN,Marten Transport Ltd. Common Stock,$11.84,-0.32,-2.632%,964882140.00,United States,1986,769220,Industrials,Trucking Freight/Courier Services
MRUS,Merus N.V. Common Shares,$65.56,-0.68,-1.027%,4537642043.00,Netherlands,2016,664678,Health Care,Biotechnology: Pharmaceutical Preparations
MRVI,Maravai LifeSciences Holdings Inc. Class A Common Stock,$2.22,-0.12,-5.128%,565344128.00,United States,2020,1184537,Health Care,Biotechnology: Pharmaceutical Preparations
MRVL,Marvell Technology Inc. Common Stock,$74.45,-5.92,-7.366%,64190790000.00,United States,2000,28836936,Technology,Semiconductors
MRX,Marex Group plc Ordinary Shares,$37.89,-0.69,-1.788%,2663321671.00,United Kingdom,2024,1059617,Finance,Investment Bankers/Brokers/Service
MS,Morgan Stanley Common Stock,$139.09,-3.37,-2.366%,223144751686.00,United States,,6678521,Finance,Investment Bankers/Brokers/Service
MS^A,Morgan Stanley Dep Shs repstg 1/1000 Pfd Ser A,$21.75,-0.05,-0.229%,,United States,,30772,,
MS^E,Morgan Stanley DEPOSITARY SHARES REP 1/1000TH SHARES FIXED/FLTG PREFERRED STOCK SERIES E,$25.42,-0.01,-0.039%,,United States,,21906,,
MS^F,Morgan Stanley Dep Shs Rpstg 1/1000th Int Prd Ser F Fxd to Flag,$25.28,0.03,0.119%,,United States,,34583,,
MS^I,Morgan Stanley Depository Shares Representing 1/1000th Preferred Series 1 Fixed to Floating Non (Cum),$24.99,0.06,0.241%,,United States,,58904,,
MS^K,Morgan Stanley Depositary Shares each representing 1/1000th of a share of Fixed-to-Floating Rate Non-Cumulative Preferred Stock  Series K,$23.83,0.01,0.042%,,United States,,74216,,
MS^L,Morgan Stanley Depositary Shares each representing 1/1000th of a share of 4.875% Non-Cumulative Preferred Stock Series L,$20.04,-0.01,-0.05%,,United States,,32806,,
MS^O,Morgan Stanley Depositary Shares each representing 1/1000th of a share of 4.250% Non-Cumulative Preferred Stock Series O,$17.41,0.00,0.00%,,United States,,90378,,
MS^P,Morgan Stanley Depositary Shares each representing 1/1000th of a share of 6.500% Non-Cumulative Preferred Stock Series P,$25.51,-0.09,-0.352%,,United States,,39342,,
MS^Q,Morgan Stanley Depositary Shares each representing 1/1000th of a share of 6.625% Non-Cumulative Preferred Stock Series Q,$25.67,-0.09,-0.349%,,United States,,89210,,
MSA,MSA Safety Incorporated Common Stock,$175.23,-2.64,-1.484%,6887571630.00,United States,2000,220561,Health Care,Industrial Specialties
MSAI,MultiSensor AI Holdings Inc. Common Stock,$0.779,0.075,10.653%,26046839.00,United States,2021,324528,Technology,Electronic Components
MSAIW,MultiSensor AI Holdings Inc. Warrant,$0.0282,-0.0038,-11.875%,942902.00,United States,2021,2100,Technology,Electronic Components
MSB,Mesabi Trust Common Stock,$29.29,0.03,0.103%,384285093.00,United States,,41527,Industrials,Precious Metals
MSBI,Midland States Bancorp Inc. Common Stock,$16.53,-0.43,-2.535%,355645231.00,United States,2016,143658,Finance,Major Banks
MSBIP,Midland States Bancorp Inc. Depositary Shares Each Representing a 1/40th Interest in a Share of 7.750% Fixed-Rate Reset Non-Cumulative Perpetual Preferred Stock Series A,$24.05,-0.24,-0.988%,517439069.00,United States,,4505,Finance,Major Banks
MSC,Studio City International Holdings Limited American depositary shares each representing four  Class A ordinary shares,$4.80,0.22,4.803%,1011437352.00,,2018,1557,Consumer Discretionary,Hotels/Resorts
MSCI,MSCI Inc. Common Stock,$557.40,-3.96,-0.705%,43123381989.00,United States,,1052984,Consumer Discretionary,Business Services
MSD,Morgan Stanley Emerging Markets Debt Fund Inc. Common Stock,$7.45,0.00,0.00%,0.00,United States,1993,50203,Finance,Trusts Except Educational Religious and Charitable
MSDL,Morgan Stanley Direct Lending Fund Common Stock,$18.55,-0.15,-0.802%,0.00,United States,2024,670662,,
MSEX,Middlesex Water Company Common Stock,$52.39,0.79,1.531%,938838125.00,United States,,200253,Utilities,Water Supply
MSFT,Microsoft Corporation Common Stock,$524.11,-9.39,-1.76%,3895796830898.00,United States,1986,28955448,Technology,Computer Software: Prepackaged Software
MSGE,Madison Square Garden Entertainment Corp. Class A Common Stock,$36.88,-0.91,-2.408%,1750319563.00,United States,2023,289531,Consumer Discretionary,Services-Misc. Amusement & Recreation
MSGM,Motorsport Games Inc. Class A Common Stock,$2.99,-0.02,-0.664%,17277566.00,United States,2021,36735,Technology,Computer Software: Prepackaged Software
MSGS,Madison Square Garden Sports Corp. Class A Common Stock (New),$199.55,-2.55,-1.262%,4792714674.00,United States,2015,143448,Consumer Discretionary,Services-Misc. Amusement & Recreation
MSGY,Masonglory Limited Ordinary Shares,$10.03,-1.75,-14.856%,,Hong Kong,2025,211785,,
MSI,Motorola Solutions Inc. Common Stock,$436.71,-2.27,-0.517%,72893801202.00,United States,,1176429,Technology,Radio And Television Broadcasting And Communications Equipment
MSIF,MSC Income Fund Inc. Common Stock,$14.86,-0.46,-3.003%,700632446.00,,2025,338838,Finance,Finance/Investors Services
MSM,MSC Industrial Direct Company Inc. Common Stock,$85.19,-1.43,-1.651%,4743019528.00,United States,1995,477635,Industrials,Industrial Machinery/Components
MSN,Emerson Radio Corporation Common Stock,$0.4128,-0.0271,-6.16%,8686407.00,United States,1994,5090,Consumer Staples,Consumer Electronics/Appliances
MSPR,MSP Recovery Inc. Class A Common Stock,$0.918,-0.0061,-0.66%,7567685.00,United States,2020,86253,Technology,EDP Services
MSPRW,MSP Recovery Inc. Warrant,$0.0021,0.0001,5.00%,17312.00,United States,,298699,Technology,EDP Services
MSS,Maison Solutions Inc. Class A Common Stock,$0.855,-0.0174,-1.994%,16835357.00,United States,2023,48548,Consumer Staples,Food Chains
MSTR,MicroStrategy Incorporated Common Stock Class A,$366.63,-35.23,-8.767%,103959016959.00,United States,1998,21761443,Technology,Computer Software: Prepackaged Software
MSW,Ming Shing Group Holdings Limited Ordinary Shares,$1.33,0.05,3.906%,16957500.00,Hong Kong,2024,9466360,Consumer Discretionary,Engineering & Construction
MT,Arcelor Mittal NY Registry Shares NEW,$30.95,-0.68,-2.15%,23786517951.00,Luxembourg,,2895670,Industrials,Steel/Iron Ore
MTA,Metalla Royalty & Streaming Ltd. Common Shares,$3.95,-0.01,-0.253%,365472865.00,,,566025,Basic Materials,Precious Metals
MTAL,MAC Copper Limited Ordinary Shares,$12.06,0.03,0.249%,994492130.00,United States,,922172,Basic Materials,Metal Mining
MTB,M&T Bank Corporation Common Stock,$184.99,-3.71,-1.966%,29693862425.00,United States,,1282103,Finance,Major Banks
MTB^H,M&T Bank Corporation Perpetual Fixed-to-Floating Rate Non-Cumulative Preferred Stock Series H,$24.94,-0.15,-0.598%,,United States,,11544,,
MTB^J,M&T Bank Corporation Depositary Shares each representing a 1/400th ownership interest in a share of Perpetual 7.500% Non-Cumulative Preferred Stock Series J,$27.09,0.06,0.222%,,United States,,66935,,
MTC,MMTec Inc. Common Shares,$0.89,-0.0113,-1.254%,22416309.00,China,2019,30145,Technology,Computer Software: Prepackaged Software
MTCH,Match Group Inc. Common Stock,$33.60,-0.67,-1.955%,8239570819.00,United States,,6401800,Technology,Computer Software: Programming Data Processing
MTD,Mettler-Toledo International Inc. Common Stock,$1197.23,-36.45,-2.955%,24881774883.00,Switzerland,1997,339593,Industrials,Biotechnology: Laboratory Analytical Instruments
MTDR,Matador Resources Company Common Stock,$47.82,-2.06,-4.13%,5953323308.00,United States,2012,1894930,Energy,Oil & Gas Production
MTEK,Maris-Tech Ltd. Ordinary Shares,$2.68,-0.195,-6.783%,21395954.00,Israel,2022,48818,Telecommunications,Telecommunications Equipment
MTEKW,Maris-Tech Ltd. Warrants,$0.2906,-0.0241,-7.658%,2320024.00,Israel,2022,11426,Telecommunications,Telecommunications Equipment
MTEN,Mingteng International Corporation Inc. Ordinary Shares,$14.30,0.275,1.961%,97806280.00,China,2024,93733,Industrials,Building Products
MTEX,Mannatech Incorporated Common Stock,$8.20,0.00,0.00%,15587626.00,United States,,8101,Health Care, Medicinal Chemicals and Botanical Products 
MTG,MGIC Investment Corporation Common Stock,$26.28,0.38,1.467%,6058144834.00,United States,1991,2466146,Finance,Property-Casualty Insurers
MTH,Meritage Homes Corporation Common Stock,$71.13,3.79,5.628%,5061336096.00,United States,,1856814,Consumer Discretionary,Homebuilding
MTLS,Materialise NV American Depositary Shares,$5.02,-0.14,-2.713%,296517274.00,Belgium,2014,148113,Technology,Computer Software: Prepackaged Software
MTN,Vail Resorts Inc. Common Stock,$148.90,-1.36,-0.905%,5531992807.00,United States,1997,570656,Consumer Discretionary,Services-Misc. Amusement & Recreation
MTNB,Matinas Biopharma Holdings Inc. Common Stock,$0.87,-0.01,-1.136%,4425677.00,United States,2017,13716,Health Care,Biotechnology: Pharmaceutical Preparations
MTR,Mesa Royalty Trust Common Stock,$5.84,0.14,2.456%,10883366.00,United States,,9102,Energy,Oil & Gas Production
MTRN,Materion Corporation,$105.07,-0.23,-0.218%,2177777169.00,United States,,303428,Industrials,Industrial Specialties
MTRX,Matrix Service Company Common Stock,$14.26,-1.02,-6.675%,393725716.00,United States,1990,147223,Consumer Discretionary,Engineering & Construction
MTSI,MACOM Technology Solutions Holdings Inc. Common Stock,$136.31,-0.83,-0.605%,10140192364.00,United States,2012,574913,Technology,Semiconductors
MTSR,Metsera Inc. Common Stock,$34.89,1.90,5.759%,3665387721.00,United States,2025,2061472,Health Care,Biotechnology: Pharmaceutical Preparations
MTUS,Metallus Inc. Common Shares,$15.06,-0.74,-4.684%,632870416.00,United States,2014,506909,Industrials,Steel/Iron Ore
MTVA,MetaVia Inc. Common Stock,$0.609,0.0038,0.628%,11914606.00,United States,2016,34591,Health Care,Biotechnology: Pharmaceutical Preparations
MTW,Manitowoc Company Inc. (The) Common Stock,$12.05,-0.70,-5.49%,427093729.00,United States,,348406,Industrials,Construction/Ag Equipment/Trucks
MTX,Minerals Technologies Inc. Common Stock,$56.48,-1.67,-2.872%,1772123032.00,United States,1992,260973,Industrials,Major Chemicals
MTZ,MasTec Inc. Common Stock,$174.05,-15.16,-8.012%,13733023986.00,United States,,3637842,Industrials,Water Sewer Pipeline Comm & Power Line Construction
MU,Micron Technology Inc. Common Stock,$104.88,-4.26,-3.903%,117373840593.00,United States,,23955492,Technology,Semiconductors
MUA,Blackrock MuniAssets Fund Inc Common Stock,$10.34,-0.02,-0.193%,1538203950.00,United States,1993,121824,Finance,Investment Bankers/Brokers/Service
MUC,Blackrock MuniHoldings California Quality Fund Inc.  Common Stock,$10.16,0.10,0.994%,1511426705.00,United States,1998,534291,Finance,Investment Bankers/Brokers/Service
MUE,Blackrock MuniHoldings Quality Fund II Inc. Common Stock,$9.48,0.08,0.851%,1410268225.00,United States,,50465,Finance,Investment Bankers/Brokers/Service
MUFG,Mitsubishi UFJ Financial Group Inc. Common Stock,$13.92,0.02,0.144%,167982536006.00,Japan,,4872798,Finance,Commercial Banks
MUJ,Blackrock MuniHoldings New Jersey Quality Fund Inc. Common Stock,$10.90,0.08,0.739%,1621510934.00,United States,1998,136656,Finance,Investment Bankers/Brokers/Service
MUR,Murphy Oil Corporation Common Stock,$23.68,-1.13,-4.555%,3379516348.00,United States,,2335230,Energy,Oil & Gas Production
MURA,Mural Oncology plc Ordinary Shares ,$2.32,0.07,3.111%,40063804.00,Ireland,,197647,Health Care,Biotechnology: Pharmaceutical Preparations
MUSA,Murphy USA Inc. Common Stock,$362.19,-0.29,-0.08%,7157469840.00,United States,2013,816152,Consumer Discretionary,Retail-Auto Dealers and Gas Stations
MUX,McEwen Inc. Common Stock,$10.03,-0.13,-1.28%,541496330.00,Canada,,852530,Basic Materials,Precious Metals
MVBF,MVB Financial Corp. Common Stock,$22.23,-0.51,-2.243%,288872981.00,United States,,68240,Finance,Major Banks
MVF,Blackrock MuniVest Fund Inc. Common Stock,$6.62,0.01,0.151%,984807558.00,United States,1988,89784,Finance,Investment Bankers/Brokers/Service
MVIS,MicroVision Inc. Common Stock,$1.09,-0.02,-1.802%,271695093.00,United States,1996,6243816,Technology,Industrial Machinery/Components
MVO,MV Oil Trust Units of Beneficial Interests,$5.61,0.01,0.179%,64515000.00,United States,2007,58424,Energy,Oil & Gas Production
MVST,Microvast Holdings Inc. Common Stock,$3.02,-0.15,-4.732%,982530995.00,United States,2019,5664340,Miscellaneous,Industrial Machinery/Components
MVSTW,Microvast Holdings Inc. Warrants,$0.25,-0.01,-3.846%,81335347.00,United States,2019,146116,Miscellaneous,Industrial Machinery/Components
MVT,Blackrock MuniVest Fund II Inc.  Common Stock,$10.12,0.05,0.497%,1505476207.00,United States,1993,31956,Finance,Investment Bankers/Brokers/Service
MWA,MUELLER WATER PRODUCTS Common Stock,$24.24,-0.52,-2.10%,3797863424.00,United States,2006,1475125,Industrials,Metal Fabrications
MWG,Multi Ways Holdings Limited Ordinary Shares,$0.235,-0.006,-2.49%,7832550.00,,2023,54719,Consumer Discretionary,Miscellaneous manufacturing industries
MWYN,Marwynn Holdings Inc. Common stock,$1.38,0.48,53.333%,23534526.00,United States,2025,97153940,Consumer Discretionary,Food Distributors
MX,Magnachip Semiconductor Corporation Common Stock,$2.96,-1.14,-27.805%,106748271.00,Luxembourg,2011,1288069,Technology,Semiconductors
MXC,Mexco Energy Corporation Common Stock,$8.34,0.09,1.091%,17063640.00,United States,2003,13233,Energy,Oil & Gas Production
MXCT,MaxCyte Inc. Common Stock,$2.04,-0.02,-0.971%,217089434.00,United States,2021,597721,Health Care,Biotechnology: Commercial Physical & Biological Resarch
MXE,Mexico Equity and Income Fund Inc. (The) Common Stock,$10.61,-0.06,-0.562%,0.00,United States,,5094,Finance,Finance Companies
MXF,Mexico Fund Inc. (The) Common Stock,$17.47,-0.39,-2.184%,0.00,United States,,20894,Finance,Trusts Except Educational Religious and Charitable
MXL,MaxLinear Inc. Common Stock,$15.21,-0.61,-3.856%,1324494375.00,United States,2010,1928664,Technology,Semiconductors
MYD,Blackrock MuniYield Fund Inc.  Common Stock,$10.00,0.09,0.908%,1487624710.00,United States,1991,98747,Finance,Investment Bankers/Brokers/Service
MYE,Myers Industries Inc. Common Stock,$14.86,0.21,1.433%,555500844.00,United States,1983,266839,Industrials,Plastic Products
MYFW,First Western Financial Inc. Common Stock,$21.08,-0.565,-2.61%,204801307.00,United States,2018,83327,Finance,Major Banks
MYGN,Myriad Genetics Inc. Common Stock,$3.91,0.07,1.823%,360413568.00,United States,1995,1404710,Health Care,Biotechnology: In Vitro & In Vivo Diagnostic Substances
MYI,Blackrock MuniYield Quality Fund III Inc Common Stock,$10.37,-0.01,-0.096%,1542666824.00,United States,,221442,Finance,Investment Bankers/Brokers/Service
MYN,Blackrock MuniYield New York Quality Fund Inc.Common Stock,$9.29,0.09,0.978%,0.00,United States,1992,154878,Finance,Finance Companies
MYND,Mynd.ai Inc. American Depositary Shares,$0.72,-0.0354,-4.686%,32866403.00,,2017,12556,Real Estate,Other Consumer Services
MYNZ,Mainz Biomed N.V. Ordinary Shares,$1.33,-0.38,-22.222%,4041674.00,Germany,2021,502426,Health Care,Biotechnology: Pharmaceutical Preparations
MYO,Myomo Inc. Common Stock,$1.87,-0.06,-3.109%,67280584.00,United States,2017,331230,Health Care,Industrial Specialties
MYPS,PLAYSTUDIOS Inc.  Class A Common Stock,$1.09,-0.06,-5.217%,136341524.00,United States,2020,296487,Technology,Computer Software: Prepackaged Software
MYPSW,PLAYSTUDIOS Inc. Warrant,$0.0149,-0.0051,-25.50%,1863751.00,United States,2020,500,Technology,Computer Software: Prepackaged Software
MYRG,MYR Group Inc. Common Stock,$187.44,-6.06,-3.132%,2909600005.00,United States,2008,276719,Industrials,Water Sewer Pipeline Comm & Power Line Construction
MYSZ,My Size Inc. Common Stock,$1.20,-0.05,-4.00%,3723691.00,Israel,,52840,Technology,Computer Software: Prepackaged Software
MZTI,The Marzetti Company Common Stock,$176.85,-0.91,-0.512%,4875577650.00,United States,,162168,Consumer Staples,Packaged Foods
NA,Nano Labs Ltd Class A Ordinary Shares,$4.76,-1.16,-19.595%,135999007.00,China,2022,508229,Technology,Semiconductors
NAAS,NaaS Technology Inc. American Depositary Shares,$2.92,-0.16,-5.195%,6819768.00,China,2017,274367,Consumer Discretionary,Other Specialty Stores
NABL,N-able Inc. Common Stock,$7.75,-0.33,-4.084%,1465211396.00,United States,2021,1162541,Technology,Computer Software: Prepackaged Software
NAC,Nuveen California Quality Municipal Income Fund,$11.24,0.23,2.089%,0.00,United States,1999,926302,Finance,Investment Managers
NAD,Nuveen Quality Municipal Income Fund Common Stock,$11.21,0.06,0.538%,0.00,United States,1999,1189878,Finance,Investment Managers
NAGE,Niagen Bioscience Inc. Common Stock,$9.04,-0.31,-3.316%,712077744.00,United States,,1081454,Health Care, Medicinal Chemicals and Botanical Products 
NAII,Natural Alternatives International Inc. Common Stock,$3.61,-0.02,-0.551%,22305822.00,United States,,484,Health Care, Medicinal Chemicals and Botanical Products 
NAK,Northern Dynasty Minerals Ltd. Common Stock,$0.75,-0.0391,-4.955%,403315711.00,Canada,,4374554,Basic Materials,Precious Metals
NAKA,Kindly MD Inc. Common Stock,$6.35,-0.87,-12.05%,38240640.00,United States,2024,569049,Health Care,Medical/Nursing Services
NAKAW,Kindly MD Inc. Warrants,$9.96,-0.04,-0.40%,59980594.00,United States,2024,1814,Health Care,Medical/Nursing Services
NAMI,Jinxin Technology Holding Company American Depositary Shares,$0.89,-0.039,-4.198%,60846797.00,China,2024,5859,Real Estate,Other Consumer Services
NAMM,Namib Minerals Ordinary Shares,$4.26,0.30,7.576%,228665848.00,Cayman Islands,,19936154,Basic Materials,Precious Metals
NAMMW,Namib Minerals Warrants,$0.172,0.012,7.50%,9232518.00,Cayman Islands,,131861,Basic Materials,Precious Metals
NAMS,NewAmsterdam Pharma Company N.V. Ordinary Shares,$21.28,-0.53,-2.43%,2389120007.00,Netherlands,,557855,Health Care,Biotechnology: Pharmaceutical Preparations
NAMSW,NewAmsterdam Pharma Company N.V. Warrant,$10.41,0.00,0.00%,1168737748.00,Netherlands,,1100,Health Care,Biotechnology: Pharmaceutical Preparations
NAN,Nuveen New York Quality Municipal Income Fund Common Stock,$11.10,0.07,0.635%,3355705380.00,United States,1999,114967,Finance,Investment Managers
NAOV,NanoVibronix Inc. Common Stock,$0.825,-0.0011,-0.133%,2132489.00,United States,,272461,Health Care,Industrial Specialties
NAT,Nordic American Tankers Limited Common Stock,$2.75,-0.04,-1.434%,582314323.00,Bermuda,1995,1494717,Consumer Discretionary,Marine Transportation
NATH,Nathan's Famous Inc. Common Stock,$94.85,-0.15,-0.158%,387890024.00,United States,1993,29014,Consumer Discretionary,Restaurants
NATL,NCR Atleos Corporation Common Stock,$30.25,-0.35,-1.144%,2221993967.00,United States,2023,1284310,Miscellaneous,Office Equipment/Supplies/Services
NATR,Nature's Sunshine Products Inc. Common Stock,$15.80,1.79,12.777%,289942656.00,United States,,150853,Health Care,Biotechnology: Pharmaceutical Preparations
NAUT,Nautilus Biotechnolgy Inc. Common Stock,$0.7643,0.0043,0.566%,122549787.00,United States,2020,139988,Industrials,Biotechnology: Laboratory Analytical Instruments
NAVI,Navient Corporation Common Stock,$12.66,-0.28,-2.164%,1258796941.00,United States,,936068,Finance,Investment Bankers/Brokers/Service
NAZ,Nuveen Arizona Quality Municipal Income Fund Common Stock,$11.75,0.21,1.82%,0.00,United States,1992,38809,Finance,Finance/Investors Services
NB,NioCorp Developments Ltd. Common Stock,$3.16,0.34,12.057%,119732400.00,United States,,5694780,Basic Materials,Metal Mining
NBB,Nuveen Taxable Municipal Income Fund Common Shares of Beneficial Interest,$15.97,0.27,1.72%,0.00,United States,2010,85367,Finance,Finance Companies
NBBK,NB Bancorp Inc. Common Stock,$16.89,-0.34,-1.973%,685234782.00,United States,2023,247233,Finance,Banks
NBH,Neuberger Berman Municipal Fund Inc. Common Stock,$9.85,0.05,0.51%,0.00,United States,2002,63995,Finance,Finance/Investors Services
NBHC,National Bank Holdings Corporation Common Stock,$36.06,-1.00,-2.698%,1388448687.00,United States,2012,1164966,Finance,Major Banks
NBIS,Nebius Group N.V. Class A Ordinary Shares,$52.00,-2.43,-4.464%,12381659212.00,Netherlands,2011,11698277,Technology,Computer Software: Programming Data Processing
NBIX,Neurocrine Biosciences Inc. Common Stock,$128.91,0.68,0.53%,12785488454.00,United States,1996,1395006,Health Care,Biotechnology: Biological Products (No Diagnostic Substances)
NBN,Northeast Bank Common Stock,$93.00,-6.17,-6.222%,756090000.00,United States,,210091,Finance,Major Banks
NBR,Nabors Industries Ltd.,$31.66,-3.12,-8.971%,497048291.00,Bermuda,1951,491348,Energy,Oil & Gas Production
NBTB,NBT Bancorp Inc. Common Stock,$40.56,-0.82,-1.982%,1916773245.00,United States,,272271,Finance,Major Banks
NBTX,Nanobiotix S.A. American Depositary Shares,$6.80,-0.1047,-1.516%,322502587.00,France,2020,9198,Health Care,Biotechnology: Pharmaceutical Preparations
NBXG,Neuberger Berman Next Generation Connectivity Fund Inc. Common Stock,$14.45,-0.42,-2.824%,0.00,United States,2021,287674,Finance,Trusts Except Educational Religious and Charitable
NBY,NovaBay Pharmaceuticals Inc. Common Stock,$0.5935,0.0125,2.151%,3451917.00,United States,2007,30504,Health Care,Biotechnology: Pharmaceutical Preparations
NC,NACCO Industries Inc. Common Stock,$36.52,-1.40,-3.692%,271786588.00,United States,,7502,Energy,Coal Mining
NCA,Nuveen California Municipal Value Fund,$8.51,0.06,0.71%,0.00,United States,,94166,Finance,Investment Managers
NCDL,Nuveen Churchill Direct Lending Corp. Common Stock,$16.19,-0.17,-1.039%,814055283.00,,2024,155913,,
NCEW,New Century Logistics (BVI) Limited Ordinary Shares,$0.6898,-0.0396,-5.429%,14830700.00,Hong Kong,2024,91722,Consumer Discretionary,Oil Refining/Marketing
NCI,Neo-Concept International Group Holdings Limited Class A Ordinary Shares,$1.98,0.02,1.02%,8046720.00,Hong Kong,2024,63689,Consumer Discretionary,Apparel
NCL,Northann Corp. Common Stock,$0.1587,-0.008,-4.799%,15150200.00,,2023,1281401,Industrials,Plastic Products
NCLH,Norwegian Cruise Line Holdings Ltd. Ordinary Shares,$24.50,-1.06,-4.147%,10946764812.00,United States,,21108727,Consumer Discretionary,Marine Transportation
NCMI,National CineMedia Inc. Common Stock,$4.67,-0.14,-2.911%,440401492.00,United States,2007,1109877,Consumer Discretionary,Advertising
NCNA,NuCana plc American Depositary Share,$0.0391,-0.0038,-8.858%,333519.00,United Kingdom,2017,122259682,Health Care,Biotechnology: Pharmaceutical Preparations
NCNO,nCino Inc. Common Stock,$27.15,-0.775,-2.775%,3147813788.00,United States,2020,1475122,Technology,Computer Software: Prepackaged Software
NCPL,Netcapital Inc. Common Stock,$3.44,0.05,1.475%,7540638.00,United States,,61493,Finance,Finance: Consumer Services
NCPLW,Netcapital Inc. Warrants,$0.04,0.00,0.00%,87682.00,United States,,38,Finance,Finance: Consumer Services
NCRA,Nocera Inc. Common Stock,$1.62,-0.02,-1.22%,23275413.00,Taiwan,,11278,Consumer Staples,Farming/Seeds/Milling
NCSM,NCS Multistage Holdings Inc. Common Stock,$31.64,0.97,3.163%,80392462.00,United States,2017,15953,Energy,Oilfield Services/Equipment
NCT,Intercont (Cayman) Limited Ordinary shares,$3.62,-0.06,-1.63%,97287504.00,China,2025,51807,Consumer Discretionary,Restaurants
NCTY,The9 Limited American Depository Shares,$8.60,-0.02,-0.232%,120936485.00,China,2004,57654,Finance,Finance: Consumer Services
NCV,Virtus Convertible & Income Fund Common Shares of Beneficial Interest,$14.20,-0.14,-0.976%,1283304680.00,United States,2003,123434,Finance,Finance Companies
NCV^A,Virtus Convertible & Income Fund 5.625% Series A Cumulative Preferred Shares,$21.89,0.00,0.00%,,United States,,5,,
NCZ,Virtus Convertible & Income Fund II Common Shares of Beneficial Interest,$13.03,-0.12,-0.913%,991788209.00,United States,2003,31586,Finance,Finance Companies
NCZ^A,Virtus Convertible & Income Fund II 5.50% Series A Cumulative Preferred Shares,$20.70,0.0048,0.023%,,United States,,4267,,
NDAQ,Nasdaq Inc. Common Stock,$95.17,-1.05,-1.091%,54608093181.00,United States,,2845978,Finance,Investment Bankers/Brokers/Service
NDLS,Noodles & Company Class A Common Stock,$0.84,-0.0889,-9.57%,38592658.00,United States,2013,73242,Consumer Discretionary,Restaurants
NDMO,Nuveen Dynamic Municipal Opportunities Fund Common Shares of Beneficial Interest,$9.90,0.09,0.917%,588705817.00,,2020,148312,Finance,Trusts Except Educational Religious and Charitable
NDRA,ENDRA Life Sciences Inc. Common Stock,$4.84,-0.44,-8.333%,3573711.00,United States,2017,27057,Health Care,Biotechnology: Electromedical & Electrotherapeutic Apparatus
NDSN,Nordson Corporation Common Stock,$209.25,-4.96,-2.315%,11824496951.00,United States,,422072,Industrials,Industrial Machinery/Components
NE,Noble Corporation plc A Ordinary Shares,$25.70,-1.11,-4.14%,4080735410.00,United States,2022,2065965,Energy,Oil & Gas Production
NEA,Nuveen AMT-Free Quality Municipal Income Fund Common Shares of Beneficial Interest Par Value $.01,$10.85,0.11,1.024%,0.00,United States,2002,1284742,Finance,Finance/Investors Services
NECB,NorthEast Community Bancorp Inc. Common Stock,$20.18,-0.48,-2.323%,282991728.00,United States,2021,85598,Finance,Banks
NEE,NextEra Energy Inc. Common Stock,$70.40,-0.66,-0.929%,144974198195.00,United States,,6628520,Technology,EDP Services
NEE^N,NextEra Energy Inc. Series N Junior Subordinated Debentures due March 1 2079,$22.59,0.08,0.355%,,United States,,44085,,
NEE^R,NextEra Energy Inc. 6.926% Corporate Units,$40.615,-0.135,-0.331%,,United States,,41761,,
NEE^S,NextEra Energy Inc. 7.299% Corporate Units,$47.955,-0.085,-0.177%,,United States,,20907,,
NEE^T,NextEra Energy Inc. 7.234% Corporate Units,$44.25,0.01,0.023%,,United States,,52622,,
NEE^U,NextEra Energy Inc. Series U Junior Subordinated Debentures due June 1 2085,$25.23,0.13,0.518%,,United States,,80756,,
NEGG,Newegg Commerce Inc. Common Shares,$53.53,-10.26,-16.084%,1043225507.00,China,2010,1212733,Consumer Discretionary,Other Specialty Stores
NEHC,New Era Helium Inc Common Stock,$0.4159,-0.0172,-3.971%,6019758.00,United States,,815044,Energy,Oil & Gas Production
NEHCW,New Era Helium Inc Warrants,$0.0926,0.0036,4.045%,1340297.00,United States,,124,Energy,Oil & Gas Production
NEM,Newmont Corporation,$62.59,0.49,0.789%,68751968288.00,United States,,11274796,Basic Materials,Precious Metals
NEN,New England Realty Associates Limited Partnership Class A Depositary Receipts Evidencing Units of Limited Partnership,$72.49,0.00,0.00%,204484069.00,United States,,163,Real Estate,Building operators
NEO,NeoGenomics Inc. Common Stock,$5.16,0.32,6.612%,666561690.00,United States,,4528446,Health Care,Precision Instruments
NEOG,Neogen Corporation Common Stock,$4.66,0.01,0.215%,1012176167.00,United States,1989,6055645,Health Care,Biotechnology: In Vitro & In Vivo Diagnostic Substances
NEON,Neonode Inc. Common Stock,$22.09,1.92,9.519%,370734747.00,Sweden,,269913,Technology,Industrial Machinery/Components
NEOV,NeoVolta Inc. Common Stock,$5.01,0.27,5.696%,170965614.00,United States,,122974,Miscellaneous,Industrial Machinery/Components
NEOVW,NeoVolta Inc. Warrant,$1.59,-0.31,-16.316%,54258548.00,United States,,3261,Miscellaneous,Industrial Machinery/Components
NEPH,Nephros Inc. Common Stock,$3.42,-0.13,-3.662%,36253197.00,United States,,4665,Health Care,Medical/Dental Instruments
NERV,Minerva Neurosciences Inc Common Stock,$1.9125,0.0425,2.273%,13374889.00,United States,2014,2623,Health Care,Biotechnology: Pharmaceutical Preparations
NESR,National Energy Services Reunited Corp Ordinary Shares,$6.40,-0.27,-4.048%,614693478.00,United States,,438690,Energy,Oilfield Services/Equipment
NET,Cloudflare Inc. Class A Common Stock,$200.11,-7.57,-3.645%,69360203342.00,United States,2019,6447426,Technology,Computer Software: Prepackaged Software
NETD,Nabors Energy Transition Corp. II Class A Ordinary Shares,$11.25,0.00,0.00%,0.00,United States,2023,30213,,
NETDW,Nabors Energy Transition Corp. II Warrant,$0.347,0.042,13.77%,0.00,United States,2023,302,,
NEU,NewMarket Corp Common Stock,$699.86,12.86,1.872%,6602833369.00,United States,,69833,Industrials,Major Chemicals
NEUE,NeueHealth Inc. Common Stock,$6.7938,-0.0462,-0.675%,60653402.00,United States,2021,1189,Health Care,Medical Specialities
NEUP,Neuphoria Therapeutics Inc. Common Stock,$8.05,-0.06,-0.74%,15133694.00,United States,2021,22525,,
NEWP,New Pacific Metals Corp. Common Shares,$1.43,0.00,0.00%,245603643.00,Canada,2021,170998,Basic Materials,Precious Metals
NEWT,NewtekOne Inc. Common Stock,$11.20,-0.24,-2.098%,295030702.00,United States,,415423,Finance,Major Banks
NEWTG,NewtekOne Inc. 8.50% Fixed Rate Senior Notes due 2029,$25.15,-0.08,-0.317%,662501979.00,United States,,4795,Finance,Major Banks
NEWTH,NewtekOne Inc. 8.625% Fixed Rate Senior Notes due 2029,$25.075,-0.005,-0.02%,0.00,United States,,5165,Finance,Major Banks
NEWTI,NewtekOne Inc. 8.00% Fixed Rate Senior Notes due 2028,$25.27,0.00,0.00%,665663022.00,United States,,10,Finance,Major Banks
NEWTZ,NewtekOne Inc. 5.50% Notes Due 2026,$24.8904,0.1904,0.771%,646255491.00,United States,,1793,Finance,Major Banks
NEXA,Nexa Resources S.A. Common Shares,$4.67,-0.17,-3.512%,618488313.00,Luxembourg,2017,31537,Basic Materials,Metal Mining
NEXM,NexMetals Mining Corp. Common Shares,$5.50,0.16,2.996%,0.00,Canada,,161873,,
NEXN,Nexxen International Ltd. Ordinary Shares,$10.02,-0.26,-2.529%,656937953.00,Israel,2021,409941,Technology,Computer Software: Programming Data Processing
NEXT,NextDecade Corporation Common Stock,$11.10,-0.26,-2.289%,2895703143.00,United States,2015,2407423,Utilities,Oil & Gas Production
NFBK,Northfield Bancorp Inc. Common Stock (Delaware),$10.40,-0.25,-2.347%,443311305.00,United States,2007,195729,Finance,Savings Institutions
NFE,New Fortress Energy Inc. Class A Common Stock,$2.82,0.095,3.486%,773239195.00,United States,2019,11612780,Utilities,Oil/Gas Transmission
NFG,National Fuel Gas Company Common Stock,$86.65,-0.14,-0.161%,7828998720.00,United States,,892213,Utilities,Oil/Gas Transmission
NFGC,New Found Gold Corp Common Shares,$1.50,-0.02,-1.316%,301136991.00,,2021,411044,Basic Materials,Precious Metals
NFJ,Virtus Dividend Interest & Premium Strategy Fund Common Shares of Beneficial Interest,$12.48,-0.19,-1.50%,0.00,United States,2005,215102,Finance,Finance: Consumer Services
NFLX,Netflix Inc. Common Stock,$1158.60,-0.80,-0.069%,492319664476.00,United States,2002,3888031,Consumer Discretionary,Consumer Electronics/Video Chains
NG,Novagold Resources Inc.,$5.27,0.08,1.541%,2144350600.00,Canada,2003,2916068,Basic Materials,Precious Metals
NGD,New Gold Inc.,$4.26,0.07,1.671%,3371364000.00,Canada,,12921394,Basic Materials,Metal Mining
NGG,National Grid Transco PLC National Grid PLC (NEW) American Depositary Shares,$71.82,1.43,2.032%,70409730558.00,United Kingdom,,894955,Utilities,Natural Gas Distribution
NGL,NGL ENERGY PARTNERS LP Common Units representing Limited Partner Interests,$4.11,-0.14,-3.294%,542572468.00,United States,2011,207941,Utilities,Natural Gas Distribution
NGL^B,NGL ENERGY PARTNERS LP 9.00% Class B Fixed-to-Floating Rate Cumulative Redeemable Perpetual Preferred Units representing limited partnership interests,$22.10,-0.15,-0.674%,,United States,,6477,,
NGL^C,NGL ENERGY PARTNERS LP 9.625% Class C Fixed-to-Floating Rate Cumulative  Redeemable Perpetual Preferred Units representing  limited partner interests,$22.31,0.03,0.135%,,United States,,654,,
NGNE,Neurogene Inc. Common Stock ,$21.78,0.01,0.046%,310627797.00,Canada,2014,125836,Health Care,Biotechnology: Pharmaceutical Preparations
NGS,Natural Gas Services Group Inc. Common Stock,$23.29,-0.80,-3.321%,291822046.00,United States,2002,110808,Energy,Oilfield Services/Equipment
NGVC,Natural Grocers by Vitamin Cottage Inc. Common Stock,$38.27,0.38,1.003%,878311043.00,United States,2012,207739,Consumer Staples,Food Chains
NGVT,Ingevity Corporation Common Stock ,$40.40,-1.39,-3.326%,1473181233.00,United States,2016,333965,Industrials,Major Chemicals
NHC,National HealthCare Corporation Common Stock,$94.57,-1.46,-1.52%,1463091430.00,United States,1986,54189,Health Care,Hospital/Nursing Management
NHI,National Health Investors Inc. Common Stock,$71.33,1.47,2.104%,3330659552.00,United States,,283141,Real Estate,Real Estate Investment Trusts
NHIC,NewHold Investment Corp III Class A Ordinary Shares,$10.19,0.00,0.00%,0.00,United States,2025,1,,
NHICU,NewHold Investment Corp III Units,$10.32,0.00,0.00%,0.00,United States,2025,33,Finance,Blank Checks
NHPAP,National Healthcare Properties Inc. 7.375% Series A Cumulative Redeemable Perpetual Preferred Stock,$16.14,-0.21,-1.284%,456704525.00,United States,,4481,Real Estate,Real Estate Investment Trusts
NHPBP,National Healthcare Properties Inc. 7.125% Series B Cumulative Redeemable Perpetual Preferred Stock,$16.10,-0.15,-0.923%,455572668.00,United States,,3722,Real Estate,Real Estate Investment Trusts
NHS,Neuberger Berman High Yield Strategies Fund,$7.37,-0.032,-0.432%,0.00,United States,,110405,Finance,Trusts Except Educational Religious and Charitable
NHTC,Natural Health Trends Corp. Common Stock,$4.65,-0.005,-0.107%,53535799.00,United States,,17957,Consumer Discretionary,Consumer Specialties
NI,NiSource Inc Common Stock,$42.59,0.14,0.33%,20047237107.00,United States,,3261373,Utilities,Power Generation
NIC,Nicolet Bankshares Inc. Common Stock,$125.96,-3.04,-2.357%,1899375150.00,United States,2022,85159,Finance,Major Banks
NICE,NICE Ltd American Depositary Shares,$152.61,-3.44,-2.204%,9652558540.00,Israel,,745962,Technology,Computer Software: Prepackaged Software
NIE,Virtus Equity & Convertible Income Fund Common Shares of Beneficial Interest,$23.89,-0.23,-0.954%,661967174.00,United States,2007,72398,Finance,Investment Managers
NIM,Nuveen Select Maturities Municipal Fund Common Stock,$9.12,0.05,0.551%,0.00,United States,1992,15389,Finance,Trusts Except Educational Religious and Charitable
NINE,Nine Energy Service Inc. Common Stock,$0.7156,-0.0423,-5.581%,30304689.00,United States,2018,882686,Energy,Oilfield Services/Equipment
NIO,NIO Inc. American depositary shares each  representing one Class A ordinary share,$5.01,0.14,2.875%,11252412896.00,United States,2018,81299417,Consumer Discretionary,Auto Manufacturing
NIOBW,NioCorp Developments Ltd. Warrant,$0.75,0.005,0.671%,28417500.00,United States,,59878,Basic Materials,Metal Mining
NIPG,NIP Group Inc. American Depositary Shares,$1.74,-0.11,-5.946%,98655018.00,Sweden,2024,254887,Consumer Discretionary,Services-Misc. Amusement & Recreation
NIQ,NIQ Global Intelligence plc Ordinary Shares,$16.93,-1.51,-8.189%,4994350000.00,,2025,3610406,Technology,Computer Software: Programming Data Processing
NISN,NiSun International Enterprise Development Group Co. Ltd. Class A Common Shares,$3.90,-0.2186,-5.308%,18713596.00,China,2016,5194,Industrials,Metal Fabrications
NITO,N2OFF Inc. Common Stock,$0.2245,-0.0135,-5.672%,5928801.00,Israel,,1384176,Industrials,Agricultural Chemicals
NIU,Niu Technologies American Depositary Shares,$3.51,-0.09,-2.50%,273653542.00,China,2018,330970,Consumer Discretionary,Auto Manufacturing
NIVF,NewGenIvf Group Limited Class A Ordinary Shares,$0.4002,-0.0348,-8.00%,1730691.00,Singapore,,1065306,Health Care,Misc Health and Biotechnology Services
NIVFW,NewGenIvf Group Limited Warrants,$0.0231,-0.0044,-16.00%,99897.00,Singapore,,3933,Health Care,Misc Health and Biotechnology Services
NIXX,Nixxy Inc. Common Stock,$1.61,-0.095,-5.572%,30855322.00,United States,,151490,Technology,EDP Services
NIXXW,Nixxy Inc. Warrant,$0.0372,-0.0043,-10.361%,712930.00,United States,,5570,Technology,EDP Services
NJR,NewJersey Resources Corporation Common Stock,$45.76,-0.15,-0.327%,4593002128.00,United States,,749417,Utilities,Oil/Gas Transmission
NKE,Nike Inc. Common Stock,$74.62,-0.07,-0.094%,110206538573.00,United States,,11903010,Consumer Discretionary,Shoe Manufacturing
NKSH,National Bankshares Inc. Common Stock,$27.11,-0.65,-2.341%,172510988.00,United States,,10247,Finance,Major Banks
NKTR,Nektar Therapeutics  Common Stock,$22.96,1.28,5.904%,284862562.00,United States,,504568,Health Care,Biotechnology: Pharmaceutical Preparations
NKTX,Nkarta Inc. Common Stock,$2.12,-0.05,-2.304%,150430014.00,United States,2020,472909,Health Care,Biotechnology: Pharmaceutical Preparations
NKX,Nuveen California AMT-Free Quality Municipal Income Fund,$11.64,0.13,1.129%,0.00,United States,2002,198038,Finance,Finance/Investors Services
NL,NL Industries Inc. Common Stock,$5.66,-0.51,-8.266%,276478174.00,United States,,85353,Industrials,Major Chemicals
NLOP,Net Lease Office Properties Common Shares of Beneficial Interest,$32.89,-0.30,-0.904%,487234927.00,United States,2023,65265,Real Estate,Real Estate Investment Trusts
NLSP,NLS Pharmaceutics Ltd. Ordinary Shares,$1.80,-0.04,-2.174%,6475754.00,Switzerland,2021,79193,Health Care,Biotechnology: Pharmaceutical Preparations
NLSPW,NLS Pharmaceutics Ltd. Warrant,$0.014,0.00,0.00%,50367.00,Switzerland,2021,2180,Health Care,Biotechnology: Pharmaceutical Preparations
NLY,Annaly Capital Management Inc. Common Stock,$20.51,0.18,0.885%,13168981365.00,United States,,6641228,Real Estate,Real Estate Investment Trusts
NLY^F,Annaly Capital Management Inc 6.95% Series F,$25.89,-0.07,-0.27%,,United States,,48197,,
NLY^G,Annaly Capital Management Inc 6.50% Series G Fixed-to-Floating Rate Cumulative Redeemable Preferred Stock,$25.49,-0.04,-0.157%,,United States,,14339,,
NLY^I,Annaly Capital Management Inc 6.750% Series I Fixed-to-Floating Rate Cumulative Redeemable Preferred Stock,$25.8579,-0.0321,-0.124%,,United States,,19145,,
NMAI,Nuveen Multi-Asset Income Fund Common Shares of Beneficial Interest,$12.35,-0.25,-1.984%,0.00,United States,2021,223879,Finance,Investment Managers
NMAX,Newsmax Inc. Class B Common Stock,$12.97,-0.32,-2.408%,1662635662.00,,2025,701292,Industrials,Broadcasting
NMCO,Nuveen Municipal Credit Opportunities Fund Common Shares,$10.16,0.12,1.195%,556478176.00,,2019,205291,Finance,Finance/Investors Services
NMFC,New Mountain Finance Corporation Common Stock,$10.42,-0.10,-0.951%,1123811744.00,United States,,536472,Finance,Finance/Investors Services
NMFCZ,New Mountain Finance Corporation 8.250% Notes due 2028,$25.25,0.0056,0.022%,2723248229.00,United States,,9611,,
NMG,Nouveau Monde Graphite Inc. Common Shares,$1.77,-0.04,-2.21%,269502305.00,,,72021,Basic Materials,Other Metals and Minerals
NMI,Nuveen Municipal Income Fund Inc. Common Stock,$9.87,-0.02,-0.202%,0.00,United States,1988,18228,Finance,Trusts Except Educational Religious and Charitable
NMIH,NMI Holdings Inc. Common Stock,$37.19,-0.13,-0.348%,2884981523.00,United States,2013,585663,Finance,Property-Casualty Insurers
NML,Neuberger Berman Energy Infrastructure and Income Fund Inc. Common Stock,$8.68,-0.08,-0.913%,0.00,United States,2013,143128,Finance,Finance/Investors Services
NMM,Navios Maritime Partners LP Common Units Representing Limited Partner Interests,$41.70,0.67,1.633%,1255576116.00,Greece,2007,93803,Consumer Discretionary,Marine Transportation
NMPAU,NMP Acquisition Corp. Units,$10.055,-0.005,-0.05%,0.00,United States,2025,384526,Finance,Blank Checks
NMR,Nomura Holdings Inc ADR American Depositary Shares,$6.68,0.03,0.451%,19747489246.00,Japan,,732212,Finance,Investment Bankers/Brokers/Service
NMRA,Neumora Therapeutics Inc. Common Stock,$1.56,-0.40,-20.408%,252326758.00,United States,2023,2110744,Health Care,Biotechnology: Biological Products (No Diagnostic Substances)
NMRK,Newmark Group Inc. Class A Common Stock,$15.12,-0.05,-0.33%,2790428054.00,United States,2017,2062289,Finance,Real Estate
NMS,Nuveen Minnesota Quality Municipal Income Fund ,$11.355,0.055,0.487%,0.00,United States,2014,20922,Finance,Finance Companies
NMT,Nuveen Massachusetts Quality Municipal Income Fund Common Stock,$11.37,0.04,0.353%,0.00,United States,,19163,Finance,Finance/Investors Services
NMTC,NeuroOne Medical Technologies Corporation Common Stock,$0.758,-0.0241,-3.081%,37761919.00,United States,,256596,Health Care,Medical/Dental Instruments
NMZ,Nuveen Municipal High Income Opportunity Fund Common Stock $0.01 par value per share,$10.07,0.14,1.41%,0.00,United States,2003,337871,Finance,Finance/Investors Services
NN,NextNav Inc. Common Stock,$14.81,0.02,0.135%,1960802206.00,United States,,890957,Industrials,Industrial Machinery/Components
NNAVW,NextNav Inc. Warrant,$6.045,0.055,0.918%,800340941.00,United States,,31730,Industrials,Industrial Machinery/Components
NNBR,NN Inc. Common Stock,$2.00,0.05,2.564%,100894302.00,United States,1994,380769,Industrials,Industrial Machinery/Components
NNDM,Nano Dimension Ltd. American Depositary Shares,$1.35,-0.05,-3.571%,293332693.00,Israel,,1845125,Technology,Electrical Products
NNE,Nano Nuclear Energy Inc. Common Stock,$33.99,-1.44,-4.064%,1274668269.00,United States,2024,3017346,Utilities,Electric Utilities: Central
NNI,Nelnet Inc. Common Stock,$123.09,-1.68,-1.346%,4474862604.00,United States,2003,66582,Finance,Finance: Consumer Services
NNN,NNN REIT Inc. Common Stock,$42.02,0.76,1.842%,7897705432.00,United States,,1776467,Real Estate,Real Estate Investment Trusts
NNNN,Anbio Biotechnology Class A Ordinary Shares,$42.80,-1.77,-3.971%,6158543360.00,Germany,2025,85420,Health Care,Biotechnology: In Vitro & In Vivo Diagnostic Substances
NNOX,NANO-X IMAGING LTD Ordinary Shares,$4.60,-0.11,-2.335%,293305205.00,Israel,2020,1379676,Health Care,Medical Electronics
NNVC,NanoViricides Inc. Common Stock,$1.58,-0.04,-2.469%,25393760.00,United States,,179395,Health Care,Biotechnology: Pharmaceutical Preparations
NNY,Nuveen New York Municipal Value Fund Common Stock,$8.07,0.04,0.498%,0.00,United States,1988,60867,Finance,Investment Managers
NOA,North American Construction Group Ltd. Common Shares (no par),$14.94,-0.09,-0.599%,415739593.00,Canada,2006,64564,Energy,Oilfield Services/Equipment
NOAH,Noah Holdings Limited American Depositary Shares,$11.87,-0.28,-2.305%,795654077.00,China,2010,74673,Finance,Investment Managers
NOC,Northrop Grumman Corporation Common Stock,$586.44,9.83,1.705%,83968227964.00,United States,,1006423,Industrials,Industrial Machinery/Components
NODK,NI Holdings Inc. Common Stock,$12.51,-0.23,-1.805%,258939161.00,United States,2017,14775,Finance,Property-Casualty Insurers
NOEM,CO2 Energy Transition Corp. Common Stock,$10.10,0.00,0.00%,0.00,United States,2025,9,,
NOEMR,CO2 Energy Transition Corp. Right,$0.1799,-0.0301,-14.333%,0.00,United States,2025,140,,
NOEMW,CO2 Energy Transition Corp. Warrant,$0.179,0.00,0.00%,0.00,United States,2025,85,,
NOG,Northern Oil and Gas Inc. Common Stock,$25.03,-3.13,-11.115%,2470563147.00,United States,2022,3654699,Energy,Oil & Gas Production
NOK,Nokia Corporation Sponsored American Depositary Shares,$4.05,-0.03,-0.735%,22703693897.00,Finland,1994,23526165,Technology,Radio And Television Broadcasting And Communications Equipment
NOM,Nuveen Missouri Quality Municipal Income Fund ,$10.90,0.045,0.415%,0.00,United States,1993,5623,Finance,Investment Managers
NOMD,Nomad Foods Limited Ordinary Shares,$16.97,0.13,0.772%,2603248520.00,United Kingdom,2016,435422,Consumer Staples,Packaged Foods
NOTE,FiscalNote Holdings Inc. Class A common stock,$0.5621,-0.0044,-0.777%,88933611.00,United States,2022,1910085,Consumer Discretionary,Business Services
NOTV,Inotiv Inc. Common Stock,$1.92,-0.09,-4.478%,65957718.00,United States,,312220,Health Care,Biotechnology: Commercial Physical & Biological Resarch
NOV,NOV Inc. Common Stock,$12.13,-0.45,-3.577%,4504654260.00,United States,,4160061,Industrials,Metal Fabrications
NOVT,Novanta Inc. Common Stock,$120.10,-2.92,-2.374%,4320096923.00,United States,,334494,Miscellaneous,Industrial Machinery/Components
NOW,ServiceNow Inc. Common Stock,$914.37,-28.75,-3.048%,190188960000.00,United States,2012,1810432,Technology,Computer Software: Prepackaged Software
NPAC,New Providence Acquisition Corp. III Class A Ordinary Shares,$10.155,-0.015,-0.147%,0.00,United States,2025,38330,,
NPACU,New Providence Acquisition Corp. III Units,$10.31,-0.06,-0.579%,0.00,United States,2025,19644,Finance,Blank Checks
NPACW,New Providence Acquisition Corp. III Warrants,$0.45,-0.06,-11.765%,0.00,United States,2025,15702,,
NPB,Northpointe Bancshares Inc. Common Stock,$14.50,-0.18,-1.226%,498287556.00,,2025,280291,Finance,Major Banks
NPCE,Neuropace Inc. Common Stock,$8.99,0.48,5.64%,294858560.00,United States,2021,247015,Health Care,Medical/Dental Instruments
NPCT,Nuveen Core Plus Impact Fund Common Shares of Beneficial Interest,$10.94,0.07,0.644%,0.00,United States,2021,117835,Finance,Investment Managers
NPFD,Nuveen Variable Rate Preferred & Income Fund Common Shares,$19.40,-0.05,-0.257%,0.00,United States,2021,34277,Finance,Trusts Except Educational Religious and Charitable
NPK,National Presto Industries Inc. Common Stock,$95.36,-1.09,-1.13%,681564812.00,United States,,62995,Industrials,Ordnance And Accessories
NPKI,NPK International Inc. Common Stock,$8.71,-0.31,-3.437%,736192508.00,United States,,685376,Industrials,Metal Fabrications
NPO,Enpro Inc. Common Stock,$209.91,-2.50,-1.177%,4417018580.00,United States,,172631,Industrials,Metal Fabrications
NPV,Nuveen Virginia Quality Municipal Income Fund Common Stock,$10.99,0.06,0.549%,0.00,United States,1993,121196,Finance,Investment Managers
NPWR,NET Power Inc. Class A Common Stock,$2.63,-0.25,-8.681%,576146376.00,United States,2021,2064540,Energy,Industrial Machinery/Components
NQP,Nuveen Pennsylvania Quality Municipal Income Fund Common Stock,$10.93,0.08,0.737%,0.00,United States,1991,101314,Finance,Trusts Except Educational Religious and Charitable
NRC,National Research Corporation Common Stock (Delaware),$12.58,0.08,0.64%,286640596.00,United States,,192643,Health Care,Biotechnology: Commercial Physical & Biological Resarch
NRDS,NerdWallet Inc. Class A Common Stock,$10.54,-0.05,-0.472%,785362899.00,United States,2021,698243,Technology,EDP Services
NRDY,Nerdy Inc. Class A Common Stock,$1.43,-0.08,-5.298%,263354071.00,United States,2020,387246,Real Estate,Other Consumer Services
NREF,NexPoint Real Estate Finance Inc. Common Stock,$13.67,-0.13,-0.942%,242149874.00,United States,2020,49032,Real Estate,Real Estate Investment Trusts
NREF^A,NexPoint Real Estate Finance Inc. 8.50% Series A Cumulative Redeemable Preferred Stock,$23.76,-0.09,-0.377%,,United States,,220,,
NRG,NRG Energy Inc. Common Stock,$167.63,0.43,0.257%,32773413046.00,United States,,2557572,Utilities,Electric Utilities: Central
NRGV,Energy Vault Holdings Inc. Common Stock,$1.05,-0.10,-8.696%,163846505.00,United States,2021,894478,Miscellaneous,Industrial Machinery/Components
NRIM,Northrim BanCorp Inc Common Stock,$81.68,-1.85,-2.215%,451091441.00,United States,,50773,Finance,Savings Institutions
NRIX,Nurix Therapeutics Inc. Common stock,$11.04,-0.22,-1.954%,844000879.00,United States,2020,533693,Health Care,Biotechnology: Pharmaceutical Preparations
NRK,Nuveen New York AMT-Free Quality Municipal Income Fund ,$9.445,0.085,0.908%,0.00,United States,2002,528811,Finance,Trusts Except Educational Religious and Charitable
NRO,Neuberger Berman Real Estate Securities Income Fund Inc.,$3.23,0.01,0.311%,0.00,United States,2003,142766,Finance,Finance/Investors Services
NRP,Natural Resource Partners LP Limited Partnership,$102.68,0.26,0.254%,1349019800.00,United States,2002,17216,Energy,Coal Mining
NRSN,NeuroSense Therapeutics Ltd. Ordinary Shares,$1.08,-0.72,-40.00%,25907763.00,Israel,2021,1581564,Health Care,Biotechnology: Pharmaceutical Preparations
NRSNW,NeuroSense Therapeutics Ltd. Warrant,$0.39,-0.16,-29.091%,9355581.00,Israel,2021,18066,Health Care,Biotechnology: Pharmaceutical Preparations
NRT,North European Oil Royality Trust Common Stock,$5.05,0.07,1.406%,46412480.00,United States,,46308,Energy,Oil & Gas Production
NRUC,National Rural Utilities Cooperative Finance Corporation 5.500% Subordinated Notes due 2064 (Subordinated Deferrable Interest Notes),$24.45,-0.21,-0.852%,0.00,United States,2019,4586,Finance,Diversified Financial Services
NRXP,NRX Pharmaceuticals Inc. Common Stock,$2.59,-0.10,-3.717%,44779007.00,United States,2017,124647,Health Care,Biotechnology: Pharmaceutical Preparations
NRXPW,NRX Pharmaceuticals Inc. Warrant,$0.098,0.014,16.667%,1694341.00,United States,2017,1962,Health Care,Biotechnology: Pharmaceutical Preparations
NRXS,Neuraxis Inc. Common Stock,$2.50,-0.12,-4.58%,18039660.00,,2023,12642,Health Care,Biotechnology: Electromedical & Electrotherapeutic Apparatus
NSA,National Storage Affiliates Trust Common Shares of Beneficial Interest,$29.60,0.14,0.475%,2264080616.00,United States,2015,1041058,Real Estate,Real Estate Investment Trusts
NSA^A,National Storage Affiliates Trust 6.000% Series A Cumulative Redeemable Preferred Shares of Beneficial Interest (Liquidation Preference $25.00 per share),$22.41,-0.10,-0.444%,,United States,,9785,,
NSA^B,National Storage Affiliates Trust 6.000% Series B Cumulative Redeemable Preferred Shares of Beneficial Interest,$21.50,0.12,0.561%,,United States,,302,,
NSC,Norfolk Southern Corporation Common Stock,$274.85,-3.15,-1.133%,61735403616.00,United States,,2727424,Industrials,Railroads
NSIT,Insight Enterprises Inc. Common Stock,$120.40,1.82,1.535%,3844157206.00,United States,1995,665084,Consumer Discretionary,Catalog/Specialty Distribution
NSP,Insperity Inc. Common Stock,$45.07,-14.51,-24.354%,1695827662.00,United States,,2277433,Consumer Discretionary,Professional Services
NSPR,InspireMD Inc. Common Stock,$2.69,-0.10,-3.584%,82409081.00,Israel,,95514,Health Care,Medical/Dental Instruments
NSSC,NAPCO Security Technologies Inc. Common Stock,$30.23,-0.30,-0.983%,1077893607.00,United States,,213741,Telecommunications,Telecommunications Equipment
NSTS,NSTS Bancorp Inc. Common Stock,$12.20,-0.02,-0.164%,64023477.00,United States,2022,278,Finance,Savings Institutions
NSYS,Nortech Systems Incorporated Common Stock,$8.1952,0.0252,0.308%,22626890.00,United States,,2512,Technology,Industrial Machinery/Components
NTAP,NetApp Inc. Common Stock,$101.10,-3.03,-2.91%,20257018978.00,United States,1995,1414970,Technology,Electronic Components
NTB,Bank of N.T. Butterfield & Son Limited (The) Voting Ordinary Shares,$44.72,-0.79,-1.736%,1922960000.00,Bermuda,2016,168552,Finance,Commercial Banks
NTCL,NETCLASS TECHNOLOGY INC Class A Ordinary Shares,$1.87,-0.01,-0.532%,33342100.00,China,2024,150175,Technology,Computer Software: Prepackaged Software
NTCT,NetScout Systems Inc. Common Stock,$20.77,-0.65,-3.035%,1481497784.00,United States,1999,531872,Technology,EDP Services
NTES,NetEase Inc. American Depositary Shares,$127.31,-2.99,-2.295%,80612473536.00,China,,660055,Technology,Computer Software: Prepackaged Software
NTGR,NETGEAR Inc. Common Stock,$22.50,-0.75,-3.226%,647630865.00,United States,2003,807440,Utilities,Telecommunications Equipment
NTHI,NeOnc Technologies Holdings Inc. Common Stock,$4.75,-0.15,-3.061%,90377186.00,United States,,36015,Health Care,Biotechnology: Pharmaceutical Preparations
NTIC,Northern Technologies International Corporation Common Stock,$7.48,-0.22,-2.857%,70868235.00,United States,,10775,Industrials,Industrial Specialties
NTIP,Network-1 Technologies Inc. Common Stock,$1.42,0.02,1.429%,32442121.00,United States,,14621,Miscellaneous,Multi-Sector Companies
NTLA,Intellia Therapeutics Inc. Common Stock,$11.49,-0.15,-1.289%,1190173197.00,United States,2016,5096301,Health Care,Biotechnology: In Vitro & In Vivo Diagnostic Substances
NTNX,Nutanix Inc. Class A Common Stock,$72.11,-3.06,-4.071%,19331065136.00,United States,2016,2136813,Technology,Computer Software: Prepackaged Software
NTR,Nutrien Ltd. Common Shares,$58.56,-0.76,-1.281%,28547223377.00,Canada,2004,1521922,Industrials,Agricultural Chemicals
NTRA,Natera Inc. Common Stock,$134.58,0.92,0.688%,18376438736.00,United States,2015,1165828,Health Care,Medical Specialities
NTRB,Nutriband Inc. Common Stock,$7.39,0.18,2.497%,103036656.00,United States,,14056,Health Care,Industrial Specialties
NTRBW,Nutriband Inc. Warrant,$2.03,0.00,0.00%,28303709.00,United States,,20,Health Care,Industrial Specialties
NTRP,NextTrip Inc. Common Stock,$3.74,0.11,3.03%,29346295.00,United States,,5553,Consumer Discretionary,Miscellaneous manufacturing industries
NTRS,Northern Trust Corporation Common Stock,$127.06,-2.94,-2.262%,24298103606.00,United States,,1409350,Finance,Major Banks
NTRSO,Northern Trust Corporation Depositary Shares Each Representing a 1/1000th Interest in a Share of Series E Non-Cumulative Perpetual Preferred Stock,$20.31,0.11,0.545%,3883948404.00,United States,,35703,Finance,Major Banks
NTST,NetSTREIT Corp. Common Stock,$18.31,0.08,0.439%,1528297212.00,United States,2020,2137115,Real Estate,Real Estate Investment Trusts
NTWK,NetSol Technologies Inc. Common  Stock,$3.81,-0.26,-6.388%,44613359.00,United States,,50114,Technology,Computer Software: Prepackaged Software
NTWO,Newbury Street II Acquisition Corp Class A Ordinary Shares,$10.33,0.00,0.00%,0.00,United States,2024,4,,
NTWOW,Newbury Street II Acquisition Corp Warrant,$0.1922,-0.0143,-6.925%,0.00,United States,2024,535,,
NTZ,Natuzzi S.p.A.,$2.62,-0.04,-1.504%,28858276.00,Italy,1993,11283,Consumer Discretionary,Home Furnishings
NU,Nu Holdings Ltd. Class A Ordinary Shares,$12.05,-0.17,-1.391%,58064836612.00,Cayman Islands,2021,41227017,Finance,Finance: Consumer Services
NUE,Nucor Corporation Common Stock,$138.67,-4.40,-3.075%,31998172667.00,United States,,1721016,Industrials,Steel/Iron Ore
NUKK,Nukkleus Inc. Common Stock,$5.24,-0.75,-12.521%,28090823.00,United States,2020,354514,Consumer Discretionary,Professional Services
NUKKW,Nukkleus Inc. Warrants,$0.0878,-0.0057,-6.096%,470682.00,United States,2020,91773,Consumer Discretionary,Professional Services
NUS,Nu Skin Enterprises Inc. Common Stock,$8.20,-0.18,-2.148%,405186551.00,United States,1996,559084,Health Care,Other Pharmaceuticals
NUTX,Nutex Health Inc. Common Stock,$84.00,-0.81,-0.955%,467517036.00,United States,,222372,Consumer Discretionary,Business Services
NUV,Nuveen Municipal Value Fund Inc. Common Stock,$8.62,0.07,0.819%,0.00,United States,1987,521845,Finance,Trusts Except Educational Religious and Charitable
NUVB,Nuvation Bio Inc. Class A Common Stock,$2.23,-0.13,-5.508%,758786436.00,United States,2020,3600518,Health Care,Biotechnology: Pharmaceutical Preparations
NUVL,Nuvalent Inc. Class A Common Stock,$77.76,-0.59,-0.753%,5583849566.00,United States,2021,376599,Health Care,Biotechnology: Pharmaceutical Preparations
NUW,Nuveen AMT-Free Municipal Value Fund,$13.78,0.14,1.026%,0.00,United States,2009,29915,Finance,Investment Managers
NUWE,Nuwellis Inc. Common Stock,$9.10,-0.50,-5.208%,1184401.00,United States,,177054,Health Care,Biotechnology: Electromedical & Electrotherapeutic Apparatus
NVA,Nova Minerals Limited American Depositary Shares,$11.43,0.40,3.626%,51803972.00,Australia,2024,73666,Basic Materials,Precious Metals
NVAWW,Nova Minerals Limited Warrant,$5.45,0.01,0.184%,1482056001.00,Australia,2024,11500,Basic Materials,Precious Metals
NVAX,Novavax Inc. Common Stock,$6.56,-0.09,-1.353%,1062525417.00,United States,,5428666,Health Care,Biotechnology: Biological Products (No Diagnostic Substances)
NVCR,NovoCure Limited Ordinary Shares,$11.32,-0.25,-2.161%,1265567963.00,Jersey,2015,2061508,Health Care,Medical/Dental Instruments
NVCT,Nuvectis Pharma Inc. Common Stock,$6.80,-0.16,-2.299%,160715185.00,United States,2022,98441,Health Care,Biotechnology: Pharmaceutical Preparations
NVDA,NVIDIA Corporation Common Stock,$173.72,-4.15,-2.333%,4238768000000.00,United States,1999,203841093,Technology,Semiconductors
NVEC,NVE Corporation Common Stock,$60.79,-2.54,-4.011%,294051321.00,United States,,65521,Technology,Semiconductors
NVEE,NV5 Global Inc. Common Stock,$22.56,0.11,0.49%,1480992665.00,United States,2013,3378882,Consumer Discretionary,Other Consumer Services
NVFY,Nova Lifestyle Inc. Common Stock,$2.35,0.06,2.62%,32215732.00,United States,,81957,Consumer Discretionary,Home Furnishings
NVG,Nuveen AMT-Free Municipal Credit Income Fund ,$11.75,0.10,0.858%,0.00,United States,2002,676676,Finance,Investment Managers
NVGS,Navigator Holdings Ltd. Ordinary Shares (Marshall Islands),$15.47,-0.30,-1.902%,1073581615.00,Marshall Islands,2013,373431,Consumer Discretionary,Marine Transportation
NVMI,Nova Ltd. Ordinary Shares,$263.55,0.96,0.366%,7716478078.00,Israel,2000,210128,Technology,Electronic Components
NVNI,Nvni Group Limited Ordinary Shares,$0.6201,-0.0417,-6.301%,57210426.00,Cayman Islands,,13522621,Technology,Computer Software: Prepackaged Software
NVNIW,Nvni Group Limited Warrants,$0.0611,-0.0162,-20.957%,5637086.00,Cayman Islands,,72530,Technology,Computer Software: Prepackaged Software
NVNO,enVVeno Medical Corporation Common Stock,$4.87,0.26,5.64%,85400320.00,United States,2018,123359,Health Care,Medical/Dental Instruments
NVO,Novo Nordisk A/S Common Stock,$48.19,1.12,2.379%,215168350000.00,Denmark,,34718851,Health Care,Biotechnology: Pharmaceutical Preparations
NVR,NVR Inc. Common Stock,$7760.68,211.19,2.797%,22690916765.00,United States,1998,15030,Consumer Discretionary,Homebuilding
NVRI,Enviri Corporation Common Stock,$8.60,-0.40,-4.444%,692276608.00,United States,,752388,Miscellaneous,Diversified Commercial Services
NVS,Novartis AG Common Stock,$115.30,1.56,1.372%,227727790294.00,Switzerland,,1927789,Health Care,Biotechnology: Pharmaceutical Preparations
NVST,Envista Holdings Corporation Common Stock,$20.83,1.94,10.27%,3530414481.00,United States,2019,6349510,Health Care,Medical/Dental Instruments
NVT,nVent Electric plc Ordinary Shares ,$89.88,11.46,14.614%,14797462199.00,United Kingdom,2018,6166321,Industrials,Industrial Machinery/Components
NVTS,Navitas Semiconductor Corporation Common Stock,$7.96,0.63,8.595%,1526789977.00,United States,,32370888,Technology,Semiconductors
NVVE,Nuvve Holding Corp. Common Stock,$0.5275,-0.0523,-9.02%,1949920.00,United States,2020,1277938,Industrials,Electrical Products
NVVEW,Nuvve Holding Corp. Warrant,$0.0279,0.0039,16.25%,103133.00,United States,2020,340,Industrials,Electrical Products
NVX,NOVONIX Limited American Depository Shares,$1.17,-0.025,-2.092%,166123033.00,Australia,,221699,Miscellaneous,Industrial Machinery/Components
NWBI,Northwest Bancshares Inc. Common Stock,$11.695,-0.005,-0.043%,1494064914.00,United States,2009,1438024,Finance,Major Banks
NWE,NorthWestern Energy Group Inc. Common Stock,$53.53,-0.17,-0.317%,3285652611.00,United States,,459008,Utilities,Power Generation
NWFL,Norwood Financial Corp. Common Stock,$24.08,-0.16,-0.66%,222993370.00,United States,,36765,Finance,Major Banks
NWG,NatWest Group plc American Depositary Shares (each representing two (2) Ordinary Shares),$13.74,-0.24,-1.717%,55642543761.00,United Kingdom,2022,3973097,Finance,Commercial Banks
NWGL,Nature Wood Group Limited American Depositary Shares,$1.07,0.00,0.00%,17711887.00,China,2023,60140,Energy,
NWL,Newell Brands Inc. Common Stock,$4.76,-0.85,-15.152%,1988252000.00,United States,,30629059,Industrials,Plastic Products
NWN,Northwest Natural Holding Company Common Stock,$39.88,-0.04,-0.10%,1607553229.00,United States,,261373,Utilities,Oil/Gas Transmission
NWPX,NWPX Infrastructure Inc. Common Stock,$40.54,-1.24,-2.968%,400457079.00,United States,1995,64940,Industrials,Steel/Iron Ore
NWS,News Corporation Class B Common Stock,$33.25,-0.17,-0.509%,18823240160.00,United States,,576957,Consumer Discretionary,Newspapers/Magazines
NWSA,News Corporation Class A Common Stock,$29.09,-0.23,-0.784%,16468212218.00,United States,,2872101,Consumer Discretionary,Newspapers/Magazines
NWTG,Newton Golf Company Inc. Common Stock,$1.89,0.06,3.279%,8535495.00,United States,2023,76024,Consumer Discretionary,Recreational Games/Products/Toys
NWTN,NWTN Inc. Class B Ordinary Shares,$1.41,0.11,8.462%,412001567.00,United Arab Emirates,,257530,Consumer Discretionary,Auto Manufacturing
NWTNW,NWTN Inc. Warrant,$0.0414,-0.0084,-16.867%,12097067.00,United Arab Emirates,,43267,Consumer Discretionary,Auto Manufacturing
NX,Quanex Building Products Corporation Common Stock,$19.57,0.09,0.462%,899694663.00,United States,,790428,Industrials,Metal Fabrications
NXC,Nuveen California Select Tax-Free Income Portfolio Common Stock,$12.95,0.125,0.975%,82373435.00,United States,1992,13724,Finance,Investment Managers
NXDR,Nextdoor Holdings Inc. Class A Common Stock,$1.70,-0.05,-2.857%,650400375.00,United States,,1792064,Technology,Computer Software: Programming Data Processing
NXDT,NexPoint Diversified Real Estate Trust Common Stock,$4.35,-0.04,-0.911%,198812644.00,United States,,94649,Real Estate,Real Estate Investment Trusts
NXDT^A,NexPoint Diversified Real Estate Trust 5.50% Series A Cumulative Preferred Shares ($25.00 liquidation preference per share),$14.05,-0.14,-0.987%,,United States,,982,,
NXE,Nexgen Energy Ltd. Common Shares,$6.48,-0.23,-3.428%,3691451971.00,Canada,2017,6526303,Basic Materials,Other Metals and Minerals
NXG,NXG NextGen Infrastructure Income Fund Common Shares of Beneficial Interest,$52.06,-1.03,-1.94%,135445231.00,,2012,60129,,
NXGL,NexGel Inc Common Stock,$2.57,0.3202,14.232%,19672160.00,United States,2021,113217,Health Care,Medical/Dental Instruments
NXGLW,NexGel Inc Warrant,$0.335,0.015,4.688%,2564270.00,United States,2021,210,Health Care,Medical/Dental Instruments
NXJ,Nuveen New Jersey Qualified Municipal Fund ,$11.25,0.07,0.626%,0.00,United States,2001,215174,Finance,Finance/Investors Services
NXL,Nexalin Technology Inc. Common Stock,$0.9889,-0.0111,-1.11%,16987254.00,United States,2022,21833,Health Care,Biotechnology: Electromedical & Electrotherapeutic Apparatus
NXLIW,Nexalin Technology Inc. Warrant,$0.0487,0.00,0.00%,836565.00,United States,2022,15317,Health Care,Biotechnology: Electromedical & Electrotherapeutic Apparatus
NXN,Nuveen New York Select Tax-Free Income Portfolio Common Stock,$11.48,0.00,0.00%,45057795.00,United States,1992,23352,Finance,Trusts Except Educational Religious and Charitable
NXP,Nuveen Select Tax Free Income Portfolio Common Stock,$13.90,0.04,0.289%,650507671.00,United States,1992,211236,Finance,Trusts Except Educational Religious and Charitable
NXPI,NXP Semiconductors N.V. Common Stock,$209.92,-3.85,-1.801%,52923895782.00,Netherlands,2010,2554398,Technology,Semiconductors
NXPL,NextPlat Corp Common Stock,$0.6893,0.0071,1.041%,17896331.00,United States,,18858,Telecommunications,Telecommunications Equipment
NXRT,NexPoint Residential Trust Inc. Common Stock,$30.78,-0.40,-1.283%,780718387.00,United States,2015,256275,Real Estate,Real Estate Investment Trusts
NXST,Nexstar Media Group Inc. Common Stock,$184.60,-2.51,-1.341%,5565482325.00,United States,2003,189547,Industrials,Broadcasting
NXT,Nextracker Inc. Class A Common Stock,$56.57,-1.69,-2.901%,8274152330.00,United States,2023,2221715,Industrials,Industrial Machinery/Components
NXTC,NextCure Inc. Common Stock,$4.89,-0.07,-1.411%,11430453.00,United States,2019,35002,Health Care,Biotechnology: Pharmaceutical Preparations
NXTT,Next Technology Holding Inc. Ordinary Shares,$1.99,0.07,3.646%,868167619.00,China,,304872,Technology,EDP Services
NXXT,NextNRG Inc. Common Stock,$1.27,-0.06,-4.511%,150490660.00,United States,2021,133450,Consumer Discretionary,Retail-Auto Dealers and Gas Stations
NYAX,Nayax Ltd. Ordinary Shares,$42.65,-0.47,-1.09%,1566354005.00,Israel,,13977,Technology,Computer Software: Prepackaged Software
NYC,American Strategic Investment Co. Class A Common Stock,$13.11,0.00,0.00%,34532763.00,,2020,1330,Real Estate,Real Estate Investment Trusts
NYMT,New York Mortgage Trust Inc. Common Stock,$6.58,0.25,3.949%,594162294.00,United States,,1662336,Real Estate,Real Estate Investment Trusts
NYMTG,New York Mortgage Trust Inc. 9.125% Senior Notes Due 2030,$24.37,-0.03,-0.123%,0.00,United States,,28071,Real Estate,Real Estate Investment Trusts
NYMTH,New York Mortgage Trust Inc. 9.875% Senior Notes Due 2030,$24.97,0.02,0.08%,0.00,United States,,23036,,
NYMTI,New York Mortgage Trust Inc. 9.125% Senior Notes Due 2029,$24.46,-0.06,-0.245%,2215573323.00,United States,,12112,Real Estate,Real Estate Investment Trusts
NYMTL,New York Mortgage Trust Inc. 6.875% Series F Fixed-to-Floating Rate Cumulative Redeemable Preferred Stock $0.01 par value per share,$21.94,0.14,0.642%,1981142969.00,United States,,2412,Real Estate,Real Estate Investment Trusts
NYMTM,New York Mortgage Trust Inc. 7.875% Series E Fixed-to-Floating Rate Cumulative Redeemable Preferred Stock,$24.70,-0.06,-0.242%,2230366059.00,United States,,6179,Real Estate,Real Estate Investment Trusts
NYMTN,New York Mortgage Trust Inc. 8.00% Series D Fixed-to-Floating Rate Cumulative Redeemable Preferred Stock,$21.74,0.01,0.046%,1963083325.00,United States,,10692,Real Estate,Real Estate Investment Trusts
NYMTZ,New York Mortgage Trust Inc. 7.000% Series G Cumulative Redeemable Preferred Stock $0.01 par value per share,$18.26,0.0656,0.361%,1648845515.00,United States,,3609,Real Estate,Real Estate Investment Trusts
NYT,New York Times Company (The) Common Stock,$52.29,0.40,0.771%,8525875820.00,United States,,1987573,Consumer Discretionary,Newspapers/Magazines
NYXH,Nyxoah SA Ordinary Shares,$7.30,-0.16,-2.145%,273219035.00,Belgium,2021,60727,Health Care,Medical/Dental Instruments
NZF,Nuveen Municipal Credit Income Fund ,$11.87,0.17,1.453%,0.00,United States,2007,854906,Finance,Finance Companies
O,Realty Income Corporation Common Stock,$56.57,0.44,0.784%,51087232602.00,United States,,7980526,Real Estate,Real Estate Investment Trusts
OABI,OmniAb Inc. Common Stock,$1.91,0.00,0.00%,233660492.00,United States,2021,569096,Health Care,Biotechnology: Commercial Physical & Biological Resarch
OABIW,OmniAb Inc. Warrant,$0.29,0.01,3.571%,35477247.00,United States,2021,1253,Health Care,Biotechnology: Commercial Physical & Biological Resarch
OACC,Oaktree Acquisition Corp. III Life Sciences Class A Ordinary Share,$10.47,0.00,0.00%,0.00,United States,2024,1811,Finance,Blank Checks
OACCU,Oaktree Acquisition Corp. III Life Sciences Unit,$10.61,0.00,0.00%,0.00,United States,2024,5,Finance,Blank Checks
OACCW,Oaktree Acquisition Corp. III Life Sciences Warrant,$0.85,0.00,0.00%,0.00,United States,2024,25,Finance,Blank Checks
OAK^A,Brookfield Oaktree Holdings LLC 6.625% Series A Preferred Units,$22.02,0.10,0.456%,,United States,,4950,,
OAK^B,Brookfield Oaktree Holdings LLC 6.550% Series B Preferred Units,$21.51,0.20,0.939%,,United States,,6266,,
OAKU,Oak Woods Acquisition Corporation Class A Ordinary Shares,$11.7601,0.00,0.00%,0.00,Canada,2023,1,Finance,Blank Checks
OAKUR,Oak Woods Acquisition Corporation Right,$0.29,0.00,0.00%,0.00,Canada,2023,50,Finance,Blank Checks
OBAWU,Oxley Bridge Acquisition Limited Unit,$10.04,0.00,0.00%,0.00,Hong Kong,2025,1820,,
OBDC,Blue Owl Capital Corporation Common Stock,$14.08,-0.20,-1.401%,7195559177.00,,2019,3044440,Finance,Diversified Financial Services
OBE,Obsidian Energy Ltd. Common Shares,$5.90,-0.22,-3.595%,416061492.00,Canada,2022,376701,Energy,Oil & Gas Production
OBIO,Orchestra BioMed Holdings Inc. Ordinary Shares,$2.44,-0.62,-20.261%,93482529.00,United States,2020,1721596,Health Care, Medicinal Chemicals and Botanical Products 
OBK,Origin Bancorp Inc. Common Stock,$35.32,-1.23,-3.365%,1100562935.00,United States,,188581,Finance,Major Banks
OBLG,Oblong Inc. Common Stock,$3.465,-0.265,-7.105%,4591021.00,United States,,76151,Technology,Computer Software: Programming Data Processing
OBT,Orange County Bancorp Inc. Common Stock,$23.86,-1.13,-4.522%,271615989.00,United States,,56506,Finance,Major Banks
OC,Owens Corning Inc Common Stock New,$136.56,-2.87,-2.058%,11614773497.00,United States,,920469,Industrials,Industrial Machinery/Components
OCC,Optical Cable Corporation Common Stock,$4.74,0.26,5.804%,39001881.00,United States,,48123,Industrials,Telecommunications Equipment
OCCI,OFS Credit Company Inc. Common Stock,$5.95,-0.07,-1.163%,69118235.00,United States,2018,335284,Finance,Trusts Except Educational Religious and Charitable
OCCIM,OFS Credit Company Inc. 7.875% Series F Term Preferred Stock,$25.1008,0.00,0.00%,0.00,United States,,80,,
OCCIN,OFS Credit Company Inc. 5.25% Series E Term Preferred Stock Due 2026,$24.4262,-0.0538,-0.22%,283747197.00,United States,,419,Finance,Trusts Except Educational Religious and Charitable
OCCIO,OFS Credit Company Inc. 6.125% Series C Term Preferred Stock,$24.99,-0.085,-0.339%,290296585.00,United States,,725,Finance,Trusts Except Educational Religious and Charitable
OCFC,OceanFirst Financial Corp. Common Stock,$16.36,-0.42,-2.503%,955154469.00,United States,,426945,Finance,Major Banks
OCFT,OneConnect Financial Technology Co. Ltd. American Depositary Shares each representing thirty ordinary shares,$7.38,-0.07,-0.94%,287815240.00,China,2019,24014,Technology,Computer Software: Programming Data Processing
OCG,Oriental Culture Holding LTD Ordinary Shares,$5.11,0.00,0.00%,105950367.00,China,2020,263,Consumer Discretionary,Other Consumer Services
OCGN,Ocugen Inc. Common Stock,$0.9936,-0.0364,-3.534%,290162295.00,United States,2014,4433007,Health Care,Biotechnology: Biological Products (No Diagnostic Substances)
OCS,Oculis Holding AG Ordinary shares,$17.70,0.06,0.34%,772824515.00,Switzerland,,7983,Health Care,Biotechnology: Pharmaceutical Preparations
OCSAW,Oculis Holding AG Warrants,$7.26,-0.23,-3.071%,316989039.00,Switzerland,,9683,Health Care,Biotechnology: Pharmaceutical Preparations
OCSL,Oaktree Specialty Lending Corporation Common Stock,$13.56,-0.27,-1.952%,1194439692.00,United States,,760634,Finance,Finance: Consumer Services
OCTO,Eightco Holdings Inc. Common Stock,$1.58,0.13,8.966%,4810696.00,United States,,218323,,
OCUL,Ocular Therapeutix Inc. Common Stock,$11.92,0.34,2.936%,1898852853.00,United States,2014,1645837,Health Care,Biotechnology: Pharmaceutical Preparations
ODC,Oil-Dri Corporation Of America Common Stock,$56.10,-0.30,-0.532%,821204591.00,United States,,61003,Consumer Discretionary,Miscellaneous manufacturing industries
ODD,ODDITY Tech Ltd. Class A Ordinary Shares,$71.70,1.63,2.326%,4002888465.00,Israel,2023,2086341,Consumer Discretionary,Package Goods/Cosmetics
ODFL,Old Dominion Freight Line Inc. Common Stock,$141.85,-7.40,-4.958%,29976507139.00,United States,1991,2653919,Industrials,Trucking Freight/Courier Services
ODP,The ODP Corporation Common Stock,$17.17,-0.67,-3.756%,516515237.00,United States,,691160,Consumer Discretionary,Other Specialty Stores
ODV,Osisko Development Corp. Common Shares,$2.22,0.07,3.256%,303371198.00,Canada,2022,854952,Basic Materials,Precious Metals
ODVWZ,Osisko Development Corp. Warrant expiring 5/27/2027,$0.1501,0.00,0.00%,20511719.00,Canada,,1,Basic Materials,Precious Metals
ODYS,Odysight.ai Inc. Common Stock,$4.46,-0.20,-4.292%,72771389.00,Israel,,2967,Technology,Electronic Components
OEC,Orion S.A. Common Shares,$9.25,-0.45,-4.639%,520494244.00,Luxembourg,2014,665428,Industrials,Major Chemicals
OESX,Orion Energy Systems Inc. Common Stock,$0.5898,-0.0071,-1.189%,19643701.00,United States,2015,38121,Consumer Discretionary,Building Products
OFAL,OFA Group Ordinary Shares,$1.49,-0.13,-8.025%,19326955.00,Hong Kong,2025,157939,Consumer Discretionary,Military/Government/Technical
OFG,OFG Bancorp Common Stock,$41.78,-0.84,-1.971%,1876469778.00,Puerto Rico,,283667,Finance,Major Banks
OFIX,Orthofix Medical Inc. Common Stock (DE),$10.77,-0.27,-2.446%,421977571.00,Curacao,1992,332764,Health Care,Medical/Dental Instruments
OFLX,Omega Flex Inc. Common Stock,$31.19,-0.71,-2.226%,314841903.00,United States,,46710,Industrials,Industrial Specialties
OFS,OFS Capital Corporation Common Stock,$8.30,-0.18,-2.123%,111204047.00,United States,,72123,Finance,Finance/Investors Services
OFSSH,OFS Capital Corporation 4.95% Notes due 2028,$23.4006,0.1806,0.778%,313523064.00,United States,,1000,Finance,Finance Companies
OFSSO,OFS Capital Corporation 7.50% Notes due 2028,$25.10,0.07,0.28%,0.00,United States,,33700,,
OGE,OGE Energy Corp Common Stock,$45.33,-0.09,-0.198%,9129241787.00,United States,,1104864,Utilities,Electric Utilities: Central
OGEN,Oragenics Inc. Common Stock,$1.25,-0.01,-0.794%,894804.00,United States,,109077,Health Care,Biotechnology: Pharmaceutical Preparations
OGI,Organigram Global Inc. Common Shares,$1.33,-0.01,-0.746%,178065630.00,Canada,,721318,Health Care,Biotechnology: Pharmaceutical Preparations
OGN,Organon & Co. Common Stock ,$9.75,0.05,0.515%,2534571614.00,United States,2021,3693620,Health Care,Biotechnology: Pharmaceutical Preparations
OGS,ONE Gas Inc. Common Stock,$72.51,-0.19,-0.261%,4345562585.00,United States,2014,570591,Utilities,Oil/Gas Transmission
OHI,Omega Healthcare Investors Inc. Common Stock,$39.95,1.05,2.699%,11561330250.00,United States,1992,3298428,Real Estate,Real Estate Investment Trusts
OI,O-I Glass Inc. Common Stock,$12.83,-0.18,-1.384%,1976759887.00,United States,,1861734,Consumer Discretionary,Containers/Packaging
OIA,Invesco Municipal Income Opportunities Trust Common Stock,$5.63,0.05,0.896%,268019466.00,United States,,168938,Finance,Finance Companies
OII,Oceaneering International Inc. Common Stock,$21.17,-0.53,-2.442%,2121394807.00,United States,,956097,Energy,Oilfield Services/Equipment
OIS,Oil States International Inc. Common Stock,$4.88,-0.11,-2.204%,301919827.00,United States,2001,760990,Industrials,Metal Fabrications
OKE,ONEOK Inc. Common Stock,$78.99,-3.12,-3.80%,49339719516.00,United States,,3671183,Utilities,Oil & Gas Production
OKLO,Oklo Inc. Class A common stock,$71.49,-5.10,-6.659%,9951779677.00,United States,2021,19734777,Utilities,Electric Utilities: Central
OKTA,Okta Inc. Class A Common Stock,$95.13,-2.67,-2.73%,16654722173.00,United States,2017,2889137,Technology,Computer Software: Prepackaged Software
OKUR,OnKure Therapeutics Inc. Class A Common Stock,$2.20,-0.01,-0.452%,29722878.00,United States,2021,18324,Health Care,Biotechnology: Pharmaceutical Preparations
OKYO,OKYO Pharma Limited Ordinary Shares,$3.10,0.40,14.815%,104904000.00,Guernsey,2022,802080,Health Care,Biotechnology: Biological Products (No Diagnostic Substances)
OLB,The OLB Group Inc. Common Stock,$1.60,0.08,5.263%,4492478.00,United States,,306299,Consumer Discretionary,Business Services
OLED,Universal Display Corporation Common Stock,$144.98,0.58,0.402%,6890340502.00,United States,,1119443,Technology,Electrical Products
OLLI,Ollie's Bargain Outlet Holdings Inc. Common Stock,$138.04,1.41,1.032%,8467528481.00,United States,2015,650318,Consumer Discretionary,Department/Specialty Retail Stores
OLMA,Olema Pharmaceuticals Inc. Common Stock,$5.33,0.19,3.696%,364685406.00,United States,2020,707248,Health Care,Biotechnology: Pharmaceutical Preparations
OLN,Olin Corporation Common Stock,$18.23,-0.71,-3.749%,2089915183.00,United States,,3691249,Industrials,Major Chemicals
OLO,Olo Inc. Class A Common Stock,$10.39,-0.09,-0.859%,1737186825.00,United States,2021,9360067,Technology,Computer Software: Prepackaged Software
OLP,One Liberty Properties Inc. Common Stock,$22.11,-0.27,-1.206%,477450570.00,United States,1986,79595,Real Estate,Real Estate Investment Trusts
OLPX,Olaplex Holdings Inc. Common Stock,$1.31,-0.08,-5.755%,872358978.00,United States,2021,708942,Consumer Discretionary,Package Goods/Cosmetics
OM,Outset Medical Inc. Common Stock,$15.04,-1.02,-6.351%,266543542.00,United States,2020,449042,Health Care,Biotechnology: Electromedical & Electrotherapeutic Apparatus
OMAB,Grupo Aeroportuario del Centro Norte S.A.B. de C.V. ADS,$105.40,-1.03,-0.968%,5087782161.00,Mexico,2006,32850,Consumer Discretionary,Aerospace
OMC,Omnicom Group Inc. Common Stock,$71.11,-0.94,-1.305%,13775634637.00,United States,,2435325,Consumer Discretionary,Advertising
OMCC,Old Market Capital Corporation Common Stock,$5.60,0.01,0.179%,37520000.00,United States,,511,Finance,Finance Companies
OMCL,Omnicell Inc. Common Stock ($0.001 par value),$29.76,-1.25,-4.031%,1394065655.00,United States,2001,742476,Technology,Computer Manufacturing
OMDA,Omada Health Inc. Common Stock,$17.38,-0.14,-0.799%,968836629.00,United States,2025,405672,Health Care,Medical/Nursing Services
OMER,Omeros Corporation Common Stock,$3.61,-0.26,-6.718%,211518972.00,United States,2009,1863023,Health Care,Biotechnology: Pharmaceutical Preparations
OMEX,Odyssey Marine Exploration Inc. Common Stock,$1.41,0.12,9.302%,44183110.00,United States,,1545063,Consumer Discretionary,Marine Transportation
OMF,OneMain Holdings Inc. Common Stock,$56.49,-1.30,-2.25%,6714986184.00,United States,2013,1818770,Finance,Finance: Consumer Services
OMH,Ohmyhome Limited Class A Ordinary Shares,$1.02,-0.10,-8.929%,24062114.00,Singapore,2023,153022,Finance,Real Estate
OMI,Owens & Minor Inc. Common Stock,$6.57,-0.36,-5.195%,503354893.00,United States,,1226457,Health Care,Medical Specialities
OMSE,OMS Energy Technologies Inc. Ordinary Shares,$6.82,-0.39,-5.409%,289500161.00,Singapore,2025,59185,Industrials,Metal Fabrications
ON,ON Semiconductor Corporation Common Stock,$56.82,0.46,0.816%,23744245360.00,United States,,14273108,Technology,Semiconductors
ONB,Old National Bancorp Common Stock,$20.40,-0.71,-3.363%,7993842000.00,United States,,3055861,Finance,Major Banks
ONBPO,Old National Bancorp Depositary Shares Each Representing a 1/40th Interest in a Share of Series C Preferred Stock,$25.23,-0.01,-0.04%,9886501650.00,United States,,747,Finance,Major Banks
ONBPP,Old National Bancorp Depositary Shares Each Representing a 1/40th Interest in a Share of Series A Preferred Stock,$25.325,0.065,0.257%,9923727875.00,United States,,1271,Finance,Major Banks
ONC,BeOne Medicines Ltd. American Depositary Shares,$299.01,-2.12,-0.704%,32277234563.00,Cayman Islands,2016,543060,Health Care,Biotechnology: Pharmaceutical Preparations
ONCHU,1RT Acquisition Corp. Units,$10.57,0.10,0.955%,0.00,United States,2025,164371,,
ONCO,Onconetix Inc. Common Stock,$3.45,-0.11,-3.09%,1800427.00,United States,2022,386098,Health Care,Biotechnology: Pharmaceutical Preparations
ONCY,Oncolytics Biotech Inc. Common Shares,$0.99,-0.03,-2.941%,87934018.00,Canada,,537624,Health Care,Biotechnology: Pharmaceutical Preparations
ONDS,Ondas Holdings Inc. Common Stock,$2.20,0.08,3.774%,302338401.00,United States,,23200961,Technology,Radio And Television Broadcasting And Communications Equipment
ONEG,OneConstruction Group Limited Ordinary Shares,$5.57,-0.23,-3.966%,72410000.00,Hong Kong,2024,7071,Consumer Discretionary,Homebuilding
ONEW,OneWater Marine Inc. Class A Common Stock,$15.75,0.41,2.673%,256931561.00,United States,2020,151089,Consumer Discretionary,Auto & Home Supply Stores
ONFO,Onfolio Holdings Inc. Common Stock,$1.10,-0.17,-13.386%,5640136.00,United States,2022,26153,Technology,EDP Services
ONFOW,Onfolio Holdings Inc. Warrant,$0.149,0.0039,2.688%,763982.00,United States,2022,11878,Technology,EDP Services
ONIT,Onity Group Inc. Common Stock,$37.19,-0.53,-1.405%,297836673.00,United States,,47273,Finance,Finance: Consumer Services
ONL,Orion Properties Inc. Common Stock,$2.59,-0.03,-1.145%,145541592.00,United States,2021,644569,Real Estate,Real Estate Investment Trusts
ONMD,OneMedNet Corp Class A Common Stock,$0.482,0.0034,0.71%,14736105.00,United Kingdom,2021,179393,Health Care,Biotechnology: Commercial Physical & Biological Resarch
ONON,On Holding AG Class A Ordinary Shares,$47.03,-1.54,-3.171%,29851532636.00,,2021,8753407,Consumer Discretionary,Shoe Manufacturing
ONTF,ON24 Inc. Common Stock,$4.71,-0.25,-5.04%,200058032.00,United States,2021,206023,Technology,Computer Software: Prepackaged Software
ONTO,Onto Innovation Inc. Common Stock,$94.30,-0.45,-0.475%,4608851111.00,United States,,1402756,Industrials,Industrial Machinery/Components
OOMA,Ooma Inc. Common Stock,$11.05,-0.33,-2.90%,304980000.00,United States,2015,150106,Technology,EDP Services
OP,OceanPal Inc. Common Stock,$0.122,-0.013,-9.63%,915608.00,Greece,,33545967,Consumer Discretionary,Marine Transportation
OPAD,Offerpad Solutions Inc. Class A Common Stock,$1.22,-0.02,-1.613%,33602566.00,United States,2020,1209938,Finance,Real Estate
OPAL,OPAL Fuels Inc. Class A Common Stock,$2.26,-0.11,-4.641%,391818275.00,United States,2021,176433,Utilities,Natural Gas Distribution
OPBK,OP Bancorp Common Stock,$12.80,0.00,0.00%,189589389.00,United States,2018,78549,Finance,Major Banks
OPCH,Option Care Health Inc. Common Stock,$28.26,-1.09,-3.714%,4586458367.00,United States,,1842798,Health Care,Medical/Nursing Services
OPEN,Opendoor Technologies Inc Common Stock,$2.10,0.26,14.13%,1530683467.00,United States,,188643146,Finance,Real Estate
OPFI,OppFi Inc. Class A Common Stock,$10.40,-0.24,-2.256%,902801661.00,United States,2020,1263839,Finance,Finance: Consumer Services
OPHC,OptimumBank Holdings Inc. Common Stock,$4.52,0.02,0.444%,53114891.00,United States,,5434,Finance,Major Banks
OPI,Office Properties Income Trust Common Shares of Beneficial Interest,$0.2267,-0.0133,-5.542%,16770402.00,United States,,1078045,Finance,Real Estate
OPINL,Office Properties Income Trust 6.375% Senior Notes due 2050,$7.125,-0.215,-2.929%,527080354.00,United States,,6046,Finance,Real Estate
OPK,OPKO Health Inc. Common Stock,$1.19,-0.09,-7.031%,943732836.00,United States,,7422083,Health Care,Biotechnology: Pharmaceutical Preparations
OPOF,Old Point Financial Corporation Common Stock,$39.87,-0.28,-0.697%,203537506.00,United States,,13044,Finance,Major Banks
OPP,RiverNorth/DoubleLine Strategic Opportunity Fund Inc. Common Stock,$8.6199,0.0299,0.348%,0.00,United States,2016,93091,Finance,Finance/Investors Services
OPP^A,RiverNorth/DoubleLine Strategic Opportunity Fund Inc. 4.375% Series A Cumulative Preferred Stock,$16.90,-0.13,-0.763%,,United States,,7843,,
OPP^B,RiverNorth/DoubleLine Strategic Opportunity Fund Inc. 4.75% Series B Cumulative Preferred Stock,$18.225,-0.095,-0.519%,,United States,,4559,,
OPP^C,RiverNorth/DoubleLine Strategic Opportunity Fund Inc. 6.00% Series C Term Preferred Stock (Liquidation Preference $10.00 per share),$10.12,-0.159,-1.547%,,United States,,150,,
OPRA,Opera Limited American Depositary Shares,$15.86,-0.71,-4.285%,1419483544.00,Norway,2018,572310,Technology,Computer Software: Prepackaged Software
OPRT,Oportun Financial Corporation Common Stock,$5.81,-0.32,-5.22%,217881769.00,United States,2019,614176,Finance,Finance: Consumer Services
OPRX,OptimizeRx Corporation Common Stock,$12.50,-0.12,-0.951%,231188888.00,United States,,231761,Consumer Discretionary,Business Services
OPTT,Ocean Power Technologies Inc. Common Stock,$0.5224,-0.0126,-2.355%,46376700.00,United States,2007,3834373,Utilities,Electric Utilities: Central
OPTX,Syntec Optics Holdings Inc. Class A Common Stock,$1.71,-0.09,-5.00%,62736935.00,United States,2022,94530,Technology,Electronic Components
OPTXW,Syntec Optics Holdings Inc. Warrant,$0.10,-0.0103,-9.338%,3668827.00,United States,2022,77839,Technology,Electronic Components
OPXS,Optex Systems Holdings Inc. Common Stock,$11.55,-0.27,-2.284%,79844214.00,United States,,52569,Technology,Electronic Components
OPY,Oppenheimer Holdings Inc. Class A Common Stock (DE),$73.28,-2.53,-3.337%,771308274.00,United States,,73081,Finance,Investment Bankers/Brokers/Service
OR,OR Royalties Inc. Common Shares,$27.94,0.23,0.83%,5237826751.00,Canada,2016,763459,Basic Materials,Precious Metals
ORA,Ormat Technologies Inc. Common Stock,$88.71,-0.70,-0.783%,5381381552.00,United States,2004,442446,Utilities,Electric Utilities: Central
ORC,Orchid Island Capital Inc. Common Stock,$7.03,0.07,1.006%,890907851.00,United States,2013,4791667,Real Estate,Real Estate Investment Trusts
ORCL,Oracle Corporation Common Stock,$244.42,-9.35,-3.684%,686534961860.00,United States,1986,12709409,Technology,Computer Software: Prepackaged Software
ORGN,Origin Materials Inc. Common Stock,$0.682,-0.046,-6.319%,102262336.00,United States,2020,767964,Industrials,Major Chemicals
ORGNW,Origin Materials Inc. Warrants,$0.0401,-0.0053,-11.674%,6012785.00,United States,2020,30752,Industrials,Major Chemicals
ORGO,Organogenesis Holdings Inc. Class A Common Stock,$4.51,-0.11,-2.381%,572109447.00,United States,2016,1549223,Health Care,Biotechnology: Pharmaceutical Preparations
ORI,Old Republic International Corporation Common Stock,$35.91,-0.26,-0.719%,8875644481.00,United States,,1220295,Finance,Property-Casualty Insurers
ORIC,Oric Pharmaceuticals Inc. Common Stock,$10.12,0.15,1.505%,719411370.00,United States,2020,942341,Health Care,Biotechnology: Pharmaceutical Preparations
ORIQU,Origin Investment Corp I Units,$10.04,0.0399,0.399%,0.00,Singapore,2025,250130,,
ORIS,Oriental Rise Holdings Limited Ordinary Shares,$0.1098,-0.0151,-12.09%,2416973.00,China,2024,8852021,Consumer Staples,Farming/Seeds/Milling
ORKA,Oruka Therapeutics Inc. Common Stock,$13.60,0.01,0.074%,509190936.00,United States,,145042,Health Care,Biotechnology: In Vitro & In Vivo Diagnostic Substances
ORKT,Orangekloud Technology Inc. Class A Ordinary Shares,$0.71,-0.029,-3.924%,16584890.00,Singapore,2024,177141,Technology,Computer Software: Prepackaged Software
ORLA,Orla Mining Ltd. Common Shares,$9.52,0.20,2.146%,3095182917.00,,2020,1106147,Basic Materials,Precious Metals
ORLY,O'Reilly Automotive Inc. Common Stock,$99.12,0.80,0.814%,84731498055.00,United States,1993,4719056,Consumer Discretionary,Auto & Home Supply Stores
ORMP,Oramed Pharmaceuticals Inc. Common Stock,$2.12,-0.03,-1.395%,86602965.00,Israel,,61152,Health Care,Biotechnology: Pharmaceutical Preparations
ORN,Orion Group Holdings Inc. Common,$7.15,-0.26,-3.509%,284107002.00,United States,,785023,Industrials,Military/Government/Technical
ORRF,Orrstown Financial Services Inc. Common Stock,$32.21,-0.65,-1.978%,628370234.00,United States,,180838,Finance,Major Banks
OS,OneStream Inc. Class A Common Stock,$23.21,-0.64,-2.683%,5560914212.00,United States,2024,964603,Technology,Computer Software: Prepackaged Software
OSBC,Old Second Bancorp Inc. Common Stock,$16.59,-0.38,-2.239%,747482076.00,United States,,232866,Finance,Major Banks
OSCR,Oscar Health Inc. Class A Common Stock,$13.58,-0.47,-3.345%,3458513660.00,United States,2021,20315648,Health Care,Medical Specialities
OSIS,OSI Systems Inc. Common Stock (DE),$219.57,-1.44,-0.652%,3686276635.00,United States,1997,158793,Technology,Semiconductors
OSK,Oshkosh Corporation (Holding Company)Common Stock,$130.54,4.01,3.169%,8403263430.00,United States,,1492233,Consumer Discretionary,Auto Manufacturing
OSPN,OneSpan Inc. Common Stock,$14.28,-0.47,-3.186%,545931069.00,United States,,379055,Technology,EDP Services
OSRH,OSR Holdings Inc. Common Stock,$0.6423,-0.0459,-6.67%,12381603.00,United States,2023,400311,Health Care,Medical/Dental Instruments
OSRHW,OSR Holdings Inc. Warrant,$0.05,0.00,0.00%,963849.00,United States,2023,39,Health Care,Medical/Dental Instruments
OSS,One Stop Systems Inc. Common Stock,$4.93,-0.46,-8.534%,106434899.00,United States,2018,528867,Technology,Computer Manufacturing
OST,Ostin Technology Group Co. Ltd. Class A Ordinary Shares,$0.078,-0.0069,-8.127%,146766.00,China,2022,4935993,Technology,Industrial Machinery/Components
OSTX,OS Therapies Incorporated Common Stock,$1.75,-0.03,-1.685%,49170970.00,,2024,297148,Health Care,Biotechnology: Pharmaceutical Preparations
OSUR,OraSure Technologies Inc. Common Stock,$3.01,-0.17,-5.346%,225148394.00,United States,,928277,Health Care,Medical/Dental Instruments
OSW,OneSpaWorld Holdings Limited Common Shares,$21.79,-0.33,-1.492%,2237772751.00,Bahamas,,707589,Consumer Discretionary,Hotels/Resorts
OTEX,Open Text Corporation Common Shares,$28.38,-1.05,-3.568%,7545682942.00,Canada,1996,1072739,Technology,EDP Services
OTF,Blue Owl Technology Finance Corp. Common Stock,$15.11,0.10,0.666%,7028007820.00,,2025,88469,,
OTIS,Otis Worldwide Corporation Common Stock ,$84.93,-0.76,-0.887%,33332921199.00,United States,2020,3897562,Technology,Consumer Electronics/Appliances
OTLK,Outlook Therapeutics Inc. Common Stock,$1.93,-0.03,-1.531%,64786284.00,United States,2016,669143,Health Care,Biotechnology: Biological Products (No Diagnostic Substances)
OTLY,Oatly Group AB American Depositary Shares,$15.07,-0.15,-0.986%,451014839.00,Sweden,2021,111047,Consumer Staples,Packaged Foods
OTRK,Ontrak Inc. Common Stock,$0.3109,0.0045,1.469%,1311329.00,United States,,22392480,Health Care,Misc Health and Biotechnology Services
OTTR,Otter Tail Corporation Common Stock,$75.29,-1.89,-2.449%,3154980017.00,United States,,303956,Utilities,Electric Utilities: Central
OUST,Ouster Inc. Common Stock,$21.98,-1.40,-5.988%,1182413441.00,United States,,2271541,Industrials,Industrial Machinery/Components
OUSTW,Ouster Inc. Warrants,$0.0145,-0.003,-17.143%,780027.00,United States,,21071,Industrials,Industrial Machinery/Components
OUSTZ,Ouster Inc. Warrants,$0.085,-0.0065,-7.104%,4572572.00,United States,,70784,Industrials,Industrial Machinery/Components
OUT,OUTFRONT Media Inc. Common Stock,$17.22,-0.31,-1.768%,2877009872.00,United States,2014,1770081,Real Estate,Real Estate Investment Trusts
OVBC,Ohio Valley Banc Corp. Common Stock,$31.61,-0.63,-1.954%,148914742.00,United States,,9124,Finance,Major Banks
OVID,Ovid Therapeutics Inc. Common Stock,$0.50,0.00,0.00%,35554757.00,United States,2017,535709,Health Care,Biotechnology: Pharmaceutical Preparations
OVLY,Oak Valley Bancorp (CA) Common Stock,$26.39,-0.26,-0.976%,221202616.00,United States,,17533,Finance,Major Banks
OVV,Ovintiv Inc. (DE),$39.42,-1.76,-4.274%,10261990371.00,Canada,,3191481,Energy,Oil & Gas Production
OWL,Blue Owl Capital Inc. Class A Common Stock,$18.84,-0.51,-2.636%,17534899770.00,United States,2020,12141845,Finance,Investment Managers
OWLT,Owlet Inc. Class A Common Stock,$7.39,0.09,1.233%,122117459.00,United States,2020,36560,Industrials,Industrial Machinery/Components
OXBR,Oxbridge Re Holdings Limited Ordinary Shares,$1.63,-0.18,-9.945%,12131963.00,Cayman Islands,2014,58705,Finance,Property-Casualty Insurers
OXBRW,Oxbridge Re Holdings Limited Warrant expiring 3/26/2029,$0.2951,-0.027,-8.382%,2196406.00,Cayman Islands,2014,600,Finance,Property-Casualty Insurers
OXLC,Oxford Lane Capital Corp. Common Stock,$3.47,-0.09,-2.528%,602392000.00,United States,2011,6630488,Finance,Investment Managers
OXLCG,Oxford Lane Capital Corp. 7.95% Notes due 2032,$24.89,-0.12,-0.48%,0.00,United States,,49371,Finance,Investment Managers
OXLCI,Oxford Lane Capital Corp. 8.75% Notes due 2030,$25.72,0.06,0.234%,0.00,United States,,4712,,
OXLCL,Oxford Lane Capital Corp. 6.75% Notes due 2031,$23.63,-0.03,-0.127%,4102168000.00,United States,,2529,Finance,Finance Companies
OXLCN,Oxford Lane Capital Corp. 7.125% Series 2029 Term Preferred Stock,$24.335,-0.035,-0.144%,4224556000.00,United States,,3002,Finance,Investment Managers
OXLCO,Oxford Lane Capital Corp. Preferred Stock Shares 6.00% Series 2029,$23.00,-0.312,-1.338%,3992800000.00,United States,,8352,Finance,Investment Managers
OXLCP,Oxford Lane Capital Corp. 6.25% Series 2027 Term Preferred Shares,$24.4158,0.0238,0.098%,4238582880.00,United States,,1684,Finance,Investment Managers
OXLCZ,Oxford Lane Capital Corp. 5.00% Notes due 2027,$24.2441,0.0681,0.282%,4208775760.00,United States,,10465,Finance,Finance Companies
OXM,Oxford Industries Inc. Common Stock,$36.97,-1.21,-3.169%,552162034.00,United States,,369460,Consumer Discretionary,Apparel
OXSQ,Oxford Square Capital Corp. Common Stock,$2.30,-0.03,-1.288%,164162429.00,United States,2003,570184,Finance,Blank Checks
OXSQG,Oxford Square Capital Corp. 5.50% Notes due 2028,$23.65,-0.09,-0.379%,1507873389.00,United States,,687,Consumer Discretionary,Other Consumer Services
OXSQZ,Oxford Square Capital Corp. 6.25% Notes due 2026,$25.0647,0.00,0.00%,0.00,United States,,355,Finance,Blank Checks
OXY,Occidental Petroleum Corporation Common Stock,$43.41,-0.53,-1.206%,42721199552.00,United States,,14404309,Energy,Oil & Gas Production
OYSE,Oyster Enterprises II Acquisition Corp Class A Ordinary Shares,$9.99,0.01,0.10%,0.00,United States,2025,30599,Finance,Blank Checks
OYSER,Oyster Enterprises II Acquisition Corp Rights,$0.18,0.00,0.00%,0.00,United States,2025,298,,
OYSEU,Oyster Enterprises II Acquisition Corp Units,$10.19,0.00,0.00%,0.00,United States,2025,1166,,
OZ,Belpointe PREP LLC Class A Units,$64.00,-1.00,-1.538%,242502464.00,,,4826,Real Estate,Real Estate Investment Trusts
OZK,Bank OZK Common Stock,$47.82,-1.48,-3.002%,5410169832.00,United States,,1120849,Finance,Major Banks
OZKAP,Bank OZK 4.625% Series A Non-Cumulative Perpetual Preferred Stock,$16.85,-0.4109,-2.381%,1906343824.00,United States,,69189,Finance,Major Banks
PAA,Plains All American Pipeline L.P. Common Units representing Limited Partner Interests,$18.00,-0.25,-1.37%,12659386590.00,United States,1998,2307358,Energy,Natural Gas Distribution
PAAS,Pan American Silver Corp. Common Stock,$27.02,0.00,0.00%,9847168800.00,Canada,,5121123,Basic Materials,Precious Metals
PAC,Grupo Aeroportuario Del Pacifico S.A. B. de C.V. Grupo Aeroportuario Del Pacifico S.A. de C.V. (each representing 10 Series B shares),$228.55,-1.24,-0.54%,11548116348.00,Mexico,2006,59689,Consumer Discretionary,Aerospace
PACB,Pacific Biosciences of California Inc. Common Stock,$1.33,-0.05,-3.623%,399112631.00,United States,2010,7371066,Industrials,Biotechnology: Laboratory Analytical Instruments
PACHU,Pioneer Acquisition I Corp Units,$10.05,-0.02,-0.199%,0.00,United States,2025,3896,,
PACK,Ranpak Holdings Corp Class A Common Stock,$3.47,-0.18,-4.932%,292289010.00,United States,2018,719979,Consumer Discretionary,Containers/Packaging
PACS,PACS Group Inc. Common Stock,$10.62,-0.44,-3.978%,1618485164.00,United States,2024,625371,Health Care,Hospital/Nursing Management
PAG,Penske Automotive Group Inc. Common Stock,$168.26,0.85,0.508%,11133502219.00,United States,,267673,Consumer Discretionary,Retail-Auto Dealers and Gas Stations
PAGP,Plains GP Holdings L.P. Class A Units representing Limited Partner Interests,$19.24,-0.36,-1.837%,3804587326.00,United States,,1462604,Energy,Natural Gas Distribution
PAGS,PagSeguro Digital Ltd. Class A Common Shares,$7.75,-0.08,-1.022%,2554465286.00,Cayman Islands,2018,3460394,Technology,EDP Services
PAHC,Phibro Animal Health Corporation Class A Common Stock,$26.11,-0.39,-1.472%,1058332505.00,United States,2014,356504,Health Care,Biotechnology: Pharmaceutical Preparations
PAI,Western Asset Investment Grade Income Fund Inc.,$12.96,0.11,0.856%,0.00,United States,,14827,Finance,Trusts Except Educational Religious and Charitable
PAL,Proficient Auto Logistics Inc. Common Stock,$6.58,-0.33,-4.776%,178114770.00,United States,2024,131155,Consumer Discretionary,Transportation Services
PALI,Palisade Bio Inc. Common Stock,$1.01,-0.01,-0.98%,4843602.00,United States,,192191,Health Care,Biotechnology: Biological Products (No Diagnostic Substances)
PAM,Pampa Energia S.A.,$74.21,-1.84,-2.419%,4035959680.00,Argentina,,167153,Utilities,Electric Utilities: Central
PAMT,PAMT CORP Common Stock,$11.63,0.30,2.648%,253454428.00,United States,,19104,Industrials,Trucking Freight/Courier Services
PANL,Pangaea Logistics Solutions Ltd. Common Shares,$4.59,-0.28,-5.749%,301202970.00,United States,2013,491683,Consumer Discretionary,Marine Transportation
PANW,Palo Alto Networks Inc. Common Stock,$172.88,-0.72,-0.415%,115276384000.00,United States,,16234681,Technology,Computer peripheral equipment
PAPL,Pineapple Financial Inc. Common Stock,$4.31,-0.83,-16.148%,4329830.00,,,520875,Finance,Finance: Consumer Services
PAR,PAR Technology Corporation Common Stock,$58.61,-2.17,-3.57%,2373558592.00,United States,,442987,Miscellaneous,Office Equipment/Supplies/Services
PARA,Paramount Global Class B Common Stock,$13.01,0.44,3.50%,8770792562.00,United States,,9686920,Industrials,Broadcasting
PARAA,Paramount Global Class A Common Stock,$19.61,0.52,2.724%,13220233830.00,United States,,124893,Industrials,Broadcasting
PARR,Par Pacific Holdings Inc.  Common Stock,$29.98,-1.40,-4.461%,1546334253.00,United States,,1414292,Energy,Oil & Gas Production
PASG,Passage Bio Inc. Common Stock,$5.74,-0.68,-10.592%,17910493.00,United States,2020,48931,Health Care,Biotechnology: Biological Products (No Diagnostic Substances)
PATH,UiPath Inc. Class A Common Stock,$11.11,-0.64,-5.447%,5944281657.00,United States,2021,19234398,Technology,Computer Software: Prepackaged Software
PATK,Patrick Industries Inc. Common Stock,$98.04,0.80,0.823%,3277210531.00,United States,,400912,Consumer Discretionary,Auto Parts:O.E.M.
PAVM,PAVmed Inc. Common Stock,$0.5254,-0.0503,-8.737%,9256515.00,United States,2016,184527,Health Care,Medical/Dental Instruments
PAVS,Paranovus Entertainment Technology Ltd. Class A Ordinary Shares,$0.90,-0.11,-10.891%,6603237.00,China,2019,13431,Health Care, Medicinal Chemicals and Botanical Products 
PAX,Patria Investments Limited Class A Common Shares,$13.34,-0.61,-4.373%,2108725729.00,Cayman Islands,2021,1281952,Finance,Investment Managers
PAXS,PIMCO Access Income Fund Common Shares of Beneficial Interest,$15.64,0.09,0.579%,0.00,United States,2022,257927,Finance,Investment Managers
PAY,Paymentus Holdings Inc. Class A Common Stock,$28.29,0.41,1.471%,3539990815.00,United States,2021,1033285,Consumer Discretionary,Business Services
PAYC,Paycom Software Inc. Common Stock,$226.44,-5.10,-2.203%,13092705322.00,United States,2014,580497,Technology,Computer Software: Prepackaged Software
PAYO,Payoneer Global Inc. Common Stock,$6.28,-0.29,-4.414%,2271295136.00,United States,,3979542,Consumer Discretionary,Business Services
PAYS,Paysign Inc. Common Stock,$7.14,-0.30,-4.032%,387114192.00,United States,,1084424,Consumer Discretionary,Business Services
PAYX,Paychex Inc. Common Stock,$139.34,-4.99,-3.457%,50196381821.00,United States,1983,4235395,Consumer Discretionary,Diversified Commercial Services
PB,Prosperity Bancshares Inc. Common Stock,$65.92,-0.70,-1.051%,6281055360.00,United States,,1225944,Finance,Major Banks
PBA,Pembina Pipeline Corp. Ordinary Shares (Canada),$37.20,0.01,0.027%,21609777600.00,Canada,,854685,Energy,Oil & Gas Production
PBBK,PB Bankshares Inc. Common Stock,$18.145,0.045,0.249%,46311756.00,United States,2021,834,Finance,Banks
PBF,PBF Energy Inc. Class A Common Stock,$21.68,-0.92,-4.071%,2507232835.00,United States,2012,4213361,Energy,Integrated oil Companies
PBFS,Pioneer Bancorp Inc. Common Stock,$12.30,0.03,0.244%,317993019.00,United States,2019,24919,Finance,Banks
PBH,Prestige Consumer Healthcare Inc. Common Stock,$73.72,-0.23,-0.311%,3642852200.00,United States,2005,423917,Health Care,Biotechnology: Pharmaceutical Preparations
PBHC,Pathfinder Bancorp Inc. Common Stock (MD),$14.63,0.00,0.00%,89849633.00,United States,,256,Finance,Major Banks
PBI,Pitney Bowes Inc. Common Stock,$11.25,-0.11,-0.968%,2039100424.00,United States,,3924456,Miscellaneous,Office Equipment/Supplies/Services
PBI^B,Pitney Bowes Inc 6.70% Notes Due 2043,$21.02,-0.10,-0.473%,,United States,,9722,,
PBM,Psyence Biomedical Ltd. Common Shares,$2.36,-2.67,-53.082%,1683228.00,Canada,,2337737,Health Care,Biotechnology: Pharmaceutical Preparations
PBMWW,Psyence Biomedical Ltd. Warrant,$0.0252,-0.0019,-7.011%,17973.00,Canada,,1879,Health Care,Biotechnology: Pharmaceutical Preparations
PBPB,Potbelly Corporation Common Stock,$11.48,-0.55,-4.572%,346377074.00,United States,2013,247683,Consumer Discretionary,Restaurants
PBR,Petroleo Brasileiro S.A. Petrobras ADS,$12.69,-0.05,-0.392%,81779009375.00,Brazil,,18778402,Energy,Oil & Gas Production
PBT,Permian Basin Royalty Trust Common Stock,$13.28,-0.11,-0.822%,618964811.00,United States,,108875,Energy,Oil & Gas Production
PBYI,Puma Biotechnology Inc Common Stock,$3.07,-0.04,-1.286%,152388946.00,United States,,230766,Health Care,Biotechnology: Pharmaceutical Preparations
PC,Premium Catering (Holdings) Limited Ordinary Shares,$7.76,-0.08,-1.02%,25176885.00,Singapore,2024,267556,Consumer Discretionary,Restaurants
PCAP,ProCap Acquisition Corp Class A Ordinary Shares,$10.405,-0.025,-0.24%,0.00,United States,2025,24164,Finance,Blank Checks
PCAPU,ProCap Acquisition Corp Unit,$10.57,-0.11,-1.03%,0.00,United States,2025,42464,,
PCAPW,ProCap Acquisition Corp Warrant,$0.65,0.00,0.00%,0.00,United States,2025,14538,Finance,Blank Checks
PCAR,PACCAR Inc. Common Stock,$96.48,-2.28,-2.309%,50648085324.00,United States,,3551259,Consumer Discretionary,Auto Manufacturing
PCB,PCB Bancorp Common Stock,$20.21,-0.23,-1.125%,289189579.00,United States,2018,35001,Finance,Major Banks
PCF,High Income Securities Fund Common Stock,$6.31,-0.04,-0.63%,0.00,United States,,43965,Finance,Trusts Except Educational Religious and Charitable
PCG,Pacific Gas & Electric Co. Common Stock,$14.12,0.10,0.713%,31031312384.00,United States,,27503509,Utilities,Power Generation
PCG^A,Pacific Gas & Electric Co. 6% Preferred Stock,$22.0488,0.0988,0.45%,,United States,,546,,
PCG^B,Pacific Gas & Electric Co. 5 1/2% Preferred Stock,$19.49,0.00,0.00%,,United States,,102,,
PCG^C,Pacific Gas & Electric Co. 5% 1st Preferred Stock,$18.50,0.00,0.00%,,United States,,4,,
PCG^D,Pacific Gas & Electric Co. 5% 1st  Red. Preferred Stock,$17.40,0.00,0.00%,,United States,,55,,
PCG^E,Pacific Gas & Electric Co. 5% 1st A Preferred Stock,$17.1999,-0.0201,-0.117%,,United States,,2838,,
PCG^G,Pacific Gas & Electric Co. 4.80% 1st Preferred Stock,$16.9999,0.2498,1.491%,,United States,,2153,,
PCG^H,Pacific Gas & Electric Co. 4.50% 1st Preferred Stock,$15.80,-0.15,-0.94%,,United States,,2324,,
PCG^I,Pacific Gas & Electric Co. 4.36% 1st Preferred Stock,$15.5157,0.00,0.00%,,United States,,50,,
PCG^X,PG&E Corp 6.000% Series A Mandatory Convertible Preferred Stock,$38.40,0.39,1.026%,,United States,,27382,,
PCH,PotlatchDeltic Corporation Common Stock,$41.32,0.43,1.052%,3247586720.00,United States,,746430,Real Estate,Real Estate Investment Trusts
PCK,Pimco California Municipal Income Fund II Common Shares of Beneficial Interest,$5.27,0.01,0.19%,0.00,United States,2002,160473,Finance,Trusts Except Educational Religious and Charitable
PCLA,PicoCELA Inc. American Depositary Shares,$0.4244,-0.0571,-11.859%,10475830.00,Japan,2025,402482,Consumer Discretionary,Building Products
PCM,PCM Fund Inc. Common Stock,$6.37,0.04,0.632%,0.00,United States,1993,52324,Finance,Trusts Except Educational Religious and Charitable
PCN,Pimco Corporate & Income Strategy Fund Common Stock,$12.64,0.01,0.079%,0.00,United States,2001,249475,Finance,Investment Managers
PCOR,Procore Technologies Inc. Common Stock,$62.04,-9.59,-13.388%,9254458843.00,United States,2021,7116339,Technology,Computer Software: Prepackaged Software
PCQ,PIMCO California Municipal Income Fund Common Stock,$8.33,0.07,0.847%,0.00,United States,2001,122122,Finance,Investment Managers
PCRX,Pacira BioSciences Inc. Common Stock,$22.07,0.98,4.647%,1021944001.00,United States,2011,1205031,Health Care,Biotechnology: Pharmaceutical Preparations
PCSA,Processa Pharmaceuticals Inc. Common Stock,$0.2115,0.0014,0.666%,2513541.00,United States,,3938568,Health Care,Biotechnology: Pharmaceutical Preparations
PCSC,Perceptive Capital Solutions Corp Class A Ordinary Shares,$10.57,0.00,0.00%,0.00,United States,2024,122,,
PCT,PureCycle Technologies Inc. Common stock,$12.62,-0.79,-5.891%,2266041016.00,United States,,4412230,Industrials,Major Chemicals
PCTTU,PureCycle Technologies Inc. Unit,$17.49,0.00,0.00%,3140495830.00,United States,,1,Industrials,Major Chemicals
PCTTW,PureCycle Technologies Inc. Warrant,$3.70,-0.351,-8.665%,664370187.00,United States,,30848,Industrials,Major Chemicals
PCTY,Paylocity Holding Corporation Common Stock,$181.43,-3.45,-1.866%,10020399220.00,United States,2014,564834,Technology,Computer Software: Prepackaged Software
PCVX,Vaxcyte Inc. Common Stock,$33.02,-0.93,-2.739%,4259716637.00,United States,2020,1106298,Health Care,Biotechnology: Pharmaceutical Preparations
PCYO,Pure Cycle Corporation Common Stock,$9.75,-0.05,-0.51%,234724474.00,United States,,71873,Utilities,Water Supply
PD,PagerDuty Inc. Common Stock,$15.45,-0.67,-4.156%,1424087914.00,United States,2019,2511466,Technology,Computer Software: Prepackaged Software
PDCC,Pearl Diver Credit Company Inc. Common Stock,$16.05,-0.15,-0.926%,0.00,,2024,1820,,
PDD,PDD Holdings Inc. American Depositary Shares,$110.06,-3.39,-2.988%,156246289608.00,China,2018,7642781,Consumer Discretionary,Business Services
PDEX,Pro-Dex Inc. Common Stock,$47.35,-2.70,-5.395%,154410386.00,United States,,43246,Health Care,Medical/Dental Instruments
PDFS,PDF Solutions Inc. Common Stock,$21.72,-0.51,-2.294%,850111308.00,United States,2001,318487,Technology,Computer Software: Prepackaged Software
PDI,PIMCO Dynamic Income Fund Common Stock,$19.22,0.02,0.104%,4672189800.00,United States,2012,2252008,Finance,Trusts Except Educational Religious and Charitable
PDLB,Ponce Financial Group Inc. Common Stock,$13.91,-0.14,-0.996%,333628568.00,United States,2017,56115,Finance,Savings Institutions
PDM,Piedmont Realty Trust Inc. Class A Common Stock,$7.32,-0.24,-3.175%,911370210.00,United States,,1430249,Real Estate,Building operators
PDO,PIMCO Dynamic Income Opportunities Fund Common Shares of Beneficial Interest,$13.56,0.06,0.444%,1754954862.00,United States,2021,552887,Finance,Trusts Except Educational Religious and Charitable
PDPA,Pearl Diver Credit Company Inc. 8.00% Series A Preferred Stock Due 2029,$25.1661,0.0379,0.151%,0.00,,,445,,
PDS,Precision Drilling Corporation Common Stock,$54.18,-2.14,-3.80%,739279002.00,Canada,,76603,Energy,Oil & Gas Production
PDSB,PDS Biotechnology Corporation Common Stock,$1.09,0.02,1.869%,49823900.00,United States,2015,221896,Health Care,Biotechnology: Pharmaceutical Preparations
PDT,John Hancock Premium Dividend Fund,$13.35,0.01,0.075%,0.00,United States,,64053,Finance,Finance Companies
PDX,PIMCO Dynamic Income Strategy Fund Common Shares of Beneficial Interest,$24.48,-0.34,-1.37%,1094427360.00,,2019,97365,Finance,Finance/Investors Services
PDYN,Palladyne AI Corp. Common Stock,$7.92,-0.26,-3.178%,282851134.00,United States,,1814916,Technology,Computer Software: Prepackaged Software
PDYNW,Palladyne AI Corp Warrants,$0.36,0.0375,11.628%,12856870.00,United States,,38766,Technology,Computer Software: Prepackaged Software
PEB,Pebblebrook Hotel Trust Common Shares of Beneficial Interest,$9.70,-0.33,-3.29%,1150170720.00,United States,2009,2849124,Real Estate,Real Estate Investment Trusts
PEB^E,Pebblebrook Hotel Trust 6.375% Series E Cumulative Redeemable Preferred Shares of Beneficial Interest,$18.98,0.23,1.227%,,United States,,10690,,
PEB^F,Pebblebrook Hotel Trust 6.3% Series F Cumulative Redeemable Preferred Shares of Beneficial Interest,$19.26,0.11,0.574%,,United States,,9641,,
PEB^G,Pebblebrook Hotel Trust 6.375% Series G Cumulative Redeemable Preferred Shares of Beneficial Interest,$19.00,0.24,1.279%,,United States,,3810,,
PEB^H,Pebblebrook Hotel Trust 5.700% Series H Cumulative Redeemable Preferred Shares of Beneficial Interest,$16.93,0.18,1.075%,,United States,,9118,,
PEBK,Peoples Bancorp of North Carolina Inc. Common Stock,$27.86,-0.85,-2.961%,152100026.00,United States,,27974,Finance,Major Banks
PEBO,Peoples Bancorp Inc. Common Stock,$28.16,-0.48,-1.676%,1003786376.00,United States,,229126,Finance,Major Banks
PECO,Phillips Edison & Company Inc. Common Stock,$33.53,-0.26,-0.769%,4211368000.00,United States,2021,1469145,Real Estate,Real Estate Investment Trusts
PED,Pedevco Corp. Common Stock,$0.6233,-0.0268,-4.122%,56931839.00,United States,,233928,Energy,Oil & Gas Production
PEG,Public Service Enterprise Group Incorporated Common Stock,$88.97,-0.82,-0.913%,44395844053.00,United States,,2460263,Utilities,Power Generation
PEGA,Pegasystems Inc. Common Stock,$57.40,-1.31,-2.231%,9820030171.00,United States,1996,1528995,Technology,EDP Services
PELI,Pelican Acquisition Corporation Ordinary Shares,$10.00,-0.0075,-0.075%,0.00,United States,2025,1226,Finance,Blank Checks
PELIR,Pelican Acquisition Corporation Right,$0.15,-0.02,-11.765%,0.00,United States,2025,1218,Finance,Blank Checks
PELIU,Pelican Acquisition Corporation Unit,$10.1767,-0.0414,-0.405%,0.00,United States,2025,1608,Finance,Blank Checks
PEN,Penumbra Inc. Common Stock,$243.01,-9.26,-3.671%,9477178338.00,United States,2015,694067,Health Care,Medical/Dental Instruments
PENG,Penguin Solutions Inc. Common Stock,$22.81,-0.76,-3.224%,1195269410.00,United States,2017,852002,Technology,Semiconductors
PENN,PENN Entertainment Inc. Common Stock,$17.80,-0.26,-1.44%,2687835173.00,United States,1994,4055746,Consumer Discretionary,Hotels/Resorts
PEO,Adams Natural Resources Fund Inc. Common Stock,$20.99,-0.44,-2.053%,0.00,United States,,62925,Finance,Finance/Investors Services
PEP,PepsiCo Inc. Common Stock,$139.28,1.36,0.986%,190685072973.00,United States,,7630492,Consumer Staples,Beverages (Production/Distribution)
PEPG,PepGen Inc. Common Stock,$1.32,-0.05,-3.65%,43191645.00,United States,2022,64081,Health Care,Biotechnology: Pharmaceutical Preparations
PERF,Perfect Corp. Class A Ordinary Share,$1.86,-0.10,-5.102%,189438528.00,Taiwan,2022,175136,Technology,Computer Software: Prepackaged Software
PERI,Perion Network Ltd. Ordinary Shares,$10.57,-0.25,-2.311%,476042993.00,Israel,2006,245239,Technology,EDP Services
PESI,Perma-Fix Environmental Services Inc. Common Stock,$10.61,-0.91,-7.899%,195696909.00,United States,,126525,Industrials,Environmental Services
PETS,PetMed Express Inc. Common Stock,$3.24,0.12,3.846%,66926921.00,United States,,273424,Consumer Staples,Retail-Drug Stores and Proprietary Stores
PETZ,TDH Holdings Inc. Common Shares,$1.04,0.00,0.00%,10736199.00,China,2017,2110,Industrials,Steel/Iron Ore
PEW,GrabAGun Digital Holdings Inc. Common Stock,$6.44,0.02,0.312%,203182000.00,,2025,2006118,Consumer Discretionary,Other Specialty Stores
PFAI,Pinnacle Food Group Limited Class A Common Shares,$1.80,0.00,0.00%,21060000.00,Canada,2025,37806,Consumer Staples,Farming/Seeds/Milling
PFBC,Preferred Bank Common Stock,$89.07,-1.75,-1.927%,1278752160.00,United States,,217246,Finance,Major Banks
PFD,Flaherty & Crumrine Preferred and Income Fund Incorporated,$11.39,0.04,0.352%,0.00,United States,1991,13750,Finance,Investment Managers
PFE,Pfizer Inc. Common Stock,$23.49,0.20,0.859%,133549237639.00,United States,,51295457,Health Care,Biotechnology: Pharmaceutical Preparations
PFG,Principal Financial Group Inc Common Stock,$75.53,-2.30,-2.955%,16825700349.00,United States,2001,1753362,Finance,Accident &Health Insurance
PFGC,Performance Food Group Company Common Stock,$100.50,0.10,0.10%,15687135651.00,United States,2015,1046768,Consumer Discretionary,Food Distributors
PFH,Prudential Financial Inc. 4.125% Junior Subordinated Notes due 2060,$17.81,0.01,0.056%,6358170000.00,United States,2020,27612,Finance,Life Insurance
PFIS,Peoples Financial Services Corp. Common Stock,$46.90,-1.81,-3.716%,468788106.00,United States,,30745,Finance,Major Banks
PFL,PIMCO Income Strategy Fund Shares of Beneficial Interest,$8.46,0.04,0.475%,0.00,United States,2003,389446,Finance,Finance Companies
PFLT,PennantPark Floating Rate Capital Ltd. Common Stock,$10.40,-0.07,-0.669%,1031866118.00,United States,2022,1117794,Finance,Finance: Consumer Services
PFN,PIMCO Income Strategy Fund II,$7.53,0.02,0.266%,0.00,United States,2004,730892,Finance,Finance/Investors Services
PFO,Flaherty & Crumrine Preferred and Income Opportunity Fund Incorporated,$9.28,0.01,0.108%,0.00,United States,1992,17198,Finance,Finance Companies
PFS,Provident Financial Services Inc Common Stock,$18.02,-0.20,-1.098%,2354492155.00,United States,2003,722850,Finance,Savings Institutions
PFSA,Profusa Inc. Common Stock,$0.5867,-0.1133,-16.186%,3288249.00,United States,,1801513,Health Care,Medical/Dental Instruments
PFSI,PennyMac Financial Services Inc. Common Stock,$95.85,2.71,2.91%,4956406567.00,United States,2013,527867,Finance,Finance: Consumer Services
PFX,PhenixFIN Corporation Common Stock,$50.274,0.924,1.872%,101542319.00,United States,,523,Finance,Finance: Consumer Services
PFXNZ,PhenixFIN Corporation  5.25% Notes due 2028,$23.40,0.00,0.00%,47262805.00,United States,,46,Finance,Finance: Consumer Services
PG,Procter & Gamble Company (The) Common Stock,$150.65,0.18,0.12%,353205257422.00,United States,,8593617,Consumer Discretionary,Package Goods/Cosmetics
PGC,Peapack-Gladstone Financial Corporation Common Stock,$24.75,-0.73,-2.865%,438964614.00,United States,,108522,Finance,Commercial Banks
PGEN,Precigen Inc. Common Stock,$1.67,-0.04,-2.339%,492950700.00,United States,,2020110,Health Care,Biotechnology: Pharmaceutical Preparations
PGNY,Progyny Inc. Common Stock,$22.49,-1.02,-4.339%,1927798472.00,United States,2019,1210981,Health Care,Misc Health and Biotechnology Services
PGP,Pimco Global StocksPlus & Income Fund Common Shares of Beneficial Interest,$8.35,0.00,0.00%,0.00,United States,2005,48271,Finance,Finance Companies
PGR,Progressive Corporation (The) Common Stock,$241.09,-0.95,-0.392%,141332658091.00,United States,,3201174,Finance,Property-Casualty Insurers
PGRE,Paramount Group Inc. Common Stock,$6.07,-0.05,-0.817%,1337779592.00,United States,2014,2378789,Real Estate,Real Estate Investment Trusts
PGY,Pagaya Technologies Ltd. Class A Ordinary Shares,$29.12,-0.93,-3.095%,2204605079.00,United States,,2614609,Finance,Finance: Consumer Services
PGYWW,Pagaya Technologies Ltd. Warrants,$0.40,-0.01,-2.439%,30283037.00,United States,,50210,Finance,Finance: Consumer Services
PGZ,Principal Real Estate Income Fund Common Shares of Beneficial Interest,$10.34,-0.04,-0.385%,0.00,,2013,17423,Finance,Investment Managers
PH,Parker-Hannifin Corporation Common Stock,$712.13,-19.77,-2.701%,90994549989.00,United States,,903588,Industrials,Metal Fabrications
PHAR,Pharming Group N.V. ADS each representing 10 ordinary shares,$10.96,-0.15,-1.35%,749588464.00,Netherlands,,23035,Health Care,Biotechnology: Pharmaceutical Preparations
PHAT,Phathom Pharmaceuticals Inc. Common Stock,$8.35,-0.19,-2.225%,582947910.00,United States,2019,501927,Health Care,Biotechnology: Pharmaceutical Preparations
PHD,Pioneer Floating Rate Fund Inc.,$9.81,0.00,0.00%,0.00,United States,2004,102597,Finance,Investment Managers
PHG,Koninklijke Philips N.V. NY Registry Shares,$26.46,0.26,0.992%,24477722640.00,Netherlands,,1781655,Health Care,Medical Electronics
PHGE,BiomX Inc. COmmon Stock,$0.3965,0.007,1.797%,10378907.00,,2019,244223,Health Care,Biotechnology: Biological Products (No Diagnostic Substances)
PHH,Park Ha Biological Technology Co. Ltd. Ordinary Shares,$0.6588,-0.0627,-8.69%,17375457.00,China,2002,908929,Consumer Discretionary,Package Goods/Cosmetics
PHI,PLDT Inc. Sponsored ADR,$22.98,-0.10,-0.433%,4964961710.00,Philippines,,127110,Telecommunications,Telecommunications Equipment
PHIN,PHINIA Inc. Common Stock,$49.52,-1.18,-2.327%,1926549602.00,United States,2023,483443,Consumer Discretionary,Auto Parts:O.E.M.
PHIO,Phio Pharmaceuticals Corp. Common Stock,$2.33,-0.05,-2.101%,11179699.00,United States,,218845,Health Care,Biotechnology: Pharmaceutical Preparations
PHK,Pimco High Income Fund,$4.89,0.01,0.205%,0.00,United States,2003,511960,Finance,Finance/Investors Services
PHLT,Performant Healthcare Inc. Common Stock,$7.64,4.09,115.211%,598278010.00,United States,2012,16800702,Consumer Discretionary,Other Consumer Services
PHM,PulteGroup Inc. Common Stock,$116.75,3.83,3.392%,23034491765.00,United States,,2028870,Consumer Discretionary,Homebuilding
PHOE,Phoenix Asia Holdings Limited Ordinary Shares,$8.12,0.12,1.50%,175392000.00,Hong Kong,2025,12582,Consumer Discretionary,Engineering & Construction
PHR,Phreesia Inc. Common Stock,$26.34,-0.62,-2.30%,1567342445.00,United States,2019,433223,Consumer Discretionary,Business Services
PHT,Pioneer High Income Fund Inc.,$8.11,-0.01,-0.123%,0.00,United States,,328578,Finance,Investment Managers
PHUN,Phunware Inc. Common Stock,$2.68,-0.07,-2.545%,54057597.00,Greece,2016,239056,Technology,EDP Services
PHVS,Pharvaris N.V. Ordinary Shares,$20.00,0.12,0.604%,1089862840.00,Netherlands,2021,145311,Health Care,Biotechnology: Pharmaceutical Preparations
PI,Impinj Inc. Common Stock,$152.92,-1.66,-1.074%,4448395701.00,United States,2016,1027589,Technology,Industrial Machinery/Components
PII,Polaris Inc. Common Stock,$49.62,-3.29,-6.218%,2789866736.00,United States,,2201354,Consumer Discretionary,Industrial Specialties
PIII,P3 Health Partners Inc. Class A Common Stock,$7.35,-0.07,-0.943%,52831925.00,United States,2021,6161,Health Care,Medical/Nursing Services
PIIIW,P3 Health Partners Inc. Warrant,$0.0106,-0.001,-8.621%,76193.00,United States,2021,67466,Health Care,Medical/Nursing Services
PIM,Putnam Master Intermediate Income Trust Common Stock,$3.33,0.00,0.00%,167343802.00,United States,1988,48453,Finance,Finance Companies
PINC,Premier Inc. Class A Common Stock,$21.27,-0.21,-0.978%,1751423592.00,United States,2013,1610929,Consumer Discretionary,Other Consumer Services
PINE,Alpine Income Property Trust Inc. Common Stock,$14.13,0.08,0.569%,200055225.00,United States,2019,94425,Real Estate,Real Estate Investment Trusts
PINS,Pinterest Inc. Class A Common Stock,$37.76,-0.84,-2.176%,25549392058.00,United States,2019,11842919,Technology,Computer Software: Programming Data Processing
PIPR,Piper Sandler Companies Common Stock,$311.59,-3.73,-1.183%,5532821993.00,United States,,328332,Finance,Investment Bankers/Brokers/Service
PJT,PJT Partners Inc. Class A Common Stock,$179.02,0.40,0.224%,4373594476.00,United States,2015,314089,Finance,Investment Managers
PK,Park Hotels & Resorts Inc. Common Stock ,$10.24,-0.42,-3.94%,2046897388.00,United States,2016,6129233,Consumer Discretionary,Hotels/Resorts
PKBK,Parke Bancorp Inc. Common Stock,$20.31,-0.34,-1.646%,240537992.00,United States,,30478,Finance,Major Banks
PKE,Park Aerospace Corp. Common Stock,$17.87,-0.15,-0.832%,354823825.00,United States,,154709,Industrials,Military/Government/Technical
PKG,Packaging Corporation of America Common Stock,$191.41,-2.34,-1.208%,17223072566.00,United States,2000,615940,Consumer Discretionary,Containers/Packaging
PKOH,Park-Ohio Holdings Corp. Common Stock,$15.56,-0.715,-4.393%,221411362.00,United States,,32285,Industrials,Industrial Specialties
PKST,Peakstone Realty Trust Common Shares,$13.64,0.04,0.294%,501581606.00,United States,2023,162678,Real Estate,Real Estate Investment Trusts
PKX,POSCO HOLDINGS INC. American Depositary Shares (Each representing 1/4th of a share of Common Stock),$51.94,-2.70,-4.941%,17166040566.00,South Korea,1994,157108,Industrials,Steel/Iron Ore
PL,Planet Labs PBC Class A Common Stock,$6.18,-0.07,-1.12%,1875203147.00,United States,2021,6276653,Technology,Radio And Television Broadcasting And Communications Equipment
PLAB,Photronics Inc. Common Stock,$19.79,-0.57,-2.80%,1190378632.00,United States,1987,733401,Technology,Semiconductors
PLAG,Planet Green Holdings Corp. Common Stock,$1.50,-0.14,-8.537%,10924071.00,China,,11572,Consumer Staples,Packaged Foods
PLAY,Dave & Buster's Entertainment Inc. Common Stock,$28.10,-1.14,-3.899%,971586921.00,United States,2014,753649,Consumer Discretionary,Restaurants
PLBC,Plumas Bancorp,$40.01,-0.95,-2.319%,237223531.00,United States,,16136,Finance,Finance Companies
PLBY,Playboy Inc. Common Stock,$1.86,0.00,0.00%,174736950.00,United States,2020,732903,Consumer Discretionary,Other Specialty Stores
PLCE,Children's Place Inc. (The) Common Stock,$4.54,-0.26,-5.417%,100642216.00,United States,1997,463237,Consumer Discretionary,Clothing/Shoe/Accessory Stores
PLD,Prologis Inc. Common Stock,$104.91,-1.87,-1.751%,97363089330.00,United States,,6122816,Real Estate,Real Estate Investment Trusts
PLG,Platinum Group Metals Ltd. Ordinary Shares (Canada),$1.49,-0.01,-0.667%,154327458.00,Canada,,631665,Basic Materials,Precious Metals
PLL,Piedmont Lithium Inc. Common Stock,$7.27,-0.03,-0.411%,159547922.00,United States,,226896,Industrials,Mining & Quarrying of Nonmetallic Minerals (No Fuels)
PLMK,Plum Acquisition Corp. IV Class A Ordinary Shares,$10.305,-0.035,-0.338%,0.00,United States,2025,112492,,
PLMKW,Plum Acquisition Corp. IV Warrants,$0.2749,0.0051,1.89%,0.00,United States,2025,26528,,
PLMR,Palomar Holdings Inc. Common stock,$129.62,-2.87,-2.166%,3466316316.00,United States,2019,398723,Finance,Property-Casualty Insurers
PLNT,Planet Fitness Inc. Common Stock,$107.61,-1.58,-1.447%,9060010559.00,United States,2015,1159092,Consumer Discretionary,Hotels/Resorts
PLOW,Douglas Dynamics Inc. Common Stock,$27.91,-0.69,-2.413%,647775080.00,United States,2010,155387,Industrials,Construction/Ag Equipment/Trucks
PLPC,Preformed Line Products Company Common Stock,$148.80,-5.53,-3.583%,735111432.00,United States,,49514,Industrials,Water Sewer Pipeline Comm & Power Line Construction
PLRX,Pliant Therapeutics Inc. Common Stock,$1.58,0.12,8.219%,96990319.00,United States,2020,1475751,Health Care,Biotechnology: Pharmaceutical Preparations
PLRZ,Polyrizon Ltd. Ordinary Shares,$1.09,-0.16,-12.80%,5807882.00,Israel,2024,849752,,
PLSE,Pulse Biosciences Inc Common Stock (DE),$14.75,-0.27,-1.798%,992289465.00,United States,2016,159304,Health Care,Medical/Dental Instruments
PLTK,Playtika Holding Corp. Common Stock,$4.27,-0.185,-4.153%,1602175202.00,Israel,2021,1680509,Technology,EDP Services
PLTR,Palantir Technologies Inc. Class A Common Stock,$154.27,-4.08,-2.577%,364063685485.00,United States,,61067126,Technology,Computer Software: Prepackaged Software
PLUG,Plug Power Inc. Common Stock,$1.40,-0.10,-6.667%,1509682311.00,United States,1999,55642641,Energy,Industrial Machinery/Components
PLUR,Pluri Inc. Common Stock,$5.16,-0.13,-2.457%,40416221.00,Israel,,1712,Health Care,Biotechnology: Biological Products (No Diagnostic Substances)
PLUS,ePlus inc. Common Stock,$62.28,-2.50,-3.859%,1652088045.00,United States,1996,146888,Technology,Retail: Computer Software & Peripheral Equipment
PLUT,Plutus Financial Group Limited Ordinary Shares,$2.70,-0.10,-3.571%,38475000.00,Hong Kong,2025,9628,Finance,Investment Bankers/Brokers/Service
PLX,Protalix BioTherapeutics Inc. (DE) Common Stock,$1.45,-0.01,-0.685%,115430317.00,Israel,,357101,Health Care,Biotechnology: Biological Products (No Diagnostic Substances)
PLXS,Plexus Corp. Common Stock,$125.16,-2.34,-1.835%,3390579519.00,United States,,190953,Technology,Electrical Products
PLYM,Plymouth Industrial REIT Inc. Common Stock,$14.39,-0.13,-0.895%,655434252.00,United States,2017,468023,Real Estate,Real Estate Investment Trusts
PM,Philip Morris International Inc Common Stock,$162.96,-1.09,-0.664%,253661798358.00,United States,,7553189,Health Care, Medicinal Chemicals and Botanical Products 
PMAX,Powell Max Limited Class A Ordinary Shares,$0.3715,-0.0085,-2.237%,5456692.00,Hong Kong,2024,204770,Consumer Discretionary,Other Consumer Services
PMCB,PharmaCyte  Biotech Inc. Common Stock,$1.00,-0.02,-1.961%,6863699.00,United States,,6227,Health Care,Biotechnology: Biological Products (No Diagnostic Substances)
PMEC,Primech Holdings Ltd. Ordinary Shares,$1.48,-0.03,-1.987%,56314000.00,Singapore,2023,29230,Finance,Diversified Commercial Services
PMF,PIMCO Municipal Income Fund Common Stock,$7.76,0.04,0.518%,0.00,United States,2001,94852,Finance,Finance/Investors Services
PML,Pimco Municipal Income Fund II Common Shares of Beneficial Interest,$7.25,0.06,0.834%,0.00,United States,2002,189833,Finance,Investment Managers
PMM,Putnam Managed Municipal Income Trust Common Stock,$5.87,0.05,0.859%,286096809.00,United States,1989,69074,Finance,Investment Managers
PMN,ProMIS Neurosciences Inc. Common Shares (ON),$0.7665,-0.0046,-0.597%,25056264.00,Canada,,583101,Health Care,Biotechnology: Pharmaceutical Preparations
PMNT,Perfect Moment Ltd. Common Stock,$0.285,-0.0201,-6.588%,8858853.00,United Kingdom,2024,229346,Consumer Discretionary,Apparel
PMO,Putnam Municipal Opportunities Trust Common Stock,$9.82,0.05,0.512%,333698988.00,United States,1993,42573,Finance,Finance Companies
PMT,PennyMac Mortgage Investment Trust Common Shares of Beneficial Interest,$11.80,0.01,0.085%,1026795927.00,United States,2009,958989,Real Estate,Real Estate Investment Trusts
PMT^A,PennyMac Mortgage Investment Trust 8.125% Series A Fixed-to-Floating Rate Cumulative Redeemable Preferred Shares of Beneficial Interest,$23.97,0.02,0.084%,,United States,,8618,,
PMT^B,PennyMac Mortgage Investment Trust 8.00% Series B Fixed-to-Floating Rate Cumulative Redeemable Preferred Shares of Beneficial Interest,$24.09,0.00,0.00%,,United States,,3946,,
PMT^C,PennyMac Mortgage Investment Trust 6.75% Series C Cumulative Redeemable Preferred Shares of Beneficial Interest,$18.80,0.14,0.75%,,United States,,40855,,
PMTR,Perimeter Acquisition Corp. I Class A Ordinary Shares,$10.20,-0.02,-0.196%,0.00,United States,2025,8039,Finance,Blank Checks
PMTRU,Perimeter Acquisition Corp. I Unit,$10.49,0.28,2.742%,0.00,United States,2025,252,Finance,Blank Checks
PMTS,CPI Card Group Inc. Common Stock,$18.745,-0.665,-3.426%,211471511.00,United States,,29011,Consumer Discretionary,Publishing
PMTU,PennyMac Mortgage Investment Trust 8.50% Senior Notes due 2028,$25.388,0.00,0.00%,2209177542.00,United States,2023,426,Real Estate,Real Estate Investment Trusts
PMTV,PennyMac Mortgage Investment Trust 9.00% Senior Notes due 2030,$25.055,-0.435,-1.707%,0.00,United States,2025,76056,Real Estate,Real Estate Investment Trusts
PMTW,PennyMac Mortgage Investment Trust 9.00% Senior Notes due 2030,$25.40,0.08,0.316%,0.00,United States,2025,14445,Real Estate,Real Estate Investment Trusts
PMVP,PMV Pharmaceuticals Inc. Common Stock,$1.40,-0.02,-1.408%,72733752.00,United States,2020,154770,Health Care,Biotechnology: Pharmaceutical Preparations
PMX,PIMCO Municipal Income Fund III Common Shares of Beneficial Interest,$6.68,0.07,1.059%,0.00,United States,2002,79891,Finance,Trusts Except Educational Religious and Charitable
PN,Skycorp Solar Group Limited Ordinary Shares,$3.30,-0.285,-7.95%,89100000.00,China,2025,48135,Technology,Retail: Computer Software & Peripheral Equipment
PNBK,Patriot National Bancorp Inc. Common Stock,$1.53,-0.03,-1.923%,116677295.00,United States,,218498,Finance,Major Banks
PNC,PNC Financial Services Group Inc. (The) Common Stock,$185.88,-4.39,-2.307%,73527995633.00,United States,,2639407,Finance,Major Banks
PNF,PIMCO New York Municipal Income Fund Common Stock,$6.805,0.065,0.964%,0.00,United States,2001,17065,Finance,Finance Companies
PNFP,Pinnacle Financial Partners Inc. Common Stock,$86.13,-1.52,-1.734%,6679906548.00,United States,,3218654,Finance,Major Banks
PNFPP,Pinnacle Financial Partners Inc. Depositary shares of Pinnacle Financial Partners Inc. each representing a 1/40th Interest in a share of its 6.75% Fixed-Rate Non-Cumulative Perpetual Preferred Stock Series B,$25.02,-0.43,-1.69%,1940453522.00,United States,,28481,Finance,Major Banks
PNI,Pimco New York Municipal Income Fund II Common Shares of Beneficial Interest,$6.52,0.06,0.929%,0.00,United States,2002,54224,Finance,Trusts Except Educational Religious and Charitable
PNNT,PennantPark Investment Corporation Common Stock,$7.14,-0.09,-1.245%,466214111.00,United States,2022,779906,Finance,Finance: Consumer Services
PNR,Pentair plc. Ordinary Share,$100.62,-1.58,-1.546%,16494762878.00,Switzerland,,1752557,Industrials,Industrial Machinery/Components
PNRG,PrimeEnergy Resources Corporation Common Stock,$157.71,-10.86,-6.442%,261877455.00,United States,,60237,Energy,Oil & Gas Production
PNTG,The Pennant Group Inc. Common Stock ,$22.07,-0.10,-0.451%,760730411.00,United States,,356819,Health Care,Medical/Nursing Services
PNW,Pinnacle West Capital Corporation Common Stock,$90.68,0.06,0.066%,10827102136.00,United States,,1188539,Utilities,Electric Utilities: Central
POAI,Predictive Oncology Inc. Common Stock,$0.762,-0.027,-3.422%,6805895.00,United States,,127764,Health Care,Industrial Specialties
POCI,Precision Optics Corporation Inc. Common stock,$4.71,0.06,1.29%,36108023.00,United States,,20986,Health Care,Biotechnology: Electromedical & Electrotherapeutic Apparatus
PODC,PodcastOne Inc. Common Stock,$1.56,-0.10,-6.024%,41054476.00,United States,,65237,Technology,Computer Software: Programming Data Processing
PODD,Insulet Corporation Common Stock,$284.91,-3.49,-1.21%,20050519312.00,United States,2007,567393,Health Care,Medical/Dental Instruments
POET,POET Technologies Inc. Common Shares,$5.40,-0.10,-1.818%,421613105.00,Canada,,1659232,Technology,Semiconductors
POLA,Polar Power Inc. Common Stock,$1.96,-0.05,-2.488%,4922603.00,United States,2016,14737,Miscellaneous,Industrial Machinery/Components
POLE,Andretti Acquisition Corp. II Class A Ordinary Shares,$10.425,0.005,0.048%,0.00,United States,2024,26219,,
POLEW,Andretti Acquisition Corp. II Warrant,$0.20,-0.01,-4.762%,0.00,United States,2024,2520,,
PONY,Pony AI Inc. American Depositary Shares ,$13.04,-0.40,-2.976%,4633014891.00,China,2024,3987519,Technology,EDP Services
POOL,Pool Corporation Common Stock,$308.67,0.53,0.172%,11518949529.00,United States,1995,493258,Consumer Discretionary,Industrial Specialties
POR,Portland General Electric Co Common Stock,$41.45,0.33,0.803%,4541360154.00,United States,,1859648,Utilities,Electric Utilities: Central
POST,Post Holdings Inc. Common Stock,$105.54,-0.27,-0.255%,5880540727.00,United States,2012,690238,Consumer Staples,Packaged Foods
POWI,Power Integrations Inc. Common Stock,$47.63,-0.89,-1.834%,2681108084.00,United States,1997,681872,Technology,Semiconductors
POWL,Powell Industries Inc. Common Stock,$227.66,-9.44,-3.981%,2747451648.00,United States,,397721,Energy,Electrical Products
POWW,Outdoor Holding Company Common Stock,$1.12,-0.06,-5.085%,130831858.00,United States,,443601,Industrials,Ordnance And Accessories
POWWP,Outdoor Holding Company 8.75% Series A Cumulative Redeemable Perpetual Preferred Stock,$23.4215,-0.0785,-0.334%,2735962825.00,United States,,264,Industrials,Ordnance And Accessories
PPBI,Pacific Premier Bancorp Inc,$21.18,-0.49,-2.261%,2055699898.00,United States,,1284904,Finance,Major Banks
PPBT,Purple Biotech Ltd. American Depositary Shares,$2.17,0.01,0.463%,5746594.00,Israel,2015,30848,Health Care,Biotechnology: Pharmaceutical Preparations
PPC,Pilgrim's Pride Corporation Common Stock,$47.93,0.54,1.139%,11365308314.00,United States,,1465490,Consumer Staples,Meat/Poultry/Fish
PPCB,Propanc Biopharma Inc.,$9.60,-0.39,-3.904%,,Australia,,989,,
PPG,PPG Industries Inc. Common Stock,$104.44,-1.06,-1.005%,23572108000.00,United States,,1989134,Consumer Discretionary,Paints/Coatings
PPIH,Perma-Pipe International Holdings Inc. Common Stock,$21.10,-1.06,-4.783%,168432185.00,United States,,49230,Industrials,Pollution Control Equipment
PPL,PPL Corporation Common Stock,$35.66,-0.03,-0.084%,26362151102.00,United States,,5285057,Utilities,Electric Utilities: Central
PPSI,Pioneer Power Solutions Inc. Common Stock,$2.88,-0.24,-7.692%,32026366.00,United States,,36285,Industrials,Electrical Products
PPT,Putnam Premier Income Trust Common Stock,$3.68,0.02,0.546%,366264008.00,United States,1988,162655,Finance,Finance Companies
PPTA,Perpetua Resources Corp. Common Shares,$15.16,0.06,0.397%,1084598581.00,Canada,,1700602,Basic Materials,Precious Metals
PR,Permian Resources Corporation Class A Common Stock,$13.65,-0.51,-3.602%,10918218921.00,United States,2022,11325197,Energy,Oil & Gas Production
PRA,ProAssurance Corporation Common Stock,$23.66,-0.10,-0.421%,1213576599.00,United States,,744005,Finance,Property-Casualty Insurers
PRAA,PRA Group Inc. Common Stock,$15.06,-0.14,-0.921%,595904607.00,United States,2002,380767,Finance,Finance: Consumer Services
PRAX,Praxis Precision Medicines Inc. Common Stock,$54.09,-0.13,-0.24%,1101758236.00,United States,2020,637767,Health Care,Biotechnology: Pharmaceutical Preparations
PRCH,Porch Group Inc. Common Stock,$12.30,-0.32,-2.536%,1494910869.00,United States,2020,2401770,Technology,Computer Software: Prepackaged Software
PRCT,PROCEPT BioRobotics Corporation Common Stock,$49.96,1.45,2.989%,2764220253.00,United States,2021,1284676,Health Care,Medical/Dental Instruments
PRDO,Perdoceo Education Corporation Common Stock,$29.70,0.92,3.197%,1946426892.00,United States,,1364830,Real Estate,Other Consumer Services
PRE,Prenetics Global Limited Class A Ordinary Share,$8.00,-0.07,-0.867%,104271848.00,Hong Kong,,72770,Finance,Blank Checks
PRENW,Prenetics Global Limited Warrant,$0.0329,0.00,0.00%,428818.00,Hong Kong,,1000,Finance,Blank Checks
PRFX,PainReform Ltd. Ordinary Shares,$1.32,-0.11,-7.692%,2488201.00,Israel,2020,139469,Health Care,Biotechnology: Pharmaceutical Preparations
PRG,PROG Holdings Inc. Common Stock,$30.50,-1.34,-4.209%,1206084375.00,United States,,517905,Consumer Discretionary,Diversified Commercial Services
PRGO,Perrigo Company plc Ordinary Shares,$26.64,-0.03,-0.112%,3662395432.00,United States,,1115239,Health Care,Biotechnology: Pharmaceutical Preparations
PRGS,Progress Software Corporation Common Stock (DE),$46.04,-2.04,-4.243%,1984708296.00,United States,1991,1120793,Technology,Computer Software: Prepackaged Software
PRH,Prudential Financial Inc. 5.950% Junior Subordinated Notes due 2062,$25.69,0.00,0.00%,9094260000.00,United States,2022,13067,Finance,Life Insurance
PRI,Primerica Inc. Common Stock,$259.48,-6.15,-2.315%,8526275635.00,United States,2010,148379,Finance,Life Insurance
PRIF^D,Priority Income Fund Inc. 7.00% Series D Term Preferred Stock due 2029,$24.82,-0.26,-1.037%,,,,875,,
PRIF^J,Priority Income Fund Inc. 6.000% Series J Term Preferred Stock due 2028,$24.05,-0.26,-1.07%,,,,1103,,
PRIF^K,Priority Income Fund Inc. 7.000% Series K Cumulative Preferred Stock,$23.43,-0.2488,-1.051%,,,,1202,,
PRIF^L,Priority Income Fund Inc. 6.375% Series L Term Preferred Stock Due 2029,$24.4101,-0.0899,-0.367%,,,,2357,,
PRIM,Primoris Services Corporation Common Stock,$91.14,-3.03,-3.218%,4921741186.00,United States,,1186983,Industrials,Water Sewer Pipeline Comm & Power Line Construction
PRK,Park National Corporation Common Stock,$158.56,-3.31,-2.045%,2567299980.00,United States,1994,59469,Finance,Major Banks
PRKS,United Parks & Resorts Inc. Common Stock,$46.63,-0.70,-1.479%,2563456692.00,United States,2013,698574,Health Care,Biotechnology: Electromedical & Electrotherapeutic Apparatus
PRLB,Proto Labs Inc. Common stock,$43.19,0.07,0.162%,1026653942.00,United States,2012,360735,Industrials,Metal Fabrications
PRLD,Prelude Therapeutics Incorporated Common Stock,$0.8283,0.0484,6.206%,46766216.00,United States,2020,74562,Health Care,Biotechnology: Pharmaceutical Preparations
PRM,Perimeter Solutions SA Common Stock,$15.64,-0.49,-3.038%,2310477885.00,Luxembourg,,1103299,Industrials,Major Chemicals
PRMB,Primo Brands Corporation Class A Common Stock,$27.05,-0.56,-2.028%,10182240229.00,United States,2024,5842961,Consumer Staples,Beverages (Production/Distribution)
PRME,Prime Medicine Inc. Common Stock,$4.04,0.30,8.021%,530429594.00,United States,2022,4715868,Health Care,Biotechnology: Biological Products (No Diagnostic Substances)
PRO,PROS Holdings Inc. Common Stock,$14.89,-0.80,-5.099%,712523263.00,United States,2007,1965789,Technology,EDP Services
PROF,Profound Medical Corp. Common Stock,$5.50,-0.05,-0.901%,165229543.00,Canada,,19816,Health Care,Medical/Dental Instruments
PROK,ProKidney Corp. Class A Ordinary Shares,$2.82,0.05,1.805%,825422528.00,United States,2021,1321285,Health Care,Biotechnology: Biological Products (No Diagnostic Substances)
PROP,Prairie Operating Co. Common Stock,$2.98,-0.11,-3.56%,130612497.00,United States,,2135121,Finance,Finance: Consumer Services
PROV,Provident Financial Holdings Inc. Common Stock,$15.32,-0.005,-0.033%,101436018.00,United States,,5240,Finance,Savings Institutions
PRPH,ProPhase Labs Inc. Common Stock (DE),$0.3261,-0.0336,-9.341%,13546587.00,United States,,785139,Health Care,Biotechnology: Pharmaceutical Preparations
PRPL,Purple Innovation Inc. Common Stock,$0.809,-0.0024,-0.296%,87702823.00,United States,2015,256720,Consumer Discretionary,Home Furnishings
PRPO,Precipio Inc.  Common Stock,$14.46,0.1992,1.397%,21863679.00,United States,,1958,Industrials,Biotechnology: Laboratory Analytical Instruments
PRQR,ProQR Therapeutics N.V. Ordinary Shares,$2.08,-0.02,-0.952%,218842056.00,Netherlands,2014,139878,Health Care,Biotechnology: Pharmaceutical Preparations
PRS,Prudential Financial Inc. 5.625% Junior Subordinated Notes due 2058,$24.1692,-0.2808,-1.148%,8555896800.00,United States,2018,15244,Finance,Life Insurance
PRSO,Peraso Inc. Common Stock,$0.829,-0.011,-1.31%,4216058.00,United States,,86609,Technology,Semiconductors
PRSU,Pursuit Attractions and Hospitality Inc. Common Stock,$28.37,-1.87,-6.184%,801618918.00,United States,,572181,Consumer Discretionary,Business Services
PRT,PermRock Royalty Trust Trust Units,$4.00,-0.03,-0.744%,48662928.00,United States,2018,24981,Energy,Oil & Gas Production
PRTA,Prothena Corporation plc Ordinary Shares,$6.81,-0.06,-0.873%,366561747.00,United States,,859928,Health Care,Biotechnology: Pharmaceutical Preparations
PRTC,PureTech Health plc American Depositary Shares,$19.089,0.389,2.08%,458621720.00,United States,,1681,Health Care,Biotechnology: Pharmaceutical Preparations
PRTG,Portage Biotech Inc. Common Stock,$5.42,-0.54,-9.06%,12350131.00,Canada,,20512,Energy,Oil & Gas Production
PRTH,Priority Technology Holdings Inc. Common Stock,$6.74,-0.11,-1.606%,537538428.00,United States,2016,434908,Consumer Discretionary,Business Services
PRTS,CarParts.com Inc. Common Stock,$0.8401,0.0051,0.611%,49127753.00,United States,2007,380782,Consumer Discretionary,Auto & Home Supply Stores
PRU,Prudential Financial Inc. Common Stock,$100.71,-2.87,-2.771%,35651340000.00,United States,2001,2467747,Finance,Life Insurance
PRVA,Privia Health Group Inc. Common Stock,$18.86,-0.66,-3.381%,2299401959.00,United States,2021,766408,Health Care,Medical/Nursing Services
PRZO,ParaZero Technologies Ltd. Ordinary Shares,$1.58,-0.25,-13.661%,26353817.00,Israel,2023,2123836,Industrials,Military/Government/Technical
PSA,Public Storage Common Stock,$278.89,6.95,2.556%,48932044779.00,United States,,1539812,Real Estate,Real Estate Investment Trusts
PSA^F,Public Storage Depositary Shares Each Representing 1/1000 of a 5.15% Cumulative Preferred Share of Beneficial Interest Series F par value $0.01 per share,$21.24,-0.05,-0.235%,,United States,,17095,,
PSA^G,Public Storage Depositary Shares Each Representing 1/1000 of a 5.05% Cumulative Preferred Share of Beneficial Interest Series G,$20.63,-0.08,-0.386%,,United States,,6354,,
PSA^H,Public Storage Depositary Shares Each Representing 1/1000 of a  5.60% Cumulative Preferred  Share of Beneficial Interest Series H,$23.38,-0.05,-0.213%,,United States,,20778,,
PSA^I,Public Storage Depositary Shares Each Representing 1/1000 of a 4.875% Cumulative Preferred Share of Beneficial Interest Series I par value $0.01 per share,$19.76,0.01,0.051%,,United States,,11063,,
PSA^J,Public Storage Depositary Shares Each Representing 1/1000 of a 4.700% Cumulative Preferred Share of Beneficial Interest Series J par value $0.01 per share,$19.18,0.05,0.261%,,United States,,19876,,
PSA^K,Public Storage Depositary Shares Each Representing 1/1000 of a 4.75% Cumulative Preferred Share of Beneficial Interest Series K,$19.28,0.16,0.837%,,United States,,12704,,
PSA^L,Public Storage Depositary Shares Each Representing 1/1000 of a 4.625% Cumulative Preferred Share of Beneficial Interest Series L par value $0.01 per share,$18.86,-0.07,-0.37%,,United States,,28944,,
PSA^M,Public Storage Depositary Shares Each Representing 1/1000 of a 4.125% Cumulative Preferred Share of Beneficial Interest Series M,$16.71,0.14,0.845%,,United States,,5677,,
PSA^N,Public Storage Depositary Shares Each Representing 1/1000 of a 3.875% Cumulative Preferred Share of Beneficial Interest Series N,$15.68,-0.02,-0.127%,,United States,,12916,,
PSA^O,Public Storage Depositary Shares Each Representing 1/1000 of a 3.900% Cumulative Preferred Share of Beneficial Interest Series O,$15.82,0.10,0.636%,,United States,,28529,,
PSA^P,Public Storage Depositary Shares Each Representing 1/1000 of a 4.000% Cumulative Preferred Share of Bene cial Interest Series P,$16.26,-0.10,-0.611%,,United States,,37160,,
PSA^Q,Public Storage Depositary Shares Each Representing 1/1000 of a 3.950% Cumulative Preferred Share of Beneficial Interest Series Q par value $0.01 per share,$15.9999,0.1699,1.073%,,United States,,14217,,
PSA^R,Public Storage Depositary Shares Each Representing 1/1000 of a 4.00% Cumulative Preferred Share of Bene cial Interest Series R,$16.25,-0.07,-0.429%,,United States,,48621,,
PSA^S,Public Storage Depositary Shares Each Representing 1/1000 of a 4.100% Cumulative Preferred Share of Beneficial Interest Series S,$16.59,-0.05,-0.30%,,United States,,22733,,
PSBD,Palmer Square Capital BDC Inc. Common Stock,$13.75,-0.11,-0.794%,0.00,,2024,19993,,
PSEC,Prospect Capital Corporation Common Stock,$2.97,-0.13,-4.194%,1341058213.00,United States,2004,5512188,Finance,Finance: Consumer Services
PSEC^A,Prospect Capital Corporation 5.35% Series A Fixed Rate Cumulative Perpetual Preferred Stock,$17.335,0.075,0.435%,,United States,,2295,,
PSF,Cohen & Steers Select Preferred and Income Fund Inc. Common Stock,$20.53,-0.0508,-0.247%,1008816033.00,,2010,39127,Finance,Investment Managers
PSFE,Paysafe Limited Common Shares,$11.42,-0.73,-6.008%,683924432.00,,2021,407557,Consumer Discretionary,Business Services
PSHG,Performance Shipping Inc. Common Shares,$1.68,-0.02,-1.176%,20886025.00,Greece,,71703,Consumer Discretionary,Marine Transportation
PSIG,PS International Group Ltd. Ordinary Shares,$0.341,0.0021,0.62%,8858135.00,Hong Kong,,201658,Consumer Discretionary,Oil Refining/Marketing
PSIX,Power Solutions International Inc. Common Stock,$86.99,-6.76,-7.211%,2001484884.00,United States,,768657,Industrials,Industrial Machinery/Components
PSMT,PriceSmart Inc. Common Stock,$109.20,1.70,1.581%,3358324897.00,United States,,224274,Consumer Discretionary,Department/Specialty Retail Stores
PSN,Parsons Corporation Common Stock,$73.72,-0.48,-0.647%,7878823894.00,United States,2019,845488,Technology,EDP Services
PSNL,Personalis Inc. Common Stock,$5.39,-0.09,-1.642%,476072494.00,United States,2019,854003,Health Care,Medical Specialities
PSNY,Polestar Automotive Holding UK PLC Class A ADS,$1.04,-0.03,-2.804%,2194768755.00,Sweden,,2356109,Consumer Discretionary,Auto Manufacturing
PSNYW,Polestar Automotive Holding UK PLC Class C-1 ADS (ADW),$0.152,0.001,0.662%,320773895.00,Sweden,,66886,Consumer Discretionary,Auto Manufacturing
PSO,Pearson Plc Common Stock,$14.97,0.74,5.20%,9870015864.00,United Kingdom,,2051552,Consumer Discretionary,Books
PSQH,PSQ Holdings Inc. Class A Common Stock,$1.97,-0.07,-3.431%,89711783.00,,2021,616777,Consumer Discretionary,Advertising
PSTG,Pure Storage Inc. Class A Common Stock,$54.51,-5.01,-8.417%,17815594768.00,United States,2015,2976624,Technology,Electronic Components
PSTL,Postal Realty Trust Inc. Class A Common Stock,$13.70,-0.01,-0.073%,326135967.00,United States,2019,174011,Real Estate,Real Estate Investment Trusts
PSTV,PLUS THERAPEUTICS Inc. Common Stock ,$0.585,0.102,21.118%,19139477.00,United States,,12215475,Health Care,Medical/Dental Instruments
PSX,Phillips 66 Common Stock,$119.60,-3.98,-3.221%,48333262094.00,United States,,2161481,Energy,Integrated oil Companies
PT,Pintec Technology Holdings Limited American Depositary Shares,$0.94,-0.01,-1.053%,14991082.00,China,2018,3111,Technology,Computer Software: Programming Data Processing
PTA,Cohen & Steers Tax-Advantaged Preferred Securities and Income Fund Common Shares of Beneficial Interest,$20.11,-0.01,-0.05%,1111549220.00,United States,2020,66770,Finance,Trusts Except Educational Religious and Charitable
PTC,PTC Inc. Common Stock,$212.11,-2.70,-1.257%,25442138888.00,United States,,1598374,Technology,Computer Software: Prepackaged Software
PTCT,PTC Therapeutics Inc. Common Stock,$52.13,0.02,0.038%,4131668400.00,United States,2013,1020621,Health Care,Biotechnology: Pharmaceutical Preparations
PTEN,Patterson-UTI Energy Inc. Common Stock,$5.54,-0.37,-6.261%,2133827961.00,United States,1993,8927511,Energy,Oil & Gas Production
PTGX,Protagonist Therapeutics Inc. Common Stock,$53.83,-0.03,-0.056%,3336488638.00,United States,2016,600772,Health Care,Biotechnology: Pharmaceutical Preparations
PTHL,Pheton Holdings Ltd Class A Ordinary Shares,$0.81,-0.0796,-8.948%,11542500.00,China,2024,2780524,Health Care,Biotechnology: Electromedical & Electrotherapeutic Apparatus
PTHS,Pelthos Therapeutics Inc. Common Stock,$20.855,-0.295,-1.395%,13755645.00,,2024,14450,Health Care,Biotechnology: Biological Products (No Diagnostic Substances)
PTIX,Protagenic Therapeutics Inc. Common Stock,$2.72,-0.22,-7.483%,1601979.00,United States,,89525,Health Care,Biotechnology: Pharmaceutical Preparations
PTIXW,Protagenic Therapeutics Inc. Warrant,$0.0331,-0.0091,-21.564%,19495.00,United States,,20396,Health Care,Biotechnology: Pharmaceutical Preparations
PTLE,PTL LTD Class A Ordinary Shares,$0.202,-0.0064,-3.071%,7572475.00,Singapore,2024,852523,Energy,Oil Refining/Marketing
PTLO,Portillo's Inc. Class A Common Stock,$9.51,-0.45,-4.518%,711493779.00,United States,2021,3388195,Consumer Discretionary,Restaurants
PTMN,Portman Ridge Finance Corporation Common Stock,$12.24,0.04,0.328%,112643129.00,United States,2006,28689,Finance,Finance: Consumer Services
PTNM,Pitanium Limited Class A Ordinary shares,$1.18,0.02,1.724%,26845000.00,Hong Kong,2025,117227,Consumer Discretionary,Package Goods/Cosmetics
PTON,Peloton Interactive Inc. Class A Common Stock,$6.60,-0.54,-7.563%,2630493261.00,United States,2019,17353700,Consumer Discretionary,Recreational Games/Products/Toys
PTY,Pimco Corporate & Income Opportunity Fund,$13.98,0.04,0.287%,0.00,United States,2002,1092443,Finance,Investment Managers
PUBM,PubMatic Inc. Class A Common Stock,$11.12,-0.89,-7.41%,539694177.00,United States,2020,522821,Technology,Computer Software: Programming Data Processing
PUK,Prudential Public Limited Company Common Stock,$25.02,-0.50,-1.959%,32306850521.00,United Kingdom,,1674541,Finance,Life Insurance
PULM,Pulmatrix Inc. Common Stock,$5.333,-0.297,-5.275%,19477636.00,United States,2014,5998,Health Care,Biotechnology: Pharmaceutical Preparations
PUMP,ProPetro Holding Corp. Common Stock,$5.07,-0.29,-5.41%,526822747.00,United States,2017,3023492,Energy,Oilfield Services/Equipment
PVBC,Provident Bancorp Inc. (MD) Common Stock,$12.14,-0.07,-0.573%,215946781.00,United States,2015,217722,Finance,Banks
PVH,PVH Corp. Common Stock,$71.36,-2.06,-2.806%,3430497843.00,United States,,1155564,Consumer Discretionary,Apparel
PVL,Permianville Royalty Trust Trust Units ,$1.8001,0.0001,0.006%,59403300.00,United States,2011,39734,Energy,Oil & Gas Production
PVLA,Palvella Therapeutics Inc. Common Stock,$36.55,-0.03,-0.082%,404084556.00,United States,,56129,Health Care,Biotechnology: Pharmaceutical Preparations
PW,Power REIT (MD) Common Stock,$1.1882,-0.0018,-0.151%,4027595.00,United States,1998,4965,Real Estate,Real Estate Investment Trusts
PW^A,Power REIT 7.75% Series A Cumulative Perpetual Preferred Stock,$3.50,0.00,0.00%,,United States,,344,,
PWM,Prestige Wealth Inc. Class A Ordinary Shares,$0.3818,-0.0281,-6.855%,12080900.00,Hong Kong,2023,56596,Finance,Finance: Consumer Services
PWP,Perella Weinberg Partners Class A Common Stock,$20.97,1.03,5.165%,1853395096.00,United States,2020,2483233,Finance,Finance: Consumer Services
PWR,Quanta Services Inc. Common Stock,$395.17,-10.96,-2.699%,58563686207.00,United States,,2094043,Industrials,Engineering & Construction
PX,P10 Inc. Class A Common Stock,$11.89,-0.41,-3.333%,1333160020.00,United States,2021,531922,Finance,Investment Managers
PXLW,Pixelworks Inc.  Common Stock,$10.78,-1.065,-8.991%,56552408.00,United States,2000,109844,Technology,Semiconductors
PXS,Pyxis Tankers Inc. Common Stock,$2.804,-0.006,-0.214%,29402365.00,Greece,,24598,Consumer Discretionary,Marine Transportation
PXSAW,Pyxis Tankers Inc. Warrant,$0.0089,-0.001,-10.101%,93324.00,Greece,,11662,Consumer Discretionary,Marine Transportation
PYN,PIMCO New York Municipal Income Fund III Common Shares of Beneficial Interest,$5.15,0.04,0.783%,0.00,United States,2002,12727,Finance,Investment Managers
PYPD,PolyPid Ltd. Ordinary Shares,$3.41,0.05,1.488%,34750983.00,Israel,2020,22926,Health Care,Biotechnology: Pharmaceutical Preparations
PYPL,PayPal Holdings Inc. Common Stock,$67.11,-1.65,-2.40%,64115444760.00,United States,,15167040,Consumer Discretionary,Business Services
PYT,PPlus Tr GSC-2 Tr Ctf Fltg Rate,$22.7026,-0.3274,-1.422%,0.00,United States,,3273,Finance,Finance: Consumer Services
PYXS,Pyxis Oncology Inc. Common Stock,$1.10,-0.02,-1.786%,68142432.00,United States,2021,165033,Health Care,Biotechnology: Pharmaceutical Preparations
PZC,PIMCO California Municipal Income Fund III Common Shares of Beneficial Interest,$6.10,0.03,0.494%,0.00,United States,2002,16551,Finance,Investment Managers
PZG,Paramount Gold Nevada Corp. Common Stock,$0.6444,0.0208,3.335%,46041832.00,United States,2015,172559,Basic Materials,Metal Mining
PZZA,Papa John's International Inc. Common Stock,$41.79,-0.62,-1.462%,1368139199.00,United States,1993,623551,Consumer Discretionary,Restaurants
QBTS,D-Wave Quantum Inc. Common Shares,$16.38,-0.81,-4.712%,4786092855.00,,2022,31547257,Technology,EDP Services
QCOM,QUALCOMM Incorporated Common Stock,$148.19,1.43,0.974%,159897010000.00,United States,1991,12701912,Technology,Radio And Television Broadcasting And Communications Equipment
QCRH,QCR Holdings Inc. Common Stock,$70.01,-0.99,-1.394%,1185368574.00,United States,,159546,Finance,Major Banks
QD,Qudian Inc. American Depositary Shares each representing one Class A Ordinary Share,$3.95,-0.09,-2.228%,652249643.00,China,2017,1179245,Finance,Finance: Consumer Services
QDEL,QuidelOrtho Corporation Common Stock,$22.81,-0.21,-0.912%,1542546140.00,United States,,1600728,Health Care,Biotechnology: In Vitro & In Vivo Diagnostic Substances
QETA,Quetta Acquisition Corporation Common Stock,$11.12,0.00,0.00%,0.00,United States,2023,5,Finance,Blank Checks
QETAR,Quetta Acquisition Corporation Right,$1.74,0.37,27.007%,0.00,United States,2023,24541,Finance,Blank Checks
QFIN,Qifu Technology Inc. American Depositary Shares,$33.65,-0.68,-1.981%,4721591809.00,China,2018,2748037,Finance,Finance: Consumer Services
QGEN,Qiagen N.V. Common Shares,$49.94,0.60,1.216%,10792838134.00,Netherlands,,1448114,Health Care,Biotechnology: Biological Products (No Diagnostic Substances)
QH,Quhuo Limited American Depository Shares,$0.1071,-0.0082,-7.112%,9606336.00,China,2020,11631852,Consumer Discretionary,Business Services
QIPT,Quipt Home Medical Corp. Common Shares,$2.31,0.10,4.525%,100355575.00,United States,,270035,Health Care,Misc Health and Biotechnology Services
QLGN,Qualigen Therapeutics Inc. Common Stock,$2.17,-0.03,-1.364%,3548981.00,United States,2015,33601,Health Care,Biotechnology: Pharmaceutical Preparations
QLYS,Qualys Inc. Common Stock,$130.53,-2.54,-1.909%,4741649227.00,United States,2012,319748,Technology,Computer Software: Prepackaged Software
QMCO,Quantum Corporation Common Stock,$7.53,-0.48,-5.993%,43931518.00,United States,,600718,Technology,Electronic Components
QMMM,QMMM Holdings Limited Class A Ordinary Shares,$2.48,0.03,1.224%,42671728.00,Hong Kong,2024,6038978,Consumer Discretionary,Advertising
QNCX,Quince Therapeutics Inc. Common Stock,$1.68,-0.01,-0.592%,76387554.00,United States,2019,61019,Health Care,Biotechnology: Biological Products (No Diagnostic Substances)
QNRX,Quoin Pharmaceuticals Ltd. American Depositary Shares,$6.82,0.12,1.791%,4011292.00,Israel,2016,3184,Health Care,Medical/Dental Instruments
QNST,QuinStreet Inc. Common Stock,$16.25,-0.16,-0.975%,925468781.00,United States,2010,526975,Consumer Discretionary,Business Services
QNTM,Quantum Biopharma Ltd. Class B Subordinate Voting Shares,$23.70,0.23,0.98%,69470601.00,Canada,,131549,Health Care,Biotechnology: Pharmaceutical Preparations
QQQX,Nuveen NASDAQ 100 Dynamic Overwrite Fund Shares of Beneficial Interest,$26.33,-0.28,-1.052%,0.00,United States,,129111,Finance,Finance Companies
QRHC,Quest Resource Holding Corporation Common Stock,$2.02,0.01,0.498%,41685845.00,United States,,35222,Utilities,Environmental Services
QRVO,Qorvo Inc. Common Stock,$84.11,0.51,0.61%,7793150145.00,United States,,2343204,Technology,Semiconductors
QS,QuantumScape Corporation Class A Common Stock,$8.26,-0.34,-3.953%,4675342852.00,United States,2020,31117498,Miscellaneous,Industrial Machinery/Components
QSEA,Quartzsea Acquisition Corporation Ordinary Shares,$10.09,0.00,0.00%,0.00,United States,2025,7,Finance,Blank Checks
QSEAR,Quartzsea Acquisition Corporation Rights,$0.285,0.00,0.00%,0.00,United States,2025,10,Finance,Blank Checks
QSEAU,Quartzsea Acquisition Corporation Units,$10.33,0.00,0.00%,0.00,United States,2025,100,Finance,Blank Checks
QSG,QuantaSing Group Limited American Depositary Shares,$7.98,-0.57,-6.667%,407881764.00,China,2023,747383,Real Estate,Other Consumer Services
QSI,Quantum-Si Incorporated Class A Common Stock,$1.46,-0.02,-1.351%,267907249.00,United States,2020,4413804,Industrials,Industrial Machinery/Components
QSIAW,Quantum-Si Incorporated Warrant,$0.4825,0.0225,4.891%,88537841.00,United States,2020,2754,Industrials,Industrial Machinery/Components
QSR,Restaurant Brands International Inc. Common Shares,$68.02,0.16,0.236%,30923688680.00,Canada,2014,1628364,Consumer Discretionary,Restaurants
QTRX,Quanterix Corporation Common Stock,$5.86,-0.08,-1.347%,227540202.00,United States,2017,553926,Industrials,Biotechnology: Laboratory Analytical Instruments
QTTB,Q32 Bio Inc. Common Stock,$2.00,-0.22,-9.91%,24395230.00,United States,2018,292225,Health Care,Biotechnology: Pharmaceutical Preparations
QTWO,Q2 Holdings Inc. Common Stock,$76.53,-4.67,-5.751%,4778717714.00,United States,2014,1368285,Technology,Computer Software: Prepackaged Software
QUAD,Quad Graphics Inc Class A Common Stock,$5.71,0.38,7.129%,288201601.00,United States,,519748,Consumer Discretionary,Publishing
QUBT,Quantum Computing Inc. Common Stock,$14.80,-0.04,-0.27%,2085372333.00,United States,,12288995,Technology,Computer Software: Prepackaged Software
QUIK,QuickLogic Corporation Common Stock,$6.17,-0.17,-2.681%,97708484.00,United States,1999,147749,Technology,Semiconductors
QURE,uniQure N.V. Ordinary Shares,$13.695,-0.225,-1.616%,751402606.00,Netherlands,2014,1062548,Health Care,Biotechnology: Pharmaceutical Preparations
QVCC,QVC Inc. 6.250% Senior Secured Notes due 2068,$9.0399,0.2299,2.61%,0.00,United States,2019,25314,Consumer Discretionary,Catalog/Specialty Distribution
QVCD,QVC Inc. 6.375% Senior Secured Notes due 2067,$9.0815,0.2515,2.848%,0.00,United States,2018,13656,Consumer Discretionary,Catalog/Specialty Distribution
QVCGA,QVC Group Inc. Series A Common Stock,$3.41,-0.47,-12.113%,27514369.00,United States,,131382,Consumer Discretionary,Catalog/Specialty Distribution
QVCGP,QVC Group Inc. 8.0% Fixed Rate Cumulative Redeemable Preferred Stock,$5.48,-0.07,-1.261%,44216640.00,United States,,41036,Consumer Discretionary,Catalog/Specialty Distribution
QXO,QXO Inc. Common Stock,$19.33,-0.73,-3.639%,11177872231.00,United States,,6201654,Consumer Discretionary,RETAIL: Building Materials
QXO^B,QXO Inc.  Depositary Shares each representing a 1/20th interest in a share of 5.50% Series B Mandatory Convertible Preferred Stock,$56.05,-1.77,-3.061%,,United States,,111633,,
R,Ryder System Inc. Common Stock,$173.77,-3.94,-2.217%,7088188818.00,United States,,353414,Consumer Discretionary,Rental/Leasing Companies
RA,Brookfield Real Assets Income Fund Inc. Common Stock,$13.22,-0.02,-0.151%,0.00,United States,2016,136816,Finance,Investment Managers
RAAQ,Real Asset Acquisition Corp. Class A Ordinary Share,$10.15,0.00,0.00%,0.00,United States,2025,3724,,
RAAQW,Real Asset Acquisition Corp. Warrants,$0.40,0.00,0.00%,0.00,United States,2025,58700,,
RAC,Rithm Acquisition Corp. Class A Ordinary Shares,$10.29,0.00,0.00%,0.00,,2025,216,,
RAC/WS,Rithm Acquisition Corp.,$0.67,0.17,34.00%,,,,13799,,
RACE,Ferrari N.V. Common Shares,$436.24,-7.15,-1.613%,105734631473.00,Italy,2015,1677964,Consumer Discretionary,Auto Manufacturing
RADX,Radiopharm Theranostics Limited American Depositary Shares,$5.35,0.65,13.83%,11625340045.00,Australia,,124192,,
RAIL,FreightCar America Inc. Common Stock,$9.80,-0.36,-3.543%,186595038.00,United States,2005,195117,Industrials,Railroads
RAIN,Rain Enhancement Technologies Holdco Inc. Class A Common Stock,$3.80,0.00,0.00%,28828749.00,United States,,2913,Technology,Industrial Machinery/Components
RAINW,Rain Enhancement Technologies Holdco Inc. Warrants,$0.102,-0.038,-27.143%,773824.00,United States,,27106,Technology,Industrial Machinery/Components
RAL,Ralliant Corporation Common Stock,$44.38,-1.34,-2.931%,5014508449.00,,2025,1204078,Industrials,Industrial Machinery/Components
RAMP,LiveRamp Holdings Inc. Common Stock,$32.00,-0.82,-2.498%,2079737120.00,United States,2018,453044,Technology,EDP Services
RAND,Rand Capital Corporation Common Stock,$18.225,-0.12,-0.654%,54124860.00,United States,,2537,Finance,Finance: Consumer Services
RANG,Range Capital Acquisition Corp. Ordinary Shares,$10.25,0.00,0.00%,0.00,United States,2025,128,,
RANGR,Range Capital Acquisition Corp. Rights,$0.2006,-0.0413,-17.073%,0.00,United States,2025,2119,,
RANI,Rani Therapeutics Holdings Inc. Class A Common Stock,$0.5284,-0.0075,-1.40%,30405248.00,United States,2021,605871,Health Care,Biotechnology: Pharmaceutical Preparations
RAPP,Rapport Therapeutics Inc. Common Stock,$14.15,-0.21,-1.462%,516440403.00,United States,2024,124280,Health Care,Biotechnology: Pharmaceutical Preparations
RAPT,RAPT Therapeutics Inc. Common Stock,$10.49,-0.31,-2.87%,173463542.00,United States,2019,31794,Health Care,Biotechnology: Pharmaceutical Preparations
RARE,Ultragenyx Pharmaceutical Inc. Common Stock,$28.44,1.12,4.10%,2688775475.00,United States,2014,2239696,Health Care,Biotechnology: Pharmaceutical Preparations
RAVE,Rave Restaurant Group Inc. Common Stock,$2.84,-0.17,-5.648%,40360847.00,United States,,29397,Consumer Discretionary,Food Distributors
RAY,Raytech Holding Limited Ordinary Shares,$2.76,0.09,3.371%,120330709.00,Hong Kong,2024,5216116,Consumer Discretionary,Consumer Electronics/Appliances
RAYA,Erayak Power Solution Group Inc. Class A Ordinary Shares,$0.084,0.0246,41.414%,4249412.00,China,2022,574573134,Consumer Discretionary,Metal Fabrications
RBA,RB Global Inc. Common Stock,$108.26,0.00,0.00%,20174572965.00,Canada,,636140,Consumer Discretionary,Business Services
RBB,RBB Bancorp Common Stock,$17.94,-0.17,-0.939%,318253070.00,United States,2017,75749,Finance,Major Banks
RBBN,Ribbon Communications Inc. Common Stock,$3.60,-0.16,-4.255%,637494649.00,United States,,656503,Technology,EDP Services
RBC,RBC Bearings Incorporated Common Stock,$399.80,12.46,3.217%,12584927588.00,United States,2022,265532,Industrials,Metal Fabrications
RBCAA,Republic Bancorp Inc. Class A Common Stock,$67.50,-1.36,-1.975%,1317925688.00,United States,1998,36349,Finance,Major Banks
RBKB,Rhinebeck Bancorp Inc. Common Stock,$12.40,-0.29,-2.285%,137620210.00,United States,2019,11340,Finance,Banks
RBLX,Roblox Corporation Class A Common Stock,$125.03,-12.76,-9.26%,84805888029.00,United States,2021,15000199,Technology,Computer Software: Prepackaged Software
RBNE,Robin Energy Ltd. Common Stock,$2.50,0.03,1.215%,5966830.00,Cyprus,,300449,Consumer Discretionary,Marine Transportation
RBOT,Vicarious Surgical Inc. Class A Common Stock,$8.67,-0.19,-2.144%,51430301.00,Hong Kong,2020,22756,Health Care,Industrial Specialties
RBRK,Rubrik Inc. Class A Common Stock,$87.65,-7.30,-7.688%,16959692128.00,United States,2024,5996206,Technology,Computer Software: Prepackaged Software
RC,Ready Capital Corporation Common Stock,$4.16,-0.05,-1.188%,709310064.00,United States,2013,1855384,Real Estate,Real Estate Investment Trusts
RC^C,Ready Capital Corporation 6.25% Series C Cumulative Convertible Preferred Stock,$15.7159,0.00,0.00%,,United States,,93,,
RC^E,Ready Capital Corporation 6.50% Series E Cumulative Redeemable Preferred Stock,$15.68,-0.16,-1.01%,,United States,,9270,,
RCAT,Red Cat Holdings Inc. Common Stock,$8.20,-0.08,-0.966%,745505173.00,United States,,3796863,Technology,Computer Software: Prepackaged Software
RCB,Ready Capital Corporation 6.20% Senior Notes due 2026,$24.2701,0.0799,0.33%,4138227450.00,United States,2019,2925,Real Estate,Real Estate Investment Trusts
RCC,Ready Capital Corporation 5.75% Senior Notes due 2026,$24.685,0.015,0.061%,4208970898.00,United States,2021,967,Real Estate,Real Estate Investment Trusts
RCD,Ready Capital Corporation 9.00% Senior Notes due 2029,$23.33,0.10,0.43%,0.00,United States,2024,18843,Real Estate,Real Estate Investment Trusts
RCEL,Avita Medical Inc. Common Stock,$5.16,-0.14,-2.642%,136402835.00,United States,,321032,Health Care,Medical/Dental Instruments
RCG,RENN Fund Inc Common Stock,$2.5977,0.0077,0.297%,0.00,United States,,8614,Finance,Investment Managers
RCI,Rogers Communication Inc. Common Stock,$33.69,0.29,0.868%,18006214960.00,Canada,,1211417,Telecommunications,Cable & Other Pay Television Services
RCKT,Rocket Pharmaceuticals Inc. Common Stock,$2.99,-0.06,-1.967%,322136378.00,United States,2015,1899843,Health Care,Biotechnology: Pharmaceutical Preparations
RCKTW,Rocket Pharmaceuticals Inc. Warrant,$0.0345,-0.0047,-11.99%,3716958.00,United States,,57054,Health Care,Biotechnology: Pharmaceutical Preparations
RCKY,Rocky Brands Inc. Common Stock,$25.08,-1.08,-4.128%,187126068.00,United States,1993,90258,Consumer Discretionary,Shoe Manufacturing
RCL,Royal Caribbean Cruises Ltd. Common Stock,$314.25,-3.62,-1.139%,85358992155.00,United States,1993,2827593,Consumer Discretionary,Marine Transportation
RCMT,RCM Technologies Inc. Common Stock,$23.49,-0.62,-2.572%,173600144.00,United States,,41915,Consumer Discretionary,Professional Services
RCON,Recon Technology Ltd. Class A Ordinary Shares,$2.81,-1.69,-37.556%,42397165.00,China,2009,1158656,Energy,Oilfield Services/Equipment
RCS,PIMCO Strategic Income Fund Inc.,$7.09,0.01,0.141%,0.00,United States,1994,127069,Finance,Investment Managers
RCT,RedCloud Holdings plc Ordinary Shares,$2.53,0.11,4.545%,111893387.00,United Kingdom,2025,60519,Consumer Discretionary,Other Specialty Stores
RCUS,Arcus Biosciences Inc. Common Stock,$9.16,0.03,0.329%,969907864.00,United States,2018,805025,Health Care,Biotechnology: Pharmaceutical Preparations
RDAC,Rising Dragon Acquisition Corp. Ordinary Shares,$10.35,0.00,0.00%,0.00,China,2024,5,,
RDACR,Rising Dragon Acquisition Corp. Rights,$0.18,0.00,0.00%,0.00,China,2024,10,Finance,Blank Checks
RDAG,Republic Digital Acquisition Company Class A Ordinary Shares,$10.37,0.02,0.193%,0.00,United States,2025,11520,Finance,Blank Checks
RDAGU,Republic Digital Acquisition Company Unit,$10.72,-0.07,-0.649%,0.00,United States,2025,1256,Finance,Blank Checks
RDAGW,Republic Digital Acquisition Company Warrants,$0.80,0.00,0.00%,0.00,United States,2025,24,Finance,Blank Checks
RDCM,Radcom Ltd. Ordinary Shares,$13.09,-0.47,-3.466%,208335413.00,Israel,1997,74176,Technology,Computer peripheral equipment
RDDT,Reddit Inc. Class A Common Stock,$188.64,28.05,17.467%,34807968248.00,United States,2024,27237075,Technology,EDP Services
RDGT,Ridgetech Inc. Ordinary Shares,$1.12,-0.01,-0.885%,6557610.00,China,,29242,Consumer Staples,Retail-Drug Stores and Proprietary Stores
RDHL,Redhill Biopharma Ltd. American Depositary Shares,$1.20,-0.11,-8.397%,2749865.00,Israel,,166876,Health Care,Biotechnology: Pharmaceutical Preparations
RDI,Reading International Inc Class A Common Stock,$1.33,0.00,0.00%,29893656.00,United States,,695,Consumer Discretionary,Movies/Entertainment
RDIB,Reading International Inc Class B Common Stock,$9.10,-0.88,-8.818%,204535540.00,United States,,8583,Consumer Discretionary,Movies/Entertainment
RDN,Radian Group Inc. Common Stock,$32.92,0.31,0.951%,4422279362.00,United States,,1492222,Finance,Property-Casualty Insurers
RDNT,RadNet Inc. Common Stock,$54.69,-0.04,-0.073%,4103396060.00,United States,,574697,Health Care,Medical Specialities
RDVT,Red Violet Inc. Common Stock ,$42.38,-1.95,-4.399%,591451805.00,United States,,86987,Technology,Computer Software: Prepackaged Software
RDW,Redwire Corporation Common Stock,$13.87,-0.42,-2.939%,1069146647.00,United States,2021,3117789,Industrials,Military/Government/Technical
RDWR,Radware Ltd. Ordinary Shares,$25.33,-0.27,-1.055%,1081249906.00,Israel,1999,215677,Consumer Discretionary,Business Services
RDY,Dr. Reddy's Laboratories Ltd Common Stock,$13.94,-0.28,-1.969%,11632307788.00,India,,1304220,Health Care,Biotechnology: Pharmaceutical Preparations
RDZN,Roadzen Inc. Ordinary Shares,$1.12,-0.14,-11.111%,83205904.00,United States,2022,390661,Finance,Specialty Insurers
RDZNW,Roadzen Inc. Warrants,$0.0649,0.0099,18.00%,4821485.00,United States,2022,56988,Finance,Specialty Insurers
REAL,The RealReal Inc. Common Stock,$5.24,-0.02,-0.38%,592619524.00,United States,2019,3232448,Consumer Discretionary,Other Specialty Stores
REAX,The Real Brokerage Inc. Common Shares,$3.88,-0.07,-1.772%,796506056.00,Canada,,797535,Finance,Real Estate
REBN,Reborn Coffee Inc. Common Stock,$2.634,-0.116,-4.218%,13968908.00,United States,2022,49934,Consumer Discretionary,Restaurants
RECT,Rectitude Holdings Ltd Ordinary Shares,$4.81,0.02,0.418%,69745000.00,Singapore,2024,1627,Consumer Discretionary,Industrial Machinery/Components
REE,REE Automotive Ltd. Class A Ordinary Shares,$0.657,0.002,0.305%,20380752.00,Israel,,88071,Consumer Discretionary,Auto Manufacturing
REFI,Chicago Atlantic Real Estate Finance Inc. Common Stock,$12.90,-0.09,-0.693%,270480195.00,United States,2021,146231,Real Estate,Real Estate Investment Trusts
REFR,Research Frontiers Incorporated Common Stock,$1.60,0.02,1.266%,53837154.00,United States,,34511,Miscellaneous,Multi-Sector Companies
REG,Regency Centers Corporation Common Stock,$70.48,-0.92,-1.289%,12794184289.00,United States,1993,1141645,Real Estate,Real Estate Investment Trusts
REGCO,Regency Centers Corporation 5.875% Series B Cumulative Redeemable Preferred Stock,$22.36,-0.26,-1.149%,4058994902.00,United States,,1772,Real Estate,Real Estate Investment Trusts
REGCP,Regency Centers Corporation 6.25% Series A Cumulative Redeemable Preferred Stock,$23.33,0.01,0.043%,4235078312.00,United States,,665,Real Estate,Real Estate Investment Trusts
REGN,Regeneron Pharmaceuticals Inc. Common Stock,$558.87,13.41,2.458%,60338677308.00,United States,1991,1656432,Health Care,Biotechnology: Pharmaceutical Preparations
REI,Ring Energy Inc. Common Stock,$0.7283,-0.0352,-4.61%,150411799.00,United States,,4187227,Energy,Oil & Gas Production
REKR,Rekor Systems Inc. Common Stock,$1.10,-0.03,-2.655%,129883538.00,United States,,1995308,Telecommunications,Telecommunications Equipment
RELI,Reliance Global Group Inc. Common Stock,$1.05,-0.02,-1.869%,4563357.00,United States,,153361,Finance,Specialty Insurers
RELIW,Reliance Global Group Inc. Series A Warrants,$0.036,0.0004,1.124%,156458.00,United States,,14465,Finance,Specialty Insurers
RELL,Richardson Electronics Ltd. Common Stock,$9.66,-0.42,-4.167%,138862500.00,United States,1983,33500,Technology,Electronic Components
RELX,RELX PLC PLC American Depositary Shares (Each representing One Ordinary Share),$51.59,-0.30,-0.578%,94698469299.00,United Kingdom,2015,1259196,Consumer Discretionary,Business Services
RELY,Remitly Global Inc. Common Stock,$15.79,-0.71,-4.303%,3218927168.00,United States,2021,6635501,Consumer Discretionary,Business Services
RENB,Renovaro Inc. Common Stock,$0.2585,0.003,1.174%,44492650.00,United States,,571136,Health Care,Biotechnology: Pharmaceutical Preparations
RENT,Rent the Runway Inc. Class A Common Stock,$4.58,-0.29,-5.955%,18420247.00,United States,2021,72951,Consumer Discretionary,Other Specialty Stores
REPL,Replimune Group Inc. Common Stock,$7.60,0.57,8.108%,585859300.00,United States,2018,9730032,Health Care,Biotechnology: Biological Products (No Diagnostic Substances)
REPX,Riley Exploration Permian Inc. Common Stock,$25.40,-0.84,-3.201%,559385114.00,United States,1999,124339,Energy,Oil & Gas Production
RERE,ATRenew Inc. American Depositary Shares (every three of which representing two Class A ordinary shares),$3.12,-0.06,-1.887%,685826971.00,Cayman Islands,2021,1245535,Consumer Discretionary,Other Specialty Stores
RES,RPC Inc. Common Stock,$4.47,-0.18,-3.871%,986157471.00,United States,,2241933,Energy,Oilfield Services/Equipment
RETO,ReTo Eco-Solutions Inc. Class A Shares,$2.1604,-0.055,-2.483%,16557044.00,China,2017,12298,Industrials,Industrial Machinery/Components
REVB,Revelation Biosciences Inc. Common Stock,$2.44,-0.05,-2.008%,1650902.00,United States,2020,85914,Health Care,Biotechnology: Pharmaceutical Preparations
REVBW,Revelation Biosciences Inc. Warrant,$0.0172,-0.0003,-1.714%,11638.00,United States,2020,5871,Health Care,Biotechnology: Pharmaceutical Preparations
REVG,REV Group Inc. Common Stock,$48.37,-1.18,-2.381%,2360327868.00,United States,2017,603544,Consumer Discretionary,Auto Manufacturing
REX,REX American Resources Corporation,$50.99,-1.29,-2.467%,839747120.00,United States,,92708,Industrials,Major Chemicals
REXR,Rexford Industrial Realty Inc. Common Stock,$35.92,-0.61,-1.67%,8501259533.00,United States,2013,2628319,Real Estate,Real Estate Investment Trusts
REXR^B,Rexford Industrial Realty Inc. 5.875% Series B Cumulative Redeemable Preferred Stock,$22.60,0.05,0.222%,,United States,,268,,
REXR^C,Rexford Industrial Realty Inc. 5.625% Series C Cumulative Redeemable Preferred Stock par value $0.01 per share,$21.9851,0.4851,2.256%,,United States,,948,,
REYN,Reynolds Consumer Products Inc. Common Stock,$22.04,-0.45,-2.001%,4635564543.00,United States,2020,1283865,Consumer Discretionary,Containers/Packaging
REZI,Resideo Technologies Inc. Common Stock ,$25.42,-1.88,-6.886%,3774959834.00,United States,2018,2169416,Industrials,Wholesale Distributors
RF,Regions Financial Corporation Common Stock,$24.89,-0.44,-1.737%,22374371533.00,United States,,14881768,Finance,Major Banks
RF^C,Regions Financial Corporation Depositary Shares each Representing a 1/40th Interest in a  Share of 5.700% Fixed-to-Floating Rate Non-Cumulative  Perpetual Preferred Stock Series C,$24.48,-0.39,-1.568%,,United States,,17495,,
RF^E,Regions Financial Corporation Depositary Shares Each Representing a 1/40th Interest in a Share of 4.45% Non-Cumulative Perpetual Preferred Stock Series E,$18.145,0.065,0.36%,,United States,,18683,,
RF^F,Regions Financial Corporation Depositary Shares Each Representing a 1/40th Interest in a Share of Non-Cumulative Perpetual Preferred Stock Series F,$25.35,-0.17,-0.666%,,United States,,86543,,
RFAI,RF Acquisition Corp II Ordinary Shares,$10.57,0.01,0.095%,0.00,Singapore,2024,203,,
RFAIR,RF Acquisition Corp II Right,$0.0747,-0.0153,-17.00%,0.00,Singapore,2024,37155,Technology,Computer Software: Prepackaged Software
RFI,Cohen & Steers Total Return Realty Fund Inc. Common Stock,$11.86,-0.02,-0.168%,582784128.00,United States,1993,96406,Finance,Investment Managers
RFIL,RF Industries Ltd. Common Stock,$7.90,-0.34,-4.126%,84282359.00,United States,,142599,Technology,Electrical Products
RFL,Rafael Holdings Inc. Class B Common Stock,$1.75,0.06,3.55%,61408205.00,United States,2018,54597,Finance,Real Estate
RFM,RiverNorth Flexible Municipal Income Fund Inc. Common Stock,$13.90,0.15,1.091%,84994316.00,,2020,34001,Finance,Finance/Investors Services
RFMZ,RiverNorth Flexible Municipal Income Fund II Inc. Common Stock,$12.60,0.12,0.962%,306832126.00,,2021,40489,Finance,Trusts Except Educational Religious and Charitable
RGA,Reinsurance Group of America Incorporated Common Stock,$177.33,-15.12,-7.857%,11719025237.00,United States,,1819821,Finance,Life Insurance
RGC,Regencell Bioscience Holdings Limited Ordinary Shares,$12.97,-0.23,-1.742%,6413469827.00,Hong Kong,2021,368851,Health Care, Medicinal Chemicals and Botanical Products 
RGCO,RGC Resources Inc. Common Stock,$19.68,-0.46,-2.284%,202932150.00,United States,,19877,Utilities,Oil & Gas Production
RGEN,Repligen Corporation Common Stock,$118.91,1.84,1.572%,6680732421.00,United States,1986,941488,Health Care,Biotechnology: Biological Products (No Diagnostic Substances)
RGLD,Royal Gold Inc. Common Stock,$152.64,1.22,0.806%,10046229949.00,United States,,880801,Industrials,Precious Metals
RGNX,REGENXBIO Inc. Common Stock,$8.19,-0.32,-3.76%,410813283.00,United States,2015,539925,Health Care,Biotechnology: Biological Products (No Diagnostic Substances)
RGP,Resources Connection Inc. Common Stock,$4.78,-0.28,-5.534%,159364641.00,United States,,378221,Consumer Discretionary,Business Services
RGR,Sturm Ruger & Company Inc. Common Stock,$31.75,-2.41,-7.055%,513144453.00,United States,,424961,Industrials,Ordnance And Accessories
RGS,Regis Corporation Common Stock,$18.925,0.225,1.203%,46100940.00,United States,1991,10263,Consumer Discretionary,Other Consumer Services
RGT,Royce Global Trust Inc. Common Stock,$11.93,-0.185,-1.527%,74764630.00,,2013,3190,Finance,Trusts Except Educational Religious and Charitable
RGTI,Rigetti Computing Inc. Common Stock,$14.12,-0.38,-2.621%,4099359193.00,United States,,31912625,Technology,EDP Services
RGTIW,Rigetti Computing Inc. Warrants,$5.21,-0.21,-3.875%,1512582252.00,United States,,347643,Technology,EDP Services
RH,RH Common Stock,$200.76,-4.86,-2.364%,3760726662.00,United States,2012,1314848,Consumer Discretionary,Other Specialty Stores
RHI,Robert Half Inc. Common Stock,$35.34,-1.57,-4.254%,3610467349.00,United States,,2084125,Consumer Discretionary,Professional Services
RHLD,Resolute Holdings Management Common Stock ,$39.71,-0.82,-2.023%,338567381.00,United States,,40137,Finance,Finance: Consumer Services
RHP,Ryman Hospitality Properties Inc. (REIT),$92.91,-2.15,-2.262%,5574680367.00,United States,,655786,Real Estate,Real Estate Investment Trusts
RIBBR,Ribbon Acquisition Corp Rights,$0.2002,-0.0697,-25.824%,0.00,Japan,2025,2722,,
RICK,RCI Hospitality Holdings Inc. Common Stock,$35.29,-0.54,-1.507%,310490243.00,United States,1995,72039,Consumer Discretionary,Restaurants
RIG,Transocean Ltd (Switzerland) Common Stock,$2.82,-0.10,-3.425%,2490797306.00,Switzerland,,28493630,Energy,Oil & Gas Production
RIGL,Rigel Pharmaceuticals Inc. Common Stock,$21.91,0.85,4.036%,391584985.00,United States,2000,179260,Health Care,Biotechnology: Pharmaceutical Preparations
RILY,B. Riley Financial Inc. Common Stock,$5.10,-0.27,-5.028%,155535037.00,United States,,798592,Finance,Investment Managers
RILYG,B. Riley Financial Inc. 5.00% Senior Notes due 2026,$18.64,0.25,1.359%,568465310.00,United States,,38590,Finance,Investment Managers
RILYK,B. Riley Financial Inc. 5.50% Senior Notes Due 2026,$22.87,-0.07,-0.305%,697467899.00,United States,,3470,Finance,Investment Managers
RILYL,B. Riley Financial Inc. Depositary Shares each representing 1/1000th in a share of 7.375% Series B Cumulative Perpetual Preferred Stock par value $0.0001,$6.69,0.11,1.672%,204025372.00,United States,,1910,Finance,Investment Managers
RILYN,B. Riley Financial Inc. 6.50% Senior Notes Due 2026,$19.01,-0.63,-3.208%,579749225.00,United States,,27155,Finance,Investment Managers
RILYP,B. Riley Financial Inc. Depositary Shares each representing a 1/1000th fractional interest in a share of Series A Cumulative Perpetual Preferred Stock,$6.36,-0.15,-2.304%,193961340.00,United States,,4480,Finance,Investment Managers
RILYT,B. Riley Financial Inc. 6.00% Senior Notes Due 2028,$12.78,0.29,2.322%,389752503.00,United States,,14252,Finance,Investment Managers
RILYZ,B. Riley Financial Inc. 5.25% Senior Notes due 2028,$11.875,0.235,2.019%,362152659.00,United States,,47684,Finance,Investment Managers
RIME,Algorhythm Holdings Inc. Common Stock,$2.24,-0.07,-3.03%,5632639.00,United States,,45041,Consumer Staples,Diversified Electronic Products
RIO,Rio Tinto Plc Common Stock,$59.65,-0.12,-0.201%,74802848103.00,Australia,2002,2712910,Basic Materials,Metal Mining
RIOT,Riot Platforms Inc. Common Stock ,$11.03,-2.38,-17.748%,3940619074.00,United States,,50408682,Finance,Finance: Consumer Services
RITM,Rithm Capital Corp. Common Stock,$12.05,0.02,0.166%,6387975848.00,United States,,4239418,Real Estate,Real Estate Investment Trusts
RITM^A,Rithm Capital Corp. 7.50% Series A Fixed-to-Floating Rate Cumulative Redeemable Preferred Stock,$25.21,-0.54,-2.097%,,United States,,13219,,
RITM^B,Rithm Capital Corp. 7.125% Series B Fixed-to-Floating Rate Cumulative Redeemable Preferred Stock,$25.1489,-0.6011,-2.334%,,United States,,38808,,
RITM^C,Rithm Capital Corp. 6.375% Series C Fixed-to-Floating Rate Cumulative Redeemable Preferred Stock,$24.76,-0.53,-2.096%,,United States,,58710,,
RITM^D,Rithm Capital Corp. 7.00% Fixed-Rate Reset Series D Cumulative Redeemable Preferred Stock,$24.16,-0.32,-1.307%,,United States,,142144,,
RITR,Reitar Logtech Holdings Limited Ordinary shares,$4.10,-0.15,-3.529%,336712500.00,Hong Kong,2024,46357,Finance,Real Estate
RIV,RiverNorth Opportunities Fund Inc. Common Stock,$12.30,-0.02,-0.162%,0.00,United States,2015,44990,Finance,Finance Companies
RIV^A,RiverNorth Opportunities Fund Inc. 6.00% Series A Perpetual Preferred Stock,$22.9001,-0.1799,-0.779%,,United States,,2707,,
RIVN,Rivian Automotive Inc. Class A Common Stock,$12.38,-0.49,-3.807%,14192739928.00,United States,2021,42498441,Consumer Discretionary,Auto Manufacturing
RJF,Raymond James Financial Inc. Common Stock,$163.03,-4.10,-2.453%,32892042330.00,United States,,960869,Finance,Investment Bankers/Brokers/Service
RJF^B,Raymond James Financial Inc. Depositary Shares each representing a 1/40th interest in a share of 6.375% Fixed-to-Floating Rate Series B Non-Cumulative Perpetual Preferred Stock,$25.24,0.04,0.159%,,United States,,1885,,
RKDA,Arcadia Biosciences Inc. Common Stock,$4.21,-0.09,-2.093%,5755238.00,United States,2015,4084,Consumer Staples,Farming/Seeds/Milling
RKLB,Rocket Lab Corporation Common Stock,$44.81,-1.11,-2.417%,20676785530.00,United States,2020,16525970,Industrials,Military/Government/Technical
RKT,Rocket Companies Inc. Class A Common Stock,$16.54,1.77,11.984%,33082515982.00,United States,2020,55949967,Finance,Finance: Consumer Services
RL,Ralph Lauren Corporation Common Stock,$293.77,-4.98,-1.667%,17721325076.00,United States,1997,675965,Consumer Discretionary,Apparel
RLAY,Relay Therapeutics Inc. Common Stock,$3.36,-0.16,-4.545%,576055086.00,United States,2020,2789533,Health Care,Biotechnology: Biological Products (No Diagnostic Substances)
RLGT,Radiant Logistics Inc. Common Stock,$5.85,-0.06,-1.015%,275787591.00,United States,,92728,Consumer Discretionary,Oil Refining/Marketing
RLI,RLI Corp. Common Stock (DE),$65.89,-0.10,-0.152%,6050643778.00,United States,,942171,Finance,Property-Casualty Insurers
RLJ,RLJ Lodging Trust Common Shares of Beneficial Interest $0.01 par value,$7.22,-0.18,-2.432%,1095373860.00,United States,2011,2491341,Real Estate,Real Estate Investment Trusts
RLJ^A,RLJ Lodging Trust $1.95 Series A Cumulative Convertible  Preferred Shares,$24.4799,0.0299,0.122%,,United States,,29374,,
RLMD,Relmada Therapeutics Inc. Common Stock,$0.5904,-0.032,-5.141%,19596334.00,United States,,328058,Health Care,Biotechnology: Pharmaceutical Preparations
RLTY,Cohen & Steers Real Estate Opportunities and Income Fund Common Shares of Beneficial Interest,$15.32,0.04,0.262%,0.00,,2022,54424,Finance,Investment Managers
RLX,RLX Technology Inc. American Depositary Shares each representing the right to receive one (1) Class A ordinary share,$2.24,-0.05,-2.183%,3518570877.00,Cayman Islands,2021,1144188,Health Care, Medicinal Chemicals and Botanical Products 
RLYB,Rallybio Corporation Common Stock,$0.535,0.07,15.054%,22263471.00,United States,2021,913982,Health Care,Biotechnology: Pharmaceutical Preparations
RM,Regional Management Corp. Common Stock,$32.81,-0.43,-1.294%,325495542.00,United States,2012,57027,Finance,Finance: Consumer Services
RMAX,RE/MAX Holdings Inc. Class A Common Stock,$7.53,-0.16,-2.081%,150825855.00,United States,2013,363863,Finance,Real Estate
RMBI,Richmond Mutual Bancorporation Inc. Common Stock,$13.51,-0.33,-2.384%,140605163.00,United States,2019,18627,Finance,Major Banks
RMBL,RumbleOn Inc. Class B Common Stock,$2.09,-0.02,-0.948%,79125369.00,United States,,25555,Technology,EDP Services
RMBS,Rambus Inc. Common Stock,$72.41,-1.52,-2.056%,7790868506.00,United States,1997,1910561,Technology,Semiconductors
RMCF,Rocky Mountain Chocolate Factory Inc. Common Stock,$1.66,0.00,0.00%,12937914.00,United States,,6883,Consumer Staples,Specialty Foods
RMCO,Royalty Management Holding Corporation Class A Common Stock,$1.35,0.03,2.273%,20166473.00,United States,2023,22257,Miscellaneous,Multi-Sector Companies
RMD,ResMed Inc. Common Stock,$279.20,7.26,2.67%,40950933801.00,United States,,1796962,Health Care,Medical/Dental Instruments
RMI,RiverNorth Opportunistic Municipal Income Fund Inc. Common Stock,$14.09,0.13,0.931%,89799346.00,,2018,24831,Finance,Finance/Investors Services
RMM,RiverNorth Managed Duration Municipal Income Fund Inc. Common Stock,$13.85,0.01,0.072%,273393848.00,,2019,37850,Finance,Trusts Except Educational Religious and Charitable
RMMZ,RiverNorth Managed Duration Municipal Income Fund II Inc. Common Stock,$14.17,0.22,1.577%,279710529.00,,2022,35070,Finance,Investment Managers
RMNI,Rimini Street Inc. (DE) Common Stock,$4.155,-0.645,-13.438%,381366675.00,United States,2015,1280870,Consumer Discretionary,Business Services
RMR,The RMR Group Inc. Class A Common Stock,$15.75,-0.31,-1.93%,502066625.00,United States,,126543,Consumer Discretionary,Professional Services
RMSG,Real Messenger Corporation Ordinary Shares,$1.55,-0.23,-12.921%,14448012.00,United States,,70470,Technology,Computer Software: Programming Data Processing
RMSGW,Real Messenger Corporation Warrants,$0.0527,0.0027,5.40%,491232.00,United States,,2481,Technology,Computer Software: Programming Data Processing
RMT,Royce Micro-Cap Trust Inc. Common Stock,$9.35,-0.12,-1.267%,432616150.00,United States,,171788,Finance,Investment Managers
RMTI,Rockwell Medical Inc. Common Stock,$0.9559,0.0261,2.807%,32667583.00,United States,1998,111957,Health Care,Biotechnology: Pharmaceutical Preparations
RNA,Avidity Biosciences Inc. Common Stock,$35.92,-0.79,-2.152%,4329737855.00,United States,2020,2484670,Health Care,Biotechnology: Pharmaceutical Preparations
RNAC,Cartesian Therapeutics Inc. Common Stock,$12.33,-0.48,-3.747%,320016408.00,United States,2016,77855,Health Care,Biotechnology: Pharmaceutical Preparations
RNAZ,TransCode Therapeutics Inc. Common Stock,$11.50,0.40,3.604%,9586630.00,United States,2021,36630,Health Care,Biotechnology: Pharmaceutical Preparations
RNG,RingCentral Inc. Class A Common Stock,$23.63,-1.86,-7.297%,2125192973.00,United States,2013,2192936,Technology,EDP Services
RNGR,Ranger Energy Services Inc. Class A Common Stock,$12.72,-0.67,-5.004%,277848837.00,United States,2017,224508,Energy,Oilfield Services/Equipment
RNP,Cohen & Steers REIT and Preferred and Income Fund Inc. Common Shares,$22.10,-0.18,-0.808%,1085963679.00,United States,2003,62058,Finance,Investment Managers
RNR,RenaissanceRe Holdings Ltd. Common Stock,$241.83,-1.91,-0.784%,11382022532.00,Bermuda,,325131,Finance,Property-Casualty Insurers
RNR^F,RenaissanceRe Holdings Ltd. Depositary Shares each Representing a 1/1000th Interest in a 5.750% Series F Preference Share,$21.975,-0.075,-0.34%,,Bermuda,,10942,,
RNR^G,RenaissanceRe Holdings Ltd. Depositary Shares each representing a 1/1000th interest in a share of 4.20% Series G Preference Shares,$16.18,0.07,0.435%,,Bermuda,,14353,,
RNST,Renasant Corporation Common Stock,$35.52,-1.12,-3.057%,3374770367.00,United States,2023,1110492,Finance,Major Banks
RNTX,Rein Therapeutics Inc. Common Stock,$1.11,-0.055,-4.721%,24590647.00,United States,2017,24881,Health Care,Biotechnology: Pharmaceutical Preparations
RNW,ReNew Energy Global plc Class A Ordinary Shares,$7.60,0.00,0.00%,2757045494.00,United Kingdom,,423688,Utilities,Electric Utilities: Central
RNWWW,ReNew Energy Global plc Warrant,$0.1151,-0.0049,-4.083%,41754728.00,United Kingdom,,1928,Utilities,Electric Utilities: Central
RNXT,RenovoRx Inc. Common Stock,$1.21,-0.03,-2.419%,44252401.00,United States,2021,65992,Health Care,Biotechnology: Pharmaceutical Preparations
ROAD,Construction Partners Inc. Class A Common Stock,$94.96,-5.89,-5.84%,5320701386.00,United States,2018,1007839,Industrials,Military/Government/Technical
ROCK,Gibraltar Industries Inc. Common Stock,$64.32,-1.71,-2.59%,1896819955.00,United States,1993,224223,Industrials,Steel/Iron Ore
ROG,Rogers Corporation Common Stock,$67.30,1.72,2.623%,1246723482.00,United States,1960,880824,Industrials,Major Chemicals
ROIV,Roivant Sciences Ltd. Common Shares,$11.31,-0.05,-0.44%,7688606652.00,United Kingdom,,2910651,Health Care,Biotechnology: Pharmaceutical Preparations
ROK,Rockwell Automation Inc. Common Stock,$344.50,-7.21,-2.05%,38830824260.00,United States,,1087024,Industrials,Industrial Machinery/Components
ROKU,Roku Inc. Class A Common Stock,$79.98,-14.18,-15.059%,11729626860.00,United States,2017,15364949,Telecommunications,Cable & Other Pay Television Services
ROL,Rollins Inc. Common Stock,$57.74,0.47,0.821%,27983113773.00,United States,,1919634,Finance,Diversified Commercial Services
ROLR,High Roller Technologies Inc. Common Stock,$2.35,-0.10,-4.082%,19803095.00,,2024,10411,Consumer Discretionary,Services-Misc. Amusement & Recreation
ROMA,Roma Green Finance Limited Ordinary Shares,$3.32,-0.12,-3.488%,51659200.00,Hong Kong,2024,14315,Consumer Discretionary,Professional Services
ROOT,Root Inc. Class A Common Stock,$116.72,-4.31,-3.561%,1793459176.00,United States,2020,427556,Finance,Property-Casualty Insurers
ROP,Roper Technologies Inc. Common Stock,$542.11,-8.29,-1.506%,58285171868.00,United States,1992,497000,Industrials,Industrial Machinery/Components
ROST,Ross Stores Inc. Common Stock,$137.01,0.47,0.344%,44811932082.00,United States,1985,2220593,Consumer Discretionary,Clothing/Shoe/Accessory Stores
RPAY,Repay Holdings Corporation Class A Common Stock,$4.83,-0.09,-1.829%,454744543.00,United States,2018,997329,Consumer Discretionary,Business Services
RPD,Rapid7 Inc. Common Stock,$20.36,-0.76,-3.598%,1307912107.00,United States,2015,741886,Technology,Computer Software: Prepackaged Software
RPID,Rapid Micro Biosystems Inc. Class A Common Stock,$3.31,-0.02,-0.601%,145082930.00,United States,2021,116996,Industrials,Biotechnology: Laboratory Analytical Instruments
RPM,RPM International Inc. Common Stock,$117.51,0.10,0.085%,15085494900.00,United States,,771920,Consumer Discretionary,Paints/Coatings
RPRX,Royalty Pharma plc Class A Ordinary Shares ,$37.11,0.31,0.842%,20864736383.00,United States,2020,1878469,Health Care,Biotechnology: Pharmaceutical Preparations
RPT,Rithm Property Trust Inc. Common stock,$2.60,0.00,0.00%,118100024.00,United States,2015,191184,Real Estate,Real Estate Investment Trusts
RPT^C,Rithm Property Trust Inc. 9.875% Series C Fixed-to-Floating Rate Cumulative Redeemable Preferred Stock,$24.75,-0.59,-2.328%,,United States,,9309,,
RPTX,Repare Therapeutics Inc. Common Shares,$1.50,-0.01,-0.662%,64337105.00,Canada,2020,109390,Health Care,Biotechnology: Pharmaceutical Preparations
RQI,Cohen & Steers Quality Income Realty Fund Inc Common Shares,$12.22,-0.05,-0.407%,1641150986.00,United States,2002,294935,Finance,Trusts Except Educational Religious and Charitable
RR,Richtech Robotics Inc. Class B Common Stock,$1.82,-0.08,-4.211%,208942881.00,United States,2023,5903932,Industrials,Industrial Machinery/Components
RRBI,Red River Bancshares Inc. Common Stock,$59.25,-0.92,-1.529%,402210152.00,United States,2019,16489,Consumer Discretionary,Hotels/Resorts
RRC,Range Resources Corporation Common Stock,$35.61,-1.11,-3.023%,8481984608.00,United States,,2578771,Energy,Oil & Gas Production
RRGB,Red Robin Gourmet Burgers Inc. Common Stock,$5.54,-0.27,-4.647%,98256975.00,United States,2002,203984,Consumer Discretionary,Restaurants
RRR,Red Rock Resorts Inc. Class A Common Stock,$60.54,-0.81,-1.32%,6421971080.00,United States,2016,1622642,Consumer Discretionary,Hotels/Resorts
RRX,Regal Rexnord Corporation Common Stock,$149.19,-3.69,-2.414%,9896604434.00,United States,1976,910515,Consumer Discretionary,Metal Fabrications
RS,Reliance Inc. Common Stock,$283.43,-6.70,-2.309%,14906587892.00,United States,1994,459944,Industrials,Metal Fabrications
RSF,RiverNorth Capital and Income Fund Common Stock,$14.69,-0.01,-0.068%,49087766.00,,2019,27645,Finance,Investment Managers
RSG,Republic Services Inc. Common Stock,$231.21,0.56,0.243%,72187419742.00,United States,1998,1481289,Utilities,Environmental Services
RSI,Rush Street Interactive Inc. Class A Common Stock,$19.35,-0.81,-4.018%,4430786801.00,United States,2020,4670010,Consumer Discretionary,Services-Misc. Amusement & Recreation
RSKD,Riskified Ltd. Class A Ordinary Shares,$4.93,-0.17,-3.333%,797104496.00,,2021,525198,Consumer Discretionary,Business Services
RSLS,ReShape Lifesciences Inc. Common Stock,$2.49,0.05,2.049%,1838310.00,United States,2016,68573,Health Care,Medical/Dental Instruments
RSSS,Research Solutions Inc Common Stock,$2.65,-0.015,-0.563%,86015627.00,United States,,133657,Consumer Discretionary,Business Services
RSVR,Reservoir Media Inc. Common Stock,$7.70,-0.24,-3.023%,502830413.00,United States,2021,54478,Consumer Discretionary,Services-Misc. Amusement & Recreation
RSVRW,Reservoir Media Inc. Warrant,$1.25,0.00,0.00%,81628314.00,United States,2021,2,Consumer Discretionary,Services-Misc. Amusement & Recreation
RTAC,Renatus Tactical Acquisition Corp I Class A Ordinary Shares,$11.53,-0.07,-0.603%,0.00,United States,2025,317263,Finance,Blank Checks
RTACU,Renatus Tactical Acquisition Corp I Unit,$12.33,-0.12,-0.964%,0.00,United States,2025,10625,Finance,Blank Checks
RTACW,Renatus Tactical Acquisition Corp I Warrant,$1.70,-0.03,-1.734%,0.00,United States,2025,57323,Finance,Blank Checks
RTO,Rentokil Initial plc American Depositary Shares (each representing five (5) Ordinary Shares),$23.72,-1.05,-4.239%,11983533214.00,United States,2022,891506,Consumer Discretionary,Other Consumer Services
RTX,RTX Corporation Common Stock,$156.81,-0.76,-0.482%,209896743892.00,United States,,4418842,Industrials,Aerospace
RUM,Rumble Inc. Class A Common Stock,$8.06,-0.38,-4.502%,3501453563.00,United States,2021,2303575,Technology,Computer Software: Programming Data Processing
RUMBW,Rumble Inc. Warrant,$2.41,-0.1621,-6.302%,1046960681.00,United States,2021,11832,Technology,Computer Software: Programming Data Processing
RUN,Sunrun Inc. Common Stock,$9.85,-0.41,-3.996%,2250591730.00,United States,2015,8242533,Miscellaneous,Industrial Machinery/Components
RUSHA,Rush Enterprises Inc. Common Stock Cl A,$53.55,-0.59,-1.09%,4167101475.00,United States,,680442,Consumer Discretionary,Retail-Auto Dealers and Gas Stations
RUSHB,Rush Enterprises Inc. Class B,$52.36,-1.95,-3.59%,4074499220.00,United States,,58345,Consumer Discretionary,Retail-Auto Dealers and Gas Stations
RVLV,Revolve Group Inc. Class A Common Stock,$20.11,-0.64,-3.084%,1433623861.00,United States,2019,1585546,Consumer Discretionary,Catalog/Specialty Distribution
RVMD,Revolution Medicines Inc. Common Stock,$36.63,-0.64,-1.717%,6822980137.00,United States,2020,985086,Health Care,Biotechnology: Biological Products (No Diagnostic Substances)
RVMDW,Revolution Medicines Inc. Warrant,$0.24,0.0273,12.835%,44704211.00,United States,,24919,,
RVP,Retractable Technologies Inc. Common Stock,$0.7428,0.0068,0.924%,22237322.00,United States,2001,81213,Health Care,Medical/Dental Instruments
RVPH,Reviva Pharmaceuticals Holdings Inc. Common Stock ,$0.4356,-0.0323,-6.903%,20359922.00,United States,2020,1752810,Health Care,Biotechnology: Pharmaceutical Preparations
RVPHW,Reviva Pharmaceuticals Holdings Inc. Warrants,$0.0305,0.00,0.00%,1425568.00,United States,2018,13755,Health Care,Biotechnology: Pharmaceutical Preparations
RVSB,Riverview Bancorp Inc Common Stock,$4.82,-0.11,-2.231%,101105284.00,United States,,63856,Finance,Savings Institutions
RVSN,Rail Vision Ltd. Ordinary Share,$0.4124,0.0436,11.822%,21439929.00,Israel,2022,2069070,Industrials,Railroads
RVSNW,Rail Vision Ltd. Warrant,$0.0691,0.0001,0.145%,3592384.00,Israel,2022,9605,Industrials,Railroads
RVT,Royce Small-Cap Trust Inc. Common Stock,$14.94,-0.24,-1.581%,1612873322.00,United States,1986,302401,Finance,Trusts Except Educational Religious and Charitable
RVTY,Revvity Inc. Common Stock,$88.23,0.33,0.375%,10399640102.00,United States,,1601103,Industrials,Biotechnology: Laboratory Analytical Instruments
RVYL,Ryvyl Inc. Common Stock,$0.2634,0.0004,0.152%,2202812.00,United States,,819005,Consumer Discretionary,Professional Services
RWAY,Runway Growth Finance Corp. Common Stock,$10.60,-0.15,-1.395%,395882737.00,United States,2021,170769,Finance,Finance: Consumer Services
RWAYL,Runway Growth Finance Corp. 7.50% Notes due 2027,$25.31,0.01,0.04%,945263403.00,United States,,4427,Finance,Finance: Consumer Services
RWAYZ,Runway Growth Finance Corp. 8.00% Notes due 2027,$25.4396,0.0196,0.077%,950103629.00,United States,,3095,Finance,Finance: Consumer Services
RWT,Redwood Trust Inc. Common Stock,$5.46,0.00,0.00%,726821899.00,United States,1995,2252552,Real Estate,Real Estate Investment Trusts
RWT^A,Redwood Trust Inc. 10.00% Series A Fixed-Rate Reset Cumulative Redeemable Preferred Stock,$25.05,-0.20,-0.792%,,United States,,6381,,
RWTN,Redwood Trust Inc. 9.125% Senior Notes Due 2029,$24.50,-0.15,-0.609%,3261380318.00,United States,2024,55771,Real Estate,Real Estate Investment Trusts
RWTO,Redwood Trust Inc. 9.00% Senior Notes Due 2029,$24.09,0.04,0.166%,3206802117.00,United States,2024,17290,Real Estate,Real Estate Investment Trusts
RWTP,Redwood Trust Inc. 9.125% Senior Notes Due 2030,$24.5599,-0.0801,-0.325%,0.00,United States,2025,19270,Real Estate,Real Estate Investment Trusts
RXO,RXO Inc. Common Stock,$15.00,-0.45,-2.913%,2458741875.00,United States,2022,2359377,Consumer Discretionary,Transportation Services
RXRX,Recursion Pharmaceuticals Inc. Class A Common Stock,$5.68,-0.27,-4.538%,2308892441.00,United States,2021,17944589,Health Care,Biotechnology: Biological Products (No Diagnostic Substances)
RXST,RxSight Inc. Common Stock,$7.80,0.02,0.257%,316968452.00,United States,2021,947863,Health Care,Ophthalmic Goods
RXT,Rackspace Technology Inc. Common Stock,$1.18,-0.03,-2.479%,280118678.00,United States,2020,1092199,Technology,Computer Software: Programming Data Processing
RY,Royal Bank Of Canada Common Stock,$128.61,0.15,0.117%,181280810790.00,Canada,,1246411,Finance,Commercial Banks
RYAAY,Ryanair Holdings plc American Depositary Shares,$62.12,-0.15,-0.241%,32968117242.00,Ireland,1997,1366286,Consumer Discretionary,Air Freight/Delivery Services
RYAM,Rayonier Advanced Materials Inc. Common Stock,$3.63,-0.21,-5.469%,242391573.00,United States,2014,731533,Basic Materials,Paper
RYAN,Ryan Specialty Holdings Inc. Class A Common Stock,$57.85,-3.34,-5.458%,15181531592.00,United States,2021,4994985,Finance,Specialty Insurers
RYDE,Ryde Group Ltd. Class A Ordinary Shares,$0.2973,-0.0027,-0.90%,8707865.00,,2024,196527,Consumer Discretionary,Business Services
RYET,Ruanyun Edai Technology Inc. Ordinary shares,$1.62,-0.08,-4.706%,54675006.00,China,2025,253858,Technology,Computer Software: Prepackaged Software
RYI,Ryerson Holding Corporation Common Stock,$20.64,0.04,0.194%,664585420.00,United States,2014,276091,Industrials,Metal Fabrications
RYN,Rayonier Inc. REIT Common Stock,$23.42,0.11,0.472%,3648300338.00,United States,,1192953,Real Estate,Real Estate Investment Trusts
RYTM,Rhythm Pharmaceuticals Inc. Common Stock,$88.30,3.07,3.602%,5617775978.00,United States,2017,666964,Health Care,Biotechnology: Pharmaceutical Preparations
RZB,Reinsurance Group of America Incorporated 5.75% Fixed-To-Floating Rate Subordinated Debentures due 2056,$24.77,-0.05,-0.201%,1636949502.00,United States,2016,24446,Finance,Life Insurance
RZC,Reinsurance Group of America Incorporated 7.125% Fixed-Rate Reset Subordinated Debentures due 2052,$25.79,-0.13,-0.502%,1704357192.00,United States,2022,30728,Finance,Life Insurance
RZLT,Rezolute Inc. Common Stock (NV),$5.87,-0.08,-1.345%,501998397.00,United States,,909369,Health Care,Biotechnology: Pharmaceutical Preparations
RZLV,Rezolve AI PLC Ordinary Shares,$2.93,0.00,0.00%,713957126.00,United Kingdom,,6351250,Technology,Computer Software: Programming Data Processing
RZLVW,Rezolve AI PLC Warrants,$0.7057,-0.0443,-5.907%,171958889.00,United Kingdom,,181584,Technology,Computer Software: Programming Data Processing
S,SentinelOne Inc. Class A Common Stock,$17.94,-0.40,-2.181%,5964788937.00,United States,2021,6296768,Technology,Computer Software: Prepackaged Software
SA,Seabridge Gold Inc. Ordinary Shares (Canada),$15.31,-0.01,-0.065%,1539315075.00,Canada,,644866,Basic Materials,Precious Metals
SABA,Saba Capital Income & Opportunities Fund II Shares of Beneficial Interest,$9.17,-0.15,-1.609%,0.00,United States,,60053,,
SABR,Sabre Corporation Common Stock,$2.93,-0.10,-3.30%,1136273227.00,United States,2014,7758085,Technology,Computer Software: Programming Data Processing
SABS,SAB Biotherapeutics Inc. Common Stock,$2.23,0.35,18.617%,20720484.00,United States,2021,258912,Health Care,Biotechnology: Biological Products (No Diagnostic Substances)
SABSW,SAB Biotherapeutics Inc. Warrant,$0.0281,-0.0029,-9.355%,261097.00,United States,2021,12661,Health Care,Biotechnology: Biological Products (No Diagnostic Substances)
SACH,Sachem Capital Corp. Common Shares,$1.16,0.00,0.00%,54879761.00,United States,2017,63536,Real Estate,Real Estate Investment Trusts
SACH^A,Sachem Capital Corp. 7.75% Series A Cumulative Redeemable Preferred Stock,$15.2101,-0.4399,-2.811%,,United States,,10230,,
SAFE,Safehold Inc. New Common Stock ,$14.09,0.10,0.715%,1010580860.00,United States,2023,824578,Real Estate,Real Estate Investment Trusts
SAFT,Safety Insurance Group Inc. Common Stock,$69.30,-1.05,-1.493%,1032123154.00,United States,2002,80148,Finance,Property-Casualty Insurers
SAFX,XCF Global Inc. Class A Common Stock,$1.32,-0.08,-5.714%,197029716.00,United States,,1218873,Industrials,Major Chemicals
SAGT,SAGTEC GLOBAL LIMITED Ordinary shares,$1.917,-0.073,-3.668%,24058350.00,Malaysia,2025,44551,Technology,Computer Software: Prepackaged Software
SAH,Sonic Automotive Inc. Common Stock,$71.65,-0.70,-0.968%,2446857029.00,United States,1997,291821,Consumer Discretionary,Retail-Auto Dealers and Gas Stations
SAIA,Saia Inc. Common Stock,$293.09,-9.15,-3.027%,7806758722.00,United States,,599252,Industrials,Trucking Freight/Courier Services
SAIC,Science Applications International Corporation Common Stock,$110.73,-0.75,-0.673%,5190224590.00,United States,,534079,Technology,EDP Services
SAIH,SAIHEAT Limited Class A Ordinary Shares,$7.50,-0.29,-3.723%,13147125.00,Singapore,2021,24455,Technology,EDP Services
SAIHW,SAIHEAT Limited Warrant,$0.15,-0.0006,-0.398%,262943.00,Singapore,2021,130,Technology,EDP Services
SAIL,SailPoint Inc. Common Stock,$20.62,-1.72,-7.699%,11476862087.00,United States,2025,3468012,Technology,Computer Software: Prepackaged Software
SAJ,Saratoga Investment Corp 8.00% Notes due 2027,$25.99,-0.08,-0.307%,407214725.00,United States,2022,1791,Finance,Investment Managers
SAM,Boston Beer Company Inc. (The) Common Stock,$209.51,2.43,1.173%,2281275405.00,United States,,474361,Consumer Staples,Beverages (Production/Distribution)
SAMG,Silvercrest Asset Management Group Inc. Class A Common Stock,$15.87,-0.49,-2.995%,212811733.00,United States,2013,43170,Finance,Investment Managers
SAN,Banco Santander S.A. Sponsored ADR (Spain),$8.40,-0.21,-2.439%,124981815546.00,Spain,,5671917,Finance,Commercial Banks
SANA,Sana Biotechnology Inc. Common Stock,$3.91,-0.15,-3.695%,881921532.00,United States,2021,4047454,Health Care,Biotechnology: Biological Products (No Diagnostic Substances)
SAND          ,Sandstorm Gold Ltd. Ordinary Shares (Canada),$9.43,0.07,0.748%,2764642655.00,Canada,,6312539,Basic Materials,Precious Metals
SANG,Sangoma Technologies Corporation Common Shares,$5.59,0.00,0.00%,187297975.00,Canada,,95,Technology,Computer Software: Programming Data Processing
SANM,Sanmina Corporation Common Stock,$110.96,-5.08,-4.378%,5912442572.00,United States,1993,1826958,Technology,Electrical Products
SANW,S&W Seed Company Common Stock (NV),$0.9463,-0.6337,-40.108%,2031523.00,United States,,139074,Consumer Staples,Farming/Seeds/Milling
SAP,SAP  SE ADS,$283.00,-3.70,-1.291%,347666697656.00,Germany,,1578515,Technology,Computer Software: Prepackaged Software
SAR,Saratoga Investment Corp New,$24.15,-0.50,-2.028%,378385364.00,United States,,236304,Finance,Investment Managers
SARO,StandardAero Inc. Common Stock,$27.86,-0.69,-2.417%,9318101012.00,United States,2024,1620823,Industrials,Aerospace
SAT,Saratoga Investment Corp 6.00% Notes due 2027,$24.84,-0.12,-0.481%,389196374.00,United States,2022,7121,Finance,Investment Managers
SATL,Satellogic Inc. Class A Common Stock,$3.26,-0.02,-0.61%,339397228.00,Uruguay,,1331374,Technology,Radio And Television Broadcasting And Communications Equipment
SATLW,Satellogic Inc. Warrant,$0.3462,-0.0908,-20.778%,36042736.00,Uruguay,,11440,Technology,Radio And Television Broadcasting And Communications Equipment
SATS,EchoStar  Corporation Common Stock,$26.93,-5.66,-17.367%,7739106775.00,United States,,8409241,Consumer Discretionary,Telecommunications Equipment
SAVA,Cassava Sciences Inc. Common Stock,$2.12,0.02,0.952%,102412740.00,United States,,549496,Health Care,Biotechnology: Pharmaceutical Preparations
SAY,Saratoga Investment Corp 8.125% Notes due 2027,$25.51,-0.05,-0.196%,399694022.00,United States,2022,1825,Finance,Investment Managers
SAZ,Saratoga Investment Corp 8.50% Notes due 2028,$25.59,0.0376,0.147%,400947472.00,United States,2023,1408,Finance,Investment Managers
SB,Safe Bulkers Inc Common Stock ($0.001 par value),$3.92,-0.01,-0.254%,412657271.00,Monaco,2008,356721,Consumer Discretionary,Marine Transportation
SB^C,Safe Bulkers Inc Cumulative Redeemable Perpetual Preferred Series C (Marshall Islands),$26.09,-0.02,-0.077%,,Monaco,,2814,,
SB^D,Safe Bulkers Inc Perpetual Preferred Series D (Marshall Islands),$25.62,-0.1298,-0.504%,,Monaco,,5276,,
SBAC,SBA Communications Corporation Class A Common Stock,$228.57,3.85,1.713%,24560251297.00,United States,1999,1083126,Real Estate,Real Estate Investment Trusts
SBC,SBC Medical Group Holdings Incorporated Common Stock,$4.18,-0.15,-3.464%,433095029.00,United States,2022,29572,Health Care,Medical/Nursing Services
SBCF,Seacoast Banking Corporation of Florida Common Stock,$27.64,-0.55,-1.951%,2376637783.00,United States,,1080992,Finance,Major Banks
SBDS,Solo Brands Inc. Class A Common Stock,$14.80,0.02,0.135%,34305971.00,,,17420,Consumer Discretionary,Recreational Games/Products/Toys
SBET,SharpLink Gaming Inc. Common Stock,$17.14,-1.67,-8.878%,1064828259.00,Israel,,28958787,Technology,Computer Software: Prepackaged Software
SBEV,Splash Beverage Group Inc. (NV) Common Stock,$1.60,-0.13,-7.514%,3027954.00,,2021,34110,Consumer Staples,Beverages (Production/Distribution)
SBFG,SB Financial Group Inc. Common Stock,$18.97,0.16,0.851%,123781659.00,United States,,17621,Finance,Major Banks
SBFM,Sunshine Biopharma Inc. Common Stock,$1.41,-0.03,-2.083%,3817633.00,Canada,,62221,Health Care,Biotechnology: Pharmaceutical Preparations
SBFMW,Sunshine Biopharma Inc. Warrant,$0.2199,0.00,0.00%,595388.00,Canada,,10,Health Care,Biotechnology: Pharmaceutical Preparations
SBGI,Sinclair Inc. Class A Common Stock,$14.10,-0.36,-2.49%,980958756.00,United States,1995,389662,Industrials,Broadcasting
SBH,Sally Beauty Holdings Inc. (Name to be changed from Sally Holdings Inc.) Common Stock,$9.65,-0.09,-0.924%,973629310.00,United States,,1836107,Consumer Discretionary,Other Specialty Stores
SBI,Western Asset Intermediate Muni Fund Inc Common Stock,$7.63,0.07,0.926%,0.00,United States,1992,39703,Finance,Finance/Investors Services
SBLK,Star Bulk Carriers Corp. Common Shares,$18.42,0.16,0.876%,2157489121.00,Greece,,574683,Consumer Discretionary,Marine Transportation
SBR,Sabine Royalty Trust Common Stock,$65.99,-0.30,-0.453%,962090977.00,United States,,25511,Energy,Oil & Gas Production
SBRA,Sabra Health Care REIT Inc. Common Stock,$18.29,0.26,1.442%,4351857853.00,United States,,3081250,Real Estate,Real Estate Investment Trusts
SBS,Companhia de saneamento Basico Do Estado De Sao Paulo - Sabesp American Depositary Shares (Each repstg 250 Common Shares),$19.51,0.23,1.193%,13335277525.00,Brazil,2002,1294907,Utilities,Water Supply
SBSI,Southside Bancshares Inc. Common Stock,$28.69,-0.75,-2.548%,862998299.00,United States,,161174,Finance,Major Banks
SBSW,D/B/A Sibanye-Stillwater Limited ADS,$8.28,-0.08,-0.957%,5859274236.00,South Africa,,9238554,Basic Materials,Precious Metals
SBUX,Starbucks Corporation Common Stock,$86.86,-2.30,-2.58%,98733762000.00,United States,1992,16216277,Consumer Discretionary,Restaurants
SBXD,SilverBox Corp IV Class A Ordinary Shares,$10.63,-0.18,-1.665%,0.00,,2024,3142,,
SCAG,Scage Future American Depositary Shares,$4.50,0.13,2.975%,325097964.00,China,,14040,Consumer Discretionary,Construction/Ag Equipment/Trucks
SCAGW,Scage Future Warrants,$0.065,0.01,18.182%,4695859.00,China,,103210,Consumer Discretionary,Construction/Ag Equipment/Trucks
SCCC,Sachem Capital Corp. 7.75% Notes due 2025,$25.1301,-0.0094,-0.037%,1188908524.00,United States,2020,7306,Real Estate,Real Estate Investment Trusts
SCCD,Sachem Capital Corp. 6.00% Notes due 2026,$22.90,-0.04,-0.174%,1083402183.00,United States,,2377,Real Estate,Real Estate Investment Trusts
SCCE,Sachem Capital Corp. 6.00% Notes due 2027,$19.90,0.04,0.201%,941471766.00,United States,2022,4866,Real Estate,Real Estate Investment Trusts
SCCF,Sachem Capital Corp. 7.125% Notes due 2027,$19.54,0.00,0.00%,924440116.00,United States,2022,1718,Real Estate,Real Estate Investment Trusts
SCCG,Sachem Capital Corp. 8.00% Notes due 2027,$19.70,0.28,1.442%,932009738.00,United States,2022,3184,Real Estate,Real Estate Investment Trusts
SCCO,Southern Copper Corporation Common Stock,$91.66,-2.50,-2.655%,72978418384.00,United States,,1478136,Basic Materials,Metal Mining
SCD,LMP Capital and Income Fund Inc. Common Stock,$15.02,-0.16,-1.054%,0.00,United States,2004,147634,Finance,Trusts Except Educational Religious and Charitable
SCE^G,SCE Trust II Trust Preferred Securities,$16.59,0.12,0.729%,,United States,,57884,,
SCE^J,Southern California Edison Company 5.375% Fixed-to-Floating Rate Trust Preference Securities,$23.78,-0.07,-0.294%,,United States,,19137,,
SCE^K,Southern California Edison Company 5.45% Fixed-to-Floating Rate Trust Preference Securities,$23.65,0.01,0.042%,,United States,,10711,,
SCE^L,SCE TRUST VI,$16.50,-0.10,-0.602%,,United States,,39983,,
SCE^M,SCE Trust VII 7.50% Trust Preference Securities,$23.14,0.01,0.043%,,United States,,26399,,
SCE^N,SCE Trust VIII 6.95% Trust Preference Securities,$22.325,-0.105,-0.468%,,United States,,10962,,
SCHL,Scholastic Corporation Common Stock,$24.95,0.28,1.135%,624989541.00,United States,1992,370646,Consumer Discretionary,Books
SCHW,Charles Schwab Corporation (The) Common Stock,$95.53,-2.20,-2.251%,173575180688.00,United States,,9790483,Finance,Investment Bankers/Brokers/Service
SCHW^D,The Charles Schwab Corporation Depositary Shares each representing 1/40th interest in a share of 5.95% Non-Cumulative Perpetual Preferred Stock Series D,$25.13,0.14,0.56%,,United States,,59632,,
SCHW^J,The Charles Schwab Corporation Depositary Shares Each Representing a 1/40th Interest in a Share of 4.450% Non-Cumulative Perpetual Preferred Stock Series J,$19.44,-0.05,-0.257%,,United States,,29590,,
SCI,Service Corporation International Common Stock,$77.83,1.52,1.992%,11079761510.00,United States,,1759312,Consumer Discretionary,Other Consumer Services
SCKT,Socket Mobile Inc. Common Stock,$1.1111,-0.0089,-0.795%,8801602.00,United States,,8884,Technology,Computer Manufacturing
SCL,Stepan Company Common Stock,$49.86,-0.91,-1.792%,1125761467.00,United States,,168493,Consumer Discretionary,Package Goods/Cosmetics
SCLX,Scilex Holding Company Common Stock,$13.41,-0.01,-0.075%,93221251.00,United States,2021,146289,Health Care,Biotechnology: Biological Products (No Diagnostic Substances)
SCLXW,Scilex Holding Company Warrant,$0.54,-0.0149,-2.685%,3753876.00,United States,2021,14397,Health Care,Biotechnology: Biological Products (No Diagnostic Substances)
SCM,Stellus Capital Investment Corporation Common Stock,$14.03,0.03,0.214%,398678556.00,United States,2012,203541,Finance,Finance/Investors Services
SCNI,Scinai Immunotherapeutics Ltd. American Depositary Shares,$1.47,0.01,0.685%,1469881.00,Israel,2015,197401,Health Care,Biotechnology: Biological Products (No Diagnostic Substances)
SCNX,Scienture Holdings Inc. Common Stock,$1.91,-0.03,-1.546%,25052379.00,United States,,108800,Health Care,Other Pharmaceuticals
SCOR,comScore Inc. Common Stock,$5.52,0.29,5.545%,27309510.00,United States,2018,26680,Consumer Discretionary,Business Services
SCPH,scPharmaceuticals Inc. Common Stock,$5.17,0.09,1.772%,272934526.00,United States,2017,396074,Health Care,Biotechnology: Pharmaceutical Preparations
SCS,Steelcase Inc. Common Stock,$10.18,-0.15,-1.452%,1167727450.00,United States,1998,837842,Consumer Discretionary,Office Equipment/Supplies/Services
SCSC,ScanSource Inc. Common Stock,$37.78,-1.06,-2.729%,853662070.00,United States,,287999,Technology,Retail: Computer Software & Peripheral Equipment
SCVL,Shoe Carnival Inc. Common Stock,$20.045,-0.415,-2.028%,547944768.00,United States,1993,363469,Consumer Discretionary,Clothing/Shoe/Accessory Stores
SCWO,374Water Inc. Common Stock,$0.188,-0.0578,-23.515%,27200397.00,United States,,3913054,Consumer Discretionary,Metal Fabrications
SCYX,SCYNEXIS Inc. Common Stock,$0.6811,-0.009,-1.304%,26576709.00,United States,2014,125029,Health Care,Biotechnology: Pharmaceutical Preparations
SD,SandRidge Energy Inc. Common Stock,$10.00,-0.39,-3.754%,366870410.00,United States,2016,377242,Energy,Oil & Gas Production
SDA,SunCar Technology Group Inc. Class A Ordinary Shares,$2.19,-0.04,-1.794%,215726077.00,Hong Kong,2021,144999,Consumer Discretionary,Automotive Aftermarket
SDAWW,SunCar Technology Group Inc. Warrant,$0.065,-0.0092,-12.399%,6402829.00,Hong Kong,2021,22913,Consumer Discretionary,Automotive Aftermarket
SDGR,Schrodinger Inc. Common Stock,$19.53,-0.80,-3.935%,1433050584.00,United States,2020,1117605,Health Care,Biotechnology: Pharmaceutical Preparations
SDHC,Smith Douglas Homes Corp. Class A Common Stock,$19.43,0.59,3.132%,999231953.00,United States,2024,85403,Consumer Discretionary,Homebuilding
SDHI,Siddhi Acquisition Corp Class A Common stock,$10.0946,0.0046,0.046%,0.00,United States,2025,5017,Finance,Blank Checks
SDHIR,Siddhi Acquisition Corp Right,$0.23,0.00,0.00%,0.00,United States,2025,279962,,
SDHY,PGIM Short Duration High Yield Opportunities Fund Common Shares,$16.60,-0.09,-0.539%,409572730.00,,2020,58163,Finance,Finance/Investors Services
SDM,Smart Digital Group Limited Ordinary Shares,$20.70,-1.27,-5.781%,548550000.00,Singapore,2025,1007387,Consumer Discretionary,Other Consumer Services
SDOT,Sadot Group Inc. Common Stock,$0.8667,-0.0209,-2.355%,5385402.00,United States,2020,194158,Consumer Discretionary,Restaurants
SDRL,Seadrill Limited Common Shares,$27.80,-1.36,-4.664%,1729863368.00,,2022,752920,Energy,Oil & Gas Production
SDST,Stardust Power Inc. Common Stock,$0.4118,-0.0098,-2.324%,24774227.00,United States,2021,1327999,Industrials,Major Chemicals
SDSTW,Stardust Power Inc. Warrant,$0.0862,0.0064,8.02%,5185863.00,United States,2021,53346,Industrials,Major Chemicals
SE,Sea Limited American Depositary Shares each representing one Class A Ordinary Share,$154.21,-2.44,-1.558%,91295394022.00,United States,2017,2767347,Consumer Discretionary,Other Consumer Services
SEAL^A,Seapeak LLC 9.00% Series A Cumulative Redeemable Perpetual Preferred Units,$25.62,0.10,0.392%,,Bermuda,,1619,,
SEAL^B,Seapeak LLC 8.50% Series B Fixed-to-Floating Rate Cumulative Redeemable Perpetual Preferred Units,$25.48,0.16,0.632%,,Bermuda,,4678,,
SEAT,Vivid Seats Inc. Class A Common Stock,$1.45,-0.10,-6.452%,298805225.00,United States,,1942620,Consumer Discretionary,Services-Misc. Amusement & Recreation
SEATW,Vivid Seats Inc. Warrant,$0.1598,-0.0102,-6.00%,32930397.00,United States,,350,Consumer Discretionary,Services-Misc. Amusement & Recreation
SEB,Seaboard Corporation Common Stock,$3168.58,1.40,0.044%,3039279756.00,United States,1996,1609,Industrials,Farming/Seeds/Milling
SEDG,SolarEdge Technologies Inc. Common Stock,$25.55,-0.11,-0.429%,1508580128.00,Israel,2015,3471467,Technology,Semiconductors
SEE,Sealed Air Corporation Common Stock,$28.47,-0.80,-2.733%,4186607565.00,United States,,1253406,Industrials,Major Chemicals
SEED,Origin Agritech Limited Common Stock,$1.01,0.03,3.061%,7271998.00,China,,46800,Consumer Staples,Farming/Seeds/Milling
SEER,Seer Inc. Class A Common Stock,$2.13,0.01,0.472%,125390642.00,United States,2020,107673,Industrials,Biotechnology: Laboratory Analytical Instruments
SEG,Seaport Entertainment Group Inc. Common Stock,$22.48,-0.59,-2.557%,285375305.00,United States,2024,118376,Consumer Discretionary,Services-Misc. Amusement & Recreation
SEGG,Lottery.com Inc. Common Stock,$0.9301,-0.0411,-4.232%,24833726.00,United States,2023,644429,Technology,Computer Software: Prepackaged Software
SEI,Solaris Energy Infrastructure Inc. Class A Common Stock,$30.01,-2.66,-8.142%,2026956427.00,United States,2017,2675058,Industrials,Metal Fabrications
SEIC,SEI Investments Company Common Stock,$86.45,-1.67,-1.895%,10687386437.00,United States,1981,972185,Finance,Investment Bankers/Brokers/Service
SELF,Global Self Storage Inc. Common Stock,$5.16,-0.03,-0.578%,58506098.00,United States,,26663,Real Estate,Real Estate Investment Trusts
SELX,Semilux International Ltd. Ordinary Shares,$1.10,0.00,0.00%,41171189.00,Taiwan,,5825,Technology,Semiconductors
SEM,Select Medical Holdings Corporation Common Stock,$12.57,-2.22,-15.01%,1615733860.00,United States,2009,2860624,Health Care,Hospital/Nursing Management
SEMR,SEMrush Holdings Inc. Class A Common Stock,$8.49,-0.47,-5.246%,1258077652.00,United States,2021,868505,Technology,Computer Software: Prepackaged Software
SENEA,Seneca Foods Corp. Class A Common Stock,$103.44,-1.29,-1.232%,712950890.00,United States,,36231,Consumer Staples,Packaged Foods
SENEB,Seneca Foods Corp. Class B Common Stock,$104.50,0.00,0.00%,720256845.00,United States,,88,Consumer Staples,Packaged Foods
SENS,Senseonics Holdings Inc. Common Stock,$0.4888,0.0038,0.784%,319817490.00,United States,,3455521,Industrials,Industrial Machinery/Components
SEPN,Septerna Inc. Common Stock,$12.21,-0.20,-1.612%,544057307.00,United States,2024,225139,Health Care,Biotechnology: Pharmaceutical Preparations
SER,Serina Therapeutics Inc. Common Stock,$5.29,-0.25,-4.513%,52727445.00,,2018,10632,Health Care,Biotechnology: Pharmaceutical Preparations
SERA,Sera Prognostics Inc. Class A Common Stock,$2.70,-0.08,-2.878%,101716517.00,United States,2021,59613,Health Care,Medical Specialities
SERV,Serve Robotics Inc. Common Stock,$10.01,-0.18,-1.766%,571804794.00,United States,,3858115,Consumer Discretionary,Industrial Specialties
SES,SES AI Corporation Class A Common Stock,$1.21,-0.09,-6.923%,443892447.00,United States,2021,6993216,Miscellaneous,Industrial Machinery/Components
SEVN,Seven Hills Realty Trust Common Stock,$10.08,-0.21,-2.041%,150632778.00,United States,,120813,Real Estate,Real Estate Investment Trusts
SEZL,Sezzle Inc. Common Stock,$144.00,-10.84,-7.001%,4793226480.00,United States,,967915,Consumer Discretionary,Business Services
SF,Stifel Financial Corporation Common Stock,$111.17,-2.95,-2.585%,11420121569.00,United States,,887559,Finance,Investment Bankers/Brokers/Service
SF^B,Stifel Financial Corporation Depositary Shares Each Representing 1/1000th  Interest in a Share of 6.25% Non-Cumulative  Preferred Stock Series B,$24.6599,0.3999,1.648%,,United States,,7080,,
SF^C,Stifel Financial Corporation Depositary Shares Each Representing 1/1000th Interest in a Share of 6.125% Non Cumulative Preferred Stock Series C,$23.7578,-0.0322,-0.135%,,United States,,4623,,
SF^D,Stifel Financial Corporation Depositary Shares Each Representing 1/1000th Interest in a Share of 4.50% Non-Cumulative Preferred Stock Series D,$18.065,0.025,0.139%,,United States,,7006,,
SFB,Stifel Financial Corporation 5.20% Senior Notes due 2047,$20.92,0.20,0.965%,2149041497.00,United States,2017,13914,Finance,Investment Bankers/Brokers/Service
SFBC,Sound Financial Bancorp Inc. Common Stock,$45.75,-0.30,-0.651%,117397657.00,United States,,12799,Finance,Savings Institutions
SFBS,ServisFirst Bancshares Inc. Common Stock,$77.31,-1.34,-1.704%,4222058513.00,United States,,343001,Finance,Major Banks
SFD,Smithfield Foods Inc. Common Stock,$24.32,0.20,0.829%,9560501132.00,United States,2025,858165,Consumer Staples,Meat/Poultry/Fish
SFHG,Samfine Creation Holdings Group Limited Class A Ordinary Share,$0.8142,0.004,0.494%,14655600.00,Hong Kong,2024,39352,Consumer Discretionary,Publishing
SFIX,Stitch Fix Inc. Class A Common Stock,$4.49,-0.24,-5.074%,585884803.00,United States,2017,2332980,Consumer Discretionary,Catalog/Specialty Distribution
SFL,SFL Corporation Ltd,$8.98,-0.20,-2.179%,1308462546.00,Bermuda,,1273029,Consumer Discretionary,Marine Transportation
SFM,Sprouts Farmers Market Inc. Common Stock,$154.08,2.54,1.676%,15057648120.00,United States,2013,2044686,Consumer Staples,Food Chains
SFNC,Simmons First National Corporation Class A Common Stock,$19.02,-0.15,-0.782%,2395615124.00,United States,,1704440,Finance,Major Banks
SFST,Southern First Bancshares Inc. Common Stock,$40.49,-1.07,-2.575%,330757344.00,United States,,26153,Finance,Major Banks
SFWL,Shengfeng Development Limited Class A Ordinary Shares,$0.986,-0.0011,-0.111%,81342548.00,China,2023,1926,Industrials,Trucking Freight/Courier Services
SG,Sweetgreen Inc. Class A Common Stock,$11.93,-0.95,-7.376%,1403944530.00,United States,2021,7114190,Consumer Discretionary,Restaurants
SGA,Saga Communications Inc. Class A Common Stock (FL),$12.775,0.175,1.389%,82295439.00,United States,,2605,Consumer Discretionary,Broadcasting
SGBX,Safe & Green Holdings Corp. Common Stock,$0.246,-0.3235,-56.804%,2489680.00,United States,2017,10580086,Consumer Discretionary,RETAIL: Building Materials
SGC,Superior Group of Companies Inc. Common Stock,$9.55,-0.10,-1.036%,152634174.00,United States,,49427,Consumer Discretionary,Apparel
SGD,Safe and Green Development Corporation Common Stock,$1.41,-0.39,-21.667%,2949368.00,United States,,818021,Finance,Real Estate
SGHC,Super Group (SGHC) Limited Ordinary Shares,$10.67,-0.08,-0.744%,5395153117.00,,2022,1691544,Consumer Discretionary,Services-Misc. Amusement & Recreation
SGHT,Sight Sciences Inc. Common Stock,$3.27,-0.06,-1.802%,169065828.00,United States,2021,229807,Health Care,Medical/Dental Instruments
SGI,Somnigroup International Inc. Common Stock,$72.19,-0.19,-0.263%,15057742920.00,United States,,2421861,Consumer Discretionary,Home Furnishings
SGLY,Singularity Future Technology Ltd. Common Stock,$0.965,-0.011,-1.127%,4056370.00,United States,2008,6385,Consumer Discretionary,Oil Refining/Marketing
SGML,Sigma Lithium Corporation Common Shares,$5.08,-0.11,-2.119%,565312453.00,Canada,,1561235,Basic Materials,Metal Mining
SGMO,Sangamo Therapeutics Inc. Common Stock,$0.5616,0.0245,4.562%,130946571.00,United States,2000,4198024,Health Care,Biotechnology: Biological Products (No Diagnostic Substances)
SGMT,Sagimet Biosciences Inc. Series A Common Stock,$8.25,-0.44,-5.063%,265611596.00,United States,2023,826886,Health Care,Biotechnology: Pharmaceutical Preparations
SGN,Signing Day Sports Inc. Common Stock,$1.35,-0.04,-2.878%,4890636.00,,2023,74107,Technology,EDP Services
SGRP,SPAR Group Inc. Common Stock,$1.10,0.00,0.00%,25838727.00,United States,,18254,Consumer Discretionary,Business Services
SGRY,Surgery Partners Inc. Common Stock,$21.28,-0.67,-3.052%,2727246396.00,United States,2015,3103577,Health Care,Hospital/Nursing Management
SGU,Star Group L.P. Common Stock,$11.82,0.12,1.026%,408569825.00,United States,,59981,Consumer Discretionary,Other Specialty Stores
SHAK,Shake Shack Inc. Class A Common Stock,$111.84,-8.50,-7.063%,4771838360.00,United States,2015,3510636,Consumer Discretionary,Restaurants
SHBI,Shore Bancshares Inc Common Stock,$15.24,-0.27,-1.741%,508623799.00,United States,,195174,Finance,Major Banks
SHC,Sotera Health Company Common Stock,$11.15,-0.34,-2.959%,3164984075.00,United States,2020,938037,Health Care,Misc Health and Biotechnology Services
SHCO,Soho House & Co Inc. Class A Common Stock,$6.31,-0.04,-0.63%,1227427958.00,,2021,287065,Consumer Discretionary,Hotels/Resorts
SHEL,Shell PLC American Depositary Shares (each representing two (2) Ordinary Shares) ,$72.00,-0.21,-0.291%,214075335816.00,Netherlands,2022,5434121,Energy,Oil & Gas Production
SHEN,Shenandoah Telecommunications Co Common Stock,$13.245,-1.435,-9.775%,726580965.00,United States,,580471,Telecommunications,Telecommunications Equipment
SHFS,SHF Holdings Inc. Class A Common Stock,$2.7012,-0.0988,-3.529%,7521378.00,United States,2021,10202,Finance,Finance: Consumer Services
SHFSW,SHF Holdings Inc. Warrants,$0.0219,0.00,0.00%,60980.00,United States,2021,1,Finance,Finance: Consumer Services
SHG,Shinhan Financial Group Co Ltd American Depositary Shares,$47.27,-1.43,-2.936%,23797860513.00,South Korea,,259805,Finance,Major Banks
SHIM,Shimmick Corporation Common Stock,$1.67,-0.10,-5.65%,57484356.00,United States,2023,13991,Industrials,Military/Government/Technical
SHIP,Seanergy Maritime Holdings Corp. Common Stock,$6.83,0.01,0.147%,142763153.00,Greece,,41804,Consumer Discretionary,Marine Transportation
SHLS,Shoals Technologies Group Inc. Class A Common Stock,$5.16,-0.23,-4.267%,862622014.00,United States,2021,2923773,Technology,Semiconductors
SHMD,SCHMID Group N.V. Class A Ordinary Shares,$2.82,0.02,0.714%,121189111.00,Cayman Islands,,25557,Technology,Industrial Machinery/Components
SHMDW,SCHMID Group N.V. Warrants,$0.2426,-0.0074,-2.96%,10425702.00,Cayman Islands,,300,Technology,Industrial Machinery/Components
SHO,Sunstone Hotel Investors Inc. Sunstone Hotel Investors Inc. Common Shares,$8.64,-0.11,-1.257%,1718141423.00,United States,2004,2296956,Consumer Discretionary,Hotels/Resorts
SHO^H,Sunstone Hotel Investors Inc. 6.125% Series H Cumulative Redeemable Preferred Stock,$20.75,-0.08,-0.384%,,United States,,2546,,
SHO^I,Sunstone Hotel Investors Inc. 5.70% Series I Cumulative Redeemable Preferred Stock,$19.62,0.07,0.358%,,United States,,1128,,
SHOO,Steven Madden Ltd. Common Stock,$23.52,-0.485,-2.02%,1708204680.00,United States,1993,2940411,Consumer Discretionary,Shoe Manufacturing
SHOP,Shopify Inc. Class A Subordinate Voting Shares,$118.60,-3.61,-2.954%,153869371301.00,Canada,,9883067,Technology,Computer Software: Prepackaged Software
SHOT,Safety Shot Inc. Common Stock,$1.01,0.22,27.848%,75928370.00,United States,2020,8207978,Consumer Discretionary,Package Goods/Cosmetics
SHOTW,Safety Shot Inc. Warrant,$0.0596,0.0246,70.286%,4480526.00,United States,2020,28485,Consumer Discretionary,Package Goods/Cosmetics
SHPH,Shuttle Pharmaceuticals Holdings Inc. Common Stock,$3.50,-0.15,-4.11%,1537802.00,United States,2022,29879,Health Care,Biotechnology: Pharmaceutical Preparations
SHW,Sherwin-Williams Company (The) Common Stock,$343.41,12.53,3.787%,85623554048.00,United States,,4073916,Consumer Discretionary,RETAIL: Building Materials
SI,Shoulder Innovations Inc. Common Stock,$14.25,-0.80,-5.316%,283909319.00,,2025,454144,Health Care,Medical/Dental Instruments
SIBN,SI-BONE Inc. Common Stock,$17.39,0.36,2.114%,741066398.00,United States,2018,571245,Health Care,Medical/Dental Instruments
SID,Companhia Siderurgica Nacional S.A. Common Stock,$1.39,-0.06,-4.138%,1843270586.00,Brazil,,2259081,Industrials,Steel/Iron Ore
SIDU,Sidus Space Inc. Class A Common Stock,$1.15,-0.01,-0.862%,21050155.00,United States,2021,1390037,Telecommunications,Telecommunications Equipment
SIEB,Siebert Financial Corp. Common Stock,$3.70,-0.37,-9.091%,149516763.00,United States,,37543,Finance,Investment Bankers/Brokers/Service
SIF,SIFCO Industries Inc. Common Stock,$4.49,-0.37,-7.613%,27794842.00,United States,1969,5199,Industrials,Aerospace
SIFY,Sify Technologies Limited American Depositary Shares,$6.66,-0.02,-0.299%,481853664.00,India,,114815,Technology,Computer Software: Programming Data Processing
SIG,Signet Jewelers Limited Common Shares,$75.30,-3.80,-4.804%,3098612696.00,Bermuda,,1093540,Consumer Discretionary,Consumer Specialties
SIGA,SIGA Technologies Inc. Common Stock,$6.46,-0.15,-2.269%,461509396.00,United States,,409488,Health Care,Biotechnology: Pharmaceutical Preparations
SIGI,Selective Insurance Group Inc. Common Stock,$77.47,-0.50,-0.641%,4714073051.00,United States,,646017,Finance,Property-Casualty Insurers
SIGIP,Selective Insurance Group Inc. Depositary Shares each representing a 1/1000th interest in a share of 4.60% Non-Cumulative Preferred Stock Series B,$17.3101,-0.0899,-0.517%,1053324847.00,United States,,1071,Finance,Property-Casualty Insurers
SII,Sprott Inc. Common Shares,$66.59,-0.77,-1.143%,1718022000.00,,2020,226199,Finance,Finance: Consumer Services
SILA,Sila Realty Trust Inc. Common Stock,$24.95,0.51,2.087%,1375889531.00,United States,2024,348056,Real Estate,Real Estate Investment Trusts
SILC,Silicom Ltd Ordinary Shares,$17.63,1.13,6.848%,100430441.00,Israel,,32077,Telecommunications,Computer Communications Equipment
SILO,Silo Pharma Inc. Common Stock,$0.7261,-0.053,-6.803%,3256164.00,United States,,311562,Consumer Discretionary,Apparel
SIM,Grupo Simec S.A.B. de C.V. American Depositary Shares,$27.45,-1.25,-4.355%,4218194561.00,Mexico,1998,1708,Industrials,Steel/Iron Ore
SIMA,SIM Acquisition Corp. I Class A Ordinary Shares,$10.435,0.0031,0.03%,0.00,United States,2024,2087,Miscellaneous,Industrial Machinery/Components
SIMAW,SIM Acquisition Corp. I Warrant,$0.3899,-0.0001,-0.026%,0.00,United States,2024,59,Finance,Blank Checks
SIMO,Silicon Motion Technology Corporation American Depositary Shares,$76.42,-0.12,-0.157%,2597032061.00,Taiwan,2005,447161,Technology,Semiconductors
SINT,SiNtx Technologies Inc. Common Stock,$2.40,-0.10,-4.00%,6020894.00,United States,2014,66664,Health Care,Medical/Dental Instruments
SION,Sionna Therapeutics Inc. Common Stock,$16.92,0.16,0.955%,746584746.00,United States,2025,122670,Health Care,Biotechnology: Pharmaceutical Preparations
SIRI,SiriusXM Holdings Inc. Common Stock,$21.18,0.06,0.284%,7157241736.00,United States,,9041790,Consumer Discretionary,Broadcasting
SISI,Shineco Inc. Common Stock,$0.1434,-0.0068,-4.527%,2974954.00,China,2016,13301364,Health Care, Medicinal Chemicals and Botanical Products 
SITC,SITE Centers Corp. Common Stock,$10.63,-0.14,-1.30%,557489266.00,United States,,2563819,Real Estate,Real Estate Investment Trusts
SITE,SiteOne Landscape Supply Inc. Common Stock,$136.37,-1.46,-1.059%,6083817671.00,United States,2016,729198,Consumer Discretionary,Professional and commerical equipment
SITM,SiTime Corporation Common Stock,$193.09,-9.76,-4.811%,4580403165.00,United States,2019,403869,Technology,Semiconductors
SJ,Scienjoy Holding Corporation Class A Ordinary Shares ,$0.7937,-0.0459,-5.467%,33338097.00,China,2019,20361,Technology,EDP Services
SJM,The J.M. Smucker Company Common Stock,$108.25,0.91,0.848%,11529492840.00,United States,,1592962,Consumer Staples,Packaged Foods
SJT,San Juan Basin Royalty Trust Common Stock,$5.84,-0.21,-3.471%,272195369.00,United States,,94643,Energy,Oil & Gas Production
SKBL,Skyline Builders Group Holding Limited Class A Ordinary Shares,$0.5801,0.0045,0.782%,17403000.00,Hong Kong,2025,339148,Consumer Discretionary,Engineering & Construction
SKE,Skeena Resources Limited Common Shares,$14.38,0.30,2.131%,1647982584.00,,2021,361043,Basic Materials,Precious Metals
SKIL,Skillsoft Corp. Class A Common Stock,$14.91,0.65,4.558%,127823833.00,United States,2019,56579,Technology,Computer Software: Prepackaged Software
SKIN,The Beauty Health Company Class A Common Stock,$1.53,-0.01,-0.649%,192771345.00,United States,2020,540357,Health Care,Medical/Dental Instruments
SKK,SKK Holdings Limited Ordinary Shares,$0.5204,-0.0209,-3.861%,9757500.00,Singapore,2024,30622,Industrials,Water Sewer Pipeline Comm & Power Line Construction
SKLZ,Skillz Inc. Class A Common Stock,$6.70,-0.23,-3.319%,119718876.00,United States,2020,103518,Technology,EDP Services
SKM,SK Telecom Co. Ltd. Common Stock,$22.09,-0.10,-0.451%,8473282200.00,South Korea,,403287,Telecommunications,Telecommunications Equipment
SKT,Tanger Inc. Common Stock,$29.52,-0.50,-1.666%,3340884849.00,United States,1993,1386269,Real Estate,Real Estate Investment Trusts
SKWD,Skyward Specialty Insurance Group Inc. Common Stock,$49.39,-1.19,-2.353%,1995498194.00,United States,2023,462985,Finance,Property-Casualty Insurers
SKX,Skechers U.S.A. Inc. Common Stock,$63.00,-0.25,-0.395%,9424996497.00,United States,1999,7925479,Consumer Discretionary,Shoe Manufacturing
SKY,Champion Homes Inc. Common Stock,$64.84,3.94,6.47%,3714200996.00,United States,,1433335,Consumer Discretionary,Homebuilding
SKYE,Skye Bioscience Inc. Common Stock,$3.41,-0.16,-4.482%,105656661.00,United States,,274297,Health Care,Biotechnology: Pharmaceutical Preparations
SKYH,Sky Harbour Group Corporation Class A Common Stock,$9.44,-0.33,-3.378%,716323522.00,United States,2022,140293,Finance,Real Estate
SKYQ,Sky Quarry Inc. Common Stock,$0.50,-0.0054,-1.068%,10704810.00,United States,2024,197833,Industrials,Environmental Services
SKYT,SkyWater Technology Inc. Common Stock,$8.78,-0.17,-1.899%,421765071.00,United States,2021,844827,Technology,Semiconductors
SKYW,SkyWest Inc. Common Stock,$109.11,-6.85,-5.907%,4405671294.00,United States,1986,414950,Consumer Discretionary,Air Freight/Delivery Services
SKYX,SKYX Platforms Corp. Common Stock,$1.00,0.00,0.00%,105759999.00,United States,2022,744725,Consumer Discretionary,Building Products
SLAB,Silicon Laboratories Inc. Common Stock,$128.77,-3.00,-2.277%,4194277125.00,United States,2000,477561,Technology,Semiconductors
SLB,Schlumberger N.V. Common Stock,$33.05,-0.75,-2.219%,44658773600.00,France,,17070058,Energy,Oilfield Services/Equipment
SLDB,Solid Biosciences Inc. Common Stock,$6.83,-0.01,-0.146%,529430025.00,United States,2018,1146115,Health Care,Biotechnology: Biological Products (No Diagnostic Substances)
SLDE,Slide Insurance Holdings Inc. Common Stock,$18.29,-0.51,-2.713%,2285044415.00,United States,2025,198036,Finance,Property-Casualty Insurers
SLDP,Solid Power Inc. Class A Common Stock,$3.11,-0.08,-2.508%,557816063.00,United States,2021,9308766,Miscellaneous,Industrial Machinery/Components
SLDPW,Solid Power Inc. Warrant,$0.51,-0.0301,-5.573%,91474660.00,United States,2021,60468,Miscellaneous,Industrial Machinery/Components
SLE,Super League Enterprise Inc. Common Stock,$4.15,-0.15,-3.488%,3405502.00,United States,2019,32984,Consumer Discretionary,Services-Misc. Amusement & Recreation
SLF,Sun Life Financial Inc. Common Stock,$60.37,-0.63,-1.033%,34314342773.00,Canada,,611942,Finance,Life Insurance
SLG,SL Green Realty Corp Common Stock,$55.76,-1.49,-2.603%,3959898218.00,United States,1997,1185189,Real Estate,Real Estate Investment Trusts
SLG^I,SL Green Realty Corporation Preferred Series I,$22.60,0.17,0.758%,,United States,,21981,,
SLGL,Sol-Gel Technologies Ltd. Ordinary Shares,$13.00,0.40,3.175%,36214906.00,Israel,2018,22715,Health Care,Biotechnology: Pharmaceutical Preparations
SLGN,Silgan Holdings Inc. Common Stock,$45.68,-0.85,-1.827%,4887448462.00,United States,2022,2611167,Industrials,Containers/Packaging
SLI,Standard Lithium Ltd. Common Shares,$2.29,-0.08,-3.376%,454796297.00,Canada,2021,1466836,Industrials,Major Chemicals
SLM,SLM Corporation Common Stock,$31.23,-0.57,-1.792%,6510873497.00,United States,,1855375,Finance,Finance: Consumer Services
SLMBP,SLM Corporation Floating Rate Non-Cumulative Preferred Stock Series B,$75.90,0.40,0.53%,15823736742.00,United States,,10497,Finance,Finance: Consumer Services
SLN,Silence Therapeutics Plc American Depository Share,$6.17,0.01,0.162%,288756000.00,United Kingdom,,62280,Health Care,Biotechnology: Pharmaceutical Preparations
SLND,Southland Holdings Inc. Common Stock,$3.90,-0.40,-9.302%,210585976.00,United States,,29044,Industrials,Military/Government/Technical
SLNG,Stabilis Solutions Inc. Common Stock,$4.46,-0.14,-3.043%,82939502.00,United States,,5360,Utilities,Oil/Gas Transmission
SLNH,Soluna Holdings Inc. Common Stock,$0.4287,-0.0293,-6.397%,5896386.00,United States,,876690,Technology,EDP Services
SLNHP,Soluna Holdings Inc 9.0% Series A Cumulative Perpetual Preferred Stock ,$3.86,0.00,0.00%,53090857.00,United States,,163,Technology,EDP Services
SLNO,Soleno Therapeutics Inc. Common Stock,$86.00,-0.47,-0.544%,4333878066.00,United States,2014,1036883,Health Care,Biotechnology: Electromedical & Electrotherapeutic Apparatus
SLP,Simulations Plus Inc. Common Stock,$12.80,-0.22,-1.69%,257627008.00,United States,,548948,Technology,EDP Services
SLQT,SelectQuote Inc. Common Stock,$1.74,-0.02,-1.136%,300535006.00,United States,2020,2037571,Finance,Specialty Insurers
SLRC,SLR Investment Corp. Common Stock,$15.89,-0.11,-0.688%,866873134.00,United States,2010,201443,Finance,Finance/Investors Services
SLRX,Salarius Pharmaceuticals Inc. Common Stock,$0.63,0.0307,5.123%,1340190.00,United States,2015,4047286,Health Care,Biotechnology: Pharmaceutical Preparations
SLS,SELLAS Life Sciences Group Inc. Common Stock,$1.66,0.07,4.403%,165630628.00,United States,,1834018,Health Care,Biotechnology: Pharmaceutical Preparations
SLSN,Solesence Inc. Common Stock,$2.775,-0.655,-19.096%,194536599.00,United States,,110541,Consumer Discretionary,Package Goods/Cosmetics
SLSR,Solaris Resources Inc. Common Shares,$4.84,-0.07,-1.426%,796644495.00,,2024,26944,,
SLVM,Sylvamo Corporation Common Stock,$45.25,-0.82,-1.78%,1842703442.00,United States,2021,387741,Basic Materials,Paper
SLXN,Silexion Therapeutics Corp Ordinary Shares,$9.28,-5.66,-37.885%,5377695.00,Israel,,359492,Health Care,Biotechnology: Biological Products (No Diagnostic Substances)
SLXNW,Silexion Therapeutics Corp Warrant,$0.0326,-0.0075,-18.703%,18891.00,Israel,,214800,Health Care,Biotechnology: Biological Products (No Diagnostic Substances)
SM,SM Energy Company Common Stock,$26.66,-0.93,-3.371%,3051562732.00,United States,,3408986,Energy,Oil & Gas Production
SMA,SmartStop Self Storage REIT Inc. Common Stock,$34.80,0.92,2.715%,1929914353.00,,2025,768255,Real Estate,Real Estate Investment Trusts
SMBC,Southern Missouri Bancorp Inc. Common Stock,$52.47,-1.62,-2.995%,592909006.00,United States,,42399,Finance,Banks
SMBK,SmartFinancial Inc. Common Stock,$33.26,-1.00,-2.919%,566003613.00,United States,,61065,Finance,Major Banks
SMC,Summit Midstream Corporation Common Stock,$24.32,-1.16,-4.553%,456378541.00,United States,2012,65989,Utilities,Natural Gas Distribution
SMCI,Super Micro Computer Inc. Common Stock,$56.64,-2.33,-3.951%,33803751469.00,United States,2020,40787031,Technology,Computer Manufacturing
SMFG,Sumitomo Mitsui Financial Group Inc Unsponsored American Depositary Shares (Japan),$15.07,-0.07,-0.462%,97564321748.00,Japan,,2421495,Finance,Commercial Banks
SMG,Scotts Miracle-Gro Company (The) Common Stock,$61.87,-0.79,-1.261%,3570828535.00,United States,1992,1205358,Industrials,Agricultural Chemicals
SMHI,SEACOR Marine Holdings Inc. Common Stock ,$4.81,-0.19,-3.80%,129755806.00,United States,2017,173512,Consumer Discretionary,Marine Transportation
SMID,Smith-Midland Corporation Common Stock,$35.41,0.64,1.841%,187836098.00,United States,,9268,Industrials,Building Materials
SMLR,Semler Scientific Inc. Common Stock,$34.46,-1.39,-3.877%,384283171.00,United States,,858555,Health Care,Biotechnology: Electromedical & Electrotherapeutic Apparatus
SMMT,Summit Therapeutics Inc. Common Stock ,$27.07,0.70,2.655%,20103966563.00,United States,2015,1917093,Health Care,Biotechnology: Pharmaceutical Preparations
SMRT,SmartRent Inc. Class A Common Stock,$0.96,-0.05,-4.95%,180651366.00,United States,,1595098,Technology,EDP Services
SMSI,Smith Micro Software Inc. Common Stock,$0.699,0.0141,2.059%,13570261.00,United States,1995,328474,Technology,Computer Software: Prepackaged Software
SMTC,Semtech Corporation Common Stock,$50.14,-0.96,-1.879%,4343908633.00,United States,,1802889,Technology,Semiconductors
SMTI,Sanara MedTech Inc. Common Stock,$24.16,-0.01,-0.041%,214730528.00,United States,,51420,Health Care,Industrial Specialties
SMTK,SmartKem Inc. Common Stock,$0.91,-0.0089,-0.969%,4032360.00,United Kingdom,,25300,Technology,Semiconductors
SMWB,Similarweb Ltd. Ordinary Shares,$7.91,-0.45,-5.383%,655180775.00,,2021,627585,Technology,Computer Software: Programming Data Processing
SMX,SMX (Security Matters) Public Limited Company Class A Ordinary Shares,$1.25,-0.16,-11.348%,1300914.00,Ireland,,964945,Technology,Industrial Machinery/Components
SMXT,Solarmax Technology Inc. Common Stock,$0.9398,-0.0502,-5.071%,44553669.00,United States,2024,70030,Consumer Discretionary,Engineering & Construction
SMXWW,SMX (Security Matters) Public Limited Company Warrant,$0.0208,-0.0002,-0.952%,21647.00,Ireland,,2000,Technology,Industrial Machinery/Components
SN,SharkNinja Inc. Ordinary Shares,$112.32,-3.78,-3.256%,15763824012.00,United States,2023,1601205,Consumer Discretionary,Consumer Electronics/Appliances
SNA,Snap-On Incorporated Common Stock,$317.79,-3.40,-1.059%,16576997670.00,United States,,339782,Consumer Discretionary,Industrial Machinery/Components
SNAL,Snail Inc. Class A Common Stock,$1.09,-0.02,-1.802%,40562889.00,United States,2022,16290,Technology,Computer Software: Prepackaged Software
SNAP,Snap Inc. Class A Common Stock,$9.05,-0.38,-4.03%,15124161796.00,United States,2017,37635678,Technology,Computer Software: Programming Data Processing
SNBR,Sleep Number Corporation Common Stock,$7.14,-0.19,-2.592%,161792400.00,United States,,1031668,Consumer Discretionary,Home Furnishings
SNCR,Synchronoss Technologies Inc. Common Stock,$7.17,-0.15,-2.049%,82440488.00,United States,2018,104976,Technology,EDP Services
SNCY,Sun Country Airlines Holdings Inc. Common Stock,$10.31,-1.28,-11.044%,548502341.00,United States,2021,2082649,Consumer Discretionary,Air Freight/Delivery Services
SND,Smart Sand Inc. Common Stock,$2.05,0.01,0.49%,90370851.00,United States,2016,72411,Industrials,Mining & Quarrying of Nonmetallic Minerals (No Fuels)
SNDA,Sonida Senior Living Inc. Common Stock,$23.92,-0.50,-2.048%,451260607.00,United States,,24363,Health Care,Hospital/Nursing Management
SNDK,Sandisk Corporation Common Stock,$41.33,-1.59,-3.705%,6005216680.00,United States,,1661818,Technology,Electronic Components
SNDL,SNDL Inc. Common Shares,$1.65,-0.07,-4.07%,424535100.00,Canada,2019,5634225,Health Care, Medicinal Chemicals and Botanical Products 
SNDR,Schneider National Inc. Common Stock,$24.09,-0.36,-1.472%,4220541525.00,United States,2017,1039597,Industrials,Trucking Freight/Courier Services
SNDX,Syndax Pharmaceuticals Inc. Common Stock,$9.98,0.06,0.605%,858753541.00,United States,2016,1732616,Health Care,Biotechnology: Pharmaceutical Preparations
SNES,SenesTech Inc. Common Stock,$5.25,0.01,0.191%,9323633.00,United States,2016,96098,Industrials,Agricultural Chemicals
SNEX,StoneX Group Inc. Common Stock,$96.96,-0.28,-0.288%,4742953536.00,United States,,947616,Finance,Investment Bankers/Brokers/Service
SNFCA,Security National Financial Corporation Class A Common Stock,$8.41,-0.07,-0.825%,218484189.00,United States,,47417,Finance,Finance: Consumer Services
SNGX,Soligenix Inc. Common Stock,$2.74,-0.19,-6.485%,8944308.00,United States,,7782374,Health Care,Biotechnology: Pharmaceutical Preparations
SNN,Smith & Nephew SNATS Inc. Common Stock,$30.83,0.27,0.884%,13502876816.00,United Kingdom,,951119,Health Care,Industrial Specialties
SNOA,Sonoma Pharmaceuticals Inc. Common Stock,$2.99,0.01,0.336%,4911867.00,United States,2007,28069,Health Care,Biotechnology: Pharmaceutical Preparations
SNOW,Snowflake Inc. Common Stock,$205.02,-18.48,-8.268%,68415174000.00,United States,2020,8572977,Technology,Computer Software: Prepackaged Software
SNPS,Synopsys Inc. Common Stock,$618.65,-14.82,-2.339%,95990314294.00,United States,1992,1300443,Technology,Computer Software: Prepackaged Software
SNRE,Sunrise Communications AG American Depositary Shares representing Class A shares,$53.03,-0.03,-0.057%,5076934065.00,Switzerland,,159571,Telecommunications,Cable & Other Pay Television Services
SNSE,Sensei Biotherapeutics Inc. Common Stock,$10.325,2.845,38.035%,13013661.00,United States,2021,211839,Health Care,Biotechnology: Pharmaceutical Preparations
SNT,Senstar Technologies Corporation Common Shares,$4.27,-0.11,-2.511%,99604808.00,Canada,,55537,Telecommunications,Telecommunications Equipment
SNTG,Sentage Holdings Inc. Class A Ordinary Shares,$1.71,0.01,0.588%,4797106.00,China,2021,471,Finance,Finance: Consumer Services
SNTI,Senti Biosciences Inc. Common Stock,$1.68,-0.02,-1.176%,43816314.00,United States,2021,69774,Health Care,Biotechnology: Biological Products (No Diagnostic Substances)
SNV,Synovus Financial Corp. Common Stock,$46.55,-0.69,-1.461%,6471056453.00,United States,,3396359,Finance,Major Banks
SNV^D,Synovus Financial Corp. Fixed-to-Floating Rate Non-Cumulative Perpetual Preferred Stock Series D Liquation Preference $25.00 per Share,$25.60,-0.05,-0.195%,,United States,,8955,,
SNV^E,Synovus Financial Corp. 5.875% Fixed-Rate Reset Non-Cumulative Perpetual Preferred Stock Series E,$26.09,-0.14,-0.534%,,United States,,19731,,
SNWV,SANUWAVE Health Inc. Common Stock,$36.24,-2.23,-5.797%,310055524.00,United States,,49625,Health Care,Medical/Dental Instruments
SNX,TD SYNNEX Corporation Common Stock,$140.85,-3.54,-2.452%,11615488077.00,United States,2003,604207,Technology,Retail: Computer Software & Peripheral Equipment
SNY,Sanofi ADS,$46.75,1.11,2.432%,118101974414.00,France,,2519212,Health Care,Biotechnology: Pharmaceutical Preparations
SNYR,Synergy CHC Corp. Common Stock,$3.36,-0.10,-2.89%,32100445.00,United States,2024,29375,Health Care,Other Pharmaceuticals
SO,Southern Company (The) Common Stock,$94.99,0.51,0.54%,104399240529.00,United States,,7489739,Utilities,Electric Utilities: Central
SOAR,Volato Group Inc. Class A Common Stock,$1.32,-0.09,-6.383%,2536936.00,,2022,405261,Consumer Discretionary,Transportation Services
SOBO,South Bow Corporation Common Shares,$26.35,0.09,0.343%,5486613627.00,Canada,2024,428660,Energy,Natural Gas Distribution
SOBR,SOBR Safe Inc. Common Stock,$3.67,-0.23,-5.897%,5564252.00,United States,,45367,Consumer Discretionary,Newspapers/Magazines
SOC,Sable Offshore Corp. Common Stock,$29.62,-1.05,-3.424%,2648423664.00,United States,2021,2507895,Energy,Oil & Gas Production
SOCAU,Solarius Capital Acquisition Corp. Units,$10.06,-0.01,-0.099%,0.00,United States,2025,19612,Finance,Blank Checks
SOFI,SoFi Technologies Inc. Common Stock  ,$21.23,-1.35,-5.979%,23466858528.00,United States,,89158899,Finance,Finance: Consumer Services
SOGP,Sound Group Inc. American Depositary Shares,$4.75,0.30,6.742%,23443977.00,China,2020,13725,Technology,Computer Software: Programming Data Processing
SOHO,Sotherly Hotels Inc. Common Stock,$0.8692,-0.0107,-1.216%,17810343.00,United States,,31430,Real Estate,Real Estate Investment Trusts
SOHOB,Sotherly Hotels Inc. 8.0% Series B Cumulative Redeemable Perpetual Preferred Stock,$16.00,0.27,1.716%,327848016.00,United States,,1500,Real Estate,Real Estate Investment Trusts
SOHON,Sotherly Hotels Inc. 8.25% Series D Cumulative Redeemable Perpetual Preferred Stock,$16.00,-0.50,-3.03%,327848016.00,United States,,1996,Real Estate,Real Estate Investment Trusts
SOHOO,Sotherly Hotels Inc. 7.875% Series C Cumulative Redeemable Perpetual Preferred Stock,$15.88,-0.12,-0.75%,325389156.00,United States,,1927,Real Estate,Real Estate Investment Trusts
SOHU,Sohu.com Limited American Depositary Shares,$15.40,-0.14,-0.901%,463007160.00,China,,104537,Technology,EDP Services
SOJC,Southern Company (The) Series 2017B 5.25% Junior Subordinated Notes due December 1 2077,$22.57,0.06,0.267%,24805672794.00,United States,2017,8325,Utilities,Electric Utilities: Central
SOJD,Southern Company (The) Series 2020A 4.95% Junior Subordinated Notes due January 30 2080,$20.62,-0.02,-0.097%,22662515420.00,United States,2020,47187,Utilities,Electric Utilities: Central
SOJE,Southern Company (The) Series 2020C 4.20% Junior Subordinated Notes due October 15 2060,$18.03,-0.02,-0.111%,19735020238.00,United States,2020,30727,Basic Materials,Metal Mining
SOJF,Southern Company (The) Series 2025A 6.50% Junior Subordinated Notes due March 15 2085,$26.08,-0.01,-0.038%,0.00,United States,2025,43626,Basic Materials,Metal Mining
SOL,Emeren Group Ltd American Depositary Shares each representing 10 shares,$1.85,-0.02,-1.07%,94945001.00,China,2008,294913,Technology,Semiconductors
SOLV,Solventum Corporation Common Stock,$71.73,0.37,0.518%,12410216895.00,United States,2024,780679,Health Care,Medical/Dental Instruments
SON,Sonoco Products Company Common Stock,$44.24,-0.83,-1.842%,4363438625.00,United States,,1661023,Consumer Discretionary,Containers/Packaging
SOND,Sonder Holdings Inc. Class A Common Stock,$2.12,-0.06,-2.752%,28213980.00,United States,2021,48868,Consumer Discretionary,Hotels/Resorts
SONDW,Sonder Holdings Inc. Warrants,$0.0071,-0.0006,-7.792%,94490.00,United States,2021,3000,Consumer Discretionary,Hotels/Resorts
SONM,Sonim Technologies Inc. Common Stock,$0.6357,-0.0274,-4.132%,5849434.00,United States,2019,514179,Utilities,Telecommunications Equipment
SONN,Sonnet BioTherapeutics Holdings Inc. Common Stock,$2.81,-0.51,-15.361%,8895926.00,United States,,1113381,Health Care,Biotechnology: Pharmaceutical Preparations
SONO,Sonos Inc. Common Stock,$10.36,-0.45,-4.163%,1244106427.00,United States,2018,2112650,Consumer Staples,Consumer Electronics/Appliances
SONY,Sony Group Corporation American Depositary Shares ,$24.37,0.05,0.206%,146829305929.00,Japan,,4950226,Consumer Staples,Consumer Electronics/Appliances
SOPA,Society Pass Incorporated Common Stock,$1.17,-0.06,-4.878%,5862941.00,United States,2021,24934,Consumer Discretionary,Business Services
SOPH,SOPHiA GENETICS SA Ordinary Shares,$3.16,0.03,0.958%,211186184.00,Switzerland,2021,24042,Health Care,Biotechnology: Biological Products (No Diagnostic Substances)
SOR,Source Capital Inc. Cmn Shs of BI,$43.60,-0.03,-0.069%,363819459.00,United States,,12400,Finance,Investment Managers
SORA,Top Win International Limited Ordinary Shares,$4.85,-0.75,-13.393%,120590400.00,Hong Kong,2025,30718,Industrials,Other Specialty Stores
SOS,SOS Limited American Depositary Shares one hundred and fifty (150) Class A Ordinary Shares,$2.47,-0.06,-2.372%,1098783659.00,China,,149642,Finance,Finance: Consumer Services
SOTK,Sono-Tek Corporation Common Stock,$3.31,0.00,0.00%,52058694.00,United States,,4802,Technology,Industrial Machinery/Components
SOUL,Soulpower Acquisition Corporation Class A Ordinary Shares,$10.10,0.011,0.109%,0.00,,2025,10114,Consumer Discretionary,Publishing
SOUN,SoundHound AI Inc Class A Common Stock,$10.11,-0.22,-2.13%,4061534188.00,United States,,25527217,Technology,Computer Software: Prepackaged Software
SOUNW,SoundHound AI Inc. Warrant,$4.30,-0.18,-4.018%,1727457666.00,United States,2021,54310,Technology,Computer Software: Prepackaged Software
SOWG,Sow Good Inc. Common Stock,$0.8734,-0.0632,-6.748%,9941965.00,United States,,199162,Consumer Staples,Packaged Foods
SPAI,Safe Pro Group Inc. Common Stock,$3.26,-0.40,-10.929%,49461323.00,United States,2024,78805,Health Care,Industrial Specialties
SPB,Spectrum Brands Holdings Inc. Common Stock,$52.53,-0.98,-1.831%,1313455182.00,United States,,591781,Miscellaneous,Industrial Machinery/Components
SPCB,SuperCom Ltd. Ordinary Shares (Israel),$8.68,-0.13,-1.476%,18860381.00,Israel,,36645,Technology,Semiconductors
SPCE,Virgin Galactic Holdings Inc. Common Stock,$3.68,-0.12,-3.158%,152995430.00,United States,2017,2477381,Consumer Discretionary,Transportation Services
SPE,Special Opportunities Fund Inc Common Stock,$15.16,-0.24,-1.558%,0.00,United States,,29616,Finance,Finance/Investors Services
SPE^C,Special Opportunities Fund Inc. 2.75% Convertible Preferred Stock Series C,$24.43,-0.19,-0.772%,,United States,,137,,
SPEGU,Silver Pegasus Acquisition Corp Unit,$10.13,0.02,0.198%,0.00,United States,2025,302524,,
SPFI,South Plains Financial Inc. Common Stock,$36.01,-1.10,-2.964%,584359009.00,United States,2019,53755,Finance,Major Banks
SPG,Simon Property Group Inc. Common Stock,$160.68,-3.11,-1.899%,52449975267.00,United States,,2149815,Real Estate,Real Estate Investment Trusts
SPG^J,Simon Property Group Inc. Simon Property Group 8 3/8% Series J Cumulative Redeemable Preferred Stock,$54.60,-0.82,-1.48%,,United States,,2643,,
SPGI,S&P Global Inc. Common Stock,$545.66,-5.44,-0.987%,167353922000.00,United States,,1885504,Finance,Finance: Consumer Services
SPH,Suburban Propane Partners L.P. Common Stock,$18.86,0.03,0.159%,1225133586.00,United States,1996,213334,Consumer Discretionary,Other Specialty Stores
SPHL,Springview Holdings Ltd Class A Ordinary Shares,$0.5299,-0.0134,-2.466%,11392850.00,Singapore,2024,49413,Consumer Discretionary,Homebuilding
SPHR,Sphere Entertainment Co. Class A Common Stock,$40.71,-2.34,-5.436%,1465536266.00,United States,2020,766980,Consumer Discretionary,Services-Misc. Amusement & Recreation
SPIR,Spire Global Inc. Class A Common Stock,$9.61,-0.42,-4.187%,313132086.00,United States,2020,411826,Consumer Discretionary,Telecommunications Equipment
SPKL,Spark I Acquisition Corp. Class A Ordinary Share,$11.00,0.00,0.00%,0.00,United States,2023,210,,
SPKLW,Spark I Acquisition Corp. Warrant,$0.2399,0.0199,9.045%,0.00,United States,2023,330,,
SPMA,Sound Point Meridian Capital Inc. 8.00% Series A Preferred Shares Due 2029,$25.0789,-0.1488,-0.59%,0.00,,,984,,
SPMC,Sound Point Meridian Capital Inc. Common Stock,$17.92,-0.31,-1.70%,0.00,,2024,9878,,
SPME,Sound Point Meridian Capital Inc. 7.875% Series B Preferred Shares due 2030,$25.10,0.02,0.08%,0.00,,,3636,,
SPNS,Sapiens International Corporation N.V. Common Shares (Cayman Islands),$26.75,-0.66,-2.408%,1494983269.00,Curacao,1992,518735,Technology,Computer Software: Prepackaged Software
SPNT,SiriusPoint Ltd. Common Shares,$19.58,-0.03,-0.153%,2282811778.00,Bermuda,2013,945721,Finance,Property-Casualty Insurers
SPNT^B,SiriusPoint Ltd. 8.00% Resettable Fixed Rate Preference Shares Series B $25.00 liquidation preference per share,$25.4063,0.0463,0.183%,,Bermuda,,39983,,
SPOK,Spok Holdings Inc. Common Stock,$18.51,0.17,0.927%,380793199.00,United States,,179183,Telecommunications,Telecommunications Equipment
SPOT,Spotify Technology S.A. Ordinary Shares,$627.15,0.61,0.097%,127841021104.00,Luxembourg,2018,2530518,Consumer Discretionary,Broadcasting
SPPL,SIMPPLE LTD. Ordinary Shares,$2.8097,-0.1403,-4.756%,9945748.00,Singapore,2023,13205,Consumer Discretionary,Diversified Commercial Services
SPR,Spirit Aerosystems Holdings Inc. Common Stock,$39.11,-0.29,-0.736%,4588343783.00,United States,2006,590980,Industrials,Military/Government/Technical
SPRC,SciSparc Ltd. Ordinary Shares,$5.67,-0.05,-0.874%,3030955.00,Israel,,28987,Health Care,Biotechnology: Pharmaceutical Preparations
SPRO,Spero Therapeutics Inc. Common Stock,$2.30,-0.02,-0.862%,128594474.00,United States,2017,518730,Health Care,Biotechnology: Pharmaceutical Preparations
SPRU,Spruce Power Holding Corporation Class A Common Stock,$1.18,-0.09,-7.087%,21035341.00,United States,2019,147177,Consumer Discretionary,Auto Parts:O.E.M.
SPRY,ARS Pharmaceuticals Inc. Common Stock,$17.18,-0.50,-2.828%,1687308978.00,United States,2020,1181354,Health Care,Biotechnology: Pharmaceutical Preparations
SPSC,SPS Commerce Inc. Common Stock,$103.88,-4.985,-4.579%,3937962197.00,United States,2010,817312,Technology,Computer Software: Prepackaged Software
SPT,Sprout Social Inc Class A Common Stock,$16.54,-0.61,-3.557%,962224622.00,United States,2019,704343,Technology,Computer Software: Prepackaged Software
SPTN,SpartanNash Company Common Stock,$26.53,-0.01,-0.038%,898037131.00,United States,,652331,Consumer Discretionary,Food Distributors
SPWH,Sportsman's Warehouse Holdings Inc. Common Stock,$3.27,-0.10,-2.967%,125300413.00,United States,2014,187956,Consumer Discretionary,Other Specialty Stores
SPWR,Complete Solaria Inc. Common Stock,$1.48,-0.09,-5.732%,118802939.00,United States,,952488,Technology,Semiconductors
SPWRW,Complete Solaria Inc. Warrants,$0.28,-0.0025,-0.885%,22476232.00,United States,,11394,Technology,Semiconductors
SPXC,SPX Technologies Inc. Common Stock,$196.36,13.97,7.659%,9171273809.00,United States,,739717,Industrials,Industrial Machinery/Components
SPXX,Nuveen S&P 500 Dynamic Overwrite Fund,$17.72,-0.29,-1.61%,0.00,United States,,47420,Finance,Trusts Except Educational Religious and Charitable
SQFT,Presidio Property Trust Inc. Class A Common Stock,$5.80,0.19,3.387%,6966270.00,United States,2020,45906,Real Estate,Real Estate Investment Trusts
SQFTP,Presidio Property Trust Inc. 9.375% Series D Cumulative Redeemable Perpetual Preferred Stock $0.01 par value per share,$14.228,-0.1621,-1.126%,17088980.00,United States,,1065,Real Estate,Real Estate Investment Trusts
SQFTW,Presidio Property Trust Inc. Series A Common Stock Purchase Warrants,$0.03,-0.0034,-10.18%,36032.00,United States,,30598,Real Estate,Real Estate Investment Trusts
SQM,Sociedad Quimica y Minera S.A. Common Stock,$35.80,-0.95,-2.585%,10225833526.00,Chile,1993,865948,Industrials,Mining & Quarrying of Nonmetallic Minerals (No Fuels)
SQNS,Sequans Communications S.A. American Depositary Shares (each representing ten (10) Ordinary Shares),$1.25,-0.01,-0.794%,31734410.00,France,,5344126,Technology,Semiconductors
SR,Spire Inc. Common Stock,$74.23,-0.24,-0.322%,4380822557.00,United States,,749459,Utilities,Oil/Gas Transmission
SR^A,Spire Inc. Depositary Shares each representing a 1/1000th interest in a share of 5.90% Series A Cumulative Redeemable Perpetual Preferred Stock,$24.20,-0.05,-0.206%,,United States,,13960,,
SRAD,Sportradar Group AG Class A Ordinary Shares,$29.57,0.00,0.00%,8855030012.00,Switzerland,2021,2041156,Technology,Computer Software: Programming Data Processing
SRBK,SR Bancorp Inc. Common stock,$13.96,0.04,0.287%,125595817.00,United States,2023,38602,Finance,Banks
SRCE,1st Source Corporation Common Stock,$58.79,-1.03,-1.722%,1442574675.00,United States,,106367,Finance,Major Banks
SRDX,Surmodics Inc. Common Stock,$36.03,0.13,0.362%,515202554.00,United States,1998,172694,Health Care,Medical/Dental Instruments
SRE,DBA Sempra Common Stock,$80.97,-0.71,-0.869%,52806235669.00,United States,,2661712,Utilities,Natural Gas Distribution
SREA,DBA Sempra 5.750% Junior Subordinated Notes due 2079,$22.23,0.04,0.18%,14074832801.00,United States,2019,18081,Utilities,Natural Gas Distribution
SRFM,Surf Air Mobility Inc. Common Stock,$3.96,-0.22,-5.263%,76363848.00,,2023,2574736,Consumer Discretionary,Transportation Services
SRG,Seritage Growth Properties Class A Common Stock,$3.08,-0.11,-3.448%,173479790.00,United States,2015,83049,Finance,Real Estate
SRG^A,Seritage Growth Properties 7.00% Series A Cumulative Redeemable Preferred Shares of Beneficial Interest,$22.50,-0.15,-0.662%,,United States,,547,,
SRI,Stoneridge Inc. Common Stock,$7.37,-0.33,-4.286%,205227172.00,United States,1997,250839,Consumer Discretionary,Auto Parts:O.E.M.
SRL,Scully Royalty Ltd.,$5.725,-0.325,-5.372%,84857387.00,Canada,,4151,Finance,Commercial Banks
SRPT,Sarepta Therapeutics Inc. Common Stock (DE),$15.91,-0.51,-3.106%,1563587579.00,United States,,9348835,Health Care,Biotechnology: Pharmaceutical Preparations
SRRK,Scholar Rock Holding Corporation Common Stock,$36.36,-0.69,-1.862%,3452220634.00,United States,2018,1417399,Health Care,Biotechnology: Biological Products (No Diagnostic Substances)
SRTS,Sensus Healthcare Inc. Common Stock,$5.58,-0.01,-0.179%,91763301.00,United States,2016,144164,Health Care,Medical/Dental Instruments
SRV,NXG Cushing Midstream Energy Fund Common Shares of Beneficial Interest,$42.44,-0.55,-1.279%,0.00,United States,,39618,Finance,Finance Companies
SRXH,SRX Health Solutions Inc. Common Stock,$0.3806,-0.0197,-4.921%,4440488.00,,2021,506947,Consumer Staples,Beverages (Production/Distribution)
SRZN,Surrozen Inc. Common Stock,$11.00,1.00,10.00%,94188424.00,United States,,45138,Health Care,Biotechnology: Biological Products (No Diagnostic Substances)
SRZNW,Surrozen Inc. Warrant,$0.0179,0.00,0.00%,153270.00,United States,,220,Health Care,Biotechnology: Biological Products (No Diagnostic Substances)
SSB,SouthState Corporation Common Stock,$92.76,-1.41,-1.497%,9414525001.00,United States,,1113382,Finance,Major Banks
SSBI,Summit State Bank Common Stock,$12.10,-0.14,-1.144%,80744873.00,United States,2006,32575,Finance,Major Banks
SSD,Simpson Manufacturing Company Inc. Common Stock,$179.17,-0.26,-0.145%,7494303589.00,United States,,377085,Consumer Discretionary,Industrial Machinery/Components
SSII,SS Innovations International Inc. Common Stock,$6.20,-0.59,-8.689%,1200344614.00,India,,49771,Health Care,Medical/Dental Instruments
SSKN,Strata Skin Sciences Inc. Common Stock,$1.95,0.00,0.00%,8133764.00,United States,2005,7802,Health Care,Medical/Dental Instruments
SSL,Sasol Ltd. American Depositary Shares,$4.91,-0.21,-4.102%,3152925847.00,South Africa,,935979,Energy,Oil & Gas Production
SSNC,SS&C Technologies Holdings Inc. Common Stock,$84.23,-1.25,-1.462%,20570704591.00,United States,2010,1301002,Technology,Computer Software: Prepackaged Software
SSP,E.W. Scripps Company (The) Class A Common Stock,$2.90,-0.09,-3.01%,254360386.00,United States,,533452,Industrials,Broadcasting
SSRM,SSR Mining Inc. Common Stock,$12.07,0.12,1.004%,2442801253.00,Canada,,1937934,Industrials,Precious Metals
SSSS,SuRo Capital Corp. Common Stock,$8.27,-0.22,-2.591%,194773874.00,United States,2011,116659,Finance,Finance: Consumer Services
SSSSL,SuRo Capital Corp. 6.00% Notes due 2026,$24.85,-0.05,-0.201%,585263696.00,United States,,1041,Finance,Finance: Consumer Services
SST,System1 Inc. Class A Common Stock,$6.00,-0.22,-3.537%,59100000.00,United States,2020,43582,Technology,Computer Software: Programming Data Processing
SSTI,SoundThinking Inc. Common Stock,$10.995,-0.415,-3.637%,139340735.00,United States,2017,68614,Technology,Computer Software: Prepackaged Software
SSTK,Shutterstock Inc. Common Stock,$18.66,-0.50,-2.61%,661947247.00,United States,2012,279029,Technology,EDP Services
SSY,SunLink Health Systems Inc. Common Stock,$1.04,-0.03,-2.804%,7322227.00,United States,1996,46642,Health Care,Hospital/Nursing Management
SSYS,Stratasys Ltd. Ordinary Shares (Israel),$10.59,-0.24,-2.216%,760176781.00,United States,1994,340075,Technology,Computer peripheral equipment
ST,Sensata Technologies Holding plc Ordinary Shares,$29.93,-0.83,-2.698%,4358975450.00,Netherlands,2010,2416006,Industrials,Industrial Machinery/Components
STAA,STAAR Surgical Company Common Stock,$17.76,-0.155,-0.865%,879584051.00,United States,,726166,Health Care,Ophthalmic Goods
STAG,Stag Industrial Inc. Common Stock,$34.39,0.06,0.175%,6420499203.00,United States,2011,2325128,Real Estate,Real Estate Investment Trusts
STAI,ScanTech AI Systems Inc. Common stock,$0.5779,-0.0628,-9.802%,27890789.00,United States,,2879101,Industrials,Electrical Products
STAK,STAK Inc. Class A Ordinary Shares,$1.58,-0.03,-1.863%,17775000.00,China,2025,135960,Industrials,Metal Fabrications
STBA,S&T Bancorp Inc. Common Stock,$35.73,-0.91,-2.484%,1369542691.00,United States,,178696,Finance,Major Banks
STC,Stewart Information Services Corporation Common Stock,$65.60,0.67,1.032%,1831513558.00,United States,,280012,Finance,Specialty Insurers
STE,STERIS plc (Ireland) Ordinary Shares,$226.87,0.38,0.168%,22317725970.00,United States,,733675,Health Care,Industrial Specialties
STEC,Santech Holdings Limited American Depositary Shares,$0.7013,-0.0077,-1.086%,58909200.00,China,2021,6156,Finance,Investment Managers
STEL,Stellar Bancorp Inc. Common Stock,$28.57,-0.96,-3.251%,1467145039.00,United States,,375434,Finance,Major Banks
STEM,Stem Inc. Class A Common Stock,$12.23,-0.79,-6.068%,101728394.00,United States,1992,313194,Miscellaneous,Industrial Machinery/Components
STEP,StepStone Group Inc. Class A Common Stock,$56.80,-2.56,-4.313%,6612562450.00,United States,2020,642516,Finance,Investment Managers
STEW,SRH Total Return Fund Inc. Common Stock,$17.62,-0.08,-0.452%,0.00,United States,,85446,Finance,Investment Managers
STFS,Star Fashion Culture Holdings Limited Class A Ordinary Shares,$2.12,0.02,0.952%,23002000.00,China,2024,1907525,Consumer Discretionary,Advertising
STG,Sunlands Technology Group American Depositary Shares representing Class A ordinary shares,$7.56,-1.64,-17.826%,102182835.00,,2018,40199,Real Estate,Other Consumer Services
STGW,Stagwell Inc. Class A Common Stock,$5.58,-0.15,-2.618%,1493669661.00,Canada,,2910624,Consumer Discretionary,Advertising
STHO,Star Holdings Shares of Beneficial Interest,$7.29,0.10,1.391%,97099534.00,United States,,54672,Real Estate,Real Estate
STI,Solidion Technology Inc. Common Stock,$3.49,-0.44,-11.196%,9482002.00,United States,2022,47382,Miscellaneous,Industrial Machinery/Components
STIM,Neuronetics Inc. Common Stock,$4.42,0.03,0.683%,290925920.00,United States,2018,657860,Health Care,Medical/Dental Instruments
STK,Columbia Seligman Premium Technology Growth Fund Inc,$30.58,-0.52,-1.672%,0.00,United States,2009,47279,Finance,Investment Managers
STKH,Steakholder Foods Ltd. American Depositary Shares,$0.8423,-0.0634,-7.00%,678378.00,Israel,2021,236495,Consumer Staples,Packaged Foods
STKL,SunOpta Inc. Common Stock,$5.70,-0.13,-2.23%,665992771.00,Canada,,1374280,Industrials,Farming/Seeds/Milling
STKS,The ONE Group Hospitality Inc. Common Stock,$2.96,-0.03,-1.003%,91472282.00,United States,,70297,Consumer Discretionary,Restaurants
STLA,Stellantis N.V. Common Shares,$8.79,-0.10,-1.125%,25319527132.00,United Kingdom,2014,14689886,Consumer Discretionary,Auto Manufacturing
STLD,Steel Dynamics Inc.,$122.37,-5.19,-4.069%,18166300806.00,United States,1996,1623327,Industrials,Steel/Iron Ore
STM,STMicroelectronics N.V. Common Stock,$25.06,-0.37,-1.455%,22508275724.00,Switzerland,,9384773,Technology,Semiconductors
STN,Stantec Inc Common Stock,$108.66,-0.70,-0.64%,12394519677.00,Canada,,182768,Consumer Discretionary,Military/Government/Technical
STNE,StoneCo Ltd. Class A Common Shares,$12.57,-0.21,-1.643%,3413284084.00,Brazil,2018,2837921,Technology,EDP Services
STNG,Scorpio Tankers Inc. Common Shares,$47.05,1.84,4.07%,2348573301.00,Monaco,2010,2243098,Consumer Discretionary,Marine Transportation
STOK,Stoke Therapeutics Inc. Common Stock,$12.91,0.06,0.467%,704846289.00,United States,2019,426811,Health Care,Biotechnology: Pharmaceutical Preparations
STR,Sitio Royalties Corp. Class A Common Stock,$17.64,-0.53,-2.917%,2662033261.00,United States,2022,859682,Energy,Oil & Gas Production
STRA,Strategic Education Inc. Common Stock,$74.88,0.735,0.991%,1789662551.00,United States,1996,225967,Real Estate,Other Consumer Services
STRC,MicroStrategy Incorporated Variable Rate Series A Perpetual Stretch Preferred Stock,$94.14,-0.34,-0.36%,26693674431.00,United States,,2690439,Technology,Computer Software: Prepackaged Software
STRD,MicroStrategy Incorporated 10.00% Series A Perpetual Stride Preferred Stock,$84.42,-0.98,-1.148%,23937539786.00,United States,,319575,Technology,Computer Software: Prepackaged Software
STRF,MicroStrategy Incorporated 10.00% Series A Perpetual Strife Preferred Stock,$117.41,-3.79,-3.127%,33291951507.00,United States,,336847,Technology,Computer Software: Prepackaged Software
STRK,MicroStrategy Incorporated 8.00% Series A Perpetual Strike Preferred Stock,$106.00,-5.21,-4.685%,30056612382.00,United States,,443727,Technology,Computer Software: Prepackaged Software
STRL,Sterling Infrastructure Inc. Common Stock,$263.05,-4.54,-1.697%,7999958409.00,United States,,815459,Industrials,Military/Government/Technical
STRM,Streamline Health Solutions Inc. Common Stock,$5.3182,0.0082,0.154%,23166409.00,United States,,1197,Technology,EDP Services
STRO,Sutro Biopharma Inc. Common Stock,$0.81,0.0047,0.584%,68413706.00,United States,2018,233544,Health Care,Biotechnology: Biological Products (No Diagnostic Substances)
STRR,Star Equity Holdings Inc. Common Stock,$2.0193,-0.0107,-0.527%,6480620.00,United States,2004,26397,Health Care,Biotechnology: Electromedical & Electrotherapeutic Apparatus
STRRP,Star Equity Holdings Inc. Series A Cumulative Perpetual Preferred Stock,$9.00,0.00,0.00%,28884060.00,United States,,1654,Health Care,Biotechnology: Electromedical & Electrotherapeutic Apparatus
STRS,Stratus Properties Inc. Common Stock,$15.75,-0.185,-1.161%,127142757.00,United States,,11233,Real Estate,Homebuilding
STRT,STRATTEC SECURITY CORPORATION Common Stock,$62.05,-1.41,-2.222%,258630853.00,United States,,69795,Consumer Discretionary,Auto Parts:O.E.M.
STRW,Strawberry Fields REIT Inc. Common Stock,$10.19,-0.07,-0.682%,126815518.00,,2023,18176,Real Estate,Real Estate Investment Trusts
STRZ,Starz Entertainment Corp. Common Shares,$14.27,-0.28,-1.924%,228887504.00,United States,,184317,Consumer Discretionary,Movies/Entertainment
STSS,Sharps Technology Inc. Common Stock,$4.83,0.05,1.046%,4922147.00,United States,2022,38530,Health Care,Medical/Dental Instruments
STSSW,Sharps Technology Inc. Warrant,$0.0255,0.0006,2.41%,25986.00,United States,2022,3500,Finance,Finance: Consumer Services
STT,State Street Corporation Common Stock,$108.59,-3.16,-2.828%,30967871247.00,United States,,1984159,Finance,Major Banks
STT^G,State Street Corporation Depositary shares each representing a 1/4000th ownership interest in a share of Fixed-to-Floating Rate Non-Cumulative,$22.48,-0.06,-0.266%,,United States,,20328,,
STTK,Shattuck Labs Inc. Common Stock,$0.732,-0.0296,-3.887%,35062244.00,United States,2020,79399,Health Care,Biotechnology: Pharmaceutical Preparations
STVN,Stevanato Group S.p.A. Ordinary Shares,$25.12,0.41,1.659%,7607404504.00,,2021,551582,Health Care,Medical/Dental Instruments
STWD,STARWOOD PROPERTY TRUST INC. Starwood Property Trust Inc.,$19.37,-0.09,-0.462%,6575240716.00,United States,2009,4459671,Real Estate,Real Estate Investment Trusts
STX,Seagate Technology Holdings PLC Ordinary Shares (Ireland),$154.81,-2.20,-1.401%,32853385447.00,Ireland,2002,3827317,Technology,Electronic Components
STXS,Stereotaxis Inc. Common Stock,$2.22,-0.05,-2.203%,190921885.00,United States,,521720,Health Care,Biotechnology: Electromedical & Electrotherapeutic Apparatus
STZ,Constellation Brands Inc. Common Stock,$166.18,-0.86,-0.515%,29296438209.00,United States,,1631069,Consumer Staples,Beverages (Production/Distribution)
SU,Suncor Energy  Inc. Common Stock,$39.04,-0.42,-1.064%,47924745258.00,Canada,,3938035,Energy,Integrated oil Companies
SUGP,SU Group Holdings Limited Ordinary Shares,$0.748,-0.022,-2.857%,10357930.00,Hong Kong,2024,95130,Consumer Discretionary,Diversified Commercial Services
SUI,Sun Communities Inc. Common Stock,$124.30,0.27,0.218%,15865858338.00,United States,1993,1558208,Real Estate,Real Estate Investment Trusts
SUN,Sunoco LP Common Units representing limited partner interests,$53.67,-1.64,-2.965%,8197715307.00,United States,2012,347843,Energy,Integrated oil Companies
SUNE,SUNation Energy Inc. Common Stock,$1.55,-0.05,-3.125%,5280252.00,United States,,68141,Utilities,Telecommunications Equipment
SUNS,Sunrise Realty Trust Inc. Common Stock,$9.87,-0.14,-1.399%,132470146.00,United States,,59980,Real Estate,Real Estate Investment Trusts
SUPN,Supernus Pharmaceuticals Inc. Common Stock,$35.505,0.405,1.154%,1987911565.00,United States,2012,858699,Health Care,Biotechnology: Pharmaceutical Preparations
SUPV,Grupo Supervielle S.A. American Depositary Shares each Representing five Class B shares,$9.95,-0.39,-3.772%,908877417.00,,2016,1256250,Finance,Commercial Banks
SUPX,Super X AI Technology Limited Ordinary Shares,$20.285,-1.745,-7.921%,399002988.00,Hong Kong,2024,300665,,
SURG,SurgePays Inc. Common Stock,$2.70,-0.05,-1.818%,55111182.00,United States,,124983,Consumer Discretionary,Advertising
SUUN,PowerBank Corporation Common Stock,$1.30,-0.03,-2.256%,45380550.00,Canada,,59182,Utilities,Power Generation
SUZ,Suzano S.A. American Depositary Shares (each representing One Ordinary Share),$9.31,0.04,0.431%,11768934996.00,Brazil,2018,2451359,Basic Materials,Paper
SVC,Service Properties Trust Common Stock,$2.59,-0.04,-1.521%,431587587.00,United States,,1589105,Real Estate,Real Estate Investment Trusts
SVCC,Stellar V Capital Corp. Class A Ordinary Shares,$10.27,0.0038,0.037%,0.00,United States,2025,1507,,
SVCCW,Stellar V Capital Corp. Warrant,$0.33,0.00,0.00%,0.00,United States,2025,4,Finance,Blank Checks
SVCO,Silvaco Group Inc. Common Stock,$4.40,-0.05,-1.124%,129295954.00,United States,2024,49003,Technology,Computer Software: Prepackaged Software
SVII,Spring Valley Acquisition Corp. II Class A Ordinary Shares,$12.1487,-0.0213,-0.175%,0.00,United States,2022,83127,Finance,Blank Checks
SVIIR,Spring Valley Acquisition Corp. II Rights,$0.2836,0.0036,1.286%,0.00,United States,2022,847954,,
SVIIU,Spring Valley Acquisition Corp. II Unit,$12.41,1.20,10.705%,0.00,United States,2022,1397,Finance,Blank Checks
SVIIW,Spring Valley Acquisition Corp. II Warrant,$0.4201,0.0301,7.718%,0.00,United States,2022,184275,Finance,Blank Checks
SVM,Silvercorp Metals Inc. Common Shares,$4.32,-0.05,-1.144%,941559984.00,Canada,,3952809,Basic Materials,Precious Metals
SVRA,Savara Inc. Common Stock,$2.59,0.00,0.00%,447647628.00,United States,,689441,Health Care,Biotechnology: Pharmaceutical Preparations
SVRE,SaverOne 2014 Ltd. American Depositary Shares,$1.98,-0.21,-9.589%,694774.00,Israel,2022,104705,Technology,EDP Services
SVV,Savers Value Village Inc. Common Stock,$11.47,1.06,10.183%,1805969439.00,United States,2023,2019627,Consumer Discretionary,Other Specialty Stores
SW,Smurfit WestRock plc Ordinary Shares,$44.35,-0.03,-0.068%,23153289774.00,,2024,4016515,Consumer Discretionary,Containers/Packaging
SWAG,Stran & Company Inc. Common Stock,$1.46,0.01,0.69%,27168276.00,United States,2021,12952,Consumer Discretionary,Advertising
SWAGW,Stran & Company Inc. Warrant,$0.0199,0.00,0.00%,370307.00,United States,2021,5,Consumer Discretionary,Advertising
SWBI,Smith & Wesson Brands Inc. Common Stock,$7.74,-0.21,-2.642%,342958936.00,United States,,1066780,Industrials,Ordnance And Accessories
SWIM,Latham Group Inc. Common Stock,$6.72,-0.06,-0.885%,781990312.00,United States,2021,846380,Industrials,Plastic Products
SWIN,Solowin Holdings Class A Ordinary Share,$3.99,-0.10,-2.445%,227773379.00,Hong Kong,2023,169388,Finance,Investment Bankers/Brokers/Service
SWK,Stanley Black & Decker Inc. Common Stock,$66.98,-0.67,-0.99%,10367984704.00,United States,,2193353,Consumer Discretionary,Industrial Machinery/Components
SWKH,SWK Holdings Corporation Common Stock,$14.79,-0.10,-0.672%,181467591.00,United States,,15847,Finance,Diversified Financial Services
SWKHL,SWK Holdings Corporation 9.00% Senior Notes due 2027,$25.50,0.0299,0.117%,312875157.00,United States,,428,,
SWKS,Skyworks Solutions Inc. Common Stock,$67.69,-0.85,-1.24%,10162241893.00,United States,,2727214,Technology,Semiconductors
SWVL,Swvl Holdings Corp Class A Common Shares,$3.79,-0.19,-4.774%,37515376.00,United Arab Emirates,,7402,Consumer Discretionary,Business Services
SWVLW,Swvl Holdings Corp Warrant,$0.0161,0.00,0.00%,159366.00,United Arab Emirates,,10,Consumer Discretionary,Business Services
SWX,Southwest Gas Holdings Inc. Common Stock (DE),$77.85,-0.29,-0.371%,5598401593.00,United States,,423496,Utilities,Oil & Gas Production
SWZ,Total Return Securities Fund Common Stock,$6.00,-0.16,-2.597%,0.00,United States,,93773,Finance,Finance Companies
SXC,SunCoke Energy Inc. Common Stock,$7.23,-0.16,-2.165%,612131630.00,United States,2011,1213685,Industrials,Steel/Iron Ore
SXI,Standex International Corporation Common Stock,$181.16,16.42,9.967%,2186892505.00,United States,,300484,Industrials,Industrial Machinery/Components
SXT,Sensient Technologies Corporation Common Stock,$111.71,-0.58,-0.517%,4743100587.00,United States,,488575,Industrials,Major Chemicals
SXTC,China SXT Pharmaceuticals Inc. Ordinary Shares,$1.70,0.14,8.974%,863267.00,China,2019,88794,Health Care,Biotechnology: Pharmaceutical Preparations
SXTP,60 Degrees Pharmaceuticals Inc. Common Stock,$1.33,-0.01,-0.746%,1958945.00,United States,2023,113714,Health Care,Biotechnology: Pharmaceutical Preparations
SXTPW,60 Degrees Pharmaceuticals Inc. Warrant,$0.0353,0.00,0.00%,51993.00,United States,2023,101,Health Care,Biotechnology: Pharmaceutical Preparations
SY,So-Young International Inc. American Depository Shares,$4.32,-0.13,-2.921%,435010811.00,China,2019,1361171,Technology,EDP Services
SYBT,Stock Yards Bancorp Inc. Common Stock,$73.58,-1.18,-1.578%,2168322766.00,United States,,143798,Finance,Major Banks
SYBX,Synlogic Inc. Common Stock,$1.48,-0.06,-3.896%,17310241.00,United States,2015,38062,Health Care,Biotechnology: Pharmaceutical Preparations
SYF,Synchrony Financial Common Stock,$67.53,-2.14,-3.072%,25125046216.00,United States,2014,5022692,Finance,Finance: Consumer Services
SYF^A,Synchrony Financial Depositary Shares each Representing a 1/40th Interest in a Share of 5.625% Fixed Rate Non-Cumulative Perpetual Preferred Stock Series A,$19.72,0.01,0.051%,,United States,,29467,,
SYF^B,Synchrony Financial Depositary Shares Each Representing a 1/40th Interest in a Share of 8.250% Fixed Rate Reset Non-Cumulative Perpetual Preferred Stock Series B,$25.8748,-0.0652,-0.251%,,United States,,27064,,
SYK,Stryker Corporation Common Stock,$377.79,-14.94,-3.804%,144378064348.00,United States,,3012252,Health Care,Medical/Dental Instruments
SYM,Symbotic Inc. Class A Common Stock,$50.85,-3.10,-5.746%,29981695959.00,United States,2021,2445778,Industrials,Industrial Machinery/Components
SYNA,Synaptics Incorporated Common Stock $0.001 Par Value,$60.47,-2.23,-3.557%,2330843845.00,United States,2002,569265,Technology,Semiconductors
SYNX,Silynxcom Ltd. Ordinary Shares,$1.68,-0.065,-3.725%,8882130.00,,2024,21594,Consumer Staples,Consumer Electronics/Appliances
SYPR,Sypris Solutions Inc. Common Stock,$1.90,0.02,1.064%,43662882.00,United States,,23463,Industrials,Industrial Machinery/Components
SYRE,Spyre Therapeutics Inc. Common Stock,$16.26,-0.71,-4.184%,981348902.00,United States,2016,551674,Health Care,Biotechnology: Pharmaceutical Preparations
SYTA,Siyata Mobile Inc. Common Shares,$3.73,0.43,13.03%,3605784.00,Canada,2020,1813743,Telecommunications,Telecommunications Equipment
SYTAW,Siyata Mobile Inc. Warrant,$0.09,-0.0087,-8.815%,87003.00,Canada,2020,72711,Telecommunications,Telecommunications Equipment
SYY,Sysco Corporation Common Stock,$79.88,0.28,0.352%,38721964278.00,United States,,2101301,Consumer Discretionary,Food Distributors
SZZL,Sizzle Acquisition Corp. II Class A ordinary shares,$10.085,0.00,0.00%,0.00,United States,2025,248,Finance,Blank Checks
SZZLU,Sizzle Acquisition Corp. II Unit,$10.26,0.00,0.00%,0.00,United States,2025,751,Finance,Blank Checks
T,AT&T Inc.,$27.75,0.34,1.24%,198423197070.00,United States,,38812984,Telecommunications,Telecommunications Equipment
T^A,AT&T Inc. Depositary Shares each representing a 1/1000th interest in a share of 5.000% Perpetual Preferred Stock Series A,$20.40,-0.05,-0.244%,,United States,,69163,,
T^C,AT&T Inc. Depositary Shares each representing a 1/1000th interest in a share of 4.750% Perpetual Preferred Stock Series C,$19.40,-0.10,-0.513%,,United States,,135599,,
TAC,TransAlta Corporation Ordinary Shares,$12.37,0.32,2.656%,3666468000.00,Canada,,1472286,Utilities,Electric Utilities: Central
TACH,Titan Acquisition Corp. Class A Ordinary Shares,$10.14,0.0048,0.047%,0.00,United States,2025,26903,,
TACHU,Titan Acquisition Corp. Units,$10.22,0.00,0.00%,0.00,United States,2025,755,Finance,Blank Checks
TACHW,Titan Acquisition Corp. Warrants,$0.25,-0.006,-2.344%,0.00,United States,2025,15426,,
TACO,Berto Acquisition Corp. Ordinary Shares,$10.47,0.005,0.048%,381550169.00,United States,2025,41721,Finance,Blank Checks
TACOU,Berto Acquisition Corp. Unit,$10.85,0.00,0.00%,0.00,United States,2025,6509,Finance,Blank Checks
TACOW,Berto Acquisition Corp. Warrant,$0.734,-0.016,-2.133%,0.00,United States,2025,4494,Finance,Blank Checks
TACT,TransAct Technologies Incorporated Common Stock,$3.84,0.096,2.564%,38709953.00,United States,1996,13556,Technology,Computer peripheral equipment
TAIT,Taitron Components Incorporated Class A Common Stock,$2.125,-0.015,-0.701%,12795008.00,United States,1995,11707,Technology,Electronic Components
TAK,Takeda Pharmaceutical Company Limited American Depositary Shares (each representing 1/2 of a share of Common Stock),$14.16,0.44,3.207%,44565757975.00,Japan,2018,6279125,Health Care,Biotechnology: Pharmaceutical Preparations
TAL,TAL Education Group American Depositary Shares,$10.64,-0.30,-2.742%,6490630771.00,China,,4848742,Real Estate,Other Consumer Services
TALK,Talkspace Inc. Common Stock,$2.31,-0.12,-4.938%,386497946.00,United States,2020,1854713,Health Care,Medical/Nursing Services
TALKW,Talkspace Inc. Warrant,$0.07,-0.002,-2.778%,11712059.00,United States,2020,38405,Health Care,Medical/Nursing Services
TALO,Talos Energy Inc. Common Stock,$7.94,-0.61,-7.135%,1416933859.00,United States,2018,2573323,Energy,Oil & Gas Production
TANH,Tantech Holdings Ltd. Common Shares,$1.95,-0.06,-2.985%,2648761.00,China,2015,113267,Industrials,Major Chemicals
TAOP,Taoping Inc. Ordinary Shares ,$4.06,0.28,7.407%,3613400.00,Hong Kong,,22903,Technology,Computer Software: Prepackaged Software
TAOX,Tao Synergies Inc. Common Stock,$5.99,-0.34,-5.371%,13948853.00,United States,,235063,Health Care,Biotechnology: Pharmaceutical Preparations
TAP,Molson Coors Beverage Company Class B Common Stock,$48.21,-0.51,-1.047%,9275631962.00,Canada,,3089493,Consumer Staples,Beverages (Production/Distribution)
TARA,Protara Therapeutics Inc.  Common Stock,$3.06,-0.04,-1.29%,118060501.00,United States,2014,301874,Health Care,Biotechnology: Biological Products (No Diagnostic Substances)
TARS,Tarsus Pharmaceuticals Inc. Common Stock,$40.81,1.99,5.126%,1714601012.00,United States,2020,1062693,Health Care,Biotechnology: Biological Products (No Diagnostic Substances)
TASK,TaskUs Inc. Class A Common Stock,$17.03,-0.05,-0.293%,1513464530.00,United States,2021,254706,Technology,EDP Services
TATT,TAT Technologies Ltd. Ordinary Shares,$34.38,-0.085,-0.247%,376129508.00,Israel,,175452,Industrials,Aerospace
TAVI,Tavia Acquisition Corp. Ordinary Shares,$10.27,0.00,0.00%,0.00,United States,2024,9,Finance,Blank Checks
TAVIR,Tavia Acquisition Corp. Right,$0.17,-0.0001,-0.059%,0.00,United States,2024,15699,Finance,Blank Checks
TAYD,Taylor Devices Inc. Common Stock,$44.38,-0.72,-1.596%,139207989.00,United States,,4175,Industrials,Industrial Machinery/Components
TBB,AT&T Inc. 5.350% Global Notes due 2066,$23.02,-0.16,-0.69%,164601873750.00,United States,2017,50617,Telecommunications,Telecommunications Equipment
TBBB,BBB Foods Inc. Class A Common Shares,$25.50,-0.02,-0.078%,2926553528.00,Mexico,2024,481572,Consumer Staples,Food Chains
TBBK,The Bancorp Inc Common Stock,$62.49,-0.67,-1.061%,2918892090.00,United States,2004,1104532,Finance,Major Banks
TBCH,Turtle Beach Corporation Common Stock,$14.00,-0.54,-3.714%,282049614.00,United States,,187569,Telecommunications,Telecommunications Equipment
TBH,Brag House Holdings Inc. Common Stock,$1.22,0.07,6.087%,13203557.00,United States,2025,149423,Consumer Discretionary,Services-Misc. Amusement & Recreation
TBHC,The Brand House Collective Inc. Common Stock,$1.23,-0.14,-10.219%,27627501.00,United States,2002,260498,Consumer Discretionary,Other Specialty Stores
TBI,TrueBlue Inc. Common Stock,$6.65,-0.57,-7.895%,198595760.00,United States,,218873,Consumer Discretionary,Professional Services
TBLA,Taboola.com Ltd. Ordinary Shares,$3.18,-0.03,-0.935%,1022067474.00,Israel,,1311337,Technology,Computer Software: Programming Data Processing
TBLAW,Taboola.com Ltd. Warrant,$0.1591,0.00,0.00%,51135514.00,Israel,,54,Technology,Computer Software: Programming Data Processing
TBLD,Thornburg Income Builder Opportunities Trust Common Stock,$19.465,-0.025,-0.128%,624473853.00,United States,2021,59926,Finance,Investment Managers
TBMC,Trailblazer Merger Corporation I Class A Common Stock,$11.61,-0.05,-0.429%,0.00,United States,2023,6012,Finance,Blank Checks
TBN,Tamboran Resources Corporation Common stock,$19.99,0.00,0.00%,290590112.00,,2024,14649,Energy,Oil & Gas Production
TBPH,Theravance Biopharma Inc. Ordinary Shares,$10.90,-0.26,-2.33%,545014519.00,Cayman Islands,,202568,Health Care,Biotechnology: Pharmaceutical Preparations
TBRG,TruBridge Inc. Common Stock,$20.54,-0.28,-1.345%,308580184.00,United States,2002,114535,Technology,EDP Services
TC,Token Cat Limited American Depositary Shares,$0.6501,-0.0299,-4.397%,2061604.00,China,2018,41712,Consumer Discretionary,Business Services
TCBI,Texas Capital Bancshares Inc. Common Stock,$80.92,-3.05,-3.632%,3702506495.00,United States,2003,657977,Finance,Major Banks
TCBIO,Texas Capital Bancshares Inc. Depositary Shares 5.75% Fixed Rate Non-Cumulative Perpetual Preferred Stock Series B,$20.41,-0.17,-0.826%,933862550.00,United States,,15641,Finance,Major Banks
TCBK,TriCo Bancshares Common Stock,$40.26,-0.86,-2.091%,1322880996.00,United States,,95010,Finance,Major Banks
TCBS,Texas Community Bancshares Inc. Common Stock,$16.01,-0.09,-0.559%,48712859.00,United States,2021,27769,Finance,Banks
TCBX,Third Coast Bancshares Inc. Common Stock,$36.35,-1.30,-3.453%,502840055.00,United States,2021,96219,Finance,Banks
TCI,Transcontinental Realty Investors Inc. Common Stock,$39.78,-1.22,-2.976%,343671990.00,United States,,3118,Real Estate,Real Estate Investment Trusts
TCMD,Tactile Systems Technology Inc. Common Stock,$9.65,-0.33,-3.307%,224346606.00,United States,2016,236597,Health Care,Medical/Dental Instruments
TCOM,Trip.com Group Limited American Depositary Shares,$60.63,-1.32,-2.131%,39607803572.00,China,2003,2202205,Consumer Discretionary,Business Services
TCPC,BlackRock TCP Capital Corp. Common Stock,$7.13,-0.04,-0.558%,606319493.00,United States,2012,494662,Finance,Finance/Investors Services
TCRT,Alaunos Therapeutics Inc. Common Stock,$2.74,-0.11,-3.86%,4492288.00,United States,,7272,Health Care,Biotechnology: Pharmaceutical Preparations
TCRX,TScan Therapeutics Inc. Common Stock,$1.62,-0.12,-6.897%,91676816.00,United States,2021,462376,Health Care,Biotechnology: Biological Products (No Diagnostic Substances)
TCX,Tucows Inc. Class A Common Stock,$16.51,-0.72,-4.179%,182552919.00,Canada,,29086,Technology,EDP Services
TD,Toronto Dominion Bank (The) Common Stock,$72.55,-0.33,-0.453%,124965778900.00,Canada,,3761245,Finance,Commercial Banks
TDAC,Translational Development Acquisition Corp. Ordinary Shares,$10.35,0.00,0.00%,0.00,United States,2025,5,,
TDACW,Translational Development Acquisition Corp. Warrants,$0.2462,0.00,0.00%,0.00,United States,2025,60,,
TDC,Teradata Corporation Common Stock,$20.11,-0.82,-3.918%,1922516000.00,United States,,1223057,Technology,Computer Software: Prepackaged Software
TDF,Templeton Dragon Fund Inc. Common Stock,$10.10,-0.12,-1.174%,0.00,United States,,82211,Finance,Finance/Investors Services
TDG,Transdigm Group Incorporated Common Stock,$1585.00,-23.46,-1.459%,89024829725.00,United States,2006,322685,Industrials,Military/Government/Technical
TDIC,Dreamland Limited Class A Ordinary Shares,$3.50,-0.15,-4.11%,112000000.00,Hong Kong,2025,50638,Consumer Discretionary,Other Consumer Services
TDOC,Teladoc Health Inc. Common Stock,$6.94,-0.27,-3.745%,1226233194.00,United States,2015,8692424,Health Care,Medical/Nursing Services
TDS,Telephone and Data Systems Inc. Common Shares,$38.03,-1.01,-2.587%,4335420000.00,United States,,1488797,Telecommunications,Telecommunications Equipment
TDS^U,Telephone and Data Systems Inc. Depositary Shares Each Representing a 1/1000th Interest in a 6.625% Series UU Cumulative Redeemable Perpetual Preferred Stock,$21.59,0.39,1.84%,,United States,,33966,,
TDS^V,Telephone and Data Systems Inc. Depositary Shares Each Representing a 1/1000th Interest in a 6.000% Series VV Cumulative Redeemable Perpetual Preferred Stock,$18.97,0.53,2.874%,,United States,,47290,,
TDTH,Trident Digital Tech Holdings Ltd American Depository Shares,$1.28,-0.19,-12.925%,98458286.00,Singapore,2024,1075989,Consumer Discretionary,Business Services
TDUP,ThredUp Inc. Class A Common Stock,$8.47,0.21,2.542%,1001553860.00,United States,2021,3340135,Consumer Discretionary,Catalog/Specialty Distribution
TDW,Tidewater Inc. Common Stock,$47.53,-2.48,-4.959%,2351608587.00,United States,2017,930685,Consumer Discretionary,Marine Transportation
TDY,Teledyne Technologies Incorporated Common Stock,$544.69,-6.33,-1.149%,25539695976.00,United States,,446277,Industrials,Industrial Machinery/Components
TE,T1 Energy Inc. Common Stock,$1.16,-0.03,-2.521%,180888187.00,Luxembourg,2021,998875,Miscellaneous,Industrial Machinery/Components
TEAD,Teads Holding Co. Common Stock,$2.46,-0.07,-2.767%,231978226.00,United States,2021,301548,Technology,Computer Software: Programming Data Processing
TEAF,Tortoise Sustainable and Social Impact Term Fund Common shares of beneficial interest,$12.06,-0.09,-0.741%,162702992.00,,2019,44207,Finance,Trusts Except Educational Religious and Charitable
TEAM,Atlassian Corporation Class A Common Stock,$182.96,-8.82,-4.599%,48028067938.00,Australia,2015,1944162,Technology,Computer Software: Prepackaged Software
TECH,Bio-Techne Corp Common Stock,$54.89,0.16,0.292%,8604956823.00,United States,,1771181,Health Care,Biotechnology: Biological Products (No Diagnostic Substances)
TECK,Teck Resources Ltd Ordinary Shares,$31.61,-0.85,-2.619%,15741780000.00,Canada,,4353222,Industrials,Mining & Quarrying of Nonmetallic Minerals (No Fuels)
TECTP,Tectonic Financial Inc. 9.00% Fixed-to-Floating Rate Series B Non-Cumulative Perpetual Preferred Stock,$11.20,0.34,3.131%,75897931.00,United States,2019,14487,Finance,Major Banks
TECX,Tectonic Therapeutic Inc. Common Stock,$20.73,-1.46,-6.58%,387081112.00,United States,2018,388883,Health Care,Biotechnology: Biological Products (No Diagnostic Substances)
TEF,Telefonica SA Common Stock,$5.22,0.08,1.556%,29598243312.00,Spain,1988,337433,Telecommunications,Telecommunications Equipment
TEI,Templeton Emerging Markets Income Fund Inc. Common Stock,$5.94,-0.02,-0.336%,0.00,United States,1993,180783,Finance,Finance Companies
TEL,TE Connectivity plc Ordinary Shares,$201.93,-3.82,-1.857%,59666577478.00,Ireland,,2931353,Technology,Electronic Components
TELA,TELA Bio Inc. Common Stock,$1.86,0.16,9.412%,73572280.00,United States,2019,96274,Health Care,Medical/Dental Instruments
TELO,Telomir Pharmaceuticals Inc. Common Stock,$1.76,-0.11,-5.882%,52382301.00,United States,2024,477249,Health Care,Biotechnology: Pharmaceutical Preparations
TEM,Tempus AI Inc. Class A Common Stock,$54.89,-1.70,-3.004%,9502350688.00,United States,2024,6561718,Technology,Computer Software: Programming Data Processing
TEN,Tsakos Energy Navigation Ltd Common Shares,$19.45,0.15,0.777%,585981878.00,Greece,,260008,Consumer Discretionary,Marine Transportation
TEN^E,Tsakos Energy Navigation Ltd Series E Fixed-to-Floating Rate Cumulative Redeemable Perpetual Preferred Shares par value $1.00,$26.43,0.26,0.994%,,Greece,,11958,,
TEN^F,Tsakos Energy Navigation Ltd Series F Fixed-to-Floating Rate Cumulative Redeemable Perpetual Preferred Shares par value $1.00,$26.3208,0.0708,0.27%,,Greece,,10267,,
TENB,Tenable Holdings Inc. Common Stock,$30.57,-0.74,-2.363%,3734757412.00,United States,2018,1722086,Technology,Computer Software: Prepackaged Software
TENX,Tenax Therapeutics Inc. Common Stock,$6.22,-0.02,-0.321%,25803639.00,United States,,10281,Health Care,Biotechnology: Pharmaceutical Preparations
TEO,Telecom Argentina SA,$9.09,-0.15,-1.623%,3915404802.00,Argentina,,144831,Telecommunications,Telecommunications Equipment
TER,Teradyne Inc. Common Stock,$104.16,-3.27,-3.044%,16709377094.00,United States,,4812227,Industrials,Electrical Products
TERN,Terns Pharmaceuticals Inc. Common Stock,$5.47,-0.36,-6.175%,477737771.00,United States,2021,1266741,Health Care,Biotechnology: Pharmaceutical Preparations
TEVA,Teva Pharmaceutical Industries Limited American Depositary Shares,$15.38,-0.07,-0.453%,17643181103.00,Israel,,14134557,Health Care,Biotechnology: Pharmaceutical Preparations
TEX,Terex Corporation Common Stock,$48.96,-1.90,-3.736%,3211776000.00,United States,,1479762,Industrials,Construction/Ag Equipment/Trucks
TFC,Truist Financial Corporation Common Stock,$42.96,-0.75,-1.716%,56257793765.00,United States,,8456064,Finance,Major Banks
TFC^I,Truist Financial Corporation Depositary Shares,$20.81,0.08,0.386%,,United States,,20628,,
TFC^O,Truist Financial Corporation Depositary Shares Each Representing a 1/1000th Interest in a Share of Series O Non-Cumulative Perpetual Preferred Stock,$21.71,0.00,0.00%,,United States,,19833,,
TFC^R,Truist Financial Corporation Depositary Shares each representing 1/1000th interest in a share of Series R Non-Cumulative Perpetual Preferred Stock,$19.42,0.05,0.258%,,United States,,43931,,
TFII,TFI International Inc. Common Shares,$85.15,-2.02,-2.317%,7150195109.00,Canada,,456644,Industrials,Trucking Freight/Courier Services
TFIN,Triumph Financial Inc. Common Stock,$54.75,-1.97,-3.473%,1299440497.00,United States,2014,244625,Finance,Major Banks
TFINP,Triumph Financial Inc. Depositary Shares Each Representing a 1/40th Interest in a Share of 7.125% Series C Fixed-Rate Non-Cumulative Perpetual Preferred Stock,$22.2999,0.1738,0.785%,529267454.00,United States,,6299,Finance,Major Banks
TFPM,Triple Flag Precious Metals Corp. Common Shares,$23.04,0.22,0.964%,4627024658.00,Canada,2022,608418,Industrials,Precious Metals
TFSA,Terra Income Fund 6 LLC 7.00% Notes due 2026,$25.10,0.00,0.00%,211816114.00,,2021,20,,
TFSL,TFS Financial Corporation Common Stock,$12.83,-0.28,-2.136%,3603138043.00,United States,2007,572747,Finance,Savings Institutions
TFX,Teleflex Incorporated Common Stock,$115.89,-3.61,-3.021%,5121061472.00,United States,,642835,Health Care,Medical/Dental Instruments
TG,Tredegar Corporation Common Stock,$8.40,-0.31,-3.559%,293342473.00,United States,,124504,Industrials,Metal Fabrications
TGB,Taseko Mines Ltd. Common Stock,$3.08,0.01,0.326%,972896072.00,Canada,,4298846,Basic Materials,Precious Metals
TGE,The Generation Essentials Group Class A Ordinary Shares,$5.28,-0.225,-4.087%,224172664.00,,2025,23036,Consumer Discretionary,Newspapers/Magazines
TGEN,Tecogen Inc. Common Stock,$9.18,-0.50,-5.165%,231880071.00,,2025,975331,Industrials,Industrial Machinery/Components
TGL,Treasure Global Inc. Common Stock,$0.9336,-0.043,-4.403%,2479027.00,United States,2022,345470,Consumer Discretionary,Business Services
TGLS,Tecnoglass Inc. Ordinary Shares,$75.50,-2.53,-3.242%,3547633864.00,Colombia,2022,432420,Consumer Discretionary,Electronic Components
TGNA,TEGNA Inc,$16.07,-0.63,-3.772%,2582841253.00,United States,,1558707,Industrials,Broadcasting
TGS,Transportadora de Gas del Sur SA TGS Common Stock,$28.30,-0.40,-1.394%,4260627600.00,Argentina,,171208,Utilities,Natural Gas Distribution
TGT,Target Corporation Common Stock,$99.77,-0.73,-0.726%,45332085943.00,United States,,5020395,Consumer Discretionary,Department/Specialty Retail Stores
TGTX,TG Therapeutics Inc. Common Stock,$35.02,-0.48,-1.352%,5559601361.00,United States,,2317469,Health Care,Biotechnology: Pharmaceutical Preparations
TH,Target Hospitality Corp. Common Stock,$7.43,-0.16,-2.108%,738279840.00,United States,2018,209211,Consumer Discretionary,Hotels/Resorts
THAR,Tharimmune Inc. Common Stock,$1.24,-0.005,-0.402%,3299301.00,United States,2022,17180,Health Care,Biotechnology: Pharmaceutical Preparations
THC,Tenet Healthcare Corporation Common Stock,$158.09,-3.19,-1.978%,13967409590.00,United States,,1057700,Health Care,Hospital/Nursing Management
THCH,TH International Limited Ordinary shares,$2.91,0.17,6.204%,96738824.00,China,,9572,Consumer Discretionary,Restaurants
THFF,First Financial Corporation Common Stock,$52.44,-1.11,-2.073%,621447824.00,United States,,59396,Finance,Major Banks
THG,Hanover Insurance Group Inc,$168.83,-2.80,-1.631%,6063746059.00,United States,,412993,Finance,Property-Casualty Insurers
THM,International Tower Hill Mines Ltd. Ordinary Shares (Canada),$1.13,-0.01,-0.877%,234910584.00,Canada,,258458,Basic Materials,Metal Mining
THO,Thor Industries Inc. Common Stock,$91.31,0.32,0.352%,4858017794.00,United States,,732726,Industrials,Homebuilding
THQ,abrdn Healthcare Opportunities Fund Shares of Beneficial Interest,$16.21,-0.14,-0.856%,0.00,United States,2014,347833,Finance,Finance Companies
THR,Thermon Group Holdings Inc. Common Stock,$27.41,-0.87,-3.076%,906961952.00,United States,2011,144895,Energy,Industrial Machinery/Components
THRM,Gentherm Inc Common Stock,$31.81,-0.23,-0.718%,970835665.00,United States,,321242,Consumer Discretionary,Auto Parts:O.E.M.
THRY,Thryv Holdings Inc. Common Stock,$12.13,-1.03,-7.827%,532947198.00,United States,,797015,Consumer Discretionary,Advertising
THS,Treehouse Foods Inc. Common Stock,$19.50,0.28,1.457%,984750000.00,United States,,976615,Consumer Staples,Packaged Foods
THTX,Theratechnologies Inc. Common Shares,$3.16,0.01,0.317%,145296860.00,Canada,,709739,Health Care,Biotechnology: Pharmaceutical Preparations
THW,abrdn World Healthcare Fund Shares of Beneficial Interest,$10.84,0.09,0.837%,0.00,United States,2015,155432,Finance,Finance Companies
TIC,Acuren Corporation Common Stock,$11.03,-0.06,-0.541%,1339882651.00,,2025,5567810,Consumer Discretionary,Business Services
TIGO,Millicom International Cellular S.A. Common Stock,$40.35,0.20,0.498%,6944085907.00,Luxembourg,,704342,Telecommunications,Telecommunications Equipment
TIGR,UP Fintech Holding Ltd American Depositary Share representing fifteen Class A Ordinary Shares,$9.40,-0.39,-3.984%,1756821441.00,China,2019,4264075,Finance,Investment Bankers/Brokers/Service
TIL,Instil Bio Inc. Common Stock,$22.23,-1.77,-7.375%,145827177.00,United States,2021,336247,Health Care,Biotechnology: Biological Products (No Diagnostic Substances)
TILE,Interface Inc. Common Stock,$24.61,3.99,19.35%,1442408293.00,United States,,1189049,Consumer Discretionary,Home Furnishings
TIMB,TIM S.A. American Depositary Shares (Each representing 5 Common Shares) ,$18.80,0.42,2.285%,9102224544.00,Brazil,2020,309624,Telecommunications,Telecommunications Equipment
TIPT,Tiptree Inc. Common Stock,$20.26,-0.52,-2.502%,759753383.00,United States,,102818,Finance,Property-Casualty Insurers
TIRX,TIAN RUIXIANG Holdings Ltd Class A Ordinary Shares,$0.9719,-0.0481,-4.716%,9886090.00,China,2021,52716,Finance,Specialty Insurers
TISI,Team Inc. Common Stock,$17.34,0.91,5.539%,77915400.00,United States,,8625,Consumer Discretionary,Other Consumer Services
TITN,Titan Machinery Inc. Common Stock,$18.86,-0.46,-2.381%,435374971.00,United States,2007,173173,Consumer Discretionary,Other Specialty Stores
TIVC,Tivic Health Systems Inc. Common Stock,$3.22,-0.23,-6.667%,2828258.00,United States,2021,34532,Health Care,Biotechnology: Electromedical & Electrotherapeutic Apparatus
TIXT,TELUS International (Cda) Inc. Subordinate Voting Shares,$3.68,-0.09,-2.387%,1010050792.00,,2021,1819317,Technology,EDP Services
TJX,TJX Companies Inc. (The) Common Stock,$126.00,1.47,1.18%,140567568624.00,United States,,4855353,Consumer Discretionary,Clothing/Shoe/Accessory Stores
TK,Teekay Corporation Ltd. Common Stock,$7.23,0.03,0.417%,603990860.00,Bermuda,,808301,Consumer Discretionary,Marine Transportation
TKC,Turkcell Iletisim Hizmetleri AS Common Stock,$5.59,-0.03,-0.534%,4919200000.00,Turkey,,801570,Telecommunications,Telecommunications Equipment
TKLF,Tokyo Lifestyle Co. Ltd. American Depositary Shares,$3.70,-0.2102,-5.376%,15661290.00,Japan,2022,2870,Consumer Discretionary,Other Specialty Stores
TKNO,Alpha Teknova Inc. Common Stock,$4.24,-0.28,-6.195%,226589034.00,United States,2021,244061,Health Care,Biotechnology: In Vitro & In Vivo Diagnostic Substances
TKO,TKO Group Holdings Inc. Class A Common Stock,$165.61,-2.40,-1.428%,32775225909.00,United States,2023,675724,Consumer Discretionary,Services-Misc. Amusement & Recreation
TKR,Timken Company (The) Common Stock,$73.50,-2.59,-3.404%,5118760794.00,United States,,1003143,Industrials,Metal Fabrications
TLF,Tandy Leather Factory Inc. Common Stock,$3.522,0.032,0.917%,29981215.00,United States,,16205,Consumer Discretionary,Apparel
TLIH,Ten-League International Holdings Limited Ordinary Shares,$0.60,0.00,0.00%,0.00,Singapore,2025,1996429,,
TLK,PT Telekomunikasi Indonesia Tbk,$17.84,0.24,1.364%,17672699441.00,Indonesia,,876896,Telecommunications,Telecommunications Equipment
TLN,Talen Energy Corporation Common Stock,$378.01,0.44,0.117%,17203151938.00,United States,,1548721,Utilities,Electric Utilities: Central
TLPH,Talphera Inc. Common Stock,$0.4024,-0.0156,-3.732%,8250594.00,United States,2011,80436,Health Care,Biotechnology: Pharmaceutical Preparations
TLRY,Tilray Brands Inc. Common Stock ,$0.5687,-0.0122,-2.10%,573921233.00,United States,2018,20443222,Health Care, Medicinal Chemicals and Botanical Products 
TLS,Telos Corporation Common Stock,$2.48,-0.09,-3.502%,182242106.00,United States,2020,750508,Technology,EDP Services
TLSA,Tiziana Life Sciences Ltd. Common Shares,$2.38,-0.12,-4.80%,265281028.00,United Kingdom,2018,864249,Health Care,Biotechnology: Pharmaceutical Preparations
TLSI,TriSalus Life Sciences Inc. Common Stock,$4.18,-0.05,-1.182%,158166861.00,United States,2021,60247,Health Care,Medical Specialities
TLSIW,TriSalus Life Sciences Inc. Warrant,$2.17,0.02,0.93%,82110548.00,United States,2021,501,Health Care,Medical Specialities
TLX,Telix Pharmaceuticals Limited American Depositary Shares,$13.05,-0.54,-3.974%,4368154529.00,Australia,,55378,Health Care,Biotechnology: Pharmaceutical Preparations
TLYS,Tilly's Inc. Common Stock,$1.70,-0.09,-5.028%,51258242.00,United States,2012,117582,Consumer Discretionary,Clothing/Shoe/Accessory Stores
TM,Toyota Motor Corporation Common Stock,$179.69,0.72,0.402%,234476219037.00,Japan,,475638,Consumer Discretionary,Auto Manufacturing
TMC,TMC the metals company Inc. Common Stock,$5.87,-0.07,-1.178%,2126031832.00,Canada,,17228941,Basic Materials,Metal Mining
TMCI,Treace Medical Concepts Inc. Common Stock,$5.34,-0.03,-0.559%,335912444.00,United States,2021,365581,Health Care,Medical/Dental Instruments
TMCWW,TMC the metals company Inc. Warrants,$1.50,0.2307,18.175%,543279003.00,Canada,,410043,Basic Materials,Metal Mining
TMDE,TMD Energy Limited Ordinary Shares,$0.8755,-0.033,-3.632%,20631158.00,,2025,48964,Energy,Oil Refining/Marketing
TMDX,TransMedics Group Inc. Common Stock,$120.55,1.58,1.328%,4109592416.00,United States,2019,1775299,Health Care,Biotechnology: Electromedical & Electrotherapeutic Apparatus
TME,Tencent Music Entertainment Group American Depositary Shares each representing two Class A Ordinary Shares,$20.54,-0.45,-2.144%,31814498512.00,United States,2018,4721905,Consumer Discretionary,Broadcasting
TMHC,Taylor Morrison Home Corporation Common Stock,$61.71,2.43,4.099%,6099614181.00,United States,2013,1392083,Consumer Discretionary,Homebuilding
TMO,Thermo Fisher Scientific Inc Common Stock,$463.04,-4.64,-0.992%,174794781012.00,United States,,2756840,Industrials,Industrial Machinery/Components
TMP,Tompkins Financial Corporation Common Stock,$62.80,-1.88,-2.907%,906483711.00,United States,1997,59870,Finance,Major Banks
TMQ,Trilogy Metals Inc. Common Stock,$1.59,0.02,1.274%,261143842.00,Canada,,414887,Basic Materials,Precious Metals
TMUS,T-Mobile US Inc. Common Stock,$237.20,-1.21,-0.508%,266949395814.00,United States,,3480455,Telecommunications,Telecommunications Equipment
TNC,Tennant Company Common Stock,$81.11,-1.43,-1.732%,1512985872.00,United States,,99275,Industrials,Industrial Machinery/Components
TNDM,Tandem Diabetes Care Inc. Common Stock,$15.40,-0.18,-1.155%,1025750972.00,United States,2013,1385256,Health Care,Medical/Dental Instruments
TNET,TriNet Group Inc. Common Stock,$63.30,-4.51,-6.651%,3075742759.00,United States,2014,809231,Consumer Discretionary,Business Services
TNFA,TNF Pharmaceuticals Inc. Common Stock,$0.101,-0.0081,-7.424%,1432593.00,United States,2014,45658347,Health Care,Biotechnology: In Vitro & In Vivo Diagnostic Substances
TNGX,Tango Therapeutics Inc.,$6.53,0.49,8.113%,707814061.00,United States,2020,5244150,Health Care,Biotechnology: Pharmaceutical Preparations
TNK,Teekay Tankers Ltd.,$42.60,0.25,0.59%,1464680953.00,Bermuda,2007,863672,Consumer Discretionary,Marine Transportation
TNL,Travel   Leisure Co. Common  Stock,$58.41,-0.84,-1.418%,3791999221.00,United States,,813270,Consumer Discretionary,Hotels/Resorts
TNMG,TNL Mediagene Ordinary Shares,$0.4154,-0.0186,-4.286%,11749645.00,Taiwan,,196763,,
TNON,Tenon Medical Inc. Common Stock,$1.46,0.44,43.137%,11081356.00,United States,2022,235353963,Health Care,Medical/Dental Instruments
TNONW,Tenon Medical Inc. Warrant,$0.0202,0.0022,12.222%,153317.00,United States,,937123,Health Care,Medical/Dental Instruments
TNXP,Tonix Pharmaceuticals Holding Corp. Common Stock,$39.01,1.33,3.53%,285735377.00,United States,,1271979,Health Care,Biotechnology: Pharmaceutical Preparations
TNYA,Tenaya Therapeutics Inc. Common Stock,$0.6706,-0.0054,-0.799%,109084444.00,United States,2021,1576461,Health Care,Biotechnology: Biological Products (No Diagnostic Substances)
TOI,The Oncology Institute Inc. Common Stock,$3.73,0.06,1.635%,332843238.00,United States,2020,1582015,Health Care,Medical/Nursing Services
TOIIW,The Oncology Institute Inc. Warrant,$0.11,0.01,10.00%,9815752.00,United States,2020,4253,Health Care,Medical/Nursing Services
TOL,Toll Brothers Inc. Common Stock,$121.91,3.55,2.999%,11969245710.00,United States,,1672221,Consumer Discretionary,Homebuilding
TOMZ,TOMI Environmental Solutions Inc. Common Stock,$0.9735,0.0035,0.361%,19484802.00,United States,,8994,Industrials,Major Chemicals
TOON,Kartoon Studios Inc. Common Stock,$0.653,-0.0397,-5.731%,31209299.00,United States,,208716,Consumer Discretionary,Movies/Entertainment
TOP,TOP Financial Group Limited Class A Ordinary Shares,$1.12,-0.03,-2.609%,41470398.00,Hong Kong,2022,64896,Finance,Investment Bankers/Brokers/Service
TOPP,Toppoint Holdings Inc. Common Stock,$2.11,-0.06,-2.765%,36925000.00,,2025,9257,Industrials,Trucking Freight/Courier Services
TOPS,TOP Ships Inc. Common Stock,$5.88,0.11,1.906%,27202038.00,Greece,,23365,Consumer Discretionary,Marine Transportation
TORO,Toro Corp. Common Stock,$2.93,-0.06,-2.007%,55944989.00,Cyprus,,53543,Consumer Discretionary,Marine Transportation
TOST,Toast Inc. Class A Common Stock,$46.66,-2.18,-4.464%,27016140000.00,United States,2021,8978022,Technology,EDP Services
TOUR,Tuniu Corporation American Depositary Shares,$0.776,-0.0017,-0.219%,90036475.00,China,2014,146690,Consumer Discretionary,Transportation Services
TOVX,Theriva Biologics Inc. Common Stock,$0.4331,-0.0131,-2.936%,3545785.00,United States,,1150835,Health Care,Biotechnology: Pharmaceutical Preparations
TOWN,TowneBank Common Stock,$34.49,-0.54,-1.542%,2573551712.00,United States,,256403,Finance,Major Banks
TOYO,TOYO Co. Ltd Ordinary Shares,$6.10,0.43,7.584%,284234032.00,Japan,,98792,Consumer Discretionary,Miscellaneous manufacturing industries
TPB,Turning Point Brands Inc. Common Stock,$80.96,-1.98,-2.387%,1449261317.00,United States,2016,495470,Consumer Discretionary,Tobacco
TPC,Tutor Perini Corporation Common Stock,$45.65,-2.50,-5.192%,2405870860.00,United States,1970,695258,Consumer Discretionary,General Bldg Contractors - Nonresidential Bldgs
TPCS,TechPrecision Corporation Common stock,$4.813,0.513,11.93%,47059281.00,United States,,135181,Industrials,Metal Fabrications
TPET,Trio Petroleum Corp. Common Stock,$1.1785,0.0285,2.478%,8865265.00,,2023,221732,Energy,Oil & Gas Production
TPG,TPG Inc. Class A Common Stock,$55.84,-1.23,-2.155%,20636624798.00,United States,2022,1328442,Finance,Investment Managers
TPGXL,TPG Operating Group II L.P. 6.950% Fixed-Rate Junior Subordinated Notes due 2064,$25.63,-0.35,-1.347%,9350484613.00,United States,,10571,,
TPH,Tri Pointe Homes Inc. Common Stock,$32.01,1.21,3.929%,2801083417.00,United States,2013,2130199,Consumer Discretionary,Homebuilding
TPIC,TPI Composites Inc. Common Stock,$0.7516,-0.0303,-3.875%,36565351.00,United States,2016,300624,Industrials,Industrial Machinery/Components
TPL,Texas Pacific Land Corporation Common Stock,$934.80,-33.33,-3.443%,21488552345.00,United States,,95314,Energy,Oil & Gas Production
TPR,Tapestry Inc. Common Stock,$106.31,-1.72,-1.592%,22079539528.00,United States,,4508869,Consumer Discretionary,Apparel
TPST,Tempest Therapeutics Inc. Common Stock,$7.49,0.26,3.596%,27581386.00,United States,,29162,Health Care,Biotechnology: Pharmaceutical Preparations
TPTA,Terra Property Trust Inc. 6.00% Notes due 2026,$21.90,0.395,1.837%,533017311.00,,2021,2606,Real Estate,Real Estate Investment Trusts
TPVG,TriplePoint Venture Growth BDC Corp. Common Stock,$6.79,-0.09,-1.308%,273180909.00,United States,2014,187088,Consumer Discretionary,Other Consumer Services
TR,Tootsie Roll Industries Inc. Common Stock,$37.55,-0.38,-1.002%,2740647957.00,United States,,220952,Consumer Staples,Specialty Foods
TRAK,ReposiTrak Inc. Common Stock,$16.13,-0.35,-2.124%,294798009.00,United States,,90815,Technology,EDP Services
TRAW,Traws Pharma Inc. Common Stock,$1.46,-0.08,-5.195%,8123900.00,United States,2013,64363,Health Care,Biotechnology: Pharmaceutical Preparations
TRC,Tejon Ranch Co Common Stock,$17.88,-0.08,-0.445%,480635391.00,United States,2000,165596,Finance,Real Estate
TRDA,Entrada Therapeutics Inc. Common Stock,$5.80,-0.08,-1.361%,220129819.00,United States,2021,315725,Health Care,Biotechnology: Pharmaceutical Preparations
TREE,LendingTree Inc. Common Stock,$49.47,2.79,5.977%,669585503.00,United States,,641222,Finance,Finance: Consumer Services
TREX,Trex Company Inc. Common Stock,$63.42,-0.82,-1.276%,6800339384.00,United States,,1525275,Basic Materials,Forest Products
TRGP,Targa Resources Inc. Common Stock,$162.92,-3.49,-2.097%,35342538468.00,United States,2010,1760898,Utilities,Natural Gas Distribution
TRI,Thomson Reuters Corporation Common Shares,$201.08,0.17,0.085%,90582202302.00,United States,,1278984,Consumer Discretionary,Publishing
TRIB,Trinity Biotech plc American Depositary Shares,$0.7044,0.0185,2.697%,13124394.00,Ireland,1992,149116,Health Care,Biotechnology: In Vitro & In Vivo Diagnostic Substances
TRIN,Trinity Capital Inc. Common Stock,$14.91,-0.08,-0.534%,963943443.00,United States,2021,796727,Finance,Finance: Consumer Services
TRINI,Trinity Capital Inc. 7.875% Notes Due 2029,$25.34,-0.05,-0.197%,1638251297.00,United States,,7566,Finance,Finance: Consumer Services
TRINZ,Trinity Capital Inc. 7.875% Notes due 2029,$25.30,0.01,0.04%,1635665265.00,United States,,2722,Finance,Finance: Consumer Services
TRIP,TripAdvisor Inc. Common Stock,$16.21,-1.28,-7.318%,1914273006.00,United States,,3544492,Technology,Computer Software: Programming Data Processing
TRMB,Trimble Inc. Common Stock,$82.64,-1.25,-1.49%,19716822986.00,United States,1990,2156247,Industrials,Industrial Machinery/Components
TRMD,TORM plc Class A Common Stock,$18.41,0.01,0.054%,1800756679.00,United Kingdom,,599766,Consumer Discretionary,Marine Transportation
TRMK,Trustmark Corporation Common Stock,$36.56,-0.69,-1.852%,2211060398.00,United States,,419302,Finance,Major Banks
TRML,Tourmaline Bio Inc. Common Stock,$21.76,-0.37,-1.672%,558981303.00,United States,2021,226846,Health Care,Biotechnology: Biological Products (No Diagnostic Substances)
TRN,Trinity Industries Inc. Common Stock,$24.16,0.86,3.691%,1971769186.00,United States,,1308450,Industrials,Railroads
TRNO,Terreno Realty Corporation Common Stock,$54.27,-1.22,-2.199%,5607395488.00,United States,2010,961730,Finance,Real Estate
TRNR,Interactive Strength Inc. Common Stock,$4.23,-0.10,-2.309%,4428150.00,United States,2023,75960,Technology,Consumer Electronics/Appliances
TRNS,Transcat Inc. Common Stock,$74.55,-1.88,-2.46%,694633193.00,United States,,63573,Industrials,Electrical Products
TRON,Tron Inc. Common Stock,$7.57,-0.91,-10.731%,130534128.00,United States,2023,2510506,Consumer Discretionary,Recreational Games/Products/Toys
TROO,TROOPS Inc. Ordinary Shares ,$0.729,-0.006,-0.816%,82019911.00,China,,58596,Finance,Diversified Financial Services
TROW,T. Rowe Price Group Inc. Common Stock,$103.06,1.61,1.587%,22705776029.00,United States,1986,3037789,Finance,Investment Bankers/Brokers/Service
TROX,Tronox Holdings plc Ordinary Shares (UK),$3.40,0.21,6.583%,538772500.00,United States,,13461640,Industrials,Major Chemicals
TRP,TC Energy Corporation Common Stock,$48.37,0.49,1.023%,50271923588.00,Canada,,1357521,Utilities,Natural Gas Distribution
TRS,TriMas Corporation Common Stock,$34.92,-0.81,-2.267%,1419203345.00,United States,2007,510743,Industrials,Industrial Specialties
TRSG,Tungray Technologies Inc Class A Ordinary Shares,$1.7151,-0.0248,-1.425%,28047862.00,Singapore,2024,1057,Industrials,Industrial Machinery/Components
TRST,TrustCo Bank Corp NY Common Stock,$33.05,-0.51,-1.52%,628602704.00,United States,,115250,Finance,Major Banks
TRT,Trio-Tech International Common Stock,$5.47,0.03,0.551%,23591043.00,United States,1998,547,Technology,Industrial Machinery/Components
TRTN^A,Triton International Limited 8.50% Series A Cumulative Redeemable Perpetual  Preference Shares,$26.10,0.11,0.423%,,United States,,2196,,
TRTN^B,Triton International Limited 8.00% Series B Cumulative Redeemable Perpetual Preference Shares,$25.20,-0.02,-0.079%,,United States,,3497,,
TRTN^C,Triton International Limited 7.375% Series C Cumulative Redeemable Perpetual Preference Shares,$24.37,0.11,0.453%,,United States,,6368,,
TRTN^D,Triton International Limited 6.875% Series D Cumulative Redeemable Perpetual Preference Shares,$22.40,0.09,0.403%,,United States,,3008,,
TRTN^E,Triton International Limited 5.75% Series E Cumulative Redeemable Perpetual Preference Shares,$19.58,0.12,0.617%,,United States,,1794,,
TRTN^F,Triton International Limited 7.625% Series F Cumulative Redeemable Perpetual Preference Shares,$24.97,-0.10,-0.399%,,United States,,9931,,
TRTX,TPG RE Finance Trust Inc. Common Stock,$8.67,-0.03,-0.345%,681380346.00,United States,2017,687030,Real Estate,Real Estate Investment Trusts
TRTX^C,TPG RE Finance Trust Inc. 6.25% Series C Cumulative Redeemable Preferred Stock $0.001 par value per share,$17.72,-0.25,-1.391%,,United States,,3530,,
TRU,TransUnion Common Stock,$92.05,-3.14,-3.299%,17931340000.00,United States,2015,1760132,Finance,Finance: Consumer Services
TRUE,TrueCar Inc. Common Stock,$1.75,-0.08,-4.372%,153433644.00,United States,2014,289608,Technology,Computer Software: Programming Data Processing
TRUG,TruGolf Holdings Inc. Class A Common Stock,$5.14,-0.32,-5.861%,5194772.00,United States,2021,104456,Consumer Discretionary,Recreational Games/Products/Toys
TRUP,Trupanion Inc. Common Stock,$46.21,-1.20,-2.531%,1977033622.00,United States,,551932,Health Care,Medical Specialities
TRV,The Travelers Companies Inc. Common Stock,$258.32,-1.92,-0.738%,58156573807.00,United States,,1076945,Finance,Property-Casualty Insurers
TRVG,trivago N.V. American Depositary Shares,$3.94,-0.01,-0.253%,277010782.00,Germany,2016,44889,Technology,EDP Services
TRVI,Trevi Therapeutics Inc. Common Stock,$7.33,-0.075,-1.013%,745789142.00,United States,2019,1575525,Health Care,Biotechnology: Pharmaceutical Preparations
TRX,TRX Gold Corporation Common Stock,$0.3494,-0.0026,-0.739%,98839468.00,Canada,,322703,Basic Materials,Precious Metals
TS,Tenaris S.A. American Depositary Shares,$34.66,-0.28,-0.801%,18790437087.00,Luxembourg,,2107517,Industrials,Steel/Iron Ore
TSAT,Telesat Corporation Class A Common Shares and Class B Variable Voting Shares ,$23.49,-0.39,-1.633%,335907000.00,Canada,,150775,Industrials,Metal Fabrications
TSBK,Timberland Bancorp Inc. Common Stock,$30.97,-0.32,-1.023%,244702642.00,United States,,19464,Finance,Banks
TSBX,Turnstone Biologics Corp. Common Stock,$0.3502,-0.0033,-0.934%,8103750.00,United States,2023,82535,Health Care,Biotechnology: Biological Products (No Diagnostic Substances)
TSCO,Tractor Supply Company Common Stock,$57.63,0.68,1.194%,30555595029.00,United States,1994,5505282,Consumer Discretionary,RETAIL: Building Materials
TSE,Trinseo PLC Ordinary Shares ,$2.56,-0.11,-4.12%,91264796.00,United States,2014,263598,Industrials,Major Chemicals
TSEM,Tower Semiconductor Ltd. Ordinary Shares,$44.67,-1.08,-2.361%,4992168349.00,Israel,1994,876662,Technology,Semiconductors
TSHA,Taysha Gene Therapies Inc. Common Stock,$2.63,-0.10,-3.663%,564560310.00,United States,2020,2993036,Health Care,Biotechnology: Biological Products (No Diagnostic Substances)
TSI,TCW Strategic Income Fund Inc. Common Stock,$4.92,0.00,0.00%,0.00,United States,,89221,Finance,Investment Managers
TSLA,Tesla Inc. Common Stock,$302.63,-5.64,-1.83%,976117597278.00,United States,2010,88833075,Consumer Discretionary,Auto Manufacturing
TSLX,Sixth Street Specialty Lending Inc. Common Stock,$23.91,-0.37,-1.524%,2253286721.00,,2014,583375,Finance,Investment Managers
TSM,Taiwan Semiconductor Manufacturing Company Ltd.,$235.21,-6.41,-2.653%,1219927637076.00,Taiwan,1997,13531344,Technology,Semiconductors
TSN,Tyson Foods Inc. Common Stock,$52.53,0.23,0.44%,18712992139.00,United States,,4368793,Consumer Staples,Meat/Poultry/Fish
TSQ,Townsquare Media Inc. Class A Common Stock,$6.85,-0.04,-0.581%,112007816.00,United States,2014,64189,Consumer Discretionary,Broadcasting
TSSI,TSS Inc. Common Stock,$27.09,-0.11,-0.404%,677805291.00,United States,,2829557,Consumer Discretionary,Professional Services
TT,Trane Technologies plc,$439.25,1.17,0.267%,97739871441.00,Ireland,,1527422,Industrials,Auto Parts:O.E.M.
TTAM,Titan America SA Common Shares,$13.80,-0.55,-3.833%,2544202017.00,,2025,604562,Industrials,Mining & Quarrying of Nonmetallic Minerals (No Fuels)
TTAN,ServiceTitan Inc. Class A Common Stock,$113.79,-2.92,-2.502%,10317436363.00,United States,2024,439102,Technology,Computer Software: Prepackaged Software
TTC,Toro Company (The) Common Stock,$72.97,-1.28,-1.724%,7201064298.00,United States,,670940,Consumer Discretionary,Tools/Hardware
TTD,The Trade Desk Inc. Class A Common Stock,$86.08,-0.88,-1.012%,42303040628.00,United States,2016,9974016,Technology,Computer Software: Programming Data Processing
TTE,TotalEnergies SE,$59.16,-0.39,-0.655%,132172335238.00,France,,1644439,Energy,Oil & Gas Production
TTEC,TTEC Holdings Inc. Common Stock,$3.09,-1.89,-37.952%,147804551.00,United States,1996,2640380,Consumer Discretionary,Professional Services
TTEK,Tetra Tech Inc. Common Stock,$35.88,-0.86,-2.341%,9454473970.00,United States,1991,2565022,Consumer Discretionary,Military/Government/Technical
TTGT,TechTarget Inc. Common Stock,$6.81,-0.43,-5.939%,486840090.00,United States,,531050,Telecommunications,Telecommunications Equipment
TTI,Tetra Technologies Inc. Common Stock,$3.86,-0.24,-5.854%,514459735.00,United States,,2761564,Energy,Oil & Gas Production
TTMI,TTM Technologies Inc. Common Stock,$43.34,-3.91,-8.275%,4404658719.00,United States,2000,5240685,Technology,Electrical Products
TTNP,Titan Pharmaceuticals Inc. Common Stock,$3.99,-0.06,-1.481%,3647794.00,United States,,2118,Health Care,Biotechnology: Biological Products (No Diagnostic Substances)
TTSH,Tile Shop Holdings Inc. Common Stock,$6.32,0.01,0.158%,282693120.00,United States,,50139,Consumer Discretionary,Home Furnishings
TTWO,Take-Two Interactive Software Inc. Common Stock,$220.58,-2.15,-0.965%,39136386207.00,United States,1997,1396330,Technology,Computer Software: Prepackaged Software
TU,Telus Corporation Ordinary Shares,$15.60,-0.50,-3.106%,23618400000.00,Canada,,5098545,Telecommunications,Telecommunications Equipment
TURB,Turbo Energy S.A. American Depositary Shares,$2.3028,0.0266,1.169%,25370270.00,Spain,2023,3244,Miscellaneous,Industrial Machinery/Components
TURN,180 Degree Capital Corp. Common Stock,$4.2725,-0.0075,-0.175%,42725602.00,United States,,7099,Finance,Finance/Investors Services
TUSK,Mammoth Energy Services Inc. Common Stock,$2.54,-0.06,-2.308%,122243517.00,United States,2016,68363,Energy,Oilfield Services/Equipment
TUYA,Tuya Inc. American Depositary Shares each representing one Class A Ordinary Share,$2.29,-0.10,-4.184%,1396263263.00,China,2021,980006,Technology,Computer Software: Prepackaged Software
TV,Grupo Televisa S.A.B. Common Stock,$2.72,-0.08,-2.857%,5195200000.00,Mexico,1993,1842747,Industrials,Broadcasting
TVA,Texas Ventures Acquisition III Corp Class A Ordinary Share,$10.11,-0.03,-0.296%,0.00,United States,2025,3527,,
TVACU,Texas Ventures Acquisition III Corp Unit,$10.23,0.00,0.00%,0.00,United States,2025,390,Finance,Blank Checks
TVACW,Texas Ventures Acquisition III Corp Warrants,$0.2284,-0.0015,-0.652%,0.00,United States,2025,1951,,
TVAI,Thayer Ventures Acquisition Corporation II Class A Ordinary Shares,$10.00,0.00,0.00%,0.00,United States,2025,16899,,
TVAIR,Thayer Ventures Acquisition Corporation II Rights,$0.15,-0.01,-6.25%,0.00,United States,2025,800,,
TVC,Tennessee Valley Authority Common Stock,$23.81,-0.08,-0.335%,0.00,United States,,9064,Utilities,Electric Utilities: Central
TVE,Tennessee Valley Authority,$23.385,0.055,0.236%,0.00,United States,,14259,Utilities,Electric Utilities: Central
TVGN,Tevogen Bio Holdings Inc. Common Stock,$0.9999,0.0106,1.071%,193677063.00,United States,2022,380837,Health Care,Biotechnology: Biological Products (No Diagnostic Substances)
TVGNW,Tevogen Bio Holdings Inc. Warrant,$0.0586,-0.0031,-5.024%,11350435.00,United States,2022,43687,Health Care,Biotechnology: Biological Products (No Diagnostic Substances)
TVRD,Tvardi Therapeutics Inc. Common Stock,$26.20,0.24,0.924%,245255685.00,United States,2014,22180,Health Care,Biotechnology: Pharmaceutical Preparations
TVTX,Travere Therapeutics Inc. Common Stock,$15.63,0.18,1.165%,1388019305.00,United States,,764859,Health Care,Biotechnology: Pharmaceutical Preparations
TW,Tradeweb Markets Inc. Class A Common Stock,$137.04,-1.51,-1.09%,32403027695.00,United States,2019,1163868,Finance,Investment Bankers/Brokers/Service
TWFG,TWFG Inc. Class A Common Stock,$29.37,-1.50,-4.859%,1646938727.00,United States,2024,58435,Finance,Specialty Insurers
TWG,Top Wealth Group Holding Limited Class A Ordinary Shares,$8.10,-1.55,-16.062%,5039998.00,Hong Kong,2024,32001,Consumer Staples,Packaged Foods
TWI,Titan International Inc. (DE) Common Stock,$8.48,0.02,0.236%,540211684.00,United States,,544485,Industrials,Steel/Iron Ore
TWIN,Twin Disc Incorporated Common Stock,$8.86,0.21,2.428%,125348276.00,United States,,44451,Industrials,Industrial Machinery/Components
TWLO,Twilio Inc. Class A Common Stock,$121.16,-7.84,-6.078%,18568296077.00,United States,2016,2801487,Technology,Computer Software: Prepackaged Software
TWN,Taiwan Fund Inc. (The) Common Stock,$46.12,0.335,0.732%,0.00,United States,1986,8445,Finance,Trusts Except Educational Religious and Charitable
TWNP,Twin Hospitality Group Inc. Class A Common Stock,$3.64,-0.11,-2.933%,182612506.00,United States,,45512,Consumer Discretionary,Restaurants
TWO,Two Harbors Investment Corp,$9.78,0.03,0.308%,1018415390.00,United States,,2463337,Real Estate,Real Estate Investment Trusts
TWO^A,Two Harbors Investments Corp 8.125% Series A Fixed-to-Floating Rate Cumulative Redeemable Preferred Stock ($25.00 liquidation preference per share),$23.17,-0.01,-0.043%,,United States,,7470,,
TWO^B,Two Harbors Investments Corp 7.625% Series B Fixed-to-Floating Rate Cumulative Redeemable Preferred Stock,$23.02,-0.18,-0.776%,,United States,,5855,,
TWO^C,Two Harbors Investments Corp 7.25% Series C Fixed-to-Floating Rate Cumulative Redeemable Preferred Stock,$23.80,0.04,0.168%,,United States,,40051,,
TWOD,Two Harbors Investments Corp 9.375% Senior Notes due 2030,$25.57,-0.45,-1.729%,0.00,United States,2025,14610,Real Estate,Real Estate Investment Trusts
TWST,Twist Bioscience Corporation Common Stock,$33.68,0.11,0.328%,2017975629.00,United States,2018,1382859,Health Care,Biotechnology: Biological Products (No Diagnostic Substances)
TX,Ternium S.A. Ternium S.A. American Depositary Shares (each representing ten shares USD1.00 par value),$31.95,-0.63,-1.934%,6405155291.00,Luxembourg,,212041,Industrials,Steel/Iron Ore
TXG,10x Genomics Inc. Class A Common Stock,$13.08,-0.37,-2.751%,1610589450.00,United States,2019,2650226,Industrials,Biotechnology: Laboratory Analytical Instruments
TXMD,TherapeuticsMD Inc. Common Stock,$1.11,-0.01,-0.893%,12847542.00,United States,,9135,Health Care,Biotechnology: Pharmaceutical Preparations
TXN,Texas Instruments Incorporated Common Stock,$180.86,-0.20,-0.11%,164426548385.00,United States,,6622486,Technology,Semiconductors
TXNM,TXNM Energy Inc. Common Stock,$56.70,-0.09,-0.158%,5253784295.00,United States,,1152772,Utilities,Electric Utilities: Central
TXO,TXO Partners L.P. Common Units Representing Limited Partner Interests,$14.97,-0.23,-1.513%,619273346.00,United States,2023,171869,Energy,Oil & Gas Production
TXRH,Texas Roadhouse Inc. Common Stock,$182.97,-2.16,-1.167%,12138532249.00,United States,2004,1110707,Consumer Discretionary,Restaurants
TXT,Textron Inc. Common Stock,$77.23,-0.54,-0.694%,13762794933.00,United States,,1357920,Industrials,Aerospace
TY,Tri Continental Corporation Common Stock,$32.24,-0.44,-1.346%,1752274144.00,United States,,63448,Finance,Finance Companies
TY^,Tri Continental Corporation Preferred Stock,$44.40,0.88,2.022%,,United States,,265,,
TYG,Tortoise Energy Infrastructure Corporation Common Stock,$43.30,-0.04,-0.092%,516478200.00,United States,2004,58468,Finance,Investment Managers
TYGO,Tigo Energy Inc. Common Stock,$1.31,-0.01,-0.758%,81241374.00,United States,2021,799746,Technology,Semiconductors
TYL,Tyler Technologies Inc. Common Stock,$581.65,-2.91,-0.498%,25163231787.00,United States,,594905,Technology,Computer Software: Prepackaged Software
TYRA,Tyra Biosciences Inc. Common Stock,$10.37,-0.56,-5.124%,551455756.00,United States,2021,283932,Health Care,Biotechnology: Pharmaceutical Preparations
TZOO,Travelzoo Common Stock,$9.47,-0.52,-5.205%,105070389.00,United States,,211835,Consumer Discretionary,Advertising
TZUP,Thumzup Media Corporation Common Stock,$12.69,-0.21,-1.628%,120666596.00,United States,,70273,Technology,EDP Services
U,Unity Software Inc. Common Stock,$31.83,-1.53,-4.586%,13231560009.00,United States,2020,10262134,Technology,Computer Software: Prepackaged Software
UA,Under Armour Inc. Class C Common Stock,$6.19,-0.11,-1.746%,2637684824.00,United States,2016,2427989,Consumer Discretionary,Apparel
UAA,Under Armour Inc. Class A Common Stock,$6.57,-0.07,-1.054%,2799610548.00,United States,,8419209,Consumer Discretionary,Apparel
UAL,United Airlines Holdings Inc. Common Stock,$84.57,-3.74,-4.235%,27378023190.00,United States,,7303179,Consumer Discretionary,Air Freight/Delivery Services
UAMY,United States Antimony Corporation Common Stock,$2.96,-0.10,-3.268%,349051994.00,United States,,3593511,Industrials,Metal Fabrications
UAN,CVR Partners LP Common Units representing Limited Partner Interests,$95.68,0.95,1.003%,1011302868.00,United States,2011,47056,Industrials,Agricultural Chemicals
UAVS,AgEagle Aerial Systems Inc. Common Stock,$1.92,-0.09,-4.478%,26737396.00,United States,,4485806,Industrials,Aerospace
UBCP,United Bancorp Inc. Common Stock,$14.05,-0.01,-0.071%,81405855.00,United States,,561,Finance,Major Banks
UBER,Uber Technologies Inc. Common Stock,$86.91,-0.84,-0.957%,181743419397.00,United States,2019,15722496,Consumer Discretionary,Business Services
UBFO,United Security Bancshares Common Stock,$8.34,-0.21,-2.456%,145749231.00,United States,,24148,Finance,Major Banks
UBS,UBS Group AG Registered Ordinary Shares,$36.67,-0.66,-1.768%,234802936468.00,Switzerland,2014,3697642,Finance,Major Banks
UBSI,United Bankshares Inc. Common Stock,$35.03,-0.49,-1.38%,4976347228.00,United States,,782593,Finance,Major Banks
UBXG,U-BX Technology Ltd. Ordinary Shares,$2.94,-0.105,-3.448%,5457375.00,China,2024,5229,Technology,Computer Software: Programming Data Processing
UCAR,U Power Limited Class A Ordinary Shares,$2.02,0.03,1.508%,8928109.00,China,2023,39426,Consumer Discretionary,Auto Parts:O.E.M.
UCB,United Community Banks Inc. Common Stock,$29.91,-0.59,-1.934%,3634043525.00,United States,2024,828541,Finance,Major Banks
UCB^I,United Community Banks Inc. Depositary Shares each representing 1/1000th interest in a share of Series I Non-Cumulative Preferred Stock,$24.97,0.32,1.298%,,United States,,19606,,
UCL,uCloudlink Group Inc. American Depositary Shares,$2.552,0.002,0.078%,96038507.00,Hong Kong,2020,42179,Consumer Discretionary,Telecommunications Equipment
UCTT,Ultra Clean Holdings Inc. Common Stock,$22.30,-0.22,-0.977%,1011170486.00,United States,2004,545023,Technology,Semiconductors
UDMY,Udemy Inc. Common Stock,$7.27,-0.34,-4.468%,1081276646.00,United States,2021,2627443,Real Estate,Other Consumer Services
UDR,UDR Inc. Common Stock,$38.67,-0.62,-1.578%,12811210055.00,United States,,4145087,Real Estate,Real Estate Investment Trusts
UE,Urban Edge Properties Common Shares of Beneficial Interest,$19.03,-0.69,-3.499%,2393804614.00,United States,2015,1994494,Finance,Real Estate
UEC,Uranium Energy Corp. Common Stock,$8.67,0.00,0.00%,3852507104.00,Canada,,13418258,Basic Materials,Other Metals and Minerals
UEIC,Universal Electronics Inc. Common Stock,$6.28,0.21,3.46%,82707581.00,United States,1993,47481,Consumer Staples,Consumer Electronics/Appliances
UFCS,United Fire Group Inc. Common Stock,$26.11,-0.44,-1.657%,664522268.00,United States,,102768,Finance,Property-Casualty Insurers
UFG,Uni-Fuels Holdings Limited Class A Ordinary Shares,$2.83,-0.025,-0.876%,91734450.00,Singapore,2025,3627543,Energy,Oil Refining/Marketing
UFI,Unifi Inc. New Common Stock,$4.48,-0.06,-1.322%,82255770.00,United States,,29811,Consumer Discretionary,Textiles
UFPI,UFP Industries Inc. Common Stock,$97.73,-0.27,-0.276%,5902392307.00,United States,1993,371757,Basic Materials,Forest Products
UFPT,UFP Technologies Inc. Common Stock,$226.57,0.18,0.08%,1746135340.00,United States,1993,110703,Health Care,Medical/Dental Instruments
UG,United-Guardian Inc. Common Stock,$8.01,0.21,2.692%,36800495.00,United States,,4764,Consumer Discretionary,Package Goods/Cosmetics
UGI,UGI Corporation Common Stock,$36.05,-0.13,-0.359%,7730609874.00,United States,,1185143,Utilities,Natural Gas Distribution
UGP,Ultrapar Participacoes S.A. (New) American Depositary Shares (Each representing one Common Share),$3.06,0.00,0.00%,3311142135.00,Brazil,,2859863,Utilities,Oil/Gas Transmission
UGRO,urban-gro Inc. Common Stock,$0.395,-0.0192,-4.635%,5015140.00,United States,,318179,Consumer Discretionary,Industrial Specialties
UHAL,U-Haul Holding Company Common Stock,$57.11,-0.75,-1.296%,11198007727.00,United States,2022,140102,Consumer Discretionary,Rental/Leasing Companies
UHG,United Homes Group Inc Class A Common Stock,$3.94,0.19,5.067%,230893409.00,United States,2021,79478,Consumer Discretionary,Homebuilding
UHGWW,United Homes Group Inc. Warrant,$1.0953,0.0353,3.33%,64187196.00,United States,2021,4199,Consumer Discretionary,Homebuilding
UHS,Universal Health Services Inc. Common Stock,$162.98,-3.47,-2.085%,10502495414.00,United States,,1130466,Health Care,Hospital/Nursing Management
UHT,Universal Health Realty Income Trust Common Stock,$38.60,-0.19,-0.49%,534668170.00,United States,,68343,Real Estate,Real Estate Investment Trusts
UI,Ubiquiti Inc. Common Stock,$427.15,-8.32,-1.911%,25838835302.00,United States,,104715,Technology,Radio And Television Broadcasting And Communications Equipment
UIS,Unisys Corporation New Common Stock,$3.91,-0.22,-5.327%,277872349.00,United States,,1083725,Technology,EDP Services
UK,Ucommune International Ltd Ordinary Shares,$1.0198,-0.0002,-0.02%,2161846.00,United States,2019,16468,Consumer Discretionary,Business Services
UKOMW,Ucommune International Ltd Warrant expiring 11/17/2025,$0.0062,0.00,0.00%,13143.00,United States,2019,101,Consumer Discretionary,Business Services
UL,Unilever PLC Common Stock,$60.47,2.04,3.491%,148259050612.00,United Kingdom,,2718559,Consumer Discretionary,Package Goods/Cosmetics
ULBI,Ultralife Corporation Common Stock,$7.73,-0.24,-3.011%,128572819.00,United States,1992,53399,Miscellaneous,Industrial Machinery/Components
ULCC,Frontier Group Holdings Inc. Common Stock,$3.97,-0.41,-9.361%,904225283.00,United States,2021,4304151,Consumer Discretionary,Air Freight/Delivery Services
ULH,Universal Logistics Holdings Inc. Common Stock,$22.66,-1.27,-5.307%,596711173.00,United States,2005,34216,Industrials,Trucking Freight/Courier Services
ULS,UL Solutions Inc. Class A Common Stock,$71.90,-1.22,-1.668%,14415874433.00,United States,2024,1092738,Health Care,Precision Instruments
ULTA,Ulta Beauty Inc. Common Stock,$507.73,-7.28,-1.414%,22820232027.00,United States,2007,609772,Consumer Discretionary,Other Specialty Stores
ULY,Urgent.ly Inc. Common Stock,$4.40,-0.47,-9.651%,5477252.00,United States,,44138,Technology,EDP Services
UMAC,Unusual Machines Inc. Common Stock,$8.84,-0.40,-4.329%,219498703.00,United States,2024,2305277,Technology,Radio And Television Broadcasting And Communications Equipment
UMBF,UMB Financial Corporation Common Stock,$108.39,-1.60,-1.455%,8228810442.00,United States,,855112,Finance,Major Banks
UMBFO,UMB Financial Corporation Depositary Shares Each Representing a 1/400th Interest in a Share of 7.750% Fixed-Rate Reset Non-Cumulative Perpetual Preferred Stock Series B,$26.24,0.04,0.153%,1992102463.00,United States,,62009,Finance,Major Banks
UMC,United Microelectronics Corporation (NEW) Common Stock,$6.81,-0.03,-0.439%,17107695744.00,Taiwan,,11873102,Technology,Semiconductors
UMH,UMH Properties Inc. Common Stock,$16.23,-0.05,-0.307%,1364542638.00,United States,1994,569437,Real Estate,Real Estate Investment Trusts
UMH^D,UMH Properties Inc. 6.375% Series D Cumulative Redeemable Preferred Stock Liquidation Preference $25 per share,$22.40,-0.01,-0.045%,,United States,,3024,,
UNB,Union Bankshares Inc. Common Stock,$26.64,-0.57,-2.095%,120908304.00,United States,,5343,Finance,Major Banks
UNCY,Unicycive Therapeutics Inc. Common Stock,$4.20,-0.14,-3.226%,50664298.00,United States,2021,373225,Health Care,Biotechnology: Pharmaceutical Preparations
UNF,Unifirst Corporation Common Stock,$169.98,-1.05,-0.614%,3151925882.00,United States,,142703,Consumer Discretionary,Other Consumer Services
UNFI,United Natural Foods Inc. Common Stock,$27.01,-0.63,-2.279%,1635875073.00,United States,2019,962679,Consumer Discretionary,Food Distributors
UNH,UnitedHealth Group Incorporated Common Stock (DE),$237.77,-11.79,-4.724%,215690782657.00,United States,,39891787,Health Care,Medical Specialities
UNIT,Uniti Group Inc. Common Stock,$4.91,-0.41,-7.707%,1205176292.00,United States,,3669697,Real Estate,Real Estate Investment Trusts
UNM,Unum Group Common Stock,$69.73,-2.08,-2.897%,11875942225.00,United States,,2993829,Finance,Accident &Health Insurance
UNMA,Unum Group 6.250% Junior Subordinated Notes due 2058,$23.41,-0.05,-0.213%,3987032948.00,United States,2018,7613,Finance,Accident &Health Insurance
UNP,Union Pacific Corporation Common Stock,$219.40,-2.57,-1.158%,130113780320.00,United States,,4637311,Industrials,Railroads
UNTY,Unity Bancorp Inc. Common Stock,$47.85,-1.26,-2.566%,479989044.00,United States,,84730,Finance,Major Banks
UOKA,MDJM LTD Ordinary Share,$2.49,-0.10,-3.861%,2660966.00,China,2019,58536,Finance,Real Estate
UONE,Urban One Inc. Class A Common Stock,$1.55,-0.03,-1.899%,70785274.00,United States,,10704,Consumer Discretionary,Broadcasting
UONEK,Urban One Inc. Class D Common Stock,$0.6535,-0.0135,-2.024%,29843985.00,United States,,16839,Consumer Discretionary,Broadcasting
UP,Wheels Up Experience Inc. Class A Common Stock,$1.35,-0.06,-4.255%,943480204.00,Singapore,2020,454580,Consumer Discretionary,Transportation Services
UPB,Upstream Bio Inc. Common Stock,$15.54,0.23,1.502%,835954145.00,United States,2024,514108,Health Care,Biotechnology: Pharmaceutical Preparations
UPBD,Upbound Group Inc. Common Stock,$20.72,0.085,0.412%,1198145064.00,United States,,1725252,Consumer Discretionary,Diversified Commercial Services
UPC,Universe Pharmaceuticals Inc. Ordinary Shares,$3.48,-0.0573,-1.62%,1960416.00,China,2021,11942,Health Care,Biotechnology: Pharmaceutical Preparations
UPLD,Upland Software Inc. Common Stock,$2.25,0.20,9.756%,64089628.00,United States,2014,446322,Technology,Computer Software: Prepackaged Software
UPS,United Parcel Service Inc. Common Stock,$84.50,-1.66,-1.927%,71554414607.00,United States,1999,11260914,Industrials,Trucking Freight/Courier Services
UPST,Upstart Holdings Inc. Common stock,$79.22,-2.52,-3.083%,7537375651.00,United States,2020,6831852,Finance,Finance: Consumer Services
UPWK,Upwork Inc. Common Stock,$11.75,-0.21,-1.756%,1546181431.00,United States,2018,3980341,Technology,EDP Services
UPXI,Upexi Inc. Common Stock,$4.60,-0.035,-0.755%,171365516.00,United States,2021,5525885,Health Care, Medicinal Chemicals and Botanical Products 
URBN,Urban Outfitters Inc. Common Stock,$76.21,0.93,1.235%,6831628252.00,United States,1993,2036037,Consumer Discretionary,Clothing/Shoe/Accessory Stores
URG,Ur Energy Inc Common Shares (Canada),$1.16,-0.05,-4.132%,423190342.00,Canada,,3575980,Basic Materials,Precious Metals
URGN,UroGen Pharma Ltd. Ordinary Shares,$19.40,0.34,1.784%,894484549.00,Israel,2017,1008060,Health Care,Biotechnology: Pharmaceutical Preparations
URI,United Rentals Inc. Common Stock,$859.62,-23.32,-2.641%,55309001256.00,United States,1997,655436,Consumer Discretionary,Diversified Commercial Services
UROY,Uranium Royalty Corp. Common Stock,$2.51,-0.08,-3.089%,335426659.00,Canada,,3242034,Finance,Investment Bankers/Brokers/Service
USA,Liberty All-Star Equity Fund Common Stock,$6.43,-0.09,-1.38%,0.00,United States,1986,1061491,Finance,Finance Companies
USAC,USA Compression Partners LP Common Units Representing Limited Partner Interests,$23.18,-0.67,-2.809%,2725559198.00,United States,2013,194404,Utilities,Natural Gas Distribution
USAR,USA Rare Earth Inc. Class A Common Stock,$13.94,1.23,9.677%,1266264518.00,United States,2023,10631036,Basic Materials,Metal Mining
USARW,USA Rare Earth Inc. Warrant,$4.51,0.50,12.469%,409673815.00,United States,2023,674470,Basic Materials,Metal Mining
USAS,Americas Gold and Silver Corporation Common Shares no par value,$0.9227,0.0324,3.639%,601929697.00,Canada,2017,1218876,Basic Materials,Metal Mining
USAU,U.S. Gold Corp. Common Stock,$10.37,0.15,1.468%,145449931.00,United States,,233287,Basic Materials,Metal Mining
USB,U.S. Bancorp Common Stock,$43.94,-1.02,-2.269%,68459731997.00,United States,,9632877,Finance,Major Banks
USB^A,U.S. Bancorp Depositary Shares Each representing a 1/100th interest in a share of Series A Non-CumulativePerpetual Pfd Stock,$834.00,0.00,0.00%,,United States,,217,,
USB^H,U.S. Bancorp Depositary Shares repstg 1/1000th Pfd Ser B,$20.50,-0.10,-0.485%,,United States,,51337,,
USB^P,U.S. Bancorp Depositary Shares each representing a 1/1000th interest in a share of Series K Non-Cumulative Perpetual Preferred Stock,$23.12,-0.01,-0.043%,,United States,,20802,,
USB^Q,U.S. Bancorp Depositary Shares Each Representing a 1/1000th Interest in a Share of Series L Non-Cumulative Perpetual Preferred Stock,$15.52,0.02,0.129%,,United States,,22803,,
USB^R,U.S. Bancorp Depositary Shares Each Representing a 1/1000th Interest in a Share of Series M Non-Cumulative Perpetual Preferred Stock,$16.53,0.08,0.486%,,United States,,27812,,
USB^S,U.S. Bancorp Depositary Shares each representing a 1/1000th interest in a share of Series O Non-Cumulative Perpetual Preferred Stock,$18.97,0.00,0.00%,,United States,,17822,,
USCB,USCB Financial Holdings Inc. Class A Common Stock,$16.17,-0.47,-2.825%,324182385.00,United States,2021,28257,Finance,Major Banks
USEA,United Maritime Corporation Common Stock,$1.5654,-0.0024,-0.153%,13844816.00,Greece,,16749,Consumer Discretionary,Marine Transportation
USEG,U.S. Energy Corp. Common Stock (DE),$1.18,-0.02,-1.667%,40111424.00,United States,,301258,Energy,Oil & Gas Production
USFD,US Foods Holding Corp. Common Stock,$83.28,-0.05,-0.06%,19266829332.00,United States,2016,1898482,Consumer Discretionary,Food Distributors
USGO,U.S. GoldMining Inc. Common stock,$7.76,0.01,0.129%,97068932.00,United States,2023,21242,Basic Materials,Precious Metals
USGOW,U.S. GoldMining Inc. Warrant,$0.8299,0.0071,0.863%,10381122.00,United States,2023,415,Basic Materials,Precious Metals
USIO,Usio Inc. Common Stock,$1.68,-0.03,-1.754%,44697922.00,United States,,49763,Finance,Investment Bankers/Brokers/Service
USLM,United States Lime & Minerals Inc. Common Stock,$99.02,-0.56,-0.562%,2835219757.00,United States,,169677,Industrials,Mining & Quarrying of Nonmetallic Minerals (No Fuels)
USM,United States Cellular Corporation Common Stock,$73.50,0.57,0.782%,6247500000.00,United States,1988,395961,Telecommunications,Telecommunications Equipment
USNA,USANA Health Sciences Inc. Common Stock,$28.86,-0.53,-1.803%,537461945.00,United States,,167896,Health Care, Medicinal Chemicals and Botanical Products 
USPH,U.S. Physical Therapy Inc. Common Stock,$69.98,-3.17,-4.334%,1063114396.00,United States,1992,151519,Health Care,Medical/Nursing Services
UTF,Cohen & Steers Infrastructure Fund Inc Common Stock,$26.68,0.11,0.414%,0.00,United States,2004,139008,Finance,Finance Companies
UTG,Reaves Utility Income Fund Common Shares of Beneficial Interest,$38.19,-0.09,-0.235%,0.00,United States,2004,226095,Finance,Investment Managers
UTHR,United Therapeutics Corporation Common Stock,$294.28,19.58,7.128%,13309184381.00,United States,1999,2428905,Health Care,Biotechnology: Pharmaceutical Preparations
UTI,Universal Technical Institute Inc Common Stock,$32.07,-0.15,-0.466%,1744807315.00,United States,2003,564623,Real Estate,Other Consumer Services
UTL,UNITIL Corporation Common Stock,$51.81,0.23,0.446%,841961979.00,United States,1985,96493,Utilities,Power Generation
UTMD,Utah Medical Products Inc. Common Stock,$54.95,-0.65,-1.169%,178489140.00,United States,,14304,Health Care,Medical/Dental Instruments
UTSI,UTStarcom Holdings Corp. Ordinary Shares,$2.46,-0.04,-1.60%,23296827.00,China,2000,383,Telecommunications,Telecommunications Equipment
UTZ,Utz Brands Inc Class A Common Stock ,$13.64,0.61,4.682%,1928842671.00,United States,2018,1720018,Consumer Staples,Packaged Foods
UUU,Universal Safety Products Inc. Common Stock,$3.1099,-0.2701,-7.991%,7192847.00,United States,2003,42204,Technology,Electronic Components
UUUU,Energy Fuels Inc Ordinary Shares (Canada),$8.85,-0.24,-2.64%,1860632912.00,Canada,,14056580,Industrials,Mining & Quarrying of Nonmetallic Minerals (No Fuels)
UVE,UNIVERSAL INSURANCE HOLDINGS INC Common Stock,$23.00,-0.64,-2.707%,651326834.00,United States,,272155,Finance,Property-Casualty Insurers
UVSP,Univest Financial Corporation Common Stock,$28.12,-0.72,-2.497%,810002365.00,United States,,120909,Finance,Major Banks
UVV,Universal Corporation Common Stock,$53.99,-0.48,-0.881%,1334396594.00,United States,,229638,Industrials,Farming/Seeds/Milling
UWMC,UWM Holdings Corporation Class A Common Stock,$4.17,0.15,3.731%,6668668424.00,United States,,11159543,Finance,Finance: Consumer Services
UXIN,Uxin Limited ADS,$3.67,0.19,5.46%,756641100.00,China,2018,123575,Consumer Discretionary,Business Services
UYSC,UY Scuti Acquisition Corp. Ordinary Shares,$10.095,0.005,0.05%,0.00,United States,2025,332,Finance,Blank Checks
UYSCR,UY Scuti Acquisition Corp. Rights,$0.2499,0.00,0.00%,0.00,United States,2025,8,Finance,Blank Checks
UZD,United States Cellular Corporation 6.250% Senior Notes due 2069,$25.52,-0.03,-0.117%,2169200000.00,United States,2020,39973,Telecommunications,Telecommunications Equipment
UZE,United States Cellular Corporation 5.500% Senior Notes due 2070,$22.10,-0.07,-0.316%,1878500000.00,United States,2020,15410,Telecommunications,Telecommunications Equipment
UZF,United States Cellular Corporation 5.500% Senior Notes due 2070,$22.59,0.13,0.579%,1920150000.00,United States,2021,8239,Telecommunications,Telecommunications Equipment
V,Visa Inc.,$339.35,-6.12,-1.771%,658319282408.00,United States,,8655579,Consumer Discretionary,Business Services
VABK,Virginia National Bankshares Corporation Common Stock,$36.60,-0.27,-0.732%,197346431.00,United States,,8061,Finance,Major Banks
VAC,Marriott Vacations Worldwide Corporation Common Stock,$73.51,-0.96,-1.289%,2538688286.00,United States,,711284,Finance,Real Estate
VACH,Voyager Acquisition Corp Class A Ordinary Shares,$10.3854,0.0054,0.052%,0.00,United States,2024,3859,,
VAL,Valaris Limited Common Shares,$45.28,-3.35,-6.889%,3218006131.00,United States,2021,2486459,Energy,Oil & Gas Production
VALE,VALE S.A.  American Depositary Shares Each Representing one common share,$9.71,0.18,1.889%,41449842022.00,Brazil,,91150555,Basic Materials,Metal Mining
VALN,Valneva SE American Depositary Shares,$7.2184,-0.1316,-1.79%,586572684.00,France,2021,23299,Health Care,Biotechnology: Biological Products (No Diagnostic Substances)
VALU,Value Line Inc. Common Stock,$37.35,0.21,0.565%,351445647.00,United States,1983,1894,Finance,Investment Managers
VANI,Vivani Medical Inc. Common Stock (DE),$1.33,-0.01,-0.746%,78794391.00,United States,2014,64363,Health Care,Biotechnology: Electromedical & Electrotherapeutic Apparatus
VAPE,CEA Industries Inc. Common Stock,$21.30,-5.72,-21.17%,17089970.00,United States,,475443,Industrials,Industrial Machinery/Components
VAPEW,CEA Industries Inc. Warrant,$0.1726,-0.0004,-0.231%,0.00,United States,,193708,,
VATE,INNOVATE Corp. Common Stock,$5.27,-0.39,-6.89%,70002559.00,United States,,50071,Industrials,Metal Fabrications
VBF,Invesco Bond Fund Common Stock,$15.51,0.12,0.78%,0.00,United States,,73885,Finance,Trusts Except Educational Religious and Charitable
VBIX,Viewbix Inc. Common Stock,$4.94,-0.468,-8.654%,32702597.00,Israel,,55530,Technology,Computer Software: Prepackaged Software
VBNK,VersaBank Common Shares,$11.37,-0.45,-3.807%,369738597.00,Canada,,75773,Finance,Commercial Banks
VBTX,Veritex Holdings Inc. Common Stock,$30.92,-0.80,-2.522%,1678075491.00,United States,2014,716858,Finance,Major Banks
VC,Visteon Corporation Common Stock,$110.54,-0.61,-0.549%,3015126513.00,United States,,339792,Consumer Discretionary,Auto Parts:O.E.M.
VCEL,Vericel Corporation Common Stock,$35.63,0.69,1.975%,1793719985.00,United States,,962793,Health Care,Biotechnology: Biological Products (No Diagnostic Substances)
VCIC,Vine Hill Capital Investment Corp. Class A Ordinary Shares,$10.40,-0.02,-0.192%,0.00,United States,2024,198005,,
VCICW,Vine Hill Capital Investment Corp. Warrant,$0.32,0.00,0.00%,0.00,United States,2024,22,Finance,Blank Checks
VCIG,VCI Global Limited Ordinary Share,$0.929,-0.011,-1.17%,3320568.00,Malaysia,2023,3354768,Consumer Discretionary,Diversified Commercial Services
VCTR,Victory Capital Holdings Inc. Class A Common Stock,$66.80,-2.11,-3.062%,4491383972.00,United States,2018,776676,Finance,Investment Managers
VCV,Invesco California Value Municipal Income Trust Common Stock,$10.24,0.23,2.298%,490398976.00,United States,,117245,Finance,Trusts Except Educational Religious and Charitable
VCYT,Veracyte Inc. Common Stock,$23.64,0.13,0.553%,1851357404.00,United States,2013,1741593,Health Care,Medical Specialities
VECO,Veeco Instruments Inc. Common Stock,$20.44,-0.34,-1.636%,1191491587.00,United States,1994,680356,Technology,Industrial Machinery/Components
VEEA,Veea Inc. Common Stock,$1.49,-0.11,-6.875%,54349067.00,United States,2021,56661,Finance,Blank Checks
VEEAW,Veea Inc. Warrant,$0.19,0.0078,4.281%,6930418.00,United States,2021,26461,Finance,Blank Checks
VEEE,Twin Vee PowerCats Co. Common Stock,$2.17,-0.0023,-0.106%,3227439.00,United States,2021,75023,Industrials,Marine Transportation
VEEV,Veeva Systems Inc. Class A Common Stock,$281.35,-2.85,-1.003%,45976043009.00,United States,2013,996847,Technology,Computer Software: Prepackaged Software
VEL,Velocity Financial Inc. Common Stock,$16.35,-0.25,-1.506%,596636352.00,United States,2020,88070,Finance,Finance: Consumer Services
VENU,Venu Holding Corporation Common Stock,$13.47,-0.09,-0.664%,505402927.00,United States,2024,25675,Consumer Discretionary,Services-Misc. Amusement & Recreation
VEON,VEON Ltd. ADS,$50.55,-4.16,-7.604%,3739063545.00,Netherlands,,285900,Telecommunications,Telecommunications Equipment
VERA,Vera Therapeutics Inc. Class A Common Stock,$20.95,0.16,0.77%,1336068610.00,United States,2021,1028478,Health Care,Biotechnology: Pharmaceutical Preparations
VERB,Verb Technology Company Inc. Common Stock,$9.51,-0.23,-2.361%,13484752.00,United States,,34729,Consumer Discretionary,Other Consumer Services
VERI,Veritone Inc. Common Stock,$2.14,-0.08,-3.604%,96929577.00,United States,2017,1198596,Technology,EDP Services
VERO,Venus Concept Inc. Common Stock,$2.52,0.00,0.00%,3589496.00,United States,2017,38826,Health Care,Medical/Dental Instruments
VERU,Veru Inc. Common Stock,$0.4935,0.0088,1.816%,72339165.00,United States,,1009142,Health Care,Biotechnology: Pharmaceutical Preparations
VERX,Vertex Inc. Class A Common Stock,$32.30,-0.87,-2.623%,5119094247.00,United States,2020,1145947,Technology,Computer Software: Prepackaged Software
VET,Vermilion Energy Inc. Common (Canada),$7.95,-0.27,-3.285%,1228275000.00,Canada,,1089592,Energy,Oil & Gas Production
VFC,V.F. Corporation Common Stock,$11.66,-0.06,-0.512%,4554588413.00,United States,,13587102,Consumer Discretionary,Apparel
VFF,Village Farms International Inc. Common Shares,$1.54,0.12,8.451%,172999055.00,Canada,,1166506,,
VFL,abrdn National Municipal Income Fund Common Stock,$9.59,0.085,0.894%,0.00,United States,1993,53049,Finance,Finance/Investors Services
VFS,VinFast Auto Ltd. Ordinary Shares,$3.39,-0.03,-0.877%,7928574972.00,Singapore,,453556,Finance,Blank Checks
VFSWW,VinFast Auto Ltd. Warrant,$0.2701,0.00,0.00%,631713304.00,Singapore,,557,,
VG,Venture Global Inc. Class A common stock,$14.92,-0.41,-2.674%,36104333103.00,,2025,4636767,Utilities,Oil/Gas Transmission
VGAS,Verde Clean Fuels Inc. Class A Common Stock,$2.88,-0.06,-2.041%,128302908.00,United States,2021,91456,Industrials,Major Chemicals
VGASW,Verde Clean Fuels Inc. Warrant,$0.1692,0.0122,7.771%,7537796.00,United States,2021,1001,Industrials,Major Chemicals
VGI,Virtus Global Multi-Sector Income Fund Common Shares of Beneficial Interest,$7.88,0.01,0.127%,0.00,United States,2012,21990,Finance,Investment Managers
VGM,Invesco Trust for Investment Grade Municipals Common Stock (DE),$9.54,0.08,0.846%,517372975.00,United States,,298344,Finance,Trusts Except Educational Religious and Charitable
VGZ,Vista Gold Corp Common Stock,$0.93,0.005,0.541%,116092367.00,United States,1986,356093,Basic Materials,Precious Metals
VHC,VirnetX Holding Corp Common Stock,$12.81,-1.78,-12.20%,54296223.00,United States,,22408,Miscellaneous,Multi-Sector Companies
VHI,Valhi Inc. Common Stock,$15.43,-0.27,-1.72%,436588656.00,United States,,10891,Industrials,Major Chemicals
VIASP,Via Renewables Inc. 8.75% Series A Fixed-to-Floating Rate Cumulative Redeemable Perpetual Preferred Stock,$25.42,0.0201,0.079%,186159023.00,United States,,1608,Utilities,Power Generation
VIAV,Viavi Solutions Inc. Common Stock,$9.76,-0.29,-2.886%,2178789743.00,United States,,2243459,Technology,Semiconductors
VICI,VICI Properties Inc. Common Stock,$33.11,0.51,1.564%,35307503350.00,United States,2018,8681921,Real Estate,Real Estate Investment Trusts
VICR,Vicor Corporation Common Stock,$43.845,-0.595,-1.339%,1982154932.00,United States,,631274,Technology,Industrial Machinery/Components
VIGL,Vigil Neuroscience Inc. Common Stock,$8.05,0.00,0.00%,375705849.00,United States,2022,2491464,Health Care,Biotechnology: Biological Products (No Diagnostic Substances)
VIK,Viking Holdings Ltd Ordinary Shares,$57.56,-1.16,-1.975%,25496232737.00,United States,2024,2631233,Consumer Discretionary,Marine Transportation
VINP,Vinci Compass Investments Ltd. Class A Common Shares,$9.48,-0.16,-1.66%,599559367.00,Brazil,2021,33015,Finance,Investment Managers
VIOT,Viomi Technology Co. Ltd American Depositary Shares,$3.24,0.07,2.208%,220992971.00,China,2018,266480,Consumer Discretionary,Consumer Electronics/Appliances
VIPS,Vipshop Holdings Limited American Depositary Shares each representing two ordinary shares,$15.12,0.03,0.199%,8961398788.00,China,2012,2939706,Consumer Discretionary,Catalog/Specialty Distribution
VIR,Vir Biotechnology Inc. Common Stock,$5.03,-0.04,-0.789%,695337155.00,United States,2019,809884,Health Care,Biotechnology: Biological Products (No Diagnostic Substances)
VIRC,Virco Manufacturing Corporation Common Stock,$7.81,0.07,0.904%,122914858.00,United States,,77901,Consumer Discretionary,Industrial Specialties
VIRT,Virtu Financial Inc. Class A Common Stock,$43.37,-0.77,-1.744%,6687577669.00,United States,,847355,Finance,Investment Bankers/Brokers/Service
VIST,Vista Energy S.A.B. de C.V. American Depositary Shares each representing one series A share with no par value,$43.31,-1.39,-3.11%,4126812969.00,Mexico,2019,2002366,Energy,Oil & Gas Production
VITL,Vital Farms Inc. Common Stock,$35.27,-1.93,-5.188%,1571359833.00,United States,2020,640874,Consumer Staples,Packaged Foods
VIV,Telefonica Brasil S.A. American Depositary Shares (Each representing One Common Share),$11.32,0.10,0.891%,18414047077.00,Brazil,2020,532464,Telecommunications,Telecommunications Equipment
VIVK,Vivakor Inc. Common Stock,$1.11,0.01,0.909%,52500055.00,United States,,1130333,Utilities,Environmental Services
VIVS,VivoSim Labs Inc. Common Stock,$1.85,-0.02,-1.07%,4809624.00,United States,,33542,Health Care,Biotechnology: Biological Products (No Diagnostic Substances)
VKI,Invesco Advantage Municipal Income Trust II Common Shares of Beneficial Interest (DE),$8.27,0.06,0.731%,367237785.00,United States,1993,167066,Finance,Finance Companies
VKQ,Invesco Municipal Trust Common Stock,$9.18,0.15,1.661%,507980028.00,United States,,150593,Finance,Trusts Except Educational Religious and Charitable
VKTX,Viking Therapeutics Inc. Common Stock,$32.68,0.11,0.338%,3674701325.00,United States,2015,3342671,Health Care,Biotechnology: Pharmaceutical Preparations
VLGEA,Village Super Market Inc. Class A Common Stock,$33.94,-0.46,-1.337%,500815993.00,United States,,46304,Consumer Staples,Food Chains
VLN,Valens Semiconductor Ltd. Ordinary Shares,$2.38,-0.02,-0.833%,251610416.00,,,526309,Technology,Semiconductors
VLO,Valero Energy Corporation Common Stock,$133.18,-4.13,-3.008%,41372599266.00,United States,,2250348,Energy,Integrated oil Companies
VLRS,Controladora Vuela Compania de Aviacion S.A.B. de C.V. American Depositary Shares each representing ten (10) Ordinary Participation Certificates,$5.72,-0.17,-2.886%,666938661.00,,2013,937610,Consumer Discretionary,Air Freight/Delivery Services
VLT,Invesco High Income Trust II,$11.06,0.00,0.00%,0.00,United States,1989,45765,Finance,Trusts Except Educational Religious and Charitable
VLTO,Veralto Corp Common Stock ,$104.75,-0.08,-0.076%,25994849038.00,United States,2023,1297928,Industrials,Electrical Products
VLY,Valley National Bancorp Common Stock,$9.18,-0.09,-0.971%,5143932381.00,United States,,9328400,Finance,Major Banks
VLYPN,Valley National Bancorp 8.250% Fixed-Rate Reset Non-Cumulative Perpetual Preferred Stock Series C,$25.5801,-0.1299,-0.505%,14333584391.00,United States,,5688,Finance,Major Banks
VLYPO,Valley National Bancorp 5.50% Fixed-to-Floating Rate Non-Cumulative Perpetual Preferred Stock Series B,$25.18,0.02,0.079%,14109391869.00,United States,,4241,Finance,Major Banks
VLYPP,Valley National Bancorp 6.25% Fixed-to-Floating Rate Non-Cumulative Perpetual Preferred Stock Series A,$25.2606,-0.0294,-0.116%,14154555371.00,United States,,3185,Finance,Major Banks
VMAR,Vision Marine Technologies Inc. Common Shares,$5.36,-0.33,-5.80%,5574781.00,Canada,2020,14247,Industrials,Marine Transportation
VMC,Vulcan Materials Company (Holding Company) Common Stock,$274.94,0.27,0.098%,36320540689.00,United States,,1442181,Industrials,Mining & Quarrying of Nonmetallic Minerals (No Fuels)
VMD,Viemed Healthcare Inc. Common Shares,$5.93,-0.16,-2.627%,234376057.00,United States,,296959,Health Care,Misc Health and Biotechnology Services
VMEO,Vimeo Inc. Common Stock,$3.65,-0.14,-3.694%,601315673.00,United States,,1436461,Technology,Computer Software: Programming Data Processing
VMI,Valmont Industries Inc. Common Stock,$358.53,-5.42,-1.489%,7196047742.00,United States,,180729,Industrials,Metal Fabrications
VMO,Invesco Municipal Opportunity Trust Common Stock,$9.14,0.06,0.661%,616407861.00,United States,,226838,Finance,Trusts Except Educational Religious and Charitable
VNCE,Vince Holding Corp. Common Stock,$1.52,-0.01,-0.654%,19526799.00,,2013,21702,Consumer Discretionary,Clothing/Shoe/Accessory Stores
VNDA,Vanda Pharmaceuticals Inc. Common Stock,$4.19,-0.07,-1.643%,246935480.00,United States,2006,766997,Health Care,Biotechnology: Pharmaceutical Preparations
VNET,VNET Group Inc. American Depositary Shares,$7.49,-0.82,-9.868%,2015003998.00,China,2011,8420446,Technology,Computer Software: Programming Data Processing
VNMEU,Vendome Acquisition Corporation I Unit,$10.00,-0.0054,-0.054%,0.00,United States,2025,149175,Finance,Blank Checks
VNO,Vornado Realty Trust Common Stock,$37.64,-0.78,-2.03%,7224966119.00,United States,,1332578,Real Estate,Real Estate Investment Trusts
VNO^L,Vornado Realty Trust Pfd Ser L %,$17.79,-0.20,-1.112%,,United States,,14669,,
VNO^M,Vornado Realty Trust 5.25% Series M Cumulative Redeemable Preferred Shares of Beneficial Interest liquidation preference $25.00 per share no par value per share,$17.36,-0.23,-1.308%,,United States,,8242,,
VNO^N,Vornado Realty Trust 5.25% Series N Cumulative Redeemable Preferred Shares of Beneficial Interest liquidation preference $25.00 per share,$17.30,-0.20,-1.143%,,United States,,9214,,
VNO^O,Vornado Realty Trust 4.45% Series O Cumulative Redeemable Preferred Shares Liquidation Preference $25.00 Per Share,$14.74,-0.16,-1.074%,,United States,,7145,,
VNOM,Viper Energy Inc. Class A Common Stock,$36.60,-1.06,-2.815%,10560640640.00,United States,2014,2253122,Energy,Oil & Gas Production
VNRX,VolitionRX Limited Common Stock,$0.64,-0.0012,-0.187%,65934513.00,Singapore,2015,142797,Health Care,Biotechnology: In Vitro & In Vivo Diagnostic Substances
VNT,Vontier Corporation Common Stock ,$40.39,-1.08,-2.604%,5973681000.00,United States,2020,1911886,Industrials,Industrial Machinery/Components
VNTG,Vantage Corp Class A Ordinary Shares,$4.65,0.06,1.307%,147579375.00,,2025,783963,,
VOC,VOC Energy Trust Units of Beneficial Interest,$2.91,-0.03,-1.02%,49470000.00,United States,2011,189092,Energy,Oil & Gas Production
VOD,Vodafone Group Plc American Depositary Shares,$10.96,0.15,1.388%,26703313681.00,United Kingdom,,10487991,Telecommunications,Telecommunications Equipment
VOR,Vor Biopharma Inc. Common Stock,$2.10,0.03,1.449%,262414992.00,United States,2021,2454076,Health Care,Biotechnology: Biological Products (No Diagnostic Substances)
VOXR,Vox Royalty Corp. Common Stock,$3.13,-0.04,-1.262%,158867441.00,Canada,,243761,Basic Materials,Precious Metals
VOYA,Voya Financial Inc. Common Stock,$67.31,-2.69,-3.843%,6481544899.00,United States,2013,1132219,Finance,Life Insurance
VOYA^B,Voya Financial Inc. Depositary Shares each representing a 1/40th interest in a share of 5.35% Fixed-Rate Reset Non-Cumulative Preferred Stock Series B,$24.60,-0.05,-0.203%,,United States,,22459,,
VOYG,Voyager Technologies Inc. Class A Common Stock,$39.19,-0.83,-2.074%,2157180709.00,,2025,555500,Industrials,Military/Government/Technical
VPG,Vishay Precision Group Inc. Common Stock,$25.80,-0.72,-2.715%,342039372.00,United States,,116835,Technology,Electrical Products
VPV,Invesco Pennsylvania Value Municipal Income Trust Common Stock (DE),$10.00,0.01,0.10%,238295440.00,United States,,72410,Finance,Trusts Except Educational Religious and Charitable
VRA,Vera Bradley Inc. Common Stock,$1.94,0.01,0.518%,54190765.00,United States,2010,198840,Consumer Discretionary,Apparel
VRAR,The Glimpse Group Inc. Common Stock,$1.405,-0.085,-5.705%,29582986.00,United States,2021,316138,Technology,EDP Services
VRAX,Virax Biolabs Group Limited Ordinary Shares,$0.8452,0.0351,4.333%,3669821.00,United Kingdom,2022,76992,Health Care,Biotechnology: In Vitro & In Vivo Diagnostic Substances
VRCA,Verrica Pharmaceuticals Inc. Common Stock,$5.64,0.01,0.178%,52170000.00,United States,2018,13658,Health Care,Biotechnology: Pharmaceutical Preparations
VRDN,Viridian Therapeutics Inc. Common Stock,$17.41,-0.11,-0.628%,1420517173.00,United States,2014,662620,Health Care,Medical Specialities
VRE,Veris Residential Inc. Common Stock,$13.84,-0.24,-1.705%,1292957283.00,United States,,666034,Real Estate,Real Estate Investment Trusts
VREX,Varex Imaging Corporation Common Stock,$7.18,-0.10,-1.374%,297970000.00,United States,,532687,Technology,Industrial Machinery/Components
VRM,Vroom Inc. Common Stock,$27.25,2.13,8.479%,140699217.00,United States,,7395,Consumer Discretionary,Retail-Auto Dealers and Gas Stations
VRME,VerifyMe Inc. Common Stock,$1.21,-0.18,-12.95%,15028882.00,United States,,5012794,Technology,EDP Services
VRNA,Verona Pharma plc American Depositary Share,$105.18,0.09,0.086%,8954184076.00,United Kingdom,2017,3151464,Health Care,Biotechnology: Pharmaceutical Preparations
VRNS,Varonis Systems Inc. Common Stock,$54.73,-1.10,-1.97%,6132338276.00,United States,2014,2070121,Technology,Computer Software: Prepackaged Software
VRNT,Verint Systems Inc. Common Stock,$20.22,-1.06,-4.981%,1216443389.00,United States,2010,1147483,Technology,EDP Services
VRRM,Verra Mobility Corporation Class A Common Stock,$24.64,-0.62,-2.454%,3928322749.00,United States,2017,1101588,Consumer Discretionary,Transportation Services
VRSK,Verisk Analytics Inc. Common Stock,$271.89,-6.82,-2.447%,37987103465.00,United States,2009,1544019,Technology,EDP Services
VRSN,VeriSign Inc. Common Stock,$265.37,-3.50,-1.302%,24785558000.00,United States,1998,1337265,Technology,EDP Services
VRT,Vertiv Holdings LLC Class A Common Stock,$141.59,-4.01,-2.754%,54068500956.00,United States,2018,11008732,Technology,Industrial Machinery/Components
VRTS,Virtus Investment Partners Inc. Common Stock,$189.66,-3.65,-1.888%,1310771364.00,United States,,60387,Finance,Investment Managers
VRTX,Vertex Pharmaceuticals Incorporated Common Stock,$462.13,5.26,1.151%,118673684028.00,United States,1991,1857314,Health Care,Biotechnology: Pharmaceutical Preparations
VS,Versus Systems Inc. Common Stock,$2.21,-0.08,-3.493%,10832706.00,Canada,,18415,Technology,EDP Services
VSA,TCTM Kids IT Education Inc. American Depositary Shares,$1.39,0.03,2.206%,13836603.00,China,2014,171076,Real Estate,Other Consumer Services
VSAT,ViaSat Inc. Common Stock,$16.58,0.15,0.913%,2160698719.00,United States,1996,4508352,Technology,Radio And Television Broadcasting And Communications Equipment
VSCO,Victorias Secret & Co. Common Stock ,$18.72,-0.08,-0.426%,1494838875.00,United States,2021,3735621,Consumer Discretionary,Clothing/Shoe/Accessory Stores
VSEC,VSE Corporation Common Stock,$146.27,-10.27,-6.561%,3023354679.00,United States,,312210,Consumer Discretionary,Military/Government/Technical
VSEE,VSee Health Inc. Common Stock,$1.21,-0.08,-6.202%,18954381.00,United States,2021,50588,Health Care,Medical/Nursing Services
VSEEW,VSee Health Inc. Warrant,$0.0502,-0.0051,-9.222%,786372.00,United States,2021,8508,Health Care,Medical/Nursing Services
VSH,Vishay Intertechnology Inc. Common Stock,$15.98,-0.41,-2.502%,2166156595.00,United States,,1701859,Technology,Electrical Products
VSME,VS Media Holdings Limited Class A Ordinary Shares,$1.34,-0.06,-4.286%,12721144.00,China,2023,1382524,Consumer Discretionary,Publishing
VSSYW,Versus Systems Inc. Class A Warrants,$0.0929,0.0059,6.782%,455366.00,Canada,,865,Technology,EDP Services
VST,Vistra Corp. Common Stock,$208.05,-0.49,-0.235%,70598013030.00,United States,,5735285,Utilities,Electric Utilities: Central
VSTA,Vasta Platform Limited Class A Ordinary Shares,$4.23,0.10,2.421%,339254557.00,Brazil,2020,2179,Real Estate,Other Consumer Services
VSTM,Verastem Inc. Common Stock,$6.08,-0.09,-1.459%,334090954.00,United States,2012,2022691,Health Care,Biotechnology: Pharmaceutical Preparations
VSTS,Vestis Corporation Common Stock,$5.73,-0.33,-5.446%,755115284.00,United States,2023,1760445,,
VTAK,Catheter Precision Inc. Common Stock,$0.173,0.0175,11.254%,1905993.00,,2018,1252601,Health Care,Medical/Dental Instruments
VTEX,VTEX Class A Common Shares,$5.79,-0.18,-3.015%,1102205568.00,United Kingdom,2021,780392,Technology,Computer Software: Prepackaged Software
VTGN,Vistagen Therapeutics Inc. Common Stock,$2.92,0.05,1.742%,85140580.00,United States,,329032,Health Care,Biotechnology: Pharmaceutical Preparations
VTLE,Vital Energy Inc. Common Stock par value $0.01 per share,$16.91,-1.78,-9.524%,1398456510.00,United States,2011,1511406,Energy,Oil & Gas Production
VTMX,Corporacion Inmobiliaria Vesta S.A.B de C.V. American Depositary Shares each representing ten (10) Common Shares,$28.00,-0.09,-0.32%,2476562032.00,,2023,101494,Finance,Real Estate
VTN,Invesco Trust for Investment Grade New York Municipals Common Stock,$10.28,-0.06,-0.58%,200315864.00,United States,,110444,Finance,Finance Companies
VTOL,Bristow Group Inc. Common Stock,$33.13,-1.44,-4.165%,953315750.00,United States,,140474,Consumer Discretionary,Transportation Services
VTR,Ventas Inc. Common Stock,$67.50,0.32,0.476%,30462637950.00,United States,,2813882,Real Estate,Real Estate Investment Trusts
VTRS,Viatris Inc. Common Stock,$8.81,0.07,0.801%,10340138103.00,United States,,6730387,Health Care,Biotechnology: Pharmaceutical Preparations
VTS,Vitesse Energy Inc. Common Stock,$23.14,-0.79,-3.301%,893519768.00,United States,2023,388813,Energy,Oil & Gas Production
VTSI,VirTra Inc. Common Stock,$6.95,-0.14,-1.975%,78268037.00,United States,,67701,Consumer Discretionary,Miscellaneous manufacturing industries
VTVT,vTv Therapeutics Inc. Class A Common Stock,$14.575,-0.375,-2.508%,46560770.00,United States,2015,2579,Health Care,Biotechnology: Pharmaceutical Preparations
VTYX,Ventyx Biosciences Inc. Common Stock,$2.63,-0.17,-6.071%,187153959.00,United States,2021,546675,Health Care,Biotechnology: Pharmaceutical Preparations
VUZI,Vuzix Corporation Common Stock,$1.94,-0.07,-3.483%,147910285.00,United States,,1280698,Technology,Radio And Television Broadcasting And Communications Equipment
VVOS,Vivos Therapeutics Inc. Common Stock,$5.18,0.85,19.63%,30507714.00,United States,2020,982825,Health Care,Medical/Dental Instruments
VVPR,VivoPower International PLC Ordinary Shares,$3.91,-0.31,-7.346%,17359356.00,United Kingdom,,591761,Utilities,Power Generation
VVR,Invesco Senior Income Trust Common Stock (DE),$3.78,0.02,0.532%,0.00,United States,1998,369630,Finance,Trusts Except Educational Religious and Charitable
VVV,Valvoline Inc. Common Stock,$35.02,-0.23,-0.652%,4451451034.00,United States,2016,1727334,Industrials,Major Chemicals
VVX,V2X Inc. Common Stock,$47.34,-0.04,-0.084%,1499943993.00,United States,2014,265405,Consumer Discretionary,Diversified Commercial Services
VWAV,VisionWave Holdings Inc. Common Stock,$7.84,-0.25,-3.09%,111884272.00,United States,,893884,Technology,Computer Software: Prepackaged Software
VWAVW,VisionWave Holdings Inc. Warrant,$0.1899,-0.0863,-31.245%,2710054.00,United States,,547663,Technology,Computer Software: Prepackaged Software
VYGR,Voyager Therapeutics Inc. Common Stock,$2.96,-0.23,-7.21%,163795880.00,United States,2015,873558,Health Care,Biotechnology: Biological Products (No Diagnostic Substances)
VYNE,VYNE Therapeutics Inc. Common Stock,$0.3529,-0.0127,-3.474%,5881040.00,United States,2018,2952897,Health Care,Biotechnology: Pharmaceutical Preparations
VYX,NCR Voyix Corporation Common Stock,$12.94,-0.68,-4.993%,1782510492.00,United States,,1647574,Miscellaneous,Office Equipment/Supplies/Services
VZ,Verizon Communications Inc. Common Stock,$42.88,0.12,0.281%,180796007767.00,United States,,20825598,Telecommunications,Telecommunications Equipment
VZLA,Vizsla Silver Corp. Common Shares,$2.90,-0.04,-1.361%,994107994.00,Canada,2024,2263053,Basic Materials,Precious Metals
W,Wayfair Inc. Class A Common Stock,$65.22,-0.42,-0.64%,8368735149.00,United States,2014,6950913,Consumer Discretionary,Catalog/Specialty Distribution
WAB,Westinghouse Air Brake Technologies Corporation Common Stock,$186.89,-5.16,-2.687%,31949439250.00,United States,,1235412,Industrials,Railroads
WABC,Westamerica Bancorporation Common Stock,$47.32,-0.58,-1.211%,1238869541.00,United States,,179314,Finance,Major Banks
WAFD,WaFd Inc. Common Stock,$28.87,-0.235,-0.807%,2314168764.00,United States,,838309,Finance,Major Banks
WAFDP,WaFd Inc. Depositary Shares,$16.05,-0.36,-2.194%,1286539961.00,United States,,48039,Finance,Major Banks
WAFU,Wah Fu Education Group Limited Ordinary Shares,$1.3927,-0.0373,-2.608%,6142586.00,China,2019,11460,Real Estate,Other Consumer Services
WAI,Top KingWin Ltd Class A Ordinary Shares,$0.3668,-0.0039,-1.052%,2699622.00,China,2023,479499,Consumer Discretionary,Business Services
WAL,Western Alliance Bancorporation Common Stock (DE),$76.33,-1.23,-1.586%,8427156860.00,United States,2005,999220,Finance,Major Banks
WAL^A,Western Alliance Bancorporation Depositary Shares Each Representing a 1/400th Interest in a Share of 4.250% Fixed-Rate Non-Cumulative Perpetual Preferred Stock Series A,$22.3026,-0.0374,-0.167%,,United States,,2102,,
WALD,Waldencast plc Class A Ordinary Share,$1.70,-0.08,-4.494%,208625549.00,United States,2021,132540,Consumer Discretionary,Package Goods/Cosmetics
WALDW,Waldencast plc Warrant ,$0.046,-0.0045,-8.911%,5645162.00,United States,2021,3692,Consumer Discretionary,Package Goods/Cosmetics
WASH,Washington Trust Bancorp Inc. Common Stock,$26.43,-0.51,-1.893%,509863984.00,United States,,195156,Finance,Major Banks
WAT,Waters Corporation Common Stock,$290.31,1.55,0.537%,17276083628.00,United States,1995,1201345,Industrials,Biotechnology: Laboratory Analytical Instruments
WATT,Energous Corporation Common Stock,$0.3899,-0.0101,-2.525%,13309745.00,United States,2014,1065342,Technology,Radio And Television Broadcasting And Communications Equipment
WAVE,Eco Wave Power Global AB (publ) American Depositary Shares,$8.23,-0.54,-6.157%,384619536.00,Israel,2021,44494,Utilities,Electric Utilities: Central
WAY,Waystar Holding Corp. Common Stock,$35.59,-1.39,-3.759%,6201165013.00,United States,2024,2075852,Technology,EDP Services
WB,Weibo Corporation American Depositary Share,$9.50,-0.14,-1.452%,2325840160.00,China,2014,527057,Technology,Computer Software: Programming Data Processing
WBA,Walgreens Boots Alliance Inc. Common Stock,$11.64,0.00,0.00%,10075126257.00,United States,,4358708,Consumer Staples,Retail-Drug Stores and Proprietary Stores
WBD,Warner Bros. Discovery Inc. Series A Common Stock ,$12.87,-0.30,-2.278%,31841345289.00,United States,,59355683,Telecommunications,Cable & Other Pay Television Services
WBS,Webster Financial Corporation Common Stock,$56.01,-1.64,-2.845%,9422511443.00,United States,,1447858,Finance,Major Banks
WBS^F,Webster Financial Corporation Depositary Shares Each Representing 1/1000th Interest in a Share of 5.25% Series F Non-Cumulative Perpetual Preferred Stock,$19.39,0.06,0.31%,,United States,,8307,,
WBS^G,Webster Financial Corporation Depositary Shares each representing a 1/40th interest in a share of 6.50% Series G non-cumulative perpetual preferred stock,$24.25,0.19,0.79%,,United States,,5589,,
WBTN,WEBTOON Entertainment Inc. Common stock,$9.23,-0.81,-8.068%,1201642495.00,United States,2024,236535,Consumer Discretionary,Publishing
WBUY,WEBUY GLOBAL LTD. Class A Ordinary Shares,$3.50,-0.03,-0.85%,2732027.00,Singapore,2023,105729,Consumer Discretionary,Other Specialty Stores
WBX,Wallbox N.V. Class A Ordinary Shares,$4.83,-0.34,-6.576%,78864216.00,Spain,,35494,Consumer Discretionary,Industrial Specialties
WCC,WESCO International Inc. Common Stock,$203.49,-3.47,-1.677%,9931063285.00,United States,1999,902557,Consumer Discretionary,Telecommunications Equipment
WCN,Waste Connections Inc. Common Shares,$186.57,-0.10,-0.054%,48142041636.00,Canada,,1129567,Utilities,Environmental Services
WCT,Wellchange Holdings Company Limited Ordinary shares,$0.1928,-0.0032,-1.633%,8919892.00,Hong Kong,2024,788667,Technology,Computer Software: Prepackaged Software
WD,Walker & Dunlop Inc Common Stock,$74.46,-0.55,-0.733%,2530265022.00,United States,2010,329629,Finance,Finance: Consumer Services
WDAY,Workday Inc. Class A Common Stock,$222.22,-7.16,-3.121%,59332740000.00,United States,,4088387,Technology,EDP Services
WDC,Western Digital Corporation Common Stock,$76.55,-2.14,-2.72%,26706638841.00,United States,,8789035,Technology,Electronic Components
WDFC,WD-40 Company Common Stock,$215.20,0.80,0.373%,2912487533.00,United States,1973,190116,Industrials,Major Chemicals
WDH,Waterdrop Inc. American Depositary Shares (each representing the right to receive 10 Class A Ordinary Shares),$1.66,0.05,3.106%,600359767.00,Cayman Islands,2021,230462,Finance,Specialty Insurers
WDI,Western Asset Diversified Income Fund Common Shares of Beneficial Interest,$14.94,0.02,0.134%,0.00,United States,2021,201297,Finance,Trusts Except Educational Religious and Charitable
WDS,Woodside Energy Group Limited American Depositary Shares each representing one Ordinary Share,$16.85,-0.08,-0.473%,31993933641.00,Australia,2022,770184,Energy,Oil & Gas Production
WEA,Western Asset Bond Fund Share of Beneficial Interest,$10.845,0.016,0.148%,0.00,United States,2002,32850,Finance,Trusts Except Educational Religious and Charitable
WEAV,Weave Communications Inc. Common Stock,$6.83,-0.47,-6.438%,513491721.00,United States,2021,2551745,Technology,Computer Software: Prepackaged Software
WEC,WEC Energy Group Inc. Common Stock,$110.24,1.16,1.063%,35181277150.00,United States,,3367375,Utilities,Power Generation
WELL,Welltower Inc. Common Stock,$166.24,1.17,0.709%,111185624598.00,United States,,2413640,Real Estate,Real Estate Investment Trusts
WEN,Wendy's Company (The) Common Stock,$9.96,0.11,1.117%,1912571470.00,United States,,6931674,Consumer Discretionary,Restaurants
WENN,Wen Acquisition Corp Class A Ordinary Shares,$10.26,0.01,0.098%,0.00,United States,2025,30143,,
WENNU,Wen Acquisition Corp Unit,$10.58,-0.07,-0.657%,0.00,United States,2025,25944,Finance,Blank Checks
WENNW,Wen Acquisition Corp Warrant,$0.70,0.00,0.00%,0.00,United States,2025,5,Finance,Blank Checks
WERN,Werner Enterprises Inc. Common Stock,$26.85,-0.87,-3.139%,1658038891.00,United States,1986,1331066,Industrials,Trucking Freight/Courier Services
WES,Western Midstream Partners LP Common Units Representing Limited Partner Interests,$39.38,-1.35,-3.315%,15016671516.00,United States,2012,940182,Utilities,Natural Gas Distribution
WEST,Westrock Coffee Company Common Stock,$6.54,-0.11,-1.654%,618953291.00,United States,,394995,Consumer Staples,Beverages (Production/Distribution)
WETH,Wetouch Technology Inc. Common Stock,$0.856,-0.0345,-3.874%,10213393.00,China,,31115,Technology,Computer peripheral equipment
WETO,Webus International Limited Ordinary Shares,$1.70,-0.12,-6.593%,37400000.00,China,2025,53188,Industrials,Other Transportation
WEX,WEX Inc. common stock,$166.37,-3.31,-1.951%,5700553421.00,United States,,384082,Consumer Discretionary,Business Services
WEYS,Weyco Group Inc. Common Stock,$28.50,-0.58,-1.994%,272992637.00,United States,,19937,Consumer Staples,Apparel
WF,Woori Financial Group Inc. American Depositary Shares (each representing three (3) shares of Common Stock),$51.43,-1.46,-2.76%,12708139668.00,South Korea,,81119,Finance,Commercial Banks
WFC,Wells Fargo & Company Common Stock,$77.78,-2.85,-3.535%,253110310650.00,United States,,16070220,Finance,Major Banks
WFC^A,Wells Fargo & Company Depositary Shares each representing a 1/1000th interest in a share of Non-Cumulative Perpetual Class A Preferred Stock Series AA,$19.09,-0.02,-0.105%,,United States,,66721,,
WFC^C,Wells Fargo & Company Depositary Shares each representing a 1/1000th interest in a share of Non-Cumulative Perpetual Class A Preferred Stock Series CC,$17.91,-0.04,-0.223%,,United States,,52851,,
WFC^D,Wells Fargo & Company Depositary Shares each representing a 1/1000th interest in  a share of Non-Cumulative Perpetual Class A Preferred Stock Series DD,$17.58,-0.01,-0.057%,,United States,,124176,,
WFC^L,Wells Fargo & Company 7.50% Non-Cumulative Perpetual Convertible Class A Preferred Stock Series L,$1192.00,7.46,0.63%,,United States,,5568,,
WFC^Y,Wells Fargo & Company Depositary Shares each representing a 1/1000th interest in a share of Non-Cumulative Perpetual Class A Preferred Stock Series Y,$23.83,-0.09,-0.376%,,United States,,57514,,
WFC^Z,Wells Fargo & Company Depositary Shares each representing a 1/1000th interest in a share of Non-Cumulative Perpetual Class A Preferred Stock Series Z,$19.35,0.07,0.363%,,United States,,74067,,
WFCF,Where Food Comes From Inc. Common Stock,$11.25,-0.075,-0.662%,58639354.00,United States,,2993,Technology,Computer Software: Prepackaged Software
WFF,WF Holding Limited Ordinary Shares,$0.8121,-0.0931,-10.285%,20261895.00,Malaysia,2025,202592,Consumer Discretionary,Miscellaneous manufacturing industries
WFG,West Fraser Timber Co. Ltd Common stock,$69.80,0.49,0.707%,5537683233.00,,2021,282595,Basic Materials,Forest Products
WFRD,Weatherford International plc Ordinary Shares,$54.74,-1.81,-3.201%,3932248009.00,United States,,977378,Industrials,Metal Fabrications
WGO,Winnebago Industries Inc. Common Stock,$28.84,-0.88,-2.961%,808400774.00,United States,,769269,Industrials,Homebuilding
WGRX,Wellgistics Health Inc. Common Stock,$0.84,-0.0279,-3.215%,60362824.00,United States,2025,295970,Health Care,Other Pharmaceuticals
WGS,GeneDx Holdings Corp. Class A Common Stock,$101.60,-0.35,-0.343%,2918586797.00,United States,2020,835293,Technology,Retail: Computer Software & Peripheral Equipment
WGSWW,GeneDx Holdings Corp. Warrant,$0.0901,-0.0196,-17.867%,2588235.00,United States,2020,9812,Technology,Retail: Computer Software & Peripheral Equipment
WH,Wyndham Hotels & Resorts Inc. Common Stock ,$83.83,-2.17,-2.523%,6400944186.00,United States,2018,981736,Consumer Discretionary,Hotels/Resorts
WHD,Cactus Inc. Class A Common Stock,$39.69,-2.62,-6.192%,3168271793.00,United States,2018,1222798,Industrials,Metal Fabrications
WHF,WhiteHorse Finance Inc. Common Stock,$8.70,-0.01,-0.115%,202214866.00,United States,,63592,Finance,Finance Companies
WHFCL,WhiteHorse Finance Inc. 7.875% Notes due 2028,$25.48,0.00,0.00%,592233882.00,United States,,2072,,
WHG,Westwood Holdings Group Inc Common Stock,$16.93,-0.55,-3.146%,158797982.00,United States,,11783,Finance,Investment Managers
WHLR,Wheeler Real Estate Investment Trust Inc. Common Stock,$3.43,0.02,0.587%,1504796.00,United States,2012,39860,Real Estate,Real Estate Investment Trusts
WHLRD,Wheeler Real Estate Investment Trust Inc. Series D Cumulative Preferred Stock,$34.20,0.08,0.234%,15004087.00,United States,,2702,Real Estate,Real Estate Investment Trusts
WHLRL,Wheeler Real Estate Investment Trust Inc. 7.00% Senior Subordinated Convertible Notes Due 2031,$148.00,0.00,0.00%,64929968.00,United States,,2,Real Estate,Real Estate Investment Trusts
WHLRP,Wheeler Real Estate Investment Trust Inc. Class B Preferred Stock,$3.995,-0.005,-0.125%,1752670.00,United States,,1460,Real Estate,Real Estate Investment Trusts
WHR,Whirlpool Corporation Common Stock,$82.67,-0.37,-0.446%,4620790709.00,United States,,2335298,Consumer Discretionary,Consumer Electronics/Appliances
WHWK,Whitehawk Therapeutics Inc. Common Stock,$1.74,-0.01,-0.571%,81970170.00,United States,,19249,Health Care,Biotechnology: Pharmaceutical Preparations
WIA,Western Asset Inflation-Linked Income Fund,$8.31,-0.02,-0.24%,0.00,United States,2003,78228,Finance,Trusts Except Educational Religious and Charitable
WILC,G. Willi-Food International  Ltd. Ordinary Shares,$21.16,-0.19,-0.89%,293426080.00,Israel,,3873,Consumer Discretionary,Food Distributors
WIMI,WiMi Hologram Cloud Inc. Class B Ordinary Shares,$3.30,-0.05,-1.493%,16204330.00,China,2020,134704,Technology,Computer Software: Prepackaged Software
WINA,Winmark Corporation Common Stock,$370.74,-6.68,-1.77%,1315555319.00,United States,,50679,Consumer Discretionary,Other Specialty Stores
WING,Wingstop Inc. Common Stock,$362.45,-14.89,-3.946%,10120964275.00,United States,2015,1199955,Consumer Discretionary,Restaurants
WINT,Windtree Therapeutics Inc. Common Stock,$0.6001,-0.075,-11.109%,2197140.00,United States,,3264510,Health Care,Biotechnology: Biological Products (No Diagnostic Substances)
WIT,Wipro Limited Common Stock,$2.68,-0.04,-1.471%,28065324611.00,India,,6334473,Technology,EDP Services
WIW,Western Asset Inflation-Linked Opportunities & Income Fund,$8.74,-0.03,-0.342%,0.00,United States,2004,239132,Finance,Finance Companies
WIX,Wix.com Ltd. Ordinary Shares,$128.97,-7.06,-5.19%,7179524401.00,Israel,2013,746187,Technology,Computer Software: Programming Data Processing
WK,Workiva Inc. Class A Common Stock,$84.30,20.47,32.07%,4698357148.00,United States,2014,3792352,Technology,Computer Software: Prepackaged Software
WKC,World Kinect Corporation Common Stock,$25.25,-2.02,-7.407%,1429838138.00,United States,,1369686,Energy,Oil Refining/Marketing
WKEY,WISeKey International Holding Ltd American Depositary Shares,$5.27,-0.54,-9.294%,48009458.00,Switzerland,,129023,Technology,EDP Services
WKHS,Workhorse Group Inc. Common Stock,$1.65,-0.09,-5.172%,15630541.00,United States,,862510,Consumer Discretionary,Auto Manufacturing
WKSP,Worksport Ltd. Common Stock,$3.15,-0.21,-6.25%,16380410.00,Canada,,232332,Consumer Discretionary,Auto Parts:O.E.M.
WLAC,Willow Lane Acquisition Corp. Class A Ordinary Shares,$10.33,0.00,0.00%,0.00,United States,2024,82,,
WLACW,Willow Lane Acquisition Corp. Warrants,$0.60,0.0329,5.801%,0.00,United States,2024,3830,,
WLDN,Willdan Group Inc. Common Stock,$84.005,-1.295,-1.518%,1217805700.00,United States,2006,622385,Consumer Discretionary,Military/Government/Technical
WLDS,Wearable Devices Ltd. Ordinary Share,$1.48,-0.13,-8.075%,1522890.00,Israel,2022,56745,Telecommunications,Computer Communications Equipment
WLDSW,Wearable Devices Ltd. Warrant,$1.40,0.00,0.00%,1440572.00,Israel,2022,4,Telecommunications,Computer Communications Equipment
WLFC,Willis Lease Finance Corporation Common Stock,$135.00,-6.58,-4.648%,931901625.00,United States,1996,73887,Consumer Discretionary,Industrial Specialties
WLGS,Wang & Lee Group Inc. Ordinary Shares,$0.05,-0.0008,-1.575%,867896.00,Hong Kong,2023,25213829,Consumer Discretionary,Engineering & Construction
WLK,Westlake Corporation Common Stock,$75.43,-3.87,-4.88%,9672993547.00,United States,2004,1594531,Industrials,Major Chemicals
WLKP,Westlake Chemical Partners LP Common Units representing limited partner interests,$21.82,-0.21,-0.953%,768905292.00,United States,2014,49595,Industrials,Major Chemicals
WLY,John Wiley & Sons Inc. Common Stock,$38.21,-0.39,-1.01%,2040164871.00,United States,,535942,Consumer Discretionary,Books
WLYB,John Wiley & Sons Inc. Common Stock,$38.61,-0.43,-1.101%,2061522263.00,United States,,118,Consumer Discretionary,Books
WM,Waste Management Inc. Common Stock,$228.88,-0.28,-0.122%,92199802497.00,United States,,1389448,Utilities,Environmental Services
WMB,Williams Companies Inc. (The) Common Stock,$60.27,0.32,0.534%,73590054462.00,United States,,7834834,Utilities,Natural Gas Distribution
WMG,Warner Music Group Corp. Class A Common Stock,$28.63,-0.63,-2.153%,14923870746.00,United States,2020,1862315,Consumer Discretionary,Services-Misc. Amusement & Recreation
WMK,Weis Markets Inc. Common Stock,$72.58,0.17,0.235%,1952288993.00,United States,,112204,Consumer Staples,Food Chains
WMS,Advanced Drainage Systems Inc. Common Stock,$113.76,-0.99,-0.863%,8826085185.00,United States,2014,585920,Consumer Discretionary,Containers/Packaging
WMT,Walmart Inc. Common Stock,$98.49,0.51,0.521%,785991384972.00,United States,,16742117,Consumer Discretionary,Department/Specialty Retail Stores
WNC,Wabash National Corporation Common Stock,$9.56,-0.40,-4.016%,391369412.00,United States,1991,632752,Industrials,Construction/Ag Equipment/Trucks
WNEB,Western New England Bancorp Inc. Common Stock,$10.34,-0.31,-2.911%,214152030.00,United States,,104087,Finance,Savings Institutions
WNS,WNS (Holdings) Limited Ordinary Shares,$74.82,0.03,0.04%,3472896671.00,India,2024,1057353,Consumer Discretionary,Business Services
WNW,Meiwu Technology Company Limited Ordinary Shares,$1.7775,0.0776,4.565%,5631356.00,China,2020,47062,Consumer Discretionary,Catalog/Specialty Distribution
WOK,WORK Medical Technology Group LTD Class A Ordinary Shares,$0.7752,-0.0018,-0.232%,11311673.00,China,2024,44345,Health Care,Medical/Dental Instruments
WOLF,Wolfspeed Inc. Common Stock,$1.52,0.02,1.333%,236552614.00,United States,,11172254,Technology,Semiconductors
WOOF,Petco Health and Wellness Company Inc. Class A Common Stock,$2.92,-0.09,-2.99%,924993591.00,United States,2021,2930192,Consumer Discretionary,Other Specialty Stores
WOR,Worthington Enterprises Inc. Common Shares,$61.51,-0.46,-0.742%,3064626447.00,United States,,203107,Industrials,Steel/Iron Ore
WORX,SCWorx Corp. Common Stock,$0.3278,-0.0151,-4.404%,1192767.00,United States,2016,660937,Consumer Discretionary,Services-Misc. Amusement & Recreation
WOW,WideOpenWest Inc. Common Stock,$3.34,-0.03,-0.89%,285489633.00,United States,2017,529657,Telecommunications,Cable & Other Pay Television Services
WPC,W. P. Carey Inc. REIT,$64.98,0.82,1.278%,14230058053.00,United States,,1472434,Real Estate,Real Estate Investment Trusts
WPM,Wheaton Precious Metals Corp Common Shares (Canada),$92.10,0.59,0.645%,41809191214.00,Canada,,1622225,Basic Materials,Precious Metals
WPP,WPP plc American Depositary Shares,$26.78,-0.30,-1.108%,5778065440.00,Ireland,,415628,Consumer Discretionary,Advertising
WPRT,Westport Fuel Systems Inc Common Shares,$3.66,-0.06,-1.613%,63415839.00,Canada,2008,17904,Industrials,Industrial Machinery/Components
WRAP,Wrap Technologies Inc. Common Stock,$1.34,-0.03,-2.19%,67773405.00,United States,,137893,Industrials,Ordnance And Accessories
WRB,W.R. Berkley Corporation Common Stock,$69.25,0.44,0.639%,26270391989.00,United States,,2236973,Finance,Property-Casualty Insurers
WRB^E,W.R. Berkley Corporation 5.70% Subordinated Debentures due 2058,$22.56,0.01,0.044%,,United States,,2813,,
WRB^F,W.R. Berkley Corporation 5.10% Subordinated Debentures due 2059,$19.94,0.03,0.151%,,United States,,11126,,
WRB^G,W.R. Berkley Corporation 4.25% Subordinated Debentures due 2060,$16.90,-0.05,-0.295%,,United States,,6697,,
WRB^H,W.R. Berkley Corporation 4.125% Subordinated Debentures due 2061,$16.57,-0.03,-0.181%,,United States,,123673,,
WRBY,Warby Parker Inc. Class A Common Stock,$23.60,-0.35,-1.461%,2865189010.00,United States,2021,1516553,Health Care,Ophthalmic Goods
WRD,WeRide Inc. American Depositary Shares,$8.65,-0.53,-5.773%,2461175028.00,China,2024,7967291,Technology,EDP Services
WRLD,World Acceptance Corporation Common Stock,$154.36,-2.96,-1.882%,819235909.00,United States,1991,59184,Finance,Finance: Consumer Services
WRN,Western Copper and Gold Corporation Common Stock,$1.20,-0.03,-2.439%,240007390.00,Canada,2011,147292,Basic Materials,Metal Mining
WS,Worthington Steel Inc. Common Shares,$29.82,-0.70,-2.294%,1517027522.00,United States,2023,317619,Industrials,Steel/Iron Ore
WSBC,WesBanco Inc. Common Stock,$29.51,-0.62,-2.058%,2823286740.00,United States,,765116,Finance,Major Banks
WSBCP,WesBanco Inc. Depositary Shares Each Representing a 1/40th Interest in a Share of 6.75% Fixed-Rate Reset Non-Cumulative Perpetual Preferred Stock Series A,$25.10,-0.0081,-0.032%,2401372320.00,United States,,4723,Finance,Major Banks
WSBF,Waterstone Financial Inc. Common Stock (MD),$13.21,-0.10,-0.751%,251987593.00,United States,2005,57161,Finance,Savings Institutions
WSBK,Winchester Bancorp Inc. Common Stock,$9.45,-0.01,-0.106%,0.00,United States,2025,5114,,
WSC,WillScot Holdings Corporation Class A Common Stock,$25.33,-4.02,-13.697%,4619927884.00,United States,2015,9705258,Industrials,Misc Corporate Leasing Services
WSFS,WSFS Financial Corporation Common Stock,$53.76,-1.08,-1.969%,3052331197.00,United States,,441537,Finance,Major Banks
WSM,Williams-Sonoma Inc. Common Stock (DE),$187.67,0.62,0.331%,23083046108.00,United States,,1407336,Consumer Discretionary,Home Furnishings
WSO,Watsco Inc. Common Stock,$434.85,-16.03,-3.555%,17616513615.00,United States,,375572,Consumer Discretionary,Industrial Machinery/Components
WSO/B,Watsco Inc.,$437.48,0.00,0.00%,,United States,,116,,
WSR,Whitestone REIT Common Shares,$11.80,-0.39,-3.199%,600567903.00,United States,2010,264090,Real Estate,Real Estate Investment Trusts
WST,West Pharmaceutical Services Inc. Common Stock,$239.26,0.00,0.00%,17204546580.00,United States,,644194,Health Care,Medical/Dental Instruments
WT,WisdomTree Inc. Common Stock,$12.35,-0.92,-6.933%,1815836913.00,United States,2022,6047595,Finance,Investment Bankers/Brokers/Service
WTBA,West Bancorporation Common Stock,$17.96,-0.03,-0.167%,304256499.00,United States,,58999,Finance,Major Banks
WTF,Waton Financial Limited Ordinary Shares,$4.58,-0.08,-1.717%,220927622.00,Hong Kong,2025,29760,Finance,Investment Bankers/Brokers/Service
WTFC,Wintrust Financial Corporation Common Stock,$124.02,-3.96,-3.094%,8300699031.00,United States,,501305,Finance,Major Banks
WTFCN,Wintrust Financial Corporation Depositary Shares Each Representing a 1/1000th Interest in a Share of 7.875% Fixed-Rate Reset Non-Cumulative Perpetual Preferred StocK,$26.22,0.02,0.076%,1754913148.00,United States,,25665,Finance,Major Banks
WTG,Wintergreen Acquisition Corp. Ordinary Shares,$10.03,0.00,0.00%,0.00,China,2025,140209,Finance,Blank Checks
WTGUR,Wintergreen Acquisition Corp. Rights,$0.16,0.0155,10.727%,0.00,China,2025,59081,Finance,Blank Checks
WTGUU,Wintergreen Acquisition Corp. Unit,$10.16,0.00,0.00%,0.00,China,2025,105,,
WTI,W&T Offshore Inc. Common Stock,$1.70,-0.07,-3.955%,251008087.00,United States,2005,1770133,Energy,Oil & Gas Production
WTM,White Mountains Insurance Group Ltd. Common Stock,$1774.87,-12.93,-0.723%,4568029066.00,United States,,16873,Finance,Property-Casualty Insurers
WTO,UTime Limited Ordinary Shares,$1.06,-0.04,-3.636%,3820254.00,China,2021,25245,Technology,Consumer Electronics/Appliances
WTRG,Essential Utilities Inc. Common Stock,$38.18,1.38,3.75%,10703289606.00,United States,,2419488,Utilities,Water Supply
WTS,Watts Water Technologies Inc. Class A Common Stock,$259.02,-3.30,-1.258%,8644919161.00,United States,1986,335400,Industrials,Metal Fabrications
WTTR,Select Water Solutions Inc. Class A common stock,$9.01,-0.62,-6.438%,1083139294.00,United States,2017,1437062,Energy,Oilfield Services/Equipment
WTW,Willis Towers Watson Public Limited Company Ordinary Shares,$314.77,-1.04,-0.329%,31209379713.00,United Kingdom,,928150,Finance,Specialty Insurers
WU,Western Union Company (The) Common Stock,$7.92,-0.13,-1.615%,2557900866.00,United States,,9653369,Consumer Discretionary,Business Services
WULF,TeraWulf Inc. Common Stock,$4.76,-0.40,-7.752%,1830619888.00,United States,,30977119,Technology,EDP Services
WVE,Wave Life Sciences Ltd. Ordinary Shares,$8.63,0.53,6.543%,1373382170.00,Singapore,2015,1835880,Health Care,Biotechnology: Pharmaceutical Preparations
WVVI,Willamette Valley Vineyards Inc. Common Stock,$4.805,-0.005,-0.104%,23854562.00,United States,,958,Consumer Staples,Beverages (Production/Distribution)
WVVIP,Willamette Valley Vineyards Inc. Series A Redeemable Preferred Stock,$3.275,-0.0122,-0.371%,16258832.00,United States,,836,Consumer Staples,Beverages (Production/Distribution)
WW,WW International Inc.  Common Stock,$42.99,0.68,1.607%,429900000.00,United States,,295648,Consumer Discretionary,Other Consumer Services
WWD,Woodward Inc. Common Stock,$259.29,2.21,0.86%,15428085076.00,United States,,760714,Energy,Industrial Machinery/Components
WWR,Westwater Resources Inc. Common Stock,$0.7384,0.0298,4.205%,56420229.00,United States,,868459,Basic Materials,Metal Mining
WWW,Wolverine World Wide Inc. Common Stock,$22.16,-0.42,-1.86%,1795936170.00,United States,,1896699,Consumer Discretionary,Shoe Manufacturing
WXM,WF International Limited Ordinary Shares,$2.65,-0.07,-2.574%,18285000.00,China,2025,25207,Consumer Discretionary,Engineering & Construction
WY,Weyerhaeuser Company Common Stock,$25.08,0.03,0.12%,18095495880.00,United States,,4684519,Real Estate,Real Estate Investment Trusts
WYHG,Wing Yip Food Holdings Group Limited American Depositary Shares,$1.1316,-0.0284,-2.448%,56954478.00,China,2024,40178,Consumer Staples,Specialty Foods
WYNN,Wynn Resorts Limited Common stock,$107.93,-1.10,-1.009%,11284545707.00,United States,2002,1650916,Consumer Discretionary,Hotels/Resorts
WYY,WidePoint Corporation Common Stock,$3.02,0.01,0.332%,29537373.00,United States,,44828,Technology,EDP Services
XAGE,Longevity Health Holdings Inc. Common Stock,$2.83,-0.09,-3.082%,2841306.00,United States,2021,13911,Health Care,Medical/Dental Instruments
XAGEW,Longevity Health Holdings Inc. Warrant,$0.0267,0.00,0.00%,26807.00,United States,2021,50,Health Care,Medical/Dental Instruments
XAIR,Beyond Air Inc. Common Stock,$2.86,-0.12,-4.027%,13269654.00,United States,,109214,Health Care,Medical/Dental Instruments
XBIO,Xenetic Biosciences Inc. Common Stock,$3.215,-0.025,-0.772%,4957977.00,United States,,21332,Health Care,Biotechnology: Pharmaceutical Preparations
XBIT,XBiotech Inc. Common Stock,$2.85,-0.05,-1.724%,86890033.00,United States,2015,34847,Health Care,Biotechnology: Pharmaceutical Preparations
XBP,XBP Global Holdings Inc. Common Stock,$1.06,-0.23,-17.829%,38070481.00,United States,2021,1534815,Consumer Discretionary,Business Services
XBPEW,XBP Europe Holdings Inc. Warrant,$0.0398,0.0047,13.39%,1429439.00,United States,2021,438,Consumer Discretionary,Business Services
XCH,XCHG Limited American Depositary Share,$1.15,-0.03,-2.542%,68369269.00,Germany,2024,68632,Industrials,Electrical Products
XCUR,Exicure Inc. Common Stock,$6.8858,-0.2442,-3.425%,43503059.00,United States,,316565,Health Care,Biotechnology: Pharmaceutical Preparations
XEL,Xcel Energy Inc. Common Stock,$73.47,0.03,0.041%,42374602237.00,United States,,4004114,Utilities,Power Generation
XELB,Xcel Brands Inc. Common Stock,$1.10,-0.26,-19.118%,2658416.00,United States,,695166,Miscellaneous,Multi-Sector Companies
XENE,Xenon Pharmaceuticals Inc. Common Shares,$30.50,-0.04,-0.131%,2340374770.00,Canada,2014,754163,Health Care,Biotechnology: Pharmaceutical Preparations
XERS,Xeris Biopharma Holdings Inc. Common Stock,$5.38,0.29,5.697%,861633900.00,United States,2018,2676331,Health Care,Biotechnology: Pharmaceutical Preparations
XFLT,XAI Octagon Floating Rate & Alternative Income Trust Common Shares of Beneficial Interest,$5.57,-0.01,-0.179%,197559723.00,United States,2017,610513,Finance,Investment Managers
XFLT^A,XAI Octagon Floating Rate & Alternative Income Trust 6.50% Series 2026 Term Preferred Shares (Liquidation Preference $25.00),$25.02,-0.04,-0.16%,,United States,,819,,
XFOR,X4 Pharmaceuticals Inc. Common Stock,$1.60,-0.08,-4.762%,9261898.00,United States,2017,441974,Health Care,Biotechnology: Biological Products (No Diagnostic Substances)
XGN,Exagen Inc. Common Stock,$8.63,0.23,2.738%,189891422.00,United States,2019,282734,Health Care,Medical Specialities
XHG,XChange TEC.INC American Depositary Shares ,$1.25,-0.11,-8.088%,1282869.00,China,2019,129483,Finance,Real Estate
XHLD,TEN Holdings Inc. Common Stock,$0.3298,-0.0166,-4.792%,9463097.00,United States,2025,689959,Consumer Discretionary,Business Services
XHR,Xenia Hotels & Resorts Inc. Common Stock,$12.48,-0.23,-1.81%,1231815137.00,United States,2015,1712587,Consumer Discretionary,Hotels/Resorts
XIFR,XPLR Infrastructure LP Common Units representing limited partner interests,$9.23,-0.30,-3.148%,867629387.00,United States,2014,781768,Utilities,Electric Utilities: Central
XIN,Xinyuan Real Estate Co Ltd American Depositary Shares,$1.9699,-0.0001,-0.005%,11058388.00,China,2007,21829,Consumer Discretionary,Homebuilding
XLO,Xilio Therapeutics Inc. Common Stock,$0.65,0.0012,0.185%,33658477.00,United States,2021,663503,Health Care,Biotechnology: Pharmaceutical Preparations
XMTR,Xometry Inc. Class A Common Stock,$31.07,-1.27,-3.927%,1574523702.00,United States,2021,594086,Consumer Discretionary,Business Services
XNCR,Xencor Inc. Common Stock,$7.98,-0.34,-4.087%,567942617.00,United States,2013,893158,Health Care,Biotechnology: Pharmaceutical Preparations
XNET,Xunlei Limited American Depositary Shares,$4.41,-0.21,-4.545%,1375304060.00,China,2014,537742,Technology,Computer Software: Prepackaged Software
XOM,Exxon Mobil Corporation Common Stock,$109.64,-2.00,-1.791%,472508800334.00,United States,,19648960,Energy,Integrated oil Companies
XOMA,XOMA Royalty Corporation Common Stock,$24.77,-0.11,-0.442%,296419841.00,United States,1986,20821,Health Care,Biotechnology: Pharmaceutical Preparations
XOMAO,XOMA Royalty Corporation Depositary Shares Rep Series B 8.375% Cumulative Preferred Stock,$25.25,-0.4321,-1.682%,302163947.00,United States,,3635,Health Care,Biotechnology: Pharmaceutical Preparations
XOMAP,XOMA Royalty Corporation 8.625% Series A Cumulative Perpetual Preferred Stock,$25.7001,0.0501,0.195%,307550244.00,United States,,2867,Health Care,Biotechnology: Pharmaceutical Preparations
XOS,Xos Inc. Common Stock,$2.97,-0.11,-3.571%,24685725.00,United States,2020,26867,Consumer Discretionary,Auto Parts:O.E.M.
XOSWW,Xos Inc. Warrants,$0.0087,0.0001,1.163%,72312.00,United States,2020,68718,Consumer Discretionary,Auto Parts:O.E.M.
XP,XP Inc. Class A Common Stock,$16.355,0.215,1.332%,8789560050.00,Brazil,2019,5951218,Finance,Investment Bankers/Brokers/Service
XPEL,XPEL Inc. Common Stock,$31.49,-1.20,-3.671%,871163450.00,United States,,311374,Industrials,Industrial Specialties
XPER,Xperi Inc. Common Stock ,$5.80,-0.22,-3.654%,264985018.00,United States,2022,784179,Technology,Computer Software: Prepackaged Software
XPEV,XPeng Inc. American depositary shares each representing two Class A ordinary shares,$18.05,-0.16,-0.879%,17151547947.00,China,2020,4365855,Consumer Discretionary,Auto Manufacturing
XPL,Solitario Resources Corp. Common Stock,$0.6849,-0.0051,-0.739%,56618572.00,United States,,99176,Basic Materials,Precious Metals
XPO,XPO Inc. Common Stock,$118.79,-1.50,-1.247%,13994238768.00,United States,,2046589,Consumer Discretionary,Transportation Services
XPOF,Xponential Fitness Inc. Class A Common Stock,$10.30,-0.16,-1.53%,501249500.00,United States,2021,826011,Consumer Discretionary,Services-Misc. Amusement & Recreation
XPON,Expion360 Inc. Common Stock,$1.13,-0.04,-3.419%,3813149.00,United States,2022,73661,Miscellaneous,Industrial Machinery/Components
XPRO,Expro Group Holdings N.V. Common Stock,$10.53,-0.25,-2.319%,1217196491.00,United States,2013,1595444,Energy,Oilfield Services/Equipment
XRAY,DENTSPLY SIRONA Inc. Common Stock,$14.30,-0.01,-0.07%,2849895406.00,United States,1987,6156439,Health Care,Medical/Dental Instruments
XRTX,XORTX Therapeutics Inc. Common Stock,$0.7255,0.0029,0.401%,2748372.00,Canada,,177391,Health Care,Biotechnology: Pharmaceutical Preparations
XRX,Xerox Holdings Corporation Common Stock,$3.935,-0.115,-2.84%,492982293.00,United States,,7642335,Technology,Computer peripheral equipment
XTIA,XTI Aerospace Inc. Common Stock,$2.01,-0.02,-0.985%,12637955.00,United States,2014,786861,Technology,EDP Services
XTKG,X3 Holdings Co. Ltd. Ordinary Shares,$2.10,0.19,9.948%,28913157.00,China,2019,61898,Technology,EDP Services
XTLB,XTL Biopharmaceuticals Ltd. American Depositary Shares,$1.39,-0.01,-0.714%,12251254.00,Israel,,11585,Health Care,Biotechnology: Pharmaceutical Preparations
XTNT,Xtant Medical Holdings Inc. Common Stock,$0.56,-0.013,-2.269%,78020976.00,United States,,15705,Health Care,Biotechnology: Biological Products (No Diagnostic Substances)
XWEL,XWELL Inc. Common Stock,$1.01,-0.01,-0.98%,5313634.00,United States,,9793,Consumer Discretionary,Other Consumer Services
XXII,22nd Century Group Inc. Common Stock,$2.47,-0.29,-10.507%,1235818.00,United States,,299464,Health Care, Medicinal Chemicals and Botanical Products 
XYF,X Financial American Depositary Shares each representing six Class A Ordinary Shares,$14.18,-0.21,-1.459%,598529207.00,Cayman Islands,2018,470341,Finance,Finance: Consumer Services
XYL,Xylem Inc. Common Stock New,$142.18,-2.44,-1.687%,34599646744.00,United States,2011,2023902,Industrials,Fluid Controls
XYLO,Xylo Technologies Ltd. American Depositary Shares,$5.10,0.00,0.00%,17422166.00,Israel,,226,Health Care,Medical/Dental Instruments
XYZ,Block Inc. Class A Common Stock,$74.03,-3.23,-4.181%,45529856570.00,United States,2015,8230579,Technology,Computer Software: Prepackaged Software
YAAS,Youxin Technology Ltd Class A Ordinary shares,$0.3849,0.01,2.667%,12913395.00,China,2024,408059,Technology,Computer Software: Prepackaged Software
YALA,Yalla Group Limited American Depositary Shares each representing one Class A Ordinary Share,$7.55,-0.26,-3.329%,1189395690.00,United Arab Emirates,2020,340470,Technology,Computer Software: Programming Data Processing
YB,Yuanbao Inc. American Depositary Shares,$26.08,-0.92,-3.407%,1175815835.00,China,2025,58952,Finance,Specialty Insurers
YCBD,cbdMD Inc. Common Stock,$0.86,-0.037,-4.125%,7661229.00,United States,2017,21926,Consumer Discretionary,Package Goods/Cosmetics
YELP,Yelp Inc. Common Stock,$33.04,-1.39,-4.037%,2109353821.00,United States,2012,654195,Consumer Discretionary,Other Consumer Services
YETI,YETI Holdings Inc. Common Stock,$35.93,-0.81,-2.205%,2975560520.00,United States,2018,1794759,Consumer Discretionary,Recreational Games/Products/Toys
YEXT,Yext Inc. Common Stock,$7.73,-0.39,-4.803%,946134345.00,United States,2017,780855,Technology,EDP Services
YGMZ,MingZhu Logistics Holdings Limited Ordinary Shares,$0.905,0.0071,0.791%,69394554.00,China,2020,3347,Consumer Discretionary,Transportation Services
YHC,LQR House Inc. Common Stock,$1.27,-0.13,-9.286%,1347964.00,United States,2023,855961,Consumer Staples,Beverages (Production/Distribution)
YHGJ,Yunhong Green CTI Ltd. Common Stock,$0.6979,0.0037,0.533%,18301469.00,United States,,8180,Industrials,Specialty Chemicals
YHNA,YHN Acquisition I Limited Ordinary Shares,$10.35,-0.02,-0.193%,0.00,Hong Kong,2024,600,,
YHNAR,YHN Acquisition I Limited Right,$0.15,0.00,0.00%,0.00,Hong Kong,2024,9,,
YHNAU,YHN Acquisition I Limited Unit,$10.45,0.00,0.00%,0.00,Hong Kong,2024,1,,
YI,111 Inc. American Depositary Shares,$6.92,0.05,0.728%,59978657.00,China,2018,8583,Consumer Staples,Retail-Drug Stores and Proprietary Stores
YIBO,Planet Image International Limited Class A Ordinary Shares,$1.50,-0.0501,-3.232%,80822400.00,China,2024,16136,Industrials,Industrial Machinery/Components
YJ,Yunji Inc. American Depository Shares,$1.81,-0.0213,-1.163%,8915227.00,China,2019,16207,Consumer Discretionary,Other Specialty Stores
YMAB,Y-mAbs Therapeutics Inc. Common Stock,$4.53,0.06,1.342%,205135057.00,United States,2018,138793,Health Care,Biotechnology: Pharmaceutical Preparations
YMAT,J-Star Holding Co. Ltd. Ordinary Shares,$4.49,-0.03,-0.664%,76387863.00,Taiwan,2025,945429,Consumer Discretionary,Recreational Games/Products/Toys
YMM,Full Truck Alliance Co. Ltd. American Depositary Shares (each representing 20 Class A Ordinary Shares),$10.66,-0.89,-7.706%,111492320974.00,China,2021,22752338,Technology,Computer Software: Prepackaged Software
YORK,Yorkville Acquisition Corp. Class A Ordinary Share,$10.54,-0.09,-0.847%,0.00,United States,2025,15752,Utilities,Electric Utilities: Central
YORKU,Yorkville Acquisition Corp. Unit,$10.97,-0.06,-0.544%,0.00,United States,2025,23681,Finance,Blank Checks
YORKW,Yorkville Acquisition Corp. Warrant,$1.26,-0.0001,-0.008%,0.00,United States,2025,13723,,
YORW,York Water Company (The) Common Stock,$30.45,0.19,0.628%,438488435.00,United States,,141835,Utilities,Water Supply
YOSH,Yoshiharu Global Co. Class A Common Stock,$2.09,-0.245,-10.493%,14732368.00,United States,2022,204079,Consumer Discretionary,Restaurants
YOU,Clear Secure Inc. Class A Common Stock,$28.84,-0.57,-1.938%,3836785119.00,United States,2021,1725717,Technology,Computer Software: Prepackaged Software
YOUL,Youlife Group Inc. American Depositary Shares,$1.98,-0.06,-2.941%,150576228.00,China,,98859,Real Estate,Other Consumer Services
YPF,YPF Sociedad Anonima Common Stock,$33.11,-0.43,-1.282%,13022586576.00,Argentina,1993,1008384,Energy,Integrated oil Companies
YQ,17 Education & Technology Group Inc. American Depositary Shares,$1.90,0.02,1.064%,16818249.00,China,2020,2117,Real Estate,Other Consumer Services
YRD,Yiren Digital Ltd. American Depositary Shares each representing two ordinary shares,$5.68,-0.24,-4.054%,490788829.00,China,2015,87318,Finance,Finance: Consumer Services
YSG,Yatsen Holding Limited American Depositary Shares each representing twenty (20) Class A Ordinary Shares,$8.69,-0.22,-2.469%,798248462.00,China,,198727,Consumer Discretionary,Package Goods/Cosmetics
YSXT,YSX Tech. Co. Ltd Class A Ordinary Shares,$2.99,-0.01,-0.333%,69517500.00,China,2024,312580,Consumer Discretionary,Automotive Aftermarket
YTRA,Yatra Online Inc. Ordinary Shares,$0.883,-0.017,-1.889%,54371935.00,India,,53542,Consumer Discretionary,Transportation Services
YUM,Yum! Brands Inc.,$145.36,1.21,0.839%,40404919865.00,United States,,1930682,Consumer Discretionary,Restaurants
YUMC,Yum China Holdings Inc. Common Stock,$46.69,0.01,0.021%,17430477343.00,United States,2016,1586591,Consumer Discretionary,Restaurants
YXT,YXT.COM GROUP HOLDING LIMITED American Depository Shares,$0.835,-0.045,-5.114%,50163069.00,China,2024,3202,Technology,Computer Software: Prepackaged Software
YYAI,Connexa Sports Technologies Inc. Common Stock,$3.50,-0.03,-0.85%,50970591.00,United States,,131226,Consumer Discretionary,Recreational Games/Products/Toys
YYGH,YY Group Holding Limited Class A Ordinary Shares,$2.4885,0.0685,2.831%,102271253.00,Singapore,2024,404293,Consumer Discretionary,Professional Services
Z,Zillow Group Inc. Class C Capital Stock,$80.20,0.65,0.817%,19364314782.00,United States,,2186919,Consumer Discretionary,Business Services
ZBAI,ATIF Holdings Limited Ordinary Shares,$0.3599,0.0089,2.536%,6232551.00,United States,2019,142160,Consumer Discretionary,Professional Services
ZBAO,Zhibao Technology Inc. Class A Ordinary Shares,$0.98,0.11,12.644%,30893290.00,China,2024,71453,Finance,Specialty Insurers
ZBH,Zimmer Biomet Holdings Inc. Common Stock,$90.62,-1.03,-1.124%,17928976154.00,United States,,2308387,Health Care,Industrial Specialties
ZBIO,Zenas BioPharma Inc. Common Stock,$15.41,-0.30,-1.91%,644664745.00,United States,2024,164595,Health Care,Biotechnology: Pharmaceutical Preparations
ZBRA,Zebra Technologies Corporation Class A Common Stock,$335.24,-3.78,-1.115%,17048404583.00,United States,1991,975915,Industrials,Industrial Machinery/Components
ZCMD,Zhongchao Inc. Class A Ordinary Shares,$0.985,-0.0419,-4.08%,25008069.00,China,2020,10705,Real Estate,Other Consumer Services
ZD,Ziff Davis Inc. Common Stock,$29.49,-1.63,-5.238%,1241162528.00,United States,,700899,Telecommunications,Telecommunications Equipment
ZDAI,Primega Group Holdings Limited Ordinary Shares,$0.5098,0.0138,2.782%,12235200.00,Hong Kong,2024,98247,Consumer Discretionary,General Bldg Contractors - Nonresidential Bldgs
ZDGE,Zedge Inc. Class B Common Stock ,$3.85,-0.17,-4.229%,52482896.00,,2016,36567,Technology,Computer Software: Prepackaged Software
ZENA,ZenaTech Inc. Common Stock,$4.39,-0.30,-6.397%,111949934.00,Canada,,835019,Technology,Computer Software: Prepackaged Software
ZENV,Zenvia Inc. Class A Common Stock,$1.46,-0.015,-1.017%,75824566.00,Brazil,2021,8420,Technology,Computer Software: Prepackaged Software
ZEO,Zeo Energy Corporation Class A Common Stock,$2.46,-0.01,-0.405%,121289919.00,United States,2021,11848,Miscellaneous,Industrial Machinery/Components
ZEOWW,Zeo Energy Corporation Warrants,$0.0469,0.00,0.00%,2312397.00,United States,2021,22,Miscellaneous,Industrial Machinery/Components
ZEPP,Zepp Health Corporation American depositary shares each representing sixteen Class A ordinary shares,$13.00,-0.46,-3.418%,186784806.00,China,,156707,Technology,Computer Manufacturing
ZETA,Zeta Global Holdings Corp. Class A Common Stock,$15.08,-0.57,-3.642%,3552005526.00,United States,2021,8138685,Technology,Computer Software: Prepackaged Software
ZEUS,Olympic Steel Inc. Common Stock,$31.49,0.39,1.254%,351513549.00,United States,1994,101699,Industrials,Metal Fabrications
ZG,Zillow Group Inc. Class A Common Stock,$77.16,0.41,0.534%,18630305842.00,United States,2011,459273,Consumer Discretionary,Business Services
ZGN,Ermenegildo Zegna N.V. Ordinary Shares,$7.75,-0.29,-3.607%,1957494062.00,,2021,909944,Consumer Discretionary,Apparel
ZH,Zhihu Inc. American Depositary Shares each representing three (3) Class A Ordinary Shares,$4.16,-0.07,-1.655%,364269822.00,China,,373520,Consumer Discretionary,Business Services
ZIM,ZIM Integrated Shipping Services Ltd. Ordinary Shares,$15.42,-0.43,-2.713%,1857454804.00,,2021,4688923,Consumer Discretionary,Marine Transportation
ZIMV,ZimVie Inc. Common Stock,$18.76,-0.03,-0.16%,529049653.00,United States,,514225,Health Care,Medical/Dental Instruments
ZION,Zions Bancorporation N.A. Common Stock,$52.08,-1.54,-2.872%,7685487837.00,United States,,1451079,Finance,Major Banks
ZIONP,Zions Bancorporation N.A. Depositary Shares (Each representing 1/40th Interest in a Share of Series A Floating-Rate Non-Cumulative Perpetual Preferred Stock),$23.15,0.105,0.456%,3416264275.00,United States,,192,Finance,Major Banks
ZIP,ZipRecruiter Inc. Class A Common Stock,$3.96,-0.24,-5.714%,367895524.00,United States,2021,1473890,Technology,Computer Software: Programming Data Processing
ZJK,ZJK Industrial Co. Ltd. Ordinary Shares,$3.26,0.04,1.242%,200102872.00,China,2024,41766,Industrials,Metal Fabrications
ZJYL,JIN MEDICAL INTERNATIONAL LTD. Ordinary Shares,$0.6407,-0.0019,-0.296%,100299727.00,China,2023,262545,Health Care,Industrial Specialties
ZK,ZEEKR Intelligent Technology Holding Limited American Depositary Shares (each representing ten (10) Ordinary Shares),$28.00,-0.24,-0.85%,7117519192.00,Cayman Islands,2024,138804,Consumer Discretionary,Auto Manufacturing
ZKH,ZKH Group Limited American Depositary Shares each representing thirty-five (35) Class A Ordinary Shares,$3.00,0.00,0.00%,479440596.00,Cayman Islands,2023,81262,Consumer Discretionary,RETAIL: Building Materials
ZKIN,ZK International Group Co. Ltd Ordinary Share,$2.01,-0.14,-6.512%,10379531.00,China,2017,29589,Industrials,Metal Fabrications
ZLAB,Zai Lab Limited American Depositary Shares,$36.82,-0.98,-2.593%,3994026893.00,China,2017,602752,Health Care,Biotechnology: Pharmaceutical Preparations
ZM,Zoom Communications Inc. Class A Common Stock,$70.97,-3.08,-4.159%,21471804875.00,United States,2019,3359172,Technology,Computer Software: Programming Data Processing
ZNTL,Zentalis Pharmaceuticals Inc. Common Stock,$1.34,-0.04,-2.899%,96415592.00,United States,2020,416410,Health Care,Biotechnology: Pharmaceutical Preparations
ZONE,CleanCore Solutions Inc. Class B Common Stock,$4.03,-0.07,-1.707%,34174549.00,,2024,8011,Industrials,Industrial Machinery/Components
ZOOZ,ZOOZ Power Ltd. Ordinary Shares,$1.48,-0.01,-0.671%,17916134.00,Israel,,412205,Technology,Industrial Machinery/Components
ZOOZW,ZOOZ Power Ltd. Warrant,$0.115,0.0182,18.802%,1392132.00,Israel,,6204,Technology,Industrial Machinery/Components
ZS,Zscaler Inc. Common Stock,$280.27,-5.29,-1.853%,43636825991.00,United States,2018,3243064,Technology,EDP Services
ZSPC,zSpace Inc. Common stock,$2.76,-0.07,-2.473%,63153440.00,United States,2024,100041,Technology,Computer Software: Prepackaged Software
ZTEK,Zentek Ltd. Common Stock,$0.8232,-0.0596,-6.751%,85838647.00,Canada,,50778,Industrials,Major Chemicals
ZTO,ZTO Express (Cayman) Inc. American Depositary Shares each representing one Class A ordinary share.,$20.23,0.54,2.743%,16274397553.00,China,2016,4045275,Industrials,Trucking Freight/Courier Services
ZTR,Virtus Total Return Fund Inc.,$6.16,-0.04,-0.645%,0.00,United States,1988,242904,Finance,Investment Managers
ZTS,Zoetis Inc. Class A Common Stock,$147.38,1.59,1.091%,65614762851.00,United States,2013,3153120,Health Care,Biotechnology: Pharmaceutical Preparations
ZUMZ,Zumiez Inc. Common Stock,$13.28,-0.43,-3.136%,235994099.00,United States,2005,163797,Consumer Discretionary,Clothing/Shoe/Accessory Stores
ZURA,Zura Bio Limited Class A Ordinary Shares,$1.50,0.10,7.143%,92812497.00,Cayman Islands,,471118,Health Care,Biotechnology: Biological Products (No Diagnostic Substances)
ZVIA,Zevia PBC Class A Common Stock,$3.04,-0.06,-1.935%,225632573.00,United States,2021,651776,Consumer Staples,Beverages (Production/Distribution)
ZVRA,Zevra Therapeutics Inc. Common Stock,$11.11,0.00,0.00%,607490812.00,United States,,802278,Health Care,Biotechnology: Pharmaceutical Preparations
ZWS,Zurn Elkay Water Solutions Corporation Common Stock,$44.98,0.73,1.65%,7536512215.00,United States,2012,2710488,Industrials,Industrial Machinery/Components
ZYBT,Zhengye Biotechnology Holding Limited Ordinary Shares,$5.30,-0.23,-4.159%,251174293.00,China,2025,8867,Health Care,Biotechnology: Pharmaceutical Preparations
ZYME,Zymeworks Inc. Common Stock,$12.57,0.01,0.08%,875921494.00,United States,,637973,Health Care,Biotechnology: Pharmaceutical Preparations
ZYXI,Zynex Inc. Common Stock,$1.265,-0.965,-43.274%,38252178.00,United States,,2269911,Health Care,Biotechnology: Electromedical & Electrotherapeutic Apparatus
