Symbol,Name,Last Sale,Net Change,% Change,Market Cap,Country,IPO Year,Volume,Sector,Industry
A,Agilent Technologies Inc. Common Stock,$114.52,-1.03,-0.891%,32363617343.00,United States,1999,1272510,Industrials,Biotechnology: Laboratory Analytical Instruments
AA,Alcoa Corporation Common Stock ,$62.63,-1.16,-1.818%,16525707874.00,United States,2016,3032540,Industrials,Aluminum
AACB,Artius II Acquisition Inc. Class A Ordinary Shares,$10.38,0.00,0.00%,0.00,United States,2025,76997,,
AACBR,Artius II Acquisition Inc. Rights,$0.33,0.00,0.00%,0.00,United States,2025,78,,
AACBU,Artius II Acquisition Inc. Units,$10.53,0.00,0.00%,0.00,United States,2025,6,Finance,Blank Checks
AACG,ATA Creativity Global American Depositary Shares,$1.17,-0.01,-0.847%,50345096.00,China,2008,4017,Real Estate,Other Consumer Services
AACI,Armada Acquisition Corp. III Class A Ordinary Share,$9.93,0.00,0.00%,0.00,United States,2026,201,,
AACIU,Armada Acquisition Corp. III Units,$10.05,0.02,0.199%,0.00,United States,2026,6902,Finance,Blank Checks
AACIW,Armada Acquisition Corp. III Warrant,$0.2199,-0.0002,-0.091%,0.00,United States,2026,2101,,
AACO,Abony Acquisition Corp. I Class A Ordinary Share,$9.85,-0.05,-0.505%,0.00,United States,2026,205,,
AACOU,Abony Acquisition Corp. I Units,$9.975,0.00,0.00%,0.00,United States,2026,10,,
AACOW,Abony Acquisition Corp. I Warrants,$0.35,0.00,0.00%,0.00,United States,2026,130,,
AACPU,Apogee Acquisition Corp Units,$10.05,0.00,0.00%,0.00,United States,2026,278075,Finance,Blank Checks
AAL,American Airlines Group Inc. Common Stock,$11.84,0.13,1.11%,7830800022.00,United States,,49065762,Consumer Discretionary,Air Freight/Delivery Services
AAME,Atlantic American Corporation Common Stock,$2.58,-0.03,-1.149%,52624848.00,United States,,3333,Finance,Life Insurance
AAMI,Acadian Asset Management Inc. Common Stock,$65.49,-1.86,-2.762%,2333342424.00,United Kingdom,2014,525362,Finance,Investment Managers
AAOI,Applied Optoelectronics Inc. Common Stock,$183.51,19.15,11.651%,14689546637.00,United States,2013,13174080,Technology,Semiconductors
AAON,AAON Inc. Common Stock,$93.59,0.28,0.30%,7659753006.00,United States,,491274,Industrials,Industrial Machinery/Components
AAP,Advance Auto Parts Inc.,$58.93,-0.58,-0.975%,3555200227.00,United States,,901238,Consumer Discretionary,Auto & Home Supply Stores
AAPG,Ascentage Pharma Group International American Depository Shares,$23.34,0.465,2.033%,2178334990.00,China,2025,921,Health Care,Biotechnology: Pharmaceutical Preparations
AAPL,Apple Inc. Common Stock,$280.14,8.79,3.239%,4112774559600.00,United States,1980,79843967,Technology,Computer Manufacturing
AARD,Aardvark Therapeutics Inc. Common Stock,$5.46,0.03,0.552%,119115584.00,United States,2025,82415,Health Care,Biotechnology: Pharmaceutical Preparations
AAT,American Assets Trust Inc. Common Stock,$20.78,0.04,0.193%,1275703650.00,United States,2011,275130,Real Estate,Real Estate Investment Trusts
AAUC,Allied Gold Corporation Common Shares,$29.14,-0.76,-2.542%,3668726000.00,,2025,660840,,
AB,AllianceBernstein Holding L.P.  Units,$39.51,-0.39,-0.977%,3646155340.00,United States,,261903,Finance,Investment Managers
ABAT,American Battery Technology Company Common Stock,$3.27,-0.11,-3.254%,430689231.00,United States,,3420159,Basic Materials,Metal Mining
ABBV,AbbVie Inc. Common Stock,$206.60,-4.72,-2.234%,365426307088.00,United States,2012,6341269,Health Care,Biotechnology: Pharmaceutical Preparations
ABCB,Ameris Bancorp Common Stock,$85.56,0.31,0.364%,5841097266.00,United States,1994,378196,Finance,Major Banks
ABCL,AbCellera Biologics Inc. Common Shares,$4.43,0.28,6.747%,1305368307.00,Canada,2020,6709992,Health Care,Biotechnology: Pharmaceutical Preparations
ABEO,Abeona Therapeutics Inc. Common Stock,$5.43,-0.03,-0.549%,308872100.00,United States,,769124,Health Care,Biotechnology: Pharmaceutical Preparations
ABEV,Ambev S.A. American Depositary Shares (Each representing 1 Common Share),$2.90,-0.02,-0.685%,45708752392.00,Brazil,2013,12509906,Consumer Staples,Beverages (Production/Distribution)
ABG,Asbury Automotive Group Inc Common Stock,$203.01,-0.68,-0.334%,3917224320.00,United States,2002,220745,Consumer Discretionary,Retail-Auto Dealers and Gas Stations
ABLV,Able View Global Inc. Class B Ordinary Shares,$0.604,-0.049,-7.504%,29831513.00,China,,29388,Consumer Discretionary,Other Consumer Services
ABLVW,Able View Global Inc. Warrant,$0.0171,-0.0043,-20.093%,844568.00,China,,785,Consumer Discretionary,Other Consumer Services
ABM,ABM Industries Incorporated Common Stock,$40.99,0.19,0.466%,2399260292.00,United States,,331043,Consumer Discretionary,Diversified Commercial Services
ABNB,Airbnb Inc. Class A Common Stock,$141.66,1.30,0.926%,84220447198.00,United States,2020,2527861,Consumer Discretionary,Diversified Commercial Services
ABOS,Acumen Pharmaceuticals Inc. Common Stock,$2.38,-0.01,-0.418%,171901640.00,United States,2021,174797,Health Care,Biotechnology: Biological Products (No Diagnostic Substances)
ABR,Arbor Realty Trust Common Stock,$7.93,0.03,0.38%,1525424340.00,United States,2004,2058460,Real Estate,Real Estate Investment Trusts
ABR^D,Arbor Realty Trust 6.375% Series D Cumulative Redeemable Preferred Stock Liquidation Preference $25.00 per Share,$16.90,0.00,0.00%,,United States,,12529,,
ABR^E,Arbor Realty Trust 6.25% Series E Cumulative Redeemable Preferred Stock,$16.8855,-0.0245,-0.145%,,United States,,8988,,
ABR^F,Arbor Realty Trust 6.25% Series F Fixed-to-Floating Rate Cumulative Redeemable Preferred Stock Liquidation Preference $25.00 per share,$23.40,0.15,0.645%,,United States,,4460,,
ABSI,Absci Corporation Common Stock,$4.92,-0.055,-1.106%,764801346.00,United States,2021,2848683,Health Care,Biotechnology: Commercial Physical & Biological Resarch
ABT,Abbott Laboratories Common Stock,$89.46,-1.33,-1.465%,155822539898.00,United States,,12858035,Health Care,Biotechnology: Pharmaceutical Preparations
ABTC,American Bitcoin Corp. Class A Common Stock,$1.21,0.06,5.217%,1283143793.00,United States,2018,13058350,Technology,EDP Services
ABTS,Abits Group Inc Ordinary Shares,$1.27,-0.05,-3.788%,3761038.00,China,,1142876,Technology,Computer Software: Programming Data Processing
ABUS,Arbutus Biopharma Corporation Common Stock,$4.32,0.12,2.857%,850779413.00,Canada,,922036,Health Care,Biotechnology: Pharmaceutical Preparations
ABVC,ABVC BioPharma Inc. Common Stock,$1.03,0.00,0.00%,26203619.00,United States,,18056,Health Care,Biotechnology: Pharmaceutical Preparations
ABVE,Above Food Ingredients Inc. Common Stock,$0.5341,-0.0135,-2.465%,27341566.00,Canada,,771997,Consumer Staples,Packaged Foods
ABVEW,Above Food Ingredients Inc. Warrants,$0.1496,0.0096,6.857%,7658300.00,Canada,,6708,Consumer Staples,Packaged Foods
ABVX,Abivax SA American Depositary Shares,$117.61,0.23,0.196%,9312966668.00,France,2023,443010,Health Care,Biotechnology: Pharmaceutical Preparations
ABX,Abacus Global Management Inc. Class A Common Stock,$9.44,-0.06,-0.632%,907547959.00,United States,,685999,Finance,Investment Managers
ABXL,Abacus Global Management Inc. 9.875% Fixed Rate Senior Notes due 2028,$25.98,0.04,0.154%,0.00,United States,,1824,,
ACA,Arcosa Inc. Common Stock ,$124.76,-1.71,-1.352%,6125538716.00,United States,2018,560945,Industrials,Metal Fabrications
ACAA,Averin Capital Acquisition Corp. Class A Ordinary Shares,$9.94,0.00,0.00%,0.00,United States,2026,527,Finance,Blank Checks
ACAAU,Averin Capital Acquisition Corp. Units,$10.0201,0.0101,0.101%,0.00,United States,2026,2816,Finance,Blank Checks
ACAAW,Averin Capital Acquisition Corp. Warrants,$0.46,0.00,0.00%,0.00,United States,2026,10,Finance,Blank Checks
ACAD,ACADIA Pharmaceuticals Inc. Common Stock,$21.95,-0.50,-2.227%,3758175001.00,United States,1985,1449025,Health Care,Biotechnology: Pharmaceutical Preparations
ACB,Aurora Cannabis Inc. Common Shares,$3.48,0.04,1.163%,197348796.00,Canada,,655249,Health Care, Medicinal Chemicals and Botanical Products 
ACCL,Acco Group Holdings Limited Class A Ordinary Shares,$1.54,0.04,2.667%,21406000.00,Hong Kong,2025,9334,Consumer Discretionary,Professional Services
ACCO,Acco Brands Corporation Common Stock,$3.95,0.74,23.053%,364418286.00,United States,,3392509,Consumer Discretionary,Publishing
ACCS,ACCESS Newswire Inc. Common Stock,$8.27,0.37,4.684%,31915675.00,United States,,3874,Consumer Discretionary,Publishing
ACDC,ProFrac Holding Corp. Class A Common Stock,$7.32,-0.22,-2.918%,1324339912.00,United States,2022,1381805,Energy,Oilfield Services/Equipment
ACEL,Accel Entertainment Inc. ,$12.43,-0.06,-0.48%,1013955498.00,United States,2017,291375,Consumer Discretionary,Services-Misc. Amusement & Recreation
ACET,Adicet Bio Inc. Common Stock,$8.20,0.65,8.609%,78705248.00,United States,2018,119261,Health Care,Biotechnology: Pharmaceutical Preparations
ACFN,Acorn Energy Inc. Common Stock,$19.39,-0.15,-0.768%,48601054.00,United States,,3521,Consumer Discretionary,Military/Government/Technical
ACGCU,ACP Holdings Acquisition Corp. Units,$10.00,0.01,0.10%,0.00,United States,2026,7293,Finance,Blank Checks
ACGL,Arch Capital Group Ltd. Common Stock,$93.82,-0.64,-0.678%,33425517943.00,Bermuda,,2003149,Finance,Property-Casualty Insurers
ACGLN,Arch Capital Group Ltd. Depositary Shares each Representing a 1/1000th Interest in a 4.550% Non-Cumulative Preferred Share Series G,$17.1501,-0.1199,-0.694%,6110114850.00,Bermuda,,16494,Finance,Property-Casualty Insurers
ACGLO,Arch Capital Group Ltd. Depositary Shares Each Representing 1/1000th Interest in a Share of 5.45% Non-Cumulative Preferred Shares Series F,$20.36,-0.05,-0.245%,7253715043.00,Bermuda,,9268,Finance,Property-Casualty Insurers
ACH,Accendra Health Inc. Common Stock,$3.74,0.03,0.809%,285877810.00,United States,,710427,Health Care,Medical Specialities
ACHC,Acadia Healthcare Company Inc. Common Stock,$27.85,1.955,7.55%,2563152971.00,United States,,5246989,Health Care,Medical Specialities
ACHR,Archer Aviation Inc. Class A Common Stock,$5.87,0.13,2.265%,4448922877.00,United States,2020,31256310,Industrials,Aerospace
ACHV,Achieve Life Sciences Inc. Common Shares,$4.38,-0.01,-0.228%,233191147.00,United States,,467469,Health Care,Biotechnology: In Vitro & In Vivo Diagnostic Substances
ACI,Albertsons Companies Inc. Class A Common Stock,$16.62,-0.23,-1.365%,8219169074.00,United States,2020,5627318,Consumer Staples,Food Chains
ACIC,American Coastal Insurance Corporation Common Stock,$11.82,-0.08,-0.672%,571412026.00,United States,,91510,Finance,Property-Casualty Insurers
ACIU,AC Immune SA Common Stock,$2.98,-0.05,-1.65%,303285248.00,Switzerland,2016,458088,Health Care,Biotechnology: Pharmaceutical Preparations
ACIW,ACI Worldwide Inc. Common Stock,$43.86,0.64,1.481%,4461438367.00,United States,,531964,Technology,Computer Software: Prepackaged Software
ACLS,Axcelis Technologies Inc. Common Stock,$139.99,0.88,0.633%,4301888500.00,United States,2000,320731,Technology,Industrial Machinery/Components
ACM,AECOM Common Stock,$84.10,0.00,0.00%,10873173278.00,United States,2007,816938,Consumer Discretionary,Military/Government/Technical
ACMR,ACM Research Inc. Class A Common Stock,$52.15,0.46,0.89%,3453105575.00,United States,2017,869655,Technology,Industrial Machinery/Components
ACN,Accenture plc Class A Ordinary Shares (Ireland),$179.83,1.12,0.627%,119612493053.00,Ireland,2001,3708676,Real Estate,Real Estate
ACNB,ACNB Corporation Common Stock,$51.53,0.84,1.657%,533515958.00,United States,,102950,Finance,Major Banks
ACNT,Ascent Industries Co. Common Stock,$14.74,0.17,1.167%,136255794.00,United States,,44575,Industrials,Steel/Iron Ore
ACOG,Alpha Cognition Inc. Common Stock,$5.95,-0.02,-0.335%,129365519.00,Canada,,18520,,
ACON,Aclarion Inc. Common Stock,$3.42,0.10,3.012%,8420895.00,United States,2022,59245,Health Care,Medical Specialities
ACONW,Aclarion Inc. Warrant,$0.0346,0.0015,4.532%,85194.00,United States,2022,5732,Health Care,Medical Specialities
ACP,abrdn Income Credit Strategies Fund Common Shares,$5.42,-0.03,-0.55%,0.00,United States,2011,449961,Finance,Investment Managers
ACP^A,abrdn Income Credit Strategies Fund 5.250% Series A Perpetual Preferred Stock,$19.93,0.01,0.05%,,United States,,3350,,
ACR,ACRES Commercial Realty Corp. Common Stock,$21.84,0.75,3.556%,155743246.00,United States,,36043,Real Estate,Real Estate Investment Trusts
ACR^C,ACRES Commercial Realty Corp. 8.625% Fixed-to-Floating Series C Cumulative Redeemable Preferred Stock ,$25.1801,0.0601,0.239%,,United States,,10840,,
ACR^D,ACRES Commercial Realty Corp. 7.875% Series D Cumulative Redeemable Preferred Stock,$21.6786,-0.1814,-0.83%,,United States,,24461,,
ACRE,Ares Commercial Real Estate Corporation Common Stock,$5.29,0.06,1.147%,292894985.00,United States,2012,307266,Real Estate,Real Estate Investment Trusts
ACRS,Aclaris Therapeutics Inc. Common Stock,$4.41,0.07,1.613%,615916829.00,United States,2015,1076519,Health Care,Biotechnology: Pharmaceutical Preparations
ACRV,Acrivon Therapeutics Inc. Common Stock,$2.09,0.24,12.973%,80975892.00,United States,2022,852374,Health Care,Biotechnology: Pharmaceutical Preparations
ACT,Enact Holdings Inc. Common Stock,$42.60,-0.13,-0.304%,6014553718.00,United States,2021,524547,Finance,Specialty Insurers
ACTG,Acacia Research Corporation (Acacia Tech) Common Stock,$5.13,0.05,0.984%,494919156.00,United States,,184445,Miscellaneous,Multi-Sector Companies
ACTU,Actuate Therapeutics Inc. Common stock,$3.00,0.06,2.041%,71114073.00,United States,2024,93671,Health Care,Biotechnology: Pharmaceutical Preparations
ACU,Acme United Corporation. Common Stock,$41.82,1.06,2.601%,159259970.00,United States,1988,16977,Consumer Discretionary,Industrial Machinery/Components
ACV,Virtus Diversified Income & Convertible Fund Common Shares of Beneficial Interest,$26.91,0.29,1.089%,278867092.00,United States,2015,23320,Finance,Finance/Investors Services
ACVA,ACV Auctions Inc. Class A Common Stock,$5.28,0.09,1.734%,919416870.00,United States,2025,3765454,Real Estate,Real Estate
ACXP,Acurx Pharmaceuticals Inc. Common Stock,$2.16,0.00,0.00%,7478836.00,United States,2021,80196,Health Care,Biotechnology: Pharmaceutical Preparations
AD,Array Digital Infrastructure Inc. Common Shares,$49.19,-0.50,-1.006%,4251330800.00,United States,1988,106945,Telecommunications,Telecommunications Equipment
ADAC,American Drive Acquisition Company Class A Ordinary Shares,$9.92,0.00,0.00%,0.00,United States,2026,2,,
ADACU,American Drive Acquisition Company Units,$10.025,0.025,0.25%,0.00,United States,2025,200,Finance,Blank Checks
ADACW,American Drive Acquisition Company Warrant,$0.4049,0.00,0.00%,0.00,United States,2026,55,,
ADAG,Adagene Inc. American Depositary Shares,$3.82,0.14,3.804%,181093189.00,China,2021,150139,Health Care,Biotechnology: Pharmaceutical Preparations
ADAM,Adamas Trust Inc. Common Stock,$8.89,-0.09,-1.002%,798865250.00,United States,,1667549,Real Estate,Real Estate Investment Trusts
ADAMG,Adamas Trust Inc. 9.125% Senior Notes Due 2030,$25.17,0.13,0.519%,0.00,United States,,15124,Real Estate,Real Estate Investment Trusts
ADAMH,Adamas Trust Inc. 9.875% Senior Notes Due 2030,$25.66,0.11,0.431%,0.00,United States,,8250,Real Estate,Real Estate Investment Trusts
ADAMI,Adamas Trust Inc. 9.125% Senior Notes Due 2029,$25.38,0.08,0.316%,2298906416.00,United States,,3410,Real Estate,Real Estate Investment Trusts
ADAML,Adamas Trust Inc. 6.875% Series F Fixed-to-Floating Rate Cumulative Redeemable Preferred Stock $0.01 par value per share,$24.195,0.045,0.186%,2174189508.00,United States,,640,Real Estate,Real Estate Investment Trusts
ADAMM,Adamas Trust Inc. 7.875% Series E Fixed-to-Floating Rate Cumulative Redeemable Preferred Stock,$25.425,0.005,0.02%,2284718671.00,United States,,6854,Real Estate,Real Estate Investment Trusts
ADAMN,Adamas Trust Inc. 8.00% Series D Fixed-to-Floating Rate Cumulative Redeemable Preferred Stock,$23.75,0.11,0.465%,2134201315.00,United States,,14605,Real Estate,Real Estate Investment Trusts
ADAMO,Adamas Trust Inc. 9.250% Senior Notes Due 2031,$25.04,0.07,0.28%,0.00,United States,,32489,Real Estate,Real Estate Investment Trusts
ADAMZ,Adamas Trust Inc. 7.000% Series G Cumulative Redeemable Preferred Stock $0.01 par value per share,$18.70,0.10,0.538%,1680402720.00,United States,,337,Real Estate,Real Estate Investment Trusts
ADBE,Adobe Inc. Common Stock,$250.71,4.61,1.873%,101336982000.00,United States,1986,5064559,Technology,Computer Software: Prepackaged Software
ADC,Agree Realty Corporation Common Stock,$76.36,-0.75,-0.973%,9171054313.00,United States,,713822,Real Estate,Real Estate Investment Trusts
ADC^A,Agree Realty Corporation Depositary Shares each representing 1/1000th of a 4.250% Series A Cumulative Redeemable Preferred Stock,$17.08,-0.07,-0.408%,,United States,,26491,,
ADCT,ADC Therapeutics SA Common Shares,$3.83,0.05,1.323%,487136061.00,Switzerland,2020,979122,Health Care,Biotechnology: Pharmaceutical Preparations
ADEA,Adeia Inc. Common Stock,$33.00,1.15,3.611%,3653223156.00,United States,2003,1949693,Technology,Computer Software: Prepackaged Software
ADGM,Adagio Medical Holdings Inc Common Stock,$1.03,0.1297,14.406%,22876773.00,United States,,93375,Health Care,Medical/Dental Instruments
ADI,Analog Devices Inc. Common Stock,$397.69,-4.57,-1.136%,194153911197.00,United States,,1986835,Technology,Semiconductors
ADIL,Adial Pharmaceuticals Inc Common Stock,$1.55,0.01,0.649%,2213354.00,United States,2018,61734,Health Care,Biotechnology: Pharmaceutical Preparations
ADM,Archer-Daniels-Midland Company Common Stock,$74.94,0.40,0.537%,36113218794.00,United States,,3823087,Consumer Staples,Packaged Foods
ADMA,ADMA Biologics Inc Common Stock,$10.52,0.27,2.634%,2505434532.00,United States,,4127352,Health Care,Biotechnology: Biological Products (No Diagnostic Substances)
ADNT,Adient plc Ordinary Shares ,$21.32,0.27,1.283%,1669991400.00,United States,2016,786045,Consumer Discretionary,Auto Parts:O.E.M.
ADP,Automatic Data Processing Inc. Common Stock,$214.21,2.27,1.071%,86250449212.00,United States,,2621732,Industrials,Diversified Commercial Services
ADPT,Adaptive Biotechnologies Corporation Common Stock,$14.27,0.17,1.206%,2279784747.00,United States,2019,983616,Health Care,Biotechnology: Biological Products (No Diagnostic Substances)
ADSE,ADS-TEC ENERGY PLC Ordinary Shares,$11.77,-0.13,-1.092%,707642249.00,Ireland,,6253,Consumer Discretionary,Industrial Specialties
ADSEW,ADS-TEC ENERGY PLC Warrant,$0.559,-0.0109,-1.913%,33608498.00,Ireland,,6634,Consumer Discretionary,Industrial Specialties
ADSK,Autodesk Inc. Common Stock,$244.35,7.35,3.101%,51593342082.00,United States,,2342518,Technology,Computer Software: Prepackaged Software
ADT,ADT Inc. Common Stock,$7.55,0.02,0.266%,6047781921.00,United States,2018,8607496,Consumer Discretionary,Diversified Commercial Services
ADTN,ADTRAN Holdings Inc. Common Stock,$18.45,0.76,4.296%,1488881901.00,United States,1994,3417972,Utilities,Telecommunications Equipment
ADTX,Aditxt Inc. Common Stock,$0.1951,0.0001,0.051%,176462.00,United States,2020,772915,Health Care,Biotechnology: Pharmaceutical Preparations
ADUR,Aduro Clean Technologies Inc. Common Stock,$14.41,0.29,2.054%,488105650.00,Canada,,604558,Industrials,Major Chemicals
ADUS,Addus HomeCare Corporation Common Stock,$99.56,2.67,2.756%,1858265099.00,United States,2009,261163,Health Care,Medical/Nursing Services
ADV,Advantage Solutions Inc. Class A Common Stock,$36.96,2.69,7.849%,485062855.00,United States,2019,77589,Real Estate,Real Estate
ADVB,Advanced Biomed Inc. Common Stock,$5.27,-0.08,-1.495%,7191105.00,Taiwan,2025,174215,Health Care,Medical Specialities
ADX,Adams Diversified Equity Fund Inc.,$24.12,0.11,0.458%,0.00,United States,,199260,Finance,Investment Managers
ADXN,Addex Therapeutics Ltd American Depositary Shares,$7.00,0.04,0.575%,11332069.00,Switzerland,,1243,Health Care,Biotechnology: Pharmaceutical Preparations
AEAQ,Activate Energy Acquisition Corp. Class A Ordinary Share,$9.97,0.00,0.00%,0.00,Cayman Islands,2026,509,,
AEAQU,Activate Energy Acquisition Corp. Unit,$10.08,0.00,0.00%,0.00,Cayman Islands,2025,20,,
AEAQW,Activate Energy Acquisition Corp. Warrant,$0.32,-0.02,-5.882%,0.00,Cayman Islands,2026,22700,,
AEBI,Aebi Schmidt Holding AG Common Stock ,$11.67,0.05,0.43%,905584811.00,Switzerland,,147871,Industrials,Auto Manufacturing
AEC,Anfield Energy Inc. Common Shares,$4.87,-0.13,-2.60%,88560833.00,Canada,,42917,Basic Materials,Metal Mining
AEE,Ameren Corporation Common Stock,$113.56,-0.09,-0.079%,31416739550.00,United States,,2068555,Utilities,Power Generation
AEF,abrdn Emerging Markets ex-China Fund Inc. Common Stock,$9.20,0.03,0.327%,987735000.00,United States,,124443,Finance,Finance/Investors Services
AEFC,Aegon Funding Company LLC 5.10% Subordinated Notes due 2049,$19.67,0.21,1.079%,0.00,United States,2019,59973,,
AEG,Aegon Ltd. New York Registry Shares,$8.23,0.00,0.00%,15710662697.00,Netherlands,,2957181,Finance,Life Insurance
AEHL,Antelope Enterprise Holdings Limited Class A Ordinary Shares,$0.5079,-0.0001,-0.02%,2401088.00,China,,48793,Industrials,Building Materials
AEHR,Aehr Test Systems Common Stock,$93.07,2.51,2.772%,2987924678.00,United States,1997,2137953,Industrials,Electrical Products
AEI,Alset Inc. Common Stock (TX),$1.51,0.00,0.00%,58732703.00,United States,2020,8992,Finance,Real Estate
AEIS,Advanced Energy Industries Inc. Common Stock,$389.05,5.14,1.339%,14724883060.00,United States,1995,435618,Technology,Industrial Machinery/Components
AEM,Agnico Eagle Mines Limited Common Stock,$183.56,-4.65,-2.471%,91961625828.00,Canada,,2772583,Basic Materials,Precious Metals
AEMD,Aethlon Medical Inc. Common Stock,$2.30,0.07,3.139%,3024753.00,United States,,8564,Health Care,Medical/Dental Instruments
AENT,Alliance Entertainment Holding Corporation Class A Common Stock,$7.81,-0.03,-0.383%,397977060.00,United States,,43864,Consumer Discretionary,Durable Goods
AENTW,Alliance Entertainment Holding Corporation Warrant,$0.63,0.00,0.00%,32103143.00,United States,,1068,Consumer Discretionary,Durable Goods
AEO,American Eagle Outfitters Inc. Common Stock,$16.94,-0.48,-2.755%,2823468808.00,United States,,5004492,Consumer Discretionary,Clothing/Shoe/Accessory Stores
AEON,AEON Biopharma Inc. Class A Common Stock,$0.89,-0.033,-3.575%,23413418.00,United States,,74046,Health Care,Biotechnology: Pharmaceutical Preparations
AEP,American Electric Power Company Inc. Common Stock,$136.91,-0.20,-0.146%,74419276047.00,United States,,2390090,Utilities,Electric Utilities: Central
AER,AerCap Holdings N.V. Ordinary Shares,$140.94,-1.27,-0.893%,25234424575.00,Netherlands,2006,1219396,Consumer Discretionary,Diversified Commercial Services
AERO,Grupo Aeromexico S.A.B. de C.V. American Depositary Shares (each representing ten (10) Common Shares),$14.92,-0.27,-1.777%,2176878862.00,,2025,285974,Consumer Discretionary,Air Freight/Delivery Services
AERT,Aeries Technology Inc. Class A Ordinary Share,$0.62,-0.0005,-0.081%,31130025.00,United States,2021,242554,Consumer Discretionary,Professional Services
AERTW,Aeries Technology Inc. Warrant,$0.02,0.00,0.00%,1004194.00,United States,2021,131062,Consumer Discretionary,Professional Services
AES,The AES Corporation Common Stock,$14.28,-0.17,-1.176%,10182662776.00,United States,,19426989,Utilities,Electric Utilities: Central
AESI,Atlas Energy Solutions Inc. Common Stock,$17.13,-0.25,-1.438%,2138974331.00,United States,2023,3448592,Industrials,Mining & Quarrying of Nonmetallic Minerals (No Fuels)
AEVA,Aeva Technologies Inc. Common Stock,$16.48,0.49,3.064%,1037903775.00,United States,,1040523,Consumer Discretionary,Auto Parts:O.E.M.
AEXA,American Exceptionalism Acquisition Corp. A Class A Ordinary Shares,$11.13,0.02,0.18%,0.00,,2025,101407,,
AEYE,AudioEye Inc. Common Stock,$7.64,0.48,6.704%,95469287.00,United States,,168816,Technology,Computer Software: Prepackaged Software
AFB,AllianceBernstein National Municipal Income Fund Inc,$11.07,-0.01,-0.09%,0.00,United States,2002,59341,Finance,Trusts Except Educational Religious and Charitable
AFBI,Affinity Bancshares Inc. Common Stock (MD),$22.41,-0.01,-0.045%,136586373.00,United States,2017,30620,Finance,Banks
AFCG,Advanced Flower Capital Inc. Common Stock,$2.90,0.06,2.113%,68233648.00,United States,2021,87275,Finance,Real Estate
AFG,American Financial Group Inc. Common Stock,$131.64,-1.63,-1.223%,10937479874.00,United States,,589702,Finance,Property-Casualty Insurers
AFGB,American Financial Group Inc. 5.875% Subordinated Debentures due 2059,$21.31,0.10,0.471%,1770568946.00,United States,2019,7508,Finance,Property-Casualty Insurers
AFGC,American Financial Group Inc. 5.125% Subordinated Debentures due 2059,$18.75,-0.07,-0.372%,1557868031.00,United States,2019,3054,Finance,Property-Casualty Insurers
AFGD,American Financial Group Inc. 5.625% Subordinated Debentures due 2060,$20.40,0.11,0.542%,1694960418.00,United States,2020,17042,Finance,Property-Casualty Insurers
AFGE,American Financial Group Inc. 4.500% Subordinated Debentures due 2060,$16.76,0.13,0.782%,1392526304.00,United States,2020,10885,Finance,Property-Casualty Insurers
AFJK,Aimei Health Technology Co. Ltd Ordinary Share,$46.18,2.48,5.675%,0.00,United States,2024,2975,,
AFJKR,Aimei Health Technology Co. Ltd Right,$0.266,0.00,0.00%,0.00,United States,2024,21422,,
AFL,AFLAC Incorporated Common Stock,$112.88,-0.79,-0.695%,58287783742.00,United States,,2127558,Finance,Accident &Health Insurance
AFRI,Forafric Global PLC Ordinary Shares,$10.20,0.20,2.00%,274396238.00,Gibraltar,,24247,Consumer Staples,Packaged Foods
AFRIW,Forafric Global PLC Warrants,$0.7915,0.014,1.801%,21292610.00,Gibraltar,,300,Consumer Staples,Packaged Foods
AFRM,Affirm Holdings Inc. Class A Common Stock,$67.54,3.26,5.072%,22498293369.00,United States,2021,6421773,Finance,Finance: Consumer Services
AFYA,Afya Limited Class A Common Shares,$13.89,-0.52,-3.609%,1248262089.00,Brazil,2019,64687,Real Estate,Other Consumer Services
AG,First Majestic Silver Corp. Ordinary Shares (Canada),$19.85,0.14,0.71%,9788775187.00,Canada,,9167318,Basic Materials,Precious Metals
AGAE,Allied Gaming & Entertainment Inc. Common Stock,$0.5877,0.0015,0.256%,22160363.00,United States,2017,481188,Consumer Discretionary,Services-Misc. Amusement & Recreation
AGBK,AGI Inc Class A Common Shares,$6.82,-0.27,-3.808%,1090723077.00,,2026,199711,Finance,Commercial Banks
AGCC,Agencia Comercial Spirits Ltd Class A Ordinary Shares,$18.40,1.00,5.747%,627697600.00,Taiwan,2025,62794,Consumer Staples,Beverages (Production/Distribution)
AGCO,AGCO Corporation Common Stock,$118.51,-2.51,-2.074%,8580575997.00,United States,,657107,Industrials,Industrial Machinery/Components
AGD,abrdn Global Dynamic Dividend Fund Common Shares of Beneficial Interest,$12.31,0.06,0.49%,0.00,United States,2006,108864,Finance,Trusts Except Educational Religious and Charitable
AGEN,Agenus Inc. Common Stock,$3.84,-0.07,-1.79%,147449679.00,United States,2000,518321,Health Care,Biotechnology: Biological Products (No Diagnostic Substances)
AGH,Aureus Greenway Holdings Inc. Common Stock,$4.89,0.97,24.745%,99045395.00,United States,2025,2845387,Consumer Discretionary,Hotels/Resorts
AGI,Alamos Gold Inc. Class A Common Shares,$39.42,-0.52,-1.302%,16551701018.00,Canada,2015,3891889,Basic Materials,Precious Metals
AGIG,Abundia Global Impact Group Inc. Common stock,$1.19,-0.02,-1.653%,52027989.00,United States,,100408,Energy,Oil & Gas Production
AGIO,Agios Pharmaceuticals Inc. Common Stock,$28.16,0.16,0.571%,1674720509.00,United States,2013,1166039,Health Care,Biotechnology: Pharmaceutical Preparations
AGL,agilon health inc. Common Stock,$29.58,1.63,5.832%,491205332.00,United States,2021,340444,Health Care,Misc Health and Biotechnology Services
AGM,Federal Agricultural Mortgage Corporation Common Stock,$174.75,0.95,0.547%,1897257430.00,United States,,169938,Finance,Finance Companies
AGM^D,Federal Agricultural Mortgage Corporation 5.700% Non-Cumulative Preferred Stock Series D,$20.675,0.055,0.267%,,United States,,3789,,
AGM^E,Federal Agricultural Mortgage Corporation 5.750% Non-Cumulative Preferred Stock Series E,$20.95,-0.01,-0.048%,,United States,,5865,,
AGM^F,Federal Agricultural Mortgage Corporation 5.250% Non-Cumulative Preferred Stock Series F,$19.18,-0.01,-0.052%,,United States,,3799,,
AGM^G,Federal Agricultural Mortgage Corporation 4.875% Non-Cumulative Preferred Stock Series G,$17.725,0.105,0.596%,,United States,,2473,,
AGM^H,Federal Agricultural Mortgage Corporation 6.500% Non-Cumulative Preferred Stock Series H,$24.31,0.19,0.788%,,United States,,5244,,
AGMB,AgomAb Therapeutics NV American Depositary Shares,$11.19,0.34,3.134%,551084840.00,Belgium,2026,53734,Health Care,Biotechnology: Biological Products (No Diagnostic Substances)
AGMH,AGM Group Holdings Inc. Class A Ordinary Shares,$0.909,0.06,7.067%,3180528.00,Hong Kong,2018,145703,Technology,EDP Services
AGNC,AGNC Investment Corp. Common Stock,$10.94,-0.08,-0.726%,12129951130.00,United States,2008,11427153,Real Estate,Real Estate Investment Trusts
AGNCL,AGNC Investment Corp. Depositary Shares Each Representing a 1/1000th Interest in a Share of 7.75% Series G Fixed-Rate Reset Cumulative Redeemable Preferred Stock,$25.065,0.065,0.26%,27791336844.00,United States,,11106,Real Estate,Real Estate Investment Trusts
AGNCM,AGNC Investment Corp. Depositary Shares rep 6.875% Series D Fixed-to-Floating Cumulative Redeemable Preferred Stock,$25.0699,0.0899,0.36%,27796769820.00,United States,,15691,Real Estate,Real Estate Investment Trusts
AGNCN,AGNC Investment Corp. Depositary Shares Each Representing a 1/1000th Interest in a Share of 7.00% Series C Fixed-To-Floating Rate Cumulative Redeemable Preferred Stock,$25.775,-0.035,-0.136%,28578564019.00,United States,,66611,Real Estate,Real Estate Investment Trusts
AGNCO,AGNC Investment Corp. Depositary Shares each representing a 1/1000th interest in a share of 6.50% Series E Fixed-to-Floating Cumulative Redeemable Preferred Stock,$25.49,0.01,0.039%,28262564378.00,United States,,5127,Real Estate,Real Estate Investment Trusts
AGNCP,AGNC Investment Corp. Depositary Shares Each Representing a 1/1000th Interest in a Share of 6.125% Series F Fixed-to-Floating Rate Cumulative Redeemable Preferred Stock,$24.90,0.00,0.00%,27608389683.00,United States,,134077,Real Estate,Real Estate Investment Trusts
AGNCZ,AGNC Investment Corp. Depositary Shares Each Representing a 1/1000th Interest in a Share of 8.75% Series H Fixed-Rate Cumulative Redeemable Preferred Stock,$25.53,-0.02,-0.078%,28306915205.00,United States,,28312,,
AGO,Assured Guaranty Ltd. Common Stock,$80.86,-1.04,-1.27%,3627513181.00,Bermuda,2004,360503,Finance,Property-Casualty Insurers
AGPU,Axe Compute Inc. Common Stock,$5.52,-0.39,-6.599%,30576754.00,United States,,317474,Health Care,Industrial Specialties
AGRO,Adecoagro S.A. Common Shares,$13.90,-0.19,-1.348%,2005887677.00,Luxembourg,2011,1068225,Consumer Staples,Farming/Seeds/Milling
AGRZ,Agroz Inc. Ordinary Shares,$0.356,-0.0336,-8.624%,7270761.00,Malaysia,2025,48871,Consumer Staples,Farming/Seeds/Milling
AGX,Argan Inc. Common Stock,$702.27,32.29,4.82%,9804015756.00,United States,,314796,Consumer Discretionary,Engineering & Construction
AGYS,Agilysys Inc. Common Stock (DE),$67.85,3.79,5.916%,1907144559.00,United States,,274280,Technology,EDP Services
AHCO,AdaptHealth Corp. Common Stock,$13.17,0.06,0.458%,1791833182.00,United States,2018,1128417,Health Care,Medical/Nursing Services
AHG,Akso Health Group ADS,$2.14,-0.05,-2.283%,1180982919.00,China,2017,153734,Real Estate,Real Estate
AHL^D,Aspen Insurance Holdings Limited 5.625% Perpetual Non-Cumulative Preference Shares,$21.55,-0.14,-0.645%,,Bermuda,,3424,,
AHL^E,Aspen Insurance Holdings Limited Depositary Shares each representing a 1/1000th interest in a share of 5.625% Perpetual Non-Cumulative Preference Shares,$21.35,-0.07,-0.327%,,Bermuda,,4509,,
AHL^F,Aspen Insurance Holdings Limited Depositary Shares each representing a 1/1000th Interest in a 7.00% Perpetual Non-Cumulative Preference Share,$24.75,0.04,0.162%,,Bermuda,,90012,,
AHMA,Ambitions Enterprise Management Co. L.L.C Class A Ordinary Shares,$1.16,0.04,3.571%,34220000.00,United Arab Emirates,2025,142678,Consumer Discretionary,Services-Misc. Amusement & Recreation
AHR,American Healthcare REIT Inc. Common Stock,$50.15,-0.63,-1.241%,9622289427.00,United States,2024,1819263,Real Estate,Real Estate Investment Trusts
AHRT,AH Realty Trust Inc. Common Stock,$6.08,-0.01,-0.164%,487474269.00,United States,2013,634324,Finance,Real Estate
AHRT^A,AH Realty Trust Inc. 6.75% Series A Cumulative Redeemable Perpetual Preferred Stock,$21.61,0.00,0.00%,,United States,,310,,
AHT,Ashford Hospitality Trust Inc Common Stock,$2.97,0.06,2.062%,19235178.00,United States,2003,8610,Real Estate,Real Estate Investment Trusts
AHT^D,Ashford Hospitality Trust Inc 8.45% Series D Cumulative Preferred Stock,$7.545,0.02,0.266%,,United States,,5200,,
AHT^F,Ashford Hospitality Trust Inc 7.375% Series F Cumulative Preferred Stock,$6.25,0.2099,3.475%,,United States,,3616,,
AHT^G,Ashford Hospitality Trust Inc 7.375% Series G Cumulative Preferred Stock,$6.0599,-0.03,-0.493%,,United States,,3046,,
AHT^H,Ashford Hospitality Trust Inc 7.50% Series H Cumulative Preferred Stock,$6.2199,0.2199,3.665%,,United States,,240,,
AHT^I,Ashford Hospitality Trust Inc 7.50% Series I Cumulative Preferred Stock,$6.00,-0.125,-2.041%,,United States,,694,,
AI,C3.ai Inc. Class A Common Stock,$9.16,0.33,3.737%,1330867594.00,United States,2020,5291096,Technology,Computer Software: Prepackaged Software
AIB,BlockchAIn Digital Infrastructure Inc Common Shares,$1.25,0.05,4.167%,47057666.00,,2026,265658,Finance,Investment Bankers/Brokers/Service
AIDX,20/20 Biolabs Inc. Common Stock,$1.545,-0.045,-2.83%,16191738.00,United States,,25637,Health Care,Precision Instruments
AIFC,AI Financial Corporation Common Stock,$0.7574,0.0072,0.96%,96315721.00,United States,,4104517,Finance,Finance: Consumer Services
AIFF,Firefly Neuroscience Inc. Common Stock,$2.27,0.03,1.339%,33580280.00,United States,,299342,Technology,Computer Software: Prepackaged Software
AIFU,AIFU Inc. Class A Ordinary Share,$1.40,0.04,2.941%,181634754.00,China,2007,6814,Finance,Specialty Insurers
AIG,American International Group Inc. New Common Stock,$78.77,3.97,5.307%,42131455473.00,United States,,9279095,Finance,Life Insurance
AIHS,Senmiao Technology Limited Common Stock,$1.1999,-0.0101,-0.835%,5468531.00,China,2018,7488,Finance,Finance: Consumer Services
AII,American Integrity Insurance Group Inc. Common Stock,$19.36,-0.24,-1.224%,379094800.00,United States,2025,96176,Finance,Property-Casualty Insurers
AIIA,AI Infrastructure Acquisition Corp. Class A Ordinary Shares,$10.08,0.00,0.00%,0.00,,2025,126,Finance,Blank Checks
AIIO,Robo.ai Inc. Class B Ordinary Shares,$0.6163,-0.0086,-1.376%,12082578.00,United Arab Emirates,,153712,Industrials,Auto Manufacturing
AIIOW,Robo.ai Inc. Warrant,$0.0162,0.0003,1.887%,317601.00,United Arab Emirates,,2197,Industrials,Auto Manufacturing
AIM,AIM ImmunoTech Inc. Common Stock,$0.5153,-0.0033,-0.636%,4216193.00,,,217646,Health Care,Biotechnology: Biological Products (No Diagnostic Substances)
AIMD,Ainos Inc. Common Stock,$1.72,-0.02,-1.149%,12497539.00,United States,,12696,Health Care,Biotechnology: Pharmaceutical Preparations
AIMDW,Ainos Inc. Warrants,$0.11,0.00,0.00%,799261.00,United States,,10,Health Care,Biotechnology: Pharmaceutical Preparations
AIN,Albany International Corporation Common Stock,$58.27,0.23,0.396%,1649234689.00,United States,,273679,Consumer Discretionary,Textiles
AIO,Virtus Artificial Intelligence & Technology Opportunities Fund Common Shares of Beneficial Interest,$24.72,0.24,0.98%,848908828.00,,2019,78395,Finance,Finance/Investors Services
AIOS,AIOS Tech Inc. Class A Common Shares,$22.00,12.68,136.052%,71483610.00,China,2016,6676789,Industrials,Metal Fabrications
AIOT,PowerFleet Inc. Common Stock,$3.26,0.04,1.242%,437320123.00,United States,,946571,Telecommunications,Telecommunications Equipment
AIP,Arteris Inc. Common Stock,$28.95,-0.01,-0.035%,1334381291.00,United States,2021,811870,Technology,Semiconductors
AIR,AAR Corp. Common Stock,$110.35,-0.02,-0.018%,4387986974.00,United States,,234168,Industrials,Aerospace
AIRE,reAlpha Tech Corp. Common Stock,$3.28,0.21,6.84%,17596387.00,United States,,248182,Finance,Real Estate
AIRG,Airgain Inc. Common Stock,$7.19,0.12,1.697%,87889783.00,United States,2016,63765,Technology,Radio And Television Broadcasting And Communications Equipment
AIRI,Air Industries Group Common Stock,$3.135,-0.025,-0.791%,14988604.00,United States,,5397,Industrials,Military/Government/Technical
AIRJ,AirJoule Technologies Corporation Class A Common Stock,$3.14,0.06,1.948%,215004404.00,United States,2022,323598,Industrials,Industrial Machinery/Components
AIRJW,AirJoule Technologies Corporation Warrant,$0.6499,0.0498,8.299%,44500434.00,United States,2022,6088,Industrials,Industrial Machinery/Components
AIRO,AIRO Group Holdings Inc. Common Stock,$7.42,-0.22,-2.88%,233272794.00,United States,2025,457760,Industrials,Aerospace
AIRS,AirSculpt Technologies Inc. Common Stock,$3.32,0.64,23.881%,234211661.00,United States,2021,3854263,Health Care,Medical/Nursing Services
AIRT,Air T Inc. Common Stock,$21.01,0.00,0.00%,56782445.00,United States,,248,Consumer Discretionary,Air Freight/Delivery Services
AIRTP,Air T Inc. Air T Funding Alpha Income Trust Preferred Securities,$19.25,0.00,0.00%,52025801.00,United States,,144,Consumer Discretionary,Air Freight/Delivery Services
AISP,Airship AI Holdings Inc. Class A Common Stock,$2.44,0.20,8.929%,83868075.00,United States,2021,482774,Technology,Computer Software: Prepackaged Software
AISPW,Airship AI Holdings Inc. Warrants,$0.70,0.0799,12.885%,24060513.00,United States,2021,26521,Technology,Computer Software: Prepackaged Software
AIT,Applied Industrial Technologies Inc. Common Stock,$302.99,-2.76,-0.903%,11198371328.00,United States,,212911,Consumer Discretionary,Industrial Specialties
AIV,Apartment Investment and Management Company Common Stock,$4.26,0.01,0.235%,612827340.00,United States,1994,1477136,Real Estate,Real Estate Investment Trusts
AIXC,AIxCrypto Holdings Inc. Common Stock,$1.48,0.02,1.37%,29947790.00,United States,2015,37496,Health Care,Biotechnology: Pharmaceutical Preparations
AIXI,XIAO-I Corporation American Depositary Shares,$0.8149,-0.1588,-16.309%,10153928.00,China,2023,10697254,Technology,Computer Software: Prepackaged Software
AIZ,Assurant Inc. Common Stock,$231.51,-4.76,-2.015%,11507185103.00,United States,2004,620542,Finance,Property-Casualty Insurers
AIZN,Assurant Inc. 5.25% Subordinated Notes due 2061,$19.68,0.10,0.511%,993037272.00,United States,2020,7159,Finance,Property-Casualty Insurers
AJG,Arthur J. Gallagher & Co. Common Stock,$208.11,1.71,0.828%,53460974583.00,United States,,2392779,Finance,Specialty Insurers
AKA,a.k.a. Brands Holding Corp. Common Stock,$10.55,-0.29,-2.675%,114137443.00,,2021,1886,Consumer Discretionary,Catalog/Specialty Distribution
AKAM,Akamai Technologies Inc. Common Stock,$103.87,0.89,0.864%,15292057996.00,United States,1999,2862242,Real Estate,Real Estate
AKAN,Akanda Corp. Common Shares,$57.09,8.13,16.605%,30509924.00,United Kingdom,2022,7994721,Health Care, Medicinal Chemicals and Botanical Products 
AKBA,Akebia Therapeutics Inc. Common Stock,$1.40,0.02,1.449%,375550060.00,United States,2014,2575371,Health Care,Biotechnology: Pharmaceutical Preparations
AKO/A,Embotelladora Andina S.A.,$23.31,0.00,0.00%,,Chile,,238,,
AKO/B,Embotelladora Andina S.A.,$27.65,-0.56,-1.985%,,Chile,,1590,,
AKR,Acadia Realty Trust Common Stock,$21.51,-0.11,-0.509%,2871953703.00,United States,,1956635,Real Estate,Real Estate Investment Trusts
AKTS,Aktis Oncology Inc. Common stock,$19.42,0.67,3.573%,1073459959.00,United States,2026,258946,Health Care,Biotechnology: Pharmaceutical Preparations
AKTX,Akari Therapeutics plc ADS,$5.47,0.0699,1.294%,6260896.00,United Kingdom,,56842,Health Care,Biotechnology: Pharmaceutical Preparations
ALAB,Astera Labs Inc. Common Stock,$202.68,7.94,4.077%,34715426031.00,United States,2024,4329467,Technology,Semiconductors
ALAR,Alarum Technologies Ltd. American Depositary Share,$6.89,0.24,3.609%,49955745.00,Israel,2018,29172,Technology,Computer Software: Prepackaged Software
ALB,Albemarle Corporation Common Stock,$193.88,-2.82,-1.434%,22855909652.00,United States,,1277218,Industrials,Major Chemicals
ALB^A,Albemarle Corporation Depositary Shares each representing a 1/20th of 7.25% Series A Mandatory Convertible Preferred Stock,$77.48,-0.46,-0.59%,,United States,,18647,,
ALBT,Avalon GloboCare Corp. Common Stock,$0.4199,0.0143,3.526%,3495083.00,United States,,207408,Health Care,Biotechnology: Biological Products (No Diagnostic Substances)
ALC,Alcon Inc. Ordinary Shares,$74.09,-0.78,-1.042%,37022773000.00,Switzerland,2019,1419323,Health Care,Ophthalmic Goods
ALCO,Alico Inc. Common Stock,$40.52,-1.09,-2.62%,310247296.00,United States,,17104,,
ALCY,Alchemy Investments Acquisition Corp 1 Class A Ordinary Shares,$11.90,0.00,0.00%,0.00,United States,2023,10,Finance,Blank Checks
ALCYW,Alchemy Investments Acquisition Corp 1 Warrants,$0.137,0.007,5.385%,0.00,United States,2023,600,Finance,Blank Checks
ALDF,Aldel Financial II Inc. Class A Ordinary Shares,$10.64,0.02,0.188%,0.00,United States,2024,1164,,
ALDFU,Aldel Financial II Inc. Units,$10.66,-0.10,-0.929%,0.00,United States,2024,102,Finance,Blank Checks
ALDFW,Aldel Financial II Inc. Warrants,$0.3201,0.00,0.00%,0.00,United States,2024,10000,Finance,Blank Checks
ALDX,Aldeyra Therapeutics Inc. Common Stock,$1.59,0.07,4.605%,95910498.00,United States,2014,743856,Health Care,Biotechnology: Pharmaceutical Preparations
ALEC,Alector Inc. Common Stock,$2.36,-0.01,-0.422%,262019441.00,United States,2019,420268,Health Care,Biotechnology: Biological Products (No Diagnostic Substances)
ALF,Centurion Acquisition Corp. Class A Ordinary Shares,$10.81,0.00,0.00%,0.00,United States,2024,50083,,
ALFUU,Centurion Acquisition Corp. Unit,$10.80,0.00,0.00%,0.00,United States,2024,2,Finance,Blank Checks
ALFUW,Centurion Acquisition Corp. Warrant,$0.12,0.00,0.00%,0.00,United States,2024,1877,Finance,Blank Checks
ALG,Alamo Group Inc. Common Stock,$171.35,-2.09,-1.205%,2076983727.00,United States,,148498,Industrials,Industrial Machinery/Components
ALGM,Allegro MicroSystems Inc. Common Stock,$48.98,0.48,0.99%,9075546813.00,United States,2020,2473001,Technology,Semiconductors
ALGN,Align Technology Inc. Common Stock,$178.91,2.90,1.648%,12813046670.00,United States,2001,840334,Health Care,Industrial Specialties
ALGS,Aligos Therapeutics Inc. Common Stock,$6.09,0.10,1.669%,32814278.00,United States,2020,207432,Health Care,Biotechnology: Biological Products (No Diagnostic Substances)
ALGT,Allegiant Travel Company Common Stock,$75.02,-0.62,-0.82%,1383994767.00,United States,2006,1040728,Consumer Discretionary,Air Freight/Delivery Services
ALH,Alliance Laundry Holdings Inc. Common Stock,$25.43,0.06,0.236%,5041173039.00,United States,2025,1808913,Industrials,Industrial Machinery/Components
ALHC,Alignment Healthcare Inc. Common Stock,$20.26,-2.28,-10.115%,4188364448.00,United States,2021,13842497,Health Care,Medical Specialities
ALIS,Calisa Acquisition Corp Ordinary shares,$10.05,0.00,0.00%,0.00,United States,2025,429,,
ALISU,Calisa Acquisition Corp Units,$10.50,-0.02,-0.19%,0.00,United States,2025,1500,,
ALIT,Alight Inc. Class A Common Stock,$0.7819,-0.0455,-5.499%,412301812.00,United States,2021,16827635,Real Estate,Real Estate
ALK,Alaska Air Group Inc. Common Stock,$38.55,-0.56,-1.432%,4368106591.00,United States,,4241986,Consumer Discretionary,Air Freight/Delivery Services
ALKS,Alkermes plc Ordinary Shares,$33.38,-0.33,-0.979%,5549515727.00,Ireland,1991,1193247,Health Care,Biotechnology: Pharmaceutical Preparations
ALKT,Alkami Technology Inc. Common Stock,$16.16,0.38,2.408%,1729394300.00,United States,2021,1826456,Technology,Computer Software: Prepackaged Software
ALL,Allstate Corporation (The) Common Stock,$216.59,-0.67,-0.308%,55754799229.00,United States,,1486064,Finance,Property-Casualty Insurers
ALL^B,Allstate Corporation (The) 5.100% Fixed-to-Floating Rate Subordinated Debentures due 2053,$26.00,0.04,0.154%,,United States,,8195,,
ALL^H,Allstate Corporation (The) Depositary Shares each representing a 1/1000th interest in a share of Fixed Rate Noncumulative Perpetual Preferred Stock Series H,$20.82,-0.03,-0.144%,,United States,,53441,,
ALL^I,Allstate Corporation (The) Depositary Shares each representing a 1/1000th interest in a share of Fixed Rate Noncumulative Perpetual Preferred Stock Series I,$19.22,0.07,0.366%,,United States,,13010,,
ALL^J,Allstate Corporation (The) Depositary Shares each representing a 1/1000th interest in a share of Fixed Rate Noncumulative Perpetual Preferred Stock Series J,$26.14,-0.05,-0.191%,,United States,,16227,,
ALLE,Allegion plc Ordinary Shares,$135.49,-1.99,-1.447%,11643449807.00,United States,2013,857034,Consumer Discretionary,Diversified Commercial Services
ALLO,Allogene Therapeutics Inc. Common Stock,$2.15,0.02,0.939%,741785288.00,United States,2018,4520330,Health Care,Biotechnology: Biological Products (No Diagnostic Substances)
ALLR,Allarity Therapeutics Inc. Common Stock,$1.30,-0.05,-3.704%,20564674.00,United States,,161294,Health Care,Biotechnology: Pharmaceutical Preparations
ALLT,Allot Ltd. Ordinary Shares,$7.62,0.28,3.815%,372794014.00,Israel,2006,203918,Telecommunications,Computer Communications Equipment
ALLY,Ally Financial Inc. Common Stock,$43.41,-0.98,-2.208%,13366730972.00,United States,2014,2075280,Finance,Major Banks
ALM,Almonty Industries Inc. Common Shares,$20.60,-1.08,-4.982%,5807927559.00,Canada,,3478610,Basic Materials,Other Metals and Minerals
ALMR,Alamar Biosciences Inc. Common Stock,$25.81,0.77,3.075%,1711126835.00,United States,2026,380957,Industrials,Biotechnology: Laboratory Analytical Instruments
ALMS,Alumis Inc. Common Stock,$25.18,0.49,1.985%,3202879205.00,United States,2024,799382,Health Care,Biotechnology: Pharmaceutical Preparations
ALMU,Aeluma Inc. Common Stock,$25.58,2.29,9.833%,460515435.00,United States,,2294368,Technology,Semiconductors
ALNT,Allient Inc. Common Stock,$76.28,0.10,0.131%,1298140439.00,United States,,130028,Industrials,Electrical Products
ALNY,Alnylam Pharmaceuticals Inc. Common Stock,$296.11,-13.38,-4.323%,39509338430.00,United States,2004,1115822,Health Care,Biotechnology: Pharmaceutical Preparations
ALOT,AstroNova Inc. Common Stock,$13.50,-0.10,-0.735%,103853340.00,United States,1983,51709,Technology,Computer peripheral equipment
ALOV,Aldabra 4 Liquidity Opportunity Vehicle Inc. Class A Ordinary Shares,$9.881,0.00,0.00%,0.00,United States,2026,50,,
ALOVU,Aldabra 4 Liquidity Opportunity Vehicle Inc. Units,$10.00,0.00,0.00%,0.00,United States,2026,2400,Finance,Blank Checks
ALOVW,Aldabra 4 Liquidity Opportunity Vehicle Inc. Warrants,$0.35,0.00,0.00%,0.00,United States,2026,654,,
ALOY,REalloys Inc. Common Stock,$9.85,1.16,13.349%,562710810.00,United States,,2401475,Technology,EDP Services
ALP,Alpha Compute Corp Common Stock,$0.24,0.0035,1.48%,5624301.00,Canada,,1761046,Energy,Oil & Gas Production
ALPS,ALPS Group Inc Ordinary Share,$0.9099,0.0099,1.10%,151407657.00,Malaysia,,7150,,
ALRM,Alarm.com Holdings Inc. Common Stock,$47.13,2.72,6.125%,2328178876.00,United States,2015,487433,Technology,Computer Software: Prepackaged Software
ALRS,Alerus Financial Corporation Common Stock,$26.95,0.01,0.037%,688848225.00,United States,2019,205147,Finance,Major Banks
ALSN,Allison Transmission Holdings Inc. Common Stock,$131.23,-3.12,-2.322%,10909073655.00,United States,2012,738276,Consumer Discretionary,Auto Parts:O.E.M.
ALT,Altimmune Inc. Common Stock,$2.82,0.22,8.462%,547642190.00,United States,,4888169,Health Care,Biotechnology: Pharmaceutical Preparations
ALTG,Alta Equipment Group Inc. Class A Common Stock,$7.98,0.23,2.968%,259606717.00,United States,2019,233048,Industrials,Industrial Machinery/Components
ALTG^A,Alta Equipment Group Inc. Depositary Shares (each representing 1/1000th in a share of 10% Series A Cumulative Perpetual Preferred Stock),$25.1648,0.0298,0.119%,,United States,,701,,
ALTI,AlTi Global Inc. Class A Common Stock,$3.60,0.06,1.695%,542423340.00,United States,2021,167104,Finance,Investment Managers
ALTO,Alto Ingredients Inc. Common Stock,$5.43,-0.09,-1.63%,419698536.00,United States,,1641611,Industrials,Major Chemicals
ALV,Autoliv Inc. Common Stock,$116.17,0.24,0.207%,8696873975.00,Sweden,,495064,Consumer Discretionary,Auto Parts:O.E.M.
ALVO,Alvotech Ordinary Shares,$3.46,0.12,3.593%,1079687090.00,Luxembourg,,184259,Health Care,Biotechnology: Biological Products (No Diagnostic Substances)
ALX,Alexander's Inc. Common Stock,$244.34,-7.62,-3.024%,1247915239.00,United States,,48965,Real Estate,Real Estate Investment Trusts
ALXO,ALX Oncology Holdings Inc. Common Stock,$1.69,-0.01,-0.588%,227406260.00,United States,2020,1241035,Health Care,Biotechnology: Pharmaceutical Preparations
ALZN,Alzamend Neuro Inc. Common Stock,$1.12,-0.02,-1.754%,4261310.00,United States,2021,30149,Health Care,Biotechnology: Pharmaceutical Preparations
AM,Antero Midstream Corporation Common Stock,$21.70,-0.16,-0.732%,10307066000.00,United States,2017,2606378,Utilities,Natural Gas Distribution
AMAL,Amalgamated Financial Corp. Common Stock (DE),$41.34,0.46,1.125%,1234009790.00,United States,2018,92995,Finance,Major Banks
AMAT,Applied Materials Inc. Common Stock,$389.08,-5.41,-1.371%,308777727052.00,United States,1972,4584529,Technology,Semiconductors
AMBA,Ambarella Inc. Ordinary Shares,$71.56,2.76,4.012%,3133532181.00,United States,2012,625413,Technology,Semiconductors
AMBO,Ambow Education Holding Ltd. American Depository Shares (each representing twenty (20) Class A Ordinary Shares),$2.28,-0.02,-0.87%,6521534.00,China,,8001,Real Estate,Other Consumer Services
AMBP,Ardagh Metal Packaging S.A. Ordinary Shares,$3.94,0.09,2.338%,2354936369.00,,,702956,Industrials,Containers/Packaging
AMBQ,Ambiq Micro Inc. Common Stock,$40.39,2.91,7.764%,862928876.00,United States,2025,733966,Technology,Semiconductors
AMBR,Amber International Holding Limited American Depositary Shares,$2.28,0.00,0.00%,213597069.00,Hong Kong,2017,25151,Finance,Finance: Consumer Services
AMC,AMC Entertainment Holdings Inc. Class A Common Stock,$1.45,-0.07,-4.605%,845056013.00,United States,2013,29422935,Consumer Discretionary,Movies/Entertainment
AMCI,AMC Robotics Corporation Common Stock,$6.79,0.17,2.568%,153422515.00,United States,2023,43200,Consumer Discretionary,Home Furnishings
AMCR,Amcor plc Ordinary Shares,$37.75,-0.29,-0.762%,17442224798.00,United Kingdom,2019,3805875,Consumer Discretionary,Miscellaneous manufacturing industries
AMCX,AMC Global Media Inc. Class A Common Stock,$8.57,0.08,0.942%,366059674.00,United States,,299656,Telecommunications,Cable & Other Pay Television Services
AMD,Advanced Micro Devices Inc. Common Stock,$360.54,6.05,1.707%,587802343381.00,United States,,34170846,Technology,Semiconductors
AME,AMETEK Inc.,$230.48,-5.02,-2.132%,52795000076.00,United States,,1989270,Industrials,Industrial Machinery/Components
AMG,Affiliated Managers Group Inc. Common Stock,$291.07,-3.60,-1.222%,7729103633.00,United States,,561296,Finance,Investment Managers
AMGN,Amgen Inc. Common Stock,$329.82,-16.43,-4.745%,177999072599.00,United States,1983,3820564,Health Care,Biotechnology: Biological Products (No Diagnostic Substances)
AMH,American Homes 4 Rent Common Shares of Beneficial Interest,$31.95,0.11,0.345%,11623275363.00,United States,2013,2481098,Real Estate,Real Estate Investment Trusts
AMH^G,American Homes 4 Rent Series G cumulative redeemable perpetual preferred shares of beneficial interest,$22.81,0.08,0.352%,,United States,,962,,
AMH^H,American Homes 4 Rent Series H cumulative redeemable perpetual Preferred Shares of Beneficial Interest,$23.7501,0.0301,0.127%,,United States,,12120,,
AMIX,Autonomix Medical Inc. Common Stock,$0.37,0.0299,8.792%,4221457.00,United States,2024,392367,Health Care,Medical/Dental Instruments
AMKR,Amkor Technology Inc. Common Stock,$71.09,1.34,1.921%,17621257305.00,United States,1998,10934615,Technology,Semiconductors
AMLX,Amylyx Pharmaceuticals Inc. Common Stock,$16.01,0.01,0.063%,1778484571.00,United States,2022,756105,Health Care,Biotechnology: Pharmaceutical Preparations
AMN,AMN Healthcare Services Inc,$21.12,0.65,3.175%,816419873.00,United States,,757948,Consumer Discretionary,Professional Services
AMOD,Alpha Modus Holdings Inc. Class A Common Stock,$0.2397,0.0076,3.274%,12199605.00,United States,,706314,Miscellaneous,Multi-Sector Companies
AMODW,Alpha Modus Holdings Inc. Warrant,$0.0299,0.0001,0.336%,1521770.00,United States,,3822,Miscellaneous,Multi-Sector Companies
AMP,Ameriprise Financial Inc. Common Stock,$467.19,-7.60,-1.601%,42369306460.00,United States,,536502,Finance,Investment Managers
AMPG,Amplitech Group Inc. Common Stock,$2.05,0.09,4.592%,51929163.00,United States,,385867,Telecommunications,Telecommunications Equipment
AMPGR,Amplitech Group Inc. Series A Right,$0.0408,0.0132,47.826%,1033517.00,United States,,2674,Telecommunications,Telecommunications Equipment
AMPGZ,Amplitech Group Inc. Series B Right,$0.0889,0.0171,23.816%,2251952.00,United States,,12131,Telecommunications,Telecommunications Equipment
AMPH,Amphastar Pharmaceuticals Inc. Common Stock,$21.88,-0.08,-0.364%,974425231.00,United States,2014,353206,Health Care,Biotechnology: Pharmaceutical Preparations
AMPL,Amplitude Inc. Class A Common Stock,$7.79,0.68,9.564%,1032795084.00,United States,,1446723,Technology,Computer Software: Prepackaged Software
AMPX,Amprius Technologies Inc. Common Stock,$20.87,-0.19,-0.902%,2938643363.00,United States,2022,6098133,Miscellaneous,Industrial Machinery/Components
AMPY,Amplify Energy Corp. Common Stock,$6.21,-0.19,-2.969%,256394984.00,United States,2016,639005,Energy,Oil & Gas Production
AMR,Alpha Metallurgical Resources Inc. Common Stock,$182.37,-4.08,-2.188%,2330480516.00,United States,2018,235093,Energy,Coal Mining
AMRC,Ameresco Inc. Class A Common Stock,$31.36,1.77,5.982%,1660180117.00,United States,2010,607492,Consumer Discretionary,Engineering & Construction
AMRN,Amarin Corporation plc,$14.07,0.14,1.005%,295035364.00,Ireland,,301688,Health Care,Biotechnology: Pharmaceutical Preparations
AMRX,Amneal Pharmaceuticals Inc. Class A Common Stock,$12.83,-0.04,-0.311%,4092757375.00,United States,,1398898,Health Care,Biotechnology: Pharmaceutical Preparations
AMRZ,Amrize Ltd Ordinary Shares,$53.38,-0.40,-0.744%,29543167459.00,Switzerland,2025,2589549,Industrials,Building Materials
AMS,American Shared Hospital Services Common Stock,$1.70,0.25,17.241%,11223400.00,United States,1988,1072516,Health Care,Medical Specialities
AMSC,American Superconductor Corporation Common Stock,$52.51,-1.03,-1.924%,2500121085.00,United States,1991,1283848,Consumer Discretionary,Metal Fabrications
AMSF,AMERISAFE Inc. Common Stock,$30.18,-0.12,-0.396%,564479809.00,United States,2005,209008,Finance,Property-Casualty Insurers
AMST,Amesite Inc. Common Stock,$1.05,-0.04,-3.67%,4801349.00,United States,2020,368448,Technology,Computer Software: Prepackaged Software
AMT,American Tower Corporation (REIT) Common Stock,$181.61,-1.10,-0.602%,84610840261.00,United States,,1943192,Real Estate,Real Estate Investment Trusts
AMTB,Amerant Bancorp Inc. Class A Common Stock,$22.94,-0.03,-0.131%,896090837.00,United States,,187854,Finance,Major Banks
AMTD,AMTD IDEA Group American Depositary Shares each representing six (6) Class A Ordinary Shares,$1.04,0.00,0.00%,99533776.00,,,45523,Finance,Finance: Consumer Services
AMTM,Amentum Holdings Inc. Common Stock,$25.65,-0.58,-2.211%,6256937264.00,United States,2024,2064229,Real Estate,Real Estate
AMTX,Aemetis Inc. (DE) Common Stock,$3.52,0.37,11.746%,239872470.00,United States,,3151986,Industrials,Major Chemicals
AMWD,American Woodmark Corporation Common Stock,$44.34,0.66,1.511%,646015842.00,United States,1986,131443,Basic Materials,Forest Products
AMWL,American Well Corporation Class A Common Stock,$6.12,-0.20,-3.165%,102255916.00,United States,2020,19423,Real Estate,Real Estate
AMX,America Movil S.A.B. de C.V. American Depositary Shares (each representing the right to receive twenty (20) Series B Shares,$26.35,-0.25,-0.94%,79306912500.00,Mexico,2023,869991,Telecommunications,Telecommunications Equipment
AMZE,Amaze Holdings Inc. Common Stock,$0.1415,-0.0055,-3.741%,6368547.00,,2021,6043128,Consumer Staples,Beverages (Production/Distribution)
AMZN,Amazon.com Inc. Common Stock,$268.26,3.20,1.207%,2884935587600.00,United States,1997,50779739,Consumer Discretionary,Catalog/Specialty Distribution
AN,AutoNation Inc. Common Stock,$210.00,-2.38,-1.121%,7208352270.00,United States,,1100812,Consumer Discretionary,Retail-Auto Dealers and Gas Stations
ANAB,AnaptysBio Inc. Common Stock,$66.76,1.03,1.567%,1919233504.00,United States,2017,358596,Health Care,Biotechnology: Pharmaceutical Preparations
ANDE,Andersons Inc. (The) Common Stock,$79.12,0.58,0.738%,2694309360.00,United States,,293571,Industrials,Farming/Seeds/Milling
ANDG,Andersen Group Inc. Class A Common Stock,$34.24,-1.14,-3.222%,3816957517.00,,2025,185078,Real Estate,Real Estate
ANET,Arista Networks Inc. Common Stock,$172.70,-0.01,-0.006%,217458561943.00,United States,,7637474,Telecommunications,Computer Communications Equipment
ANF,Abercrombie & Fitch Company Common Stock,$84.54,-0.81,-0.949%,3782194904.00,United States,,768813,Consumer Discretionary,Clothing/Shoe/Accessory Stores
ANG^D,American National Group Inc. Depositary Shares each representing a 1/1000th interest in a share of 7.375% Fixed-Rate Non-Cumulative Preferred Stock Series D,$24.94,0.15,0.605%,,United States,,5735,,
ANGH,Anghami Inc. Ordinary Shares,$3.70,-0.20,-5.128%,33540071.00,United Arab Emirates,,2477,Consumer Discretionary,Telecommunications Equipment
ANGHW,Anghami Inc. Warrants,$0.0117,0.00,0.00%,106059.00,United Arab Emirates,,400,Consumer Discretionary,Telecommunications Equipment
ANGI,Angi Inc. Class A Common Stock,$7.64,0.30,4.087%,309595315.00,United States,,750052,Consumer Discretionary,Advertising
ANGO,AngioDynamics Inc. Common Stock,$11.16,0.22,2.011%,461119091.00,United States,2004,260387,Health Care,Medical/Dental Instruments
ANGX,Angel Studios Inc. Class A Common Stock,$3.15,0.58,22.568%,534987719.00,United States,2025,3769889,Consumer Discretionary,Movies/Entertainment
ANIK,Anika Therapeutics Inc. Common Stock,$14.85,2.40,19.277%,197588516.00,United States,,236312,Health Care,Medical/Dental Instruments
ANIP,ANI Pharmaceuticals Inc.,$80.39,0.94,1.183%,1805412126.00,United States,,266360,Health Care,Biotechnology: Pharmaceutical Preparations
ANIX,Anixa Biosciences Inc. Common Stock,$3.14,0.14,4.667%,105277474.00,United States,,159727,Health Care,Biotechnology: Pharmaceutical Preparations
ANL,Adlai Nortye Ltd. American Depositary Shares,$15.50,1.23,8.619%,1129321894.00,Cayman Islands,2023,593569,Health Care,Biotechnology: Pharmaceutical Preparations
ANNA,AleAnna Inc. Class A Common Stock,$3.54,-0.27,-7.087%,235956155.00,United States,,796109,Energy,Oil & Gas Production
ANNAW,AleAnna Inc. Warrant,$0.39,0.01,2.632%,25995170.00,United States,,97118,Energy,Oil & Gas Production
ANNX,Annexon Inc. Common Stock,$5.75,-0.12,-2.044%,934416849.00,United States,2020,1233971,Health Care,Biotechnology: Pharmaceutical Preparations
ANPA,Rich Sparkle Holdings Limited Ordinary Shares,$6.50,-0.22,-3.274%,98161408.00,Hong Kong,2025,7135,Consumer Discretionary,Other Consumer Services
ANRO,Alto Neuroscience Inc. Common Stock,$24.94,-0.72,-2.806%,874215111.00,United States,2024,208955,Health Care,Biotechnology: Pharmaceutical Preparations
ANSC,Agriculture & Natural Solutions Acquisition Corporation Class A Ordinary Shares,$11.30,0.02,0.177%,0.00,United States,2024,600011,,
ANSCW,Agriculture & Natural Solutions Acquisition Corporation Warrant,$0.22,0.01,4.762%,0.00,United States,2024,93156,,
ANTA,Antalpha Platform Holding Company Class A Ordinary Shares,$9.12,0.57,6.667%,218811746.00,Singapore,2025,668,Finance,Investment Bankers/Brokers/Service
ANTX,AN2 Therapeutics Inc. Common Stock,$4.68,0.13,2.857%,168459151.00,United States,2022,106567,Health Care,Biotechnology: Pharmaceutical Preparations
ANVS,Annovis Bio Inc. Common Stock,$2.00,0.03,1.523%,58538474.00,United States,2020,708095,Health Care,Biotechnology: Pharmaceutical Preparations
ANY,Sphere 3D Corp. Common Shares,$1.57,0.10,6.803%,5914325.00,Canada,,131521,Finance,Finance: Consumer Services
AOD,abrdn Total Dynamic Dividend Fund Common Shares of Beneficial Interest,$10.28,0.10,0.982%,0.00,United States,2007,387406,Finance,Investment Managers
AOMD,Angel Oak Mortgage REIT Inc. 9.750% Senior Notes due 2030,$25.5001,0.18,0.711%,0.00,United States,2025,2760,Finance,Real Estate
AOMN,Angel Oak Mortgage REIT Inc. 9.500% Senior Notes due 2029,$25.06,0.11,0.441%,0.00,United States,2024,7704,Finance,Real Estate
AOMR,Angel Oak Mortgage REIT Inc. Common Stock,$9.23,0.16,1.764%,229962192.00,United States,2021,54960,Finance,Real Estate
AON,Aon plc Class A Ordinary Shares (Ireland),$311.51,-0.14,-0.045%,66530300610.00,United States,,1822712,Finance,Specialty Insurers
AORT,Artivion Inc. Common Stock,$36.21,0.38,1.061%,1756039907.00,United States,,288457,Health Care,Medical/Dental Instruments
AOS,A.O. Smith Corporation Common Stock,$60.35,-1.49,-2.409%,8345796491.00,United States,,2368729,Consumer Discretionary,Consumer Electronics/Appliances
AOSL,Alpha and Omega Semiconductor Limited Common Shares,$43.08,-0.35,-0.806%,1282096341.00,Bermuda,2010,1717396,Technology,Semiconductors
AOUT,American Outdoor Brands Inc. Common Stock ,$9.60,0.19,2.019%,120919296.00,United States,,22076,Consumer Discretionary,Recreational Games/Products/Toys
AP,Ampco-Pittsburgh Corporation Common Stock,$10.47,-0.45,-4.121%,212817293.00,United States,,64324,Industrials,Fluid Controls
APA,APA Corporation Common Stock,$40.13,-0.60,-1.473%,14181958614.00,United States,,6293110,Energy,Oil & Gas Production
APAC,StoneBridge Acquisition II Corporation Class A Ordinary Shares,$10.09,0.00,0.00%,0.00,United States,2025,5,,
APACU,StoneBridge Acquisition II Corporation Units,$10.40,0.00,0.00%,0.00,United States,2025,99,Finance,Blank Checks
APAD,A Paradise Acquisition Corp. Class A Ordinary Shares,$10.65,0.42,4.106%,0.00,Singapore,2025,49095,,
APADR,A Paradise Acquisition Corp. Rights,$0.86,0.0606,7.581%,0.00,Singapore,2025,516601,,
APADU,A Paradise Acquisition Corp. Unit,$11.96,1.46,13.905%,0.00,Singapore,2025,1239,,
APAM,Artisan Partners Asset Management Inc. Class A Common Stock,$37.55,0.11,0.294%,3043718963.00,United States,2013,1112858,Finance,Investment Managers
APC,ARKO Petroleum Corp. Class A Common Stock,$18.85,0.16,0.856%,896698704.00,United States,2026,215450,Energy,Oil Refining/Marketing
APD,Air Products and Chemicals Inc. Common Stock,$301.07,1.02,0.34%,67035044329.00,United States,,1028413,Basic Materials,Major Chemicals
APEI,American Public Education Inc. Common Stock,$58.22,0.07,0.12%,1071897386.00,United States,2007,189856,Real Estate,Other Consumer Services
APG,APi Group Corporation Common Stock,$45.94,0.22,0.481%,19871112522.00,United States,2020,4243208,Consumer Discretionary,Engineering & Construction
APGE,Apogee Therapeutics Inc. Common Stock,$80.75,-2.14,-2.582%,6082725341.00,United States,2023,472605,Health Care,Biotechnology: Biological Products (No Diagnostic Substances)
APH,Amphenol Corporation Common Stock,$142.30,-4.97,-3.375%,174947989891.00,United States,,5771444,Technology,Electrical Products
API,Agora Inc. American Depositary Shares,$3.75,0.21,5.932%,317061694.00,China,2020,181163,Technology,Computer Software: Prepackaged Software
APLD,Applied Digital Corporation Common Stock,$33.55,-0.70,-2.044%,9587568033.00,United States,2022,17012150,Finance,Finance: Consumer Services
APLE,Apple Hospitality REIT Inc. Common Shares,$13.39,-0.08,-0.594%,3160651829.00,United States,2015,5760951,Real Estate,Real Estate Investment Trusts
APLM,Apollomics Inc. Class A Ordinary Shares,$16.22,3.2199,24.768%,35619963.00,United States,,5308,Health Care,Biotechnology: Pharmaceutical Preparations
APLMW,Apollomics Inc. Warrant,$0.0184,0.0017,10.18%,40407.00,United States,,53079,Health Care,Biotechnology: Pharmaceutical Preparations
APLS,Apellis Pharmaceuticals Inc. Common Stock,$40.96,0.01,0.024%,5235913073.00,United States,2017,1714641,Health Care,Biotechnology: Pharmaceutical Preparations
APM,Aptorum Group Limited Class A Ordinary Shares,$0.8801,0.0051,0.583%,7167321.00,Hong Kong,2018,7107,Health Care,Biotechnology: Pharmaceutical Preparations
APO,Apollo Global Management Inc. (New) Common Stock,$130.46,1.74,1.352%,75212694180.00,United States,,3906692,Finance,Investment Managers
APO^A,Apollo Global Management Inc. 6.75% Series A Mandatory Convertible Preferred Stock,$66.54,0.81,1.232%,,United States,,314539,,
APOG,Apogee Enterprises Inc. Common Stock,$36.30,-0.10,-0.275%,770312753.00,United States,,217756,Consumer Discretionary,Auto Parts:O.E.M.
APOS,Apollo Global Management Inc. 7.625% Fixed-Rate Resettable Junior Subordinated Notes due 2053,$25.78,0.08,0.311%,14682593506.00,United States,1987,22008,Finance,Investment Managers
APP,Applovin Corporation Class A Common Stock,$460.00,13.65,3.058%,154695441020.00,United States,2021,2481013,Technology,Computer Software: Programming Data Processing
APPF,AppFolio Inc. Class A Common Stock,$173.10,6.01,3.597%,6120562062.00,United States,2015,344934,Technology,Computer Software: Prepackaged Software
APPN,Appian Corporation Class A Common Stock,$22.54,1.75,8.418%,1676143711.00,United States,2017,1020132,Technology,Computer Software: Prepackaged Software
APPS,Digital Turbine Inc. Common Stock,$3.68,0.15,4.249%,441231753.00,United States,,942840,Miscellaneous,Multi-Sector Companies
APRE,Aprea Therapeutics Inc. Common stock,$0.818,0.0181,2.263%,9801911.00,United States,2019,46602,Health Care,Biotechnology: Pharmaceutical Preparations
APT,Alpha Pro Tech Ltd. Common Stock,$4.60,0.00,0.00%,46852964.00,Canada,2000,23361,Health Care,Industrial Specialties
APTV,Aptiv PLC Ordinary Shares,$60.49,0.23,0.382%,12892918749.00,United Kingdom,,2473685,Consumer Discretionary,Auto Parts:O.E.M.
APVO,Aptevo Therapeutics Inc. Common Stock,$4.92,0.07,1.443%,5814087.00,United States,,4315,Health Care,Biotechnology: Pharmaceutical Preparations
APWC,Asia Pacific Wire & Cable Corporation Ltd. Ordinary Shares (Bermuda),$1.53,0.00,0.00%,63085655.00,Taiwan,,5111,Industrials,Telecommunications Equipment
APXT,Apex Treasury Corporation Class A Ordinary Share,$9.98,-0.02,-0.20%,0.00,United States,2025,558348,Technology,Computer Software: Prepackaged Software
APXTU,Apex Treasury Corporation Units,$10.12,0.00,0.00%,0.00,United States,2025,100,Finance,Blank Checks
APXTW,Apex Treasury Corporation Warrants,$0.2201,0.00,0.00%,0.00,United States,2025,26443,Finance,Blank Checks
APYX,Apyx Medical Corporation Common Stock,$3.06,-0.27,-8.108%,127997432.00,United States,,514064,Health Care,Medical/Dental Instruments
AQB,AquaBounty Technologies Inc. Common Stock,$0.9325,-0.0054,-0.576%,4799768.00,United States,,6026,Consumer Staples,Meat/Poultry/Fish
AQMS,Aqua Metals Inc. Common Stock,$5.17,0.04,0.78%,17322623.00,United States,2015,66958,Industrials,Metal Fabrications
AQN,Algonquin Power & Utilities Corp. Common Shares,$6.31,0.03,0.478%,4850445397.00,United States,2016,2247169,Utilities,Electric Utilities: Central
AQNB,Algonquin Power & Utilities Corp. 6.20% Fixed-to-Floating Subordinated Notes Series 2019-A due July 1 2079,$26.08,-0.05,-0.191%,20030092026.00,United States,2019,4393,Utilities,Electric Utilities: Central
AQST,Aquestive Therapeutics Inc. Common Stock,$4.20,0.10,2.439%,521995076.00,United States,2018,973815,Health Care,Biotechnology: Pharmaceutical Preparations
AR,Antero Resources Corporation Common Stock,$38.89,-0.37,-0.942%,12049522040.00,United States,2013,4517345,Energy,Oil & Gas Production
ARAI,Arrive AI Inc. Common Stock,$0.7597,0.06,8.575%,36261538.00,United States,,2353542,Consumer Discretionary,Diversified Commercial Services
ARAY,Accuray Incorporated Common Stock,$0.4667,-0.0002,-0.043%,55435853.00,United States,2007,797224,Health Care,Medical/Dental Instruments
ARBB,ARB IOT Group Limited Ordinary Shares,$4.65,0.05,1.087%,8208440.00,Malaysia,2023,288,Technology,EDP Services
ARBE,Arbe Robotics Ltd. Ordinary Shares,$0.8401,-0.0149,-1.743%,91728933.00,Israel,,610908,Technology,EDP Services
ARBEW,Arbe Robotics Ltd. Warrant,$0.0391,0.0006,1.558%,4269255.00,Israel,,3511,Technology,EDP Services
ARBK,Argo Blockchain plc American Depositary Shares,$3.26,0.22,7.237%,43552531.00,United Kingdom,2021,26984,Finance,Finance: Consumer Services
ARCB,ArcBest Corporation Common Stock,$125.82,-1.75,-1.372%,2805257933.00,United States,,262254,Industrials,Trucking Freight/Courier Services
ARCC,Ares Capital Corporation Common Stock,$19.25,0.09,0.47%,13821939766.00,United States,2004,5768659,Finance,Finance: Consumer Services
ARCI,Archimedes Tech SPAC Partners III Co. Ordinary Share,$9.9183,0.0083,0.084%,0.00,United States,2026,104,,
ARCIU,Archimedes Tech SPAC Partners III Co. Units,$9.99,0.00,0.00%,0.00,United States,2026,1710,Finance,Blank Checks
ARCIW,Archimedes Tech SPAC Partners III Co. Warrant,$0.45,0.05,12.50%,0.00,United States,2026,16800,,
ARCLU,ARC Group Acquisition I Corp Unit,$10.01,-0.01,-0.10%,0.00,United States,2026,357439,Finance,Blank Checks
ARCO,Arcos Dorados Holdings Inc. Class A Shares,$8.78,-0.14,-1.57%,1849621640.00,Argentina,2011,1053521,Consumer Discretionary,Restaurants
ARCT,Arcturus Therapeutics Holdings Inc. Common Stock,$8.63,0.01,0.116%,245291085.00,Israel,2013,311455,Health Care,Biotechnology: Pharmaceutical Preparations
ARDC,Ares Dynamic Credit Allocation Fund Inc. Common Shares,$12.67,0.08,0.635%,290332277.00,United States,2012,138426,Finance,Investment Managers
ARDT,Ardent Health Inc. Common Stock,$10.15,0.39,3.996%,1452420969.00,United States,2024,758079,Health Care,Hospital/Nursing Management
ARDX,Ardelyx Inc. Common Stock,$6.88,0.55,8.689%,1699562183.00,United States,2014,11623226,Health Care,Biotechnology: Pharmaceutical Preparations
ARE,Alexandria Real Estate Equities Inc. Common Stock,$41.39,0.88,2.172%,7213013777.00,United States,,2418808,Real Estate,Real Estate Investment Trusts
AREB,American Rebel Holdings Inc. Common Stock,$0.32,-0.0576,-15.254%,1104533.00,United States,,4253511,Industrials,Plastic Products
AREBW,American Rebel Holdings Inc. Warrants,$0.0116,-0.0029,-20.00%,40039.00,United States,,26583,Industrials,Plastic Products
AREC,American Resources Corporation Class A Common Stock,$2.28,-0.04,-1.724%,243790867.00,United States,,2546092,Energy,Coal Mining
AREN,The Arena Group Holdings Inc. Common Stock,$2.60,0.08,3.175%,123767254.00,United States,2022,78348,Technology,EDP Services
ARES,Ares Management Corporation Class A Common Stock,$119.00,1.60,1.363%,38835999027.00,United States,2014,4531896,Finance,Investment Managers
ARES^B,Ares Management Corporation 6.75% Series B Mandatory Convertible Preferred Stock,$39.76,0.52,1.325%,,United States,,376175,,
ARGX,argenx SE American Depositary Shares,$783.50,1.78,0.228%,48626272748.00,Netherlands,2017,188648,Health Care,Biotechnology: Biological Products (No Diagnostic Substances)
ARHS,Arhaus Inc. Class A Common Stock,$7.58,0.18,2.432%,1070894775.00,United States,2021,1010311,Consumer Discretionary,Other Specialty Stores
ARI,Apollo Commercial Real Estate Finance Inc,$11.04,0.10,0.914%,1466660710.00,United States,2009,1862238,Real Estate,Real Estate Investment Trusts
ARIS,Aris Mining Corporation Common Shares,$17.87,-0.02,-0.112%,3686836434.00,,2023,737239,,
ARKO,ARKO Corp. Common Stock,$6.75,0.15,2.273%,757239989.00,United States,,722454,Consumer Staples,Food Chains
ARKR,Ark Restaurants Corp. Common Stock,$6.86,0.23,3.469%,24738237.00,United States,,1196,Consumer Discretionary,Restaurants
ARL,American Realty Investors Inc. Common Stock,$14.57,0.41,2.895%,235335267.00,United States,,469,Real Estate,Other Consumer Services
ARLO,Arlo Technologies Inc. Common Stock,$14.61,0.56,3.986%,1581315848.00,United States,2018,1607763,Consumer Staples,Consumer Electronics/Appliances
ARLP,Alliance Resource Partners L.P. Common Units representing Limited Partners Interests,$26.15,-0.46,-1.729%,3364427646.00,United States,1999,369441,Energy,Coal Mining
ARM,Arm Holdings plc American Depositary Shares,$211.18,0.86,0.409%,223695371309.00,United Kingdom,2023,4951403,Technology,Semiconductors
ARMK,Aramark Common Stock,$44.95,-0.74,-1.62%,11814478155.00,United States,2013,2731075,Consumer Discretionary,Restaurants
ARMP,Armata Pharmaceuticals Inc. Common Stock,$8.89,-1.09,-10.922%,326219928.00,United States,,56718,Health Care,Biotechnology: Biological Products (No Diagnostic Substances)
AROC,Archrock Inc. Common Stock,$39.02,0.27,0.697%,6826388316.00,United States,,1446679,Utilities,Natural Gas Distribution
AROW,Arrow Financial Corporation Common Stock,$37.14,0.29,0.787%,613798964.00,United States,,61337,Finance,Major Banks
ARQ,Arq Inc. Common Stock,$2.29,0.02,0.881%,98186631.00,United States,,245247,Industrials,Major Chemicals
ARQQ,Arqit Quantum Inc. Ordinary Shares,$14.52,0.16,1.114%,227264993.00,United Kingdom,,240216,Technology,Computer Software: Prepackaged Software
ARQQW,Arqit Quantum Inc. Warrants,$0.086,-0.0001,-0.116%,1346060.00,United Kingdom,,76648,Technology,Computer Software: Prepackaged Software
ARQT,Arcutis Biotherapeutics Inc. Common Stock,$23.35,0.13,0.56%,2920460364.00,United States,2020,1021071,Health Care,Biotechnology: Pharmaceutical Preparations
ARR,ARMOUR Residential REIT Inc.,$17.73,0.19,1.083%,2199337637.00,United States,,2992065,Real Estate,Real Estate Investment Trusts
ARR^C,ARMOUR Residential REIT Inc. 7% Series C Cumulative Redeemable Preferred Stock (liquidation preference $25.00 per share),$21.00,0.00,0.00%,,United States,,16053,,
ARRY,Array Technologies Inc. Common Stock,$7.84,0.10,1.292%,1199867100.00,United States,2020,3743206,Consumer Discretionary,Miscellaneous manufacturing industries
ARTC,Art Technology Acquisition Corp. Class A Ordinary Shares,$9.86,0.00,0.00%,0.00,United States,2026,149102,Finance,Blank Checks
ARTL,Artelo Biosciences Inc. Common Stock,$3.39,-0.10,-2.865%,3180271.00,United States,,122267,Health Care,Biotechnology: Pharmaceutical Preparations
ARTNA,Artesian Resources Corporation Class A Common Stock,$31.195,-0.115,-0.367%,321881926.00,United States,,48267,Utilities,Water Supply
ARTV,Artiva Biotherapeutics Inc. Common Stock,$10.80,0.56,5.469%,266940058.00,United States,2024,194074,Health Care,Biotechnology: Biological Products (No Diagnostic Substances)
ARTW,Art's-Way Manufacturing Co. Inc. Common Stock,$2.69,-0.01,-0.37%,13937928.00,United States,,18191,Industrials,Industrial Machinery/Components
ARVN,Arvinas Inc. Common Stock,$10.51,0.61,6.162%,678078631.00,United States,2018,2168982,Health Care,Biotechnology: Pharmaceutical Preparations
ARW,Arrow Electronics Inc. Common Stock,$184.52,-3.31,-1.762%,9426032596.00,United States,,649570,Technology,Electronic Components
ARWR,Arrowhead Pharmaceuticals Inc. Common Stock,$74.81,1.33,1.81%,10475808134.00,United States,,1554483,Health Care,Biotechnology: Pharmaceutical Preparations
ARX,Accelerant Holdings Class A Common Shares,$13.09,0.08,0.615%,2908074452.00,Cayman Islands,2025,871727,Finance,Specialty Insurers
ARXS,Arxis Inc. Class A Common Stock,$35.13,0.13,0.371%,14305884229.00,United States,2026,698735,Industrials,Military/Government/Technical
AS,Amer Sports Inc. Ordinary Shares,$35.25,0.18,0.513%,19657775392.00,,2024,3161453,Consumer Discretionary,Apparel
ASA,ASA  Gold and Precious Metals Limited,$63.82,-0.23,-0.359%,1180660427.00,United States,,29714,Industrials,Precious Metals
ASAN,Asana Inc. Class A Common Stock,$6.99,0.67,10.601%,1685576023.00,United States,2020,12032629,Technology,Computer Software: Prepackaged Software
ASB,Associated Banc-Corp Common Stock,$28.18,0.02,0.071%,4676235105.00,United States,,1733806,Finance,Major Banks
ASB^E,Associated Banc-Corp Depositary Shares each representing a 1/40th interest in a share of 5.875% Non-Cumulative Perpetual Preferred Stock Series E,$21.05,0.05,0.238%,,United States,,1697,,
ASB^F,Associated Banc-Corp Depositary Shares each representing a 1/40th interest in a share of Associated Banc-Corp 5.625% Non-Cumulative Perpetual Preferred Stock Series F,$20.45,0.03,0.147%,,United States,,693,,
ASBA,Associated Banc-Corp 6.625% Fixed-Rate Reset Subordinated Notes due 2033,$25.08,0.04,0.16%,3784592440.00,United States,2023,5183,Finance,Major Banks
ASBP,Aspire Biopharma Holdings Inc. Common Stock,$0.2122,-0.0091,-4.112%,1066123.00,United States,2022,4873436,Health Care,Biotechnology: Pharmaceutical Preparations
ASBPW,Aspire Biopharma Holdings Inc. Warrant,$0.0153,0.00,0.00%,76869.00,United States,2022,15537,Health Care,Biotechnology: Pharmaceutical Preparations
ASC,Ardmore Shipping Corporation Common Stock,$18.14,0.42,2.37%,740159418.00,,2013,544904,Consumer Discretionary,Marine Transportation
ASG,Liberty All-Star Growth Fund Inc.,$5.19,0.00,0.00%,0.00,United States,,214655,Finance,Investment Managers
ASGI,abrdn Global Infrastructure Income Fund Common Shares of Beneficial Interest,$23.75,-0.17,-0.711%,0.00,United States,2020,112007,Finance,Investment Managers
ASH,Ashland Inc. Common Stock,$51.82,-1.44,-2.704%,2372722604.00,United States,,1190916,Consumer Discretionary,Specialty Chemicals
ASIC,Ategrity Specialty Insurance Company Holdings Common Stock,$19.63,0.63,3.316%,943548811.00,,2025,87085,Finance,Property-Casualty Insurers
ASIX,AdvanSix Inc. Common Stock ,$25.37,0.71,2.879%,683950743.00,United States,2016,343618,Industrials,Major Chemicals
ASLE,AerSale Corporation Common Stock,$6.85,0.13,1.935%,323681879.00,United States,2019,241962,Consumer Discretionary,Industrial Specialties
ASM,Avino Silver & Gold Mines Ltd. Common Shares (Canada),$6.58,0.14,2.174%,1117906205.00,Canada,,2814884,Basic Materials,Metal Mining
ASMB,Assembly Biosciences Inc. Common Stock,$27.37,0.42,1.558%,434980681.00,United States,2010,70847,Health Care,Biotechnology: Pharmaceutical Preparations
ASML,ASML Holding N.V. New York Registry Shares,$1427.02,-11.97,-0.832%,549998716308.00,Netherlands,1995,706589,Technology,Industrial Machinery/Components
ASND,Ascendis Pharma A/S Ordinary Share,$220.93,-8.45,-3.684%,13692668749.00,Denmark,2015,458904,Health Care,Biotechnology: Pharmaceutical Preparations
ASO,Academy Sports and Outdoors Inc. Common Stock,$53.83,-1.01,-1.842%,3472472853.00,United States,2020,942486,Consumer Discretionary,Other Specialty Stores
ASPC,A SPAC III Acquisition Corp. Class A Ordinary Shares,$11.97,0.27,2.308%,0.00,China,2025,6327,Finance,Blank Checks
ASPCR,A SPAC III Acquisition Corp. Right,$0.183,0.0002,0.109%,0.00,China,2025,5108,Finance,Blank Checks
ASPCU,A SPAC III Acquisition Corp. Unit,$12.50,1.09,9.553%,0.00,China,2024,336,Finance,Blank Checks
ASPI,ASP Isotopes Inc. Common Stock,$5.15,-0.11,-2.091%,648402752.00,United States,2022,2811013,Industrials,Major Chemicals
ASPN,Aspen Aerogels Inc. Common Stock,$4.27,0.56,15.094%,353665325.00,United States,2014,2319609,Consumer Discretionary,RETAIL: Building Materials
ASPS,Altisource Portfolio Solutions S.A. Common Stock,$6.78,0.13,1.955%,76471274.00,Luxembourg,,10151,Consumer Discretionary,Other Consumer Services
ASPSW,Altisource Portfolio Solutions S.A. Net Settle Stakeholder Warrants,$0.4001,0.0001,0.025%,4512707.00,Luxembourg,,8751,Consumer Discretionary,Other Consumer Services
ASPSZ,Altisource Portfolio Solutions S.A. Cash Exercise Stakeholder Warrants,$0.2299,-0.02,-8.003%,2593030.00,Luxembourg,,2158,Consumer Discretionary,Other Consumer Services
ASR,Grupo Aeroportuario del Sureste S.A. de C.V. Common Stock,$302.94,-2.90,-0.948%,9088200000.00,Mexico,,72916,Consumer Discretionary,Aerospace
ASRT,Assertio Holdings Inc. Common Stock,$18.47,0.04,0.217%,119042124.00,United States,,139689,Health Care,Biotechnology: Pharmaceutical Preparations
ASRV,AmeriServ Financial Inc. Common Stock,$3.97,0.01,0.253%,67348140.00,United States,,4437,Finance,Major Banks
ASST,Strive Inc. Class A Common Stock,$16.31,0.95,6.185%,1127979783.00,United States,2023,3464733,Technology,Computer Software: Prepackaged Software
ASTC,Astrotech Corporation (DE) Common Stock,$2.97,-0.20,-6.309%,5224090.00,United States,,72979,Industrials,Biotechnology: Laboratory Analytical Instruments
ASTE,Astec Industries Inc. Common Stock,$64.16,-0.86,-1.323%,1470527695.00,United States,1986,216539,Industrials,Construction/Ag Equipment/Trucks
ASTH,Astrana Health Inc. Common Stock,$34.89,0.75,2.197%,1943845131.00,United States,,543165,Consumer Discretionary,Professional Services
ASTI,Ascent Solar Technologies Inc. Common Stock,$4.65,0.23,5.204%,43997775.00,United States,,440270,Technology,Semiconductors
ASTL,Algoma Steel Group Inc. Common Shares,$4.82,0.15,3.212%,505780926.00,Canada,,661111,Industrials,Steel/Iron Ore
ASTLW,Algoma Steel Group Inc. Warrant,$0.053,-0.0063,-10.624%,5561492.00,Canada,,31550,Industrials,Steel/Iron Ore
ASTS,AST SpaceMobile Inc. Class A Common Stock,$70.89,-3.01,-4.073%,27509355342.00,United States,2019,13378766,Consumer Discretionary,Telecommunications Equipment
ASUR,Asure Software Inc Common Stock,$9.19,0.14,1.547%,263162791.00,United States,,115234,Technology,EDP Services
ASX,ASE Technology Holding Co. Ltd. American Depositary Shares (each representing Two Common Shares) ,$31.59,0.18,0.573%,70347732808.00,Taiwan,2018,4324505,Technology,Semiconductors
ASYS,Amtech Systems Inc. Common Stock,$17.13,-0.28,-1.608%,245931933.00,United States,,224053,Technology,Industrial Machinery/Components
ATAI,AtaiBeckley Inc. Common Stock,$4.14,-0.02,-0.481%,1519035949.00,Germany,2008,2351356,Health Care,Biotechnology: Pharmaceutical Preparations
ATAT,Atour Lifestyle Holdings Limited American Depositary Shares,$37.97,-0.27,-0.706%,5165560152.00,China,2022,348029,Consumer Discretionary,Hotels/Resorts
ATCH,AtlasClear Holdings Inc. Common Stock,$0.293,-0.0053,-1.777%,43859901.00,,2024,1577981,Finance,Finance: Consumer Services
ATCX,Atlas Critical Minerals Corporation Common Stock,$5.67,-0.02,-0.351%,28335513.00,Brazil,,30085,Basic Materials,Precious Metals
ATEC,Alphatec Holdings Inc. Common Stock,$10.43,0.67,6.865%,1603112455.00,United States,2006,2953821,Health Care,Medical/Dental Instruments
ATEN,A10 Networks Inc. Common Stock,$26.85,0.17,0.637%,1925815820.00,United States,2014,854206,Telecommunications,Computer Communications Equipment
ATER,Aterian Inc. Common Stock,$1.05,0.10,10.526%,11364992.00,United States,2019,1612159,Consumer Discretionary,Home Furnishings
ATEX,Anterix Inc. Common Stock,$49.59,1.27,2.628%,928963966.00,United States,2015,318290,Telecommunications,Telecommunications Equipment
ATGL,Alpha Technology Group Limited Class A Ordinary Shares,$12.5992,-0.9008,-6.673%,207414330.00,China,2023,595,Technology,EDP Services
ATH^A,Athene Holding Ltd. Depositary Shares Each Representing a 1/1000th Interest in a 6.35% Fixed-to-Floating Rate Perpetual Non-Cumulative Preference Share Series A,$24.36,0.01,0.041%,,Bermuda,,28707,,
ATH^B,Athene Holding Ltd. Depositary Shares Each Representing a 1/1000th Interest in a 5.625% Fixed Rate Perpetual Non- Cumulative Preference Share Series B par value $1.00 per share,$19.45,0.10,0.517%,,Bermuda,,20680,,
ATH^D,Athene Holding Ltd. Depositary Shares Each Representing a 1/1000th Interest in a 4.875% Fixed-Rate Perpetual Non-Cumulative Preference Share Series D,$16.70,-0.02,-0.12%,,Bermuda,,27721,,
ATH^E,Athene Holding Ltd. Depositary Shares Each Representing a 1/1000th Interest in a 7.750% Fixed-Rate Reset Perpetual Non-Cumulative Preference Share Series E,$25.54,-0.01,-0.039%,,Bermuda,,25599,,
ATHE,Alterity Therapeutics Limited American Depositary Shares,$4.725,0.185,4.075%,72518903.00,Australia,,39601,Health Care,Biotechnology: Pharmaceutical Preparations
ATHM,Autohome Inc. American Depositary Shares each representing four class A ordinary shares.,$18.60,-0.03,-0.161%,2142178945.00,China,2013,244322,Technology,EDP Services
ATHR,Aether Holdings Inc. Common Stock,$4.0663,0.1463,3.732%,49273740.00,United States,2025,8941,Technology,Computer Software: Prepackaged Software
ATHS,Athene Holding Ltd. 7.250% Fixed-Rate Reset Junior Subordinated Debentures due 2064,$25.15,0.10,0.399%,5125695750.00,Bermuda,2024,53368,Finance,Life Insurance
ATI,ATI Inc. Common Stock,$155.26,-0.20,-0.129%,21187150671.00,United States,,1465644,Industrials,Steel/Iron Ore
ATII,Archimedes Tech SPAC Partners II Co. Ordinary Shares,$10.65,0.00,0.00%,0.00,United States,2025,120901,,
ATIIW,Archimedes Tech SPAC Partners II Co. Warrant,$1.11,-0.03,-2.632%,0.00,United States,2025,20391,Finance,Blank Checks
ATKR,Atkore Inc. Common Stock,$74.54,-3.61,-4.619%,2515772631.00,United States,2016,672601,Miscellaneous,Industrial Machinery/Components
ATLC,Atlanticus Holdings Corporation Common Stock,$78.03,-1.38,-1.738%,1163580083.00,United States,1995,48692,Finance,Finance: Consumer Services
ATLCL,Atlanticus Holdings Corporation 6.125% Senior Notes due 2026,$24.99,0.00,0.00%,377984971.00,United States,,18240,Finance,Finance: Consumer Services
ATLCP,Atlanticus Holdings Corporation 7.625% Series B Cumulative Perpetual Preferred Stock no par value per share,$23.90,0.0665,0.279%,356395796.00,United States,,4373,Finance,Finance: Consumer Services
ATLCZ,Atlanticus Holdings Corporation 9.25% Senior Notes due 2029,$25.34,0.04,0.158%,383278878.00,United States,,26525,Finance,Finance: Consumer Services
ATLN,Atlantic International Corp. Common Stock,$1.40,-0.09,-6.04%,111101579.00,United States,2024,476195,Industrials,Biotechnology: Laboratory Analytical Instruments
ATLO,Ames National Corporation Common Stock,$28.91,0.73,2.59%,256062230.00,United States,,109262,Finance,Major Banks
ATLX,Atlas Lithium Corporation Common Stock,$5.39,0.04,0.748%,149669056.00,United States,,1914879,Industrials,Mining & Quarrying of Nonmetallic Minerals (No Fuels)
ATMU,Atmus Filtration Technologies Inc. Common Stock,$52.65,-10.75,-16.956%,4300053334.00,United States,2023,4154885,Consumer Discretionary,Auto Parts:O.E.M.
ATNI,ATN International Inc. Common Stock,$28.20,0.27,0.967%,433740055.00,United States,,50933,Telecommunications,Telecommunications Equipment
ATNM,Actinium Pharmaceuticals Inc. (Delaware) Common Stock,$1.13,0.02,1.802%,35453743.00,United States,,145613,Health Care,Biotechnology: Pharmaceutical Preparations
ATO,Atmos Energy Corporation Common Stock,$188.54,-1.44,-0.758%,31191858879.00,United States,,676511,Utilities,Oil/Gas Transmission
ATOM,Atomera Incorporated Common Stock,$11.09,2.91,35.575%,429437726.00,United States,2016,8193056,Technology,Semiconductors
ATOS,Atossa Therapeutics Inc. Common Stock,$5.33,-0.04,-0.745%,45898554.00,United States,2012,34703,Health Care,Biotechnology: Pharmaceutical Preparations
ATPC,Agape ATP Corporation Common Stock,$2.34,0.11,4.933%,2341465.00,Malaysia,,10724,Health Care,Medical/Nursing Services
ATR,AptarGroup Inc. Common Stock,$119.02,-4.66,-3.768%,7590223183.00,United States,,989396,Industrials,Plastic Products
ATRA,Atara Biotherapeutics Inc. Common Stock,$4.90,0.13,2.725%,41710133.00,United States,2014,36130,Health Care,Biotechnology: Biological Products (No Diagnostic Substances)
ATRC,AtriCure Inc. Common Stock,$29.02,0.91,3.237%,1469422128.00,United States,2005,974334,Health Care,Medical/Dental Instruments
ATRO,Astronics Corporation Common Stock,$71.21,-0.19,-0.266%,2554611467.00,United States,,396268,Industrials,Military/Government/Technical
ATS,ATS Corporation Common Shares,$32.31,-0.14,-0.431%,3168313043.00,Canada,2023,82784,Industrials,Industrial Machinery/Components
ATXG,Addentax Group Corp. Common Stock,$5.13,0.16,3.219%,4006648.00,China,,66722,Consumer Discretionary,Professional Services
ATYR,aTyr Pharma Inc. Common Stock,$0.8335,0.0261,3.233%,81725685.00,United States,2015,1568694,Health Care,Biotechnology: Biological Products (No Diagnostic Substances)
AU,AngloGold Ashanti PLC Ordinary Shares,$92.76,-0.97,-1.035%,46707169344.00,South Africa,,1181501,Basic Materials,Precious Metals
AUB,Atlantic Union Bankshares Corporation Common Stock,$37.91,0.26,0.691%,5406116389.00,United States,,1242038,Finance,Major Banks
AUB^A,Atlantic Union Bankshares Corporation Depositary Shares each representing a 1/400th ownership interest in a share of 6.875% Perpetual Non-Cumulative Preferred Stock Series A,$24.90,0.10,0.403%,,United States,,6070,,
AUBN,Auburn National Bancorporation Inc. Common Stock,$23.55,-0.42,-1.752%,82276611.00,United States,,4004,Finance,Major Banks
AUDC,AudioCodes Ltd. Common Stock,$10.17,0.91,9.827%,263271848.00,Israel,1999,376068,Utilities,Telecommunications Equipment
AUGO,Aura Minerals Inc. Common Shares,$82.16,-2.61,-3.079%,6863195013.00,United States,,516510,,
AUID,authID Inc. Common Stock,$1.17,-0.05,-4.098%,18875010.00,United States,,134445,Technology,Computer Software: Prepackaged Software
AUNA,Auna SA Class A Ordinary Shares,$5.14,0.07,1.381%,380426640.00,Peru,2024,81624,Health Care,Medical/Nursing Services
AUPH,Aurinia Pharmaceuticals Inc Ordinary Shares,$15.35,-0.035,-0.227%,1994553273.00,Canada,,1009020,Health Care,Biotechnology: Pharmaceutical Preparations
AUR,Aurora Innovation Inc. Class A Common Stock,$6.13,0.25,4.252%,12015832905.00,United States,2021,28752805,Technology,EDP Services
AURA,Aura Biosciences Inc. Common Stock,$7.01,-0.04,-0.567%,450040444.00,United States,2021,205909,Health Care,Biotechnology: Biological Products (No Diagnostic Substances)
AURE,Aurelion Inc. Class A Ordinary Shares,$2.245,-0.055,-2.391%,77674378.00,Hong Kong,2023,55057,Finance,Finance: Consumer Services
AUROW,Aurora Innovation Inc. Warrant,$0.2969,0.0119,4.175%,581974028.00,United States,2021,201115,Technology,EDP Services
AUST,Austin Gold Corp. Common Shares,$1.39,0.013,0.944%,19033271.00,,2022,57238,Basic Materials,Precious Metals
AUTL,Autolus Therapeutics plc American Depositary Share,$1.47,0.06,4.255%,391230630.00,United Kingdom,2018,856991,Health Care,Biotechnology: Biological Products (No Diagnostic Substances)
AUUD,Auddia Inc. Common Stock,$1.82,0.07,4.00%,911663.00,United States,2021,727627,Technology,EDP Services
AVA,Avista Corporation Common Stock,$40.72,-0.38,-0.925%,3360991012.00,United States,,472983,Utilities,Power Generation
AVAH,Aveanna Healthcare Holdings Inc. Common Stock,$6.61,0.07,1.07%,1437741404.00,United States,2021,816888,Health Care,Medical/Nursing Services
AVAL,Grupo Aval Acciones y Valores S.A. ADR (Each representing 20 preferred shares),$4.40,-0.06,-1.345%,5223564667.00,,2014,223823,Finance,Commercial Banks
AVAV,AeroVironment Inc. Common Stock,$184.97,-10.05,-5.153%,9236290685.00,United States,2007,1070239,Industrials,Aerospace
AVB,AvalonBay Communities Inc. Common Stock,$183.45,0.45,0.246%,25520108875.00,United States,,744694,Real Estate,Real Estate Investment Trusts
AVBC,Avidia Bancorp Inc. Common Stock,$20.66,-0.11,-0.53%,414775325.00,United States,2025,36522,Finance,Banks
AVBH,Avidbank Holdings Inc. Common stock,$29.87,0.23,0.776%,327230838.00,United States,,66224,Finance,Commercial Banks
AVBP,ArriVent BioPharma Inc. Common Stock,$29.99,-1.10,-3.538%,1390589576.00,United States,2024,382534,Health Care,Biotechnology: Pharmaceutical Preparations
AVD,American Vanguard Corporation Common Stock ($0.10 Par Value),$2.90,0.02,0.694%,99309282.00,United States,1998,88586,Industrials,Agricultural Chemicals
AVEX,AEVEX Corp. Class A Common Stock,$27.89,-2.36,-7.802%,3118842284.00,,2026,1059043,Industrials,Aerospace
AVGO,Broadcom Inc. Common Stock,$421.28,3.85,0.922%,1994621012556.00,United States,2009,11870200,Technology,Semiconductors
AVIR,Atea Pharmaceuticals Inc. Common Stock,$5.58,0.07,1.27%,446551212.00,United States,2020,199133,Health Care,Biotechnology: Pharmaceutical Preparations
AVK,Advent Convertible and Income Fund,$12.51,0.01,0.08%,0.00,United States,2003,85121,Finance,Trusts Except Educational Religious and Charitable
AVLN,Avalyn Pharma Inc. Common Stock,$29.84,0.35,1.187%,1247671482.00,United States,2026,829982,Health Care,Biotechnology: Pharmaceutical Preparations
AVNS,Avanos Medical Inc. Common Stock,$24.66,0.04,0.162%,1146881238.00,United States,2014,1082574,Health Care,Industrial Specialties
AVNT,Avient Corporation Common Stock,$36.76,-0.32,-0.863%,3371265739.00,United States,,452702,Industrials,Major Chemicals
AVNW,Aviat Networks Inc. Common Stock,$23.12,0.19,0.829%,298301407.00,United States,,162935,Technology,Radio And Television Broadcasting And Communications Equipment
AVO,Mission Produce Inc. Common Stock,$13.81,-0.05,-0.361%,978388287.00,United States,2020,777034,Consumer Staples,Farming/Seeds/Milling
AVPT,AvePoint Inc. Class A Common Stock,$10.21,0.46,4.718%,2204938450.00,United States,2019,1412343,Technology,Computer Software: Prepackaged Software
AVR,Anteris Technologies Global Corp. Common Stock,$6.36,0.21,3.415%,618395863.00,United States,2024,1052565,Health Care,Industrial Specialties
AVT,Avnet Inc. Common Stock,$80.53,-1.98,-2.40%,6592424733.00,United States,,1201687,Technology,Electronic Components
AVTR,Avantor Inc. Common Stock,$7.96,-0.14,-1.728%,5434733000.00,United States,2019,9500695,Industrials,Biotechnology: Laboratory Analytical Instruments
AVTX,Avalo Therapeutics Inc. Common Stock,$13.71,0.31,2.313%,366253560.00,United States,2015,722197,Health Care,Biotechnology: Pharmaceutical Preparations
AVX,Avax One Technology Ltd. Common Shares,$0.5697,0.1043,22.411%,51145514.00,Canada,2021,3214398,Finance,Finance: Consumer Services
AVXL,Anavex Life Sciences Corp. Common Stock,$3.32,-0.02,-0.599%,307670237.00,United States,,505454,Health Care,Biotechnology: Biological Products (No Diagnostic Substances)
AVY,Avery Dennison Corporation Common Stock,$163.03,-0.90,-0.549%,12539783564.00,United States,,656346,Consumer Discretionary,Containers/Packaging
AWF,Alliancebernstein Global High Income Fund,$10.30,-0.22,-2.091%,0.00,United States,1993,2491102,Finance,Trusts Except Educational Religious and Charitable
AWI,Armstrong World Industries Inc Common Stock,$168.46,-1.93,-1.133%,7189676544.00,United States,,381355,Industrials,Plastic Products
AWK,American Water Works Company Inc. Common Stock,$127.38,-1.04,-0.81%,24874832765.00,United States,2008,1980818,Utilities,Water Supply
AWP,abrdn Global Premier Properties Fund Common Shares of Beneficial Interest,$11.92,-0.04,-0.334%,0.00,United States,2007,87879,Finance,Trusts Except Educational Religious and Charitable
AWR,American States Water Company Common Stock,$75.21,-0.08,-0.106%,2947671234.00,United States,,266769,Utilities,Water Supply
AWRE,Aware Inc. Common Stock,$1.14,-0.02,-1.724%,24625997.00,United States,1996,138363,Technology,Computer Software: Prepackaged Software
AWX,Avalon Holdings Corporation Common Stock,$2.49,-0.045,-1.775%,9709583.00,United States,1998,1381,Utilities,Environmental Services
AX,Axos Financial Inc. Common Stock,$87.41,-9.03,-9.363%,4954245745.00,United States,2018,1647415,Finance,Savings Institutions
AXG,Solowin Holdings Class A Ordinary Share,$3.76,-0.17,-4.326%,710466390.00,Hong Kong,2023,81063,Finance,Investment Bankers/Brokers/Service
AXGN,Axogen Inc. Common Stock,$43.28,0.08,0.185%,2301536223.00,United States,,796615,Health Care,Biotechnology: Electromedical & Electrotherapeutic Apparatus
AXIA,AXIA Energia American Depositary Shares (Each representing one Common Share),$12.45,-0.10,-0.797%,35249183116.00,Brazil,2016,1025657,Utilities,Electric Utilities: Central
AXIA^,AXIA Energia AXIA Energia American Depositary Shares (Each representing one Preferred Class B1 Share),$13.73,-0.17,-1.223%,,Brazil,,59512,,
AXIA^C,AXIA Energia American Depositary Shares each representing one Preferred Class C Share,$11.89,-0.16,-1.328%,,Brazil,,145148,,
AXIL,AXIL Brands Inc. Common Stock,$6.45,-0.29,-4.303%,43974275.00,,2024,156096,Consumer Discretionary,Package Goods/Cosmetics
AXIN,Axiom Intelligence Acquisition Corp 1 Class A Ordinary Shares,$10.17,-0.01,-0.098%,0.00,United Kingdom,2025,178,Finance,Blank Checks
AXINR,Axiom Intelligence Acquisition Corp 1 Right,$0.17,0.00,0.00%,0.00,United Kingdom,2025,70,Finance,Blank Checks
AXINU,Axiom Intelligence Acquisition Corp 1 Units,$10.32,0.00,0.00%,0.00,United Kingdom,2025,9,Finance,Blank Checks
AXON,Axon Enterprise Inc. Common Stock,$402.31,0.55,0.137%,32415002184.00,United States,2001,603682,Industrials,Ordnance And Accessories
AXP,American Express Company Common Stock,$319.68,-3.37,-1.043%,218126117298.00,United States,,2385592,Finance,Finance: Consumer Services
AXR,AMREP Corporation Common Stock,$27.88,0.33,1.198%,147908948.00,United States,,18205,Real Estate,Homebuilding
AXS,Axis Capital Holdings Limited Common Stock,$100.13,-0.28,-0.279%,7381907621.00,Bermuda,2003,575361,Finance,Property-Casualty Insurers
AXS^E,Axis Capital Holdings Limited Depositary Shares each representing 1/100th interest in a share of a 5.50% Series E Preferred Shares,$19.66,0.03,0.153%,,Bermuda,,39162,,
AXSM,Axsome Therapeutics Inc. Common Stock,$206.53,-1.22,-0.587%,10623893287.00,United States,2015,1636284,Health Care,Biotechnology: Pharmaceutical Preparations
AXTA,Axalta Coating Systems Ltd. Common Shares,$27.73,-0.71,-2.496%,5934740437.00,United States,2014,1716771,Consumer Discretionary,Paints/Coatings
AXTI,AXT Inc Common Stock,$96.00,16.78,21.182%,5335567392.00,United States,1998,19945831,Technology,Semiconductors
AYI,Acuity Inc. Common Stock,$289.29,-0.48,-0.166%,8769874951.00,United States,,250090,Consumer Discretionary,Building Products
AYTU,Aytu BioPharma Inc.  Common Stock,$2.61,0.03,1.163%,28013673.00,United States,,28285,Health Care,Biotechnology: Pharmaceutical Preparations
AZ,A2Z Cust2Mate Solutions Corp. Common Shares,$7.41,0.29,4.073%,330078517.00,Canada,,389997,Industrials,Industrial Machinery/Components
AZI,Autozi Internet Technology (Global) Ltd. Class A Ordinary Shares,$1.26,0.02,1.613%,5733544.00,China,2024,32868,Consumer Discretionary,Automotive Aftermarket
AZN,AstraZeneca PLC Ordinary Shares,$184.74,-2.63,-1.404%,572962194078.00,United Kingdom,2026,1793646,Health Care,Biotechnology: Pharmaceutical Preparations
AZO,AutoZone Inc. Common Stock,$3594.08,-109.95,-2.968%,59219009226.00,United States,,251023,Consumer Discretionary,Auto & Home Supply Stores
AZTA,Azenta Inc.,$24.91,0.34,1.384%,1147392687.00,United States,,551399,Technology,Industrial Machinery/Components
AZTR,Azitra Inc Common Stock,$0.2473,0.0011,0.447%,4004390.00,,2023,385413,Health Care,Biotechnology: Pharmaceutical Preparations
AZZ,AZZ Inc.,$143.53,0.49,0.343%,4288720751.00,United States,,205708,Industrials,Industrial Specialties
B,Barrick Mining Corporation Common Shares,$38.82,-0.52,-1.322%,65043234535.00,Canada,,11837185,Basic Materials,Precious Metals
BA,Boeing Company (The) Common Stock,$227.38,-1.65,-0.72%,179244184023.00,United States,,3486505,Industrials,Aerospace
BA^A,Boeing Company (The) Depositary Shares each representing a 1/20th interest in a share of 6.00% Series A Mandatory Convertible Preferred Stock par value $1.00,$72.11,-0.09,-0.125%,,United States,,162025,,
BABA,Alibaba Group Holding Limited American Depositary Shares each representing eight Ordinary share,$131.50,-0.38,-0.288%,303670249516.00,China,2014,6184476,Real Estate,Real Estate
BAC,Bank of America Corporation Common Stock,$53.24,-0.22,-0.412%,380437556796.00,United States,,24823284,Finance,Major Banks
BAC^B,Bank of America Corporation Depositary Shares each representing a 1/1000th interest in a share of 6.000% Non-Cumulative Preferred Stock Series GG,$24.99,-0.31,-1.225%,,United States,,113942,,
BAC^E,Bank of America Corporation Depositary Sh repstg 1/1000th Perp Pfd Ser E,$19.3082,0.0082,0.042%,,United States,,10084,,
BAC^K,Bank of America Corporation Depositary Shares each representing a 1/1000th interest in a share of 5.875% Non- Cumulative Preferred Stock Series HH,$24.9001,0.0001,0.00%,,United States,,24355,,
BAC^L,Bank of America Corporation Non Cumulative Perpetual Conv Pfd Ser L,$1224.00,1.23,0.101%,,United States,,10695,,
BAC^M,Bank of America Corporation Depositary Shares each representing a 1/1000th interest in a share of 5.375% Non-Cumulative Preferred Stock Series KK,$22.03,-0.01,-0.045%,,United States,,39582,,
BAC^N,Bank of America Corporation Depositary shares each representing 1/1000th interest in a share of 5.000% Non-Cumulative Preferred Stock Series LL,$20.5109,-0.0191,-0.093%,,United States,,55864,,
BAC^O,Bank of America Corporation Depositary shares each representing 1/1000th interest in a share of 4.375% Non-Cumulative Preferred Stock Series NN,$17.605,-0.015,-0.085%,,United States,,47620,,
BAC^P,Bank of America Corporation Depositary Shares each representing a 1/1000th interest in a share of 4.125% Non-Cumulative Preferred Stock Series PP,$16.76,-0.03,-0.179%,,United States,,44460,,
BAC^Q,Bank of America Corporation Depositary shares each representing 1/1000th interest in a share of 4.250% Non-Cumulative Preferred Stock Series QQ,$17.08,-0.24,-1.386%,,United States,,88150,,
BAC^S,Bank of America Corporation Depositary shares each representing 1/1000th interest in a share of 4.750% Non-Cumulative Preferred Stock Series SS,$19.19,-0.29,-1.489%,,United States,,41552,,
BACC,Blue Acquisition Corp. Class A Ordinary Shares,$10.275,0.045,0.44%,0.00,United States,2025,181971,Finance,Blank Checks
BACCR,Blue Acquisition Corp. Right ,$0.33,0.03,10.00%,0.00,United States,2025,5742,Finance,Blank Checks
BAER,Bridger Aerospace Group Holdings Inc. Common Stock,$2.05,0.02,0.985%,118157164.00,United States,,422082,Industrials,Aerospace
BAERW,Bridger Aerospace Group Holdings Inc. Warrant,$0.40,0.0309,8.372%,23055056.00,United States,,10000,Industrials,Aerospace
BAFN,BayFirst Financial Corp. Common Stock,$6.37,-1.96,-23.529%,26168419.00,United States,,630981,Finance,Major Banks
BAH,Booz Allen Hamilton Holding Corporation Common Stock,$78.31,0.54,0.694%,9443746603.00,United States,2010,1008309,Consumer Discretionary,Professional Services
BAK,Braskem SA ADR,$3.91,0.07,1.823%,1558541315.00,Brazil,,2688301,Industrials,Major Chemicals
BALL,Ball Corporation Common Stock,$61.33,0.25,0.409%,16323167047.00,United States,,1635443,Industrials,Containers/Packaging
BALY,Bally's Corporation Common Stock,$13.24,-0.08,-0.601%,645359121.00,United States,2024,33159,Consumer Discretionary,Hotels/Resorts
BAM,Brookfield Asset Management Inc Class A Limited Voting Shares,$47.98,-0.03,-0.062%,78600298336.00,,2022,2831065,Consumer Discretionary,Other Consumer Services
BANC,Banc of California Inc. Common Stock,$18.58,-0.15,-0.801%,2857202059.00,United States,,2533848,Finance,Major Banks
BANC^F,Banc of California Inc. Depositary Shares each representing a 1/40th interest in a share of 7.75% non-cumulative perpetual preferred stock Series F,$25.69,0.05,0.195%,,United States,,90983,,
BAND,Bandwidth Inc. Class A Common Stock,$44.86,8.05,21.869%,1436178635.00,United States,2017,4119373,Technology,Computer Software: Prepackaged Software
BANF,BancFirst Corporation Common Stock,$112.61,1.00,0.896%,3780990657.00,United States,1993,98882,Finance,Major Banks
BANFP,BancFirst Corporation - BFC Capital Trust II Cumulative Trust Preferred Securities,$26.275,-0.205,-0.774%,882208769.00,United States,,196,Finance,Major Banks
BANL,CBL International Limited Class B Ordinary Shares,$0.50,0.02,4.167%,13750164.00,Malaysia,2023,269677,Energy,Oil Refining/Marketing
BANR,Banner Corporation Common Stock,$65.87,-1.04,-1.554%,2231168730.00,United States,,763967,Finance,Major Banks
BANX,ArrowMark Financial Corp. Common Stock,$19.57,0.07,0.359%,138998391.00,United States,,65522,Finance,Trusts Except Educational Religious and Charitable
BAOS,Baosheng Media Group Holdings Limited Ordinary shares,$2.65,-0.09,-3.285%,4066391.00,China,2021,2100,Real Estate,Real Estate
BAP,Credicorp Ltd. Common Stock,$321.97,-2.20,-0.679%,30388274604.00,Peru,,143026,Finance,Commercial Banks
BARK,BARK Inc. Class A Common Stock,$9.67,0.23,2.436%,83564959.00,United States,2020,40805,Consumer Discretionary,Other Specialty Stores
BATL,Battalion Oil Corporation Common Stock,$3.74,-0.05,-1.319%,80293447.00,United States,,4133041,Energy,Oil & Gas Production
BATRA,Atlanta Braves Holdings Inc. Series A Common Stock,$54.14,1.22,2.305%,3966043350.00,United States,,53592,Consumer Discretionary,Services-Misc. Amusement & Recreation
BATRK,Atlanta Braves Holdings Inc. Series C Common Stock,$50.07,0.66,1.336%,3667894173.00,United States,,333959,Consumer Discretionary,Services-Misc. Amusement & Recreation
BAX,Baxter International Inc. Common Stock,$17.21,-0.37,-2.105%,8863150000.00,United States,,10872020,Health Care,Medical/Dental Instruments
BAYA,Bayview Acquisition Corp Ordinary Shares,$11.95,0.05,0.42%,0.00,United States,2023,1059,,
BAYAR,Bayview Acquisition Corp Right,$0.08,-0.001,-1.235%,0.00,United States,2023,100,,
BB,BlackBerry Limited Common Stock,$5.42,0.02,0.37%,3197800000.00,Canada,,16674663,Technology,Computer Software: Prepackaged Software
BBAI,BigBear.ai Inc. Common Stock,$4.14,0.16,4.02%,1982850723.00,United States,2021,40647429,Technology,Computer Software: Prepackaged Software
BBAR,Banco BBVA Argentina S.A. ADS,$13.56,-0.70,-4.909%,2769449557.00,Argentina,,628876,Finance,Commercial Banks
BBBY,Bed Bath & Beyond Inc. Common Stock,$5.44,0.54,11.02%,402225413.00,United States,,5870595,Consumer Discretionary,Catalog/Specialty Distribution
BBCP,Concrete Pumping Holdings Inc. Common Stock,$7.96,0.04,0.505%,402063628.00,United States,2017,124450,Consumer Discretionary,Engineering & Construction
BBCQ,Bleichroeder Acquisition Corp. II Class A Ordinary Shares,$10.285,0.035,0.341%,0.00,United States,2026,54688,,
BBCQU,Bleichroeder Acquisition Corp. II Units,$10.91,0.00,0.00%,0.00,United States,2026,3,,
BBCQW,Bleichroeder Acquisition Corp. II Warrants,$1.3499,0.03,2.273%,0.00,United States,2026,70319,,
BBD,Banco Bradesco Sa American Depositary Shares,$3.84,-0.04,-1.031%,40615726188.00,Brazil,,13681232,Finance,Major Banks
BBDC,Barings BDC Inc. Common Stock,$9.23,0.09,0.985%,966444539.00,United States,,462640,Finance,Diversified Financial Services
BBDO,Banco Bradesco Sa American Depositary Shares (each representing one Common Share),$3.50,0.05,1.449%,37019542098.00,Brazil,,17182,Finance,Major Banks
BBGI,Beasley Broadcast Group Inc. Class A Common Stock,$20.51,-1.74,-7.82%,37047357.00,United States,2000,34191,Consumer Discretionary,Broadcasting
BBIO,BridgeBio Pharma Inc. Common Stock,$68.56,-2.55,-3.586%,13424475952.00,United States,2019,1806083,Health Care,Biotechnology: Pharmaceutical Preparations
BBLG,Bone Biologics Corp Common Stock,$1.3134,0.0234,1.814%,2357894.00,United States,,8604,Health Care,Industrial Specialties
BBLGW,Bone Biologics Corp Warrants,$19.99,0.00,0.00%,35887247.00,United States,,10,Health Care,Industrial Specialties
BBN,BlackRock Taxable Municipal Bond Trust Common Shares of Beneficial Interest,$16.17,-0.05,-0.308%,0.00,United States,2010,136932,Finance,Finance Companies
BBNX,Beta Bionics Inc. Common Stock,$10.29,0.09,0.882%,458539842.00,United States,2025,466681,Health Care,Medical/Dental Instruments
BBOT,BridgeBio Oncology Therapeutics Inc. Common Stock  ,$8.39,-0.02,-0.238%,672145763.00,United States,2024,178762,Health Care,Biotechnology: Pharmaceutical Preparations
BBSI,Barrett Business Services Inc. Common Stock,$31.42,-0.11,-0.349%,771664172.00,United States,1993,275891,Consumer Discretionary,Professional Services
BBT,Beacon Financial Corporation Common stock,$28.71,0.18,0.631%,2412450340.00,United States,,1538858,Finance,Banks
BBUC,Brookfield Business Corporation Class A Subordinate Voting Shares,$34.26,0.16,0.469%,7092076025.00,,,207236,Consumer Discretionary,Engineering & Construction
BBVA,Banco Bilbao Vizcaya Argentaria S.A. Common Stock,$22.00,-0.12,-0.542%,125597311400.00,Spain,,740396,Finance,Commercial Banks
BBW,Build-A-Bear Workshop Inc. Common Stock,$36.02,-0.92,-2.491%,453148854.00,United States,2004,315014,Consumer Discretionary,Recreational Games/Products/Toys
BBWI,Bath & Body Works Inc.,$19.21,-0.23,-1.183%,3868558171.00,United States,,4766109,Consumer Discretionary,Clothing/Shoe/Accessory Stores
BBY,Best Buy Co. Inc. Common Stock,$60.05,-0.44,-0.727%,12557210249.00,United States,,2389174,Consumer Discretionary,Consumer Electronics/Video Chains
BC,Brunswick Corporation Common Stock,$79.42,-0.03,-0.038%,5171268662.00,United States,,672796,Industrials,Industrial Machinery/Components
BC^C,Brunswick Corporation 6.375% Notes due 2049,$24.38,0.13,0.536%,,United States,,4043,,
BCAB,BioAtla Inc. Common Stock,$4.27,0.06,1.425%,7075074.00,United States,2020,27724,Health Care,Biotechnology: Biological Products (No Diagnostic Substances)
BCAL,California BanCorp Common Stock,$18.84,0.15,0.803%,605749294.00,United States,,105291,Finance,Major Banks
BCAR,D. Boral ARC Acquisition I Corp. Class A Ordinary Shares,$10.22,-0.02,-0.195%,0.00,United States,2025,325073,Finance,Blank Checks
BCARW,D. Boral ARC Acquisition I Corp. Warrant,$0.9499,0.0199,2.14%,0.00,United States,2025,75052,Finance,Blank Checks
BCAT,BlackRock Capital Allocation Term Trust Common Shares of Beneficial Interest,$15.20,0.10,0.662%,1643652000.00,United States,2020,689217,Finance,Finance/Investors Services
BCAX,Bicara Therapeutics Inc. Common Stock,$21.67,0.09,0.417%,1421560018.00,United States,2024,297750,Health Care,Biotechnology: Pharmaceutical Preparations
BCBP,BCB Bancorp Inc. (NJ) Common Stock,$10.23,0.08,0.788%,177581864.00,United States,2005,56993,Finance,Savings Institutions
BCC,Boise Cascade L.L.C. Common Stock,$78.13,-1.14,-1.438%,2801453032.00,United States,2013,304902,Consumer Discretionary,RETAIL: Building Materials
BCDA,BioCardia Inc. Common Stock,$1.11,-0.03,-2.632%,12143813.00,United States,,26787,Health Care,Biotechnology: Biological Products (No Diagnostic Substances)
BCE,BCE Inc. Common Stock,$23.96,0.18,0.757%,22343318575.00,Canada,,1992205,Telecommunications,Telecommunications Equipment
BCG,Binah Capital Group Inc. Common Stock,$1.92,-0.07,-3.518%,32094720.00,United States,,37475,Finance,Finance: Consumer Services
BCGWW,Binah Capital Group Inc. Warrants,$0.1351,-0.0449,-24.944%,2258332.00,United States,,14424,Finance,Finance: Consumer Services
BCH,Banco De Chile ADS,$37.05,-0.82,-2.165%,18713414292.00,Chile,,194428,Finance,Commercial Banks
BCHT,Birchtech Corp. Common Stock,$1.59,-0.02,-1.242%,41826486.00,,2026,498413,Industrials,Industrial Machinery/Components
BCIC,BCP Investment Corporation Common Stock,$7.95,0.06,0.76%,98387507.00,United States,2006,115419,Finance,Finance: Consumer Services
BCML,BayCom Corp Common Stock,$29.99,0.01,0.033%,327170417.00,United States,2018,53269,Finance,Major Banks
BCO,Brinks Company (The) Common Stock,$107.52,0.77,0.721%,4422967342.00,United States,,285980,Industrials,Integrated Freight & Logistics
BCPC,Balchem Corporation Common Stock,$161.52,-0.10,-0.062%,5189611111.00,United States,,248203,Industrials,Major Chemicals
BCRX,BioCryst Pharmaceuticals Inc. Common Stock,$9.19,0.03,0.328%,2335233175.00,United States,1994,2307114,Health Care,Biotechnology: Biological Products (No Diagnostic Substances)
BCS,Barclays PLC Common Stock,$23.43,0.02,0.085%,81454934733.00,United Kingdom,,6114537,Finance,Commercial Banks
BCSF,Bain Capital Specialty Finance Inc. Common Stock,$13.94,0.20,1.456%,904266974.00,United States,2018,465086,Finance,Finance/Investors Services
BCSS,Bain Capital GSS Investment Corp. Class A Ordinary Shares,$10.15,0.02,0.197%,0.00,,2025,2525,,
BCTX,BriaCell Therapeutics Corp. Common Shares,$4.18,0.00,0.00%,30307036.00,Canada,,102354,Health Care,Biotechnology: Pharmaceutical Preparations
BCTXL,BriaCell Therapeutics Corp. Warrant expiring 2031,$1.045,0.045,4.50%,7576759.00,Canada,,4202,,
BCTXZ,BriaCell Therapeutics Corp. Warrant expiring 2030,$0.094,0.0015,1.622%,681546.00,Canada,,62473,Health Care,Biotechnology: Pharmaceutical Preparations
BCV,Bancroft Fund Ltd.,$24.49,0.28,1.157%,0.00,United States,1972,18141,Finance,Finance/Investors Services
BCV^A,Bancroft Fund Limited 5.375% Series A Cumulative Preferred Shares,$21.44,0.0812,0.38%,,United States,,8935,,
BCX,BlackRock Resources Common Shares of Beneficial Interest,$12.37,-0.05,-0.403%,1049693584.00,United States,2011,158501,Finance,Finance/Investors Services
BCYC,Bicycle Therapeutics plc American Depositary Shares,$4.80,0.08,1.695%,241791283.00,United Kingdom,2019,400442,Health Care,Biotechnology: Pharmaceutical Preparations
BDC,Belden Inc Common Stock,$114.15,1.67,1.485%,4444248295.00,United States,,744380,Industrials,Telecommunications Equipment
BDCI,BTC Development Corp. Class A Ordinary Shares,$10.02,0.00,0.00%,0.00,United States,2025,1226,Finance,Blank Checks
BDCIW,BTC Development Corp. Warrant,$0.49,0.0001,0.02%,0.00,United States,2025,4500,Finance,Blank Checks
BDJ,Blackrock Enhanced Equity Dividend Trust,$9.25,0.00,0.00%,1637126716.00,United States,2005,448549,Finance,Finance Companies
BDL,Flanigan's Enterprises Inc. Common Stock,$32.11,0.00,0.00%,59681155.00,United States,1972,206,Consumer Discretionary,Restaurants
BDMD,Baird Medical Investment Holdings Ltd Ordinary Share,$1.79,0.07,4.07%,73353094.00,China,,101100,Health Care,Medical/Dental Instruments
BDN,Brandywine Realty Trust Common Stock,$3.02,-0.01,-0.33%,524609781.00,United States,,2191134,Real Estate,Real Estate Investment Trusts
BDRX,Biodexa Pharmaceuticals plc American Depositary Shs,$3.03,-0.11,-3.503%,1964391.00,United Kingdom,,17327,Health Care,Biotechnology: Pharmaceutical Preparations
BDSX,Biodesix Inc. Common Stock,$11.08,0.10,0.911%,111987987.00,United States,2020,27951,Health Care,Medical Specialities
BDTX,Black Diamond Therapeutics Inc. Common Stock,$2.60,-0.05,-1.887%,148984612.00,United States,2020,757978,Health Care,Biotechnology: Biological Products (No Diagnostic Substances)
BDX,Becton Dickinson and Company Common Stock,$149.31,0.27,0.181%,42514799502.00,United States,,2472372,Health Care,Medical/Dental Instruments
BE,Bloom Energy Corporation Class A Common Stock,$290.52,7.16,2.527%,82636632531.00,United States,2018,9514910,Energy,Industrial Machinery/Components
BEAG,Bold Eagle Acquisition Corp. Class A Ordinary Shares,$10.54,0.00,0.00%,0.00,United States,2024,56523,,
BEAGU,Bold Eagle Acquisition Corp. Units,$10.76,0.00,0.00%,0.00,United States,2024,12,,
BEAM,Beam Therapeutics Inc. Common Stock,$30.70,0.37,1.22%,3154292775.00,United States,2020,1458334,Health Care,Biotechnology: Biological Products (No Diagnostic Substances)
BEAT,Heartbeam Inc. Common Stock,$0.8818,0.0237,2.762%,36231285.00,United States,2021,658504,Health Care,Medical/Dental Instruments
BEBE,TGE Value Creative Solutions Corp Class A Ordinary Shares,$9.90,0.00,0.00%,127413000.00,,2026,42,Consumer Discretionary,Diversified Commercial Services
BEEM,Beam Global Common Stock,$1.95,0.05,2.632%,41217117.00,United States,,972526,Technology,Semiconductors
BEEP,Mobile Infrastructure Corporation Common Stock,$1.83,-0.01,-0.543%,75382209.00,United States,,12808,Finance,Blank Checks
BEKE,KE Holdings Inc American Depositary Shares (each representing three Class A Ordinary Shares),$17.06,-0.07,-0.409%,19275068933.00,China,2020,2681632,Finance,Real Estate
BELFA,Bel Fuse Inc. Class A Common Stock,$256.12,12.67,5.204%,3267830982.00,United States,,53660,,
BELFB,Bel Fuse Inc. Class B Common Stock,$283.60,7.76,2.813%,3618447862.00,United States,,229762,,
BEN,Franklin Resources Inc. Common Stock,$29.84,-0.13,-0.434%,15505972914.00,United States,,6782674,Finance,Investment Managers
BENF,Beneficient Class A Common Stock,$3.47,0.16,4.834%,49321643.00,United States,,14948,Finance,Finance: Consumer Services
BENFW,Beneficient Warrant,$0.0108,0.0011,11.34%,153508.00,United States,,577,Finance,Finance: Consumer Services
BEP,Brookfield Renewable Partners L.P. Limited Partnership Units,$33.35,0.24,0.725%,22680691145.00,Canada,,1610144,Utilities,Electric Utilities: Central
BEP^A,Brookfield Renewable Partners L.P. 5.25% Class A Preferred Limited Partnership Units Series 17,$18.45,0.02,0.109%,,Canada,,1778,,
BEPC,Brookfield Renewable Corporation Brookfield Renewable Corporation Class A Subordinate Voting Shares,$35.20,-1.06,-2.923%,5122316566.00,United States,,3222673,Utilities,Electric Utilities: Central
BEPH,Brookfield BRP Holdings (Canada) Inc. 4.625% Perpetual Subordinated Notes,$15.08,-0.05,-0.33%,4330438247.00,Canada,,17551,Utilities,Electric Utilities: Central
BEPI,Brookfield BRP Holdings (Canada) Inc. 4.875% Perpetual Subordinated Notes,$15.69,0.24,1.553%,4505608495.00,Canada,2021,14516,Utilities,Electric Utilities: Central
BEPJ,Brookfield BRP Holdings (Canada) Inc. 7.250% Perpetual Subordinated Notes,$25.08,0.19,0.763%,7202081647.00,Canada,2024,4626,Utilities,Electric Utilities: Central
BESS,Bimergen Energy Corporation Common Stock,$2.50,-0.01,-0.398%,17681433.00,,2026,34526,Utilities,Electric Utilities: Central
BETA,Beta Technologies Inc. Class A Common Stock,$16.25,0.32,2.009%,3734495684.00,United States,2025,1193015,Industrials,Aerospace
BETR,Better Home & Finance Holding Company Class A Common Stock,$44.38,3.25,7.902%,838227516.00,United Kingdom,2021,245638,Finance,Finance: Consumer Services
BETRW,Better Home & Finance Holding Company Warrant,$0.2701,0.0398,17.282%,5101515.00,United Kingdom,2021,1677,Finance,Finance: Consumer Services
BF/A,Brown Forman Corporation,$26.18,-0.10,-0.381%,,United States,,142082,,
BF/B,Brown Forman Corporation,$25.55,-0.22,-0.854%,,United States,,3028645,,
BFAM,Bright Horizons Family Solutions Inc. Common Stock,$81.55,0.44,0.542%,4307908190.00,United States,2013,605190,Consumer Discretionary,Other Consumer Services
BFC,Bank First Corporation Common Stock,$142.76,-2.55,-1.755%,1602115677.00,United States,,153788,Finance,Major Banks
BFH,Bread Financial Holdings Inc. Common Stock,$85.34,0.56,0.661%,3448338927.00,United States,,451619,Real Estate,Real Estate
BFH^A,Bread Financial Holdings Inc. Depositary Shares each representing a 1/40th interest in a share of 8.625% Non-Cumulative Perpetual Preferred Stock Series A,$25.13,-0.07,-0.278%,,United States,,17255,,
BFLY,Butterfly Network Inc. Class A Common Stock,$5.40,0.61,12.735%,1412860892.00,United States,2020,6501635,Health Care,Medical Electronics
BFRG,Bullfrog AI Holdings Inc. Common Stock,$0.6984,-0.0026,-0.371%,12883458.00,United States,2023,339801,Health Care,Biotechnology: Pharmaceutical Preparations
BFRGW,Bullfrog AI Holdings Inc. Warrants,$0.26,0.0625,31.646%,4796247.00,United States,2023,5148,Health Care,Biotechnology: Pharmaceutical Preparations
BFRI,Biofrontera Inc. Common Stock,$1.08,0.00,0.00%,12580189.00,United States,2021,79295,Health Care,Biotechnology: Pharmaceutical Preparations
BFRIW,Biofrontera Inc. Warrants,$0.0301,0.00,0.00%,350615.00,United States,2021,50,Health Care,Biotechnology: Pharmaceutical Preparations
BFS,Saul Centers Inc. Common Stock,$34.42,-0.01,-0.029%,843144576.00,United States,1993,52718,Real Estate,Real Estate Investment Trusts
BFS^D,Saul Centers Inc. Depositary Shares each representing 1/100th of a share of 6.125% Series D Cumulative Redeemable Preferred Stock,$20.22,-0.08,-0.394%,,United States,,29481,,
BFS^E,Saul Centers Inc. Depositary shares each representing a 1/100th fractional interest in a share of 6.000% Series E Cumulative Redeemable Preferred Stock,$22.24,0.00,0.00%,,United States,,315,,
BFST,Business First Bancshares Inc. Common Stock,$27.50,0.12,0.438%,899036078.00,United States,,132151,Finance,Major Banks
BG,Bunge Limited Common Shares,$124.61,-2.46,-1.936%,24176597310.00,United States,,1269397,Consumer Staples,Packaged Foods
BGB,Blackstone Strategic Credit 2027 Term Fund Common Shares of Beneficial Interest,$11.28,0.00,0.00%,0.00,United States,2012,158600,Finance,Trusts Except Educational Religious and Charitable
BGC,BGC Group Inc. Class A Common Stock,$11.27,0.04,0.356%,5344933157.00,United States,,1933786,Finance,Investment Bankers/Brokers/Service
BGDE,Big Digital Energy Inc. Common Stock,$4.66,0.16,3.556%,25568162.00,Australia,,146944,Finance,Finance: Consumer Services
BGH,Barings Global Short Duration High Yield Fund Common Shares of Beneficial Interests,$14.36,0.09,0.631%,0.00,United States,2012,69052,Finance,Investment Managers
BGI,Birks Group Inc. Common Stock,$0.7099,0.03,4.412%,13910268.00,Canada,,6462,Consumer Discretionary,Consumer Specialties
BGIN,Bgin Blockchain Limited Class A Ordinary Shares,$3.71,0.34,10.089%,419734341.00,China,2025,60890,Finance,Finance: Consumer Services
BGL,Blue Gold Limited Class A Ordinary Shares,$1.21,0.20,19.802%,41959765.00,United Kingdom,,605413,Basic Materials,Metal Mining
BGLC,BioNexus Gene Lab Corp Common stock,$2.0787,-0.0213,-1.014%,5024871.00,Malaysia,,3176,Health Care,Medical Specialities
BGLWW,Blue Gold Limited Warrant,$0.3199,-0.03,-8.574%,11093330.00,United Kingdom,,20521,Basic Materials,Metal Mining
BGM,BGM Group Ltd. Class A Ordinary Shares,$0.301,0.008,2.73%,55371939.00,China,2021,40504,Health Care,Biotechnology: Pharmaceutical Preparations
BGMS,Bio Green Med Solution Inc. Common Stock,$0.98,0.0064,0.657%,0.00,United States,,110533,,
BGR,BlackRock Energy and Resources Trust,$16.77,-0.20,-1.179%,2273780473.00,United States,2004,122163,Finance,Trusts Except Educational Religious and Charitable
BGS,B&G Foods Inc. Common Stock,$5.54,0.00,0.00%,445477378.00,United States,,1066680,Consumer Staples,Packaged Foods
BGSF,BGSF Inc. Common Stock,$5.60,-0.09,-1.582%,62966215.00,United States,,17143,Consumer Discretionary,Professional Services
BGSI,Boyd Group Services Inc. Common Shares,$121.91,-1.87,-1.511%,3392763102.00,Canada,,21242,,
BGT,BlackRock Floating Rate Income Trust,$11.07,0.04,0.363%,0.00,United States,2004,48558,Finance,Trusts Except Educational Religious and Charitable
BGX,Blackstone Long Short Credit Income Fund Common Shares,$11.02,0.00,0.00%,0.00,,2011,45622,Finance,Trusts Except Educational Religious and Charitable
BGY,Blackrock Enhanced International Dividend Trust,$5.75,0.02,0.349%,0.00,United States,2007,307111,Finance,Trusts Except Educational Religious and Charitable
BH,Biglari Holdings Inc. Class B Common Stock,$290.20,-19.05,-6.16%,665810503.00,United States,2018,52757,Consumer Discretionary,Restaurants
BHAV,BHAV Acquisition Corp Class A Ordinary Shares,$9.88,0.01,0.101%,0.00,United States,2026,144,,
BHAVU,BHAV Acquisition Corp Units,$10.06,-0.03,-0.297%,0.00,United States,2026,315,,
BHB,Bar Harbor Bankshares Inc. Common Stock,$34.65,0.40,1.168%,580113904.00,United States,1997,61652,Finance,Major Banks
BHC,Bausch Health Companies Inc. Common Stock,$5.65,-0.07,-1.224%,2110069278.00,Canada,,3147955,Health Care,Biotechnology: Pharmaceutical Preparations
BHE,Benchmark Electronics Inc. Common Stock,$84.50,2.45,2.986%,3031609542.00,United States,,887925,Technology,Electrical Products
BHF,Brighthouse Financial Inc. Common Stock,$62.65,0.39,0.626%,3598674014.00,United States,,567970,Finance,Life Insurance
BHFAL,Brighthouse Financial Inc. 6.25% Junior Subordinated Debentures due 2058,$17.05,-0.08,-0.467%,979367788.00,United States,,19988,Finance,Life Insurance
BHFAM,Brighthouse Financial Inc. Depositary shares each representing a 1/1000th Interest in a Share of 4.625% Non-Cumulative Preferred Stock Series D,$11.75,-0.05,-0.424%,674930881.00,United States,,75997,Finance,Life Insurance
BHFAN,Brighthouse Financial Inc. Depositary shares each representing a 1/1000th interest in a share of 5.375% Non-Cumulative Preferred Stock Series C,$13.03,-0.20,-1.512%,748455266.00,United States,,75654,Finance,Life Insurance
BHFAO,Brighthouse Financial Inc. Depositary Shares 6.75% Non-Cumulative Preferred Stock Series B,$16.71,-0.13,-0.772%,959837873.00,United States,,20623,Finance,Life Insurance
BHFAP,Brighthouse Financial Inc. Depositary Shares 6.6% Non-Cumulative Preferred Stock Series A,$16.02,-0.18,-1.111%,920203635.00,United States,,13763,Finance,Life Insurance
BHK,Blackrock Core Bond Trust,$9.20,0.00,0.00%,0.00,United States,2001,291530,Finance,Finance Companies
BHM,Bluerock Homes Trust Inc. Class A Common Stock,$10.5348,0.0248,0.236%,135860658.00,,2022,1015,Real Estate,Real Estate Investment Trusts
BHP,BHP Group Limited American Depositary Shares (Each representing two Ordinary Shares),$79.06,-0.24,-0.303%,200769437847.00,Australia,,1815103,Energy,Coal Mining
BHR,Braemar Hotels & Resorts Inc. Common Stock,$2.40,-0.02,-0.826%,164830363.00,United States,2013,243610,Real Estate,Real Estate Investment Trusts
BHR^B,Braemar Hotels & Resorts Inc. 5.50% Series B Cumulative Convertible Preferred Stock par value $0.01 per share,$14.98,-0.12,-0.795%,,United States,,6160,,
BHR^D,Braemar Hotels & Resorts Inc. 8.25% Series D Cumulative Preferred Stock  par value $0.01 per share,$16.50,0.00,0.00%,,United States,,1130,,
BHRB,Burke & Herbert Financial Services Corp. Common Stock,$64.64,0.33,0.513%,972111716.00,United States,,96729,Finance,Major Banks
BHST,BioHarvest Sciences Inc. Common Stock,$4.18,-0.03,-0.713%,94694928.00,Canada,,49875,,
BHV,BlackRock Virginia Municipal Bond Trust,$11.26,0.11,0.987%,0.00,United States,2002,6305,Finance,Finance/Investors Services
BHVN,Biohaven Ltd. Common Shares ,$9.63,0.04,0.417%,1448550224.00,United States,2022,1280280,Health Care,Biotechnology: Pharmaceutical Preparations
BIAF,bioAffinity Technologies Inc. Common Stock,$2.19,-0.295,-11.871%,9852098.00,United States,2022,302984,Health Care,Biotechnology: Commercial Physical & Biological Resarch
BIAFW,bioAffinity Technologies Inc. Warrant,$0.33,0.00,0.00%,1484563.00,United States,2022,1,Health Care,Biotechnology: Commercial Physical & Biological Resarch
BIDU,Baidu Inc. ADS,$125.88,-0.65,-0.514%,42831004715.00,China,2005,920984,Technology,Computer Software: Programming Data Processing
BIIB,Biogen Inc. Common Stock,$187.06,-2.22,-1.173%,27616999106.00,United States,,696811,Health Care,Biotechnology: Biological Products (No Diagnostic Substances)
BILI,Bilibili Inc. American Depositary Shares,$21.95,-0.08,-0.363%,9144889052.00,China,2018,1047212,Technology,EDP Services
BILL,BILL Holdings Inc. Common Stock,$39.07,1.07,2.816%,3866384391.00,United States,2019,1623087,Technology,EDP Services
BIO,Bio-Rad Laboratories Inc. Class A Common Stock,$256.55,-23.57,-8.414%,6924385581.00,United States,1980,997875,Industrials,Biotechnology: Laboratory Analytical Instruments
BIO/B,Bio-Rad Laboratories Inc.,$299.45,0.00,0.00%,,United States,,11,,
BIOA,BioAge Labs Inc. Common Stock,$16.79,-0.06,-0.356%,745439347.00,United States,2024,324963,Health Care,Biotechnology: Pharmaceutical Preparations
BIOX,Bioceres Crop Solutions Corp. Ordinary Shares,$0.4681,0.001,0.214%,29597139.00,Argentina,,104652,Industrials,Agricultural Chemicals
BIP,Brookfield Infrastructure Partners LP Limited Partnership Units,$36.18,0.33,0.921%,16660484350.00,Bermuda,,612226,Consumer Discretionary,Marine Transportation
BIP^A,Brookfield Infrastructure Partners LP 5.125% Class A Preferred Limited Partnership Units Series 13,$17.05,0.06,0.353%,,Bermuda,,2126,,
BIP^B,Brookfield Infrastructure Partners LP 5.000% Class A Preferred Limited Partnership Units Series 14,$16.385,0.135,0.831%,,Bermuda,,4018,,
BIPC,Brookfield Infrastructure Corporation Brookfield Infrastructure Corporation,$37.41,0.41,1.108%,4975341304.00,Canada,,2056763,Utilities,Oil & Gas Production
BIPH,Brookfield Infrastructure Corporation 5.000% Subordinated Notes due 2081,$16.65,0.21,1.277%,7681377134.00,Canada,2021,31160,Utilities,Oil & Gas Production
BIPI,BIP Bermuda Holdings I Limited 5.125% Perpetual Subordinated Notes,$16.59,0.24,1.468%,157221771.00,Bermuda,2022,9745,Consumer Discretionary,Marine Transportation
BIPJ,Brookfield Infrastructure Corporation 7.250% Subordinated Notes due 2084,$24.76,-0.04,-0.161%,11422876747.00,Canada,2024,6182,Utilities,Oil & Gas Production
BIRD,Allbirds Inc. Class A Common Stock,$6.46,-0.04,-0.615%,56254539.00,United States,2021,503957,Consumer Discretionary,Apparel
BIRK,Birkenstock Holding plc Ordinary Shares,$38.71,-0.03,-0.077%,7119003428.00,,2023,1900519,Consumer Discretionary,Shoe Manufacturing
BIT,BlackRock Multi-Sector Income Trust Common Shares of Beneficial Interest,$12.81,-0.01,-0.078%,0.00,United States,2013,233226,Finance,Trusts Except Educational Religious and Charitable
BIVI,BioVie Inc. Class A Common Stock,$1.68,0.03,1.818%,12673199.00,United States,,217758,Health Care,Biotechnology: Pharmaceutical Preparations
BIVIW,BioVie Inc. Warrant,$0.3499,-0.0001,-0.029%,2639495.00,United States,,4813,Health Care,Biotechnology: Pharmaceutical Preparations
BIXI,Bitcoin Infrastructure Acquisition Corp Ltd. Class A Ordinary Shares,$9.95,0.00,0.00%,0.00,United States,2025,4005,,
BIXIU,Bitcoin Infrastructure Acquisition Corp Ltd. Unit ,$10.06,0.00,0.00%,0.00,United States,2025,108,Finance,Blank Checks
BIXIW,Bitcoin Infrastructure Acquisition Corp Ltd. Warrant,$0.24,0.00,0.00%,0.00,United States,2025,8,,
BIYA,Baiya International Group Inc. Ordinary Shares,$1.44,-0.54,-27.273%,2311561.00,China,2025,1576333,Consumer Discretionary,Diversified Commercial Services
BJ,BJ's Wholesale Club Holdings Inc. Common Stock,$93.51,-0.38,-0.405%,12126057744.00,United States,2018,2169131,Consumer Discretionary,Department/Specialty Retail Stores
BJDX,Bluejay Diagnostics Inc. Common Stock,$1.92,0.11,6.077%,1986653.00,United States,2021,102004,Health Care,Medical/Dental Instruments
BJRI,BJ's Restaurants Inc. Common Stock,$37.37,-1.03,-2.682%,785498192.00,United States,,252699,Consumer Discretionary,Restaurants
BK,The Bank of New York Mellon Corporation Common Stock,$133.78,-0.59,-0.439%,92071005652.00,United States,,2600749,Finance,Major Banks
BK^K,The Bank Of New York Mellon Corporation  Depositary Shares each representing a 1/4000th interest in a share of Series K Noncumulative Perpetual Preferred Stock,$25.49,-0.04,-0.157%,,United States,,14879,,
BKD,Brookdale Senior Living Inc. Common Stock,$14.32,-0.04,-0.279%,3405187354.00,United States,2005,2568624,Health Care,Hospital/Nursing Management
BKE,Buckle Inc. (The) Common Stock,$55.27,-0.34,-0.611%,2847404613.00,United States,,204718,Consumer Discretionary,Clothing/Shoe/Accessory Stores
BKH,Black Hills Corporation Common Stock,$75.50,0.21,0.279%,5742131889.00,United States,,774718,Utilities,Electric Utilities: Central
BKHA,Black Hawk Acquisition Corporation Class A Ordinary Shares,$11.95,0.25,2.137%,0.00,United States,2024,3103,Health Care,Biotechnology: Biological Products (No Diagnostic Substances)
BKHAR,Black Hawk Acquisition Corporation Rights,$1.40,0.15,12.00%,0.00,United States,2024,163197,Health Care,Biotechnology: Biological Products (No Diagnostic Substances)
BKHAU,Black Hawk Acquisition Corporation Units,$11.60,-0.09,-0.77%,0.00,United States,2024,100,,
BKKT,Bakkt Inc. Class A Common Stock,$8.57,-0.05,-0.58%,261917163.00,United States,,674058,Finance,Finance: Consumer Services
BKNG,Booking Holdings Inc. Common Stock,$169.63,1.27,0.754%,131442629099.00,United States,,5442614,Consumer Discretionary,Transportation Services
BKR,Baker Hughes Company Class A Common Stock,$69.12,-0.55,-0.789%,68571788337.00,United States,,5440311,Consumer Discretionary,Oil and Gas Field Machinery
BKSY,BlackSky Technology Inc. Class A Common Stock,$35.55,0.07,0.197%,1315165638.00,United States,2019,970789,Technology,Radio And Television Broadcasting And Communications Equipment
BKT,BlackRock Income Trust Inc. (The),$10.69,0.05,0.47%,1590270815.00,United States,,196690,Finance,Investment Bankers/Brokers/Service
BKTI,BK Technologies Corporation Common Stock,$95.46,-0.90,-0.934%,357416654.00,United States,,59135,Technology,Radio And Television Broadcasting And Communications Equipment
BKU,BankUnited Inc. Common Stock,$46.59,0.11,0.237%,3434614847.00,United States,2011,487248,Finance,Savings Institutions
BKV,BKV Corporation Common Stock,$31.32,-0.21,-0.666%,3425987059.00,United States,2024,723761,Energy,Oil & Gas Production
BKYI,BIO-key International Inc. Common Stock,$5.33,0.34,6.814%,5784180.00,United States,,30196,Technology,Computer Software: Prepackaged Software
BL,BlackLine Inc. Common Stock,$33.91,2.66,8.512%,2021768117.00,United States,2016,1198412,Technology,Computer Software: Prepackaged Software
BLBD,Blue Bird Corporation Common Stock,$62.87,-1.24,-1.934%,1986182879.00,United States,2014,338464,Consumer Discretionary,Construction/Ag Equipment/Trucks
BLCO,Bausch + Lomb Corporation Common Shares,$16.31,0.41,2.579%,5815107999.00,,2022,711971,Health Care,Ophthalmic Goods
BLD,TopBuild Corp. Common Stock,$438.98,-3.72,-0.84%,12355152240.00,United States,2015,839977,Consumer Discretionary,Engineering & Construction
BLDP,Ballard Power Systems Inc. Common Shares,$3.39,-0.01,-0.294%,1022003128.00,Canada,,3034406,Energy,Industrial Machinery/Components
BLDR,Builders FirstSource Inc. Common Stock,$75.72,-3.37,-4.261%,8375329230.00,United States,2005,3694511,Consumer Discretionary,RETAIL: Building Materials
BLFS,BioLife Solutions Inc. Common Stock,$21.21,0.13,0.617%,1024443000.00,United States,,230005,Health Care,Biotechnology: Electromedical & Electrotherapeutic Apparatus
BLIN,Bridgeline Digital Inc. Common Stock,$0.97,0.02,2.105%,12221883.00,United States,2007,18701,Technology,Computer Software: Prepackaged Software
BLIV,BeLive Holdings Ordinary Share,$2.45,0.00,0.00%,26618765.00,Singapore,2025,19,Technology,EDP Services
BLK,BlackRock Inc. Common Stock,$1061.68,-3.92,-0.368%,164947625485.00,United States,1999,470309,Finance,Investment Bankers/Brokers/Service
BLKB,Blackbaud Inc. Common Stock,$37.54,0.37,0.995%,1724291259.00,United States,2004,577611,Technology,Computer Software: Prepackaged Software
BLLN,BillionToOne Inc. Class A Common Stock,$77.49,2.44,3.251%,3564134262.00,United States,2025,317672,Health Care,Medical Specialities
BLMN,Bloomin' Brands Inc. Common Stock,$5.92,-0.18,-2.951%,504547528.00,United States,2012,2097393,Consumer Discretionary,Restaurants
BLND,Blend Labs Inc. Class A Common Stock,$1.52,0.06,4.11%,368566828.00,United States,2021,1701415,Technology,Computer Software: Programming Data Processing
BLNE,Beeline Holdings Inc. Common Stock,$1.93,0.16,9.04%,59149422.00,United States,,358857,Finance,Finance: Consumer Services
BLNK,Blink Charging Co. Common Stock,$0.737,0.0121,1.669%,105497658.00,United States,,1202416,Consumer Discretionary,Industrial Specialties
BLRK,Bluerock Acquisition Corp. Class A Ordinary Shares,$9.93,0.00,0.00%,0.00,United States,2026,1588,,
BLRKU,Bluerock Acquisition Corp. Unit,$10.02,0.00,0.00%,0.00,United States,2025,100,,
BLRKW,Bluerock Acquisition Corp. Warrants,$0.3155,0.00,0.00%,0.00,United States,2026,9,,
BLRX,BioLineRx Ltd. American Depositary Shares,$2.8632,0.1132,4.116%,12458805.00,Israel,,14155,Health Care,Biotechnology: Pharmaceutical Preparations
BLSH,Bullish Ordinary Shares,$39.32,1.59,4.214%,5909882819.00,Cayman Islands,2025,882442,Finance,Finance: Consumer Services
BLTE,Belite Bio Inc American Depositary Shares,$154.85,-4.31,-2.708%,6091792806.00,United States,2022,77965,Health Care,Biotechnology: Pharmaceutical Preparations
BLUW,Blue Water Acquisition Corp. III Class A Ordinary Shares,$10.27,0.01,0.097%,74406150.00,United States,2025,35797,,
BLUWW,Blue Water Acquisition Corp. III Warrant.,$0.4402,-0.0198,-4.304%,3189249.00,United States,2025,2554,,
BLW,Blackrock Limited Duration Income Trust,$12.86,0.01,0.078%,459246714.00,United States,2003,94907,Consumer Discretionary,Other Consumer Services
BLX,Banco Latinoamericano de Comercio Exterior S.A.,$53.63,0.20,0.374%,1996656055.00,Panama,1992,106692,Finance,Commercial Banks
BLZE,Backblaze Inc. Class A Common Stock,$4.45,0.17,3.972%,267065553.00,United States,2021,358551,Technology,Computer Software: Prepackaged Software
BLZR,Trailblazer Acquisition Corp. Class A Ordinary Shares,$10.09,0.00,0.00%,0.00,United States,2025,9220,Finance,Blank Checks
BLZRU,Trailblazer Acquisition Corp. Unit,$10.19,0.00,0.00%,0.00,United States,2025,9149,,
BLZRW,Trailblazer Acquisition Corp. Warrant,$0.3872,-0.0327,-7.788%,0.00,United States,2025,3300,Finance,Blank Checks
BMA,Banco Macro S.A.  ADR (representing Ten Class B Common Shares),$68.86,-3.14,-4.361%,4402841606.00,Argentina,,544530,Finance,Commercial Banks
BMBL,Bumble Inc. Class A Common Stock,$4.16,0.01,0.241%,542593659.00,United States,2021,2391067,Technology,Computer Software: Programming Data Processing
BME,Blackrock Health Sciences Trust,$39.39,0.07,0.178%,525187579.00,United States,2005,36531,Finance,Trusts Except Educational Religious and Charitable
BMEA,Biomea Fusion Inc. Common Stock,$1.37,0.01,0.735%,99050233.00,United States,2021,1311539,Health Care,Biotechnology: Pharmaceutical Preparations
BMEZ,BlackRock Health Sciences Term Trust Common Shares of Beneficial Interest,$14.08,-0.15,-1.054%,187728893.00,United States,2020,277889,Finance,Trusts Except Educational Religious and Charitable
BMGL,Basel Medical Group Ltd Ordinary Shares,$0.56,-0.02,-3.448%,10520020.00,Singapore,2025,4498,Health Care,Medical/Nursing Services
BMHL,Bluemount Holdings Limited Class B Ordinary Shares,$3.5599,0.00,0.00%,85455923.00,Hong Kong,2025,19,Finance,Finance: Consumer Services
BMI,Badger Meter Inc. Common Stock,$121.98,1.07,0.885%,3560055829.00,United States,1971,608419,Industrials,Industrial Machinery/Components
BML^G,Bank of America Corporation Depositary Shares (Each representing a 1/1200th interest in a share of Floating Rate Non-Cumulative Preferred Stock  Series 1),$19.20,-0.09,-0.467%,,United States,,4504,,
BML^H,Bank of America Corporation Depositary Shares (Each representing a 1/1200th interest in a Share of Floating Rate Non-Cumulative Preferred Stock Series 2),$19.28,0.03,0.156%,,United States,,16063,,
BML^J,Bank of America Corporation Depositary Shares (Each representing a 1/1200th interest in a Share of Floating Rate Non-Cumulative Preferred Stock Series 4),$19.99,-0.05,-0.25%,,United States,,31907,,
BML^L,Bank of America Corporation Depositary Shares (Each representing a 1/1200th Interest in a Share of Floating Rate Non-Cumulative Preferred Stock Series 5),$19.47,-0.11,-0.562%,,United States,,23334,,
BMM,Blue Moon Metals Inc. Common Shares,$7.29,0.00,0.00%,645200539.00,Canada,,196925,,
BMN,BlackRock 2037 Municipal Target Term Trust Common Shares of Beneficial Interest,$25.10,-0.34,-1.336%,0.00,,2022,17530,Finance,Trusts Except Educational Religious and Charitable
BMNR,BitMine Immersion Technologies Inc. Common Stock,$21.88,0.48,2.243%,12462340800.00,United States,2025,29568885,Finance,Finance: Consumer Services
BMO,Bank Of Montreal Common Stock,$152.49,0.39,0.256%,107493237533.00,Canada,,471214,Finance,Commercial Banks
BMR,Beamr Imaging Ltd. Ordinary Share,$2.06,0.12,6.186%,31991499.00,Israel,2023,65837,Technology,Computer Software: Prepackaged Software
BMRA,Biomerica Inc. Common Stock,$2.19,0.01,0.459%,6767689.00,United States,,5513,Health Care,Biotechnology: In Vitro & In Vivo Diagnostic Substances
BMRC,Bank of Marin Bancorp Common Stock,$25.87,0.23,0.897%,418827720.00,United States,,133377,Finance,Major Banks
BMRN,BioMarin Pharmaceutical Inc. Common Stock,$54.06,0.15,0.278%,10448177714.00,United States,1999,1336016,Health Care,Biotechnology: Pharmaceutical Preparations
BMY,Bristol-Myers Squibb Company Common Stock,$58.22,-2.37,-3.912%,118869838190.00,United States,,18364554,Health Care,Biotechnology: Pharmaceutical Preparations
BN,Brookfield Corporation Class A Limited Voting Shares,$45.23,0.11,0.244%,101185338293.00,Canada,1925,5727915,Real Estate,Building operators
BNAI,Brand Engagement Network Inc. Common Stock,$26.85,-1.275,-4.533%,157286092.00,United States,2021,287737,Technology,EDP Services
BNAIW,Brand Engagement Network Inc. Warrant,$0.202,-0.0049,-2.368%,1183307.00,United States,2021,20519,Technology,EDP Services
BNBX,BNB Plus Corp. Common Stock,$0.4951,-0.0359,-6.761%,2697042.00,United States,,105931,Consumer Discretionary,Other Consumer Services
BNC,CEA Industries Inc. Common Stock,$3.16,0.05,1.608%,135550858.00,United States,,259970,Industrials,Industrial Machinery/Components
BNCWW,CEA Industries Inc. Warrant,$0.0256,0.00,0.00%,0.00,United States,,200,,
BNCWZ,CEA Industries Inc. Warrant,$0.40,0.01,2.564%,17158336.00,United States,,681,Industrials,Industrial Machinery/Components
BNED,Barnes & Noble Education Inc Common Stock,$10.27,0.41,4.158%,352221142.00,United States,2015,282292,Consumer Discretionary,Other Specialty Stores
BNGO,Bionano Genomics Inc. Common Stock,$1.18,0.02,1.724%,13088106.00,United States,2018,92677,Industrials,Biotechnology: Laboratory Analytical Instruments
BNH,Brookfield Finance Inc. 4.625% Subordinated Notes due October 16 2080,$15.81,0.34,2.198%,23838270001.00,Canada,2020,31016,Real Estate,Building operators
BNJ,Brookfield Finance Inc. 4.50% Perpetual Subordinated Notes,$15.29,0.32,2.138%,23054215580.00,Canada,2020,15992,Real Estate,Building operators
BNKK,Bonk Inc. Common Stock,$2.56,-0.01,-0.389%,20143252.00,United States,2020,119070,Consumer Discretionary,Package Goods/Cosmetics
BNL,Broadstone Net Lease Inc. Common Stock,$19.64,-0.16,-0.808%,3762795508.00,United States,2020,2229842,Real Estate,Real Estate Investment Trusts
BNR,Burning Rock Biotech Limited American Depositary Shares,$17.095,0.095,0.559%,180289734.00,China,2020,38334,Health Care,Medical Specialities
BNRG,Brenmiller Energy Ltd Ordinary Shares,$2.57,0.25,10.776%,1324745.00,Israel,,49145,Industrials,Building Products
BNS,Bank Nova Scotia Halifax Pfd 3 Ordinary Shares,$78.00,0.20,0.257%,96133716120.00,Canada,,1242347,Finance,Major Banks
BNT,Brookfield Wealth Solutions Ltd. Class A Exchangeable Limited Voting Shares,$45.28,0.15,0.332%,15062753561.00,,2021,16587,Finance,Property-Casualty Insurers
BNTC,Benitec Biopharma Inc. Common Stock,$11.95,-0.10,-0.83%,410534291.00,United States,2015,74460,Health Care,Biotechnology: Pharmaceutical Preparations
BNTX,BioNTech SE American Depositary Share,$97.54,-5.91,-5.713%,24514273664.00,Germany,2019,1082671,Health Care,Biotechnology: Biological Products (No Diagnostic Substances)
BNZI,Banzai International Inc. Class A Common Stock,$0.3006,-0.0237,-7.308%,5558726.00,United States,2021,1946627,Technology,Computer Software: Prepackaged Software
BNZIW,Banzai International Inc. Warrant,$0.011,-0.0015,-12.00%,203413.00,United States,2021,43037,Technology,Computer Software: Prepackaged Software
BOBS,Bob's Discount Furniture Inc. Common Stock,$11.07,0.33,3.073%,1443163354.00,,2026,1330238,Consumer Discretionary,Other Specialty Stores
BOC,Boston Omaha Corporation Class A Common Stock,$12.05,0.03,0.25%,369526240.00,United States,2022,180272,Finance,Real Estate
BODI,The Beachbody Company Inc. Class A Common Stock,$14.99,0.03,0.201%,108455153.00,United States,,114852,Consumer Discretionary,Other Consumer Services
BOE,Blackrock Enhanced Global Dividend Trust Common Shares of Beneficial Interest,$11.83,0.00,0.00%,0.00,United States,2005,107643,Finance,Trusts Except Educational Religious and Charitable
BOF,BranchOut Food Inc. Common Stock,$3.61,-0.21,-5.497%,52642522.00,United States,2023,58244,Consumer Staples,Packaged Foods
BOH,Bank of Hawaii Corporation Common Stock,$80.14,0.63,0.792%,3175228302.00,United States,,420360,Finance,Major Banks
BOH^A,Bank of Hawaii Corporation Depositary Shares Each Representing a 1/40th Interest in a Share of 4.375% Fixed Rate Non-Cumulative Perpetual Preferred Stock Series A,$16.18,0.07,0.435%,,United States,,9124,,
BOH^B,Bank of Hawaii Corporation Depositary Shares Each Representing a 1/40th Interest in a Share of 8.000% Fixed Rate Non-Cumulative Perpetual Preferred Stock Series B,$26.47,0.02,0.076%,,United States,,5461,,
BOKF,BOK Financial Corporation Common Stock,$133.51,-0.28,-0.209%,8112209121.00,United States,,306137,Finance,Major Banks
BOLD,Boundless Bio Inc. Common Stock,$1.57,0.11,7.534%,35197439.00,United States,2024,70347,Health Care,Biotechnology: Pharmaceutical Preparations
BOLT,Bolt Biotherapeutics Inc. Common Stock,$5.06,0.26,5.417%,9723129.00,United States,2021,38733,Health Care,Biotechnology: Pharmaceutical Preparations
BON,Bon Natural Life Limited Class A Ordinary Shares,$1.30,0.0228,1.785%,10567453.00,China,2021,4077,Health Care, Medicinal Chemicals and Botanical Products 
BOOM,DMC Global Inc. Common Stock,$8.41,2.23,36.084%,172196020.00,United States,,2008860,Industrials,Industrial Specialties
BOOT,Boot Barn Holdings Inc. Common Stock,$171.47,0.02,0.012%,5216191304.00,United States,2014,414689,Consumer Discretionary,Clothing/Shoe/Accessory Stores
BORR,Borr Drilling Limited Common Shares,$6.10,0.07,1.161%,1876976558.00,Bermuda,2019,5392144,Energy,Oil & Gas Production
BOSC,B.O.S. Better Online Solutions Common Stock,$4.68,0.04,0.862%,32993111.00,Israel,,36844,Telecommunications,Computer Communications Equipment
BOTJ,Bank of the James Financial Group Inc. Common Stock,$22.93,-0.03,-0.131%,104178740.00,United States,,1043,Finance,Major Banks
BOW,Bowhead Specialty Holdings Inc. Common Stock,$24.32,0.54,2.271%,798621011.00,United States,2024,337178,Finance,Property-Casualty Insurers
BOX,Box Inc. Class A Common Stock,$25.01,0.81,3.347%,3462624021.00,United States,2015,2016168,Technology,Computer Software: Prepackaged Software
BOXL,Boxlight Corporation Class A Common Stock,$1.08,-0.02,-1.818%,4321844.00,United States,2017,42331,Real Estate,Other Consumer Services
BP,BP p.l.c. Common Stock,$46.41,-0.97,-2.047%,121070715852.00,United Kingdom,,11778427,Energy,Integrated oil Companies
BPAC,Blueport Acquisition Ltd Class A Ordinary Shares,$10.05,-0.01,-0.099%,0.00,United States,2026,4061,,
BPACR,Blueport Acquisition Ltd Rights,$0.21,0.0199,10.468%,0.00,United States,2026,3916,,
BPACU,Blueport Acquisition Ltd Units,$10.23,0.04,0.393%,0.00,United States,2025,12079,Finance,Blank Checks
BPOP,Popular Inc. Common Stock,$149.35,-0.98,-0.652%,9706070858.00,United States,,387137,Finance,Major Banks
BPOPM,Popular Inc. Popular Capital Trust II - 6.125% Cumulative Monthly Income Trust Preferred Securities,$25.3191,-0.0409,-0.161%,1645456837.00,United States,,11898,Finance,Major Banks
BPRE,Bluerock Private Real Estate Fund Common Shares of Beneficial Interest,$16.68,-0.01,-0.06%,0.00,,2025,479291,,
BPRN,Princeton Bancorp Inc. Common Stock (PA),$36.11,0.34,0.951%,245412696.00,United States,,4260,Finance,Major Banks
BPYPM,Brookfield Property Partners L.P. 6.25% Class A Cumulative Redeemable Preferred Units Series 1,$16.75,0.01,0.06%,17412972538.00,Bermuda,,1365,Finance,Real Estate
BPYPN,Brookfield Property Partners L.P. 5.750% Class A Cumulative Redeemable Perpetual Preferred Units Series 3,$13.979,-0.011,-0.079%,14532295111.00,Bermuda,,15591,Finance,Real Estate
BPYPO,Brookfield Property Partners L.P. 6.375% Class A Cumulative Redeemable Perpetual Preferred Units Series 2,$15.36,0.05,0.327%,15967955712.00,Bermuda,,3318,Finance,Real Estate
BPYPP,Brookfield Property Partners L.P. 6.50% Class A Cumulative Redeemable Perpetual Preferred Units,$16.01,0.01,0.063%,16643683005.00,Bermuda,,38979,Finance,Real Estate
BQ,Boqii Holding Limited Class A Ordinary Shares,$0.7506,0.0022,0.294%,2093946.00,,2025,21491,Consumer Discretionary,Other Specialty Stores
BR,Broadridge Financial Solutions Inc. Common Stock,$155.25,1.27,0.825%,18125238004.00,United States,,1195022,Real Estate,Real Estate
BRAG,Bragg Gaming Group Inc. Common Shares,$2.02,-0.02,-0.98%,51617652.00,Canada,,20965,Technology,Office Equipment/Supplies/Services
BRAI,Braiin Limited Common Stock,$7.39,0.36,5.121%,1522992005.00,Australia,,8489,Technology,EDP Services
BRBI,BRBI BR Partners S.A. ADSs,$14.8082,0.00,0.00%,742432000.00,Brazil,,30,Finance,Finance: Consumer Services
BRBR,BellRing Brands Inc. Common Stock ,$17.20,-0.60,-3.371%,2017035796.00,United States,2022,3838060,Consumer Staples,Packaged Foods
BRBS,Blue Ridge Bankshares Inc. Common Stock,$3.42,-0.01,-0.292%,312384445.00,United States,,141312,Finance,Major Banks
BRC,Brady Corporation Common Stock,$82.16,0.34,0.416%,3880255684.00,United States,,193047,Consumer Discretionary,Miscellaneous manufacturing industries
BRCB,Black Rock Coffee Bar Inc. Class A Common Stock,$12.08,-0.20,-1.629%,604674149.00,United States,2025,208744,Consumer Discretionary,Restaurants
BRCC,BRC Inc. Class A Common Stock,$1.09,0.01,0.926%,271546312.00,United States,2022,257033,Consumer Staples,Beverages (Production/Distribution)
BRFH,Barfresh Food Group Inc. Common Stock,$2.53,0.00,0.00%,40745278.00,United States,,1746,Consumer Staples,Packaged Foods
BRIA,BrilliA Inc Class A Ordinary Shares,$1.68,-0.03,-1.754%,51450000.00,,2024,2537,Consumer Discretionary,Apparel
BRID,Bridgford Foods Corporation Common Stock,$7.51,0.00,0.00%,68167008.00,United States,,210,Consumer Staples,Specialty Foods
BRK/A,Berkshire Hathaway Inc.,$710300.00,-1600.00,-0.225%,1044761802200.00,United States,,219,,
BRK/B,Berkshire Hathaway Inc.,$473.01,-0.59,-0.125%,1043607341597.00,United States,,4805176,,
BRKR,Bruker Corporation Common Stock,$36.79,0.08,0.218%,5600289210.00,United States,,1560449,Industrials,Biotechnology: Laboratory Analytical Instruments
BRKRP,Bruker Corporation 6.375% Mandatory Convertible Preferred Stock Series A,$292.49,-0.68,-0.232%,44523745341.00,United States,,7558,Industrials,Biotechnology: Laboratory Analytical Instruments
BRLS,Borealis Foods Inc. Class A Common Shares,$1.66,0.00,0.00%,35629088.00,Canada,2021,139180,Consumer Staples,Packaged Foods
BRLSW,Borealis Foods Inc. Warrant,$0.06,-0.0001,-0.166%,1287798.00,Canada,2021,200,Consumer Staples,Packaged Foods
BRLT,Brilliant Earth Group Inc. Class A Common Stock,$1.55,0.06,4.027%,156861860.00,United States,2021,30783,Consumer Discretionary,Consumer Specialties
BRN,Barnwell Industries Inc. Common Stock,$1.125,-0.005,-0.442%,16012416.00,United States,1965,44008,Energy,Oil & Gas Production
BRNS,Barinthus Biotherapeutics plc American Depositary Shares,$0.6507,0.0007,0.108%,26580375.00,United Kingdom,2021,5566,Health Care,Biotechnology: Pharmaceutical Preparations
BRO,Brown & Brown Inc. Common Stock,$57.63,-2.52,-4.19%,19533564077.00,United States,,4792455,Finance,Specialty Insurers
BROS,Dutch Bros Inc. Class A Common Stock,$56.95,-0.56,-0.974%,9384415427.00,United States,2021,3238757,Consumer Discretionary,Restaurants
BRR,ProCap Financial Inc. Common Stock,$2.00,0.09,4.712%,163320304.00,United States,2025,897213,Finance,Finance: Consumer Services
BRRWW,ProCap Financial Inc. Warrant,$0.2959,-0.0158,-5.069%,24163239.00,United States,2025,4612,Finance,Finance: Consumer Services
BRSL,Brightstar Lottery PLC Trading under the Legal Name to begin at the market open on July 21 2025. Ordinary Shares,$12.80,-0.33,-2.513%,2361600000.00,United States,2015,804227,Consumer Discretionary,Services-Misc. Amusement & Recreation
BRSP,BrightSpire Capital Inc. Class A Common Stock,$5.87,0.07,1.207%,764732242.00,United States,2018,537960,Real Estate,Real Estate Investment Trusts
BRT,BRT Apartments Corp. (MD) Common Stock,$14.37,0.00,0.00%,272785897.00,United States,,30728,Real Estate,Real Estate Investment Trusts
BRTX,BioRestorative Therapies Inc. Common Stock (NV),$0.2332,0.0081,3.598%,5941509.00,United States,,836722,Health Care,Managed Health Care
BRW,Saba Capital Income & Opportunities Fund SBI,$6.83,-0.04,-0.582%,0.00,United States,,169558,Finance,Trusts Except Educational Religious and Charitable
BRX,Brixmor Property Group Inc. Common Stock,$29.77,-0.32,-1.063%,9134526088.00,United States,2013,3199352,Real Estate,Real Estate Investment Trusts
BRZE,Braze Inc. Class A Common Stock,$23.56,1.53,6.945%,2907229362.00,United States,2021,2240897,Technology,Computer Software: Prepackaged Software
BSAA,BEST SPAC I Acquisition Corp. Class A Ordinary Shares,$10.31,-0.02,-0.194%,,Hong Kong,2025,8902,Finance,Blank Checks
BSAAR,BEST SPAC I Acquisition Corp. Rights,$0.15,0.01,7.143%,0.00,Hong Kong,2025,20137,Finance,Blank Checks
BSAAU,BEST SPAC I Acquisition Corp. Unit ,$10.55,0.19,1.834%,0.00,Hong Kong,2025,15200,Finance,Blank Checks
BSAC,Banco Santander - Chile ADS,$31.33,-0.65,-2.033%,14760042882.00,Chile,,327773,Finance,Commercial Banks
BSBK,Bogota Financial Corp. Common Stock,$8.511,0.251,3.039%,109956724.00,United States,2020,3874,Finance,Banks
BSBR,Banco Santander Brasil SA American Depositary Shares each representing one unit,$5.80,-0.06,-1.024%,43332949160.00,Brazil,2009,833852,Finance,Commercial Banks
BSET,Bassett Furniture Industries Incorporated Common Stock,$14.41,-0.17,-1.166%,124606642.00,United States,,13048,Consumer Discretionary,Home Furnishings
BSL,Blackstone Senior Floating Rate 2027 Term Fund Common Shares of Beneficial Interest,$13.14,-0.03,-0.228%,0.00,United States,2010,47256,Finance,Trusts Except Educational Religious and Charitable
BSM,Black Stone Minerals L.P. Common units representing limited partner interests,$14.24,-0.08,-0.559%,3233120971.00,United States,2015,225431,Energy,Oil & Gas Production
BSRR,Sierra Bancorp Common Stock,$36.56,0.48,1.33%,478686807.00,United States,,26773,Finance,Major Banks
BST,BlackRock Science and Technology Trust Common Shares of Beneficial Interest,$43.32,1.27,3.02%,959877196.00,United States,2014,164064,Finance,Finance Companies
BSTZ,BlackRock Science and Technology Term Trust Common Shares of Beneficial Interest,$26.97,1.00,3.851%,597596675.00,United States,2019,242956,Finance,Trusts Except Educational Religious and Charitable
BSVN,Bank7 Corp. Common stock,$43.49,0.55,1.281%,413995879.00,United States,2018,7956,Finance,Major Banks
BSX,Boston Scientific Corporation Common Stock,$56.50,-1.11,-1.927%,83968896936.00,United States,,18307283,Health Care,Medical/Dental Instruments
BSY,Bentley Systems Incorporated Class B Common Stock,$33.56,0.94,2.882%,10176959051.00,United States,2020,1655720,Technology,Computer Software: Prepackaged Software
BTAI,BioXcel Therapeutics Inc. Common Stock,$1.20,-0.03,-2.439%,32489503.00,United States,2018,1193812,Health Care,Biotechnology: Pharmaceutical Preparations
BTBD,BT Brands Inc. Common Stock,$1.95,0.09,4.839%,12001712.00,United States,2021,172121,Consumer Discretionary,Restaurants
BTBDW,BT Brands Inc. Warrant,$0.139,-0.0009,-0.643%,855507.00,United States,2021,400,Consumer Discretionary,Restaurants
BTBT,Bit Digital Inc. Ordinary Shares,$1.57,0.06,3.974%,512726234.00,United States,2018,12247310,Finance,Finance: Consumer Services
BTCS,BTCS Inc. Common Stock,$2.16,0.10,4.854%,107514801.00,United States,,1146690,Finance,Finance: Consumer Services
BTCT,BTC Digital Ltd. Ordinary Shares,$1.23,0.00,0.00%,7913869.00,China,,54545,Real Estate,Other Consumer Services
BTDR,Bitdeer Technologies Group Class A Ordinary Shares,$11.84,0.55,4.872%,2853737350.00,Singapore,,4702970,Finance,Finance: Consumer Services
BTE,Baytex Energy Corp Common Shares,$4.98,-0.08,-1.581%,3651675815.00,Canada,2023,21521231,Energy,Oil & Gas Production
BTG,B2Gold Corp Common shares (Canada),$4.36,-0.14,-3.111%,5845111292.00,Canada,,32592268,Basic Materials,Precious Metals
BTGO,BitGo Holdings Inc. Class A Common Stock,$10.43,0.34,3.37%,1204320445.00,,2026,360976,Finance,Finance: Consumer Services
BTI,British American Tobacco  Industries p.l.c. Common Stock ADR,$58.71,-0.09,-0.153%,128096124295.00,United Kingdom,1998,3688367,Health Care, Medicinal Chemicals and Botanical Products 
BTM,Bitcoin Depot Inc. Class A Common Stock,$6.70,0.03,0.45%,76035339.00,United States,2022,197489,Finance,Finance: Consumer Services
BTMD,Biote Corp. Class A Common Stock,$2.19,-0.03,-1.351%,86058746.00,United States,,172417,Health Care, Medicinal Chemicals and Botanical Products 
BTMWW,Bitcoin Depot Inc. Warrant,$0.0298,-0.0012,-3.871%,338187.00,United States,2022,76086,Finance,Finance: Consumer Services
BTO,John Hancock Financial Opportunities Fund Common Stock,$37.15,0.06,0.162%,0.00,United States,1994,21442,Finance,Investment Managers
BTOC,Armlogi Holding Corp. Common Stock,$0.2855,0.0034,1.205%,12973999.00,United States,2024,68659,Consumer Discretionary,Office Equipment/Supplies/Services
BTOG,Bit Origin Limited Class A Ordinary Shares,$2.22,0.06,2.778%,3278589.00,United States,2019,60893,Finance,Finance: Consumer Services
BTQ,BTQ Technologies Corp. Common Stock,$2.88,0.03,1.053%,406975478.00,Canada,,1590940,,
BTSG,BrightSpring Health Services Inc. Common Stock,$52.58,4.61,9.61%,10156759296.00,United States,2024,9470638,Health Care,Medical/Nursing Services
BTSGU,BrightSpring Health Services Inc. Tangible Equity Unit,$174.16,16.12,10.20%,33642092031.00,United States,2024,241761,Health Care,Medical/Nursing Services
BTT,BlackRock Municipal 2030 Target Term Trust,$22.98,-0.01,-0.043%,0.00,United States,2012,40013,Finance,Investment Managers
BTTC,Black Titan Corporation Ordinary Shares,$1.23,0.00,0.00%,1636188.00,Malaysia,,18992,Health Care,Biotechnology: Biological Products (No Diagnostic Substances)
BTU,Peabody Energy Corporation Common Stock ,$26.53,-0.13,-0.488%,3232256789.00,United States,2017,4289597,Energy,Coal Mining
BTX,BlackRock Technology and Private Equity Term Trust Common Shares of Beneficial Interest,$8.05,0.11,1.385%,1898159201.00,United States,2021,565238,,
BTZ,BlackRock Credit Allocation Income Trust,$10.39,0.01,0.096%,1123522650.00,United States,2006,159016,Finance,Finance Companies
BUD,Anheuser-Busch Inbev SA Sponsored ADR (Belgium),$75.56,0.01,0.013%,135796431547.00,Belgium,,1192243,Consumer Staples,Beverages (Production/Distribution)
BUDA,Buda Juice Inc. Common Stock,$9.7248,0.2248,2.366%,122208314.00,,2026,1305,Consumer Staples,Beverages (Production/Distribution)
BUI,BlackRock Utility Infrastructure & Power Opportunities Trust,$27.87,0.31,1.125%,0.00,United States,2011,85393,Finance,Trusts Except Educational Religious and Charitable
BULL,Webull Corporation Class A Ordinary Shares,$7.03,0.20,2.928%,3738685215.00,United States,,9861390,Finance,Investment Bankers/Brokers/Service
BULLW,Webull Corporation Warrants,$2.335,0.015,0.647%,1241796583.00,United States,,1670,Finance,Investment Bankers/Brokers/Service
BUR,Burford Capital Limited Ordinary Shares,$5.20,0.28,5.691%,1137820273.00,,2020,2573768,Finance,Finance: Consumer Services
BURL,Burlington Stores Inc. Common Stock,$318.00,-2.01,-0.628%,19980026178.00,United States,2013,367985,Consumer Discretionary,Department/Specialty Retail Stores
BURU,Nuburu Inc. Common Stock,$0.2993,-0.0207,-6.469%,50730625.00,United States,,11785710,Miscellaneous,Industrial Machinery/Components
BUSE,First Busey Corporation Class A Common Stock,$26.61,0.41,1.565%,2275274133.00,United States,,498655,Finance,Major Banks
BUSEP,First Busey Corporation Depositary Shares Each Representing a 1/40thInterest in a Share of 8.25% Fixed-Rate Series B Non-Cumulative Perpetual Preferred Stock $0.001 par value,$25.94,0.08,0.309%,2217986133.00,United States,,18719,Finance,Major Banks
BUUU,BUUU Group Limited Class A Ordinary Share,$18.00,2.00,12.50%,300150000.00,Hong Kong,2025,4096,Consumer Discretionary,Services-Misc. Amusement & Recreation
BV,BrightView Holdings Inc. Common Stock,$11.77,-0.13,-1.092%,1108734000.00,United States,2018,512664,Real Estate,Real Estate
BVC,BitVentures Limited Ordinary Shares,$10.35,-0.25,-2.358%,1738800000.00,China,2021,2666,,
BVFL,BV Financial Inc. Common Stock,$19.56,-0.02,-0.102%,171943510.00,United States,2023,12407,Finance,Savings Institutions
BVN,Buenaventura Mining Company Inc.,$32.44,-0.15,-0.46%,8239333965.00,Peru,1996,730140,Basic Materials,Metal Mining
BVS,Bioventus Inc. Class A Common Stock,$10.11,0.24,2.432%,843427074.00,United States,2021,404287,Health Care,Medical/Dental Instruments
BW,Babcock & Wilcox Enterprises Inc. Common Stock,$14.07,-1.59,-10.153%,1909887281.00,United States,2015,3236497,Industrials,Building Products
BW^A,Babcock & Wilcox Enterprises Inc. 7.75% Series A Cumulative Perpetual Preferred Stock,$21.42,-0.10,-0.465%,,United States,,20526,,
BWA,BorgWarner Inc. Common Stock,$56.77,-0.20,-0.351%,11698110674.00,United States,,2378177,Consumer Discretionary,Auto Parts:O.E.M.
BWAY,BrainsWay Ltd. American Depositary Shares,$16.84,0.28,1.691%,674156158.00,Israel,2019,85298,Health Care,Medical/Dental Instruments
BWB,Bridgewater Bancshares Inc. Common Stock,$18.34,0.21,1.158%,510302522.00,United States,2018,40127,Finance,Major Banks
BWBBP,Bridgewater Bancshares Inc. Depositary Shares Each Representing a 1/100th Interest in a Share of 5.875% Non-Cumulative Perpetual Preferred Stock Series A,$19.94,-0.02,-0.10%,554821826.00,United States,,229,Finance,Major Banks
BWEN,Broadwind Inc. Common Stock,$2.62,-0.04,-1.504%,61318784.00,United States,,90988,Telecommunications,Metal Fabrications
BWFG,Bankwell Financial Group Inc. Common Stock,$52.16,0.44,0.851%,415881069.00,United States,2014,45941,Finance,Major Banks
BWG,BrandywineGLOBAL Global Income Opportunities Fund Inc.,$8.09,0.09,1.125%,0.00,United States,2012,38133,Finance,Finance/Investors Services
BWIN,The Baldwin Insurance Group Inc. Class A Common Stock,$22.03,-0.69,-3.037%,3154240904.00,United States,2019,1634560,Finance,Specialty Insurers
BWLP,BW LPG Limited Common Shares,$19.91,-0.03,-0.15%,3171304620.00,,2024,324622,Consumer Discretionary,Transportation Services
BWMN,Bowman Consulting Group Ltd. Common Stock,$32.76,1.20,3.802%,561013165.00,United States,2021,133734,Consumer Discretionary,Professional Services
BWMX,Betterware de Mexico S.A.P.I. de C.V. Ordinary Shares,$16.83,-0.18,-1.058%,628037469.00,Mexico,,110613,Consumer Discretionary,Catalog/Specialty Distribution
BWNB,Babcock & Wilcox Enterprises Inc. 6.50% Senior Notes due 2026,$25.00,-0.07,-0.279%,2527438550.00,United States,2021,7849,Industrials,Building Products
BWXT,BWX Technologies Inc. Common Stock,$216.31,-0.08,-0.037%,19816574415.00,United States,,609182,Industrials,Industrial Machinery/Components
BX,Blackstone Inc. Common Stock,$126.35,0.77,0.613%,93774536120.00,United States,2007,5647768,Finance,Investment Managers
BXC,Bluelinx Holdings Inc. Common Stock,$52.10,-0.86,-1.624%,409880912.00,United States,2004,90071,Consumer Discretionary,Wholesale Distributors
BXMT,Blackstone Mortgage Trust Inc. Common Stock,$19.07,0.08,0.421%,3216794726.00,United States,,1708658,Real Estate,Real Estate Investment Trusts
BXP,BXP Inc. Common Stock,$59.37,0.91,1.557%,9420591864.00,United States,1997,1843290,Real Estate,Real Estate Investment Trusts
BXSL,Blackstone Secured Lending Fund Common Shares of Beneficial Interest,$24.94,0.14,0.565%,0.00,,2021,3683801,Finance,Trusts Except Educational Religious and Charitable
BY,Byline Bancorp Inc. Common Stock,$32.56,0.41,1.275%,1478848045.00,United States,2017,988175,Finance,Major Banks
BYAH,Park Ha Biological Technology Co. Ltd. Class A Ordinary Shares,$1.13,0.035,3.196%,5527334.00,China,2024,6175,Consumer Discretionary,Package Goods/Cosmetics
BYD,Boyd Gaming Corporation Common Stock,$84.50,-2.45,-2.818%,6363223744.00,United States,1993,831807,Consumer Discretionary,Hotels/Resorts
BYFC,Broadway Financial Corporation Class A Common Stock,$8.115,0.165,2.075%,75503031.00,United States,,7894,Finance,Savings Institutions
BYND,Beyond Meat Inc. Common Stock,$0.9487,-0.0354,-3.597%,439780872.00,United States,2019,113159647,Consumer Staples,Packaged Foods
BYRN,Byrna Technologies Inc. Common Stock,$5.75,-0.10,-1.709%,130442511.00,United States,,427486,Miscellaneous,Industrial Machinery/Components
BYSI,BeyondSpring Inc. Ordinary Shares,$1.49,-0.0302,-1.987%,61268532.00,United States,2017,9893,Health Care,Biotechnology: Pharmaceutical Preparations
BZ,KANZHUN LIMITED American Depository Shares,$13.65,0.13,0.962%,6317297846.00,China,2021,2013422,Technology,Computer Software: Programming Data Processing
BZAI,Blaize Holdings Inc. Common Stock,$2.03,0.07,3.571%,249171353.00,United States,2025,5780790,Finance,Blank Checks
BZAIW,Blaize Holdings Inc. Warrants,$0.45,0.005,1.124%,55235029.00,United States,2025,21275,Finance,Blank Checks
BZFD,BuzzFeed Inc. Class A Common Stock,$0.784,0.0364,4.869%,29508762.00,United States,2021,414355,Consumer Discretionary,Telecommunications Equipment
BZFDW,BuzzFeed Inc. Warrant,$0.0209,-0.0003,-1.415%,786649.00,United States,2021,1001,Consumer Discretionary,Telecommunications Equipment
BZH,Beazer Homes USA Inc. Common Stock,$20.63,-0.96,-4.447%,608725408.00,United States,1994,631077,Consumer Discretionary,Homebuilding
BZUN,Baozun Inc. American Depositary Shares,$2.74,0.02,0.735%,159271786.00,China,2015,172864,Consumer Discretionary,Catalog/Specialty Distribution
C,Citigroup Inc. Common Stock,$127.44,-0.54,-0.422%,222707389807.00,United States,,10615056,Finance,Major Banks
C^N,Citigroup Capital XIII 7.875% Fixed rate Floating Rate trust Preferred Securities (TruPS),$29.41,0.02,0.068%,,United States,,104593,,
C^R,Citigroup Inc. Depositary Shares Each Representing a 1/1000th Interest in a Share of 6.250% Noncumulative Preferred Stock Series II,$25.43,0.08,0.316%,,United States,,53513,,
CAAP,Corporacion America Airports SA Common Shares,$24.29,-0.66,-2.645%,4013173056.00,,2018,221971,Consumer Discretionary,Aerospace
CAAS,China Automotive Systems Inc. Ordinary Share,$4.42,-0.01,-0.226%,133354503.00,China,,9788,Consumer Discretionary,Auto Parts:O.E.M.
CABA,Cabaletta Bio Inc. Common Stock,$2.94,-0.05,-1.672%,327294900.00,United States,2019,913602,Health Care,Biotechnology: Biological Products (No Diagnostic Substances)
CABO,Cable One Inc. Common Stock,$75.01,-16.48,-18.013%,425470372.00,United States,2015,364434,Telecommunications,Cable & Other Pay Television Services
CABR,Caring Brands Inc. Common Stock,$1.06,-0.07,-6.195%,13081996.00,United States,,136248,Consumer Discretionary,Package Goods/Cosmetics
CAC,Camden National Corporation Common Stock,$48.84,0.67,1.391%,829115459.00,United States,,66016,Finance,Major Banks
CACC,Credit Acceptance Corporation Common Stock,$504.84,-0.07,-0.014%,5262036677.00,United States,1992,79396,Finance,Finance: Consumer Services
CACI,CACI International Inc. Class A Common Stock,$513.29,-6.25,-1.203%,11339245943.00,United States,,303026,Technology,EDP Services
CADL,Candel Therapeutics Inc. Common Stock,$6.47,0.29,4.693%,474058446.00,United States,2021,1594189,Health Care,Biotechnology: Biological Products (No Diagnostic Substances)
CAE,CAE Inc. Ordinary Shares,$25.84,-0.27,-1.034%,8315447996.00,Canada,,657631,Miscellaneous,Industrial Machinery/Components
CAEP,Cantor Equity Partners III Inc. Class A Ordinary Shares,$10.43,0.01,0.096%,0.00,United States,2025,65400,,
CAF,Morgan Stanley China A Share Fund Inc. Common Stock,$18.91,0.05,0.265%,0.00,United States,2006,46750,Finance,Investment Managers
CAG,ConAgra Brands Inc. Common Stock,$14.06,-0.29,-2.021%,6726826413.00,United States,,10346788,Consumer Staples,Packaged Foods
CAH,Cardinal Health Inc. Common Stock,$195.24,2.36,1.224%,45943098964.00,United States,,2092515,Health Care,Other Pharmaceuticals
CAI,Caris Life Sciences Inc. Common Stock,$18.47,-0.53,-2.789%,5220777206.00,United States,2025,2086596,Health Care,Medical Specialities
CAIIU,Collective Acquisition Corp. II Units,$9.955,0.005,0.05%,0.00,United States,2026,686266,,
CAKE,Cheesecake Factory Incorporated (The) Common Stock,$60.20,-2.67,-4.247%,2998291100.00,United States,1992,1734796,Consumer Discretionary,Restaurants
CAL,Caleres Inc. Common Stock,$13.43,0.33,2.519%,454501270.00,United States,,535724,Consumer Discretionary,Shoe Manufacturing
CALC,CalciMedica Inc. Common Stock,$0.5886,-0.0014,-0.237%,9266869.00,United States,2023,156019,Health Care,Biotechnology: Pharmaceutical Preparations
CALM,Cal-Maine Foods Inc. Common Stock,$76.25,-1.01,-1.307%,3612464835.00,United States,1996,572821,Consumer Staples,Farming/Seeds/Milling
CALX,Calix Inc Common Stock,$43.53,-0.03,-0.069%,2776443475.00,United States,2010,850368,Consumer Discretionary,Telecommunications Equipment
CALY,Callaway Golf Company Common Stock,$15.16,-0.14,-0.915%,2758757236.00,United States,,2560162,Consumer Discretionary,Recreational Games/Products/Toys
CAMP,CAMP4 Therapeutics Corporation Common Stock,$4.05,-0.12,-2.878%,210299490.00,United States,2024,104296,,
CAMT,Camtek Ltd. Ordinary Shares,$186.62,-5.30,-2.762%,8686901038.00,Israel,2000,352997,Technology,Electronic Components
CAN,Canaan Inc. American Depositary Shares,$0.5176,-0.0156,-2.926%,398536379.00,China,2019,7284724,Technology,Semiconductors
CANF,Can-Fite Biopharma Ltd American Depositary Shares each representing two (2) Ordinary Shares,$2.93,-0.26,-8.15%,6277663.00,Israel,,548587,Health Care,Biotechnology: Pharmaceutical Preparations
CANG,Cango Inc. Class A Ordinary Shares,$0.4659,0.0259,5.886%,48354882.00,China,2025,717341,Technology,Computer Software: Prepackaged Software
CAPL,CrossAmerica Partners LP Common Units representing limited partner interests,$21.27,0.05,0.236%,811133109.00,United States,2012,117156,Energy,Oil Refining/Marketing
CAPN,Cayson Acquisition Corp Ordinary shares,$10.94,0.00,0.00%,0.00,United States,2024,2,,
CAPNR,Cayson Acquisition Corp Right,$0.21,0.0124,6.275%,0.00,United States,2024,243,Finance,Blank Checks
CAPR,Capricor Therapeutics Inc. Common Stock,$30.91,-2.67,-7.951%,1787837553.00,United States,,1739145,Health Care,Biotechnology: Pharmaceutical Preparations
CAPS,Capstone Holding Corp. Common Stock,$0.4221,0.032,8.203%,6093396.00,United States,,286085,Health Care,Biotechnology: Pharmaceutical Preparations
CAQ,Cambridge Acquisition Corp. Class A Ordinary Shares,$9.8601,-0.0499,-0.504%,0.00,United States,2026,208,,
CAQUU,Cambridge Acquisition Corp. Unit,$9.975,0.00,0.00%,0.00,United States,2026,12,,
CAR,Avis Budget Group Inc. Common Stock,$185.55,4.88,2.701%,6554551152.00,United States,,1675576,Consumer Discretionary,Rental/Leasing Companies
CARE,Carter Bankshares Inc. Common Stock,$25.88,0.28,1.094%,573500282.00,United States,,251788,Finance,Major Banks
CARG,CarGurus Inc. Class A Common Stock ,$37.04,0.58,1.591%,3340520998.00,United States,2017,1673489,Technology,EDP Services
CARL,Carlsmed Inc. Common Stock,$9.48,0.59,6.637%,258161995.00,United States,2025,108059,Health Care,Medical/Dental Instruments
CARR,Carrier Global Corporation Common Stock ,$67.62,0.45,0.67%,56519763301.00,United States,2020,7348695,Industrials,Industrial Machinery/Components
CARS,Cars.com Inc. Common Stock ,$11.07,0.08,0.728%,643508200.00,United States,2017,512898,Technology,EDP Services
CART,Maplebear Inc. Common Stock,$42.19,-0.16,-0.378%,10131444412.00,United States,2023,4219979,Real Estate,Real Estate
CASH,Pathward Financial Inc. Common Stock,$86.50,-0.34,-0.392%,1882558753.00,United States,1993,175039,Finance,Major Banks
CASS,Cass Information Systems Inc Common Stock,$47.30,0.01,0.021%,610221084.00,United States,,53786,Real Estate,Real Estate
CAST,FreeCast Inc. Class A Common Stock,$2.12,0.03,1.435%,86550654.00,United States,,76520,Technology,EDP Services
CASY,Casey's General Stores Inc. Common Stock,$835.92,14.34,1.745%,30894792358.00,United States,1983,378445,Consumer Discretionary,Retail-Auto Dealers and Gas Stations
CAT,Caterpillar Inc. Common Stock,$889.67,-0.44,-0.049%,413952180660.00,United States,,2374849,Industrials,Construction/Ag Equipment/Trucks
CATO,Cato Corporation (The) Class A Common Stock,$2.86,-0.01,-0.348%,56267883.00,United States,,12348,Consumer Discretionary,Clothing/Shoe/Accessory Stores
CATX,Perspective Therapeutics Inc. Common Stock,$3.85,-0.05,-1.282%,438968357.00,United States,,1002878,Health Care,Medical/Dental Instruments
CATY,Cathay General Bancorp Common Stock,$56.41,0.38,0.678%,3777892720.00,United States,,530803,Finance,Major Banks
CAVA,CAVA Group Inc. Common Stock,$90.98,-2.43,-2.601%,10590952959.00,United States,2023,2651574,Consumer Discretionary,Restaurants
CB,Chubb Limited  Common Stock,$326.22,-0.78,-0.239%,126527723779.00,Switzerland,,1345213,Finance,Property-Casualty Insurers
CBAN,Colony Bankcorp Inc. Common Stock,$19.83,-0.01,-0.05%,419847006.00,United States,,186547,Finance,Major Banks
CBAT,CBAK Energy Technology Inc. Common Stock,$0.8004,-0.0101,-1.246%,70952127.00,China,,73639,Miscellaneous,Industrial Machinery/Components
CBC,Central Bancompany Inc. Class A Common Stock,$27.09,0.07,0.259%,6509540187.00,United States,,556109,,
CBFV,CB Financial Services Inc. Common Stock,$36.08,0.90,2.558%,183004363.00,United States,,2099,Finance,Major Banks
CBIO,Crescent Biopharma Inc. Common Stock,$18.07,-4.30,-19.222%,498224865.00,United States,2014,982238,Health Care,Biotechnology: Pharmaceutical Preparations
CBK,Commercial Bancgroup Inc. Common Stock,$29.00,0.04,0.138%,397241623.00,United States,2025,23218,Finance,Major Banks
CBL,CBL & Associates Properties Inc. Common Stock,$43.50,-1.52,-3.376%,1346098452.00,United States,2021,257927,Real Estate,Real Estate Investment Trusts
CBLL,CeriBell Inc. Common Stock,$20.50,0.34,1.687%,776386066.00,United States,2024,171873,Health Care,Biotechnology: Electromedical & Electrotherapeutic Apparatus
CBNA,Chain Bridge Bancorp Inc. Class A Common Stock,$37.75,0.59,1.588%,247708592.00,,2024,3973,Finance,Major Banks
CBNK,Capital Bancorp Inc. Common Stock,$31.61,0.12,0.381%,517450769.00,United States,2018,59452,Finance,Major Banks
CBOE,Cboe Global Markets Inc. Common Stock,$326.96,26.87,8.954%,36560258500.00,,2010,1568557,Finance,Investment Bankers/Brokers/Service
CBRE,CBRE Group Inc Common Stock Class A,$141.81,-0.92,-0.645%,41524319068.00,United States,,1352169,Finance,Real Estate
CBRL,Cracker Barrel Old Country Store Inc Common Stock,$31.09,-0.23,-0.734%,694893305.00,United States,1981,662298,Consumer Discretionary,Restaurants
CBSH,Commerce Bancshares Inc. Common Stock,$52.03,0.00,0.00%,7663184751.00,United States,,1152902,Finance,Major Banks
CBT,Cabot Corporation Common Stock,$77.33,0.37,0.481%,4038296637.00,United States,,300803,Industrials,Major Chemicals
CBU,Community Financial System Inc. Common Stock,$63.62,0.26,0.41%,3342450319.00,United States,,201948,Finance,Major Banks
CBUS,Cibus Inc. Class A Common Stock,$1.45,0.05,3.571%,110701317.00,United States,2017,324612,Industrials,Agricultural Chemicals
CBZ,CBIZ Inc. Common Stock,$32.16,1.66,5.443%,1762816246.00,United States,,1474050,Real Estate,Real Estate
CC,Chemours Company (The) Common Stock,$27.73,0.78,2.894%,4162585323.00,United States,2015,2469382,Industrials,Major Chemicals
CCAP,Crescent Capital BDC Inc. Common stock,$13.93,0.31,2.276%,514982140.00,United States,,175141,Finance,Finance: Consumer Services
CCB,Coastal Financial Corporation Common Stock,$76.39,0.77,1.018%,1163688746.00,United States,2018,197970,Finance,Major Banks
CCBG,Capital City Bank Group Common Stock,$46.57,0.40,0.866%,796412617.00,United States,,59460,Finance,Major Banks
CCC,CCC Intelligent Solutions Holdings Inc. Common Stock,$5.29,0.05,0.954%,3104555276.00,United States,,20540301,Technology,Computer Software: Prepackaged Software
CCCC,C4 Therapeutics Inc. Common Stock,$2.92,0.09,3.18%,307244847.00,United States,2020,4846798,Health Care,Biotechnology: Biological Products (No Diagnostic Substances)
CCD,Calamos Dynamic Convertible & Income Fund Common Stock,$24.72,0.42,1.728%,0.00,United States,,88301,Finance,Trusts Except Educational Religious and Charitable
CCEC,Capital Clean Energy Carriers Corp. Common Share,$20.605,0.345,1.703%,1225747211.00,Greece,2007,5172,Consumer Discretionary,Marine Transportation
CCEL,Cryo-Cell International Inc. Common Stock,$3.50,0.08,2.339%,28193025.00,United States,2022,9914,Health Care,Misc Health and Biotechnology Services
CCEP,Coca-Cola Europacific Partners plc Ordinary Shares,$94.18,-0.39,-0.412%,42756065540.00,United Kingdom,,848355,Consumer Staples,Beverages (Production/Distribution)
CCG,Cheche Group Inc. Class A Ordinary Shares,$0.71,0.0292,4.289%,58944243.00,China,,29920,Finance,Specialty Insurers
CCGWW,Cheche Group Inc. Warrant,$0.0209,0.0017,8.854%,1735119.00,China,,13522,Finance,Specialty Insurers
CCHH,CCH Holdings Ltd Ordinary Shares,$0.48,0.0302,6.714%,9240000.00,Malaysia,2025,89558,Consumer Discretionary,Restaurants
CCI,Crown Castle Inc. Common Stock,$89.26,0.48,0.541%,38950149304.00,United States,,3292647,Real Estate,Real Estate Investment Trusts
CCID,Carlyle Credit Income Fund 7.375% Series D Term Preferred Shares due 2028,$25.20,-0.04,-0.158%,0.00,,,468,,
CCIF,Carlyle Credit Income Fund Shares of Beneficial Interest,$3.34,-0.01,-0.299%,0.00,,2019,117797,Finance,Finance/Investors Services
CCII,Cohen Circle Acquisition Corp. II Class A Ordinary Shares,$10.245,-0.005,-0.049%,0.00,United States,2025,291016,,
CCIIU,Cohen Circle Acquisition Corp. II Unit,$10.40,0.00,0.00%,0.00,United States,2025,111,,
CCIIW,Cohen Circle Acquisition Corp. II Warrant,$0.58,0.00,0.00%,0.00,United States,2025,2900,,
CCIX,Churchill Capital Corp IX Ordinary Shares,$10.78,-0.02,-0.185%,0.00,United States,2024,3454,Technology,EDP Services
CCIXW,Churchill Capital Corp IX Warrant,$0.44,0.00,0.00%,0.00,United States,2024,25571,Technology,EDP Services
CCJ,Cameco Corporation Common Stock,$120.60,-2.44,-1.983%,52525277147.00,Canada,1996,2167497,Basic Materials,Other Metals and Minerals
CCK,Crown Holdings Inc.,$100.15,1.84,1.872%,11241032494.00,United States,,1339943,Industrials,Containers/Packaging
CCL,Carnival Corporation Common Stock,$26.66,0.15,0.566%,38070902534.00,United States,1987,21918998,Consumer Discretionary,Marine Transportation
CCLD,CareCloud Inc. Common Stock,$2.99,-0.03,-0.993%,127053918.00,United States,2014,287586,Technology,Computer Software: Prepackaged Software
CCLDO,CareCloud Inc. 8.75% Series B Cumulative Redeemable Perpetual Preferred Stock,$27.44,-0.01,-0.036%,1166006521.00,United States,,13381,Technology,Computer Software: Prepackaged Software
CCM,Concord Medical Services Holdings Limited American Depositary Shares (Each represents thirty (30) Class A ordinary shares),$3.95,0.00,0.00%,17149806.00,China,2024,1915,Health Care,Medical/Nursing Services
CCNE,CNB Financial Corporation Common Stock,$30.68,0.30,0.987%,909241684.00,United States,,78039,Finance,Major Banks
CCNEP,CNB Financial Corporation Depositary Shares each representing a 1/40th ownership interest in a share of 7.125% Series A Fixed-Rate Non-Cumulative Perpetual Preferred Stock,$24.95,-0.05,-0.20%,739425685.00,United States,,1732,Finance,Major Banks
CCO,Clear Channel Outdoor Holdings Inc. Common Stock,$2.40,0.00,0.00%,1196371279.00,United States,2005,3972286,Consumer Discretionary,Advertising
CCOI,Cogent Communications Holdings Inc.,$23.16,0.51,2.252%,1160370750.00,United States,,1458958,Consumer Discretionary,Telecommunications Equipment
CCRN,Cross Country Healthcare Inc. Common Stock $0.0001 Par Value,$10.23,0.11,1.087%,329397888.00,United States,2001,225714,Consumer Discretionary,Professional Services
CCS,Century Communities Inc. Common Stock,$55.55,-0.47,-0.839%,1598134948.00,United States,2014,190012,Consumer Discretionary,Homebuilding
CCSI,Consensus Cloud Solutions Inc. Common Stock,$27.46,1.58,6.105%,505207707.00,United States,,80323,Technology,Computer Software: Prepackaged Software
CCTG,CCSC Technology International Holdings Limited Class A Ordinary Shares,$0.6149,0.0048,0.787%,2406408.00,Hong Kong,2024,23345,Consumer Discretionary,Building Products
CCU,Compania Cervecerias Unidas S.A. Common Stock,$11.21,-0.22,-1.925%,828425435.00,Chile,,100787,Consumer Staples,Beverages (Production/Distribution)
CCXI,Churchill Capital Corp XI Class A Ordinary Shares,$10.22,0.00,0.00%,0.00,United States,2026,1602,,
CCXIU,Churchill Capital Corp XI Units,$10.275,-0.015,-0.146%,0.00,United States,2025,30744,Finance,Blank Checks
CCZ,Comcast Holdings ZONES,$64.90,0.36,0.558%,231941013403.00,United States,,2089,Telecommunications,Cable & Other Pay Television Services
CD,Chaince Digital Holdings Inc. Ordinary Shares,$5.15,-0.29,-5.331%,408960470.00,China,2015,60324,Finance,Finance: Consumer Services
CDE,Coeur Mining Inc. Common Stock,$17.65,-0.32,-1.781%,11328510276.00,United States,,16846024,Basic Materials,Precious Metals
CDIO,Cardio Diagnostics Holdings Inc. Common stock,$1.88,0.09,5.028%,5563802.00,United States,2022,77017,Health Care,Biotechnology: In Vitro & In Vivo Diagnostic Substances
CDIOW,Cardio Diagnostics Holdings Inc. Warrant,$0.0129,0.0013,11.207%,38177.00,United States,2022,1384,Health Care,Biotechnology: In Vitro & In Vivo Diagnostic Substances
CDLR,Cadeler A/S American Depositary Share (each representing four (4) Ordinary Shares),$28.24,0.56,2.023%,2477760543.00,,2023,59478,Consumer Discretionary,Marine Transportation
CDLX,Cardlytics Inc. Common Stock,$0.9145,0.0171,1.906%,50362163.00,United States,2018,501704,Technology,Computer Software: Programming Data Processing
CDNA,CareDx Inc. Common Stock,$21.50,0.69,3.316%,1110678842.00,United States,2014,863516,Health Care,Medical Specialities
CDNL,Cardinal Infrastructure Group Inc. Class A Common Stock,$54.69,1.66,3.13%,2344388519.00,United States,2025,304721,Industrials,Military/Government/Technical
CDNS,Cadence Design Systems Inc. Common Stock,$340.94,11.35,3.444%,94130829664.00,United States,,1825707,Technology,Computer Software: Prepackaged Software
CDP,COPT Defense Properties Common Shares of Beneficial Interest,$31.01,-0.24,-0.768%,3515878387.00,United States,,989132,Real Estate,Real Estate Investment Trusts
CDR^B,Cedar Realty Trust Inc. 7.25% Series B Cumulative Redeemable Preferred Stock,$22.3138,1.1113,5.241%,,United States,,1770,,
CDR^C,Cedar Realty Trust Inc. 6.50% Series C Cumulative Redeemable Preferred Stock,$21.355,0.345,1.642%,,United States,,2438,,
CDRE,Cadre Holdings Inc. Common Stock,$29.85,0.20,0.675%,1277503912.00,United States,2021,442610,Health Care,Industrial Specialties
CDRO,Codere Online Luxembourg S.A. Ordinary Shares,$9.38,0.29,3.19%,425769259.00,Luxembourg,,14658,Consumer Discretionary,Services-Misc. Amusement & Recreation
CDROW,Codere Online Luxembourg S.A. Warrants,$0.75,0.0002,0.027%,34043384.00,Luxembourg,,5107,Consumer Discretionary,Services-Misc. Amusement & Recreation
CDT,CDT Equity Inc. Common Stock,$2.26,-0.065,-2.796%,10979871.00,United States,2022,22896,Health Care,Biotechnology: Pharmaceutical Preparations
CDTG,CDT Environmental Technology Investment Holdings Limited ordinary shares,$0.2815,0.0015,0.536%,3807288.00,China,2024,3456,Industrials,Miscellaneous
CDTTW,CDT Equity Inc. Warrant,$0.0075,0.00,0.00%,36438.00,United States,2022,1,Health Care,Biotechnology: Pharmaceutical Preparations
CDW,CDW Corporation Common Stock,$136.03,-0.88,-0.643%,17508133052.00,United States,2013,1013145,Technology,Retail: Computer Software & Peripheral Equipment
CDXS,Codexis Inc. Common Stock,$2.67,-0.15,-5.319%,242693834.00,United States,2010,854920,Industrials,Major Chemicals
CDZI,CADIZ Inc. Common Stock,$4.37,0.04,0.924%,364650468.00,United States,,672746,Utilities,Water Supply
CDZIP,Cadiz Inc. Depositary Shares,$19.61,0.144,0.74%,1636337683.00,United States,,3277,Utilities,Water Supply
CE,Celanese Corporation Common Stock,$69.24,1.48,2.184%,7749531764.00,United States,2005,1658263,Industrials,Major Chemicals
CECO,CECO Environmental Corp. Common Stock,$74.30,0.16,0.216%,2442206673.00,United States,1998,499238,Industrials,Pollution Control Equipment
CEE,The Central and Eastern Europe Fund Inc. (The) Common Stock,$20.13,-0.19,-0.935%,0.00,United States,,7015,Finance,Finance Companies
CEG,Constellation Energy Corporation Common Stock ,$307.81,-5.19,-1.658%,96439854140.00,United States,,2099538,Utilities,Electric Utilities: Central
CELC,Celcuity Inc. Common Stock,$125.65,4.30,3.543%,6073503214.00,United States,2017,2069846,Health Care,Medical Specialities
CELH,Celsius Holdings Inc. Common Stock,$33.73,0.16,0.477%,8665104610.00,United States,,5647600,Consumer Staples,Beverages (Production/Distribution)
CELU,Celularity Inc. Class A Common Stock,$0.957,0.0227,2.43%,27597762.00,United States,2019,1486396,Health Care,Biotechnology: Pharmaceutical Preparations
CELUW,Celularity Inc. Warrant,$0.009,0.00,0.00%,259540.00,United States,2019,2,Health Care,Biotechnology: Pharmaceutical Preparations
CELZ,Creative Medical Technology Holdings Inc. Common Stock,$2.24,-0.01,-0.444%,8280536.00,United States,,39762,Finance,Finance: Consumer Services
CENN,Cenntro Inc. Common Stock,$4.22,0.07,1.687%,6183203.00,New Zealand,,34698,Industrials,Auto Manufacturing
CENT,Central Garden & Pet Company Common Stock,$36.73,-0.29,-0.783%,2287083034.00,United States,1993,58280,Consumer Discretionary,Consumer Specialties
CENTA,Central Garden & Pet Company Class A Common Stock Nonvoting,$33.48,-0.08,-0.238%,2084713858.00,United States,,295380,Consumer Discretionary,Consumer Specialties
CENX,Century Aluminum Company Common Stock,$58.98,-0.46,-0.774%,5837489292.00,United States,1996,797521,Industrials,Aluminum
CEPF,Cantor Equity Partners IV Inc. Class A Ordinary Shares,$10.275,0.025,0.244%,0.00,United States,2025,38234,Finance,Blank Checks
CEPO,Cantor Equity Partners I Inc. Class A Ordinary Shares,$10.59,0.005,0.047%,0.00,United States,2025,2855,Finance,Blank Checks
CEPS,Cantor Equity Partners VI Inc. Class A Ordinary Shares,$10.13,-0.02,-0.197%,0.00,United States,2026,12062,Finance,Blank Checks
CEPT,Cantor Equity Partners II Inc. Class A Ordinary Share,$11.79,0.09,0.769%,0.00,United States,2025,423829,Finance,Blank Checks
CEPU,Central Puerto S.A. American Depositary Shares (each represents ten Common Shares),$14.00,-0.11,-0.78%,2119278308.00,,2018,582762,Utilities,Electric Utilities: Central
CEPV,Cantor Equity Partners V Inc. Class A Ordinary Shares,$10.21,0.00,0.00%,0.00,United States,2025,14199,,
CERS,Cerus Corporation Common Stock,$2.72,0.69,33.99%,545003609.00,United States,1997,24812195,Technology,EDP Services
CERT,Certara Inc. Common Stock,$6.18,0.05,0.816%,947548982.00,United States,2020,2625352,Technology,Computer Software: Prepackaged Software
CET,Central Securities Corporation Common Stock,$53.48,0.23,0.432%,12943507696.00,United States,1951,48260,Finance,Finance/Investors Services
CETX,Cemtrex Inc. Common Stock,$1.10,-0.03,-2.655%,11085898.00,United States,,163626,Technology,Electrical Products
CETY,Clean Energy Technologies Inc. Common Stock,$0.661,-0.0478,-6.744%,8041796.00,United States,,108037,Consumer Discretionary,Metal Fabrications
CEV,Eaton Vance California Municipal Income Trust Shares of Beneficial Interest,$10.28,-0.015,-0.146%,72305151.00,United States,1999,14806,Finance,Finance/Investors Services
CEVA,CEVA Inc. Common Stock,$32.28,1.74,5.697%,899300431.00,United States,,1068659,Technology,Computer Software: Programming Data Processing
CF,CF Industries Holdings Inc. Common Stock,$122.69,-1.51,-1.216%,18847200287.00,United States,2005,2154909,Industrials,Agricultural Chemicals
CFBK,CF Bankshares Inc. Common Stock,$29.16,-0.14,-0.478%,187292260.00,United States,,15970,Finance,Major Banks
CFFI,C&F Financial Corporation Common Stock,$76.01,1.26,1.686%,247473434.00,United States,,2296,Finance,Major Banks
CFFN,Capitol Federal Financial Inc. Common Stock,$7.67,0.075,0.987%,995904799.00,United States,,830310,Finance,Savings Institutions
CFG,Citizens Financial Group Inc. Common Stock,$64.42,-0.63,-0.968%,27377447184.00,United States,2014,2614215,Finance,Major Banks
CFG^E,Citizens Financial Group Inc. Depositary Shares Each Representing 1/40th Interest in a Share of 5.000% Fixed-Rate Non-Cumulative Perpetual Preferred Stock Series E,$19.34,0.01,0.052%,,United States,,14926,,
CFG^H,Citizens Financial Group Inc. Depositary Shares Each Representing a 1/40th Interest in a Share of 7.375% Fixed-Rate Non-Cumulative Perpetual Preferred Stock Series H,$25.92,-0.03,-0.116%,,United States,,10869,,
CFG^I,Citizens Financial Group Inc. Depositary Shares Each Representing a 1/40th Interest in a Share of 6.500% Fixed-Rate Reset Non-Cumulative Perpetual Preferred Stock Series I,$25.17,-0.04,-0.159%,,United States,,14583,,
CFND,C1 Fund Inc. Common Stock,$3.75,0.04,1.078%,0.00,,2025,24013,,
CFR,Cullen/Frost Bankers Inc. Common Stock,$140.36,-4.57,-3.153%,8837703115.00,United States,,649704,Finance,Major Banks
CFR^B,Cullen/Frost Bankers Inc. Depositary Shares each representing a 1/40th ownership interest in a share of 4.450% non-cumulative perpetual preferred stock Series B,$17.07,-0.04,-0.234%,,United States,,12122,,
CFTR^A,Cantor Fitzgerald Income Trust Inc. 9.50% Series A Cumulative Redeemable Preferred Stock,$24.92,-0.002,-0.008%,,,,7296,,
CG,The Carlyle Group Inc. Common Stock,$49.44,-0.63,-1.258%,17790450740.00,United States,2012,3302207,Finance,Investment Managers
CGABL,The Carlyle Group Inc. 4.625% Subordinated Notes due 2061,$17.13,-0.0809,-0.47%,6196005057.00,United States,,16814,Finance,Investment Managers
CGAU,Centerra Gold Inc. Common Shares,$17.27,-0.15,-0.861%,3446768464.00,Canada,2021,2014411,Basic Materials,Precious Metals
CGBD,Carlyle Secured Lending Inc. Common Stock,$11.96,0.10,0.843%,838706278.00,United States,2017,832987,Finance,Finance: Consumer Services
CGC,Canopy Growth Corporation Common Shares,$1.13,0.02,1.802%,466058364.00,Canada,,6096132,Health Care, Medicinal Chemicals and Botanical Products 
CGCT,Cartesian Growth Corporation III Class A Ordinary Shares,$10.38,0.01,0.096%,0.00,United States,2025,221617,Finance,Blank Checks
CGCTW,Cartesian Growth Corporation III Warrant,$1.25,0.005,0.402%,0.00,United States,2025,2460,Finance,Blank Checks
CGEM,Cullinan Therapeutics Inc. Common Stock,$13.43,0.38,2.912%,825292033.00,United States,2021,523445,Health Care,Biotechnology: Biological Products (No Diagnostic Substances)
CGEN,Compugen Ltd. Ordinary Shares,$2.71,0.05,1.88%,256241684.00,Israel,2000,425389,Health Care,Biotechnology: Biological Products (No Diagnostic Substances)
CGNT,Cognyte Software Ltd. Ordinary Shares,$9.75,0.42,4.502%,708590561.00,Israel,,434201,Technology,Computer Software: Prepackaged Software
CGNX,Cognex Corporation Common Stock,$55.94,0.43,0.775%,9342755105.00,United States,1989,1609837,Industrials,Industrial Machinery/Components
CGO,Calamos Global Total Return Fund Common Stock,$12.93,0.05,0.388%,0.00,United States,2005,44092,Finance,Investment Managers
CGON,CG Oncology Inc. Common stock,$66.27,-0.47,-0.704%,5832421375.00,United States,2024,796250,Health Care,Biotechnology: Biological Products (No Diagnostic Substances)
CGTL,Creative Global Technology Holdings Limited Class A Ordinary Shares,$1.14,-0.03,-2.564%,29326500.00,China,2024,97666,Technology,Retail: Computer Software & Peripheral Equipment
CGTX,Cognition Therapeutics Inc. Common Stock,$1.28,0.02,1.587%,114372829.00,United States,2021,841268,Health Care,Biotechnology: Biological Products (No Diagnostic Substances)
CHA,Chagee Holdings Limited American Depositary Shares,$10.96,-0.14,-1.261%,2090766053.00,China,2025,243804,Consumer Discretionary,Restaurants
CHAI,Core AI Holdings Inc. Common Shares,$1.065,0.0545,5.393%,21217380.00,Canada,2020,68498,Telecommunications,Telecommunications Equipment
CHAR,Charlton Aria Acquisition Corporation Class A Ordinary Shares,$10.73,0.04,0.374%,0.00,United States,2024,331,,
CHARR,Charlton Aria Acquisition Corporation Rights,$0.13,0.02,18.182%,0.00,United States,2024,2910,,
CHCI,Comstock Holding Companies Inc. Class A Common Stock,$15.91,-0.09,-0.563%,162452205.00,United States,2004,7992,Finance,Real Estate
CHCO,City Holding Company Common Stock,$123.58,0.62,0.504%,1775447167.00,United States,,71262,Finance,Major Banks
CHCT,Community Healthcare Trust Incorporated Common Stock,$17.61,0.39,2.265%,503149275.00,United States,2015,198862,Real Estate,Real Estate Investment Trusts
CHD,Church & Dwight Company Inc. Common Stock,$96.02,-1.04,-1.072%,22744746526.00,United States,,3604107,Consumer Discretionary,Package Goods/Cosmetics
CHDN,Churchill Downs Incorporated Common Stock,$98.65,-2.34,-2.317%,6875599974.00,United States,,998110,Consumer Discretionary,Services-Misc. Amusement & Recreation
CHE,Chemed Corp,$422.16,-2.82,-0.664%,5603795745.00,United States,,236323,Health Care,Medical/Nursing Services
CHEC,Chenghe Acquisition III Co. Class A Ordinary Share,$10.105,-0.015,-0.148%,0.00,Singapore,2025,9949,,
CHECW,Chenghe Acquisition III Co. Warrants,$0.193,0.00,0.00%,0.00,Singapore,2025,18,,
CHEF,The Chefs' Warehouse Inc. Common Stock,$78.83,1.23,1.585%,3214500494.00,United States,2011,405878,Consumer Discretionary,Food Distributors
CHGG,Chegg Inc. Common Stock,$1.12,0.03,2.752%,125393757.00,United States,2013,509792,Real Estate,Other Consumer Services
CHH,Choice Hotels International Inc. Common Stock,$100.70,1.62,1.635%,4607739567.00,United States,,1130453,Consumer Discretionary,Hotels/Resorts
CHI,Calamos Convertible Opportunities and Income Fund Common Stock,$12.23,0.05,0.411%,0.00,United States,2002,104668,Finance,Investment Managers
CHKP,Check Point Software Technologies Ltd. Ordinary Shares,$114.51,2.04,1.814%,12091801968.00,Israel,1996,3187243,Technology,Computer Software: Prepackaged Software
CHMG,Chemung Financial Corp Common Stock,$66.09,-0.32,-0.482%,318516790.00,United States,,33172,Finance,Major Banks
CHMI,Cherry Hill Mortgage Investment Corporation Common Stock,$2.72,0.05,1.873%,99931543.00,,2013,274380,Real Estate,Real Estate Investment Trusts
CHMI^A,Cherry Hill Mortgage Investment Corporation 8.20% Series A Cumulative Redeemable Preferred Stock,$20.97,0.2587,1.249%,,,,3284,,
CHMI^B,Cherry Hill Mortgage Investment Corporation 8.250% Series B Fixed-to-Floating Rate Cumulative Redeemable Preferred Stock,$23.18,0.2299,1.002%,,,,1535,,
CHNR,China Natural Resources Inc. Common Stock,$4.13,-0.01,-0.242%,5093203.00,Hong Kong,,3977,Basic Materials,Precious Metals
CHOW,ChowChow Cloud International Holdings Limited Ordinary Shares,$0.43,-0.01,-2.273%,15093000.00,,2025,86011,Technology,Computer Software: Prepackaged Software
CHPG,ChampionsGate Acquisition Corporation Class A Ordinary Share,$10.325,0.00,0.00%,0.00,United States,2025,2,,
CHPGU,ChampionsGate Acquisition Corporation Unit,$10.29,0.00,0.00%,0.00,United States,2025,4,,
CHPT,ChargePoint Holdings Inc. Common Stock,$6.39,-0.02,-0.312%,156019748.00,United States,2019,299095,Consumer Discretionary,Industrial Specialties
CHR,Cheer Holding Inc. Class A Ordinary Share,$1.84,-0.04,-2.128%,3794233.00,China,2018,19353,Technology,EDP Services
CHRD,Chord Energy Corporation Common Stock,$145.06,-0.54,-0.371%,8222885811.00,United States,,688381,Energy,Oil & Gas Production
CHRS,Coherus Oncology Inc. Common Stock,$1.80,0.025,1.408%,277591696.00,United States,2014,560656,Health Care,Biotechnology: Biological Products (No Diagnostic Substances)
CHRW,C.H. Robinson Worldwide Inc. Common Stock,$177.30,-4.51,-2.481%,20894878225.00,United States,1997,1518128,Industrials,Integrated Freight & Logistics
CHSCL,CHS Inc Class B Cumulative Redeemable Preferred Stock Series 4,$25.72,0.02,0.078%,315635917.00,United States,,18757,Industrials,Farming/Seeds/Milling
CHSCM,CHS Inc Class B Reset Rate Cumulative Redeemable Preferred Stock Series 3,$24.91,-0.04,-0.16%,305695595.00,United States,,21887,Industrials,Farming/Seeds/Milling
CHSCN,CHS Inc Preferred Class B Series 2 Reset Rate,$25.30,-0.01,-0.04%,310481676.00,United States,,19784,Industrials,Farming/Seeds/Milling
CHSCO,CHS Inc. Class B Cumulative Redeemable Preferred Stock,$26.16,0.03,0.115%,321035598.00,United States,,13700,Industrials,Farming/Seeds/Milling
CHSCP,CHS Inc. 8%  Cumulative Redeemable Preferred Stock,$27.61,-0.06,-0.217%,338830003.00,United States,,10576,Industrials,Farming/Seeds/Milling
CHSN,Chanson International Holding Class A Ordinary Shares,$0.0286,0.0005,1.779%,1688223.00,China,2023,268813916,Consumer Staples,Packaged Foods
CHT,Chunghwa Telecom Co. Ltd.,$43.15,-0.19,-0.438%,33473381820.00,Taiwan,,145534,Telecommunications,Telecommunications Equipment
CHTR,Charter Communications Inc. Class A Common Stock New,$171.74,6.57,3.978%,23869204384.00,United States,,4040801,Telecommunications,Cable & Other Pay Television Services
CHW,Calamos Global Dynamic Income Fund Common Stock,$8.35,0.05,0.602%,0.00,United States,2007,118172,Finance,Investment Managers
CHWY,Chewy Inc. Class A Common Stock,$25.54,0.12,0.472%,10641929661.00,United States,2019,5874041,Consumer Discretionary,Catalog/Specialty Distribution
CHY,Calamos Convertible and High Income Fund Common Stock,$12.47,0.14,1.135%,0.00,United States,2003,172518,Finance,Investment Managers
CHYM,Chime Financial Inc. Class A Common Stock,$22.24,0.38,1.738%,8494975859.00,United States,2025,2139487,Finance,Finance: Consumer Services
CI,The Cigna Group Common Stock,$282.90,-7.68,-2.643%,74552149563.00,United States,,1519996,Health Care,Medical Specialities
CIA,Citizens Inc. Class A Common Stock ($1.00 Par),$5.38,-0.02,-0.37%,270612607.00,United States,1994,45121,Finance,Life Insurance
CIB,Grupo Cibest S.A. American Depositary Shares each representing four Preferred Shares,$67.04,-1.15,-1.686%,8532568492.00,Colombia,2025,282958,Finance,Commercial Banks
CICB,CION Investment Corporation 7.50% Notes due 2029,$25.19,-0.04,-0.159%,0.00,United States,2024,3290,Finance,Finance/Investors Services
CICC,CION Investment Corporation 7.50% Notes due 2031,$25.19,0.01,0.04%,0.00,United States,2026,3350,Finance,Finance/Investors Services
CIEN,Ciena Corporation Common Stock,$535.29,7.71,1.461%,75689163989.00,United States,1997,1734354,Utilities,Telecommunications Equipment
CIF,MFS Intermediate High Income Fund Common Stock,$1.65,0.02,1.227%,0.00,United States,,55320,Finance,Trusts Except Educational Religious and Charitable
CIFR,Cipher Digital Inc. Common Stock,$17.04,-0.70,-3.946%,6916756821.00,United States,2020,17270164,Finance,Finance: Consumer Services
CIG,Comp En De Mn Cemig ADS American Depositary Shares,$2.50,-0.02,-0.794%,7154454738.00,Brazil,,2072720,Utilities,Electric Utilities: Central
CIGI,Colliers International Group Inc. Subordinate Voting Shares,$103.63,-0.95,-0.908%,5295888970.00,Canada,,149394,Finance,Real Estate
CII,BlackRock Enhanced Large Cap Core Fund Inc. Common Stock,$24.31,-0.14,-0.573%,3616415670.00,United States,2004,79747,Finance,Investment Bankers/Brokers/Service
CIIT,Tianci International Inc. Common Stock,$1.45,-0.07,-4.605%,5247415.00,Hong Kong,,12040,Energy,Oil & Gas Production
CIK,Credit Suisse Asset Management Income Fund Inc. Common Stock,$2.57,0.01,0.391%,0.00,United States,,608513,Finance,Finance/Investors Services
CIM,Chimera Investment Corporation Common Stock,$13.95,0.20,1.455%,1166855715.00,United States,2007,554851,Real Estate,Real Estate Investment Trusts
CIM^A,Chimera Investment Corporation 8.00% Series A Cumulative Redeemable Preferred Stock,$21.65,0.0501,0.232%,,United States,,7504,,
CIM^B,Chimera Investment Corporation 8.00% Series B Fixed-to-Floating Rate Cumulative Redeemable Preferred Stock,$24.55,0.15,0.615%,,United States,,20291,,
CIM^C,Chimera Investment Corporation 7.75% Series C Fixed-to-Floating Rate  Cumulative Redeemable  Preferred Stock,$22.98,0.10,0.437%,,United States,,19303,,
CIM^D,Chimera Investment Corporation 8.00% Series D Fixed-to-Floating Rate Cumulative Redeemable Preferred Stock,$24.44,0.04,0.164%,,United States,,5340,,
CIMN,Chimera Investment Corporation 9.000% Senior Notes due 2029,$25.25,-0.40,-1.559%,2033400074.00,United States,2024,6303,Real Estate,Real Estate Investment Trusts
CIMO,Chimera Investment Corporation 9.250% Senior Notes due 2029,$25.25,-0.43,-1.674%,0.00,United States,2024,14257,Real Estate,Real Estate Investment Trusts
CIMP,Chimera Investment Corporation 8.875% Senior Notes due 2030,$25.06,-0.46,-1.803%,0.00,United States,2025,19736,Real Estate,Real Estate Investment Trusts
CINF,Cincinnati Financial Corporation Common Stock,$162.05,-1.55,-0.947%,25066986541.00,United States,,580018,Finance,Property-Casualty Insurers
CING,Cingulate Inc. Common Stock,$5.37,0.22,4.272%,65785529.00,United States,2021,322712,Health Care,Biotechnology: Pharmaceutical Preparations
CINGW,Cingulate Inc. Warrants,$0.0208,-0.0111,-34.796%,254812.00,United States,2021,31924,Health Care,Biotechnology: Pharmaceutical Preparations
CINT,CI&T Inc Class A Common Shares,$4.25,0.22,5.459%,547781450.00,,2021,48472,Technology,EDP Services
CION,CION Investment Corporation Common Stock,$7.98,0.22,2.835%,402962262.00,United States,2021,389878,Finance,Finance/Investors Services
CISO,CISO Global Inc. Common Stock,$0.2755,0.0155,5.962%,12483824.00,United States,,244106,Consumer Discretionary,Professional Services
CISS,C3is Inc. Common Stock,$3.30,-0.11,-3.226%,1743407.00,Greece,,89039,Consumer Discretionary,Marine Transportation
CITR,CitroTech Inc. Common Stock,$6.85,0.39,6.037%,131179103.00,,,36700,Industrials,Environmental Services
CIVB,Civista Bancshares Inc. Common Stock,$25.07,0.20,0.804%,519339716.00,United States,,41646,Finance,Major Banks
CIX,CompX International Inc. Common Stock,$23.67,0.40,1.719%,291686759.00,United States,1998,1821,Consumer Discretionary,Industrial Machinery/Components
CJMB,Callan JMB Inc. Common Stock,$1.11,0.00,0.00%,6246378.00,United States,2025,561198,Real Estate,Real Estate
CKX,CKX Lands Inc. Common Stock,$11.47,0.00,0.00%,23549390.00,United States,2003,62,Energy,Oil & Gas Production
CL,Colgate-Palmolive Company Common Stock,$87.26,1.90,2.226%,69916160864.00,United States,,8932934,Consumer Discretionary,Package Goods/Cosmetics
CLAR,Clarus Corporation Common Stock,$2.74,0.135,5.182%,105329672.00,United States,,243938,Consumer Discretionary,Recreational Games/Products/Toys
CLB,Core Laboratories Inc. Common Stock,$14.07,-0.58,-3.959%,647899131.00,Netherlands,2023,1010415,Energy,Oilfield Services/Equipment
CLBK,Columbia Financial Inc. Common Stock,$19.25,0.02,0.104%,2004278777.00,United States,2018,557082,Finance,Savings Institutions
CLBR,Colombier Acquisition Corp. III Class A Ordinary Shares,$10.075,0.005,0.05%,0.00,,2026,17631,,
CLBT,Cellebrite DI Ltd. Ordinary Shares,$13.35,0.35,2.692%,3330021557.00,Israel,,3650814,Technology,Computer Software: Prepackaged Software
CLDI,Calidi Biotherapeutics Inc. Common Stock,$0.2164,-0.0206,-8.692%,3295474.00,,2021,1558563,Health Care,Biotechnology: Biological Products (No Diagnostic Substances)
CLDT,Chatham Lodging Trust (REIT) Common Shares of Beneficial Interest,$8.76,0.08,0.922%,412070111.00,United States,2010,387398,Real Estate,Real Estate Investment Trusts
CLDT^A,Chatham Lodging Trust (REIT) 6.625% Series A Cumulative Redeemable Preferred Shares of Beneficial Interest,$20.335,-0.0149,-0.073%,,United States,,6951,,
CLDX,Celldex Therapeutics Inc.,$32.31,-0.57,-1.734%,2536078846.00,United States,,411476,Health Care,Biotechnology: In Vitro & In Vivo Diagnostic Substances
CLF,Cleveland-Cliffs Inc. Common Stock,$10.51,0.31,3.039%,5995058045.00,United States,,18717221,Basic Materials,Metal Mining
CLFD,Clearfield Inc. Common Stock,$29.43,0.54,1.869%,402761646.00,United States,,108842,Utilities,Telecommunications Equipment
CLGN,CollPlant Biotechnologies Ltd Ordinary Shares,$0.4106,0.0277,7.234%,5918852.00,Israel,,30559,Health Care,Industrial Specialties
CLH,Clean Harbors Inc. Common Stock,$311.43,-1.25,-0.40%,16603411471.00,United States,,250135,Industrials,Environmental Services
CLIK,Click Holdings Limited Class A Ordinary Share,$2.77,0.01,0.362%,9038601.00,Hong Kong,2024,27504,Consumer Discretionary,Diversified Commercial Services
CLIR,ClearSign Technologies Corporation Common Stock (DE),$5.12,0.12,2.40%,27694761.00,United States,2012,14557,Industrials,Industrial Machinery/Components
CLLS,Cellectis S.A. American Depositary Shares,$3.95,0.05,1.282%,286734426.00,France,2015,10569,Health Care,Biotechnology: Pharmaceutical Preparations
CLM,Cornerstone Strategic Investment Fund Inc. Common Shares,$7.59,-0.01,-0.132%,0.00,United States,2003,1504738,Finance,Finance/Investors Services
CLMB,Climb Global Solutions Inc. Common Stock,$18.89,2.21,13.249%,348861805.00,United States,,452709,Technology,Retail: Computer Software & Peripheral Equipment
CLMT,Calumet Inc. Common Stock,$33.68,0.96,2.934%,2931525993.00,United States,2006,923458,Energy,Integrated oil Companies
CLNE,Clean Energy Fuels Corp. Common Stock,$2.33,0.03,1.304%,511274114.00,United States,2007,1151993,Utilities,Natural Gas Distribution
CLNN,Clene Inc. Common Stock,$6.14,-0.02,-0.325%,72318805.00,United States,,62147,Health Care,Biotechnology: Pharmaceutical Preparations
CLOV,Clover Health Investments Corp. Class A Common Stock,$2.71,-0.04,-1.455%,1424739441.00,United States,,4880784,Health Care,Medical Specialities
CLPR,Clipper Realty Inc. Common Stock,$3.34,-0.05,-1.475%,53929464.00,United States,2017,36567,Real Estate,Real Estate Investment Trusts
CLPS,CLPS Incorporation Common Stock,$0.9499,0.0209,2.25%,28253305.00,China,2018,2599,Technology,Computer Software: Prepackaged Software
CLPT,ClearPoint Neuro Inc. Common Stock,$11.37,0.19,1.699%,340941002.00,United States,,349356,Health Care,Medical/Dental Instruments
CLRB,Cellectar Biosciences Inc.  Common Stock,$2.69,0.09,3.462%,11405947.00,United States,,36230,Health Care,Biotechnology: Pharmaceutical Preparations
CLRO,ClearOne Inc. Common Stock,$3.51,0.2299,7.009%,9390696.00,United States,,2670,Utilities,Telecommunications Equipment
CLS,Celestica Inc. Common Stock,$418.93,9.34,2.28%,48165683716.00,Canada,1998,2337424,Technology,Electrical Products
CLSK,CleanSpark Inc. Common Stock,$12.17,-0.36,-2.873%,3112512951.00,United States,,16366034,Finance,Finance: Consumer Services
CLSKW,CleanSpark Inc. Warrant,$0.272,-0.0009,-0.33%,69564792.00,United States,,19237,Finance,Finance: Consumer Services
CLST,Catalyst Bancorp Inc. Common Stock,$15.95,-0.01,-0.063%,64729837.00,United States,2021,198,Finance,Savings Institutions
CLVT,Clarivate Plc Ordinary Shares,$2.79,-0.08,-2.787%,1783414063.00,United Kingdom,2019,8814736,Technology,EDP Services
CLW,Clearwater Paper Corporation Common Stock,$13.32,-0.39,-2.845%,214788370.00,United States,,201314,Basic Materials,Paper
CLWT,Euro Tech Holdings Company Limited Common Stock,$1.19,-0.0617,-4.929%,8979641.00,Hong Kong,1997,21492,Consumer Discretionary,Professional and commerical equipment
CLX,Clorox Company (The) Common Stock,$87.11,-9.33,-9.674%,10532632386.00,United States,,13251612,Consumer Discretionary,Specialty Chemicals
CLYM,Climb Bio Inc. Common Stock,$8.91,0.03,0.338%,425617718.00,United States,2021,1791093,Health Care,Biotechnology: Pharmaceutical Preparations
CM,Canadian Imperial Bank of Commerce Common Stock,$112.15,0.71,0.637%,103237919838.00,Canada,,1315791,Finance,Commercial Banks
CMBT,CMB.TECH NV Ordinary Shares,$13.73,-0.04,-0.29%,4338373093.00,,2015,650181,Consumer Discretionary,Marine Transportation
CMC,Commercial Metals Company Common Stock,$68.66,-0.30,-0.435%,7613527785.00,United States,,778116,Industrials,Steel/Iron Ore
CMCL,Caledonia Mining Corporation Plc Common Shares,$22.62,-0.28,-1.223%,436860693.00,Canada,,97615,Basic Materials,Precious Metals
CMCM,Cheetah Mobile Inc. American Depositary Shares each representing fifty (50) Class A Ordinary Shares,$5.32,-0.12,-2.206%,4146386411.00,China,2022,6995,Technology,Computer Software: Prepackaged Software
CMCO,Columbus McKinnon Corporation Common Stock,$15.38,0.00,0.00%,442011449.00,United States,1996,221931,Industrials,Construction/Ag Equipment/Trucks
CMCSA,Comcast Corporation Class A Common Stock,$27.19,0.15,0.555%,97172205769.00,United States,,28826941,Telecommunications,Cable & Other Pay Television Services
CMCT,Creative Media & Community Trust Corporation Common stock,$5.52,0.34,6.564%,1490229.00,United States,,31985,Real Estate,Real Estate Investment Trusts
CMDB,Costamare Bulkers Holdings Limited Common Stock,$16.91,-0.37,-2.141%,408891782.00,,2025,30377,Consumer Discretionary,Marine Transportation
CME,CME Group Inc. Class A Common Stock,$289.54,1.72,0.598%,104917525330.00,United States,2002,2019676,Finance,Investment Bankers/Brokers/Service
CMG,Chipotle Mexican Grill Inc. Common Stock,$32.98,-1.01,-2.971%,42392431284.00,United States,2006,20849745,Consumer Discretionary,Restaurants
CMI,Cummins Inc. Common Stock,$657.44,-13.57,-2.022%,90895958205.00,United States,,682442,Industrials,Industrial Machinery/Components
CMII,Columbus Circle Capital Corp II Class A Ordinary Shares,$9.89,-0.005,-0.051%,0.00,United States,2026,13663,Finance,Blank Checks
CMIIU,Columbus Circle Capital Corp II Unit,$10.095,0.00,0.00%,0.00,United States,2026,6437,Health Care,Biotechnology: Commercial Physical & Biological Resarch
CMIIW,Columbus Circle Capital Corp II Warrant,$0.34,-0.06,-15.00%,0.00,United States,2026,20194,Finance,Blank Checks
CMMB,Chemomab Therapeutics Ltd. American Depositary Share,$1.6082,0.1382,9.401%,11566604.00,Israel,2019,43419,Health Care,Biotechnology: Pharmaceutical Preparations
CMND,Clearmind Medicine Inc. Common Shares,$0.658,-0.0544,-7.636%,1374434.00,Canada,,762251,Health Care,Biotechnology: Pharmaceutical Preparations
CMP,Compass Minerals Intl Inc Common Stock,$26.26,-0.45,-1.685%,1099329549.00,United States,2003,489930,Industrials,Mining & Quarrying of Nonmetallic Minerals (No Fuels)
CMPR,Cimpress plc Ordinary Shares (Ireland),$93.75,5.29,5.98%,2276736750.00,Netherlands,2005,230199,Consumer Discretionary,Publishing
CMPS,COMPASS Pathways Plc American Depository Shares,$9.01,-0.05,-0.552%,1161598888.00,United Kingdom,2020,3469418,Health Care,Biotechnology: Pharmaceutical Preparations
CMPX,Compass Therapeutics Inc. Common Stock,$1.96,0.19,10.734%,352972313.00,United States,,10591175,Health Care,Biotechnology: Biological Products (No Diagnostic Substances)
CMRC,Commerce.com Inc. Series 1 Common Stock,$3.14,0.31,10.954%,258472962.00,United States,2020,887829,Technology,Computer Software: Prepackaged Software
CMRE,Costamare Inc. Common Stock $0.0001 par value,$16.47,-0.15,-0.903%,1986096861.00,Greece,2010,347315,Consumer Discretionary,Marine Transportation
CMRE^B,Costamare Inc. Perpetual Preferred Stock Series B (Marshall Islands),$25.87,0.27,1.055%,,Greece,,836,,
CMRE^C,Costamare Inc. Perpetual Preferred Series C (Marshall Islands),$26.625,-0.135,-0.504%,,Greece,,2406,,
CMRE^D,Costamare Inc. 8.75% Series D Cumulative Redeemable Perpetual Preferred Stock,$27.595,0.085,0.309%,,Greece,,1380,,
CMS,CMS Energy Corporation Common Stock,$76.03,-0.71,-0.925%,23487157340.00,United States,,3278881,Utilities,Power Generation
CMS^B,CMS Energy Corporation Preferred Stock,$79.00,-0.40,-0.504%,,United States,,641,,
CMS^C,CMS Energy Corporation Depositary Shares each representing a 1/1000th interest in a share of 4.200% Cumulative Redeemable Perpetual Preferred Stock Series C,$17.30,-0.03,-0.173%,,United States,,7061,,
CMSA,CMS Energy Corporation 5.625% Junior Subordinated Notes due 2078,$22.02,0.02,0.091%,6591366851.00,United States,2018,8888,Utilities,Power Generation
CMSC,CMS Energy Corporation 5.875% Junior Subordinated Notes due 2078,$22.88,0.06,0.263%,6848795348.00,United States,2018,12158,Utilities,Power Generation
CMSD,CMS Energy Corporation 5.875% Junior Subordinated Notes due 2079,$23.28,0.15,0.649%,6968529532.00,United States,2019,35339,Utilities,Power Generation
CMT,Core Molding Technologies Inc Common Stock,$26.61,-0.34,-1.262%,244893027.00,United States,1996,20793,Industrials,Plastic Products
CMTG,Claros Mortgage Trust Inc. Common Stock,$2.72,0.08,3.03%,381395038.00,United States,2021,296424,Finance,Real Estate
CMTL,Comtech Telecommunications Corp. Common Stock,$3.68,0.16,4.545%,109421558.00,United States,,193622,Technology,Radio And Television Broadcasting And Communications Equipment
CMTV,Community Bancorp. Common Stock,$40.56,0.61,1.527%,226351083.00,United States,,18453,Finance,Major Banks
CMU,MFS Municipal Income Trust Common Stock,$3.65,0.01,0.275%,103387396.00,United States,1987,1009925,Finance,Investment Managers
CNA,CNA Financial Corporation Common Stock,$48.04,-0.19,-0.394%,12966878543.00,United States,,566882,Finance,Property-Casualty Insurers
CNC,Centene Corporation Common Stock,$53.34,-0.35,-0.652%,26339131980.00,United States,,5887853,Health Care,Medical Specialities
CNCK,Coincheck Group N.V. Ordinary Shares,$1.77,0.00,0.00%,240591006.00,Netherlands,,24289,Finance,Finance: Consumer Services
CNCKW,Coincheck Group N.V. Warrants,$0.1915,0.0315,19.688%,26030044.00,Netherlands,,2030,Finance,Finance: Consumer Services
CNDT,Conduent Incorporated Common Stock ,$1.75,0.04,2.339%,271419425.00,United States,,732756,Real Estate,Real Estate
CNET,ZW Data Action Technologies Inc. Common Stock,$0.724,-0.016,-2.162%,2366343.00,China,,3305,Technology,Computer Software: Programming Data Processing
CNEY,CN Energy Group Inc. Class A Ordinary Shares,$0.7134,0.0334,4.912%,5852239.00,China,2021,28464,Industrials,Major Chemicals
CNF,CNFinance Holdings Limited American Depositary Shares each representing two hundred (200) Ordinary Shares,$2.78,0.09,3.346%,19065840.00,,,438,Finance,Finance: Consumer Services
CNH,CNH Industrial N.V. Common Shares,$10.48,-0.23,-2.148%,13002253176.00,United Kingdom,2013,13586859,Industrials,Construction/Ag Equipment/Trucks
CNI,Canadian National Railway Company Common Stock,$111.96,-0.17,-0.152%,68383081290.00,Canada,,1516500,Industrials,Railroads
CNK,Cinemark Holdings Inc Cinemark Holdings Inc. Common Stock,$27.62,-1.90,-6.436%,3226084415.00,United States,2007,4793926,Consumer Discretionary,Movies/Entertainment
CNL,Collective Mining Ltd. Common Shares,$18.16,0.02,0.11%,1681171044.00,,2024,44732,,
CNM,Core & Main Inc. Class A Common Stock,$49.02,-1.35,-2.68%,9541743490.00,United States,2021,1237455,Consumer Discretionary,Durable Goods
CNMD,CONMED Corporation Common Stock,$36.80,0.14,0.382%,1109288381.00,United States,1987,470011,Health Care,Biotechnology: Electromedical & Electrotherapeutic Apparatus
CNNE,Cannae Holdings Inc. Common Stock,$13.67,0.16,1.184%,633258909.00,United States,2017,544056,Consumer Discretionary,Restaurants
CNO,CNO Financial Group Inc. Common Stock,$44.63,0.18,0.405%,4183070241.00,United States,,1001123,Finance,Accident &Health Insurance
CNO^A,CNO Financial Group Inc. 5.125% Subordinated Debentures due 2060,$17.85,0.00,0.00%,,United States,,84,,
CNOB,ConnectOne Bancorp Inc. Common Stock,$29.37,0.15,0.513%,1476973069.00,United States,,281254,Finance,Major Banks
CNOBP,ConnectOne Bancorp Inc. Depositary Shares each representing a 1/40th interest in a share of 5.25% Fixed-Rate Reset Non-Cumulative Perpetual Preferred Stock Series A,$24.8087,0.0087,0.035%,1247592161.00,United States,,4511,Finance,Major Banks
CNP,CenterPoint Energy Inc (Holding Co) Common Stock,$43.35,-0.30,-0.687%,28358246958.00,United States,,4627764,Utilities,Electric Utilities: Central
CNQ,Canadian Natural Resources Limited Common Stock,$46.96,-0.73,-1.531%,97957245120.00,Canada,,10022086,Energy,Oil & Gas Production
CNR,Core Natural Resources Inc. Common Stock,$87.02,-2.72,-3.031%,4416296849.00,United States,2017,922058,Energy,Coal Mining
CNS,Cohen & Steers Inc Common Stock,$69.29,-1.00,-1.423%,3561083955.00,United States,2004,386298,Finance,Investment Managers
CNSP,CNS Pharmaceuticals Inc. Common Stock,$2.3111,0.0411,1.811%,1875340.00,United States,2019,12381,Health Care,Biotechnology: Pharmaceutical Preparations
CNTA,Centessa Pharmaceuticals plc American Depositary Shares,$39.57,0.15,0.381%,6122625185.00,United Kingdom,2021,868561,Health Care,Biotechnology: Pharmaceutical Preparations
CNTB,Connect Biopharma Holdings Limited Ordinary Shares,$2.47,0.00,0.00%,139607567.00,China,2021,40643,Health Care,Biotechnology: Pharmaceutical Preparations
CNTN,Canton Strategic Holdings Inc. Common Stock,$3.23,0.00,0.00%,182999755.00,United States,2022,316512,Health Care,Biotechnology: Pharmaceutical Preparations
CNTX,Context Therapeutics Inc. Common Stock,$2.27,-0.09,-3.814%,208565732.00,United States,2021,874771,Health Care,Biotechnology: Pharmaceutical Preparations
CNTY,Century Casinos Inc. Common Stock,$1.42,-0.02,-1.389%,40652528.00,United States,,17327,Consumer Discretionary,Hotels/Resorts
CNVS,Cineverse Corp. Class A Common Stock,$2.62,0.02,0.769%,55792549.00,United States,,81146,Consumer Discretionary,Consumer Electronics/Video Chains
CNX,CNX Resources Corporation Common Stock,$37.88,-1.03,-2.647%,5392906280.00,United States,1999,1600812,Energy,Oil & Gas Production
CNXC,Concentrix Corporation Common Stock,$24.53,0.71,2.981%,1496448382.00,United States,,4700319,Technology,Computer Software: Prepackaged Software
CNXN,PC Connection Inc. Common Stock,$64.30,0.56,0.879%,1622034822.00,United States,,91404,Consumer Discretionary,Catalog/Specialty Distribution
COAG,Hemab Therapeutics Holdings Inc. Common Stock,$34.00,16.00,88.889%,0.00,United States,,4107302,,
COCH,Envoy Medical Inc. Class A Common Stock,$0.681,0.001,0.147%,52356036.00,United States,2021,107863,Health Care,Industrial Specialties
COCHW,Envoy Medical Inc Warrant,$0.0696,0.0052,8.075%,5350925.00,United States,2021,4400,Health Care,Industrial Specialties
COCO,The Vita Coco Company Inc. Common Stock,$66.75,0.76,1.152%,3812268920.00,United States,2021,1392206,Consumer Staples,Beverages (Production/Distribution)
COCP,Cocrystal Pharma Inc. Common Stock,$1.38,-0.05,-3.497%,19024347.00,United States,,145024,Health Care,Biotechnology: Pharmaceutical Preparations
CODA,Coda Octopus Group Inc. Common stock,$11.62,0.31,2.741%,131028886.00,United States,,74904,Industrials,Industrial Machinery/Components
CODI,D/B/A Compass Diversified Holdings Shares of Beneficial Interest,$11.80,-0.01,-0.085%,887784399.00,United States,2006,1094734,Consumer Discretionary,Home Furnishings
CODI^A,Compass Diversified Holdings 7.250% Series A Preferred Shares representing beneficial interest in Compass Diversified Holdings,$20.63,0.23,1.127%,,United States,,3844,,
CODI^B,Compass Diversified Holdings 7.875% Series B Fixed-to-Floating Rate Cumulative Preferred Shares representing beneficial interests in Compass Diversified Holdings,$21.95,0.02,0.091%,,United States,,6762,,
CODI^C,Compass Diversified Holdings 7.875% Series C Cumulative Preferred Shares,$21.56,-0.06,-0.278%,,United States,,114013,,
CODX,Co-Diagnostics Inc. Common Stock,$1.55,0.00,0.00%,5583821.00,United States,2026,37105,Health Care,Medical/Dental Instruments
COE,51Talk Online Education Group American depositary shares each representing 60 Class A ordinary shares,$28.49,-0.21,-0.732%,171148404.00,China,2016,10888,Real Estate,Other Consumer Services
COF,Capital One Financial Corporation Common Stock,$191.91,0.61,0.319%,121708536320.00,United States,1994,4623905,Finance,Major Banks
COF^I,Capital One Financial Corporation Depositary shares each representing a 1/40th interest in a share of Fixed Rate Non-Cumulative Perpetual Preferred Stock Series I of the Issuer,$19.06,0.07,0.369%,,United States,,66272,,
COF^J,Capital One Financial Corporation Depositary Shares Each Representing a 1/40th Interest in a Share of Fixed Rate Non- Cumulative Perpetual Preferred Stock Series J,$18.24,-0.01,-0.055%,,United States,,65189,,
COF^K,Capital One Financial Corporation Depositary Shares Each Representing a 1/40th Ownership Interest in a Share of Fixed Rate Non-Cumulative Perpetual Preferred Stock Series K,$17.69,0.05,0.283%,,United States,,14732,,
COF^L,Capital One Financial Corporation Depositary Shares Each Representing a 1/40th Interest in a Share of Fixed Rate Non-Cumulative Perpetual Preferred Stock Series L,$16.70,0.02,0.12%,,United States,,14132,,
COF^N,Capital One Financial Corporation Depositary Shares Each Representing a 1/40th Ownership Interest in a Share of Fixed Rate Non-Cumulative Perpetual Preferred Stock Series N,$16.20,0.03,0.186%,,United States,,11218,,
COFS,ChoiceOne Financial Services Inc. Common Stock,$30.60,0.57,1.898%,457681660.00,United States,,65060,Finance,Major Banks
COGT,Cogent Biosciences Inc. Common Stock,$36.63,0.84,2.347%,6256440777.00,United States,2018,1951038,Health Care,Biotechnology: Pharmaceutical Preparations
COHN,Cohen & Company Inc.,$18.42,-5.06,-21.55%,45638405.00,United States,,77147,Finance,Investment Bankers/Brokers/Service
COHR,Coherent Corp. Common Stock,$329.50,9.79,3.062%,61775270234.00,United States,,4612944,Technology,Electronic Components
COHU,Cohu Inc. Common Stock,$45.59,-1.76,-3.717%,2138330064.00,United States,,3366680,Industrials,Electrical Products
COIN,Coinbase Global Inc. Class A Common Stock,$191.25,3.48,1.853%,50377375553.00,United States,,6700403,Finance,Finance: Consumer Services
COKE,Coca-Cola Consolidated Inc. Common Stock,$203.92,-1.15,-0.561%,13573790832.00,United States,1972,378649,Consumer Staples,Beverages (Production/Distribution)
COLA,Columbus Acquisition Corp Ordinary Shares,$10.57,0.00,0.00%,0.00,Singapore,2025,462,,
COLAR,Columbus Acquisition Corp Rights,$0.3445,-0.0001,-0.029%,0.00,Singapore,2025,133,Finance,Blank Checks
COLB,Columbia Banking System Inc. Common Stock,$29.56,-0.04,-0.135%,8572218295.00,United States,1992,1835437,Finance,Major Banks
COLD,Americold Realty Trust Inc. Common Stock,$12.28,0.05,0.409%,3503421053.00,United States,2018,4638478,Real Estate,Real Estate Investment Trusts
COLL,Collegium Pharmaceutical Inc. Common Stock,$34.32,0.59,1.749%,1112207176.00,United States,2015,344446,Health Care,Biotechnology: Pharmaceutical Preparations
COLM,Columbia Sportswear Company Common Stock,$62.35,1.43,2.347%,3188628381.00,United States,1998,1421935,Consumer Discretionary,Apparel
COMP,Compass Inc. Class A Common Stock,$7.39,-0.18,-2.378%,5514014425.00,United States,2021,10326228,Technology,EDP Services
CON,Concentra Group Holdings Parent Inc. Common Stock,$22.53,0.06,0.267%,2895269221.00,United States,2024,532843,Health Care,Medical Specialities
COO,The Cooper Companies Inc. Common Stock,$62.36,-0.54,-0.859%,12167333859.00,United States,,1981652,Health Care,Ophthalmic Goods
COOK,Traeger Inc. Common Stock,$40.94,-0.74,-1.775%,113355532.00,United States,2021,7298,Consumer Discretionary,Consumer Electronics/Appliances
COOT,Australian Oilseeds Holdings Limited Ordinary Shares,$0.625,-0.0022,-0.351%,17436586.00,Australia,,53105,Consumer Staples,Packaged Foods
COOTW,Australian Oilseeds Holdings Limited Warrant,$0.0154,-0.0036,-18.947%,429637.00,Australia,,16065,Consumer Staples,Packaged Foods
COP,ConocoPhillips Common Stock,$123.19,-2.59,-2.059%,150391309556.00,United States,,7783461,Energy,Integrated oil Companies
COPL,Copley Acquisition Corp Ordinary Shares,$10.36,0.00,0.00%,0.00,,2025,7,,
COR,Cencora Inc. Common Stock,$304.00,-4.01,-1.302%,59137327328.00,United States,,1359681,Health Care,Other Pharmaceuticals
CORT,Corcept Therapeutics Incorporated Common Stock,$51.42,4.90,10.533%,5520280794.00,United States,2004,3274777,Health Care,Biotechnology: Pharmaceutical Preparations
CORZ,Core Scientific Inc. Common Stock,$20.35,0.35,1.75%,6422354221.00,United States,,11672310,Finance,Finance: Consumer Services
CORZW,Core Scientific Inc. Tranche 1 Warrants,$13.64,0.35,2.634%,4304713099.00,United States,,113742,Finance,Finance: Consumer Services
CORZZ,Core Scientific Inc. Tranche 2 Warrants,$20.31,0.12,0.594%,6409730429.00,United States,,14560,Finance,Finance: Consumer Services
COSM,Cosmos Health Inc. Common Stock,$0.3796,0.013,3.546%,19973453.00,United States,,406943,Health Care,Other Pharmaceuticals
COSO,CoastalSouth Bancshares Inc. Common Stock,$25.61,0.06,0.235%,303561937.00,United States,2025,203918,Finance,Major Banks
COST,Costco Wholesale Corporation Common Stock,$1011.70,-1.36,-0.134%,448843274718.00,United States,,1508803,Consumer Discretionary,Department/Specialty Retail Stores
COTY,Coty Inc. Class A Common Stock,$2.47,0.01,0.407%,2173615707.00,United States,2013,8786141,Consumer Discretionary,Package Goods/Cosmetics
COUR,Coursera Inc. Common Stock,$6.15,0.20,3.361%,1041278634.00,United States,2021,4701973,Technology,Computer Software: Prepackaged Software
COYA,Coya Therapeutics Inc. Common Stock,$4.17,-0.06,-1.418%,97816453.00,United States,2022,120752,Health Care,Biotechnology: Pharmaceutical Preparations
CP,Canadian Pacific Kansas City Limited Common Shares,$86.22,-0.74,-0.851%,77365525359.00,Canada,,2256895,Industrials,Railroads
CPA,Copa Holdings S.A. Class A Common Stock,$116.23,0.55,0.475%,4781534015.00,Panama,2005,333384,Consumer Discretionary,Air Freight/Delivery Services
CPAC,Cementos Pacasmayo S.A.A. American Depositary Shares (Each representing five Common Shares),$10.65,0.00,0.00%,902839799.00,Peru,,7291,Industrials,Building Materials
CPAY,Corpay Inc. Common Stock,$307.22,0.75,0.245%,20317069968.00,United States,,263767,Real Estate,Real Estate
CPB,The Campbell's Company Common Stock,$20.73,-0.06,-0.289%,6180576696.00,United States,,6823817,Consumer Staples,Packaged Foods
CPBI,Central Plains Bancshares Inc. Common Stock,$17.42,0.02,0.115%,73255542.00,United States,2023,2535,Finance,Savings Institutions
CPF,Central Pacific Financial Corp New,$33.70,0.42,1.262%,879611417.00,United States,,155628,Finance,Major Banks
CPHC,Canterbury Park Holding Corporation 'New' Common Stock,$15.84,0.00,0.00%,81581291.00,United States,,238,Consumer Discretionary,Services-Misc. Amusement & Recreation
CPHI,China Pharma Holdings Inc. Common Stock,$0.5273,-0.0128,-2.37%,21367252.00,China,,25112,Health Care,Biotechnology: Pharmaceutical Preparations
CPIX,Cumberland Pharmaceuticals Inc. Common Stock,$4.36,0.17,4.057%,69231725.00,United States,2009,165131,Health Care,Biotechnology: Pharmaceutical Preparations
CPK,Chesapeake Utilities Corporation Common Stock,$126.94,0.82,0.65%,3045194506.00,United States,,90730,Utilities,Oil & Gas Production
CPNG,Coupang Inc. Class A Common Stock,$20.59,0.61,3.053%,37201856072.00,United States,2021,17505773,Consumer Discretionary,Catalog/Specialty Distribution
CPOP,Pop Culture Group Co. Ltd Class A Ordinary Shares,$0.3129,0.0044,1.426%,25638726.00,China,2021,15294,Consumer Discretionary,Services-Misc. Amusement & Recreation
CPRI,Capri Holdings Limited Ordinary Shares,$19.63,0.12,0.615%,2339147410.00,Hong Kong,2011,3038567,Consumer Discretionary,Apparel
CPRT,Copart Inc. (DE) Common Stock,$33.27,0.16,0.483%,32049270069.00,United States,1994,7233459,Consumer Discretionary,Retail-Auto Dealers and Gas Stations
CPRX,Catalyst Pharmaceuticals Inc. Common Stock,$28.74,0.61,2.169%,3509840426.00,United States,2006,1417845,Health Care,Biotechnology: Pharmaceutical Preparations
CPS,Cooper-Standard Holdings Inc. Common Stock,$30.62,0.55,1.829%,543666796.00,United States,,134950,Consumer Discretionary,Auto Parts:O.E.M.
CPSH,CPS Technologies Corp. Common Stock,$4.97,0.04,0.811%,89494606.00,United States,,107131,Consumer Discretionary,Building Materials
CPSS,Consumer Portfolio Services Inc. Common Stock,$9.49,0.41,4.515%,206505010.00,United States,1992,41380,Finance,Finance: Consumer Services
CPT,Camden Property Trust Common Stock,$104.45,-0.57,-0.543%,10499286007.00,United States,1993,1792043,Real Estate,Real Estate Investment Trusts
CPZ,Calamos Long/Short Equity & Dynamic Income Trust Common Stock,$13.7441,0.0941,0.689%,269826838.00,United States,2019,80808,Finance,Trusts Except Educational Religious and Charitable
CQP,Cheniere Energy Partners LP Common Units,$66.90,-0.12,-0.179%,32383220829.00,United States,2007,70418,Utilities,Oil/Gas Transmission
CR,Crane Company Common Stock,$172.24,-5.49,-3.089%,9945803652.00,United States,2023,679873,Industrials,Metal Fabrications
CRAC,Crown Reserve Acquisition Corp. I Class A Ordinary Shares,$10.06,-0.01,-0.099%,0.00,Cayman Islands,2025,311,,
CRACR,Crown Reserve Acquisition Corp. I Rights,$0.16,0.01,6.667%,0.00,Cayman Islands,2025,900,,
CRACW,Crown Reserve Acquisition Corp. I Warrant,$0.05,0.00,0.00%,0.00,Cayman Islands,2025,96847,,
CRAI,CRA International Inc. Common Stock,$161.81,4.34,2.756%,1045610233.00,United States,1998,146825,Consumer Discretionary,Other Consumer Services
CRAN,Crane Harbor Acquisition Corp. II Class A Ordinary Shares,$10.00,0.0001,0.001%,0.00,United States,2026,6218,Finance,Blank Checks
CRANR,Crane Harbor Acquisition Corp. II Rights,$0.22,0.007,3.286%,0.00,United States,2026,280,Finance,Blank Checks
CRANU,Crane Harbor Acquisition Corp. II Units,$10.18,0.00,0.00%,0.00,United States,2025,250,,
CRAQR,Cal Redwood Acquisition Corp. Right,$0.185,0.00,0.00%,0.00,United States,2025,100,Finance,Blank Checks
CRBD,Corebridge Financial Inc. 6.375% Junior Subordinated Notes due 2064,$23.82,-0.13,-0.543%,0.00,United States,2024,19737,Finance,Life Insurance
CRBG,Corebridge Financial Inc. Common Stock,$27.52,-0.02,-0.073%,13255995720.00,United States,2022,7076831,Finance,Life Insurance
CRBP,Corbus Pharmaceuticals Holdings Inc. Common Stock,$10.30,0.42,4.251%,182685579.00,United States,,532836,Health Care,Biotechnology: Pharmaceutical Preparations
CRBU,Caribou Biosciences Inc. Common Stock,$1.87,-0.01,-0.532%,184536032.00,United States,2021,1136722,Health Care,Biotechnology: Biological Products (No Diagnostic Substances)
CRC,California Resources Corporation Common Stock,$68.37,0.11,0.161%,6066941511.00,United States,2020,644483,Energy,Oil & Gas Production
CRCL,Circle Internet Group Inc. Class A Common Stock,$99.70,8.82,9.705%,24646878874.00,United States,2025,10023577,Finance,Finance: Consumer Services
CRCT,Cricut Inc. Class A Common Stock,$4.31,0.00,0.00%,904657303.00,United States,2021,435104,Technology,Industrial Machinery/Components
CRD/A,Crawford & Company,$10.46,-0.28,-2.607%,,United States,,26098,,
CRD/B,Crawford & Company,$9.60,-0.43,-4.287%,,United States,,1983,,
CRDF,Cardiff Oncology Inc. Common Stock,$1.71,-0.02,-1.156%,116912522.00,United States,,424977,Health Care,Biotechnology: Biological Products (No Diagnostic Substances)
CRDL,Cardiol Therapeutics Inc. Class A Common Shares,$1.37,-0.01,-0.725%,153264755.00,Canada,,164060,Health Care,Biotechnology: Biological Products (No Diagnostic Substances)
CRDO,Credo Technology Group Holding Ltd Ordinary Shares,$184.38,10.37,5.959%,34008879937.00,United States,2022,4681876,Technology,Semiconductors
CRE,Cre8 Enterprise Limited Class A Ordinary Shares,$2.41,0.10,4.329%,4853704.00,Hong Kong,2025,5058,Consumer Discretionary,Publishing
CREG,Smart Powerr Corp. Common Stock,$0.548,-0.3376,-38.121%,12581602.00,China,,18648888,Real Estate,Real Estate
CRESY,Cresud S.A.C.I.F. y A. American Depositary Shares,$10.86,-0.39,-3.467%,666884657.00,Argentina,1997,290432,Finance,Real Estate
CREX,Creative Realities Inc. Common Stock,$3.87,0.22,6.027%,40895327.00,United States,,17439,Technology,EDP Services
CRF,Cornerstone Total Return Fund Inc. (The) Common Stock,$7.24,-0.06,-0.822%,0.00,United States,2003,1564653,Finance,Finance/Investors Services
CRGO,Freightos Limited Ordinary shares,$1.95,-0.05,-2.50%,100782821.00,Israel,,27281,Industrials,Integrated Freight & Logistics
CRGOW,Freightos Limited Warrants,$0.1115,-0.0021,-1.849%,5762710.00,Israel,,650,Industrials,Integrated Freight & Logistics
CRGY,Crescent Energy Company Class A Common Stock,$13.46,0.01,0.074%,4413537661.00,United States,2021,5499409,Energy,Oil & Gas Production
CRH,CRH PLC Ordinary Shares,$115.45,-2.97,-2.508%,77275237424.00,Ireland,,4004353,Industrials,Building Materials
CRI,Carter's Inc. Common Stock,$33.71,-2.41,-6.672%,1243138840.00,United States,2003,2337348,Consumer Discretionary,Apparel
CRIS,Curis Inc. Common Stock,$0.592,-0.008,-1.333%,23667386.00,United States,,143682,Health Care,Biotechnology: Biological Products (No Diagnostic Substances)
CRK,Comstock Resources Inc. Common Stock,$17.36,-0.06,-0.344%,5098559644.00,United States,,1607686,Energy,Oil & Gas Production
CRL,Charles River Laboratories International Inc. Common Stock,$165.78,-1.19,-0.713%,8179910129.00,United States,2000,668874,Health Care,Biotechnology: Commercial Physical & Biological Resarch
CRM,Salesforce Inc. Common Stock,$183.82,7.29,4.13%,169665860000.00,United States,2004,12319263,Technology,Computer Software: Prepackaged Software
CRMD,CorMedix Inc. Common Stock,$7.79,0.20,2.635%,611065439.00,United States,,735816,Health Care,Biotechnology: Pharmaceutical Preparations
CRML,Critical Metals Corp. Ordinary Shares,$12.44,-0.29,-2.278%,1570282453.00,British Virgin Islands,,13852744,Basic Materials,Metal Mining
CRMLW,Critical Metals Corp. Warrants,$5.24,0.00,0.00%,661437303.00,British Virgin Islands,,42571,Basic Materials,Metal Mining
CRMT,America's Car-Mart Inc Common Stock,$12.71,0.50,4.095%,105524140.00,United States,,74167,Consumer Discretionary,Retail-Auto Dealers and Gas Stations
CRNC,Cerence Inc. Common Stock,$9.67,0.57,6.264%,435324853.00,United States,,764829,Technology,Computer Software: Prepackaged Software
CRNT,Ceragon Networks Ltd. Ordinary Shares,$2.50,-0.01,-0.398%,227192388.00,Israel,,281822,Technology,Radio And Television Broadcasting And Communications Equipment
CRNX,Crinetics Pharmaceuticals Inc. Common Stock,$39.02,0.24,0.619%,4114250656.00,United States,2018,1062717,Health Care,Biotechnology: Pharmaceutical Preparations
CRON,Cronos Group Inc. Common Share,$2.64,-0.03,-1.124%,993356319.00,Canada,,872193,Health Care, Medicinal Chemicals and Botanical Products 
CROX,Crocs Inc. Common Stock,$103.88,1.90,1.863%,5198376153.00,United States,2006,1351624,Consumer Discretionary,Shoe Manufacturing
CRS,Carpenter Technology Corporation Common Stock,$429.41,1.21,0.283%,21335498649.00,United States,,596664,Industrials,Steel/Iron Ore
CRSP,CRISPR Therapeutics AG Common Shares,$51.63,-0.71,-1.357%,4978830782.00,Switzerland,2016,1035198,Health Care,Biotechnology: Biological Products (No Diagnostic Substances)
CRSR,Corsair Gaming Inc. Common Stock,$6.96,0.17,2.504%,742369866.00,United States,2020,810677,Technology,Computer peripheral equipment
CRT,Cross Timbers Royalty Trust Common Stock,$10.64,-0.12,-1.115%,63840000.00,United States,1992,20082,Energy,Oil & Gas Production
CRTO,Criteo S.A. American Depositary Shares,$19.58,0.64,3.379%,980921562.00,France,2013,245861,Consumer Discretionary,Advertising
CRUS,Cirrus Logic Inc. Common Stock,$164.24,1.16,0.711%,8377453569.00,United States,1989,588794,Technology,Semiconductors
CRVL,CorVel Corp. Common Stock,$57.53,0.07,0.122%,2942799701.00,United States,,142727,Finance,Specialty Insurers
CRVO,CervoMed Inc. Common Stock,$3.71,0.02,0.542%,34349847.00,United States,,59579,Health Care,Biotechnology: Pharmaceutical Preparations
CRVS,Corvus Pharmaceuticals Inc. Common Stock,$15.46,0.27,1.777%,1300037955.00,United States,2016,862041,Health Care,Biotechnology: Pharmaceutical Preparations
CRWD,CrowdStrike Holdings Inc. Class A Common Stock,$455.64,9.89,2.219%,115556723968.00,United States,2019,1518934,Technology,Computer Software: Prepackaged Software
CRWS,Crown Crafts Inc Common Stock,$2.845,0.115,4.212%,30435204.00,United States,,36608,Consumer Discretionary,Textiles
CRWV,CoreWeave Inc. Class A Common Stock,$119.01,7.41,6.64%,64618508859.00,United States,2025,27338136,Technology,Computer Software: Prepackaged Software
CSAI,Cloudastructure Inc. Class A Common Stock,$0.5851,0.0551,10.396%,14344182.00,United States,,303637,Technology,Computer Software: Programming Data Processing
CSAN,Cosan S.A. ADS,$4.03,0.00,0.00%,3996320214.00,Brazil,2021,337041,Consumer Discretionary,Retail-Auto Dealers and Gas Stations
CSBR,Champions Oncology Inc. Common Stock,$5.99,0.03,0.503%,83182088.00,United States,,6650,Health Care,Biotechnology: Biological Products (No Diagnostic Substances)
CSCO,Cisco Systems Inc. Common Stock (DE),$91.85,0.35,0.383%,362797675908.00,United States,1990,16087122,Telecommunications,Computer Communications Equipment
CSGP,CoStar Group Inc. Common Stock,$34.72,0.11,0.318%,14178110425.00,United States,1998,6367818,Real Estate,Real Estate
CSGS,CSG Systems International Inc. Common Stock,$80.40,-0.01,-0.012%,2291555654.00,United States,1996,186484,Technology,EDP Services
CSHR,CoinShares PLC Ordinary Shares,$6.20,0.42,7.266%,819995440.00,Jersey,,439059,Finance,Investment Bankers/Brokers/Service
CSHRW,CoinShares PLC Warrants,$1.27,0.10,8.547%,167966808.00,Jersey,,10348,Finance,Investment Bankers/Brokers/Service
CSIQ,Canadian Solar Inc. Common Shares (ON),$16.73,1.44,9.418%,1134573793.00,Canada,2006,3455678,Technology,Semiconductors
CSL,Carlisle Companies Incorporated Common Stock,$357.04,1.78,0.501%,14447650735.00,United States,,341640,Industrials,Specialty Chemicals
CSPI,CSP Inc. Common Stock,$9.33,0.04,0.431%,92488542.00,United States,1982,14421,Technology,EDP Services
CSQ,Calamos Strategic Total Return Common Stock,$19.68,0.11,0.562%,3126908401.00,United States,2004,215520,Finance,Finance Companies
CSR,D/B/A Centerspace Common Stock,$68.38,0.11,0.161%,1147819774.00,United States,,75789,Real Estate,Real Estate Investment Trusts
CSTE,Caesarstone Ltd. Ordinary Shares,$1.28,-0.05,-3.759%,44258656.00,Israel,2012,100979,Industrials,Building Materials
CSTL,Castle Biosciences Inc. Common Stock,$24.81,0.32,1.307%,751497034.00,United States,2019,176945,Health Care,Medical Specialities
CSTM,Constellium SE Ordinary Shares (France),$32.01,0.73,2.334%,4358175905.00,Netherlands,2013,2794301,Industrials,Metal Fabrications
CSV,Carriage Services Inc. Common Stock,$49.19,0.09,0.183%,780201655.00,United States,,58927,Consumer Discretionary,Other Consumer Services
CSW,CSW Industrials Inc. Common Stock,$287.15,-4.05,-1.391%,4729426545.00,United States,,76891,Industrials,Home Furnishings
CSWC,Capital Southwest Corporation Common Stock,$23.88,-0.12,-0.50%,1436669038.00,United States,,1501325,Consumer Discretionary,Textiles
CSX,CSX Corporation Common Stock,$45.09,-0.34,-0.748%,83783481017.00,United States,,6245053,Industrials,Railroads
CTA^A,EIDP Inc. Preferred Stock $3.50 Series,$54.595,0.575,1.064%,,United States,,284,,
CTA^B,EIDP Inc. Preferred Stock $4.50 Series,$68.96,0.00,0.00%,,United States,,338,,
CTAA,ClearThink 1 Acquisition Corp. Class A Ordinary Shares,$9.85,0.00,0.00%,0.00,United States,2026,11246,Finance,Blank Checks
CTAAR,ClearThink 1 Acquisition Corp. Rights,$0.1851,0.0051,2.833%,0.00,United States,2026,84712,,
CTAAU,ClearThink 1 Acquisition Corp. Units,$10.02,0.00,0.00%,0.00,United States,2026,2,Finance,Blank Checks
CTAS,Cintas Corporation Common Stock,$169.61,-5.10,-2.919%,67858776254.00,United States,1983,1437036,Industrials,Garments and Clothing
CTBB,Qwest Corporation 6.5% Notes due 2056,$18.19,-0.16,-0.872%,18.00,United States,2016,133738,Telecommunications,Telecommunications Equipment
CTBI,Community Trust Bancorp Inc. Common Stock,$65.80,0.87,1.34%,1194320732.00,United States,,77240,Finance,Major Banks
CTDD,Qwest Corporation 6.75% Notes due 2057,$18.59,0.00,0.00%,19.00,United States,2017,111619,Telecommunications,Telecommunications Equipment
CTEV,Claritev Corporation Class A Common Stock,$24.93,0.60,2.466%,422985316.00,United States,2020,62535,Real Estate,Real Estate
CTGO,Contango Silver & Gold Inc. Common Stock,$23.13,0.18,0.784%,389077155.00,United States,2021,336077,Basic Materials,Precious Metals
CTKB,Cytek Biosciences Inc. Common Stock,$4.62,0.06,1.316%,596638752.00,United States,2021,431322,Industrials,Biotechnology: Laboratory Analytical Instruments
CTLP,Cantaloupe Inc. Common Stock,$11.00,0.08,0.733%,810922134.00,United States,,1552198,Miscellaneous,Office Equipment/Supplies/Services
CTM,Castellum Inc. Common Stock,$0.6569,-0.0076,-1.144%,62151115.00,,2022,511213,Consumer Discretionary,Professional Services
CTMX,CytomX Therapeutics Inc. Common Stock,$4.18,-0.04,-0.948%,711380582.00,United States,2015,2884231,Health Care,Biotechnology: Pharmaceutical Preparations
CTNM,Contineum Therapeutics Inc. Class A Common Stock,$13.20,0.38,2.964%,492835675.00,United States,2024,462233,Health Care,Biotechnology: Pharmaceutical Preparations
CTNT,Cheetah Net Supply Chain Service Inc Class A Common Stock,$2.99,-0.26,-8.00%,5858439.00,United States,2023,426916,Consumer Discretionary,Motor Vehicles
CTO,CTO Realty Growth Inc. Common Stock,$20.44,0.19,0.938%,690536620.00,United States,1992,408187,Real Estate,Real Estate Investment Trusts
CTO^A,CTO Realty Growth Inc. 6.375% Series A Cumulative Redeemable Preferred Stock,$21.40,0.48,2.294%,,United States,,3912,,
CTOR,Citius Oncology Inc. Common Stock,$0.9449,0.065,7.387%,83411240.00,United States,2022,170216,Health Care,Biotechnology: Pharmaceutical Preparations
CTOS,Custom Truck One Source Inc. Common Stock,$10.10,0.25,2.538%,2297071492.00,Cayman Islands,2017,2409299,Consumer Discretionary,Diversified Commercial Services
CTRA,Coterra Energy Inc. Common Stock,$35.38,-0.53,-1.476%,26863068657.00,United States,,6543027,Energy,Oil & Gas Production
CTRE,CareTrust REIT Inc. Common Stock,$39.19,-0.26,-0.659%,8748667240.00,United States,2022,1330225,Real Estate,Real Estate Investment Trusts
CTRI,Centuri Holdings Inc. Common Stock,$39.25,1.65,4.388%,3958147214.00,United States,2024,1848419,Utilities,Oil & Gas Production
CTRM,Castor Maritime Inc. Common Shares,$2.07,0.01,0.485%,20001073.00,Cyprus,,16960,Consumer Discretionary,Marine Transportation
CTRN,Citi Trends Inc. Common Stock,$47.96,-0.75,-1.54%,603702639.00,United States,2005,100567,Consumer Discretionary,Clothing/Shoe/Accessory Stores
CTS,CTS Corporation Common Stock,$57.00,-0.10,-0.175%,1629795870.00,United States,,264895,Technology,Electrical Products
CTSH,Cognizant Technology Solutions Corporation Class A Common Stock,$52.43,-0.47,-0.888%,24844976260.00,United States,1998,8446895,Technology,EDP Services
CTSO,Cytosorbents Corporation Common Stock,$0.6143,0.0043,0.705%,38516610.00,United States,,35621,Health Care,Medical/Dental Instruments
CTVA,Corteva Inc. Common Stock ,$80.85,-0.16,-0.198%,54279173187.00,United States,2019,3543077,Consumer Staples,Farming/Seeds/Milling
CTW,CTW Cayman Class A Ordinary Shares,$2.87,0.20,7.491%,179088000.00,Japan,2025,66670,Technology,EDP Services
CTXR,Citius Pharmaceuticals Inc. Common Stock,$0.70,0.004,0.575%,15318479.00,United States,,862572,Health Care,Biotechnology: Pharmaceutical Preparations
CUB,Lionheart Holdings Class A Ordinary Shares,$10.80,0.02,0.186%,343100621.00,United States,2024,369,Industrials,Industrial Machinery/Components
CUBB,Customers Bancorp Inc 5.375% Subordinated Notes Due 2034,$22.85,0.13,0.572%,722596747.00,United States,2019,153,Finance,Major Banks
CUBE,CubeSmart Common Shares,$40.14,-0.34,-0.84%,9150427073.00,United States,,3500375,Real Estate,Real Estate Investment Trusts
CUBI,Customers Bancorp Inc Common Stock,$77.08,0.81,1.062%,2596127164.00,United States,,315884,Finance,Major Banks
CUBWU,Lionheart Holdings Unit,$10.75,0.00,0.00%,0.00,United States,2024,113,Finance,Blank Checks
CUE,Cue Biopharma Inc. Common Stock,$30.42,15.68,106.377%,99028051.00,United States,2018,18882598,Health Care,Biotechnology: Pharmaceutical Preparations
CUK,Carnival Plc ADS ADS,$26.61,0.16,0.605%,37999501742.00,United States,,2094171,Consumer Discretionary,Marine Transportation
CULP,Culp Inc. Common Stock,$3.40,0.11,3.343%,43053466.00,United States,,49932,Consumer Discretionary,Textiles
CUPR,Cuprina Holdings (Cayman) Limited Class A Ordinary Shares,$0.2522,0.0002,0.079%,5409690.00,Singapore,2025,137058,Health Care,Biotechnology: Pharmaceutical Preparations
CURB,Curbline Properties Corp. Common Stock,$27.49,-0.11,-0.399%,2901276567.00,United States,2024,534456,Finance,Real Estate
CURI,CuriosityStream Inc. Class A Common Stock,$3.17,0.02,0.635%,187941692.00,United States,2020,308375,Consumer Discretionary,Movies/Entertainment
CURR,Currenc Group Inc. Ordinary Shares,$3.41,-0.15,-4.213%,261245024.00,Singapore,,155872,Real Estate,Real Estate
CURV,Torrid Holdings Inc. Common Stock,$1.69,-0.03,-1.744%,168152423.00,United States,2021,141969,Consumer Discretionary,Clothing/Shoe/Accessory Stores
CURX,Curanex Pharmaceuticals Inc Common Stock,$0.37,-0.047,-11.271%,10494980.00,United States,2025,395699,Health Care,Biotechnology: Pharmaceutical Preparations
CUZ,Cousins Properties Incorporated Common Stock,$25.69,0.08,0.312%,4227041155.00,United States,,2203652,Real Estate,Real Estate Investment Trusts
CV,CapsoVision Inc. Common Stock,$7.50,0.42,5.932%,373872960.00,United States,2025,161851,Health Care,Biotechnology: Electromedical & Electrotherapeutic Apparatus
CVBF,CVB Financial Corporation Common Stock,$20.45,0.08,0.393%,2776800796.00,United States,,1654138,Finance,Major Banks
CVCO,Cavco Industries Inc. Common Stock When Issued,$510.68,3.68,0.726%,3963470721.00,United States,,99174,Consumer Discretionary,Homebuilding
CVE,Cenovus Energy Inc Common Stock,$29.27,0.03,0.103%,55016877492.00,Canada,,9831551,Energy,Oil & Gas Production
CVEO,Civeo Corporation (Canada) Common Shares,$31.21,-0.69,-2.163%,341540299.00,,2014,142610,Consumer Discretionary,Hotels/Resorts
CVGI,Commercial Vehicle Group Inc. Common Stock,$4.15,-0.03,-0.718%,152031934.00,United States,2004,288031,Consumer Discretionary,Auto Parts:O.E.M.
CVGW,Calavo Growers Inc. Common Stock,$28.11,-0.05,-0.178%,502440361.00,United States,,189334,Consumer Discretionary,Specialty Foods
CVI,CVR Energy Inc. Common Stock,$33.28,0.14,0.422%,3345658335.00,United States,2007,976573,Energy,Integrated oil Companies
CVKD,Cadrenal Therapeutics Inc. Common Stock,$6.35,-0.32,-4.798%,19546868.00,United States,2023,127730,Health Care,Biotechnology: Pharmaceutical Preparations
CVLG,Covenant Logistics Group Inc. Class A Common Stock,$33.68,-1.18,-3.385%,845104521.00,United States,,185852,Industrials,Trucking Freight/Courier Services
CVLT,Commvault Systems Inc. Common Stock,$99.57,0.69,0.698%,4378529714.00,United States,2006,555917,Technology,Computer Software: Prepackaged Software
CVM,Cel-Sci Corporation Common Stock,$2.28,-0.79,-25.733%,19363532.00,United States,1997,798717,Health Care,Biotechnology: Biological Products (No Diagnostic Substances)
CVNA,Carvana Co. Class A Common Stock,$382.60,-13.20,-3.335%,83929870825.00,United States,2017,4359835,Consumer Discretionary,Retail-Auto Dealers and Gas Stations
CVR,Chicago Rivet & Machine Co. Common Stock,$10.91,-0.49,-4.298%,10540500.00,United States,1930,569,Industrials,Industrial Machinery/Components
CVRX,CVRx Inc. Common Stock,$7.97,0.46,6.125%,210654393.00,United States,2021,344900,Health Care,Medical/Dental Instruments
CVS,CVS Health Corporation Common Stock,$82.09,-1.20,-1.441%,105206905442.00,United States,,4940654,Consumer Staples,Retail-Drug Stores and Proprietary Stores
CVSA,Covista Inc. Common Shares,$113.86,-1.36,-1.18%,3929140429.00,United States,,259750,Real Estate,Other Consumer Services
CVU,CPI Aerostructures Inc. Common Stock,$3.76,0.16,4.444%,49668355.00,United States,2022,28425,Industrials,Military/Government/Technical
CVV,CVD Equipment Corporation Common Stock,$8.05,1.27,18.732%,55845571.00,United States,,398345,Technology,Industrial Machinery/Components
CVX,Chevron Corporation Common Stock,$190.63,-2.68,-1.386%,379789396303.00,United States,,10431279,Energy,Integrated oil Companies
CW,Curtiss-Wright Corporation Common Stock,$713.14,-7.06,-0.98%,26319979927.00,United States,,179757,Technology,Industrial Machinery/Components
CWAN,Clearwater Analytics Holdings Inc. Class A Common Stock,$24.21,0.01,0.041%,7153237017.00,United States,2021,3564290,Technology,Computer Software: Prepackaged Software
CWBC,Community West Bancshares Common Stock,$23.77,0.05,0.211%,644318534.00,United States,,153267,Finance,Major Banks
CWCO,Consolidated Water Co. Ltd. Ordinary Shares,$32.13,0.08,0.25%,514086105.00,Cayman Islands,,118677,Utilities,Water Supply
CWD,CaliberCos Inc. Class A Common Stock,$1.09,0.05,4.808%,7687838.00,United States,2023,25989,Finance,Real Estate
CWEN,Clearway Energy Inc. Class C Common Stock,$40.30,-0.06,-0.149%,8270322395.00,United States,2015,954675,Utilities,Electric Utilities: Central
CWH,Camping World Holdings Inc. Class A Common Stock,$7.76,-0.43,-5.25%,799177164.00,United States,2016,5101275,Consumer Discretionary,Retail-Auto Dealers and Gas Stations
CWK,Cushman & Wakefield Ltd. Common Shares,$14.11,0.07,0.499%,3305794551.00,United States,2018,1338077,Finance,Real Estate
CWST,Casella Waste Systems Inc. Class A Common Stock,$86.83,7.58,9.565%,5523242147.00,United States,1997,2383133,Utilities,Environmental Services
CWT,California Water Service Group Common Stock,$42.36,0.12,0.284%,2535002599.00,United States,,664167,Utilities,Water Supply
CX,Cemex S.A.B. de C.V. Sponsored ADR,$12.25,-0.05,-0.407%,18569972409.00,Mexico,,2540822,Industrials,Building Materials
CXAI,CXApp Inc. Class A Common Stock,$0.166,0.002,1.22%,11456562.00,United States,2021,2938697,Technology,EDP Services
CXAIW,CXApp Inc. Warrant,$0.0396,-0.0002,-0.503%,2733011.00,United States,2021,10720,Technology,EDP Services
CXDO,Crexendo Inc. Common Stock,$7.54,1.00,15.291%,234890627.00,United States,,1133640,Telecommunications,Telecommunications Equipment
CXE,MFS High Income Municipal Trust Common Stock,$3.70,0.00,0.00%,116645360.00,United States,1989,68600,Finance,Investment Managers
CXH,MFS Investment Grade Municipal Trust Common Stock,$8.36,0.01,0.12%,76161648.00,United States,1989,368236,Finance,Investment Managers
CXIIU,Churchill Capital Corp XII Units,$10.10,-0.01,-0.099%,0.00,United States,2026,773621,Finance,Blank Checks
CXM,Sprinklr Inc. Class A Common Stock,$5.19,0.27,5.488%,1291605951.00,United States,2021,4035695,Technology,Computer Software: Prepackaged Software
CXT,Crane NXT Co. Common Stock,$44.60,-0.08,-0.179%,2566163045.00,United States,,647036,Industrials,Metal Fabrications
CXW,CoreCivic Inc. Common Stock,$20.58,0.12,0.587%,2035089974.00,United States,,636548,Real Estate,Real Estate Investment Trusts
CYAB,Cyabra Inc. Common Stock,$0.92,-0.0601,-6.132%,12708995.00,Israel,,29408,Technology,Computer Software: Prepackaged Software
CYCN,Cyclerion Therapeutics Inc. Common Stock,$3.26,-0.05,-1.511%,14116824.00,United States,,64417,Health Care,Biotechnology: Pharmaceutical Preparations
CYCU,Cycurion Inc. Common Stock,$0.993,-0.057,-5.429%,5471418.00,United States,2025,750635,Technology,EDP Services
CYCUW,Cycurion Inc. Warrant,$0.0218,0.0009,4.306%,120118.00,United States,2025,52417,Technology,EDP Services
CYD,China Yuchai International Limited Common Stock,$40.00,-1.21,-2.936%,1500732880.00,Singapore,1994,65872,Industrials,Industrial Machinery/Components
CYH,Community Health Systems Inc. Common Stock,$2.98,0.14,4.93%,419931802.00,United States,2000,1416197,Health Care,Hospital/Nursing Management
CYN,Cyngn Inc. Common Stock,$1.68,-0.02,-1.176%,22861912.00,United States,2021,179854,Technology,EDP Services
CYPH,Cypherpunk Technologies Inc. Common Stock,$0.9733,0.0842,9.47%,95070706.00,United States,,2990443,Health Care,Biotechnology: Pharmaceutical Preparations
CYRX,CryoPort Inc. Common Stock,$10.35,0.09,0.877%,519548327.00,United States,,314259,Health Care,Biotechnology: Pharmaceutical Preparations
CYTK,Cytokinetics Incorporated Common Stock,$63.35,-0.62,-0.969%,7870466024.00,United States,2004,2459515,Health Care,Biotechnology: Pharmaceutical Preparations
CZFS,Citizens Financial Services Inc. Common Stock,$61.32,-1.84,-2.913%,294778669.00,United States,,5084,Finance,Major Banks
CZNC,Citizens & Northern Corp Common Stock,$22.48,0.40,1.812%,402622263.00,United States,,43248,Finance,Major Banks
CZR,Caesars Entertainment Inc. Common Stock,$28.38,0.58,2.086%,5780351273.00,United States,,3762095,Consumer Discretionary,Hotels/Resorts
CZWI,Citizens Community Bancorp Inc. Common Stock,$20.85,0.10,0.482%,200756560.00,United States,2006,11380,Finance,Savings Institutions
D,Dominion Energy Inc. Common Stock,$63.94,-0.56,-0.868%,56201004005.00,United States,,6257867,Utilities,Electric Utilities: Central
DAAQ,Digital Asset Acquisition Corp. Class A Ordinary shares,$10.2873,0.0073,0.071%,0.00,United States,2025,50552,Finance,Blank Checks
DAAQW,Digital Asset Acquisition Corp. Warrant,$0.3899,-0.0085,-2.134%,0.00,United States,2025,2136,Finance,Blank Checks
DAC,Danaos Corporation Common Stock,$119.77,-0.64,-0.532%,2180230201.00,Greece,2006,149511,Consumer Discretionary,Marine Transportation
DAIC,CID HoldCo Inc. Common Stock,$0.2115,0.0142,7.197%,6195538.00,United States,,98264,Technology,EDP Services
DAICW,CID HoldCo Inc. Warrants,$0.0161,-0.0045,-21.845%,471622.00,United States,,5754,Technology,EDP Services
DAIO,Data I/O Corporation Common Stock,$2.76,0.05,1.845%,25928605.00,United States,1981,87708,Industrials,Electrical Products
DAKT,Daktronics Inc. Common Stock,$19.70,0.04,0.203%,951472767.00,United States,1994,230517,Consumer Discretionary,Miscellaneous manufacturing industries
DAL,Delta Air Lines Inc. Common Stock,$68.98,0.99,1.456%,45319469573.00,United States,,9130353,Consumer Discretionary,Air Freight/Delivery Services
DAN,Dana Incorporated Common Stock ,$35.87,-0.58,-1.591%,3929791870.00,United States,,1170871,Consumer Discretionary,Auto Parts:O.E.M.
DAO,Youdao Inc. American Depositary Shares each representing one Class A Ordinary Share,$10.75,-0.99,-8.433%,1296822283.00,China,2019,16603,Real Estate,Other Consumer Services
DAR,Darling Ingredients Inc. Common Stock,$63.77,-0.46,-0.716%,10122162359.00,United States,1997,3390782,Consumer Staples,Packaged Foods
DARE,Dare Bioscience Inc. Common Stock,$2.34,0.06,2.632%,34069235.00,United States,2014,351827,Health Care,Biotechnology: Pharmaceutical Preparations
DASH,DoorDash Inc. Class A Common Stock,$175.84,7.19,4.263%,76845512045.00,United States,,3191946,Technology,EDP Services
DAVA,Endava plc American Depositary Shares (each representing one Class A Ordinary Share),$4.17,0.15,3.731%,226546105.00,United Kingdom,2018,206640,Technology,EDP Services
DAVE,Dave Inc. Class A Common Stock,$272.65,0.66,0.243%,3493564785.00,United States,,327247,Finance,Finance: Consumer Services
DAVEW,Dave Inc. Warrants,$1.01,-0.02,-1.942%,12941502.00,United States,,23931,Finance,Finance: Consumer Services
DB,Deutsche Bank AG Common Stock,$31.11,0.06,0.193%,59198387243.00,Germany,,2087400,Finance,Major Banks
DBCA,D. Boral Acquisition I Corp. Class A Ordinary Shares,$9.87,-0.01,-0.101%,0.00,United States,2026,220074,Finance,Blank Checks
DBCAU,D. Boral Acquisition I Corp. Unit,$9.98,0.01,0.10%,0.00,United States,2026,232,Finance,Blank Checks
DBD,Diebold Nixdorf Incorporated Common stock,$77.86,1.05,1.367%,2710240341.00,United States,2023,460250,Miscellaneous,Office Equipment/Supplies/Services
DBGI,Digital Brands Group Inc. Common Stock,$1.33,-0.01,-0.746%,21718063.00,United States,2025,402737,Consumer Discretionary,Clothing/Shoe/Accessory Stores
DBI,Designer Brands Inc. Class A Common Stock,$7.57,0.07,0.933%,383846085.00,United States,,444915,Consumer Discretionary,Clothing/Shoe/Accessory Stores
DBL,DoubleLine Opportunistic Credit Fund Common Shares of Beneficial Interest,$14.52,0.08,0.554%,0.00,United States,2012,75893,,
DBRG,DigitalBridge Group Inc.,$15.55,-0.01,-0.064%,2835890540.00,United States,2014,3152700,Real Estate,Real Estate Investment Trusts
DBRG^H,DigitalBridge Group Inc. 7.125% Series H ,$17.23,-0.15,-0.863%,,United States,,14348,,
DBRG^I,DigitalBridge Group Inc. 7.15% Series I ,$17.10,-0.13,-0.754%,,United States,,8347,,
DBRG^J,DigitalBridge Group Inc. 7.125% Series J ,$17.25,-0.18,-1.033%,,United States,,11875,,
DBVT,DBV Technologies S.A. American Depositary Shares,$19.87,-1.13,-5.381%,1176472676.00,France,2014,153645,Health Care,Biotechnology: Biological Products (No Diagnostic Substances)
DBX,Dropbox Inc. Class A Common Stock,$24.93,0.64,2.635%,5949258977.00,United States,2018,3120546,Technology,Computer Software: Prepackaged Software
DC,Dakota Gold Corp. Common Stock,$5.49,0.11,2.045%,733009302.00,United States,2022,873485,Basic Materials,Metal Mining
DCBG,Dime Community Bancshares Inc. 9.000% Fixed-to-Floating Rate Subordinated Notes due 2034,$26.50,-0.0599,-0.226%,1037438881.00,United States,,350,Finance,Major Banks
DCBO,Docebo Inc. Common Shares,$20.67,1.53,7.994%,594561574.00,Canada,,598521,Technology,Computer Software: Prepackaged Software
DCGO,DocGo Inc. Common Stock,$0.6744,-0.0313,-4.435%,66616162.00,United States,2020,655861,Health Care,Medical/Nursing Services
DCH,Dauch Corporation Common Stock,$5.71,0.00,0.00%,1351824691.00,United States,,4755576,Consumer Discretionary,Auto Parts:O.E.M.
DCI,Donaldson Company Inc. Common Stock,$86.22,-1.95,-2.212%,9985504031.00,United States,,683964,Industrials,Pollution Control Equipment
DCO,Ducommun Incorporated Common Stock,$141.24,-0.69,-0.486%,2116756394.00,United States,,139339,Industrials,Military/Government/Technical
DCOM,Dime Community Bancshares Inc. Common Stock,$36.07,0.18,0.502%,1582998138.00,United States,,230366,Finance,Major Banks
DCOM^,Dime Community Bancshares Inc. Fixed-Rate Non-Cumulative Perpetual Preferred Stock Series A,$19.27,-0.27,-1.382%,,United States,,8382,,
DCOY,Decoy Therapeutics Inc. Common Stock,$5.90,-0.15,-2.479%,3138611.00,United States,2015,4279,Health Care,Biotechnology: Pharmaceutical Preparations
DCTH,Delcath Systems Inc. Common Stock,$10.80,0.42,4.046%,372109237.00,United States,,174980,Health Care,Medical/Dental Instruments
DCX,Digital Currency X Technology Inc. Class A Ordinary Shares,$2.07,-0.03,-1.429%,48897637.00,Cayman Islands,,15817,Industrials,Auto Manufacturing
DD,DuPont de Nemours Inc. Common Stock,$46.24,0.58,1.27%,18951661537.00,United States,2017,3269650,Industrials,Major Chemicals
DDC,DDC Enterprise Limited Class A Ordinary Shares,$1.57,0.07,4.667%,72259994.00,,2023,147882,Consumer Staples,Packaged Foods
DDD,3D Systems Corporation Common Stock,$2.37,-0.09,-3.659%,346159780.00,United States,,2422566,Technology,Computer Software: Prepackaged Software
DDI,DoubleDown Interactive Co. Ltd. American Depository Shares,$10.99,0.10,0.918%,544592306.00,South Korea,2021,171790,Technology,EDP Services
DDL,Dingdong (Cayman) Limited American Depositary Shares (each two representing three Ordinary Shares),$2.59,0.00,0.00%,611829704.00,Cayman Islands,2021,206957,Consumer Discretionary,Catalog/Specialty Distribution
DDOG,Datadog Inc. Class A Common Stock,$140.53,8.34,6.309%,50020560598.00,United States,2019,6229934,Technology,Computer Software: Prepackaged Software
DDS,Dillard's Inc. Common Stock,$565.52,-3.70,-0.65%,8831765992.00,United States,,72875,Consumer Discretionary,Department/Specialty Retail Stores
DDT,Dillard's Capital Trust I,$26.0501,-0.0599,-0.229%,406826261.00,United States,,8534,Consumer Discretionary,Department/Specialty Retail Stores
DE,Deere & Company Common Stock,$577.26,-12.61,-2.138%,155922129607.00,United States,,802661,Industrials,Industrial Machinery/Components
DEA,Easterly Government Properties Inc. Common Stock,$23.56,0.15,0.641%,1094347251.00,United States,2015,227636,Real Estate,Real Estate Investment Trusts
DEC,Diversified Energy Company Common Stock,$16.45,-0.20,-1.201%,1262640987.00,United States,2025,527430,,
DECK,Deckers Outdoor Corporation Common Stock,$100.88,-1.32,-1.292%,14319913074.00,United States,1993,1382574,Consumer Discretionary,Shoe Manufacturing
DEFT,Defi Technologies Inc. Common Stock,$0.7822,0.0221,2.908%,303319356.00,Canada,,1701210,Finance,Finance: Consumer Services
DEI,Douglas Emmett Inc. Common Stock,$10.94,0.13,1.203%,1832288821.00,United States,2006,1794508,Real Estate,Real Estate Investment Trusts
DELL,Dell Technologies Inc. Class C Common Stock ,$210.17,1.22,0.584%,135716951947.00,United States,2018,3002924,Technology,Computer Manufacturing
DEO,Diageo plc Common Stock,$79.70,-0.95,-1.178%,44361270657.00,United Kingdom,,1284162,Consumer Staples,Beverages (Production/Distribution)
DERM,Journey Medical Corporation Common Stock,$5.19,0.04,0.777%,141846312.00,United States,2021,150290,Health Care,Biotechnology: Pharmaceutical Preparations
DETX,Liberty Defense Holdings Ltd. Common Shares,$4.125,0.165,4.167%,8185250.00,United States,,44044,Telecommunications,Telecommunications Equipment
DEVS,DevvStream Corp. Common Stock,$0.3103,0.0241,8.421%,1192062.00,Canada,2024,737911,Finance,Finance/Investors Services
DFDV,DeFi Development Corp. Common Stock,$4.55,0.16,3.645%,134213143.00,United States,2023,507871,Finance,Finance: Consumer Services
DFDVW,DeFi Development Corp. Warrant,$0.58,0.0489,9.207%,17108489.00,United States,,7048,,
DFH,Dream Finders Homes Inc. Class A Common Stock,$15.26,0.66,4.521%,1400391552.00,United States,2022,725929,Consumer Discretionary,Homebuilding
DFIN,Donnelley Financial Solutions Inc. Common Stock ,$50.80,0.50,0.994%,1449329334.00,United States,2016,210580,Consumer Discretionary,Other Consumer Services
DFLI,Dragonfly Energy Holdings Corp. Common Stock (NV),$2.08,0.07,3.483%,25269469.00,United States,2021,227822,Miscellaneous,Industrial Machinery/Components
DFLIW,Dragonfly Energy Holdings Corp. Warrant,$0.0405,-0.0012,-2.878%,492026.00,United States,2021,2680,Miscellaneous,Industrial Machinery/Components
DFNS,T3 Defense Inc. Common Stock,$0.474,0.014,3.043%,17928357.00,United States,2020,1253646,Consumer Discretionary,Professional Services
DFNSW,T3 Defense Inc. Warrants,$0.0758,0.0045,6.311%,2867024.00,United States,2020,116691,Consumer Discretionary,Professional Services
DFP,Flaherty & Crumrine Dynamic Preferred and Income Fund Inc. Common Stock,$21.22,0.06,0.284%,0.00,,2013,28416,Finance,Investment Managers
DFSC,DEFSEC Technologies Inc. Common Stock,$2.95,-0.11,-3.595%,5881197.00,Canada,,98954,Technology,Computer Software: Prepackaged Software
DFSCW,DEFSEC Technologies Inc. Warrant,$0.0239,0.00,0.00%,47648.00,Canada,,3750,Technology,Computer Software: Prepackaged Software
DFTX,Definium Therapeutics Inc. Common Shares,$21.70,-0.18,-0.823%,2366749191.00,United States,,1408264,Health Care, Medicinal Chemicals and Botanical Products 
DG,Dollar General Corporation Common Stock,$114.43,-1.45,-1.251%,25200497798.00,United States,2009,2189283,Consumer Discretionary,Department/Specialty Retail Stores
DGICA,Donegal Group Inc. Class A Common Stock,$16.41,-0.2175,-1.308%,607218639.00,United States,,179691,Finance,Property-Casualty Insurers
DGICB,Donegal Group Inc. Class B Common Stock,$19.24,0.165,0.865%,711937027.00,United States,1986,447,Finance,Property-Casualty Insurers
DGII,Digi International Inc. Common Stock,$57.51,1.47,2.623%,2163017812.00,United States,1989,179889,Telecommunications,Computer Communications Equipment
DGNX,Diginex Limited Ordinary Shares,$1.955,0.135,7.418%,56892340.00,Hong Kong,2025,1046089,Technology,EDP Services
DGX,Quest Diagnostics Incorporated Common Stock,$192.67,-1.53,-0.788%,21327880975.00,United States,,692217,Health Care,Medical Specialities
DGXX,Digi Power X Inc. Subordinate Voting Shares,$3.76,0.39,11.573%,262476008.00,Canada,,1862665,Finance,Finance: Consumer Services
DH,Definitive Healthcare Corp. Class A Common Stock,$0.9862,0.0331,3.473%,141699496.00,United States,2021,234562,Technology,Computer Software: Prepackaged Software
DHC,Diversified Healthcare Trust Common Shares of Beneficial Interest,$7.84,0.30,3.979%,1898228836.00,United States,,2227452,Real Estate,Real Estate Investment Trusts
DHCNI,Diversified Healthcare Trust 5.625% Senior Notes due 2042,$17.92,0.07,0.392%,4326145277.00,United States,,8970,Real Estate,Real Estate Investment Trusts
DHCNL,Diversified Healthcare Trust 6.25% Senior Notes Due 2046,$19.08,0.22,1.166%,4606185932.00,United States,,6402,Real Estate,Real Estate Investment Trusts
DHF,BNY Mellon High Yield Strategies Fund Common Stock,$2.44,-0.01,-0.408%,0.00,United States,1998,191479,Finance,Finance Companies
DHI,D.R. Horton Inc. Common Stock,$149.98,-3.88,-2.522%,42531270358.00,United States,,2183989,Consumer Discretionary,Homebuilding
DHR,Danaher Corporation Common Stock,$175.15,-3.80,-2.123%,123966025319.00,United States,,3879998,Industrials,Industrial Machinery/Components
DHT,DHT Holdings Inc.,$18.87,0.39,2.11%,3038855690.00,Jersey,2005,2121930,Consumer Discretionary,Marine Transportation
DHX,DHI Group Inc. Common Stock,$2.53,0.14,5.858%,111063243.00,United States,2007,383720,Real Estate,Real Estate
DHY,Credit Suisse High Yield Credit Fund Common Stock,$1.77,0.01,0.568%,0.00,United States,1998,1036123,Finance,Finance/Investors Services
DIBS,1stdibs.com Inc. Common Stock,$4.74,0.11,2.376%,172450822.00,United States,2021,124631,Consumer Discretionary,Catalog/Specialty Distribution
DIN,Dine Brands Global Inc. Common Stock,$26.94,-0.84,-3.024%,349689767.00,United States,,330176,Consumer Discretionary,Restaurants
DINO,HF Sinclair Corporation Common Stock,$69.17,1.96,2.916%,12469514744.00,United States,1960,4079789,Energy,Natural Gas Distribution
DIOD,Diodes Incorporated Common Stock,$108.24,1.09,1.017%,4979750379.00,United States,,496294,Technology,Semiconductors
DIS,Walt Disney Company (The) Common Stock,$103.08,-0.67,-0.646%,182608266241.00,United States,,5956241,Consumer Discretionary,Services-Misc. Amusement & Recreation
DIT,AMCON Distributing Company Common Stock,$88.95,0.0999,0.112%,86817691.00,United States,1999,397,Consumer Discretionary,Food Distributors
DJCO,Daily Journal Corp. (S.C.) Common Stock,$515.08,-13.68,-2.587%,709637048.00,United States,,24264,Consumer Discretionary,Newspapers/Magazines
DJT,Trump Media & Technology Group Corp. Common Stock,$9.39,0.24,2.623%,2598507048.00,United States,2024,6322091,Technology,Computer Software: Programming Data Processing
DJTWW,Trump Media & Technology Group Corp. Warrants,$4.45,-0.10,-2.198%,1231454352.00,United States,2021,33050,Technology,Computer Software: Programming Data Processing
DK,Delek US Holdings Inc. Common Stock,$46.73,0.14,0.30%,2863966838.00,United States,2017,1204628,Energy,Integrated oil Companies
DKI,DarkIris Inc. Class A Ordinary Shares,$0.4999,-0.0299,-5.644%,10060488.00,Hong Kong,2025,356780,Technology,Computer Software: Prepackaged Software
DKL,Delek Logistics Partners L.P. Common Units representing Limited Partner Interests,$53.95,0.82,1.543%,2868424606.00,United States,2012,106923,Energy,Natural Gas Distribution
DKNG,DraftKings Inc. Class A Common Stock,$23.00,-0.32,-1.372%,11402084492.00,United States,2019,8070591,Consumer Discretionary,Services-Misc. Amusement & Recreation
DKS,Dick's Sporting Goods Inc Common Stock,$224.62,-2.30,-1.014%,20001259823.00,United States,2002,913135,Consumer Discretionary,Other Specialty Stores
DLB,Dolby Laboratories Common Stock,$57.46,-6.68,-10.415%,5489717655.00,United States,2005,2137642,Miscellaneous,Multi-Sector Companies
DLHC,DLH Holdings Corp.,$5.76,-0.06,-1.031%,83479882.00,United States,,3694,Consumer Discretionary,Professional Services
DLNG,Dynagas LNG Partners LP Common Units,$3.91,0.02,0.514%,142253663.00,Greece,,57624,Consumer Discretionary,Marine Transportation
DLNG^A,Dynagas LNG Partners LP 9.00% Series A Cumulative Redeemable Preferred Units,$26.48,0.06,0.227%,,Greece,,440,,
DLO,DLocal Limited Class A Common Shares,$13.75,-0.13,-0.937%,4055314395.00,Uruguay,2021,1652286,Real Estate,Real Estate
DLPN,Dolphin Entertainment Inc. Common Stock,$1.41,0.00,0.00%,17511701.00,United States,,15910,Consumer Discretionary,Other Consumer Services
DLR,Digital Realty Trust Inc. Common Stock,$200.70,-0.24,-0.119%,70035361424.00,United States,2004,1206724,Real Estate,Real Estate Investment Trusts
DLR^J,Digital Realty Trust Inc. 5.250% Series J Cumulative Redeemable Preferred Stock,$20.53,0.14,0.687%,,United States,,11273,,
DLR^K,Digital Realty Trust Inc. 5.850% Series K Cumulative Redeemable Preferred Stock par value $0.01 per share,$22.9693,0.0393,0.171%,,United States,,7414,,
DLR^L,Digital Realty Trust Inc. 5.200% Series L Cumulative Redeemable Preferred Stock,$20.15,0.14,0.70%,,United States,,23215,,
DLTH,Duluth Holdings Inc. Class B Common Stock,$3.40,0.10,3.03%,129637573.00,United States,2015,60195,Consumer Discretionary,Clothing/Shoe/Accessory Stores
DLTR,Dollar Tree Inc. Common Stock,$94.67,-2.44,-2.513%,18678222203.00,United States,1995,3157746,Consumer Discretionary,Department/Specialty Retail Stores
DLX,Deluxe Corporation Common Stock,$31.90,0.75,2.408%,1444832951.00,United States,,437268,Consumer Discretionary,Publishing
DLXY,Delixy Holdings Limited Class A Ordinary Shares,$0.6877,-0.0055,-0.793%,11243895.00,Singapore,2025,136980,Energy,Oil Refining/Marketing
DLY,DoubleLine Yield Opportunities Fund Common Shares of Beneficial Interest,$14.27,0.00,0.00%,684186266.00,United States,2020,197841,Finance,Investment Managers
DMA,Destra Multi-Alternative Fund Common Stock,$7.54,0.04,0.533%,0.00,,2022,18040,Finance,Trusts Except Educational Religious and Charitable
DMAA,Drugs Made In America Acquisition Corp. Ordinary Shares,$10.57,0.04,0.38%,0.00,United States,2025,570,,
DMAAR,Drugs Made In America Acquisition Corp. Rights,$0.0801,-0.0094,-10.503%,0.00,United States,2025,16719,Finance,Blank Checks
DMAAU,Drugs Made In America Acquisition Corp. Units,$10.5802,0.00,0.00%,0.00,United States,2025,86,Finance,Blank Checks
DMAC,DiaMedica Therapeutics Inc. Common Stock,$6.18,0.13,2.149%,332518781.00,United States,2018,192541,Health Care,Biotechnology: Pharmaceutical Preparations
DMB,BNY Mellon Municipal Bond Infrastructure Fund Inc. Common Stock,$10.81,0.00,0.00%,0.00,,2013,38537,Finance,Trusts Except Educational Religious and Charitable
DMII,Drugs Made In America Acquisition II Corp. Ordinary Shares,$10.02,0.00,0.00%,0.00,United States,2025,306632,Finance,Blank Checks
DMIIR,Drugs Made In America Acquisition II Corp. Right,$0.09,0.00,0.00%,0.00,United States,2025,11936,Finance,Blank Checks
DMLP,Dorchester Minerals L.P. Common Units Representing Limited Partnership Interests,$27.97,-0.01,-0.036%,1349704937.00,United States,,268485,Energy,Oil & Gas Production
DMO,Western Asset Mortgage Opportunity Fund Inc. Common Stock,$11.09,0.06,0.544%,0.00,United States,2010,31019,Finance,Trusts Except Educational Religious and Charitable
DMRA,Damora Therapeutics Inc. Common Stock,$25.36,-0.30,-1.169%,1529289456.00,Denmark,2020,228118,Health Care,Biotechnology: Pharmaceutical Preparations
DMRC,Digimarc Corporation Common Stock,$7.72,0.39,5.321%,170560176.00,United States,,168502,Technology,EDP Services
DNA,Ginkgo Bioworks Holdings Inc. Class A Common Stock,$9.70,1.24,14.657%,602713836.00,United States,2021,2108726,Health Care,Biotechnology: Biological Products (No Diagnostic Substances)
DNLI,Denali Therapeutics Inc. Common Stock,$18.30,-0.42,-2.244%,2903761613.00,United States,2017,1505406,Health Care,Biotechnology: Biological Products (No Diagnostic Substances)
DNMX,Dynamix Corporation III Class A Ordinary Shares,$9.98,0.02,0.201%,0.00,United States,2025,194,Finance,Blank Checks
DNMXU,Dynamix Corporation III Unit,$10.10,0.00,0.00%,0.00,United States,2025,23,Finance,Blank Checks
DNMXW,Dynamix Corporation III Warrants,$0.29,-0.002,-0.685%,0.00,United States,2025,1077,Finance,Blank Checks
DNN,Denison Mines Corp Ordinary Shares (Canada),$3.75,-0.08,-2.089%,3390059865.00,Canada,,11686669,Basic Materials,Other Metals and Minerals
DNOW,DNOW Inc. Common Stock,$13.41,-0.08,-0.593%,2493194066.00,United States,2014,2754173,Consumer Discretionary,Oil and Gas Field Machinery
DNP,DNP Select Income Fund Inc. Common Stock,$10.70,-0.14,-1.292%,0.00,United States,1987,769456,Finance,Investment Managers
DNTH,Dianthus Therapeutics Inc. Common Stock,$87.42,-0.38,-0.433%,4759911561.00,United States,2018,487278,Health Care,Biotechnology: Pharmaceutical Preparations
DNUT,Krispy Kreme Inc. Common Stock,$3.82,-0.12,-3.046%,658486279.00,United States,2021,2043944,Consumer Staples,Food Chains
DOC,Healthpeak Properties Inc. Common Stock,$16.42,0.25,1.546%,11416114357.00,United States,,9556456,Real Estate,Real Estate Investment Trusts
DOCN,DigitalOcean Holdings Inc. Common Stock,$102.82,6.39,6.627%,10729620906.00,United States,2021,2852390,Technology,Computer Software: Programming Data Processing
DOCS,Doximity Inc. Class A Common Stock,$24.98,0.54,2.209%,4614029771.00,United States,2021,2690154,Technology,EDP Services
DOCU,DocuSign Inc. Common Stock,$47.96,1.97,4.284%,9397562534.00,United States,1989,3514113,Technology,Computer Software: Prepackaged Software
DOGZ,Dogness (International) Corporation Class A Common Stock,$1.23,0.01,0.82%,17848109.00,China,2017,12454,Consumer Discretionary,Miscellaneous manufacturing industries
DOLE,Dole plc Ordinary Shares,$15.14,-0.04,-0.264%,1440792725.00,Ireland,2021,708208,Consumer Staples,Farming/Seeds/Milling
DOMH,Dominari Holdings Inc. Common Stock,$3.00,0.12,4.167%,67841343.00,United States,,57849,Health Care,Biotechnology: Pharmaceutical Preparations
DOMO,Domo Inc. Class B Common Stock,$3.76,0.20,5.618%,169750456.00,United States,2018,588079,Technology,Computer Software: Prepackaged Software
DOO,BRP Inc. Common Subordinate Voting Shares,$55.66,-0.29,-0.518%,4070025568.00,Canada,,891220,Consumer Discretionary,Industrial Specialties
DORM,Dorman Products Inc. Common Stock,$112.88,0.37,0.329%,3405657441.00,United States,,243785,Consumer Discretionary,Auto Parts:O.E.M.
DOUG,Douglas Elliman Inc. Common Stock,$1.96,-0.05,-2.488%,172906186.00,United States,2021,227874,Finance,Real Estate
DOV,Dover Corporation Common Stock,$225.79,-0.62,-0.274%,30405200667.00,United States,,763314,Industrials,Industrial Machinery/Components
DOW,Dow Inc. Common Stock ,$40.29,-0.20,-0.494%,29038672537.00,United States,2019,9175193,Industrials,Major Chemicals
DOX,Amdocs Limited Ordinary Shares,$64.70,0.03,0.046%,6984335173.00,Guernsey,,890203,Technology,EDP Services
DOYU,DouYu International Holdings Limited ADS,$4.95,0.07,1.434%,149385352.00,China,2019,3435,Technology,Computer Software: Programming Data Processing
DPG,Duff & Phelps Utility and Infrastructure Fund Inc.,$15.01,0.08,0.536%,0.00,United States,2011,41830,Finance,Trusts Except Educational Religious and Charitable
DPRO,Draganfly Inc. Common Shares,$5.31,-0.07,-1.301%,182536406.00,Canada,,859196,Industrials,Aerospace
DPZ,Domino's Pizza Inc Common Stock,$337.77,-1.65,-0.486%,11234861830.00,United States,2004,691013,Consumer Discretionary,Food Distributors
DQ,DAQO New Energy Corp. American Depositary Shares each representing five ordinary shares,$19.14,-0.08,-0.416%,1295129862.00,China,2010,693219,Technology,Semiconductors
DRCT,Direct Digital Holdings Inc. Class A Common Stock,$3.99,1.02,34.343%,2966318.00,United States,2022,411984,Consumer Discretionary,Advertising
DRD,DRDGOLD Limited American Depositary Shares,$26.78,-0.38,-1.399%,2315368565.00,South Africa,,119942,Basic Materials,Precious Metals
DRDB,Roman DBDR Acquisition Corp. II Ordinary shares,$10.52,0.01,0.095%,0.00,United States,2025,425385,,
DRDBW,Roman DBDR Acquisition Corp. II Warrants,$0.2166,-0.0034,-1.545%,0.00,United States,2025,10775,,
DRH,Diamondrock Hospitality Company Common Stock,$10.47,0.27,2.647%,2142682506.00,United States,2005,4061754,Real Estate,Real Estate Investment Trusts
DRI,Darden Restaurants Inc. Common Stock,$194.76,-5.80,-2.892%,22306837184.00,United States,,1121128,Consumer Discretionary,Restaurants
DRIO,DarioHealth Corp. Common Stock,$7.30,0.155,2.169%,53292964.00,Israel,,2230,Health Care,Medical/Dental Instruments
DRMA,Dermata Therapeutics Inc. Common Stock,$1.33,-0.04,-2.92%,5349450.00,United States,2021,109872,Health Care,Biotechnology: Pharmaceutical Preparations
DRMAW,Dermata Therapeutics Inc. Warrant,$0.016,0.001,6.667%,64354.00,United States,2021,16124,Health Care,Biotechnology: Pharmaceutical Preparations
DRS,Leonardo DRS Inc. Common Stock,$40.03,-0.60,-1.477%,10647775287.00,Israel,,576520,Industrials,Industrial Machinery/Components
DRTS,Alpha Tau Medical Ltd. Ordinary Shares,$8.54,0.20,2.398%,751603154.00,Israel,,912900,Health Care,Medical/Dental Instruments
DRTSW,Alpha Tau Medical Ltd. Warrant,$1.33,0.11,9.016%,117052950.00,Israel,,58125,Health Care,Medical/Dental Instruments
DRUG,Bright Minds Biosciences Inc. Common Stock,$86.96,-0.99,-1.126%,851091521.00,Canada,,379165,Health Care,Biotechnology: Pharmaceutical Preparations
DRVN,Driven Brands Holdings Inc. Common Stock,$14.03,0.46,3.39%,2307292679.00,United States,2021,3358136,Consumer Discretionary,Automotive Aftermarket
DSAC,Daedalus Special Acquisition Corp. Class A Ordinary Shares,$9.96,0.00,0.00%,0.00,Cayman Islands,2026,12,Finance,Blank Checks
DSACU,Daedalus Special Acquisition Corp. Unit,$10.03,-0.02,-0.199%,0.00,Cayman Islands,2025,300,Finance,Blank Checks
DSACW,Daedalus Special Acquisition Corp. Warrant,$0.4099,-0.0001,-0.024%,0.00,Cayman Islands,2026,1800,Finance,Blank Checks
DSGN,Design Therapeutics Inc. Common Stock,$13.30,-0.30,-2.206%,830677754.00,United States,2021,498677,Health Care,Biotechnology: Pharmaceutical Preparations
DSGR,Distribution Solutions Group Inc. Common Stock,$27.54,0.48,1.774%,1272140266.00,United States,,71169,Consumer Discretionary,Industrial Specialties
DSGX,Descartes Systems Group Inc. (The) Common Stock,$73.13,1.02,1.415%,6290956547.00,Canada,,372319,Technology,Computer Software: Prepackaged Software
DSL,DoubleLine Income Solutions Fund Common Shares of Beneficial Interests,$11.15,0.04,0.36%,1137264632.00,United States,2013,434621,Finance,Trusts Except Educational Religious and Charitable
DSM,BNY Mellon Strategic Municipal Bond Fund Inc. Common Stock,$6.04,-0.01,-0.165%,0.00,United States,1989,90169,Finance,Investment Managers
DSP,Viant Technology Inc. Class A Common Stock,$11.38,0.52,4.788%,726389656.00,United States,2021,148448,Technology,Computer Software: Programming Data Processing
DSS,DSS Inc. Common Stock,$0.5733,0.0283,5.193%,5757376.00,United States,,74824,Consumer Discretionary,Containers/Packaging
DSU,Blackrock Debt Strategies Fund Inc. Common Stock,$10.00,-0.03,-0.299%,0.00,United States,1998,233092,Finance,Finance Companies
DSWL,Deswell Industries Inc. Common Shares,$3.40,-0.01,-0.293%,54179813.00,Macau,1995,11075,Industrials,Plastic Products
DSX,Diana Shipping inc. common stock,$2.56,0.05,1.992%,316261778.00,Greece,2005,374664,Consumer Discretionary,Marine Transportation
DSX^B,Diana Shipping Inc. Perpetual Preferred Shares Series B (Marshall Islands),$26.99,0.16,0.596%,,Greece,,1176,,
DSY,Big Tree Cloud Holdings Limited Class A Ordinary Shares,$2.15,0.12,5.911%,10216525.00,China,,13076,Consumer Discretionary,Containers/Packaging
DSYWW,Big Tree Cloud Holdings Limited Warrants,$0.0206,0.0051,32.903%,97889.00,China,,20922,Consumer Discretionary,Containers/Packaging
DT,Dynatrace Inc. Common Stock,$37.61,1.40,3.866%,11217224398.00,United States,2019,4579825,Technology,Computer Software: Prepackaged Software
DTB,DTE Energy Company 2020 Series G 4.375% Junior Subordinated Debentures due 2080,$17.1099,0.0099,0.058%,3559340279.00,United States,2020,10184,Utilities,Electric Utilities: Central
DTCX,Datacentrex Inc. Common Stock,$2.225,0.085,3.972%,80563697.00,United States,,173149,Technology,EDP Services
DTE,DTE Energy Company Common Stock,$148.79,-2.90,-1.912%,30952503528.00,United States,,1621530,Utilities,Electric Utilities: Central
DTF,DTF Tax-Free Income 2028 Term Fund Inc. Common Stock,$11.4201,-0.0199,-0.174%,80278358.00,United States,1991,12193,Finance,Investment Managers
DTG,DTE Energy Company 2021 Series E 4.375% Junior Subordinated Debentures,$17.19,0.01,0.058%,3576003331.00,United States,2021,5889,Utilities,Electric Utilities: Central
DTI,Drilling Tools International Corporation Common Stock,$3.49,0.04,1.159%,122807027.00,United States,2021,336107,Consumer Discretionary,Oil and Gas Field Machinery
DTIL,Precision BioSciences Inc. Common Stock,$7.28,0.13,1.818%,187847289.00,United States,2019,237327,Health Care,Biotechnology: Biological Products (No Diagnostic Substances)
DTK,DTE Energy Company 2025 Series H 6.25% Junior Subordinated Debentures due 2085,$24.69,-0.07,-0.283%,0.00,United States,2025,44975,Utilities,Electric Utilities: Central
DTM,DT Midstream Inc. Common Stock ,$147.46,-0.53,-0.358%,15043001840.00,United States,2021,1355810,Utilities,Natural Gas Distribution
DTSQ,DT Cloud Star Acquisition Corporation Ordinary Shares,$11.215,-0.025,-0.222%,0.00,United States,2024,2292,,
DTSQR,DT Cloud Star Acquisition Corporation Right,$0.1251,-0.0249,-16.60%,0.00,United States,2024,576,,
DTSQU,DT Cloud Star Acquisition Corporation Units,$10.9475,0.00,0.00%,0.00,United States,2024,2,,
DTSS,Datasea Intelligent Technology Ltd. Class A Ordinary Shares,$0.9376,0.0375,4.166%,9795251.00,China,,8892,Technology,Computer Software: Prepackaged Software
DTST,Data Storage Corporation Common Stock,$3.95,-0.02,-0.504%,8560195.00,United States,,16370,Technology,EDP Services
DTSTW,Data Storage Corporation Warrant,$0.0397,0.0002,0.506%,86035.00,United States,,85562,Technology,EDP Services
DTW,DTE Energy Company 2017 Series E 5.25% Junior Subordinated Debentures due 2077,$21.71,-0.01,-0.046%,4516290420.00,United States,2017,13552,Utilities,Electric Utilities: Central
DUK,Duke Energy Corporation (Holding Company) Common Stock,$128.60,-0.95,-0.733%,100065926575.00,United States,,2578903,Utilities,Power Generation
DUK^A,Duke Energy Corporation Depositary Shares each representing a 1/1000th interest in a share of 5.75% Series A Cumulative Redeemable Perpetual Preferred Stock,$24.95,-0.05,-0.20%,,United States,,81855,,
DUKB,Duke Energy Corporation 5.625% Junior Subordinated Debentures due 2078,$24.06,0.03,0.125%,18721510058.00,United States,2018,21592,Utilities,Power Generation
DUO,Fangdd Network Group Ltd. Class A Ordinary Shares,$1.55,0.07,4.73%,6041604.00,China,2019,76619,Finance,Real Estate
DUOL,Duolingo Inc. Class A Common Stock,$111.25,1.15,1.045%,5204500504.00,United States,2021,1899632,Technology,Computer Software: Prepackaged Software
DUOT,Duos Technologies Group Inc. Common Stock,$9.03,0.23,2.614%,264539349.00,United States,,500233,Technology,Computer Software: Prepackaged Software
DV,DoubleVerify Holdings Inc. Common Stock,$11.31,0.29,2.632%,1778415989.00,United States,2021,2393211,Technology,Computer Software: Programming Data Processing
DVA,DaVita Inc. Common Stock,$151.65,-3.49,-2.25%,10000459464.00,United States,,579442,Health Care,Misc Health and Biotechnology Services
DVLT,Datavault AI Inc. Common Stock,$0.7438,0.018,2.48%,463035736.00,United States,2018,53701658,Technology,Semiconductors
DVN,Devon Energy Corporation Common Stock,$50.56,-0.81,-1.577%,31420774305.00,United States,1985,9462980,Energy,Oil & Gas Production
DWSN,Dawson Geophysical Company Common Stock,$3.44,0.13,3.927%,106821770.00,United States,,59784,Energy,Oil & Gas Production
DWTX,Dogwood Therapeutics Inc. Common Stock,$1.46,0.03,2.098%,48766267.00,United States,2020,48663,Health Care,Biotechnology: Pharmaceutical Preparations
DX,Dynex Capital Inc. Common Stock,$13.57,-0.05,-0.367%,2919597808.00,United States,,4317837,Real Estate,Real Estate Investment Trusts
DX^C,Dynex Capital Inc. 6.900% Series C Fixed-to-Floating Rate Cumulative Redeemable Preferred Stock,$25.85,0.01,0.039%,,United States,,2237,,
DXC,DXC Technology Company Common Stock ,$11.88,0.56,4.947%,2016748360.00,United States,,4047783,Technology,EDP Services
DXCM,DexCom Inc. Common Stock,$61.35,1.80,3.023%,23673307139.00,United States,2005,10561451,Health Care,Medical/Dental Instruments
DXF,Eason Technology Limited American Depositary Shares (each representing sixty-thousand (60000) Ordinary Shares),$0.50,-0.0032,-0.636%,693973.00,,,105780,Finance,Finance: Consumer Services
DXLG,Destination XL Group Inc. Common Stock,$0.621,0.0037,0.599%,34037327.00,United States,,18486,Consumer Discretionary,Clothing/Shoe/Accessory Stores
DXPE,DXP Enterprises Inc. Common Stock,$168.90,-1.85,-1.083%,2621701776.00,United States,,286390,Industrials,Industrial Machinery/Components
DXR,Daxor Corporation Common Stock,$10.44,-0.36,-3.333%,52603402.00,United States,,4523,Health Care,Medical/Dental Instruments
DXST,Decent Holding Inc Class A Ordinary Shares,$1.97,0.01,0.51%,3575753.00,China,2025,28926,Industrials,Miscellaneous
DXYZ,Destiny Tech100 Inc. Common Stock,$34.71,2.15,6.603%,0.00,,2024,1908649,,
DY,Dycom Industries Inc. Common Stock,$433.60,19.50,4.709%,13016064526.00,United States,,489873,Industrials,Water Sewer Pipeline Comm & Power Line Construction
DYAI,Dyadic International Inc. Common Stock,$0.79,0.0055,0.701%,28786575.00,United States,,12919,Health Care,Biotechnology: Biological Products (No Diagnostic Substances)
DYN,Dyne Therapeutics Inc. Common Stock,$17.39,-0.16,-0.912%,2873167122.00,United States,2020,1176645,Health Care,Biotechnology: Pharmaceutical Preparations
DYNC,Dynamix Corporation Class A Ordinary Shares,$10.75,10.75,,0.00,United States,2024,118240,,
DYNCW,Dynamix Corporation Warrant,$0.1562,0.1562,,0.00,United States,2024,50116,,
DYOR,Insight Digital Partners II Class A Ordinary Shares,$10.00,-0.005,-0.05%,0.00,United States,2025,55127,Finance,Blank Checks
E,ENI S.p.A. Common Stock,$56.16,-0.47,-0.83%,88361164401.00,Italy,,275897,Energy,Oil & Gas Production
EA,Electronic Arts Inc. Common Stock,$202.09,-0.28,-0.138%,50573772860.00,United States,,1250074,Consumer Discretionary,Services-Misc. Amusement & Recreation
EAD,Allspring Income Opportunities Fund Common Shares,$6.66,-0.02,-0.299%,0.00,United States,2003,213307,Finance,Finance/Investors Services
EAF,GrafTech International Ltd. Common Stock,$8.54,0.04,0.471%,221940500.00,United States,2018,656262,Energy,Industrial Machinery/Components
EAI,Entergy Arkansas LLC First Mortgage Bonds 4.875% Series Due September 1 2066,$20.63,-0.05,-0.242%,9345180337.00,United States,2016,11442,Utilities,Electric Utilities: Central
EARN,Ellington Credit Company Common Shares of Beneficial Interest,$4.78,0.06,1.271%,179532952.00,United States,2013,423898,Real Estate,Real Estate Investment Trusts
EAT,Brinker International Inc. Common Stock,$148.14,-4.10,-2.693%,6353397211.00,United States,,971270,Consumer Discretionary,Restaurants
EBAY,eBay Inc. Common Stock,$104.07,0.59,0.57%,46207080000.00,United States,1998,11925076,Real Estate,Real Estate
EBC,Eastern Bankshares Inc. Common Stock,$20.26,0.03,0.148%,4737779605.00,United States,2020,1469312,Finance,Savings Institutions
EBF,Ennis Inc. Common Stock,$21.12,0.24,1.149%,534185330.00,United States,,146044,Consumer Discretionary,Office Equipment/Supplies/Services
EBMT,Eagle Bancorp Montana Inc. Common Stock,$22.61,0.49,2.215%,180098395.00,United States,2010,77563,Finance,Major Banks
EBON,Ebang International Holdings Inc. Class A Ordinary Shares,$2.465,-0.0051,-0.206%,16130807.00,China,2020,5537,Technology,Semiconductors
EBS,Emergent BioSolutions Inc. Common Stock,$8.47,0.24,2.916%,437428873.00,United States,2006,1407277,Health Care,Biotechnology: Pharmaceutical Preparations
EC,Ecopetrol S.A. American Depositary Shares,$13.92,-0.24,-1.695%,28617219511.00,Colombia,,1677434,Energy,Oil & Gas Production
ECAT,BlackRock ESG Capital Allocation Term Trust Common Shares of Beneficial Interest,$14.83,0.00,0.00%,1603642050.00,United States,2021,787908,Finance,Trusts Except Educational Religious and Charitable
ECBK,ECB Bancorp Inc. Common Stock,$18.09,0.13,0.724%,158788177.00,United States,2022,11876,Finance,Banks
ECC           ,Eagle Point Credit Company Inc. Common Stock,$4.22,0.14,3.431%,255995851.00,United States,2014,2338487,Finance,Trusts Except Educational Religious and Charitable
ECC^D,Eagle Point Credit Company Inc. 6.75% Series D Preferred Stock,$18.75,0.04,0.214%,,United States,,7905,,
ECCC,Eagle Point Credit Company Inc. 6.50% Series C Term Preferred Stock due 2031,$24.63,-0.13,-0.525%,1494117966.00,United States,,7258,Finance,Trusts Except Educational Religious and Charitable
ECCU,Eagle Point Credit Company Inc. 7.75% Notes due 2030,$25.345,0.055,0.217%,0.00,United States,2024,4014,,
ECCV,Eagle Point Credit Company Inc. 5.375% Notes due 2029,$23.96,0.02,0.084%,1453474075.00,United States,2022,4407,Finance,Trusts Except Educational Religious and Charitable
ECCW,Eagle Point Credit Company Inc. 6.75% Notes due 2031,$25.14,0.0099,0.039%,1525055853.00,United States,2021,200,Finance,Trusts Except Educational Religious and Charitable
ECCX,Eagle Point Credit Company Inc. 6.6875% Notes due 2028,$25.15,0.0049,0.019%,1525662479.00,United States,2022,6464,Finance,Trusts Except Educational Religious and Charitable
ECF,Ellsworth Growth and Income Fund Ltd.,$12.70,0.14,1.115%,0.00,United States,1986,40434,Finance,Finance/Investors Services
ECF^A,Ellsworth Growth and Income Fund Ltd. 5.25% Series A Cumulative Preferred Shares (Liquidation Preference $25.00 per share),$21.4899,-0.0001,0.00%,,United States,,951,,
ECG,Everus Construction Group Inc. Common Stock,$149.14,1.71,1.16%,7612345119.00,United States,2024,537099,Consumer Discretionary,Homebuilding
ECL,Ecolab Inc. Common Stock,$259.51,-1.09,-0.418%,73291792034.00,United States,,978338,Consumer Discretionary,Package Goods/Cosmetics
ECO,Okeanis Eco Tankers Corp. Common Stock,$55.11,-0.13,-0.235%,2151750937.00,,,355852,Consumer Discretionary,Marine Transportation
ECOR,electroCore Inc. Common Stock,$6.64,0.13,1.997%,53674825.00,United States,2018,69703,Health Care,Biotechnology: Electromedical & Electrotherapeutic Apparatus
ECPG,Encore Capital Group Inc Common Stock,$83.30,0.53,0.64%,1788607854.00,United States,,147170,Finance,Finance Companies
ECVT,Ecovyst Inc. Common Stock,$14.36,0.18,1.269%,1571706394.00,United States,2017,1508442,Industrials,Major Chemicals
ECX,ECARX Holdings Inc. Class A Ordinary shares,$1.10,0.03,2.804%,419165982.00,China,,515070,Technology,EDP Services
ECXWW,ECARX Holdings Inc. Warrants,$0.0549,0.00,0.00%,20920193.00,China,,50,Technology,EDP Services
ED,Consolidated Edison Inc. Common Stock,$110.49,-1.00,-0.897%,40706863471.00,United States,,2280558,Utilities,Power Generation
EDAP,EDAP TMS S.A. American Depositary Shares,$3.47,0.15,4.518%,130062491.00,France,1997,19258,Health Care,Biotechnology: Electromedical & Electrotherapeutic Apparatus
EDBL,Edible Garden AG Incorporated Common Stock,$0.489,-0.031,-5.962%,446827.00,United States,2022,280845,Consumer Staples,Farming/Seeds/Milling
EDBLW,Edible Garden AG Incorporated Warrant,$0.079,-0.0008,-1.003%,72187.00,United States,2022,6821,Consumer Staples,Farming/Seeds/Milling
EDD,Morgan Stanley Emerging Markets Domestic Debt Fund Inc. Common Stock,$5.65,0.03,0.534%,0.00,United States,2007,141790,Finance,Finance Companies
EDF,Virtus Stone Harbor Emerging Markets Income Fund Common Shares of Beneficial Interest,$5.21,0.01,0.192%,0.00,United States,2010,97232,Finance,Investment Managers
EDHL,Everbright Digital Holding Limited Ordinary Shares,$2.46,0.00,0.00%,4098975.00,Hong Kong,2025,3684,Consumer Discretionary,Advertising
EDIT,Editas Medicine Inc. Common Stock,$2.90,-0.10,-3.333%,283927220.00,United States,2016,858619,Health Care,Biotechnology: Biological Products (No Diagnostic Substances)
EDN,Empresa Distribuidora Y Comercializadora Norte S.A. (Edenor) American Depositary Shares,$23.75,-1.30,-5.19%,1074519398.00,Argentina,2007,153252,Utilities,Electric Utilities: Central
EDRY,EuroDry Ltd. Common Shares ,$20.27,0.75,3.842%,58591388.00,Greece,,12302,Consumer Discretionary,Marine Transportation
EDSA,Edesa Biotech Inc. Common Shares,$17.59,-0.685,-3.748%,146844152.00,United States,,718932,Health Care,Biotechnology: Pharmaceutical Preparations
EDTK,Skillful Craftsman Education Technology Limited Ordinary Share,$1.01,0.01,1.00%,16088746.00,China,2020,699,Real Estate,Other Consumer Services
EDU,New Oriental Education & Technology Group Inc. Sponsored ADR representing 10 Ordinary Share (Cayman Islands),$53.82,-0.87,-1.591%,21413060286.00,China,2006,275154,Real Estate,Other Consumer Services
EDUC,Educational Development Corporation Common Stock,$1.41,0.01,0.714%,12001023.00,United States,,13950,Consumer Discretionary,Consumer Specialties
EE,Excelerate Energy Inc. Class A Common Stock,$34.47,-0.43,-1.232%,3932863922.00,United States,2022,246532,Utilities,Oil/Gas Transmission
EEA,The European Equity Fund Inc. Common Stock,$10.62,0.01,0.094%,0.00,United States,,51283,Finance,Trusts Except Educational Religious and Charitable
EEFT,Euronet Worldwide Inc. Common Stock,$74.01,1.63,2.252%,2809871357.00,United States,1997,579910,Finance,Investment Bankers/Brokers/Service
EEIQ,EpicQuest Education Group International Limited Common Stock,$3.28,0.04,1.235%,4852691.00,United States,2021,15306,Real Estate,Other Consumer Services
EEX,Emerald Holding Inc. Common Stock,$4.84,0.17,3.64%,957880688.00,United States,2017,9330,Real Estate,Real Estate
EFC,Ellington Financial Inc. Common Stock ,$13.24,-0.01,-0.075%,1650353065.00,United States,2010,1120256,Finance,Real Estate
EFC^B,Ellington Financial Inc. 6.250% Series B Fixed-Rate Reset Cumulative Redeemable Preferred Stock,$24.47,0.00,0.00%,,United States,,9190,,
EFC^C,Ellington Financial Inc. 8.625% Series C Fixed-Rate Reset Cumulative Redeemable Preferred Stock,$25.5499,0.2499,0.988%,,United States,,990,,
EFC^D,Ellington Financial Inc. 7.00% Series D Cumulative Perpetual Redeemable Preferred Stock,$23.05,0.05,0.217%,,United States,,1006,,
EFOI,Energy Focus Inc. Common Stock,$3.89,0.31,8.659%,24520354.00,United States,,87841,Consumer Discretionary,Building Products
EFOR,Everforth Inc. Common Stock,$21.18,0.08,0.379%,871657139.00,United States,,2455969,Consumer Discretionary,Professional Services
EFR,Eaton Vance Senior Floating-Rate Fund Common Shares of Beneficial Interest,$10.62,0.03,0.283%,0.00,United States,2003,95047,Finance,Trusts Except Educational Religious and Charitable
EFSC,Enterprise Financial Services Corporation Common Stock,$58.89,1.07,1.851%,2169569552.00,United States,,200596,Finance,Major Banks
EFSCP,Enterprise Financial Services Corporation Depositary Shares Each Representing a 1/40th Interest in a Share of 5% Fixed Rate Non-Cumulative Perpetual Preferred Stock Series A,$19.85,-0.28,-1.391%,731294882.00,United States,,8204,Finance,Major Banks
EFSI,Eagle Financial Services Inc Common Stock,$37.96,0.28,0.743%,205453793.00,United States,,11721,Finance,Major Banks
EFT,Eaton Vance Floating Rate Income Trust Common Shares of Beneficial Interest,$10.96,0.00,0.00%,318830948.00,United States,2004,158733,Finance,Finance Companies
EFX,Equifax Inc. Common Stock,$173.85,-0.09,-0.052%,20700738305.00,United States,,1096946,Finance,Finance: Consumer Services
EFXT,Enerflex Ltd Common Shares,$27.16,0.34,1.268%,3314163094.00,Canada,2022,387523,Industrials,Industrial Machinery/Components
EG,Everest Group Ltd. Common Stock,$353.57,-3.19,-0.894%,17586612461.00,Bermuda,,407664,Finance,Property-Casualty Insurers
EGAN,eGain Corporation Common Stock,$7.73,0.17,2.249%,211694630.00,United States,1999,220272,Technology,Computer Software: Prepackaged Software
EGBN,Eagle Bancorp Inc. Common Stock,$26.13,0.28,1.083%,793396870.00,United States,,172922,Finance,Major Banks
EGG,Enigmatig Limited Class A Ordinary Shares,$7.16,-0.24,-3.243%,199371632.00,,2025,131398,Consumer Discretionary,Professional Services
EGP,EastGroup Properties Inc. Common Stock,$200.18,-1.02,-0.507%,10760721741.00,United States,,304163,Real Estate,Real Estate Investment Trusts
EGY,VAALCO Energy Inc.  Common Stock,$6.48,-0.09,-1.37%,693438758.00,United States,,875391,Energy,Oil & Gas Production
EH,EHang Holdings Limited ADS,$10.15,0.39,3.996%,730646309.00,China,2019,449599,Industrials,Aerospace
EHAB,Enhabit Inc. Common Stock,$13.75,0.01,0.073%,697444619.00,United States,2022,1032040,Health Care,Medical/Nursing Services
EHC,Encompass Health Corporation Common Stock,$107.48,7.48,7.48%,10685249092.00,United States,,1738061,Health Care,Hospital/Nursing Management
EHGO,Eshallgo Inc. Class A Ordinary Shares,$2.165,-0.035,-1.591%,4378894.00,China,2024,11042,Consumer Discretionary,Diversified Commercial Services
EHI,Western Asset Global High Income Fund Inc Common Stock,$6.12,0.01,0.164%,0.00,United States,2003,98947,Finance,Investment Managers
EHLD,Euroholdings Ltd. Common Stock ,$8.201,0.001,0.012%,23099060.00,Greece,,988,Consumer Discretionary,Marine Transportation
EHTH,eHealth Inc. Common Stock,$2.04,-0.02,-0.971%,64327165.00,United States,2006,257500,Finance,Specialty Insurers
EIC,Eagle Point Income Company Inc. Common Stock,$10.27,0.12,1.182%,91486269.00,United States,2019,284917,Finance,Finance/Investors Services
EICA,Eagle Point Income Company Inc. 5.00% Series A Term Preferred Stock due 2026,$24.93,-0.015,-0.06%,222079132.00,United States,2021,677,Finance,Finance/Investors Services
EIG,Employers Holdings Inc Common Stock,$41.92,-0.20,-0.475%,816685314.00,United States,2007,223776,Finance,Property-Casualty Insurers
EIIA,Eagle Point Institutional Income Fund 8.125% Series A Term Preferred Shares Due 2029,$25.25,-0.0099,-0.039%,0.00,,2024,3359,,
EIKN,Eikon Therapeutics Inc. Common Stock,$9.68,0.065,0.676%,524061212.00,United States,2026,158836,Health Care,Biotechnology: Biological Products (No Diagnostic Substances)
EIM,Eaton Vance Municipal Bond Fund Common Shares of Beneficial Interest $.01 par value,$9.86,-0.06,-0.605%,0.00,United States,2002,96115,Finance,Finance/Investors Services
EIX,Edison International Common Stock,$69.88,0.39,0.561%,26889400597.00,United States,,4180013,Utilities,Electric Utilities: Central
EJH,E-Home Household Service Holdings Limited Ordinary Shares,$1.62,0.04,2.532%,5184249.00,China,2021,95828,Consumer Discretionary,Other Consumer Services
EKSO,Ekso Bionics Holdings Inc. Common Stock,$11.79,-0.22,-1.832%,42012262.00,United States,,47680,Industrials,Industrial Machinery/Components
EL,Estee Lauder Companies Inc. (The) Common Stock,$79.30,2.59,3.376%,28684954510.00,United States,1995,7020657,Consumer Discretionary,Package Goods/Cosmetics
ELA,Envela Corporation Common Stock,$17.80,0.19,1.079%,462149873.00,United States,,62518,Consumer Discretionary,Consumer Specialties
ELAB,PMGC Holdings Inc. Common Stock,$2.51,0.05,2.033%,10512081.00,United States,2023,377165,Health Care,Biotechnology: Pharmaceutical Preparations
ELAN,Elanco Animal Health Incorporated Common Stock,$22.51,0.14,0.626%,11241031172.00,United States,2018,4142977,Health Care,Biotechnology: Pharmaceutical Preparations
ELBM,Electra Battery Materials Corporation Common Stock,$0.587,-0.0175,-2.895%,60894400.00,Canada,,265223,Miscellaneous,Industrial Machinery/Components
ELC,Entergy Louisiana Inc. Collateral Trust Mortgage Bonds 4.875 % Series due September 1 2066,$20.53,0.06,0.293%,4377766943.00,United States,2016,14514,Utilities,Electric Utilities: Central
ELDN,Eledon Pharmaceuticals Inc. Common Stock,$3.69,0.05,1.374%,279892854.00,United States,2014,1219059,Health Care,Biotechnology: Pharmaceutical Preparations
ELE,Elemental Royalty Corporation Common Stock,$16.84,-0.20,-1.174%,1081551694.00,Canada,,150765,Basic Materials,Precious Metals
ELF,e.l.f. Beauty Inc. Common Stock,$60.49,-3.48,-5.44%,3572069937.00,United States,2016,4065265,Consumer Discretionary,Package Goods/Cosmetics
ELLA,Ellington Credit Company 8.50% Notes due 2031,$25.54,0.06,0.235%,0.00,United States,2026,13601,Real Estate,Real Estate Investment Trusts
ELLO,Ellomay Capital Ltd Ordinary Shares (Israel),$26.10,0.47,1.834%,335452469.00,Israel,,8030,Utilities,Electric Utilities: Central
ELMD,Electromed Inc. Common Stock,$25.60,-0.11,-0.428%,211848013.00,United States,2011,36791,Health Care,Biotechnology: Electromedical & Electrotherapeutic Apparatus
ELME,Elme Communities Common Stock,$2.15,-0.02,-0.922%,191044448.00,United States,2000,1034825,Real Estate,Real Estate Investment Trusts
ELMT,The Elmet Group Co. Common Stock,$15.65,-0.70,-4.281%,455765153.00,United States,2026,429134,Industrials,Metal Fabrications
ELOG,Eastern International Ltd. Ordinary Shares,$0.875,-0.098,-10.072%,10514875.00,China,2025,5173,Industrials,Integrated Freight & Logistics
ELPC,Companhia Paranaense de Energia (COPEL) American Depositary Shares (each representing four (4) Common Shares),$12.64,-0.23,-1.787%,9425681471.00,Brazil,2023,107239,Utilities,Electric Utilities: Central
ELPW,Elong Power Holding Limited Class A Ordinary Shares,$4.42,0.45,11.335%,6308684.00,China,,432873,Miscellaneous,Industrial Machinery/Components
ELS,Equity Lifestyle Properties Inc. Common Stock,$62.82,-0.47,-0.743%,12183157079.00,United States,,1156100,Real Estate,Real Estate Investment Trusts
ELSE,Electro-Sensors Inc. Common Stock,$7.63,0.00,0.00%,26952387.00,United States,,6307,Industrials,Industrial Machinery/Components
ELTK,Eltek Ltd. Ordinary Shares,$8.83,0.029,0.33%,59336072.00,Israel,1997,2044,Technology,Electrical Products
ELTX,Elicio Therapeutics Inc. Common Stock,$10.75,0.13,1.224%,197757796.00,United States,2021,92778,Health Care,Biotechnology: Pharmaceutical Preparations
ELUT,Elutia Inc. Class A Common Stock,$1.01,-0.01,-0.98%,44650318.00,United States,2020,50688,Health Care,Biotechnology: Biological Products (No Diagnostic Substances)
ELV,Elevance Health Inc. Common Stock,$372.68,-3.74,-0.994%,80932075778.00,United States,,763189,Health Care,Medical Specialities
ELVA,Electrovaya Inc. Common Shares,$9.50,0.24,2.592%,456007724.00,Canada,,208355,,
ELVN,Enliven Therapeutics Inc. Common Stock,$41.70,0.47,1.14%,2539098614.00,United States,2020,542231,Health Care,Biotechnology: Pharmaceutical Preparations
ELVR,Elevra Lithium Limited American Depository Shares,$96.56,-1.44,-1.469%,1635502091.00,Australia,,68086,Industrials,Mining & Quarrying of Nonmetallic Minerals (No Fuels)
ELWT,Elauwit Connection Inc. Common Stock,$7.04,0.125,1.808%,46603364.00,United States,2025,11537,Consumer Discretionary,Telecommunications Equipment
EMA,Emera Incorporated Common Shares,$52.99,-0.43,-0.805%,16203447052.00,Canada,2025,861048,Utilities,Electric Utilities: Central
EMAT,Evolution Metals & Technologies Corp. Common Stock,$9.70,0.13,1.358%,0.00,United States,,203517,,
EMBC,Embecta Corp. Common Stock,$9.23,0.08,0.874%,546599252.00,United States,,746078,Health Care,Medical/Dental Instruments
EMBJ,Embraer S.A. Common Stock,$62.61,-0.09,-0.144%,11313097006.00,Brazil,,980349,Industrials,Aerospace
EMD,Western Asset Emerging Markets Debt Fund Inc Common Stock,$10.94,0.00,0.00%,0.00,United States,,169686,Finance,Finance/Investors Services
EME,EMCOR Group Inc. Common Stock,$903.50,11.83,1.327%,40151791173.00,United States,,327062,Industrials,Engineering & Construction
EMF,Templeton Emerging Markets Fund Common Stock,$20.70,0.08,0.388%,0.00,United States,1987,24488,Finance,Finance/Investors Services
EML,Eastern Company (The) Common Stock,$22.07,0.21,0.961%,133223127.00,United States,,17238,Consumer Discretionary,Industrial Machinery/Components
EMN,Eastman Chemical Company Common Stock,$77.53,4.44,6.075%,8845964754.00,United States,,2628138,Industrials,Major Chemicals
EMO,ClearBridge Energy Midstream Opportunity Fund Inc. Common Stock,$51.50,-0.26,-0.502%,0.00,United States,2011,34248,Finance,Investment Managers
EMP,Entergy Mississippi LLC First Mortgage Bonds 4.90% Series Due October 1 2066,$21.05,0.05,0.238%,9535436069.00,United States,2016,14146,Utilities,Electric Utilities: Central
EMPD,Empery Digital Inc. Common stock,$4.89,0.19,4.043%,0.00,United States,2021,211185,,
EMR,Emerson Electric Company Common Stock,$137.45,-2.99,-2.129%,77246900000.00,United States,,2759838,Technology,Consumer Electronics/Appliances
ENB,Enbridge Inc Common Stock,$54.83,-0.59,-1.065%,119657528608.00,Canada,,3024654,Energy,Natural Gas Distribution
ENGN,enGene Therapeutics Inc. Common Stock,$7.25,-0.02,-0.275%,485673629.00,Canada,,236035,Health Care,Biotechnology: Biological Products (No Diagnostic Substances)
ENGNW,enGene Therapeutics Inc. Warrants,$1.9201,-0.0799,-3.995%,128626474.00,Canada,,1162,Health Care,Biotechnology: Biological Products (No Diagnostic Substances)
ENGS,Energys Group Limited Ordinary Shares,$1.21,0.03,2.542%,37816633.00,United Kingdom,2025,159090,Industrials,Engineering & Construction
ENIC,Enel Chile S.A. American Depositary Shares (Each representing 50 shares of Common Stock),$4.47,-0.06,-1.325%,6183490214.00,Chile,2016,231472,Utilities,Electric Utilities: Central
ENJ,Entergy New Orleans LLC First Mortgage Bonds 5.0% Series due December 1 2052,$20.20,-0.23,-1.126%,9150394707.00,United States,,400,Utilities,Power Generation
ENLT,Enlight Renewable Energy Ltd. Ordinary Shares,$91.35,0.71,0.783%,12738214881.00,Israel,2023,120292,Utilities,Electric Utilities: Central
ENLV,Enlivex Ltd. Ordinary Shares,$0.816,-0.0038,-0.464%,196695759.00,Israel,2014,283763,Health Care,Biotechnology: Pharmaceutical Preparations
ENO,Entergy New Orleans LLC First Mortgage Bonds 5.50% Series due April 1 2066,$22.09,-0.09,-0.406%,4723523388.00,United States,2016,1820,Utilities,Power Generation
ENOV,Enovis Corporation Common Stock,$23.62,0.18,0.768%,1353440857.00,United States,,670995,Health Care,Industrial Specialties
ENPH,Enphase Energy Inc. Common Stock,$33.85,0.89,2.70%,4461369747.00,United States,2012,5861614,Technology,Semiconductors
ENR,Energizer Holdings Inc. Common Stock,$19.68,0.10,0.511%,1347465216.00,United States,2015,942005,Miscellaneous,Industrial Machinery/Components
ENS,EnerSys Common Stock,$212.39,-0.87,-0.408%,7826863324.00,United States,2004,211769,Technology,Industrial Machinery/Components
ENSC,Ensysce Biosciences Inc. Common Stock,$0.389,0.0174,4.682%,3609072.00,United States,,371637,Health Care,Biotechnology: Pharmaceutical Preparations
ENSG,The Ensign Group Inc. Common Stock,$183.72,-2.97,-1.591%,10731814752.00,United States,2007,838221,Health Care,Hospital/Nursing Management
ENTA,Enanta Pharmaceuticals Inc. Common Stock,$14.35,0.46,3.312%,416427586.00,United States,2013,161454,Health Care,Biotechnology: Pharmaceutical Preparations
ENTG,Entegris Inc. Common Stock,$142.29,0.91,0.644%,21663496408.00,United States,2000,4200123,Industrials,Plastic Products
ENTX,Entera Bio Ltd. Ordinary Shares,$1.10,-0.09,-7.563%,51284463.00,Israel,2018,281822,Health Care,Biotechnology: Biological Products (No Diagnostic Substances)
ENVA,Enova International Inc. Common Stock,$170.93,1.52,0.897%,4253575273.00,United States,2014,181149,Finance,Finance: Consumer Services
ENVB,Enveric Biosciences Inc. Common Stock,$3.99,0.04,1.013%,7922285.00,United States,,604683,Health Care,Biotechnology: Pharmaceutical Preparations
ENVX,Enovix Corporation Common Stock,$6.77,0.10,1.499%,1472558846.00,United States,2021,2861777,Miscellaneous,Industrial Machinery/Components
EOD,Allspring Global Dividend Opportunity Fund Common Shares of Beneficial Interest,$6.39,0.02,0.314%,0.00,United States,2007,82807,Finance,Investment Managers
EOG,EOG Resources Inc. Common Stock,$138.95,-1.62,-1.152%,74437712355.00,United States,,2616561,Energy,Oil & Gas Production
EOI,Eaton Vance Enhance Equity Income Fund Eaton Vance Enhanced Equity Income Fund Shares of Beneficial Interest,$19.93,0.05,0.252%,0.00,United States,2004,125945,Finance,Finance/Investors Services
EOLS,Evolus Inc. Common Stock,$5.33,-0.06,-1.113%,351005823.00,United States,2018,447281,Health Care,Biotechnology: Pharmaceutical Preparations
EONR,EON Resources Inc. Class A Common Stock,$0.783,0.007,0.902%,39125213.00,,2022,2007152,Energy,Oil & Gas Production
EOS,Eaton Vance Enhance Equity Income Fund II Common Stock,$22.49,0.00,0.00%,0.00,,2005,140280,Finance,Trusts Except Educational Religious and Charitable
EOSE,Eos Energy Enterprises Inc. Class A Common Stock,$6.45,-0.25,-3.731%,2189510705.00,United States,,14099749,Miscellaneous,Industrial Machinery/Components
EOT,Eaton Vance Municipal Income Trust EATON VANCE NATIONAL MUNICIPAL OPPORTUNITIES TRUST,$17.08,0.01,0.059%,266873651.00,United States,2009,18336,Finance,Investment Bankers/Brokers/Service
EP,Empire Petroleum Corporation Common Stock,$2.80,0.00,0.00%,99200662.00,United States,2022,52460,Energy,Oil & Gas Production
EP^C,El Paso Corporation Preferred Stock,$50.73,0.00,0.00%,,United States,,863,,
EPAC,Enerpac Tool Group Corp. Common Stock,$34.94,-0.16,-0.456%,1800918325.00,United States,,319509,Technology,Industrial Machinery/Components
EPAM,EPAM Systems Inc. Common Stock,$112.33,-1.45,-1.274%,5891069567.00,United States,2012,1133098,Technology,EDP Services
EPC,Edgewell Personal Care Company Common Stock,$22.56,0.01,0.044%,1053926609.00,United States,,587781,Consumer Discretionary,Package Goods/Cosmetics
EPD,Enterprise Products Partners L.P. Common Stock,$38.03,-0.67,-1.731%,82211758774.00,United States,,3168857,Utilities,Natural Gas Distribution
EPM,Evolution Petroleum Corporation Inc. Common Stock,$4.84,0.04,0.833%,169418605.00,United States,,328444,Energy,Oil & Gas Production
EPOW,E-Power Inc. Class A Ordinary Shares,$0.7619,-0.0002,-0.026%,20561357.00,China,2021,15049,Real Estate,Real Estate
EPR,EPR Properties Common Stock,$55.28,-0.53,-0.95%,4229116797.00,United States,1997,626149,Real Estate,Real Estate Investment Trusts
EPR^C,EPR Properties 5.75% Series C Cumulative Convertible Preferred Shares,$24.83,-0.08,-0.321%,,United States,,1365,,
EPR^E,EPR Properties Series E Cumulative Conv Pfd Shs Ser E,$32.41,0.25,0.777%,,United States,,1025,,
EPR^G,EPR Properties 5.750% Series G Cumulative Redeemable Preferred Shares,$19.76,-0.01,-0.051%,,United States,,70100,,
EPRT,Essential Properties Realty Trust Inc. Common Stock,$31.26,-0.17,-0.541%,6759848553.00,United States,2018,1833473,Real Estate,Real Estate Investment Trusts
EPRX,Eupraxia Pharmaceuticals Inc. Common Stock,$7.89,0.09,1.154%,485260090.00,Canada,,266139,Health Care,Pharmaceuticals and Biotechnology
EPSM,Epsium Enterprise Limited Class A Ordinary Shares,$1.42,0.00,0.00%,19082008.00,Macau,2025,6918,Consumer Staples,Beverages (Production/Distribution)
EPSN,Epsilon Energy Ltd. Common Share,$6.31,-0.05,-0.786%,190868773.00,United States,,162903,Energy,Oil & Gas Production
EQ,Equillium Inc. Common Stock,$2.08,0.04,1.961%,131511236.00,United States,2018,145934,Health Care,Biotechnology: Pharmaceutical Preparations
EQBK,Equity Bancshares Inc. Class A Common Stock,$45.94,0.60,1.323%,964378866.00,United States,,55053,Finance,Major Banks
EQH,Equitable Holdings Inc. Common Stock,$42.17,-0.03,-0.071%,11822268455.00,United States,2018,3680835,Finance,Specialty Insurers
EQH^A,Equitable Holdings Inc. Depositary Shares,$19.80,0.03,0.152%,,United States,,39290,,
EQH^C,Equitable Holdings Inc. Depositary Shares each representing a 1/1000th interest in a share of Fixed Rate Noncumulative Perpetual Preferred Stock Series C,$16.32,0.00,0.00%,,United States,,64350,,
EQIX,Equinix Inc. Common Stock REIT,$1085.03,2.20,0.203%,107010267807.00,United States,2000,658253,Real Estate,Real Estate Investment Trusts
EQNR,Equinor ASA,$39.71,-1.04,-2.552%,99285762601.00,Norway,,3468996,Energy,Integrated oil Companies
EQPT,EquipmentShare.com Inc Class A Common Stock,$20.13,-0.865,-4.12%,5078597640.00,United States,2026,1496826,Consumer Discretionary,Diversified Commercial Services
EQR,Equity Residential Common Shares of Beneficial Interest,$65.17,-0.21,-0.321%,24417551437.00,United States,,2334018,Real Estate,Real Estate Investment Trusts
EQS,Equus Total Return Inc. Common Stock,$1.15,-0.02,-1.709%,16061700.00,United States,,5965,Finance,Finance/Investors Services
EQT,EQT Corporation Common Stock,$58.66,-1.42,-2.364%,36690539480.00,United States,,7400416,Energy,Oil & Gas Production
EQX,Equinox Gold Corp. Common Shares,$13.98,0.02,0.143%,11032194130.00,Canada,,8008036,Basic Materials,Precious Metals
ERAS,Erasca Inc. Common Stock,$10.03,-0.62,-5.822%,3118988689.00,United States,2021,9783345,Health Care,Biotechnology: Pharmaceutical Preparations
ERC,Allspring Multi-Sector Income Fund Common Stock,$9.23,0.06,0.654%,0.00,United States,2003,212752,Finance,Finance/Investors Services
ERH,Allspring Utilities and High Income Fund Common Shares,$12.73,0.14,1.112%,0.00,,2004,31174,Finance,Finance/Investors Services
ERIC,Ericsson American Depositary Shares,$11.76,-0.05,-0.423%,39647096404.00,Sweden,,5912146,Technology,Radio And Television Broadcasting And Communications Equipment
ERIE,Erie Indemnity Company Class A Common Stock,$214.96,-3.97,-1.813%,9929348486.00,United States,,254758,Finance,Specialty Insurers
ERII,Energy Recovery Inc. Common Stock,$11.04,-0.03,-0.271%,574100523.00,United States,2008,858672,Technology,Industrial Machinery/Components
ERNA,Ernexa Therapeutics Inc. Common Stock,$0.1525,0.0049,3.32%,4446051.00,United States,,466815,Health Care,Biotechnology: Pharmaceutical Preparations
ERNAW,Ernexa Therapeutics Inc. Warrants,$0.0301,-0.0059,-16.389%,877548.00,United States,,924,,
ERO,Ero Copper Corp. Common Shares,$25.21,-0.64,-2.476%,2628809708.00,Canada,2021,873886,Basic Materials,Metal Mining
ES,Eversource Energy (D/B/A) Common Stock,$71.07,0.37,0.523%,26711328669.00,United States,,2149858,Utilities,Electric Utilities: Central
ESAB,ESAB Corporation Common Stock,$97.94,-0.33,-0.336%,5962736265.00,United States,2022,423350,Industrials,Industrial Machinery/Components
ESCA,Escalade Incorporated Common Stock,$18.21,-0.49,-2.62%,249409823.00,United States,,18447,Consumer Discretionary,Recreational Games/Products/Toys
ESE,ESCO Technologies Inc. Common Stock,$326.96,3.01,0.929%,8466878344.00,United States,,187588,Telecommunications,Telecommunications Equipment
ESEA,Euroseas Ltd. Common Stock (Marshall Islands),$70.57,0.56,0.80%,497933522.00,Greece,,70499,Consumer Discretionary,Marine Transportation
ESI,Element Solutions Inc. Common Stock,$43.01,0.42,0.986%,10477545586.00,United States,2014,2670384,Industrials,Major Chemicals
ESLA,Estrella Immunopharma Inc. Common Stock,$1.63,-0.01,-0.61%,69544322.00,United States,2021,121844,Health Care,Biotechnology: Biological Products (No Diagnostic Substances)
ESLAW,Estrella Immunopharma Inc. Warrant,$0.1257,-0.0025,-1.95%,5363019.00,United States,2021,2503,Health Care,Biotechnology: Biological Products (No Diagnostic Substances)
ESLT,Elbit Systems Ltd. Ordinary Shares,$831.22,-8.12,-0.967%,38659155288.00,Israel,,62746,Industrials,Military/Government/Technical
ESNT,Essent Group Ltd. Common Shares,$60.03,-0.49,-0.81%,5643397429.00,Bermuda,2013,790673,Finance,Property-Casualty Insurers
ESOA,Energy Services of America Corporation Common Stock,$16.84,-0.16,-0.941%,280538217.00,United States,,115384,Industrials,Water Sewer Pipeline Comm & Power Line Construction
ESP,Espey Mfg. & Electronics Corp. Common Stock,$71.00,0.11,0.155%,210077853.00,United States,1960,17573,Technology,Industrial Machinery/Components
ESPR,Esperion Therapeutics Inc. Common Stock,$3.11,1.11,55.50%,800529164.00,United States,2013,182154141,Health Care,Biotechnology: Pharmaceutical Preparations
ESQ,Esquire Financial Holdings Inc. Common Stock,$107.01,1.89,1.798%,924224931.00,United States,2017,95911,Finance,Commercial Banks
ESRT,Empire State Realty Trust Inc. Class A Common Stock,$5.62,0.05,0.898%,962368204.00,United States,2013,2056961,Real Estate,Real Estate Investment Trusts
ESS,Essex Property Trust Inc. Common Stock,$263.35,0.14,0.053%,16923625761.00,United States,1994,409036,Real Estate,Real Estate Investment Trusts
ESTA,Establishment Labs Holdings Inc. Common Shares,$70.23,1.60,2.331%,2063709323.00,Costa Rica,2018,515969,Health Care,Industrial Specialties
ESTC,Elastic N.V. Ordinary Shares,$48.61,2.18,4.695%,5031183999.00,United States,2018,1543507,Technology,Computer Software: Prepackaged Software
ET,Energy Transfer LP Common Units ,$19.94,-0.25,-1.238%,68599872626.00,United States,,15313180,Utilities,Natural Gas Distribution
ET^I,Energy Transfer L.P. Series I Fixed Rate Perpetual Preferred Units,$12.10,0.05,0.415%,,United States,,47072,,
ETB,Eaton Vance Tax-Managed Buy-Write Income Fund Eaton Vance Tax-Managed Buy-Write Income Fund Common Shares of Beneficial Interest,$15.45,-0.07,-0.451%,453788099.00,United States,2005,88395,Finance,Investment Bankers/Brokers/Service
ETD,Ethan Allen Interiors Inc. Common Stock,$20.82,-0.52,-2.437%,529792778.00,United States,,613250,Consumer Discretionary,Home Furnishings
ETG,Eaton Vance Tax-Advantaged Global Dividend Income Fund Common Shares of Beneficial Interest,$22.61,-0.04,-0.177%,0.00,United States,2004,159535,Finance,Investment Managers
ETI^,Entergy Texas Inc 5.375% Series A Preferred Stock Cumulative No Par Value,$24.095,0.015,0.062%,,United States,,2014,,
ETJ,Eaton Vance Risk-Managed Diversified Equity Income Fund Common Shares of Beneficial Interest,$8.53,0.01,0.117%,0.00,United States,2007,151543,Finance,Finance Companies
ETN,Eaton Corporation PLC Ordinary Shares,$425.55,-7.46,-1.723%,165107161437.00,Ireland,,2475802,Technology,Industrial Machinery/Components
ETO,Eaton Vance Tax-Advantage Global Dividend Opp Common Stock,$29.97,0.13,0.436%,491152496.00,United States,2004,30828,Finance,Investment Managers
ETON,Eton Pharmaceuticals Inc. Common Stock,$28.90,4.78,19.818%,790697960.00,United States,2018,966377,Health Care,Biotechnology: Pharmaceutical Preparations
ETOR,eToro Group Ltd. Class A Common Shares,$36.91,1.33,3.738%,2972965151.00,Israel,2025,739723,Finance,Investment Bankers/Brokers/Service
ETR,Entergy Corporation Common Stock,$116.43,-1.48,-1.255%,53301494840.00,United States,,2737844,Utilities,Electric Utilities: Central
ETS,Elite Express Holding Inc. Class A Common Stock,$0.5677,-0.0023,-0.404%,9490055.00,United States,2025,31502,Industrials,Trucking Freight/Courier Services
ETSY,Etsy Inc. Common Stock,$63.17,-1.17,-1.818%,5994594912.00,United States,2025,3155712,Real Estate,Real Estate
ETV,Eaton Vance Corporation Eaton Vance Tax-Managed Buy-Write Opportunities Fund Common Shares of Beneficial Interest,$14.62,0.01,0.068%,1597503262.00,United States,2005,148821,Finance,Investment Bankers/Brokers/Service
ETW,Eaton Vance Corporation Eaton Vance Tax-Managed Global Buy-Write Opportunites Fund Common Shares of Beneficial Interest,$9.45,0.03,0.318%,1035699078.00,United States,2005,240997,Finance,Investment Managers
ETX           ,Eaton Vance Municipal Income 2028 Term Trust Common Shares of Beneficial Interest,$18.75,0.10,0.536%,204092925.00,,2013,3831,Finance,Investment Managers
ETY,Eaton Vance Tax-Managed Diversified Equity Income Fund Common Shares of Beneficial Interest,$15.00,-0.09,-0.596%,0.00,United States,2006,333684,Finance,Finance Companies
EU,enCore Energy Corp. Common Shares,$1.87,-0.09,-4.592%,350156629.00,United States,,2668872,Basic Materials,Other Metals and Minerals
EUDA,EUDA Health Holdings Limited Ordinary Shares,$15.28,0.75,5.162%,38113286.00,Singapore,2021,121524,Health Care,Medical/Nursing Services
EUDAW,EUDA Health Holdings Limited Warrant,$0.0332,0.0024,7.792%,82812.00,Singapore,2021,79033,Health Care,Medical/Nursing Services
EURKR,Eureka Acquisition Corp Right,$0.25,0.0099,4.123%,0.00,United States,2024,12791,,
EVAC,EQV Ventures Acquisition Corp. II Class A Ordinary Shares,$10.135,-0.005,-0.049%,0.00,,2025,372577,Industrials,Fluid Controls
EVAX,Evaxion A/S American Depositary Share,$4.495,0.085,1.927%,37489266.00,Denmark,2021,30050,Health Care,Biotechnology: Biological Products (No Diagnostic Substances)
EVC,Entravision Communications Corporation Common Stock,$3.83,0.06,1.592%,352510059.00,United States,2000,258879,Industrials,Broadcasting
EVCM,EverCommerce Inc. Common Stock,$12.11,0.56,4.848%,2143715421.00,United States,2021,186879,Technology,Computer Software: Prepackaged Software
EVER,EverQuote Inc. Class A Common Stock,$14.49,0.07,0.485%,512558798.00,United States,2018,1943454,Technology,Computer Software: Programming Data Processing
EVEX,Eve Holding Inc. Common Stock,$2.90,0.02,0.694%,1010083294.00,United States,2022,856754,Industrials,Aerospace
EVF,Eaton Vance Senior Income Trust Common Stock,$4.98,0.00,0.00%,87343513.00,United States,1998,86661,Finance,Investment Bankers/Brokers/Service
EVG,Eaton Vance Short Diversified Income Fund Eaton Vance Short Duration Diversified Income Fund Common Shares of Beneficial Interest,$10.74,-0.01,-0.093%,0.00,United States,2005,27053,Finance,Investment Managers
EVGN,Evogene Ltd Ordinary Shares,$0.766,-0.014,-1.795%,7578623.00,Israel,,64130,Industrials,Agricultural Chemicals
EVGO,EVgo Inc. Class A Common Stock,$2.17,0.07,3.333%,680468596.00,United States,,2390189,Technology,EDP Services
EVGOW,EVgo Inc. Warrants,$0.0123,0.0005,4.237%,3857034.00,United States,,35145,Technology,EDP Services
EVH,Evolent Health Inc Class A Common Stock,$3.75,0.00,0.00%,427568528.00,United States,2015,1510368,Consumer Discretionary,Other Consumer Services
EVI,EVI Industries Inc.  Common Stock,$18.25,-0.32,-1.723%,234734219.00,United States,1999,11744,Consumer Discretionary,Other Consumer Services
EVLV,Evolv Technologies Holdings Inc. Class A Common Stock,$7.29,0.09,1.25%,1307466887.00,United States,2020,2415844,Technology,Computer peripheral equipment
EVLVW,Evolv Technologies Holdings Inc. Warrant,$0.1497,0.0047,3.241%,26848806.00,United States,2020,13249,Technology,Computer peripheral equipment
EVMN,Evommune Inc. Common Stock,$24.50,0.70,2.941%,882450114.00,United States,2025,333505,Health Care,Biotechnology: Pharmaceutical Preparations
EVN,Eaton Vance Municipal Income Trust Common Stock,$10.39,-0.08,-0.764%,412141824.00,United States,1999,108241,Finance,Investment Managers
EVO,Evotec SE American Depositary Shares,$3.09,-0.02,-0.643%,274061435.00,Germany,2021,12970,Health Care,Biotechnology: Pharmaceutical Preparations
EVOX,Evolution Global Acquisition Corp Class A Ordinary Shares,$10.00,0.00,0.00%,0.00,United States,2025,91340,Finance,Blank Checks
EVOXU,Evolution Global Acquisition Corp Units,$10.19,0.0199,0.196%,0.00,United States,2025,1600,Finance,Blank Checks
EVOXW,Evolution Global Acquisition Corp Warrants,$0.3899,0.00,0.00%,0.00,United States,2025,230,Finance,Blank Checks
EVR,Evercore Inc. Class A Common Stock,$316.79,-4.50,-1.401%,12253428013.00,United States,2006,643103,Finance,Investment Managers
EVRG,Evergy Inc. Common Stock,$82.61,-0.23,-0.278%,19023773549.00,United States,,1544443,Utilities,Power Generation
EVT,Eaton Vance Tax Advantaged Dividend Income Fund Common Shares of Beneficial Interest,$26.22,-0.03,-0.114%,0.00,United States,2003,101380,Finance,Finance Companies
EVTC,Evertec Inc. Common Stock,$29.20,-0.33,-1.118%,1799314045.00,Puerto Rico,2013,215118,Technology,EDP Services
EVTL,Vertical Aerospace Ltd. Ordinary Shares,$2.43,0.09,3.846%,309407050.00,,2021,1872585,Industrials,Aerospace
EVTV,Envirotech Vehicles Inc. Common Stock,$1.78,-0.03,-1.657%,23016680.00,United States,,80730,Consumer Discretionary,Auto Parts:O.E.M.
EVV,Eaton Vance Limited Duration Income Fund Common Shares of Beneficial Interest,$9.48,0.03,0.317%,0.00,United States,2003,298177,Finance,Finance/Investors Services
EW,Edwards Lifesciences Corporation Common Stock,$83.98,0.48,0.575%,48417971378.00,United States,,6581074,Health Care,Industrial Specialties
EWBC,East West Bancorp Inc. Common Stock,$125.82,-0.65,-0.514%,17234664060.00,United States,,914662,Finance,Major Banks
EWCZ,European Wax Center Inc. Class A Common Stock,$5.81,0.01,0.172%,316860412.00,United States,2021,455046,Consumer Discretionary,Other Consumer Services
EWTX,Edgewise Therapeutics Inc. Common Stock,$30.61,-0.35,-1.13%,3290009388.00,United States,2021,609626,Health Care,Biotechnology: Pharmaceutical Preparations
EXC,Exelon Corporation Common Stock,$46.50,0.51,1.109%,47577641732.00,United States,,7145874,Utilities,Power Generation
EXE,Expand Energy Corporation Common Stock,$100.12,-2.03,-1.987%,23951592362.00,United States,,2686299,Energy,Oil & Gas Production
EXEL,Exelixis Inc. Common Stock,$43.68,-0.78,-1.754%,11095077040.00,United States,2000,3955342,Health Care,Biotechnology: Biological Products (No Diagnostic Substances)
EXFY,Expensify Inc. Class A Common Stock,$1.12,0.10,9.804%,113145048.00,United States,2021,441491,Technology,Computer Software: Prepackaged Software
EXG,Eaton Vance Tax-Managed Global Diversified Equity Income Fund Common Shares of Beneficial Interest,$9.44,0.04,0.426%,0.00,United States,2007,445610,Finance,Finance Companies
EXK,Endeavour Silver Corporation Ordinary Shares (Canada),$9.20,-0.03,-0.325%,2717777658.00,Canada,,5027093,Basic Materials,Precious Metals
EXLS,ExlService Holdings Inc. Common Stock,$31.74,-0.14,-0.439%,4849330230.00,United States,2006,2514010,Real Estate,Real Estate
EXOD,Exodus Movement Inc. Class A Common Stock,$8.00,0.41,5.402%,238508976.00,United States,,44302,Finance,Finance: Consumer Services
EXOZ,eXoZymes Inc. Common Stock,$9.75,-0.23,-2.305%,82572653.00,United States,2024,10981,Health Care,Biotechnology: Biological Products (No Diagnostic Substances)
EXP,Eagle Materials Inc Common Stock,$210.82,0.71,0.338%,6626523333.00,United States,,319378,Industrials,Building Materials
EXPD,Expeditors International of Washington Inc. Common Stock,$147.23,-0.66,-0.446%,19579235351.00,United States,,706692,Industrials,Integrated Freight & Logistics
EXPE,Expedia Group Inc. Common Stock,$251.84,3.47,1.397%,30226359872.00,United States,,711447,Consumer Discretionary,Transportation Services
EXPI,eXp World Holdings Inc. Common Stock,$6.44,0.22,3.537%,1042591538.00,United States,,1097954,Finance,Real Estate
EXPO,Exponent Inc. Common Stock,$65.28,-1.61,-2.407%,3173567094.00,United States,,848648,Consumer Discretionary,Professional Services
EXR,Extra Space Storage Inc Common Stock,$142.02,-1.31,-0.914%,29994243386.00,United States,2004,1084089,Real Estate,Real Estate Investment Trusts
EXTR,Extreme Networks Inc. Common Stock,$22.29,0.20,0.905%,2992868047.00,United States,1999,3567586,Telecommunications,Computer Communications Equipment
EYE,National Vision Holdings Inc. Common Stock,$23.54,0.32,1.378%,1869951335.00,United States,2017,1070353,Health Care,Ophthalmic Goods
EYPT,EyePoint Inc. Common Stock,$13.34,0.14,1.061%,1117828008.00,United States,,905112,Industrials,Biotechnology: Laboratory Analytical Instruments
EZGO,EZGO Technologies Ltd. Ordinary Shares,$1.56,0.06,4.00%,32580202.00,China,2021,16810,Consumer Discretionary,Motor Vehicles
EZPW,EZCORP Inc. Class A Non Voting Common Stock,$32.36,-0.42,-1.281%,1996522169.00,United States,1991,497680,Consumer Discretionary,Other Specialty Stores
EZRA,Reliance Global Group Inc. Common Stock,$0.17,-0.0001,-0.059%,3613012.00,United States,,523253,Finance,Specialty Insurers
F,Ford Motor Company Common Stock,$11.88,-0.20,-1.656%,47651657261.00,United States,,52804265,Industrials,Auto Manufacturing
F^B,Ford Motor Company 6.20% Notes due June 1 2059,$21.18,0.04,0.189%,,United States,,29668,,
F^C,Ford Motor Company 6% Notes due December 1 2059,$20.68,0.00,0.00%,,United States,,28582,,
F^D,Ford Motor Company 6.500% Notes due August 15 2062,$22.09,0.03,0.136%,,United States,,48318,,
FA,First Advantage Corporation Common Stock,$12.97,0.21,1.646%,2236120632.00,United States,2021,750391,Technology,EDP Services
FABC,Fabric.AI Inc. Common Stock,$2.74,0.07,2.622%,3989372.00,United States,,598981,Consumer Discretionary,Telecommunications Equipment
FACT,FACT II Acquisition Corp. Class A Ordinary Shares,$10.56,-0.01,-0.095%,0.00,United States,2024,80929,,
FACTU,FACT II Acquisition Corp. Unit,$11.02,0.19,1.754%,0.00,United States,2024,652,Finance,Blank Checks
FACTW,FACT II Acquisition Corp. Warrant,$0.71,0.00,0.00%,0.00,United States,2024,3819,Finance,Blank Checks
FAF,First American Corporation (New) Common Stock,$68.52,-1.61,-2.296%,6982188000.00,United States,,947427,Finance,Specialty Insurers
FAMI,Farmmi Inc. Class A Ordinary Shares,$1.175,-0.015,-1.261%,16232869.00,China,2018,1927,Consumer Staples,Packaged Foods
FANG,Diamondback Energy Inc. Common Stock,$207.65,2.02,0.982%,58414380735.00,United States,2012,3206003,Energy,Oil & Gas Production
FARM,Farmer Brothers Company Common Stock,$1.29,0.01,0.781%,28028033.00,United States,,165820,Consumer Staples,Packaged Foods
FAST,Fastenal Company Common Stock,$44.91,-0.02,-0.045%,51558254590.00,United States,1987,5941683,Consumer Discretionary,RETAIL: Building Materials
FATE,Fate Therapeutics Inc. Common Stock,$1.53,0.28,22.40%,177910990.00,United States,2013,5125244,Health Care,Biotechnology: Biological Products (No Diagnostic Substances)
FATN,FatPipe Inc. Common Stock,$3.12,0.08,2.632%,43444340.00,United States,2025,2041545,Technology,Computer Software: Prepackaged Software
FAX,abrdn Asia-Pacific Income Fund Inc. Common Stock,$15.05,0.03,0.20%,0.00,United States,1986,131530,Finance,Investment Managers
FBGL,FBS Global Limited Ordinary Shares,$0.5774,0.0072,1.263%,7794900.00,Singapore,2025,88203,Consumer Discretionary,Miscellaneous manufacturing industries
FBIN,Fortune Brands Innovations Inc. Common Stock,$39.91,-0.63,-1.554%,4782992239.00,United States,,1327625,Basic Materials,Forest Products
FBIO,Fortress Biotech Inc. Common Stock,$2.33,0.03,1.304%,77400438.00,United States,,242989,Health Care,Biotechnology: Pharmaceutical Preparations
FBIOP,Fortress Biotech Inc. 9.375% Series A Cumulative Redeemable Perpetual Preferred Stock,$14.35,-0.04,-0.278%,476693683.00,United States,,2248,Health Care,Biotechnology: Pharmaceutical Preparations
FBIZ,First Business Financial Services Inc. Common Stock,$56.54,0.34,0.605%,472796866.00,United States,,32001,Finance,Major Banks
FBK,FB Financial Corporation Common Stock,$54.17,0.10,0.185%,2808366674.00,United States,2016,239033,Finance,Major Banks
FBLA,FB Bancorp Inc. Common Stock,$14.02,0.04,0.286%,249863725.00,United States,2024,94395,Finance,Banks
FBLG,FibroBiologics Inc. Common Stock,$1.46,0.14,10.606%,7605198.00,United States,,290187,Health Care,Biotechnology: Pharmaceutical Preparations
FBNC,First Bancorp Common Stock,$57.79,0.05,0.087%,2394218953.00,United States,1987,107436,Finance,Major Banks
FBP,First BanCorp. New Common Stock,$24.31,0.03,0.124%,3785464833.00,Puerto Rico,,1174301,Finance,Major Banks
FBRT,Franklin BSP Realty Trust Inc. Common Stock,$9.29,0.19,2.088%,714986354.00,United States,2021,676785,Real Estate,Real Estate Investment Trusts
FBRT^E,Franklin BSP Realty Trust Inc. 7.50% Series E Cumulative Redeemable Preferred Stock,$19.88,0.06,0.303%,,United States,,33429,,
FBRX,Forte Biosciences Inc. Common Stock,$28.19,1.53,5.739%,577297851.00,United States,2017,287031,Health Care,Biotechnology: Pharmaceutical Preparations
FBYD,Falcon's Beyond Global Inc. Class A Common Stock,$16.19,-0.73,-4.314%,1962911412.00,United States,,45187,Consumer Discretionary,Services-Misc. Amusement & Recreation
FBYDW,Falcon's Beyond Global Inc. Warrants,$2.54,0.00,0.00%,307955218.00,United States,,6,Consumer Discretionary,Services-Misc. Amusement & Recreation
FC,Franklin Covey Company Common Stock,$21.48,0.28,1.321%,242132097.00,United States,,70219,Consumer Discretionary,Other Consumer Services
FCAP,First Capital Inc. Common Stock,$54.56,0.48,0.888%,182532171.00,United States,,1925,Finance,Savings Institutions
FCBC,First Community Bankshares Inc. (VA) Common Stock,$43.17,0.55,1.29%,823468959.00,United States,,71212,Finance,Major Banks
FCCO,First Community Corporation Common Stock,$29.87,0.26,0.878%,280301424.00,United States,,32897,Finance,Major Banks
FCEL,FuelCell Energy Inc. Common Stock,$13.31,0.31,2.385%,634568132.00,United States,,10296645,Energy,Industrial Machinery/Components
FCF,First Commonwealth Financial Corporation Common Stock,$18.46,0.05,0.272%,1886725455.00,United States,,523635,Finance,Major Banks
FCFS,FirstCash Holdings Inc. Common Stock,$219.93,1.71,0.784%,9641002572.00,United States,1991,395846,Consumer Discretionary,Other Specialty Stores
FCHL,Fitness Champs Holdings Limited Common Stock,$0.0865,-0.0188,-17.854%,99136.00,Singapore,2025,9639040,Consumer Discretionary,Services-Misc. Amusement & Recreation
FCN,FTI Consulting Inc. Common Stock,$173.82,-5.48,-3.056%,5235195584.00,United States,1999,535860,Consumer Discretionary,Professional Services
FCNCA,First Citizens BancShares Inc. Class A Common Stock,$1985.39,1.57,0.079%,23493326351.00,United States,,40231,Finance,Major Banks
FCNCN,First Citizens BancShares Inc. Depositary Shares each representing a 1/40th interest in a share of 6.625% Non-Cumulative Perpetual Preferred Stock Series E,$25.1995,0.0095,0.038%,298188304.00,United States,,17792,Finance,Major Banks
FCNCO,First Citizens BancShares Inc. 5.625% Non-Cumulative Perpetual Preferred Stock Series C,$21.75,0.04,0.184%,257370012.00,United States,,6639,Finance,Major Banks
FCNCP,First Citizens BancShares Inc. Depositary Shares,$21.25,-0.18,-0.84%,251453460.00,United States,,12966,Finance,Major Banks
FCO,abrdn Global Income Fund Inc. Common Stock,$2.64,0.03,1.149%,0.00,United States,1992,131243,Finance,Investment Managers
FCPT,Four Corners Property Trust Inc. Common Stock,$25.37,-0.20,-0.782%,2784337128.00,United States,2015,685031,Real Estate,Real Estate Investment Trusts
FCRS,FutureCrest Acquisition Corp. Class A Ordinary Shares,$10.23,0.01,0.098%,0.00,,2025,105772,Finance,Blank Checks
FCRX,Crescent Capital BDC Inc. 5.00% Notes due 2026,$25.07,0.00,0.00%,929132983.00,United States,2023,61,Finance,Finance: Consumer Services
FCT,First Trust Senior Floating Rate Income Fund II Common Shares of Beneficial Interest,$9.76,-0.06,-0.611%,0.00,United States,2004,46675,Finance,Finance Companies
FCUV,Focus Universal Inc. Common Stock,$1.22,-0.01,-0.813%,1974707.00,United States,,53351,Industrials,Industrial Machinery/Components
FCX,Freeport-McMoRan Inc. Common Stock,$56.55,-1.23,-2.129%,81292360859.00,United States,,14893753,Basic Materials,Metal Mining
FDBC,Fidelity D & D Bancorp Inc. Common Stock,$45.91,0.82,1.819%,269893734.00,United States,,2648,Finance,Major Banks
FDMT,4D Molecular Therapeutics Inc. Common Stock,$9.09,0.22,2.48%,475177341.00,United States,2020,794038,Health Care,Biotechnology: Biological Products (No Diagnostic Substances)
FDP,Fresh Del Monte Produce Inc. Common Stock,$41.34,-0.55,-1.313%,1964937286.00,Cayman Islands,1997,246960,Consumer Staples,Farming/Seeds/Milling
FDS,FactSet Research Systems Inc. Common Stock,$227.58,0.00,0.00%,8290995883.00,United States,2000,620008,Technology,Computer Software: Programming Data Processing
FDSB,Fifth District Bancorp Inc. Common Stock,$15.155,0.035,0.231%,80227554.00,United States,2024,3135,Finance,Savings Institutions
FDUS,Fidus Investment Corporation Common Stock,$19.20,0.23,1.212%,728723789.00,United States,2011,204903,Finance,Finance/Investors Services
FDX,FedEx Corporation Common Stock,$393.67,-9.64,-2.39%,93932321635.00,United States,,1071042,Consumer Discretionary,Air Freight/Delivery Services
FE,FirstEnergy Corp. Common Stock,$46.92,-0.60,-1.263%,27139990731.00,United States,,11487999,Utilities,Electric Utilities: Central
FEAM,5E Advanced Materials Inc. Common Stock,$1.76,-0.01,-0.565%,73060914.00,United States,,105706,Industrials,Mining & Quarrying of Nonmetallic Minerals (No Fuels)
FEBO,Fenbo Holdings Limited Class A Ordinary Shares,$1.20,0.0626,5.504%,13275000.00,Hong Kong,2023,8178,Consumer Discretionary,Home Furnishings
FEDU,Four Seasons Education (Cayman) Inc. American Depositary Shares each ADS representing 10 ordinary shares,$10.42,-0.58,-5.273%,23549804.00,,2017,232,Real Estate,Other Consumer Services
FEED,ENvue Medical Inc. Common Stock,$1.19,0.03,2.586%,4404081.00,United States,,131807,Health Care,Industrial Specialties
FEIM,Frequency Electronics Inc. Common Stock,$57.53,7.37,14.693%,566206060.00,United States,,340632,Industrials,Electrical Products
FELE,Franklin Electric Co. Inc. Common Stock,$99.44,-0.75,-0.749%,4393481150.00,United States,,218273,Consumer Discretionary,Metal Fabrications
FEMY,Femasys Inc. Common Stock,$0.384,0.0188,5.148%,23190023.00,United States,2021,375704,Health Care,Medical/Dental Instruments
FENC,Fennec Pharmaceuticals Inc. Common Stock,$6.54,0.05,0.77%,227021424.00,United States,,145474,Health Care,Biotechnology: Biological Products (No Diagnostic Substances)
FENG,Phoenix New Media Limited American Depositary Shares each representing 48 Class A ordinary shares.,$1.785,0.075,4.386%,21439235.00,China,2011,2636,Industrials,Broadcasting
FER,Ferrovial N.V. Ordinary Shares,$68.98,0.07,0.102%,49628195733.00,Netherlands,,1420127,Industrials,Military/Government/Technical
FERA,Fifth Era Acquisition Corp I Class A Ordinary Shares,$10.36,0.01,0.097%,0.00,Cayman Islands,2025,369,,
FERAR,Fifth Era Acquisition Corp I Rights,$0.30,0.00,0.00%,0.00,Cayman Islands,2025,110400,,
FERG,Ferguson Enterprises Inc. Common Stock,$264.27,-3.44,-1.285%,51676930056.00,United Kingdom,2021,1205134,Miscellaneous,Miscellaneous
FET,Forum Energy Technologies Inc. Common Stock,$58.74,-4.13,-6.569%,665445312.00,United States,2012,451309,Consumer Discretionary,Oil and Gas Field Machinery
FF,FutureFuel Corp.  Common shares,$4.87,-0.11,-2.209%,213615279.00,United States,,537812,Industrials,Major Chemicals
FFA,First Trust Enhanced Equity Income Fund Common Shares of Beneficial Interest,$22.35,0.10,0.449%,0.00,United States,2004,23865,Finance,Investment Managers
FFAI,Faraday Future Intelligent Electric Inc. Class A Common Stock,$0.4095,-0.0267,-6.121%,126645491.00,United States,2020,20237022,Industrials,Auto Manufacturing
FFAIW,Faraday Future Intelligent Electric Inc. Warrant,$0.0129,-0.0003,-2.273%,3989565.00,United States,2020,61789,Industrials,Auto Manufacturing
FFBC,First Financial Bancorp. Common Stock,$30.41,0.13,0.429%,3190685592.00,United States,,662430,Finance,Major Banks
FFC,Flaherty & Crumrine Preferred and Income Securities Fund Incorporated,$16.26,-0.04,-0.245%,0.00,United States,2003,44933,Finance,Trusts Except Educational Religious and Charitable
FFIC,Flushing Financial Corporation Common Stock,$16.14,0.02,0.124%,546881724.00,United States,,130685,Finance,Major Banks
FFIN,First Financial Bankshares Inc. Common Stock,$32.56,0.29,0.899%,4663523281.00,United States,,1025539,Finance,Major Banks
FFIV,F5 Inc. Common Stock,$323.20,-0.70,-0.216%,18267029034.00,United States,1999,779016,Telecommunications,Computer Communications Equipment
FG,F&G Annuities & Life Inc. Common Stock,$28.59,-0.05,-0.175%,3877093274.00,United States,2022,475259,Finance,Life Insurance
FGBI,First Guaranty Bancshares Inc. Common Stock,$9.25,-0.23,-2.426%,146089255.00,United States,,62497,Finance,Savings Institutions
FGBIP,First Guaranty Bancshares Inc. 6.75% Series A Fixed-Rate Non-Cumulative Perpetual Preferred Stock,$18.73,0.23,1.243%,295811000.00,United States,,5984,Finance,Savings Institutions
FGI,FGI Industries Ltd. Ordinary Shares,$8.435,1.445,20.672%,16256995.00,United States,2022,159922,Industrials,Industrial Specialties
FGII,FG Imperii Acquisition Corp. Class A Ordinary Shares,$9.89,0.00,0.00%,0.00,United States,2026,5200,Finance,Blank Checks
FGIIU,FG Imperii Acquisition Corp. Units,$9.97,-0.03,-0.30%,0.00,United States,2026,137,Finance,Blank Checks
FGIIW,FG Imperii Acquisition Corp. Warrants,$0.1999,0.00,0.00%,0.00,United States,2026,20,Finance,Blank Checks
FGIWW,FGI Industries Ltd. Warrant,$0.0621,-0.0244,-28.208%,119687.00,United States,2022,6800,Industrials,Industrial Specialties
FGL,Founder Group Limited Class A Ordinary Shares,$2.04,0.17,9.091%,1933018.00,Malaysia,2024,80450,Consumer Discretionary,Engineering & Construction
FGMC,FG Merger II Corp. Common stock,$10.18,0.03,0.296%,104247252.00,United States,2025,126024,,
FGMCR,FG Merger II Corp. Rights,$0.57,0.0199,3.618%,0.00,United States,2025,963,,
FGMCU,FG Merger II Corp. Unit,$10.75,0.00,0.00%,0.00,United States,2025,4,,
FGN,F&G Annuities & Life Inc. 7.950% Senior Notes due 2053,$24.95,0.00,0.00%,3146158773.00,United States,2023,34868,Finance,Life Insurance
FGNX,FG Nexus Inc. Common Stock ,$6.54,-0.20,-2.967%,42707554.00,United States,2014,74802,Finance,Property-Casualty Insurers
FGNXP,FG Nexus Inc. 8.00% Cumulative Preferred Stock,$25.15,0.15,0.60%,164234706.00,United States,,2067,Finance,Property-Casualty Insurers
FGSN,F&G Annuities & Life Inc. 7.300% Junior Subordinated Notes due 2065,$21.51,0.02,0.093%,0.00,United States,2025,12407,Finance,Life Insurance
FHB,First Hawaiian Inc. Common Stock,$27.47,0.19,0.696%,3370273862.00,United States,2016,1440037,Finance,Major Banks
FHI,Federated Hermes Inc. Common Stock,$54.12,-3.97,-6.834%,4111261844.00,United States,,1600862,Finance,Investment Managers
FHN,First Horizon Corporation Common Stock,$24.89,-0.07,-0.28%,11888110543.00,United States,,3068230,Finance,Major Banks
FHN^E,First Horizon Corporation Depositary Shares each representing a 1/4000th interest in a share of Non-Cumulative Perpetual Preferred Stock Series E,$24.78,0.12,0.487%,,United States,,1199,,
FHN^F,First Horizon Corporation Depositary Shares each representing 1/4000th Interest in a Share of Non-Cumulative Perpetual Preferred Stock Series F,$17.80,0.02,0.112%,,United States,,4163,,
FHN^H,First Horizon Corporation Depositary Shares each representing a 1/4000th interest in a share of Non-Cumulative Perpetual Preferred Stock Series H,$25.0899,0.0399,0.159%,,United States,,83548,,
FHTX,Foghorn Therapeutics Inc. Common Stock,$4.76,0.01,0.211%,279413171.00,United States,2020,90128,Health Care,Biotechnology: Pharmaceutical Preparations
FIBK,First Interstate BancSystem Inc. Common Stock (DE),$35.45,-0.04,-0.113%,3456949964.00,United States,2010,1385028,Finance,Major Banks
FICO,Fair Isaac Corporation Common Stock,$1035.50,10.50,1.024%,24014183163.00,United States,,259093,Real Estate,Real Estate
FIEE,FiEE Inc Common Stock,$7.11,0.18,2.597%,56411607.00,United States,,6746,Utilities,Telecommunications Equipment
FIG,Figma Inc. Class A Common Stock,$18.74,1.04,5.876%,9860759709.00,United States,2025,24104640,Technology,Computer Software: Prepackaged Software
FIGR,Figure Technology Solutions Inc. Class A Common Stock,$36.45,1.35,3.846%,8002818496.00,U.S. Virgin Islands,2025,3396916,Finance,Finance: Consumer Services
FIGS,FIGS Inc. Class A Common Stock,$15.40,0.44,2.941%,2572489150.00,United States,2021,4382570,Consumer Discretionary,Apparel
FIGX,FIGX Capital Acquisition Corp. Class A Ordinary Share,$10.19,0.00,0.00%,0.00,United States,2025,34,,
FIHL,Fidelis Insurance Holdings Limited Common Shares,$21.21,0.08,0.379%,1834243875.00,Bermuda,2023,425004,Finance,Property-Casualty Insurers
FINS,Angel Oak Financial Strategies Income Term Trust Common Shares of Beneficial Interest,$12.99,0.09,0.698%,325563668.00,,2019,33227,Finance,Finance/Investors Services
FINV,FinVolution Group American Depositary Shares,$5.03,0.07,1.411%,1187552830.00,United States,2017,921457,Finance,Finance: Consumer Services
FINW,FinWise Bancorp Common Stock,$14.96,-0.59,-3.794%,205042343.00,United States,2021,70244,Finance,Major Banks
FIP,FTAI Infrastructure Inc. Common Stock ,$5.72,-0.425,-6.916%,675895535.00,United States,,1624482,Energy,Oil Refining/Marketing
FIS,Fidelity National Information Services Inc. Common Stock,$46.54,0.01,0.021%,24055091591.00,United States,,3168120,Real Estate,Real Estate
FISI,Financial Institutions Inc. Common Stock,$34.49,0.42,1.233%,678927924.00,United States,1999,69134,Finance,Major Banks
FISV,Fiserv Inc. Common Stock,$62.14,-0.51,-0.814%,33120556555.00,United States,1986,4078102,Real Estate,Real Estate
FITB,Fifth Third Bancorp Common Stock,$50.43,-0.33,-0.65%,45667567204.00,United States,,5035585,Finance,Major Banks
FITBI,Fifth Third Bancorp Depositary Shares,$25.40,-0.02,-0.079%,23001312849.00,United States,,17763,Finance,Major Banks
FITBM,Fifth Third Bancorp Depositary Shares Representing a 1/40th Ownership Interest in a Share of 6.875% Fixed-Rate Reset Non-Cumulative Perpetual Preferred Stock Series M,$25.81,0.00,0.00%,23372593883.00,United States,,2748,Finance,Major Banks
FITBO,Fifth Third Bancorp Depositary Shares each representing a 1/1000th ownership interest in a share of Non-Cumulative Perpetual Preferred Stock Series K,$19.1901,-0.1299,-0.672%,17377854083.00,United States,,13249,Finance,Major Banks
FITBP,Fifth Third Bancorp Depositary Shares each representing 1/40th share of Fifth Third 6.00% Non-Cumulative Perpetual Class B Preferred Stock Series A,$23.59,-0.02,-0.085%,21362242918.00,United States,,7616,Finance,Major Banks
FIVE,Five Below Inc. Common Stock,$230.52,-5.14,-2.181%,12733563806.00,United States,2012,734685,Consumer Discretionary,Department/Specialty Retail Stores
FIVN,Five9 Inc. Common Stock,$22.24,5.04,29.302%,1702783093.00,United States,2014,15288569,Technology,EDP Services
FIX,Comfort Systems USA Inc. Common Stock,$1867.02,26.77,1.455%,65723629656.00,United States,1997,318242,Industrials,Engineering & Construction
FIZZ,National Beverage Corp. Common Stock,$34.11,-0.11,-0.321%,3193790999.00,United States,,160822,Consumer Staples,Beverages (Production/Distribution)
FJET,Starfighters Space Inc. Common Stock,$5.04,0.01,0.199%,222636819.00,United States,2025,1105251,Consumer Discretionary,Air Freight/Delivery Services
FKWL,Franklin Wireless Corp. Common Stock,$3.73,0.0301,0.814%,43955364.00,United States,,1642,Utilities,Telecommunications Equipment
FLC,Flaherty & Crumrine Total Return Fund Inc Common Stock,$17.25,0.06,0.349%,0.00,United States,2003,31178,Finance,Trusts Except Educational Religious and Charitable
FLD,Fold Holdings Inc. Class A Common Stock,$1.47,-0.02,-1.342%,73821226.00,United States,2025,133474,Finance,Finance: Consumer Services
FLDDW,Fold Holdings Inc. Warrant,$0.1648,0.0099,6.391%,8276012.00,United States,2025,38300,Finance,Finance: Consumer Services
FLEX,Flex Ltd. Ordinary Shares,$91.70,0.15,0.164%,33715698831.00,Singapore,1994,3292032,Technology,Electrical Products
FLG,Flagstar Bank N.A. Common Stock,$13.94,-0.03,-0.215%,5798943549.00,United States,,3159109,Finance,Banks
FLG^A,Flagstar Bank N.A. Depositary shares each representing a 1/40th interest in a share of Fixed-to-Floating Rate Series A Noncumulative Perpetual Preferred Stock,$22.89,-0.11,-0.478%,,United States,,9362,,
FLG^U,Flagstar Bank N.A. Bifurcated Option Note Unit SecuritiES,$41.01,0.50,1.234%,,United States,,2892,,
FLGT,Fulgent Genetics Inc. Common Stock,$14.13,-1.06,-6.978%,420331045.00,United States,2016,1440970,Health Care,Medical Specialities
FLL,Full House Resorts Inc. Common Stock,$2.54,0.12,4.959%,91928513.00,United States,,153750,Consumer Discretionary,Hotels/Resorts
FLNA,Filana Therapeutics Inc. Common Stock,$1.51,0.06,4.138%,72944923.00,United States,,835296,Health Care,Biotechnology: Pharmaceutical Preparations
FLNC,Fluence Energy Inc. Class A Common Stock,$12.19,0.01,0.082%,2242170978.00,United States,2021,4639787,Miscellaneous,Industrial Machinery/Components
FLNG,FLEX LNG Ltd. Ordinary Shares,$32.32,-0.11,-0.339%,1748265592.00,,2019,311565,Consumer Discretionary,Marine Transportation
FLNT,Fluent Inc. Common Stock,$3.16,-0.11,-3.364%,94217650.00,United States,,12709,Consumer Discretionary,Advertising
FLO,Flowers Foods Inc. Common Stock,$8.72,-0.34,-3.753%,1847388392.00,United States,,4633970,Consumer Staples,Packaged Foods
FLOC,Flowco Holdings Inc. Class A Common Stock,$25.38,0.55,2.215%,2292768390.00,United States,2025,613245,Consumer Discretionary,Oil and Gas Field Machinery
FLR,Fluor Corporation Common Stock,$53.00,-0.35,-0.656%,7612257023.00,United States,,1858776,Industrials,Military/Government/Technical
FLS,Flowserve Corporation Common Stock,$71.65,-1.99,-2.702%,9157373055.00,United States,,4468532,Industrials,Fluid Controls
FLUT,Flutter Entertainment plc Ordinary Shares,$106.13,-1.80,-1.668%,18591971629.00,Ireland,2024,1590349,Technology,Computer Software: Programming Data Processing
FLUX,Flux Power Holdings Inc. Common Stock,$1.31,0.09,7.377%,27955577.00,United States,,128966,Miscellaneous,Industrial Machinery/Components
FLWS,1-800-FLOWERS.COM Inc. Common Stock,$3.72,0.18,5.085%,238324795.00,United States,1999,777529,Consumer Discretionary,Other Specialty Stores
FLX,BingEx Limited American Depositary Shares,$2.77,0.00,0.00%,202569851.00,China,2024,182930,Industrials,Trucking Freight/Courier Services
FLXS,Flexsteel Industries Inc. Common Stock,$56.39,1.09,1.971%,301998393.00,United States,,48008,Consumer Discretionary,Home Furnishings
FLY,Firefly Aerospace Inc. Common Stock,$33.80,-0.80,-2.312%,5406390681.00,United States,2025,3314216,Industrials,Military/Government/Technical
FLYE,Fly-E Group Inc. Common Stock,$2.01,0.0404,2.051%,3281096.00,United States,2024,4907,Industrials,Aerospace
FLYW,Flywire Corporation Voting Common Stock,$14.00,0.49,3.627%,1700512730.00,United States,2021,2305124,Real Estate,Real Estate
FLYX,flyExclusive Inc. Class A Common Stock,$2.16,0.05,2.37%,205463002.00,,2023,289050,Consumer Discretionary,Transportation Services
FMACU,Future Money Acquisition Corporation Units,$10.02,0.01,0.10%,0.00,United States,2026,55996,Finance,Blank Checks
FMAO,Farmers & Merchants Bancorp Inc. Common Stock,$27.25,0.47,1.755%,375183123.00,United States,,156142,Finance,Savings Institutions
FMBH,First Mid Bancshares Inc. Common Stock,$43.43,1.34,3.184%,1156206923.00,United States,,106462,Finance,Major Banks
FMC,FMC Corporation Common Stock,$14.82,-0.56,-3.641%,1853167389.00,United States,,3642932,Industrials,Major Chemicals
FMFC,Kandal M Venture Limited Class A Ordinary Shares,$0.3715,0.0064,1.753%,7103080.00,Cambodia,2025,233396,Consumer Discretionary,Apparel
FMN,Federated Hermes Premier Municipal Income Fund,$11.11,-0.02,-0.18%,958291384.00,United States,2002,29593,Finance,Investment Managers
FMNB,Farmers National Banc Corp. Common Stock,$14.21,0.14,0.995%,536267765.00,United States,,302814,Finance,Major Banks
FMS,Fresenius Medical Care AG American Depositary Shares (Each representing 1/2 of an Ordinary Share),$22.49,-0.08,-0.354%,12562414047.00,Germany,,486050,Health Care,Misc Health and Biotechnology Services
FMST,Foremost Clean Energy Ltd. Common Shares,$1.63,-0.02,-1.212%,26540333.00,Canada,,58449,Basic Materials,Other Metals and Minerals
FMSTW,Foremost Clean Energy Ltd. Warrant,$0.79,-0.03,-3.659%,12863106.00,Canada,,750,Basic Materials,Other Metals and Minerals
FMX,Fomento Economico Mexicano S.A.B. de C.V. Common Stock,$119.97,1.73,1.463%,40871555716.00,Mexico,,466029,Consumer Staples,Beverages (Production/Distribution)
FMY,First Trust Mortgage Income Fund Common Shares of Beneficial Interest,$11.90,-0.1394,-1.158%,0.00,United States,2005,2750,Finance,Finance/Investors Services
FN,Fabrinet Ordinary Shares,$706.53,23.06,3.374%,25312226444.00,Cayman Islands,2010,476850,Utilities,Telecommunications Equipment
FNB,F.N.B. Corporation Common Stock,$17.66,-0.19,-1.064%,6276008593.00,United States,,3244472,Finance,Major Banks
FND,Floor & Decor Holdings Inc. Common Stock,$50.57,2.17,4.483%,5455254427.00,United States,2017,6977404,Consumer Discretionary,RETAIL: Building Materials
FNF,Fidelity National Financial Inc. Common Stock,$51.63,-0.67,-1.281%,13896603790.00,United States,2014,1204860,Finance,Specialty Insurers
FNGR,FingerMotion Inc. Common Stock,$0.9814,-0.0286,-2.832%,60141476.00,United States,,154322,Technology,Computer Software: Prepackaged Software
FNKO,Funko Inc. Class A Common Stock,$4.44,0.03,0.68%,248314721.00,United States,2017,438751,Consumer Discretionary,Recreational Games/Products/Toys
FNLC,First Bancorp Inc  (ME) Common Stock,$28.89,0.43,1.511%,325599516.00,United States,,13042,Finance,Major Banks
FNRN,First Northern Community Bancorp Common stock,$17.04,0.40,2.404%,279620606.00,United States,,51605,Finance,Savings Institutions
FNUC,Frontier Nuclear and Minerals Inc. Common Shares,$2.26,-0.02,-0.877%,40739368.00,Canada,2021,291783,Basic Materials,Other Metals and Minerals
FNV,Franco-Nevada Corporation,$226.44,-3.90,-1.693%,43479687523.00,Canada,,572663,Basic Materials,Precious Metals
FNWB,First Northwest Bancorp Common Stock,$10.01,0.01,0.10%,95087993.00,United States,2015,8520,Finance,Banks
FNWD,Finward Bancorp Common Stock,$32.11,-0.07,-0.218%,139051905.00,United States,,3939,Finance,Major Banks
FOA,Finance of America Companies Inc. Class A Common Stock,$20.09,0.34,1.722%,171808294.00,United States,2021,55153,Finance,Finance: Consumer Services
FOF,Cohen & Steers Closed-End Opportunity Fund Inc. Common Stock,$13.98,0.00,0.00%,686958019.00,United States,2006,45050,Finance,Investment Managers
FOFO,Hang Feng Technology Innovation Co. Ltd. Ordinary Shares,$3.00,-0.08,-2.597%,22713234.00,Hong Kong,2025,103766,Consumer Discretionary,Professional Services
FONR,Fonar Corporation Common Stock,$18.93,0.00,0.00%,124098776.00,United States,1981,24256,Health Care,Biotechnology: Electromedical & Electrotherapeutic Apparatus
FOR,Forestar Group Inc Common Stock ,$27.50,-0.76,-2.689%,1402740158.00,United States,2017,173862,Finance,Real Estate
FORA,Forian Inc. Common Stock,$2.155,-0.005,-0.231%,67254858.00,United States,,13389,Technology,EDP Services
FORM,FormFactor Inc. FormFactor Inc. Common Stock,$137.37,1.44,1.059%,10708601423.00,United States,2003,1778499,Technology,Semiconductors
FORR,Forrester Research Inc. Common Stock,$6.34,0.05,0.795%,121575162.00,United States,1996,71038,Industrials,Diversified Commercial Services
FORTY,Formula Systems (1985) Ltd. American Depositary Shares,$132.48,0.00,0.00%,2029284524.00,Israel,,35,Technology,EDP Services
FOSL,Fossil Group Inc. Common Stock,$4.32,-0.11,-2.483%,252095604.00,United States,1993,555753,Consumer Discretionary,Consumer Specialties
FOUR,Shift4 Payments Inc. Class A Common Stock,$45.21,0.93,2.10%,3586459433.00,United States,2020,1299045,Real Estate,Real Estate
FOUR^A,Shift4 Payments Inc. 6.00% Series A Mandatory Convertible Preferred Stock,$56.67,0.69,1.233%,,United States,,41951,,
FOX,Fox Corporation Class B Common Stock,$56.93,-0.09,-0.158%,24217798721.00,United States,,817786,Industrials,Broadcasting
FOXA,Fox Corporation Class A Common Stock,$63.35,-0.14,-0.221%,26948841541.00,United States,,1832642,Industrials,Broadcasting
FOXF,Fox Factory Holding Corp. Common Stock,$17.74,-0.01,-0.056%,743884218.00,United States,2013,337373,Consumer Discretionary,Motor Vehicles
FOXX,Foxx Development Holdings Inc. Common Stock,$4.895,-0.04,-0.811%,34290410.00,United States,,6376,Telecommunications,Computer Communications Equipment
FOXXW,Foxx Development Holdings Inc. Warrant,$0.0872,-0.0029,-3.219%,610853.00,United States,,7218,Telecommunications,Computer Communications Equipment
FPF,First Trust Intermediate Duration Preferred & Income Fund Common Shares of Beneficial Interest,$18.47,0.05,0.271%,0.00,United States,2013,99791,Finance,Trusts Except Educational Religious and Charitable
FPH,Five Point Holdings LLC Class A Common Shares,$5.03,0.05,1.004%,746970573.00,United States,2017,229764,Finance,Real Estate
FPI,Farmland Partners Inc. Common Stock,$10.71,-0.04,-0.372%,467270339.00,United States,2014,592427,Real Estate,Real Estate Investment Trusts
FPS,Forgent Power Solutions Inc. Class A Common Stock,$39.22,1.60,4.253%,11939701027.00,,2026,5384950,Energy,Industrial Machinery/Components
FR,First Industrial Realty Trust Inc. Common Stock,$62.14,0.13,0.21%,8237926147.00,United States,1994,1597308,Real Estate,Real Estate Investment Trusts
FRA,Blackrock Floating Rate Income Strategies Fund Inc  Common Stock,$11.22,-0.03,-0.267%,1669114925.00,United States,2003,83821,Finance,Investment Bankers/Brokers/Service
FRAF,Franklin Financial Services Corporation Common Stock,$57.14,1.13,2.017%,256668766.00,United States,,58557,Finance,Major Banks
FRBA,First Bank Common Stock,$14.92,0.08,0.539%,375005293.00,United States,2013,81807,Finance,Commercial Banks
FRD,Friedman Industries Inc. Common Stock,$20.57,-0.02,-0.097%,146297584.00,United States,,8871,Industrials,Steel/Iron Ore
FRGT,Freight Technologies Inc. Ordinary Shares,$0.7422,-0.0178,-2.342%,1160983.00,United States,2017,29593,Consumer Discretionary,Professional Services
FRHC,Freedom Holding Corp. Common Stock,$135.11,-14.72,-9.824%,8267453184.00,Kazakhstan,,82548,Finance,Investment Bankers/Brokers/Service
FRME,First Merchants Corporation Common Stock,$40.42,-0.02,-0.049%,2559627947.00,United States,,261404,Finance,Major Banks
FRMEP,First Merchants Corporation Depository Shares,$25.45,0.05,0.197%,1611641050.00,United States,,334,Finance,Major Banks
FRMI,Fermi Inc. Common Stock,$5.17,0.04,0.78%,3256271714.00,United States,2025,11347995,Real Estate,Real Estate Investment Trusts
FRMM,Forum Markets Incorporated Common Stock,$5.85,0.38,6.947%,118831699.00,United States,2017,728454,Health Care,Biotechnology: Pharmaceutical Preparations
FRO,Frontline Plc Ordinary Shares,$37.01,0.52,1.425%,8239273122.00,Bermuda,,1717685,Consumer Discretionary,Marine Transportation
FROG,JFrog Ltd. Ordinary Shares,$49.89,3.45,7.429%,6044475484.00,United States,2020,2216988,Technology,Computer Software: Prepackaged Software
FRPH,FRP Holdings Inc. Common Stock,$21.02,0.01,0.048%,402949932.00,United States,,31071,Finance,Real Estate
FRPT,Freshpet Inc. Common Stock,$65.15,-2.23,-3.31%,3201634461.00,United States,2014,951809,Consumer Staples,Packaged Foods
FRSH,Freshworks Inc. Class A Common Stock,$8.75,0.59,7.23%,2440858088.00,United States,2021,7180496,Technology,Computer Software: Prepackaged Software
FRST,Primis Financial Corp. Common Stock,$14.70,0.04,0.273%,364149458.00,United States,2006,228529,Finance,Major Banks
FRSX,Foresight Autonomous Holdings Ltd. American Depositary Shares,$2.04,-0.04,-1.923%,4889423.00,Israel,,15656,Technology,Computer Software: Prepackaged Software
FRT,Federal Realty Investment Trust Common Stock,$115.32,4.42,3.986%,9962288723.00,United States,,1833264,Real Estate,Real Estate Investment Trusts
FRT^C,Federal Realty Investment Trust Depositary Shares each representing a 1/1000th interest in a 5.000% Series C Cumulative Redeemable Preferred Share,$19.7857,0.2357,1.206%,,United States,,8547,,
FSBC,Five Star Bancorp Common Stock,$41.09,0.64,1.582%,878346127.00,United States,2021,74111,Finance,Major Banks
FSBW,FS Bancorp Inc. Common Stock,$40.79,0.15,0.369%,305987898.00,United States,2012,10819,Finance,Banks
FSCO,FS Credit Opportunities Corp. Common Stock,$5.28,0.03,0.571%,1047319152.00,United States,2022,1019548,Finance,Trusts Except Educational Religious and Charitable
FSEA,First Seacoast Bancorp Inc. Common Stock,$11.37,-0.38,-3.234%,53372474.00,United States,2019,7401,Finance,Savings Institutions
FSHP,Flag Ship Acquisition Corp. Ordinary Shares,$10.97,0.00,0.00%,0.00,United States,2024,116,,
FSI,Flexible Solutions International Inc. Common Stock (CDA),$6.45,0.25,4.032%,82156862.00,Canada,2002,4203,Industrials,Major Chemicals
FSK,FS KKR Capital Corp. Common Stock,$11.55,0.30,2.667%,3234767301.00,United States,2014,4908430,Finance,Investment Managers
FSLR,First Solar Inc. Common Stock,$211.71,9.82,4.864%,22748400400.00,United States,2006,5066281,Technology,Semiconductors
FSLY,Fastly Inc. Class A Common Stock,$28.07,2.815,11.146%,4389248132.00,United States,,8890080,Technology,Computer Software: Prepackaged Software
FSM,Fortuna Mining Corp. Common Shares,$9.48,-0.17,-1.762%,2893864667.00,Canada,,2968895,Basic Materials,Precious Metals
FSP,Franklin Street Properties Corp. Common Stock,$0.605,-0.0466,-7.152%,62732656.00,United States,,200292,Real Estate,Real Estate Investment Trusts
FSS,Federal Signal Corporation Common Stock,$121.61,-1.52,-1.234%,7418484352.00,United States,,570304,Industrials,Auto Manufacturing
FSSL,FS Specialty Lending Fund Common Shares of Beneficial Interest,$12.36,0.05,0.406%,0.00,,2025,257776,Finance,Finance/Investors Services
FSTR,L.B. Foster Company Common Stock,$30.70,0.09,0.294%,321078744.00,United States,,99625,Industrials,Metal Fabrications
FSUN,FirstSun Capital Bancorp Common Stock,$35.93,0.57,1.612%,1585299328.00,United States,,213465,Finance,Major Banks
FSV,FirstService Corporation Common Shares,$132.34,-1.47,-1.099%,6082579451.00,Canada,,204340,Finance,Real Estate
FT,Franklin Universal Trust Common Stock,$8.23,0.02,0.244%,206835488.00,United States,,22575,Finance,Trusts Except Educational Religious and Charitable
FTAI,FTAI Aviation Ltd. Common Stock,$239.95,-9.72,-3.893%,24614229367.00,United States,,1664663,Industrials,Misc Corporate Leasing Services
FTAIM,FTAI Aviation Ltd. 9.500% Fixed-Rate Reset Series D Cumulative Perpetual Redeemable Preferred Shares,$27.28,0.38,1.413%,2798400405.00,United States,,2765,Industrials,Misc Corporate Leasing Services
FTAIN,FTAI Aviation Ltd. 8.25% Fixed - Rate Reset Series C Cumulative Perpetual Redeemable Preferred Shares,$25.42,0.09,0.355%,2607600377.00,United States,,3308,Industrials,Misc Corporate Leasing Services
FTCI,FTC Solar Inc. Common Stock,$4.93,-0.05,-1.004%,76835026.00,United States,2021,45137,Technology,Semiconductors
FTDR,Frontdoor Inc. Common Stock,$68.80,0.17,0.248%,4824710218.00,United States,,1045624,Consumer Discretionary,Diversified Commercial Services
FTEK,Fuel Tech Inc. Common Stock,$1.61,0.04,2.548%,50161888.00,United States,,93889,Industrials,Pollution Control Equipment
FTF,Franklin Limited Duration Income Trust Common Shares of Beneficial Interest,$5.92,0.03,0.509%,239199814.00,United States,2003,154286,Finance,Finance/Investors Services
FTFT,Future FinTech Group Inc. Common Stock,$1.55,0.05,3.333%,8122843.00,China,,474599,Real Estate,Real Estate
FTHAU,Forefront Tech Holdings Acquisition Corp Unit,$9.985,0.015,0.15%,0.00,Cayman Islands,2026,62593,,
FTHM,Fathom Holdings Inc. Common Stock,$0.9227,0.0112,1.229%,30248287.00,United States,2020,139375,Finance,Real Estate
FTHY,First Trust High Yield Opportunities 2027 Term Fund Common Stock,$13.56,-0.17,-1.238%,498641731.00,United States,2020,34846,Finance,Investment Managers
FTI,TechnipFMC plc Ordinary Share,$75.79,0.22,0.291%,30434178513.00,,,5761939,Consumer Discretionary,Oil and Gas Field Machinery
FTK,Flotek Industries Inc. Common Stock,$16.88,-0.02,-0.118%,610622825.00,United States,,150895,Industrials,Major Chemicals
FTLF,FitLife Brands Inc. Common Stock,$9.28,0.03,0.324%,87149148.00,United States,,9510,Health Care, Medicinal Chemicals and Botanical Products 
FTNT,Fortinet Inc. Common Stock,$86.29,1.98,2.348%,63173085636.00,United States,2009,4041093,Technology,Computer peripheral equipment
FTRE,Fortrea Holdings Inc. Common Stock,$12.18,0.68,5.913%,1152042011.00,United States,,1194678,Health Care,Medical Specialities
FTRK,FAST TRACK GROUP Ordinary shares,$0.3682,0.0282,8.294%,8031363.00,Singapore,2025,6305,Consumer Discretionary,Package Goods/Cosmetics
FTS,Fortis Inc. Common Shares,$57.18,-0.03,-0.052%,29112224654.00,United States,2016,546396,Utilities,Electric Utilities: Central
FTV,Fortive Corporation Common Stock ,$59.03,-0.76,-1.271%,18017341257.00,United States,2016,3258181,Industrials,Industrial Machinery/Components
FTW,Presidio Production Company Class A Common Stock,$10.75,0.06,0.561%,391322231.00,,,33369,Energy,Oil & Gas Production
FUBO,FuboTV Inc. Class A Common Stock,$13.82,1.50,12.175%,1497886960.00,United States,2020,2103302,Consumer Discretionary,Movies/Entertainment
FUFU,BitFuFu Inc. Class A Ordinary Shares,$2.20,0.14,6.796%,366637916.00,Singapore,,309438,Finance,Finance: Consumer Services
FUFUW,BitFuFu Inc. Warrant,$0.1799,-0.0123,-6.40%,29980982.00,Singapore,,39905,Finance,Finance: Consumer Services
FUL,H. B. Fuller Company Common Stock,$59.95,-0.57,-0.942%,3266513275.00,United States,,341664,Industrials,Home Furnishings
FULC,Fulcrum Therapeutics Inc. Common Stock,$7.36,0.23,3.226%,490421243.00,United States,2019,767209,Health Care,Biotechnology: Pharmaceutical Preparations
FULT,Fulton Financial Corporation Common Stock,$21.62,0.03,0.139%,3888585350.00,United States,,1563887,Finance,Major Banks
FULTP,Fulton Financial Corporation Depositary Shares Each Representing a 1/40th Interest in a Share of Fixed Rate Non-Cumulative Perpetual Preferred Stock Series A,$18.55,0.05,0.27%,3336413425.00,United States,,9314,Finance,Major Banks
FUN,Six Flags Entertainment Corporation Common Stock New,$18.86,0.08,0.426%,1923485023.00,United States,,1347120,Consumer Discretionary,Services-Misc. Amusement & Recreation
FUNC,First United Corporation Common Stock,$37.25,0.09,0.242%,242176480.00,United States,,8309,Finance,Major Banks
FUND,Sprott Focus Trust Inc. Common Stock,$10.11,-0.09,-0.882%,299595261.00,United States,,10001,Finance,Investment Managers
FURY,Fury Gold Mines Limited Common Shares,$0.582,0.015,2.646%,110652087.00,,2020,403039,Basic Materials,Precious Metals
FUSB,First US Bancshares Inc. Common Stock,$16.50,0.00,0.00%,93227591.00,United States,,109,Finance,Major Banks
FUSE,Fusemachines Inc. Common stock,$1.70,-0.01,-0.585%,49196708.00,United States,,202552,Technology,EDP Services
FUSEW,Fusemachines Inc. Warrants,$0.10,-0.017,-14.53%,2893924.00,United States,,8723,Technology,EDP Services
FUTU,Futu Holdings Limited American Depositary Shares,$154.85,0.34,0.22%,21704957041.00,Hong Kong,2019,453462,Finance,Investment Bankers/Brokers/Service
FVAV,Fortress Value Acquisition Corp. V Class A Ordinary Shares,$10.10,0.00,0.00%,0.00,United States,2026,148,,
FVCB,FVCBankcorp Inc. Common Stock,$15.78,0.12,0.766%,283668002.00,United States,,208171,Finance,Major Banks
FVN,Future Vision II Acquisition Corporation Ordinary shares,$10.82,0.00,0.00%,0.00,China,2024,146,,
FVR,FrontView REIT Inc. Common Stock,$18.00,0.30,1.695%,403346178.00,United States,2024,111041,Real Estate,Real Estate Investment Trusts
FVRR,Fiverr International Ltd. Ordinary Shares no par value,$12.15,0.51,4.381%,436801345.00,,2019,893606,Real Estate,Real Estate
FWDI,Forward Industries Inc. Common Stock,$4.42,-0.19,-4.121%,367474544.00,United States,,636084,Industrials,Plastic Products
FWONA,Liberty Media Corporation Series A Liberty Formula One Common Stock,$81.29,2.09,2.639%,20361094622.00,United States,,167492,Industrials,Broadcasting
FWONK,Liberty Media Corporation Series C Liberty Formula One Common Stock,$87.94,1.99,2.315%,22026751889.00,United States,,2090586,Industrials,Broadcasting
FWRD,Forward Air Corporation Common Stock,$21.33,0.27,1.282%,692131027.00,United States,,372598,Industrials,Integrated Freight & Logistics
FWRG,First Watch Restaurant Group Inc. Common Stock,$13.09,-0.03,-0.229%,806673279.00,United States,2021,876295,Consumer Discretionary,Restaurants
FXNC,First National Corporation Common Stock,$27.14,0.42,1.572%,245371844.00,United States,,95585,Finance,Major Banks
G,Genpact Limited Common Stock,$34.33,-0.42,-1.209%,5831424082.00,Bermuda,2007,2596677,Consumer Discretionary,Professional Services
GAB,Gabelli Equity Trust Inc. (The) Common Stock,$5.68,0.01,0.176%,1668881770.00,United States,1986,1103893,Finance,Investment Managers
GAB^G,Gabelli Equity Trust Inc. (The) Series G Cumulative Preferred Stock,$20.35,-0.0001,0.00%,,United States,,1270,,
GAB^H,Gabelli Equity Trust Inc. (The) Pfd Ser H,$20.31,0.00,0.00%,,United States,,5462,,
GAB^K,Gabelli Equity Trust Inc. (The) 5.00% Series K Cumulative Preferred Stock,$20.76,0.10,0.484%,,United States,,2262,,
GABC,German American Bancorp Inc. Common Stock,$43.42,0.35,0.813%,1631530598.00,United States,,85168,Finance,Major Banks
GAIA,Gaia Inc. Class A Common Stock,$3.26,0.13,4.153%,81427863.00,United States,1999,72538,Consumer Discretionary,Movies/Entertainment
GAIN,Gladstone Investment Corporation Business Development Company,$16.82,0.21,1.264%,669805485.00,United States,2005,367837,Finance,Finance: Consumer Services
GAING,Gladstone Investment Corporation 7.125% Notes due 2031,$25.42,-0.03,-0.118%,0.00,United States,,12128,Finance,Finance: Consumer Services
GAINI,Gladstone Investment Corporation 7.875% Notes due 2030,$25.48,0.05,0.197%,0.00,United States,,6693,Finance,Finance: Consumer Services
GAINN,Gladstone Investment Corporation 5.00% Notes Due 2026,$25.13,-0.04,-0.159%,960449250.00,United States,,1969,Finance,Finance: Consumer Services
GAINZ,Gladstone Investment Corporation 4.875% Notes due 2028,$24.1701,0.0601,0.249%,923762611.00,United States,,2103,Finance,Finance: Consumer Services
GALT,Galectin Therapeutics Inc. Common Stock,$2.27,0.00,0.00%,149428307.00,United States,,178596,Health Care,Biotechnology: Pharmaceutical Preparations
GAM,General American Investors Inc. Common Stock,$64.09,-0.36,-0.559%,1536596845.00,United States,,53756,Finance,Investment Managers
GAM^B,General American Investors Company Inc. Cumulative Preferred Stock,$24.9499,0.1499,0.604%,,United States,,16026,,
GAMB,Gambling.com Group Limited Ordinary Shares,$4.03,0.18,4.675%,141441676.00,Jersey,2021,450033,Consumer Discretionary,Services-Misc. Amusement & Recreation
GAME,GameSquare Holdings Inc. Common Stock,$0.4974,-0.0526,-9.564%,46492085.00,United States,,4951006,Consumer Discretionary,Services-Misc. Amusement & Recreation
GANX,Gain Therapeutics Inc. Common Stock,$1.88,-0.01,-0.529%,80189591.00,United States,2021,423903,Health Care,Biotechnology: Pharmaceutical Preparations
GAP,Gap Inc. (The) Common Stock,$24.68,0.09,0.366%,9016595914.00,United States,,5327239,Consumer Discretionary,Clothing/Shoe/Accessory Stores
GASS,StealthGas Inc. Common Stock,$10.07,0.12,1.206%,374459858.00,Greece,2005,155368,Consumer Discretionary,Marine Transportation
GATX,GATX Corporation Common Stock,$196.35,0.43,0.219%,6975065536.00,United States,,147928,Consumer Discretionary,Transportation Services
GAU,Galiano Gold Inc.,$2.32,0.00,0.00%,602713814.00,Canada,,1434562,Industrials,Mining & Quarrying of Nonmetallic Minerals (No Fuels)
GAUZ,Gauzy Ltd. Ordinary Shares,$0.6782,-0.0018,-0.265%,12710887.00,Israel,2024,48885,Miscellaneous,Industrial Machinery/Components
GBAB,Guggenheim Taxable Municipal Bond & Investment Grade Debt Trust Common Shares of Beneficial Interest,$14.45,-0.08,-0.551%,323635277.00,United States,2010,141189,Finance,Investment Managers
GBCI,Glacier Bancorp Inc. Common Stock,$49.08,0.03,0.061%,6385676493.00,United States,,768257,Finance,Major Banks
GBDC,Golub Capital BDC Inc. Common Stock,$13.80,0.10,0.73%,3632548898.00,United States,2010,1537590,Finance,Finance: Consumer Services
GBFH,GBank Financial Holdings Inc. Common Stock,$30.66,1.21,4.109%,436532297.00,United States,,85657,Finance,Commercial Banks
GBLI,Global Indemnity Group LLC Class A Common Stock ,$27.32,-0.68,-2.429%,391330423.00,United States,,2120,Finance,Property-Casualty Insurers
GBR,New Concept Energy Inc Common Stock,$0.7959,-0.0285,-3.457%,4084506.00,United States,1993,108562,Energy,Oil & Gas Production
GBTG,Global Business Travel Group Inc. Class A Common Stock,$5.93,0.07,1.195%,3103423504.00,United States,2020,741792,Consumer Discretionary,Transportation Services
GBX,Greenbrier Companies Inc. (The) Common Stock,$50.04,0.92,1.873%,1548167244.00,United States,1994,387923,Industrials,Railroads
GCBC,Greene County Bancorp Inc. Common Stock,$24.14,0.09,0.374%,411027628.00,United States,,2698,Finance,Banks
GCDT,Green Circle Decarbonize Technology Limited Ordinary Shares,$0.90,0.0597,7.105%,11250000.00,,2026,119467,Industrials,Industrial Machinery/Components
GCGRU,General Catalyst Global Resilience Merger Corp. Units,$10.07,0.02,0.199%,0.00,United States,2026,1026492,,
GCL,GCL Global Holdings Ltd Ordinary Shares,$0.511,0.021,4.286%,64548613.00,Singapore,,44085,Technology,Computer Software: Prepackaged Software
GCMG,GCM Grosvenor Inc. Class A Common Stock,$10.94,0.02,0.183%,2199858971.00,United States,,339436,Finance,Investment Managers
GCO,Genesco Inc. Common Stock,$34.84,-0.65,-1.832%,378300524.00,United States,,226957,Consumer Discretionary,Clothing/Shoe/Accessory Stores
GCT,GigaCloud Technology Inc Class A Ordinary Shares,$45.10,0.61,1.371%,1651475904.00,United States,2022,509590,Consumer Discretionary,Catalog/Specialty Distribution
GCTK,GlucoTrack Inc. Common Stock,$0.80,-0.0539,-6.312%,1555423.00,United States,,1255421,Health Care,Medical/Dental Instruments
GCTS,GCT Semiconductor Holding Inc. Common Stock,$1.59,0.19,13.571%,115265644.00,United States,2021,4313536,Technology,Semiconductors
GCV,Gabelli Convertible and Income Securities Fund Inc. (The) Common Stock,$4.51,0.00,0.00%,85870531.00,United States,,9796,Finance,Finance/Investors Services
GD,General Dynamics Corporation Common Stock,$345.84,1.54,0.447%,93525575872.00,United States,,1479766,Industrials,Marine Transportation
GDC,GD Culture Group Limited Common Stock,$4.34,0.34,8.50%,263697146.00,United States,2015,31724,Industrials,Steel/Iron Ore
GDDY,GoDaddy Inc. Class A Common Stock,$86.76,-0.03,-0.035%,11512782437.00,United States,2015,4017967,Technology,EDP Services
GDEV,GDEV Inc. Ordinary Shares,$16.46,0.07,0.427%,298757049.00,Cyprus,,4516,Technology,EDP Services
GDEVW,GDEV Inc. Warrant,$0.0074,0.00,0.00%,134314.00,Cyprus,,142,Technology,EDP Services
GDHG,Golden Heaven Group Holdings Ltd. Class A Ordinary Shares,$1.77,0.09,5.357%,35456808.00,China,2023,2485,Consumer Discretionary,Services-Misc. Amusement & Recreation
GDL,GDL Fund The Common Shares of Beneficial Interest,$8.4781,0.0281,0.333%,0.00,United States,2007,5646,Finance,Investment Managers
GDO,Western Asset Global Corporate Opportunity Fund Inc. Common Stock,$11.10,0.02,0.181%,0.00,United States,2009,22473,Finance,Finance Companies
GDOT,Green Dot Corporation Class A Common Stock $0.001 par value,$12.62,0.07,0.558%,701262961.00,United States,2010,336576,Finance,Finance: Consumer Services
GDRX,GoodRx Holdings Inc. Class A Common Stock,$2.55,0.19,8.051%,863622201.00,United States,2020,3225479,Technology,EDP Services
GDS,GDS Holdings Limited ADS,$42.41,0.13,0.307%,8498014567.00,China,2016,624355,Technology,Computer Software: Programming Data Processing
GDTC,CytoMed Therapeutics Limited Ordinary Shares,$0.9735,-0.0235,-2.357%,11514981.00,Singapore,2023,15871,Health Care,Biotechnology: Pharmaceutical Preparations
GDV,Gabelli Dividend & Income Trust Common Shares of Beneficial Interest,$29.41,0.10,0.341%,2652443520.00,United States,2003,77363,Finance,Investment Managers
GDV^H,The Gabelli Dividend & Income Trust 5.375% Series H Cumulative Preferred Shares,$22.40,0.10,0.448%,,United States,,2603,,
GDV^K,The Gabelli Dividend & Income Trust 4.250% Series K Cumulative Preferred Shares,$17.99,0.09,0.503%,,United States,,6786,,
GDYN,Grid Dynamics Holdings Inc. Class A Common Stock,$5.81,0.12,2.109%,495905410.00,United States,2018,2801236,Technology,Computer Software: Prepackaged Software
GE,GE Aerospace Common Stock,$286.51,-3.42,-1.18%,298926551200.00,United States,,3780782,Technology,Consumer Electronics/Appliances
GECC,Great Elm Capital Corp. Common Stock,$5.56,0.07,1.275%,42266898.00,United States,,33361,Finance,Finance: Consumer Services
GECCG,Great Elm Capital Corp. 7.75% Notes Due 2030,$25.15,0.05,0.199%,0.00,United States,,921,Finance,Finance: Consumer Services
GECCH,Great Elm Capital Corp. 8.125% Notes Due 2029,$25.53,0.00,0.00%,0.00,United States,,59,,
GECCI,Great Elm Capital Corp. 8.50% NOTES DUE 2029,$25.4199,0.1399,0.553%,0.00,United States,,2713,Finance,Finance Companies
GECCO,Great Elm Capital Corp. 5.875% Notes due 2026,$25.14,-0.0431,-0.171%,0.00,United States,,1526,Finance,Finance Companies
GEF,Greif Inc. Class A Common Stock,$66.83,1.59,2.437%,3083289397.00,United States,,192606,,
GEG,Great Elm Group Inc. Common Stock,$2.05,-0.02,-0.966%,67126334.00,United States,,1427,Technology,Computer Software: Prepackaged Software
GEGGL,Great Elm Group Inc.  7.25% Notes due 2027,$24.60,0.15,0.613%,713320960.00,United States,,3395,Technology,Computer Software: Prepackaged Software
GEHC,GE HealthCare Technologies Inc. Common Stock ,$61.03,0.19,0.312%,27762045700.00,United States,,11977042,Health Care,Medical Electronics
GEL,Genesis Energy L.P. Common Units,$17.07,-0.32,-1.84%,2090465908.00,United States,2001,206782,Energy,Oil Refining/Marketing
GELS,Gelteq Limited Ordinary Shares,$0.6578,0.0128,1.984%,7045735.00,Australia,2024,7338,Health Care,Biotechnology: Pharmaceutical Preparations
GEMI,Gemini Space Station Inc. Class A Common Stock,$4.72,0.28,6.306%,566331050.00,United States,2025,1875410,Finance,Investment Bankers/Brokers/Service
GEN,Gen Digital Inc. Common Stock,$19.37,0.08,0.415%,11731707302.00,United States,,4876643,Technology,Computer Software: Prepackaged Software
GENB,Generate Biomedicines Inc. Common Stock,$13.15,0.52,4.117%,1675970143.00,United States,2026,189844,Health Care,Biotechnology: Pharmaceutical Preparations
GENC,Gencor Industries Inc. Common Stock,$14.81,-0.07,-0.47%,217080567.00,United States,,13390,Industrials,Construction/Ag Equipment/Trucks
GENI,Genius Sports Limited Ordinary Shares,$4.35,-0.01,-0.229%,1119038266.00,Guernsey,2021,4094959,Consumer Discretionary,Services-Misc. Amusement & Recreation
GENK,GEN Restaurant Group Inc. Class A Common Stock,$1.63,-0.02,-1.212%,53666040.00,United States,2023,23858,Consumer Discretionary,Restaurants
GENVR,Gen Digital Inc. Contingent Value Rights,$0.40,-0.01,-2.439%,242265510.00,United States,,14872,Technology,Computer Software: Prepackaged Software
GEO,Geo Group Inc (The) REIT,$18.75,0.24,1.297%,2488261631.00,United States,,1443566,Consumer Discretionary,Homebuilding
GEOS,Geospace Technologies Corporation Common Stock (Texas),$9.31,0.16,1.749%,119986517.00,United States,,254823,Industrials,Industrial Machinery/Components
GERN,Geron Corporation Common Stock,$1.58,0.04,2.597%,1012622521.00,United States,1996,9101514,Health Care,Biotechnology: Pharmaceutical Preparations
GETY,Getty Images Holdings Inc. Class A Common Stock,$0.8168,0.0468,6.078%,341230955.00,United States,2022,655708,Real Estate,Real Estate
GEV,GE Vernova Inc. Common Stock,$1062.95,-20.51,-1.893%,285635918685.00,United States,2024,1887398,,
GEVO,Gevo Inc. Common Stock,$2.03,0.12,6.283%,493051258.00,United States,2011,2676900,Industrials,Major Chemicals
GF,New Germany Fund Inc. (The) Common Stock,$11.61,-0.10,-0.854%,0.00,United States,1990,18798,Finance,Investment Managers
GFAI,Guardforce AI Co. Limited Ordinary Shares,$0.5799,0.011,1.934%,18122117.00,Singapore,,271050,Consumer Discretionary,Diversified Commercial Services
GFAIW,Guardforce AI Co. Limited Warrant,$0.07,0.00,0.00%,2187529.00,Singapore,,384,Consumer Discretionary,Diversified Commercial Services
GFF,Griffon Corporation Common Stock,$92.55,1.38,1.514%,4310902461.00,United States,,307295,Industrials,Building Products
GFI,Gold Fields Limited American Depositary Shares,$42.08,-0.40,-0.942%,37662620314.00,South Africa,,1999659,Basic Materials,Precious Metals
GFL,GFL Environmental Inc. Subordinate voting shares no par value,$38.50,-1.61,-4.014%,13826271883.00,Canada,2020,2909303,Utilities,Environmental Services
GFR,Greenfire Resources Ltd. Common Shares,$6.50,-0.23,-3.418%,815279751.00,Canada,,383307,Energy,Oil & Gas Production
GFS,GlobalFoundries Inc. Ordinary Shares,$64.91,0.31,0.48%,36117044087.00,United States,2021,2031279,Technology,Semiconductors
GGAL,Grupo Financiero Galicia S.A. American Depositary Shares,$40.15,-1.19,-2.879%,6449108726.00,Argentina,,1563303,Finance,Commercial Banks
GGB,Gerdau S.A. Common Stock,$4.51,-0.06,-1.313%,8907898948.00,Brazil,,12411766,Industrials,Steel/Iron Ore
GGG,Graco Inc. Common Stock,$79.19,-1.08,-1.345%,13143019937.00,United States,,1215841,Industrials,Fluid Controls
GGN,GAMCO Global Gold Natural Resources & Income Trust,$5.23,-0.05,-0.947%,0.00,United States,2005,469404,Finance,Finance/Investors Services
GGN^B,GAMCO Global Gold Natural Reources & Income Trust 5.00% Series B Cumulative 25.00 Liquidation Preference,$20.16,0.1399,0.699%,,United States,,4044,,
GGR,Gogoro Inc. Ordinary Shares,$4.15,0.035,0.851%,61310079.00,Taiwan,,14923,Industrials,Auto Manufacturing
GGROW,Gogoro Inc. Warrant,$0.006,-0.0008,-11.765%,88641.00,Taiwan,,800,Industrials,Auto Manufacturing
GGRP,The Glimpse Group Inc. Common Stock,$0.56,0.0298,5.621%,11802843.00,United States,2021,50406,Technology,EDP Services
GGT,Gabelli Multi-Media Trust Inc. (The) Common Stock,$4.16,0.07,1.711%,114548724.00,United States,,304030,Finance,Trusts Except Educational Religious and Charitable
GGT^E,Gabelli Multi-Media Trust Inc. (The) 5.125% Series E Cumulative Preferred Stock,$20.5101,-0.1583,-0.766%,,United States,,2723,,
GGT^G,Gabelli Multi-Media Trust Inc. (The) 5.125% Series G Cumulative Preferred Shares,$20.60,-0.14,-0.675%,,United States,,1328,,
GGZ,Gabelli Global Small and Mid Cap Value Trust (The) Common Shares of Beneficial Interest,$16.18,0.10,0.622%,143548426.00,,2014,1840,Finance,Investment Managers
GH,Guardant Health Inc. Common Stock,$87.60,0.52,0.597%,11613431942.00,United States,2018,1109358,Health Care,Medical Specialities
GHC,Graham Holdings Company Common Stock,$1134.42,11.91,1.061%,4948152861.00,United States,,15159,Real Estate,Other Consumer Services
GHG,GreenTree Hospitality Group Ltd. American depositary shares each representing one Class A ordinary share,$1.24,0.03,2.479%,125890369.00,,2018,46405,Consumer Discretionary,Hotels/Resorts
GHI,Greystone Housing Impact Investors LP Beneficial Unit Certificates representing assignments of limited partnership interests,$5.44,0.04,0.741%,128180054.00,United States,2022,30975,Finance,Finance: Consumer Services
GHM,Graham Corporation Common Stock,$94.80,-0.40,-0.42%,1049699544.00,United States,1978,122138,Industrials,Industrial Machinery/Components
GHRS,GH Research PLC Ordinary Shares,$20.71,0.18,0.877%,1419819074.00,Ireland,2021,126989,Health Care,Biotechnology: Pharmaceutical Preparations
GHY,PGIM Global High Yield Fund Inc.,$11.98,0.01,0.084%,0.00,United States,2012,137330,Finance,Trusts Except Educational Religious and Charitable
GIB,CGI Inc. Common Stock,$66.58,1.14,1.742%,14298580583.00,Canada,,604430,Consumer Discretionary,Professional Services
GIBO,GIBO Holdings Limited Class A Ordinary Shares,$1.325,0.015,1.145%,86280850.00,Hong Kong,,6258,Technology,Computer Software: Prepackaged Software
GIBOW,GIBO Holdings Limited Warrants,$0.0243,0.0042,20.896%,1582358.00,Hong Kong,,400,Technology,Computer Software: Prepackaged Software
GIC,Global Industrial Company Common Stock,$33.03,-0.08,-0.242%,1263764100.00,United States,,125773,Industrials,Industrial Machinery/Components
GIFT,Giftify Inc. Common Stock,$1.14,-0.02,-1.724%,38352236.00,United States,,24703,Consumer Discretionary,Catalog/Specialty Distribution
GIG,GigCapital7 Corp. Class A Ordinary Share,$10.70,-0.03,-0.28%,0.00,United States,2024,17956,Finance,Blank Checks
GIGGU,GigCapital7 Corp. Unit,$11.00,0.00,0.00%,1714100300.00,United States,2024,72,Technology,Computer Software: Prepackaged Software
GIGGW,GigCapital7 Corp. Warrant,$0.68,0.002,0.295%,0.00,United States,2024,1029,Finance,Blank Checks
GIGM,GigaMedia Limited Ordinary Shares,$1.45,0.0128,0.891%,16025741.00,Taiwan,,1939,Technology,Computer Software: Programming Data Processing
GIII,G-III Apparel Group LTD. Common Stock,$31.54,0.35,1.122%,1330650112.00,United States,1989,313020,Consumer Discretionary,Apparel
GIL,Gildan Activewear Inc. Class A Sub. Vot. Common Stock,$61.51,-0.48,-0.774%,11390267225.00,Canada,2000,1574893,Consumer Discretionary,Apparel
GILD,Gilead Sciences Inc. Common Stock,$131.65,0.81,0.619%,163433012511.00,United States,1992,5516955,Health Care,Biotechnology: Biological Products (No Diagnostic Substances)
GILT,Gilat Satellite Networks Ltd. Ordinary Shares,$18.48,0.02,0.108%,1394703119.00,Israel,,433240,Technology,Radio And Television Broadcasting And Communications Equipment
GIPR,Generation Income Properties Inc. Common Stock,$0.262,0.002,0.769%,1427423.00,United States,,126204,Real Estate,Real Estate Investment Trusts
GIPRW,Generation Income Properties Inc Warrant,$0.0256,-0.0049,-16.066%,139473.00,United States,,1300,Real Estate,Real Estate Investment Trusts
GIS,General Mills Inc. Common Stock,$34.72,-0.59,-1.671%,18529411889.00,United States,,6912240,Consumer Staples,Packaged Foods
GITS,Global Interactive Technologies Inc. Common Stock,$1.48,0.07,4.965%,11130136.00,South Korea,2023,16190,Technology,Computer Software: Programming Data Processing
GIW,GigCapital8 Corp. Class A Ordinary Shares,$10.02,0.00,0.00%,0.00,United States,2025,792,,
GIX,GigCapital9 Corp. Class A Ordinary Share,$9.8617,-0.0083,-0.084%,0.00,United States,2026,8002,Finance,Blank Checks
GIXXR,GigCapital9 Corp. Rights,$0.26,0.01,4.00%,0.00,United States,2026,14900,,
GIXXU,GigCapital9 Corp. Units,$10.11,0.00,0.00%,0.00,United States,2026,10,Finance,Blank Checks
GJH,Synthetic Fixed-Income Securities Inc 6.375% (STRATS) Cl A-1,$9.72,-0.08,-0.816%,0.00,United States,,2402,Finance,Finance: Consumer Services
GJP,Synthetic Fixed-Income Securities Inc. on behalf of STRATS (SM) Trust for Dominion Resources Inc. Securities Series 2005-6 Floating Rate Structured Repackaged Asset-Backed Trust Securities (STRATS) Certificates,$24.48,0.00,0.00%,0.00,United States,,4,Finance,Finance: Consumer Services
GJR,Synthetic Fixed-Income Securities Inc. STRATS Trust for Procter&Gamble Securities Series 2006-1,$24.85,-0.10,-0.401%,0.00,United States,,811,Finance,Finance: Consumer Services
GJS,Goldman Sachs Group Securities STRATS Trust for Goldman Sachs Group Securities Series 2006-2,$23.34,-0.01,-0.043%,7282991030.00,United States,,9995,Finance,Finance: Consumer Services
GJT,Synthetic Fixed-Income Securities Inc. Floating Rate Structured Repackaged Asset-Backed Trust Securities Certificates Series 2006-3,$23.20,0.00,0.00%,0.00,United States,,1,Finance,Finance: Consumer Services
GKOS,Glaukos Corporation Common Stock,$140.22,-3.45,-2.401%,8206686788.00,United States,2015,1317362,Health Care,Medical/Dental Instruments
GL,Globe Life Inc. Common Stock,$152.72,-1.58,-1.024%,11980614296.00,United States,,503290,Finance,Life Insurance
GL^D,Globe Life Inc. 4.25% Junior Subordinated Debentures due 2061,$15.88,-0.10,-0.626%,,United States,,6409,,
GLAD,Gladstone Capital Corporation Common Stock,$19.26,0.36,1.905%,435142509.00,United States,2001,192492,Consumer Discretionary,Textiles
GLBE,Global-E Online Ltd. Ordinary Shares,$31.46,0.09,0.287%,5271698340.00,Israel,2021,1702417,Technology,Computer Software: Prepackaged Software
GLBS,Globus Maritime Limited Common Stock,$2.22,0.10,4.717%,47912708.00,Greece,,65761,Consumer Discretionary,Marine Transportation
GLDG,GoldMining Inc. Common Shares,$1.16,0.00,0.00%,248239903.00,,,1055429,Basic Materials,Precious Metals
GLE,Global Engine Group Holding Limited Class A Ordinary Shares,$0.345,-0.0049,-1.40%,6313500.00,Hong Kong,2024,7057,Technology,EDP Services
GLED,GalaxyEdge Acquisition Corporation Ordinary Shares,$9.90,0.00,0.00%,0.00,,2026,2502,Finance,Blank Checks
GLIBA,GCI Liberty Inc. Series A GCI Group Common Stock,$34.46,-0.40,-1.147%,1371806045.00,United States,,37799,Telecommunications,Cable & Other Pay Television Services
GLIBK,GCI Liberty Inc. Series C GCI Group Common Stock,$33.90,-0.35,-1.022%,1349513201.00,United States,,674077,Telecommunications,Cable & Other Pay Television Services
GLMD,Galmed Pharmaceuticals Ltd. Ordinary Shares,$0.5711,0.0011,0.193%,3769062.00,Israel,2014,33874,Health Care,Biotechnology: Pharmaceutical Preparations
GLND,Greenland Energy Company Common Stock,$2.92,-0.14,-4.575%,127473277.00,United States,,2698880,Energy,Oil & Gas Production
GLNDW,Greenland Energy Company Warrant,$0.9865,-0.0535,-5.144%,43065886.00,United States,,72690,Energy,Oil & Gas Production
GLNG,Golar Lng Ltd,$55.70,0.71,1.291%,5658522228.00,Bermuda,,1295204,Consumer Discretionary,Marine Transportation
GLO,Clough Global Opportunities Fund Common Stock,$5.87,0.04,0.686%,0.00,United States,2006,229605,Finance,Finance/Investors Services
GLOB,Globant S.A. Common Shares,$40.62,-0.61,-1.48%,1753953565.00,United States,2014,1195428,Technology,EDP Services
GLOO,Gloo Holdings Inc. Class A Common Stock,$7.03,0.67,10.535%,568524002.00,United States,2025,194829,Technology,EDP Services
GLOP^A,GasLog Partners LP 8.625% Series A Cumulative Redeemable Perpetual Fixed to Floating Rate Preference Units,$25.56,-0.145,-0.564%,,Greece,,3489,,
GLOP^B,GasLog Partners LP 8.200% Series B Cumulative Redeemable Perpetual Fixed to Floating Rate Preference Units,$25.56,0.012,0.047%,,Greece,,1883,,
GLOP^C,GasLog Partners LP 8.500% Series C Cumulative Redeemable Perpetual Fixed to Floating Rate Preference Units,$25.50,0.10,0.394%,,Greece,,1176,,
GLP,Global Partners LP Common Units representing Limited Partner Interests,$48.99,0.75,1.555%,1665442631.00,United States,2005,70010,Energy,Oil Refining/Marketing
GLP^B,Global Partners LP 9.50% Series B Fixed Rate Cumulative Redeemable Perpetual Preferred Units representing limited partner interests,$25.44,-0.465,-1.795%,,United States,,13545,,
GLPG,Galapagos NV American Depositary Shares,$28.00,0.17,0.611%,1845117988.00,Belgium,2015,107782,Health Care,Biotechnology: Pharmaceutical Preparations
GLPI,Gaming and Leisure Properties Inc. Common Stock,$47.76,-0.70,-1.444%,13536178650.00,United States,,1414754,Real Estate,Real Estate Investment Trusts
GLQ,Clough Global Equity Fund Clough Global Equity Fund Common Shares of Beneficial Interest,$8.18,0.08,0.988%,0.00,United States,2005,171819,Finance,Finance/Investors Services
GLRE,Greenlight Capital Re Ltd. Class A Ordinary Shares,$17.72,-0.60,-3.275%,593807991.00,Cayman Islands,2007,229145,Finance,Property-Casualty Insurers
GLSI,Greenwich LifeSciences Inc. Common Stock,$23.70,0.08,0.339%,328352574.00,United States,2020,115325,Health Care,Biotechnology: Pharmaceutical Preparations
GLU,Gabelli Global Utility Common Shares of Beneficial Ownership,$19.905,0.075,0.378%,118811173.00,United States,2004,5395,Finance,Finance/Investors Services
GLU^A,The Gabelli Global Utility and Income Trust Series A Cumulative Puttable and Callable Preferred Shares,$52.00,0.00,0.00%,,United States,,1,,
GLU^B,The Gabelli Global Utility and Income Trust Series B Cumulative Puttable and Callable Preferred Shares,$50.52,0.08,0.159%,,United States,,139,,
GLUE,Monte Rosa Therapeutics Inc. Common Stock,$18.80,-0.35,-1.828%,1586392372.00,United States,2021,653736,Health Care,Biotechnology: Biological Products (No Diagnostic Substances)
GLV,Clough Global Dividend and Income Fund Common Shares of beneficial interest,$6.13,0.04,0.657%,77909744.00,United States,2004,121914,Finance,Finance/Investors Services
GLW,Corning Incorporated Common Stock,$158.26,-5.98,-3.641%,135954216012.00,United States,,7161889,Industrials,Telecommunications Equipment
GLXG,Galaxy Payroll Group Limited Class A Ordinary Shares,$1.02,-0.05,-4.673%,6080745.00,Hong Kong,2024,20659,Industrials,Diversified Commercial Services
GLXY,Galaxy Digital Inc. Class A Common Stock,$28.11,0.67,2.442%,10980056376.00,United States,,8020707,Finance,Investment Bankers/Brokers/Service
GM,General Motors Company Common Stock,$75.77,-1.12,-1.457%,68319171825.00,United States,2010,7160050,Industrials,Auto Manufacturing
GMAB,Genmab A/S ADS,$26.45,-0.07,-0.264%,16991058916.00,Denmark,2019,722273,Health Care,Biotechnology: Pharmaceutical Preparations
GME,GameStop Corporation Common Stock,$26.53,1.58,6.333%,11895392915.00,United States,2002,18665323,Consumer Discretionary,Electronics Distribution
GMED,Globus Medical Inc. Class A Common Stock,$91.34,1.16,1.286%,12391688871.00,United States,2012,907075,Health Care,Medical/Dental Instruments
GMEX,GMEX ROBOTICS CORPORATION Class A Ordinary Shares,$2.14,0.0393,1.871%,3016542.00,Australia,2023,660848,Consumer Discretionary,Recreational Games/Products/Toys
GMHS,Gamehaus Holdings Inc. Class A Ordinary Shares,$0.99,-0.0099,-0.99%,53033664.00,China,,4296,Technology,EDP Services
GMM,Global Mofy AI Limited Class A Ordinary Shares,$1.31,0.04,3.15%,64934151.00,China,2023,2454,Technology,Computer Software: Programming Data Processing
GMTL,Guardian Metal Resources PLC ADS,$16.48,-0.51,-3.002%,639450302.00,,2026,136032,Basic Materials,Metal Mining
GNE,Genie Energy Ltd. Class B Common Stock Stock,$14.26,0.29,2.076%,377818044.00,United States,2011,74571,Utilities,Power Generation
GNK,Genco Shipping & Trading Limited Ordinary Shares New (Marshall Islands),$24.53,0.29,1.196%,1062585879.00,United States,,159083,Consumer Discretionary,Marine Transportation
GNL,Global Net Lease Inc. Common Stock,$9.53,-0.03,-0.314%,2027711594.00,United States,2015,1009560,Real Estate,Real Estate Investment Trusts
GNL^A,Global Net Lease Inc. 7.25% Series A Cumulative Redeemable Preferred Stock $0.01 par value per share,$22.60,0.00,0.00%,,United States,,2980,,
GNL^B,Global Net Lease Inc. 6.875% Series B Cumulative Redeemable Perpetual Preferred Stock,$21.70,0.00,0.00%,,United States,,822,,
GNL^D,Global Net Lease Inc. 7.50% Series D Cumulative Redeemable Perpetual Preferred Stock,$23.55,0.33,1.421%,,United States,,8166,,
GNL^E,Global Net Lease Inc. 7.375% Series E Cumulative Redeemable Perpetual Preferred Stock,$22.91,0.03,0.131%,,United States,,9185,,
GNLN,Greenlane Holdings Inc. Class A Common Stock,$4.68,-0.52,-10.00%,2948143.00,United States,2019,39380,Consumer Discretionary,Durable Goods
GNLX,Genelux Corporation Common Stock,$2.74,0.07,2.622%,122867746.00,United States,2023,118075,Health Care,Biotechnology: Pharmaceutical Preparations
GNPX,Genprex Inc. Common Stock,$0.918,-0.057,-5.846%,9563173.00,United States,2018,391539,Health Care,Biotechnology: Pharmaceutical Preparations
GNRC,Generac Holdlings Inc. Common Stock,$259.34,0.11,0.042%,15252236911.00,United States,2010,848716,Consumer Discretionary,Metal Fabrications
GNS,Genius Group Limited Ordinary Shares,$0.28,0.0017,0.611%,46520102.00,Singapore,2022,2066306,Consumer Discretionary,Services-Misc. Amusement & Recreation
GNSS,Genasys Inc. Common Stock,$1.93,0.06,3.209%,87259760.00,United States,,54436,Consumer Staples,Consumer Electronics/Appliances
GNT,GAMCO Natural Resources Gold & Income Trust,$8.48,0.00,0.00%,156671723.00,United States,2011,45483,Finance,Finance/Investors Services
GNT^A,GAMCO Natural Resources Gold & Income Tust  5.20% Series A Cumulative Preferred Shares (Liquidation Preference $25.00 per share),$20.75,-0.01,-0.048%,,United States,,1122,,
GNTA,Genenta Science S.p.A. American Depositary Shares,$0.73,0.0188,2.643%,17221445.00,Italy,2021,21545,Health Care,Biotechnology: Biological Products (No Diagnostic Substances)
GNTX,Gentex Corporation Common Stock,$22.75,-0.36,-1.558%,4860477190.00,United States,,2195545,Consumer Discretionary,Auto Parts:O.E.M.
GNW,Genworth Financial Inc Common Stock,$8.81,0.02,0.228%,3414853324.00,United States,2004,2657047,Finance,Life Insurance
GO,Grocery Outlet Holding Corp. Common Stock,$8.35,0.44,5.563%,826004311.00,United States,2019,2195700,Consumer Staples,Food Chains
GOAI,Eva Live Inc. Common Stock,$3.71,-0.01,-0.269%,116279877.00,United States,,31995,Technology,Computer Software: Programming Data Processing
GOCO,GoHealth Inc. Class A Common Stock,$1.11,-0.02,-1.77%,32019209.00,United States,2020,67279,Finance,Specialty Insurers
GOF,Guggenheim Strategic Opportunities Fund Common Shares of Beneficial Interest,$11.37,-0.06,-0.525%,0.00,United States,,1396842,Finance,Finance/Investors Services
GOGO,Gogo Inc. Common Stock,$4.47,0.29,6.938%,604516198.00,United States,2013,1607607,Consumer Discretionary,Telecommunications Equipment
GOLD,Gold.com Inc. Common Stock,$42.63,-2.56,-5.665%,1078410769.00,United States,,772151,Industrials,Other Specialty Stores
GOLF,Acushnet Holdings Corp. Common Stock,$95.72,-1.10,-1.136%,5604793953.00,United States,2016,176051,Consumer Discretionary,Recreational Games/Products/Toys
GOOD,Gladstone Commercial Corporation Real Estate Investment Trust,$12.85,0.24,1.903%,622029860.00,United States,2003,308968,Real Estate,Real Estate
GOODN,Gladstone Commercial Corporation 6.625% Series E Cumulative Redeemable Preferred Stock,$22.21,-0.04,-0.18%,1075119315.00,United States,,2177,Real Estate,Real Estate
GOODO,Gladstone Commercial Corporation 6.00% Series G Cumulative Redeemable Preferred Stock par value $0.001 per share,$20.08,0.00,0.00%,972012419.00,United States,,6070,Real Estate,Real Estate
GOOG,Alphabet Inc. Class C Capital Stock,$383.22,1.28,0.335%,4635982548696.00,United States,2004,28006679,Technology,Computer Software: Programming Data Processing
GOOGL,Alphabet Inc. Class A Common Stock,$385.69,0.89,0.231%,4665863235756.00,United States,2004,30074670,Technology,Computer Software: Programming Data Processing
GOOS,Canada Goose Holdings Inc. Subordinate Voting Shares,$11.30,-0.08,-0.703%,1097551474.00,,2017,417757,Consumer Discretionary,Apparel
GORO,Gold Resource Corporation Common Stock,$1.41,-0.05,-3.425%,228220977.00,United States,,1342019,Basic Materials,Precious Metals
GOSS,Gossamer Bio Inc. Common Stock,$0.3698,0.002,0.544%,86790685.00,United States,2019,2369362,Health Care,Biotechnology: Pharmaceutical Preparations
GOTU,Gaotu Techedu Inc. American Depositary Shares,$1.94,0.07,3.743%,462577173.00,China,2019,682954,Real Estate,Other Consumer Services
GOVX,GeoVax Labs Inc. Common Stock,$1.155,0.065,5.963%,3340918.00,United States,,4298015,Health Care,Biotechnology: Pharmaceutical Preparations
GP,GreenPower Motor Company Inc. Common Shares,$1.02,0.0201,2.01%,5129877.00,Canada,,42797,Consumer Discretionary,Construction/Ag Equipment/Trucks
GPAC,General Purpose Acquisition Corp. Class A Ordinary Shares,$9.96,0.00,0.00%,0.00,United States,2026,1685,,
GPACU,General Purpose Acquisition Corp. Units,$10.08,0.00,0.00%,0.00,United States,2025,77,,
GPACW,General Purpose Acquisition Corp. Warrant,$0.2751,-0.0001,-0.036%,2741777.00,United States,2026,1,Industrials,Major Chemicals
GPAT,GP-Act III Acquisition Corp. Class A Ordinary Share,$10.81,0.00,0.00%,0.00,United States,2024,104,,
GPATW,GP-Act III Acquisition Corp. Warrants,$0.1501,-0.0098,-6.129%,0.00,United States,2024,10210,,
GPC,Genuine Parts Company Common Stock,$104.99,-2.24,-2.089%,14449200980.00,United States,,1751965,Consumer Discretionary,Automotive Aftermarket
GPCR,Structure Therapeutics Inc. American Depositary Shares,$42.21,0.76,1.834%,2999914845.00,United States,2023,1350065,Health Care,Biotechnology: Pharmaceutical Preparations
GPGI,GPGI Inc. Class A Common Stock,$15.64,0.21,1.361%,4533426556.00,United States,,2453947,Finance,Finance: Consumer Services
GPI,Group 1 Automotive Inc. Common Stock,$353.67,-3.20,-0.897%,4198974308.00,United States,1997,202402,Consumer Discretionary,Retail-Auto Dealers and Gas Stations
GPJA,Georgia Power Company Series 2017A 5.00% Junior Subordinated Notes due October 1 2077,$22.2728,0.0528,0.238%,206279537.00,United States,2017,9176,Utilities,Electric Utilities: Central
GPK,Graphic Packaging Holding Company,$9.70,0.17,1.784%,2870077584.00,United States,,5972844,Consumer Discretionary,Containers/Packaging
GPMT,Granite Point Mortgage Trust Inc. Common Stock,$1.45,-0.05,-3.333%,69483456.00,United States,2017,113440,Real Estate,Real Estate Investment Trusts
GPMT^A,Granite Point Mortgage Trust Inc. 7.00% Series A Fixed-to-Floating Rate Cumulative Redeemable Preferred Stock,$19.95,-0.02,-0.10%,,United States,,3600,,
GPN,Global Payments Inc. Common Stock,$72.36,0.40,0.556%,19916584421.00,United States,,2871971,Real Estate,Real Estate
GPOR,Gulfport Energy Corporation Common Shares,$189.90,-2.64,-1.371%,3429790736.00,United States,2021,215351,Energy,Oil & Gas Production
GPRE,Green Plains Inc. Common Stock,$17.76,0.38,2.186%,1243825862.00,United States,,1407820,Industrials,Major Chemicals
GPRK,Geopark Ltd Common Shares,$9.48,-0.20,-2.066%,490184237.00,Bermuda,2014,424989,Energy,Oil & Gas Production
GPRO,GoPro Inc. Class A Common Stock,$1.73,0.08,4.848%,283016278.00,United States,2014,10777088,Consumer Discretionary,Industrial Machinery/Components
GPUS,Hyperscale Data Inc. Common Stock,$0.1375,-0.0006,-0.434%,60286711.00,United States,1997,22270880,Technology,Industrial Machinery/Components
GPUS^D,Hyperscale Data Inc. 13.00% Series D Cumulative Redeemable Perpetual Preferred Stock,$18.00,-4.00,-18.182%,,United States,,19664,,
GRAB,Grab Holdings Limited Class A Ordinary Shares,$3.67,-0.15,-3.927%,15048768144.00,Singapore,,99713585,Real Estate,Real Estate
GRABW,Grab Holdings Limited Warrant,$0.0726,0.00,0.00%,297694977.00,Singapore,,9735,Real Estate,Real Estate
GRAF,Graf Global Corp. Class A ordinary shares,$10.74,-0.01,-0.093%,0.00,,2024,175195,,
GRAL,GRAIL Inc. Common Stock ,$54.06,-0.42,-0.771%,2320071018.00,United States,,502086,Health Care,Medical Specialities
GRAN,Grande Group Limited Class A Ordinary Shares,$1.05,-0.005,-0.474%,23887500.00,Hong Kong,2025,1611,Finance,Finance: Consumer Services
GRBK,Green Brick Partners Inc. Common Stock,$66.27,-1.17,-1.735%,2860033741.00,United States,2021,157080,Consumer Discretionary,Homebuilding
GRBK^A,Green Brick Partners Inc. Depositary Shares (each representing a 1/1000th fractional interest in a share of 5.75% Series A Cumulative Perpetual Preferred Stock),$23.42,0.15,0.645%,,United States,,5347,,
GRC,Gorman-Rupp Company (The) Common Stock,$76.15,0.41,0.541%,2011140004.00,United States,1971,136800,Industrials,Fluid Controls
GRCE,Grace Therapeutics Inc. Common Stock,$2.34,0.10,4.464%,31395160.00,Canada,,802149,Health Care,Biotechnology: Pharmaceutical Preparations
GRDN,Guardian Pharmacy Services Inc. Class A Common Stock,$37.37,0.27,0.728%,2366292093.00,United States,2024,219967,Consumer Staples,Retail-Drug Stores and Proprietary Stores
GRDX,GridAI Technologies Corp. Common Stock,$2.52,0.01,0.398%,8471996.00,United States,2016,44018,Health Care,Biotechnology: Pharmaceutical Preparations
GREE,Greenidge Generation Holdings Inc. Class A Common Stock,$1.25,0.09,7.759%,20286438.00,United States,,136345,Finance,Finance: Consumer Services
GREEL,Greenidge Generation Holdings Inc. 8.50% Senior Notes due 2026,$19.95,-0.165,-0.82%,312684669.00,United States,,3157,Finance,Finance: Consumer Services
GRF,Eagle Capital Growth Fund Inc. Common Stock,$10.33,0.13,1.275%,0.00,United States,,1235,Finance,Finance/Investors Services
GRFS,Grifols S.A. American Depositary Shares,$8.23,-0.01,-0.121%,5658576893.00,Spain,,138757,Health Care,Biotechnology: Pharmaceutical Preparations
GRI,GRI Bio Inc. Common Stock,$2.18,0.0001,0.005%,3150163.00,United States,2021,24671,Health Care,Biotechnology: Pharmaceutical Preparations
GRML,Greenland Mines Ltd. Common Stock,$0.5156,0.0341,7.082%,0.00,United States,2022,2142513,,
GRMLW,Greenland Mines Ltd Warrant,$0.1978,0.0078,4.105%,23981007.00,United States,2022,55033,Health Care,Biotechnology: Biological Products (No Diagnostic Substances)
GRMN,Garmin Ltd. Common Stock (Switzerland),$242.42,-8.72,-3.472%,46752201459.00,Switzerland,2000,717086,Industrials,Industrial Machinery/Components
GRND,Grindr Inc. Common Stock,$13.78,0.41,3.067%,2551335485.00,Singapore,2021,1042635,Technology,Computer Software: Programming Data Processing
GRNQ,Greenpro Capital Corp. Common Stock,$2.53,-0.0199,-0.78%,21823307.00,China,,2456,Technology,EDP Services
GRNT,Granite Ridge Resources Inc. Common Stock,$6.01,-0.02,-0.332%,792755811.00,United States,2022,664872,Energy,Oil & Gas Production
GRO,Brazil Potash Corp. Common Shares,$2.70,-0.33,-10.891%,146461271.00,,2024,4114371,Industrials,Mining & Quarrying of Nonmetallic Minerals (No Fuels)
GROV,Grove Collaborative Holdings Inc. Class A Common Stock,$1.16,0.05,4.505%,48752567.00,,2021,152712,Consumer Discretionary,Catalog/Specialty Distribution
GROW,U.S. Global Investors Inc. Class A Common Stock,$2.65,0.02,0.76%,33264814.00,United States,,16382,Finance,Investment Managers
GROY,Gold Royalty Corp. Common Shares,$3.44,0.01,0.292%,793925168.00,Canada,2021,1366693,Basic Materials,Precious Metals
GRPN,Groupon Inc. Common Stock,$14.89,0.68,4.785%,577714728.00,United States,2011,1398382,Consumer Discretionary,Advertising
GRRR,Gorilla Technology Group Inc. Ordinary shares,$15.43,0.88,6.048%,426699044.00,Taiwan,,1220123,Technology,Computer Software: Prepackaged Software
GRRRW,Gorilla Technology Group Inc. Warrant,$0.31,0.00,0.00%,8572696.00,Taiwan,,4869,Technology,Computer Software: Prepackaged Software
GRVY,GRAVITY Co. Ltd. American Depository Shares,$61.90,0.52,0.847%,430136910.00,South Korea,2005,9863,Real Estate,Real Estate
GRWG,GrowGeneration Corp. Common Stock,$1.30,-0.02,-1.515%,78118177.00,United States,,313219,Consumer Discretionary,RETAIL: Building Materials
GRX,The Gabelli Healthcare & Wellness Trust Common Shares of Beneficial Interest,$9.09,-0.06,-0.656%,155375125.00,United States,,21574,Finance,Finance/Investors Services
GS,Goldman Sachs Group Inc. (The) Common Stock,$923.71,-0.06,-0.006%,272488854165.00,United States,1999,1358856,Finance,Investment Bankers/Brokers/Service
GS^A,Goldman Sachs Group Inc. (The) Depositary Shares each representing 1/1000th Interest in a Share of Floating Rate Non-Cumulative Preferred Stock Series A,$19.25,-0.01,-0.052%,,United States,,72418,,
GS^C,Goldman Sachs Group Inc. (The) Depositary Share repstg 1/1000th Preferred Series C,$19.38,0.04,0.207%,,United States,,15111,,
GS^D,Goldman Sachs Group Inc. (The) Dep Shs repstg 1/1000 Pfd Ser D Fltg,$19.04,-0.07,-0.366%,,United States,,75472,,
GSAT,Globalstar Inc. Common Stock,$81.70,-0.60,-0.729%,10505894994.00,United States,2025,1739335,Consumer Discretionary,Telecommunications Equipment
GSBC,Great Southern Bancorp Inc. Common Stock,$68.87,0.65,0.953%,755208517.00,United States,1989,94241,Finance,Major Banks
GSBD,Goldman Sachs BDC Inc. Common Stock,$10.09,0.26,2.645%,1135821886.00,United States,2015,2334913,Finance,Investment Managers
GSHD,Goosehead Insurance Inc. Class A Common Stock,$43.52,-1.27,-2.835%,1549575470.00,United States,2018,390730,Finance,Specialty Insurers
GSHRW,Gesher Acquisition Corp. II Warrants,$0.22,0.00,0.00%,0.00,United States,2025,17629,Finance,Blank Checks
GSIT,GSI Technology Common Stock,$8.18,0.73,9.799%,296003141.00,United States,2007,1690652,Technology,Semiconductors
GSIW,Garden Stage Limited Class A Ordinary Shares,$31.00,-0.58,-1.837%,41247174.00,Hong Kong,2023,2457,Finance,Investment Bankers/Brokers/Service
GSK,GSK plc American Depositary Shares (Each representing two Ordinary Shares),$51.61,-0.70,-1.338%,105254081912.00,United Kingdom,2022,3938074,Health Care,Biotechnology: Pharmaceutical Preparations
GSL,Global Ship Lease Inc New Class A Common Shares,$40.57,0.17,0.421%,1457203159.00,United Kingdom,,242320,Consumer Discretionary,Marine Transportation
GSL^B,Global Ship Lease Inc. Depository Shares Representing 1/100th Perpetual Preferred Series B% (Marshall Island),$26.79,0.04,0.15%,,United Kingdom,,8683,,
GSM,Ferroglobe PLC Ordinary Shares,$4.71,0.07,1.509%,880113035.00,United Kingdom,,809166,Basic Materials,Metal Mining
GSRF,GSR IV Acquisition Corp. Class A ordinary share,$10.1008,0.0108,0.107%,0.00,United States,2025,4853,,
GSRFR,GSR IV Acquisition Corp. Rights,$2.40,0.10,4.348%,0.00,United States,2025,900,,
GSUN,Golden Sun Technology Group Limited Class A Ordinary Shares,$0.5722,-0.0368,-6.043%,5738519.00,China,2022,581326,Real Estate,Other Consumer Services
GT,The Goodyear Tire & Rubber Company Common Stock,$7.08,0.00,0.00%,2028542038.00,United States,,7446878,Consumer Discretionary,Automotive Aftermarket
GTBP,GT Biopharma Inc. Common Stock,$0.3434,0.0352,11.421%,10835607.00,United States,,1081096,Health Care,Biotechnology: Pharmaceutical Preparations
GTE,Gran Tierra Energy Inc. Common Stock,$9.22,-0.04,-0.432%,325454696.00,Canada,,325301,Energy,Oil & Gas Production
GTEC,Greenland Technologies Holding Corporation Class A Ordinary Shares,$0.66,-0.0132,-1.961%,12561878.00,China,2018,130987,Industrials,Industrial Machinery/Components
GTEN,Gores Holdings X Inc. Class A ordinary shares,$10.34,0.00,0.00%,0.00,United States,2025,252490,,
GTENU,Gores Holdings X Inc. Units,$10.60,0.10,0.952%,0.00,United States,2025,484,,
GTENW,Gores Holdings X Inc. Warrants,$0.5544,0.00,0.00%,0.00,United States,2025,12,,
GTERA,Globa Terra Acquisition Corporation Class A Ordinary Shares,$10.25,0.00,0.00%,0.00,Mexico,2025,22,Finance,Blank Checks
GTERR,Globa Terra Acquisition Corporation Rights,$0.1002,0.00,0.00%,0.00,Mexico,2025,2,Finance,Blank Checks
GTERU,Globa Terra Acquisition Corporation Units,$10.37,0.00,0.00%,0.00,Mexico,2025,1,Finance,Blank Checks
GTES,Gates Industrial Corporation plc Ordinary Shares,$24.06,-1.55,-6.052%,6125332856.00,United Kingdom,2018,4461717,Industrials,Industrial Machinery/Components
GTIM,Good Times Restaurants Inc. Common Stock,$1.2845,0.0045,0.352%,13561617.00,United States,,9932,Consumer Discretionary,Restaurants
GTLB,GitLab Inc. Class A Common Stock,$24.05,1.91,8.627%,4090905000.00,United States,2021,9889409,Technology,Computer Software: Prepackaged Software
GTLS,Chart Industries Inc. Common Stock,$207.82,-0.08,-0.038%,9947427537.00,United States,2006,613646,Industrials,Metal Fabrications
GTM,ZoomInfo Technologies Inc Common Stock,$6.65,0.40,6.40%,1982067778.00,United States,2020,8659513,Technology,Computer Software: Prepackaged Software
GTN,Gray Media Inc. Common Stock,$5.66,0.02,0.355%,581745492.00,United States,,720824,Industrials,Broadcasting
GTX,Garrett Motion Inc. Common Stock,$25.87,0.26,1.015%,4872063262.00,Switzerland,,3670229,Consumer Discretionary,Auto Parts:O.E.M.
GTY,Getty Realty Corporation Common Stock,$33.11,-0.01,-0.03%,2002063297.00,United States,,412976,Finance,Real Estate
GUG,Guggenheim Active Allocation Fund Common Shares of Beneficial Interest,$15.97,0.13,0.821%,0.00,United States,2021,73341,Finance,Trusts Except Educational Religious and Charitable
GURE,Gulf Resources Inc. (NV) Common Stock,$3.51,0.04,1.153%,5403754.00,China,,4590,Industrials,Major Chemicals
GUT,Gabelli Utility Trust (The) Common Stock,$6.17,0.01,0.162%,452872009.00,United States,,122826,Finance,Trusts Except Educational Religious and Charitable
GUT^C,Gabelli Utility Trust (The) 5.375% Series C Cumulative Preferred Shares,$22.4738,-0.0162,-0.072%,,United States,,1716,,
GUTS,Fractyl Health Inc. Common Stock,$0.6993,0.0618,9.694%,110943220.00,United States,2024,2609735,Health Care,Medical/Dental Instruments
GV,Visionary Holdings Inc. Common Shares,$0.201,0.0081,4.199%,1127077.00,Canada,2022,414104,Real Estate,Other Consumer Services
GVA,Granite Construction Incorporated Common Stock,$139.42,2.35,1.714%,6099126434.00,United States,,857061,Industrials,Military/Government/Technical
GVH,Globavend Holdings Limited Ordinary Shares,$5.03,0.82,19.477%,11502700.00,Australia,2023,296703,Industrials,Integrated Freight & Logistics
GWAV,Greenwave Technology Solutions Inc. Common Stock,$3.63,-0.10,-2.681%,3011561.00,United States,,10849,Industrials,Metal Fabrications
GWH,ESS Tech Inc. Common Stock,$1.10,0.00,0.00%,30715290.00,United States,,438446,Miscellaneous,Industrial Machinery/Components
GWRE,Guidewire Software Inc. Common Stock,$141.26,2.87,2.074%,11958714212.00,United States,2012,793294,Technology,Computer Software: Prepackaged Software
GWRS,Global Water Resources Inc. Common Stock,$7.11,0.00,0.00%,204509438.00,United States,2016,48288,Utilities,Water Supply
GWW,W.W. Grainger Inc. Common Stock,$1148.62,-12.73,-1.096%,54364167371.00,United States,,212332,Industrials,Office Equipment/Supplies/Services
GXAI,Gaxos.ai Inc. Common Stock,$1.28,0.01,0.787%,13081516.00,United States,2023,247223,Technology,Computer Software: Prepackaged Software
GXO,GXO Logistics Inc. Common Stock ,$56.22,-0.91,-1.593%,6467954877.00,United States,2021,1093078,Consumer Discretionary,Transportation Services
GYRE,Gyre Therapeutics Inc. Common Stock,$7.80,0.12,1.563%,756553208.00,United States,2006,77272,Health Care,Biotechnology: Pharmaceutical Preparations
GYRO,Gyrodyne LLC Common Stock,$7.60,0.00,0.00%,16714741.00,United States,,75,Real Estate,Building operators
H,Hyatt Hotels Corporation Class A Common Stock,$163.73,-3.84,-2.292%,15413537124.00,United States,2009,1026034,Consumer Discretionary,Hotels/Resorts
HACQ,HCM IV Acquisition Corp. Class A Ordinary Share,$9.93,0.00,0.00%,0.00,United States,2026,5,Finance,Blank Checks
HACQU,HCM IV Acquisition Corp. Unit,$10.05,0.00,0.00%,0.00,United States,2026,4790,,
HAE,Haemonetics Corporation Common Stock,$59.26,-0.83,-1.381%,2753892201.00,United States,1991,717866,Health Care,Medical/Dental Instruments
HAFC,Hanmi Financial Corporation Common Stock,$30.17,0.26,0.869%,897647195.00,United States,,269403,Finance,Major Banks
HAFN,Hafnia Limited Common Shares,$8.92,0.01,0.112%,4458049241.00,,2024,712326,Consumer Discretionary,Transportation Services
HAIN,Hain Celestial Group Inc. (The) Common Stock,$0.6785,0.0253,3.873%,61738574.00,United States,,771133,Consumer Staples,Packaged Foods
HAL,Halliburton Company Common Stock,$41.66,-0.64,-1.513%,34802669640.00,United States,,9612598,Energy,Oilfield Services/Equipment
HALO,Halozyme Therapeutics Inc. Common Stock,$63.96,0.30,0.471%,7577616228.00,United States,,978241,Health Care,Biotechnology: Biological Products (No Diagnostic Substances)
HAO,Haoxi Health Technology Limited Class A Ordinary Shares,$0.7399,0.0149,2.055%,43982488.00,China,2024,202169,Consumer Discretionary,Advertising
HAS,Hasbro Inc. Common Stock,$95.27,-0.57,-0.595%,13487951998.00,United States,,1228447,Consumer Discretionary,Recreational Games/Products/Toys
HASI,HA Sustainable Infrastructure Capital Inc. Common Stock,$42.53,0.58,1.383%,5461718081.00,United States,2013,940286,Finance,Finance/Investors Services
HAVA,Harvard Ave Acquisition Corporation Class A Ordinary Share,$10.05,0.00,0.00%,0.00,South Korea,2025,3800,,
HAYW,Hayward Holdings Inc. Common Stock,$15.05,0.04,0.266%,3265293030.00,United States,2021,3385980,Industrials,Industrial Machinery/Components
HBAN,Huntington Bancshares Incorporated Common Stock,$16.63,-0.13,-0.776%,33877299946.00,United States,,14163457,Finance,Major Banks
HBANL,Huntington Bancshares Incorporated Depositary Shares Each Representing a 1/40th Interest in a Share of 6.875% Series J Non-Cumulative Perpetual Preferred Stock,$25.55,-0.05,-0.195%,52048407313.00,United States,,6468,Finance,Major Banks
HBANM,Huntington Bancshares Incorporated Depositary Shares each representing a 1/1000th interest in a share of Huntington Series I Preferred Stock,$22.29,0.06,0.27%,45407397221.00,United States,,6229,Finance,Major Banks
HBANP,Huntington Bancshares Incorporated Depositary Shares 4.500% Series H Non-Cumulative Perpetual Preferred Stock,$17.01,0.03,0.177%,34651405417.00,United States,,15681,Finance,Major Banks
HBANZ,Huntington Bancshares Incorporated Depositary Shares Each Representing a 1/1000th Interest in a Share of 5.50% Series L Non-Cumulative Perpetual Preferred Stock,$21.14,-0.06,-0.283%,43064709612.00,United States,,6883,Finance,Major Banks
HBB,Hamilton Beach Brands Holding Company Class A Common Stock ,$20.48,-0.33,-1.586%,278062510.00,United States,2017,15803,Consumer Discretionary,Home Furnishings
HBCP,Home Bancorp Inc. Common Stock,$63.26,1.07,1.721%,495799997.00,United States,2008,81304,Finance,Banks
HBIO,Harvard Bioscience Inc. Common Stock,$6.36,-0.02,-0.313%,28684980.00,United States,2000,19008,Industrials,Biotechnology: Laboratory Analytical Instruments
HBM,Hudbay Minerals Inc. Ordinary Shares (Canada),$22.80,-0.31,-1.341%,9048068531.00,Canada,,6099612,Basic Materials,Metal Mining
HBNB,Hotel101 Global Holdings Corp. Class A Ordinary Shares,$6.01,-0.25,-3.994%,1407255912.00,Singapore,,4735,Consumer Discretionary,Hotels/Resorts
HBNC,Horizon Bancorp Inc. Common Stock,$18.32,0.22,1.215%,938459331.00,United States,,173574,Finance,Major Banks
HBT,HBT Financial Inc. Common Stock,$28.05,0.29,1.045%,1021000505.00,United States,2019,69294,Finance,Major Banks
HCA,HCA Healthcare Inc. Common Stock,$433.09,-1.36,-0.313%,96076598982.00,United States,2011,896695,Health Care,Hospital/Nursing Management
HCAC,Hall Chadwick Acquisition Corp Class A Ordinary Shares,$9.97,0.00,0.00%,0.00,Cayman Islands,2026,297334,Consumer Discretionary,Auto Parts:O.E.M.
HCACR,Hall Chadwick Acquisition Corp Rights,$0.32,-0.01,-3.03%,0.00,Cayman Islands,2026,302,,
HCACU,Hall Chadwick Acquisition Corp. Unit,$10.24,0.00,0.00%,0.00,Cayman Islands,2025,1,Consumer Discretionary,Auto Parts:O.E.M.
HCAI,Huachen AI Parking Management Technology Holding Co. Ltd. Class A Ordinary Shares,$12.02,1.07,9.772%,13973250.00,China,2025,1129463,Consumer Discretionary,Miscellaneous manufacturing industries
HCAT,Health Catalyst Inc Common Stock,$1.45,0.20,16.00%,106699965.00,United States,2019,381448,Technology,Computer Software: Programming Data Processing
HCC,Warrior Met Coal Inc. Common Stock,$86.20,-3.65,-4.062%,4551310866.00,United States,2017,2600490,Energy,Coal Mining
HCHL,Happy City Holdings Limited Class A Ordinary shares,$2.02,0.12,6.316%,38808240.00,Hong Kong,2025,18955,Consumer Discretionary,Restaurants
HCI,HCI Group Inc. Common Stock,$152.30,-1.27,-0.827%,1956841475.00,United States,,124525,Finance,Property-Casualty Insurers
HCIC,Hennessy Capital Investment Corp. VIII Class A Ordinary Shares,$9.87,0.00,0.00%,0.00,United States,2026,18,,
HCICR,Hennessy Capital Investment Corp. VIII Share Rights,$0.16,0.00,0.00%,0.00,United States,2026,12,,
HCICU,Hennessy Capital Investment Corp. VIII Units,$10.015,-0.005,-0.05%,0.00,United States,2026,2226,,
HCKT,Hackett Group Inc (The). Common Stock,$13.49,0.58,4.493%,340220849.00,United States,,235670,Consumer Discretionary,Professional Services
HCM,HUTCHMED (China) Limited American Depositary Shares,$13.30,-0.14,-1.042%,2320391469.00,Hong Kong,2016,58710,Health Care,Biotechnology: Pharmaceutical Preparations
HCMA,HCM III Acquisition Corp. Class A Ordinary Share,$10.145,0.00,0.00%,804556692.00,United States,2025,21,Consumer Discretionary,Hotels/Resorts
HCMAW,HCM III Acquisition Corp. Warrants,$0.46,-0.0267,-5.486%,36480639.00,United States,2025,432,Consumer Discretionary,Hotels/Resorts
HCSG,Healthcare Services Group Inc. Common Stock,$21.30,-0.11,-0.514%,1462143016.00,United States,1983,517838,Health Care,Hospital/Nursing Management
HCTI,Healthcare Triangle Inc. Common Stock,$2.30,0.03,1.322%,4525452.00,United States,2021,63176,Technology,EDP Services
HCWB,HCW Biologics Inc. Common Stock,$0.452,-0.0192,-4.075%,3043815.00,United States,2021,455865,Health Care,Biotechnology: Pharmaceutical Preparations
HCWC,Healthy Choice Wellness Corp. Class A Common Stock,$0.2679,0.0029,1.094%,6094946.00,,2024,253452,Consumer Staples,Food Chains
HCXY,Hercules Capital Inc. 6.25% Notes due 2033,$24.80,0.00,0.00%,4505556938.00,United States,2018,2284,Finance,Investment Managers
HD,Home Depot Inc. (The) Common Stock,$323.88,-4.92,-1.496%,322593437873.00,United States,,3864437,Consumer Discretionary,RETAIL: Building Materials
HDB,HDFC Bank Limited Common Stock,$25.18,-0.23,-0.905%,128871907446.00,India,2001,2623328,Finance,Commercial Banks
HDL,SUPER HI INTERNATIONAL HOLDING LTD. American Depositary Shares,$13.75,0.00,0.00%,894161125.00,Singapore,2024,184,Consumer Discretionary,Restaurants
HDSN,Hudson Technologies Inc. Common Stock,$6.25,-0.01,-0.16%,262929925.00,United States,,235575,Consumer Discretionary,Industrial Specialties
HE,Hawaiian Electric Industries Inc. Common Stock,$15.27,0.20,1.327%,2636145978.00,United States,,1961935,Utilities,Electric Utilities: Central
HEI,Heico Corporation Common Stock,$268.34,-1.58,-0.585%,37438367188.00,United States,2000,658466,Industrials,Aerospace
HEI/A,Heico Corporation,$209.28,0.26,0.124%,,United States,,357524,,
HELE,Helen of Troy Limited Common Stock,$23.93,0.78,3.369%,556556881.00,Bermuda,,603327,Consumer Discretionary,Home Furnishings
HELP,Cybin Inc. Common Stock,$5.15,-0.16,-3.013%,257684344.00,Canada,,705599,Health Care,Biotechnology: Pharmaceutical Preparations
HEPS,D-Market Electronic Services & Trading American Depositary Shares,$2.80,0.02,0.719%,899872137.00,Turkey,2021,99220,Consumer Discretionary,Catalog/Specialty Distribution
HEQ,John Hancock Diversified Income Fund Common Shares of Beneficial Interest,$11.52,-0.01,-0.087%,0.00,United States,2011,65708,Finance,Investment Managers
HERE,Here Group Limited American Depositary Shares,$3.61,0.03,0.838%,196328460.00,China,2023,130770,Real Estate,Other Consumer Services
HERZ,Herzfeld Credit Income Fund Inc. Common Stock,$17.02,-0.205,-1.19%,0.00,United States,,1367,Finance,Investment Managers
HESM,Hess Midstream LP Class A Representing Limited Partner Interests,$38.12,-0.98,-2.506%,4932851661.00,United States,2017,2004985,Energy,Oil & Gas Production
HFBL,Home Federal Bancorp Inc. of Louisiana Common Stock,$18.74,0.00,0.00%,57618697.00,United States,2010,215,Finance,Savings Institutions
HFFG,HF Foods Group Inc. Common Stock,$1.90,-0.03,-1.554%,101603292.00,United States,2017,116514,Consumer Discretionary,Food Distributors
HFRO,Highland Opportunities and Income Fund Common Shares of Beneficial Interest,$6.18,-0.04,-0.643%,0.00,United States,2017,89279,Finance,Finance/Investors Services
HFRO^A,Highland Opportunities and Income Fund 5.375% Series A Cumulative Preferred Shares,$16.545,-0.01,-0.06%,,United States,,9896,,
HFRO^B,Highland Opportunities and Income Fund 5.375% Series B Cumulative Preferred Shares,$16.4989,0.059,0.359%,,United States,,21355,,
HFWA,Heritage Financial Corporation Common Stock,$27.61,0.09,0.327%,1135629671.00,United States,,151023,Finance,Banks
HG,Hamilton Insurance Group Ltd. Class B Common Shares,$31.58,-1.19,-3.631%,3147981908.00,Bermuda,2023,1019994,Finance,Property-Casualty Insurers
HGBL,Heritage Global Inc. Common Stock,$1.35,-0.01,-0.735%,46901097.00,United States,,145495,Real Estate,Real Estate
HGLB,Highland Global Allocation Fund Common Stock,$8.18,-0.01,-0.122%,0.00,,2019,32847,Finance,Trusts Except Educational Religious and Charitable
HGTY,Hagerty Inc. Class A Common Stock,$10.34,0.18,1.772%,3542677244.00,United States,2021,113764,Finance,Specialty Insurers
HGV,Hilton Grand Vacations Inc. Common Stock ,$45.94,-1.03,-2.193%,3733032396.00,United States,2016,962246,Consumer Discretionary,Hotels/Resorts
HHH,Howard Hughes Holdings Inc. Common Stock,$62.32,0.05,0.08%,3716536896.00,United States,,629963,Real Estate,Real Estate Investment Trusts
HHS,Harte Hanks Inc. Common Stock,$2.74,-0.029,-1.047%,20316536.00,United States,,3129,Consumer Discretionary,Advertising
HIFS,Hingham Institution for Savings Common Stock,$286.39,2.19,0.771%,614993886.00,United States,,23808,Finance,Banks
HIG,The Hartford Insurance Group Inc. Common Stock,$135.81,-1.00,-0.731%,37229706664.00,United States,,1664437,Finance,Property-Casualty Insurers
HIG^G,The Hartford Insurance Group Inc. Depositary Shares each representing a 1/1000th interest in a share of 6.000% Non-Cumulative Preferred Stock Series G,$24.87,-0.29,-1.153%,,United States,,30491,,
HIHO,Highway Holdings Limited Common Stock,$0.8126,0.0125,1.562%,3739443.00,Hong Kong,,10590,Industrials,Metal Fabrications
HII,Huntington Ingalls Industries Inc. Common Stock,$360.60,-3.69,-1.013%,14199407863.00,United States,,565829,Industrials,Marine Transportation
HIMS,Hims & Hers Health Inc. Class A Common Stock,$27.41,0.24,0.883%,6329061564.00,United States,2019,14591492,Health Care,Medical/Nursing Services
HIMX,Himax Technologies Inc. American Depositary Shares,$12.31,0.56,4.766%,2147183001.00,Taiwan,2006,2792730,Technology,Semiconductors
HIND,Vyome Holdings Inc. Common Stock,$1.96,-0.07,-3.448%,13756315.00,United States,2016,25331,Health Care,Medical/Dental Instruments
HIO,Western Asset High Income Opportunity Fund Inc. Common Stock,$3.69,0.00,0.00%,0.00,United States,,251304,Finance,Finance/Investors Services
HIPO,Hippo Holdings Inc. Common Stock,$27.73,1.40,5.317%,721845925.00,United States,2021,149337,Finance,Property-Casualty Insurers
HIT,Health In Tech Inc. Class A Common Stock,$1.55,0.10,6.897%,101570821.00,United States,2024,54637,Finance,Specialty Insurers
HITI,High Tide Inc. Common Shares,$2.45,0.01,0.41%,215349752.00,Canada,,332655,Consumer Discretionary,Other Specialty Stores
HIVE,HIVE Digital Technologies Ltd. Common Shares,$2.43,0.02,0.83%,605546176.00,Canada,,11727762,Finance,Finance: Consumer Services
HIW,Highwoods Properties Inc. Common Stock,$24.71,0.40,1.645%,2724838343.00,United States,1994,1494911,Real Estate,Real Estate Investment Trusts
HIX,Western Asset High Income Fund II Inc. Common Stock,$4.02,0.00,0.00%,0.00,United States,1998,342251,Finance,Finance/Investors Services
HKD,AMTD Digital Inc. American Depositary Shares (every five of which represent two Class A Ordinary Shares),$1.76,0.10,6.024%,222048589.00,,2022,273656,Finance,Finance: Consumer Services
HKIT,Hitek Global Inc. Class A Ordinary Share,$0.7101,-0.1098,-13.392%,6860575.00,China,2023,187093,Technology,Computer Software: Prepackaged Software
HKPD,Cellyan Biotechnology Co. Ltd Class A Ordinary Shares,$0.685,0.06,9.60%,16097490.00,Hong Kong,2025,16616,Health Care,Other Pharmaceuticals
HL,Hecla Mining Company Common Stock,$18.06,0.04,0.222%,12110419991.00,United States,,11369303,Industrials,Mining & Quarrying of Nonmetallic Minerals (No Fuels)
HL^B,Hecla Mining Company Preferred Stock,$68.045,0.00,0.00%,,United States,,224,,
HLF,Herbalife Ltd. Common Shares,$16.28,-0.32,-1.928%,1683512684.00,Cayman Islands,2004,917823,Health Care,Other Pharmaceuticals
HLI,Houlihan Lokey Inc. Class A Common Stock,$153.08,-1.67,-1.079%,10682733571.00,United States,2015,695751,Finance,Investment Managers
HLIO,Helios Technologies Inc. Common Stock,$66.84,-1.56,-2.281%,2212879433.00,United States,2021,188694,Industrials,Metal Fabrications
HLIT,Harmonic Inc. Common Stock,$11.76,0.33,2.887%,1275694259.00,United States,1995,1229043,Technology,Radio And Television Broadcasting And Communications Equipment
HLLY,Holley Inc. Common Stock,$3.10,-0.20,-6.061%,378309539.00,United States,2020,1252391,Consumer Discretionary,Auto Parts:O.E.M.
HLMN,Hillman Solutions Corp. Common Stock,$7.86,-0.30,-3.676%,1542207503.00,United States,2020,1053291,Consumer Discretionary,Industrial Machinery/Components
HLN,Haleon plc American Depositary Shares (Each representing two Ordinary Shares),$9.38,0.14,1.515%,41771351288.00,United Kingdom,2022,7478707,Consumer Discretionary,Package Goods/Cosmetics
HLNE,Hamilton Lane Incorporated Class A Common Stock,$92.56,0.57,0.62%,5162544552.00,United States,2017,988991,Finance,Investment Managers
HLP,Hongli Group Inc. Ordinary Shares,$0.836,0.066,8.571%,61394795.00,China,2023,90217,Industrials,Industrial Machinery/Components
HLT,Hilton Worldwide Holdings Inc. Common Stock ,$318.61,-5.46,-1.685%,72531047803.00,United States,2016,1732871,Consumer Discretionary,Hotels/Resorts
HLX,Helix Energy Solutions Group Inc. Common Stock,$10.29,-0.06,-0.58%,1515676787.00,United States,,2598977,Energy,Oilfield Services/Equipment
HLXC,Helix Acquisition Corp. III Class A Ordinary Shares,$10.30,0.15,1.478%,0.00,United States,2026,445,,
HMC,Honda Motor Company Ltd. Common Stock,$24.09,-0.25,-1.027%,34902471863.00,Japan,,1217774,Industrials,Auto Manufacturing
HMH,HMH Holding Inc. Class A Common Stock,$21.26,0.06,0.283%,916252765.00,United States,2026,130624,Consumer Discretionary,Oil and Gas Field Machinery
HMN,Horace Mann Educators Corporation Common Stock,$45.97,0.53,1.166%,1856322477.00,United States,1991,265838,Finance,Property-Casualty Insurers
HMR,Heidmar Maritime Holdings Corp. Common Stock,$0.8045,-0.0185,-2.248%,46792408.00,Greece,,20580,Consumer Discretionary,Marine Transportation
HMY,Harmony Gold Mining Company Limited,$15.61,-0.16,-1.015%,9908724172.00,South Africa,,2870030,Basic Materials,Precious Metals
HNGE,Hinge Health Inc. Class A Common Stock,$45.43,0.83,1.861%,3515060342.00,United States,2025,636276,Technology,EDP Services
HNI,HNI Corporation Common Stock,$37.44,0.90,2.463%,2695414476.00,United States,,629565,Consumer Discretionary,Office Equipment/Supplies/Services
HNNA,Hennessy Advisors Inc. Common Stock,$10.02,0.02,0.20%,79079614.00,United States,,4830,Finance,Investment Managers
HNNAZ,Hennessy Advisors Inc. 4.875% Notes due 2026,$25.135,-0.155,-0.613%,195740321.00,United States,,993,Finance,Investment Managers
HNRG,Hallador Energy Company Common Stock,$15.62,0.09,0.58%,736176723.00,United States,,712077,Energy,Coal Mining
HNST,The Honest Company Inc. Common Stock,$3.51,0.01,0.286%,394284748.00,United States,2021,1491438,Consumer Discretionary,Catalog/Specialty Distribution
HNVR,Hanover Bancorp Inc. Common Stock,$23.56,-0.16,-0.675%,168610933.00,United States,2022,14595,Finance,Major Banks
HOFT,Hooker Furnishings Corporation Common Stock,$12.14,-0.01,-0.082%,130865910.00,United States,,33832,Consumer Discretionary,Home Furnishings
HOG,Harley-Davidson Inc. Common Stock,$24.48,0.59,2.47%,2670670570.00,United States,,2765183,Consumer Discretionary,Motor Vehicles
HOLO,MicroCloud Hologram Inc. Ordinary Shares,$1.67,0.04,2.454%,38263641.00,United States,2021,351842,Technology,Computer Software: Programming Data Processing
HOLOW,MicroCloud Hologram Inc. Warrant,$0.0798,0.0148,22.769%,1828406.00,United States,2021,6710,Technology,Computer Software: Programming Data Processing
HOMB,Home BancShares Inc. Common Stock,$26.74,-0.13,-0.484%,5257997920.00,United States,2006,963774,Finance,Major Banks
HON,Honeywell International Inc. Common Stock,$212.50,-1.83,-0.854%,134651287788.00,United States,,2987458,Industrials,Aerospace
HOOD,Robinhood Markets Inc. Class A Common Stock,$73.66,0.77,1.056%,66331202499.00,United States,2021,25187906,Finance,Investment Bankers/Brokers/Service
HOPE,Hope Bancorp Inc. Common Stock,$12.59,0.14,1.124%,1610848386.00,United States,,926889,Finance,Major Banks
HOTH,Hoth Therapeutics Inc. Common Stock,$0.7311,-0.015,-2.01%,13984220.00,United States,2019,219548,Health Care,Biotechnology: Pharmaceutical Preparations
HOUR,Hour Loop Inc. Common Stock,$2.06,0.08,4.04%,72478813.00,United States,2022,7881,Consumer Discretionary,Catalog/Specialty Distribution
HOV,Hovnanian Enterprises Inc. Class A Common Stock,$110.46,-1.98,-1.761%,655932909.00,United States,1983,85919,Consumer Discretionary,Homebuilding
HOVNP,Hovnanian Enterprises Inc Dep Shr Srs A Pfd,$21.02,0.02,0.095%,124820838.00,United States,,1727,Consumer Discretionary,Homebuilding
HOVR,New Horizon Aircraft Ltd. Class A Ordinary Share,$2.42,0.16,7.08%,109537302.00,United States,2023,1738340,Industrials,Aerospace
HOVRW,New Horizon Aircraft Ltd. Warrant,$0.4205,0.028,7.134%,19033238.00,United States,2023,62594,Industrials,Aerospace
HOWL,Werewolf Therapeutics Inc. Common Stock,$0.723,0.0034,0.472%,35135499.00,United States,2021,190419,Health Care,Biotechnology: Pharmaceutical Preparations
HP,Helmerich & Payne Inc. Common Stock,$40.43,0.05,0.124%,4036914800.00,United States,,994891,Energy,Oil & Gas Production
HPAI,Helport AI Limited Ordinary Shares,$1.48,0.06,4.225%,55717427.00,Singapore,,5727,Technology,Computer Software: Prepackaged Software
HPAIW,Helport AI Limited Warrants,$0.0867,0.0166,23.68%,3263987.00,Singapore,,269,Technology,Computer Software: Prepackaged Software
HPE,Hewlett Packard Enterprise Company Common Stock,$28.57,-0.20,-0.695%,37908221323.00,United States,2015,11028149,Technology,Retail: Computer Software & Peripheral Equipment
HPE^C,Hewlett Packard Enterprise Company 7.625% Series C Mandatory Convertible Preferred Stock,$76.36,-0.26,-0.339%,,United States,,43781,,
HPF,John Hancock Pfd Income Fund II Pfd Income Fund II,$16.06,-0.02,-0.124%,0.00,United States,2002,22327,Finance,Finance Companies
HPI,John Hancock Preferred Income Fund Common Shares of Beneficial Interest,$16.31,-0.04,-0.245%,0.00,United States,2002,37420,Finance,Trusts Except Educational Religious and Charitable
HPK,HighPeak Energy Inc. Common Stock,$6.70,-0.08,-1.18%,846599297.00,United States,,433591,Energy,Oil & Gas Production
HPP,Hudson Pacific Properties Inc. Common Stock,$9.31,0.10,1.086%,504993243.00,United States,2010,833410,Finance,Real Estate
HPP^C,Hudson Pacific Properties Inc. 4.750% Series C Cumulative Redeemable Preferred Stock,$14.20,0.01,0.07%,,United States,,9520,,
HPQ,HP Inc. Common Stock,$20.83,-0.03,-0.144%,19117458467.00,United States,,11999336,Technology,Computer Manufacturing
HPS,John Hancock Preferred Income Fund III Preferred Income Fund III,$14.83,0.00,0.00%,0.00,United States,2003,55514,Finance,Investment Managers
HQ,Horizon Quantum Holdings Ltd. Class A Ordinary Shares,$10.76,0.84,8.468%,554980722.00,Singapore,,120761,Technology,EDP Services
HQH,abrdn Healthcare Investors Shares of Beneficial Interest,$19.74,-0.11,-0.554%,934565151.00,United States,1987,78101,Finance,Finance Companies
HQI,HireQuest Inc. Common Stock (DE),$11.15,-0.42,-3.63%,156100000.00,United States,,30133,Consumer Discretionary,Professional Services
HQL,abrdn Life Sciences Investors Shares of Beneficial Interest,$17.55,0.05,0.286%,450677612.00,United States,1992,64967,Finance,Investment Managers
HQWWW,Horizon Quantum Holdings Ltd. Warrant,$2.92,0.09,3.18%,150608151.00,Singapore,,62715,Technology,EDP Services
HQY,HealthEquity Inc. Common Stock,$82.40,0.37,0.451%,6961020654.00,United States,2014,795002,Real Estate,Real Estate
HR,Healthcare Realty Trust Incorporated Common Stock,$19.25,0.55,2.941%,6670780251.00,United States,,6069108,Real Estate,Real Estate Investment Trusts
HRB,H&R Block Inc. Common Stock,$31.25,-0.48,-1.513%,3961241813.00,United States,,2063973,Consumer Discretionary,Other Consumer Services
HRI,Herc Holdings Inc. Common Stock ,$133.13,6.21,4.893%,4445616880.00,United States,2016,941269,Industrials,Misc Corporate Leasing Services
HRL,Hormel Foods Corporation Common Stock,$21.33,-0.14,-0.652%,11737562135.00,United States,,3546400,Consumer Staples,Meat/Poultry/Fish
HRMY,Harmony Biosciences Holdings Inc. Common Stock,$31.83,0.57,1.823%,1841918992.00,United States,2020,389489,Health Care,Biotechnology: Pharmaceutical Preparations
HROW,Harrow Inc. Common Stock,$40.90,0.37,0.913%,1524482878.00,United States,,469189,Health Care,Biotechnology: Pharmaceutical Preparations
HRTG,Heritage Insurance Holdings Inc. Common Stock,$28.73,-0.59,-2.012%,882611974.00,United States,2014,210669,Finance,Property-Casualty Insurers
HRTX,Heron Therapeutics Inc. Common Stock,$1.27,0.07,5.833%,239571360.00,United States,,2696160,Health Care,Biotechnology: Pharmaceutical Preparations
HRZN,Horizon Technology Finance Corporation Common Stock,$4.22,0.03,0.716%,201735880.00,United States,2010,753036,Finance,Finance: Consumer Services
HSAI,Hesai Group American Depositary Share each ADS represents one Class B ordinary share,$22.01,-0.67,-2.954%,3443245258.00,China,2023,860192,Industrials,Industrial Machinery/Components
HSBC,HSBC Holdings plc. Common Stock,$91.95,0.09,0.098%,315852661025.00,United Kingdom,,1666887,Finance,Savings Institutions
HSCS,HeartSciences Inc. Common Stock,$1.99,0.04,2.051%,6337553.00,United States,2022,5916,Health Care,Industrial Specialties
HSCSW,HeartSciences Inc. Warrant,$0.0659,0.00,0.00%,209872.00,United States,2022,1,Health Care,Industrial Specialties
HSDT,Solana Company Class A Common Stock (DE),$2.12,0.08,3.922%,116517549.00,United States,,79750,Health Care,Biotechnology: Electromedical & Electrotherapeutic Apparatus
HSHP,Himalaya Shipping Ltd. Common Shares,$13.86,0.22,1.613%,647955000.00,,2023,229822,Consumer Discretionary,Marine Transportation
HSIC,Henry Schein Inc. Common Stock,$73.93,-0.66,-0.885%,8483323410.00,United States,1995,1790605,Health Care,Medical Specialities
HSLV,Highlander Silver Corp. Common Shares,$5.85,-0.05,-0.847%,1189227008.00,,,168924,,
HSPT,Horizon Space Acquisition II Corp. Ordinary share,$8.70,-0.55,-5.946%,0.00,United States,2025,14231,Finance,Blank Checks
HSPTR,Horizon Space Acquisition II Corp. Right,$0.25,-0.01,-3.846%,0.00,United States,2025,4550,Finance,Blank Checks
HSPTU,Horizon Space Acquisition II Corp. Units,$8.86,-1.14,-11.40%,0.00,United States,2024,5706,,
HST,Host Hotels & Resorts Inc. Common Stock,$21.13,0.00,0.00%,14523352608.00,United States,,4687289,Real Estate,Real Estate Investment Trusts
HSTM,HealthStream Inc. Common Stock,$20.72,-0.04,-0.193%,609616215.00,United States,2000,197863,Technology,Computer Software: Programming Data Processing
HSY,The Hershey Company Common Stock,$182.34,-3.40,-1.831%,36958668188.00,United States,,1794055,Consumer Staples,Specialty Foods
HTB,HomeTrust Bancshares Inc. Common Stock,$45.75,0.08,0.175%,769428075.00,United States,,54581,Finance,Savings Institutions
HTCO,High-Trend International Group Class A Ordinary Shares,$7.90,0.75,10.49%,58344060.00,Singapore,,373685,Consumer Discretionary,Marine Transportation
HTCR,Heartcore Enterprises Inc. Common Stock,$3.56,0.475,15.397%,4527558.00,Japan,2022,291779,Technology,EDP Services
HTD,John Hancock Tax Advantaged Dividend Income Fund Common Shares of Beneficial Interest,$25.92,-0.02,-0.077%,0.00,United States,2004,69781,Finance,Finance Companies
HTFC,Horizon Technology Finance Corporation 6.25% Notes due 2027,$24.6601,0.01,0.041%,1049181685.00,United States,2022,7324,Finance,Finance: Consumer Services
HTFL,Heartflow Inc. Common Stock,$28.67,-1.09,-3.663%,2472488214.00,United States,2025,1288273,Health Care,Medical/Dental Instruments
HTGC,Hercules Capital Inc. Common Stock,$16.30,0.25,1.558%,3050270475.00,United States,2012,2318564,Finance,Investment Managers
HTH,Hilltop Holdings Inc.,$38.03,0.36,0.956%,2225903392.00,United States,,276601,Finance,Major Banks
HTHT,H World Group Limited American Depositary Shares,$50.92,-0.72,-1.394%,15659112863.00,China,2010,627912,Consumer Discretionary,Hotels/Resorts
HTLD,Heartland Express Inc. Common Stock,$13.47,0.09,0.673%,1043837741.00,United States,1986,525945,Industrials,Trucking Freight/Courier Services
HTLM,HomesToLife Ltd Ordinary Shares,$1.7801,0.00,0.00%,159652719.00,Singapore,2024,194,Consumer Discretionary,Other Specialty Stores
HTO,H2O America Common Stock,$56.73,0.54,0.961%,2373597212.00,United States,,730166,Utilities,Water Supply
HTOO,Fusion Fuel Green PLC Class A Ordinary Shares,$3.165,0.035,1.118%,9551470.00,Ireland,,16735,Energy,Industrial Machinery/Components
HTT,High Templar Tech Limited American depositary shares each representing one Class A ordinary share,$2.41,0.04,1.688%,374233245.00,China,2017,52588,Finance,Finance: Consumer Services
HTZ,Hertz Global Holdings Inc Common Stock,$6.14,-0.22,-3.459%,1934425592.00,United States,,13382290,Consumer Discretionary,Rental/Leasing Companies
HTZWW,Hertz Global Holdings Inc Warrant,$2.92,-0.17,-5.502%,919954842.00,United States,,168605,Consumer Discretionary,Rental/Leasing Companies
HUBB,Hubbell Inc Common Stock,$508.43,0.26,0.051%,26959365508.00,United States,2015,695117,Technology,Electrical Products
HUBC,Hub Cyber Security Ltd. Ordinary Shares,$0.54,-0.2835,-34.426%,649755.00,Israel,,6556353,Telecommunications,Computer Communications Equipment
HUBCW,Hub Cyber Security Ltd. Warrant 2/27/28,$0.0102,0.0001,0.99%,12273.00,Israel,,18490,Telecommunications,Computer Communications Equipment
HUBCZ,Hub Cyber Security Ltd. Warrant ,$0.0083,-0.0004,-4.598%,9987.00,Israel,,5006,Telecommunications,Computer Communications Equipment
HUBG,Hub Group Inc. Class A Common Stock,$43.18,-0.65,-1.483%,2640608562.00,United States,1996,487280,Industrials,Integrated Freight & Logistics
HUBS,HubSpot Inc. Common Stock,$239.89,18.13,8.176%,12349124349.00,United States,2014,1542719,Technology,Computer Software: Prepackaged Software
HUDI,Huadi International Group Co. Ltd. Ordinary Shares,$1.19,0.00,0.00%,17016027.00,China,2021,61,Industrials,Steel/Iron Ore
HUHU,HUHUTECH International Group Inc. Ordinary Shares,$9.99,0.16,1.628%,254682553.00,China,2024,7176,Telecommunications,Metal Fabrications
HUIZ,Huize Holding Limited American Depositary Shares,$1.63,0.02,1.242%,16472904.00,China,2020,3660,Finance,Specialty Insurers
HUM,Humana Inc. Common Stock,$233.63,-2.81,-1.188%,28049968245.00,United States,,1492360,Health Care,Medical Specialities
HUMA,Humacyte Inc. Common Stock,$0.8553,0.0135,1.604%,189892943.00,United States,2020,2020136,Health Care,Biotechnology: Biological Products (No Diagnostic Substances)
HUMAW,Humacyte Inc. Warrant,$0.082,-0.0047,-5.421%,18205567.00,United States,2020,2207,Health Care,Biotechnology: Biological Products (No Diagnostic Substances)
HUN,Huntsman Corporation Common Stock,$14.63,0.26,1.809%,2545270914.00,United States,2005,9875536,Industrials,Major Chemicals
HURA,TuHURA Biosciences Inc. Common Stock,$2.33,0.09,4.018%,148137970.00,United States,,505231,Health Care,Biotechnology: Pharmaceutical Preparations
HURC,Hurco Companies Inc. Common Stock,$17.23,0.47,2.804%,111072402.00,United States,,29713,Industrials,Industrial Machinery/Components
HURN,Huron Consulting Group Inc. Common Stock,$131.29,0.625,0.478%,2176356518.00,United States,2004,197834,Consumer Discretionary,Professional Services
HUT,Hut 8 Corp. Common Stock,$76.98,1.20,1.584%,8664302689.00,United States,,2739603,Finance,Finance: Consumer Services
HUYA,HUYA Inc. American depositary shares each  representing one Class A ordinary share,$3.18,0.04,1.274%,710835881.00,United States,2018,280874,Technology,Computer Software: Programming Data Processing
HVII,Hennessy Capital Investment Corp. VII Ordinary Shares,$10.39,-0.01,-0.096%,,United States,2025,693,,
HVIIR,Hennessy Capital Investment Corp. VII Rights,$0.3697,-0.0102,-2.685%,0.00,United States,2025,886,Finance,Blank Checks
HVT,Haverty Furniture Companies Inc. Common Stock,$21.74,-0.40,-1.807%,351882401.00,United States,,70111,Consumer Discretionary,Other Specialty Stores
HVT/A,Haverty Furniture Companies Inc.,$23.055,0.00,0.00%,,United States,,27,,
HWBK,Hawthorn Bancshares Inc. Common Stock,$33.50,-0.12,-0.357%,230808635.00,United States,,15876,Finance,Major Banks
HWC,Hancock Whitney Corporation Common Stock,$67.17,-0.34,-0.504%,5477480017.00,United States,,386702,Finance,Major Banks
HWCPZ,Hancock Whitney Corporation 6.25% Subordinated Notes due 2060,$22.32,0.04,0.18%,1891731109.00,United States,,4149,Finance,Major Banks
HWH,HWH International Inc. Common Stock,$1.07,0.01,0.943%,7999748.00,United States,2022,8166,Health Care,Other Pharmaceuticals
HWKN,Hawkins Inc. Common Stock,$167.49,0.04,0.024%,3500891557.00,United States,,124589,Consumer Discretionary,Specialty Chemicals
HWM,Howmet Aerospace Inc. Common Stock,$239.51,-3.53,-1.452%,95974904037.00,United States,,2026678,Industrials,Metal Fabrications
HXHX,Haoxin Holdings Limited Class A Ordinary Shares,$0.5802,-0.0106,-1.794%,7977750.00,China,2025,9955,Industrials,Trucking Freight/Courier Services
HXL,Hexcel Corporation Common Stock,$92.23,-1.64,-1.747%,6956649180.00,United States,,1100854,Industrials,Major Chemicals
HY,Hyster-Yale Inc. Class A common stock,$39.67,0.20,0.507%,573383277.00,United States,,75750,Industrials,Construction/Ag Equipment/Trucks
HYFM,Hydrofarm Holdings Group Inc. Common Stock,$1.20,0.19,18.812%,5717534.00,United States,2020,42167,Consumer Discretionary,Consumer Specialties
HYFT,MindWalk Holdings Corp. Common Stock,$1.21,0.02,1.681%,56521358.00,Canada,,106141,Health Care,Biotechnology: Pharmaceutical Preparations
HYI,Western Asset High Yield Opportunity Fund Inc. Common Stock,$10.85,0.01,0.092%,0.00,,2010,28664,Finance,Investment Managers
HYLN,Hyliion Holdings Corp. Class A Common Stock,$2.04,0.13,6.806%,363766994.00,United States,2019,824170,Consumer Discretionary,Construction/Ag Equipment/Trucks
HYMC,Hycroft Mining Holding Corporation Class A Common Stock,$38.73,2.27,6.226%,3538396077.00,United States,2018,2063780,Basic Materials,Precious Metals
HYNE,Hoyne Bancorp Inc. Common Stock,$15.74,0.12,0.768%,127445804.00,United States,2025,22227,Finance,Banks
HYPD,Hyperion DeFi Inc. Common Stock,$4.18,0.145,3.594%,47617076.00,United States,2018,186004,Health Care,Biotechnology: Pharmaceutical Preparations
HYPR,Hyperfine Inc. Class A Common Stock,$1.87,0.21,12.651%,184232768.00,United States,2021,2144044,Health Care,Biotechnology: Electromedical & Electrotherapeutic Apparatus
HYT,Blackrock Corporate High Yield Fund Inc. Common Stock,$8.64,-0.10,-1.144%,0.00,United States,2003,1050466,Finance,Finance Companies
HZO,MarineMax Inc.  (FL) Common Stock,$29.68,0.94,3.271%,653795611.00,United States,1998,318764,Consumer Discretionary,Auto & Home Supply Stores
IAC,IAC Inc. Common Stock,$44.97,0.41,0.92%,3458551141.00,United States,,1836346,Technology,Computer Software: Programming Data Processing
IACO,Idea Acquisition Corp. Class A Ordinary Shares,$9.86,0.00,0.00%,0.00,United States,2026,30935,Finance,Blank Checks
IACOU,Idea Acquisition Corp. Units,$9.95,-0.03,-0.301%,0.00,United States,2026,1115,Finance,Blank Checks
IACOW,Idea Acquisition Corp. Warrants,$0.3499,0.03,9.378%,0.00,United States,2026,1499,Finance,Blank Checks
IACQU,Irenic Acquisition Corp. Unit,$10.01,0.01,0.10%,0.00,United States,2026,57381,Finance,Blank Checks
IAE,Voya Asia Pacific High Dividend Equity Income Fund ING Asia Pacific High Dividend Equity Income Fund Common Shares of Beneficial Interest,$8.12,-0.04,-0.49%,0.00,United States,2007,14852,Finance,Trusts Except Educational Religious and Charitable
IAF,abrdn Australia Equity Fund Inc. Common Stock,$12.89,-0.04,-0.309%,0.00,United States,1985,22523,Finance,Finance/Investors Services
IAG,Iamgold Corporation Ordinary Shares,$16.59,-0.28,-1.66%,9659062466.00,Canada,,5741965,Basic Materials,Precious Metals
IART,Integra LifeSciences Holdings Corporation Common Stock,$10.95,0.41,3.89%,853412428.00,United States,,834271,Health Care,Medical/Dental Instruments
IAUX,i-80 Gold Corp. Common Shares,$1.52,0.02,1.333%,1308037742.00,Canada,2022,4368435,Basic Materials,Precious Metals
IBAC,IB Acquisition Corp. Common Stock,$10.82,0.0496,0.461%,0.00,United States,2024,1787,Finance,Blank Checks
IBACR,IB Acquisition Corp. Right,$0.1125,0.0018,1.626%,0.00,United States,2024,58096,Finance,Blank Checks
IBCP,Independent Bank Corporation Common Stock,$33.61,0.40,1.204%,691977670.00,United States,,269549,Finance,Major Banks
IBEX,IBEX Limited Common Shares,$28.25,0.50,1.802%,378705940.00,Bermuda,2020,102085,Technology,EDP Services
IBG,Innovation Beverage Group Limited Ordinary Shares,$1.08,-0.03,-2.703%,1154391.00,Australia,2024,244327,Consumer Staples,Beverages (Production/Distribution)
IBIO,iBio Inc. Common Stock,$1.59,-0.10,-5.917%,54924262.00,United States,,693460,Health Care,Biotechnology: Pharmaceutical Preparations
IBKR,Interactive Brokers Group Inc. Class A Common Stock,$80.46,0.96,1.208%,35854301739.00,United States,2019,4057317,Finance,Investment Bankers/Brokers/Service
IBM,International Business Machines Corporation Common Stock,$232.20,1.22,0.528%,218241362016.00,United States,,3579782,Technology,Computer Manufacturing
IBN,ICICI Bank Limited Common Stock,$26.42,-0.17,-0.639%,94260476954.00,India,,3712105,Finance,Commercial Banks
IBO,Impact BioMedical Inc. Common Stock,$0.657,-0.023,-3.382%,70838549.00,,2024,63153,Health Care,Biotechnology: Pharmaceutical Preparations
IBOC,International Bancshares Corporation Common Stock,$71.66,-0.08,-0.112%,4455818370.00,United States,,278724,Finance,Major Banks
IBP,Installed Building Products Inc. Common Stock,$290.21,1.66,0.575%,7817773620.00,United States,2014,365305,Consumer Discretionary,Homebuilding
IBRX,ImmunityBio Inc. Common Stock,$7.11,0.01,0.141%,7309872452.00,United States,2015,7701579,Health Care,Biotechnology: Biological Products (No Diagnostic Substances)
IBTA,Ibotta Inc. Class A Common Stock,$35.14,-0.06,-0.17%,837934033.00,United States,2024,102473,Consumer Discretionary,Advertising
ICCC,ImmuCell Corporation Common Stock,$8.73,0.27,3.191%,78978555.00,United States,1987,18053,Health Care,Biotechnology: In Vitro & In Vivo Diagnostic Substances
ICCM,IceCure Medical Ltd. Ordinary Shares,$0.3013,0.0153,5.35%,24459548.00,Israel,,517978,Health Care,Medical/Dental Instruments
ICE,Intercontinental Exchange Inc. Common Stock,$154.75,-3.34,-2.113%,87655160265.00,United States,2005,3222116,Finance,Investment Bankers/Brokers/Service
ICFI,ICF International Inc. Common Stock,$73.36,1.70,2.372%,1328723463.00,United States,2006,478354,Consumer Discretionary,Professional Services
ICG,Intchains Group Limited American Depositary Shares,$1.25,-0.05,-3.846%,150978628.00,China,2023,12929,Technology,Semiconductors
ICHR,Ichor Holdings Ordinary Shares,$64.42,-1.55,-2.35%,2238254283.00,United States,2016,715215,Technology,Semiconductors
ICL,ICL Group Ltd. Ordinary Shares,$5.44,-0.05,-0.911%,7021259646.00,Israel,2014,619891,Industrials,Agricultural Chemicals
ICLR,ICON plc Ordinary Shares,$112.85,-5.48,-4.631%,9113411651.00,Ireland,1998,1000995,Health Care,Biotechnology: Commercial Physical & Biological Resarch
ICMB,Investcorp Credit Management BDC Inc. Common Stock,$1.83,0.01,0.549%,26411424.00,United States,2014,34306,Finance,Finance: Consumer Services
ICON,Icon Energy Corp. Common stock,$1.13,0.07,6.604%,3631898.00,Greece,2024,83509,Consumer Discretionary,Marine Transportation
ICR^A,InPoint Commercial Real Estate Income Inc. 6.75% Series A Cumulative Redeemable Preferred Stock,$21.00,0.00,0.00%,,,,503,,
ICU,SeaStar Medical Holding Corporation Common Stock,$4.37,0.23,5.556%,17466899.00,United States,2021,111092,Health Care,Medical/Dental Instruments
ICUCW,SeaStar Medical Holding Corporation Warrant,$0.02,0.00,0.00%,79940.00,United States,2021,42358,Health Care,Medical/Dental Instruments
ICUI,ICU Medical Inc. Common Stock,$118.85,-0.35,-0.294%,2970345314.00,United States,1992,242662,Health Care,Medical/Dental Instruments
IDA,IDACORP Inc. Common Stock,$147.09,-0.65,-0.44%,8083440091.00,United States,,768508,Utilities,Electric Utilities: Central
IDAI,T Stamp Inc. Class A Common Stock,$2.5064,-0.0236,-0.933%,13044253.00,United States,,38919,Technology,Computer Software: Prepackaged Software
IDCC,InterDigital Inc. Common Stock,$290.50,-6.06,-2.043%,7512217577.00,United States,,665930,Miscellaneous,Multi-Sector Companies
IDE,Voya Infrastructure Industrials and Materials Fund Common Shares of Beneficial Interest,$13.48,-0.34,-2.46%,0.00,United States,2010,41212,Finance,Finance/Investors Services
IDN,Intellicheck Inc. Common Stock,$8.09,0.10,1.252%,163733995.00,United States,1999,344686,Technology,Computer Software: Prepackaged Software
IDR,Idaho Strategic Resources Inc. Common Stock,$43.73,1.58,3.749%,691209543.00,United States,2022,208282,Basic Materials,Precious Metals
IDT,IDT Corporation Class B Common Stock,$51.13,0.98,1.954%,1282147640.00,United States,,108531,Telecommunications,Telecommunications Equipment
IDXX,IDEXX Laboratories Inc. Common Stock,$567.46,6.66,1.188%,45123817125.00,United States,1991,610616,Health Care,Biotechnology: In Vitro & In Vivo Diagnostic Substances
IDYA,IDEAYA Biosciences Inc. Common Stock,$28.19,-0.91,-3.127%,2476799335.00,United States,2019,896188,Health Care,Biotechnology: Pharmaceutical Preparations
IE,Ivanhoe Electric Inc. Common Stock,$13.09,0.26,2.027%,2068109952.00,Canada,2022,1772247,Basic Materials,Metal Mining
IEAG,Infinite Eagle Acquisition Corp. Class A Ordinary Shares,$10.02,0.00,0.00%,0.00,United States,2026,13143,Finance,Blank Checks
IEAGU,Infinite Eagle Acquisition Corp. Unit,$10.22,0.03,0.294%,0.00,United States,2026,824,,
IEP,Icahn Enterprises L.P. Common Stock,$8.35,0.08,0.967%,5320698924.00,United States,,1012998,Consumer Discretionary,Auto Parts:O.E.M.
IESC,IES Holdings Inc. Common Stock,$655.64,11.56,1.795%,13065593264.00,United States,,350962,Industrials,Engineering & Construction
IEX,IDEX Corporation Common Stock,$214.93,-2.92,-1.34%,15908055126.00,United States,1989,630069,Industrials,Fluid Controls
IFBD,Infobird Co. Ltd Ordinary Shares,$0.9829,0.0328,3.452%,8048549.00,China,2021,2516,Technology,Computer Software: Prepackaged Software
IFF,International Flavors & Fragrances Inc. Common Stock,$70.81,0.61,0.869%,18090360854.00,United States,,1447570,Industrials,Major Chemicals
IFN,Aberdeen India Fund Inc. Common Stock,$12.00,-0.04,-0.332%,0.00,United States,,66462,Finance,Finance/Investors Services
IFRX,InflaRx N.V. Common Stock,$2.10,0.03,1.449%,151815004.00,Germany,2017,1134933,Health Care,Biotechnology: Pharmaceutical Preparations
IFS,Intercorp Financial Services Inc. Common Shares,$44.00,-0.58,-1.301%,5079699020.00,,2019,134286,Finance,Commercial Banks
IGA,Voya Global Advantage and Premium Opportunity Fund Common Shares of Beneficial Interest,$9.71,-0.12,-1.221%,0.00,United States,2005,43537,Finance,Investment Managers
IGAC,Invest Green Acquisition Corporation Class A Ordinary Shares,$9.9704,0.0054,0.054%,0.00,United States,2025,106,Finance,Blank Checks
IGACU,Invest Green Acquisition Corporation Units,$10.22,0.00,0.00%,0.00,United States,2025,4,Finance,Blank Checks
IGC,IGC Pharma Inc. Common Stock,$0.3349,0.0153,4.787%,32089456.00,United States,,1137726,Health Care,Biotechnology: Pharmaceutical Preparations
IGD,Voya Global Equity Dividend and Premium Opportunity Fund,$5.96,-0.15,-2.455%,0.00,United States,2005,410640,Finance,Trusts Except Educational Religious and Charitable
IGI,Western Asset Investment Grade Opportunity Trust Inc. Common Stock,$16.09,0.02,0.124%,0.00,United States,2009,12390,Finance,Investment Managers
IGIC,International General Insurance Holdings Ltd. Ordinary Share,$25.40,0.19,0.754%,1088192286.00,Jordan,2018,70978,Finance,Property-Casualty Insurers
IGR,CBRE Global Real Estate Income Fund Common Shares of Beneficial Interest,$4.75,-0.01,-0.21%,0.00,United States,2004,478243,Finance,Finance Companies
IH,iHuman Inc. American depositary shares each representing five Class A ordinary shares,$1.7227,0.0227,1.335%,88052127.00,United States,2020,13700,Real Estate,Other Consumer Services
IHD,Voya Emerging Markets High Income Dividend Equity Fund Common Shares,$7.19,-0.04,-0.553%,0.00,United States,2011,51333,Finance,Investment Managers
IHG,Intercontinental Hotels Group American Depositary Shares (Each representing one Ordinary Share),$142.94,-0.94,-0.653%,21639915733.00,United Kingdom,,164039,Consumer Discretionary,Hotels/Resorts
IHRT,iHeartMedia Inc. Class A Common Stock,$6.33,0.36,6.03%,956427875.00,United States,,1469884,Consumer Discretionary,Broadcasting
IHS,IHS Holding Limited Ordinary Shares,$8.20,-0.01,-0.122%,2751274020.00,Cayman Islands,2021,863003,Telecommunications,Telecommunications Equipment
IHT,InnSuites Hospitality Trust Shares of Beneficial Interest,$1.12,0.00,0.00%,10309414.00,United States,1999,2130,Finance,Investment Bankers/Brokers/Service
IIF,Morgan Stanley India Investment Fund Inc. Common Stock,$21.90,-0.06,-0.273%,0.00,United States,1994,26495,Finance,Trusts Except Educational Religious and Charitable
III,Information Services Group Inc. Common Stock,$4.11,0.03,0.735%,195941542.00,United States,,124029,Consumer Discretionary,Professional Services
IIIN,Insteel Industries Inc. Common Stock,$26.40,0.22,0.84%,513037721.00,United States,,352686,Industrials,Steel/Iron Ore
IIIV,i3 Verticals Inc. Class A Common Stock,$23.36,0.81,3.592%,711915879.00,United States,2018,196750,Technology,Computer Software: Prepackaged Software
IIM,Invesco Value Municipal Income Trust Common Stock,$12.07,-0.03,-0.248%,568116059.00,United States,,134811,Finance,Investment Managers
IINN,Inspira Technologies Oxy B.H.N. Ltd. Ordinary Shares,$0.468,0.0255,5.763%,20553155.00,Israel,2021,382186,Health Care,Medical/Dental Instruments
IINNW,Inspira Technologies Oxy B.H.N. Ltd. Warrant,$0.068,0.00,0.00%,2986356.00,Israel,2021,100,Health Care,Medical/Dental Instruments
IIPR,Innovative Industrial Properties Inc. Common Stock,$54.49,0.24,0.442%,1556968380.00,United States,2016,195283,Finance,Real Estate
IIPR^A,Innovative Industrial Properties Inc. 9.00% Series A Cumulative Redeemable Preferred Stock,$22.60,0.09,0.40%,,United States,,50154,,
IKT,Inhibikase Therapeutics Inc. Common Stock,$1.91,0.02,1.058%,252239635.00,United States,2020,945965,Health Care,Biotechnology: Biological Products (No Diagnostic Substances)
ILAG,Intelligent Living Application Group Inc. Ordinary Shares,$3.76,0.00,0.00%,7809324.00,Hong Kong,2022,203,Consumer Discretionary,Office Equipment/Supplies/Services
ILLR,Triller Group Inc. Common Stock,$0.2697,0.0317,13.319%,53256847.00,United States,2019,392061,Finance,Investment Managers
ILLRW,Triller Group Inc. Warrant,$0.0499,0.0021,4.393%,9853603.00,United States,2019,16615,Finance,Investment Managers
ILLUU,Illumination Acquisition Corp I Units,$10.03,0.00,0.00%,0.00,United States,2026,6,Finance,Blank Checks
ILLUW,Illumination Acquisition Corp I Warrant,$0.3769,-0.0221,-5.539%,0.00,United States,2026,1302,,
ILMN,Illumina Inc. Common Stock,$135.78,9.04,7.133%,20625920919.00,United States,2000,2773605,Health Care,Medical Specialities
ILPT,Industrial Logistics Properties Trust Common Shares of Beneficial Interest,$7.70,0.27,3.634%,513324127.00,United States,2018,454525,Real Estate,Real Estate Investment Trusts
IMA,ImageneBio Inc. Common Stock,$5.66,-0.36,-5.98%,60303230.00,United States,2021,109889,Health Care,Biotechnology: Biological Products (No Diagnostic Substances)
IMAX,Imax Corporation Common Stock,$36.51,-1.51,-3.972%,2008630180.00,Canada,,3739519,Consumer Discretionary,Industrial Machinery/Components
IMCC,IM Cannabis Corp. Common Shares,$0.2899,0.0065,2.294%,1708906.00,Canada,,467558,Health Care, Medicinal Chemicals and Botanical Products 
IMCR,Immunocore Holdings plc American Depositary Shares,$28.16,0.25,0.896%,1354167823.00,United Kingdom,2021,509845,Health Care,Biotechnology: Biological Products (No Diagnostic Substances)
IMDX,Insight Molecular Diagnostics Inc. Common Stock,$4.18,0.17,4.239%,134462148.00,United States,,135754,Health Care,Biotechnology: In Vitro & In Vivo Diagnostic Substances
IMKTA,Ingles Markets Incorporated Class A Common Stock,$91.31,-0.16,-0.175%,1734376473.00,United States,1987,87190,Consumer Staples,Food Chains
IMMP,Immutep Limited American Depositary Shares,$0.4362,-0.0261,-5.646%,64205165.00,Australia,,1652756,Health Care,Biotechnology: Pharmaceutical Preparations
IMMR,Immersion Corporation Common Stock,$6.35,0.22,3.589%,210187870.00,United States,1999,642403,Technology,Computer peripheral equipment
IMMX,Immix Biopharma Inc. Common Stock,$9.30,0.37,4.143%,493012456.00,United States,2021,803677,Health Care,Biotechnology: Pharmaceutical Preparations
IMNM,Immunome Inc. Common Stock,$22.73,-0.21,-0.915%,2571517613.00,United States,2020,986176,Health Care,Biotechnology: Pharmaceutical Preparations
IMNN,Imunon Inc. Common Stock,$2.80,-0.03,-1.06%,10983739.00,United States,,12932,Health Care,Biotechnology: Pharmaceutical Preparations
IMO,Imperial Oil Limited Common Stock,$128.48,-5.54,-4.134%,62132028640.00,Canada,1929,1360160,Energy,Integrated oil Companies
IMOS,ChipMOS TECHNOLOGIES INC. American Depositary Shares,$45.60,-0.02,-0.044%,1595961514.00,Taiwan,,66037,Technology,Semiconductors
IMPP,Imperial Petroleum Inc. Common Shares,$4.90,-0.16,-3.162%,221546924.00,Greece,,657160,Consumer Discretionary,Marine Transportation
IMPPP,Imperial Petroleum Inc. 8.75% Series A Cumulative Redeemable Perpetual Preferred Shares,$25.85,-0.2521,-0.966%,1168773059.00,Greece,,465,Consumer Discretionary,Marine Transportation
IMRN,Immuron Limited American Depositary Shares,$0.792,-0.031,-3.767%,5310755.00,Australia,2017,18285,Health Care,Biotechnology: Pharmaceutical Preparations
IMRX,Immuneering Corporation Class A Common Stock,$5.37,0.13,2.481%,347424109.00,United States,2021,647448,Health Care,Biotechnology: Pharmaceutical Preparations
IMSR,Terrestrial Energy Inc. Common Stock  ,$7.58,0.32,4.408%,623797252.00,United States,2024,1724122,,
IMSRW,Terrestrial Energy Inc. Warrant,$3.48,0.07,2.053%,0.00,United States,2024,27465,,
IMTE,Integrated Media Technology Limited Ordinary Shares,$0.5152,0.001,0.194%,1775603.00,Australia,,20889,Consumer Staples,Consumer Electronics/Appliances
IMTX,Immatics N.V. Ordinary Shares,$10.79,-0.20,-1.82%,1446902055.00,Germany,,210502,Health Care,Biotechnology: Biological Products (No Diagnostic Substances)
IMUX,Immunic Inc. Common Stock,$9.65,0.03,0.312%,131447311.00,United States,2014,185032,Health Care,Biotechnology: Pharmaceutical Preparations
IMVT,Immunovant Inc. Common Stock,$27.12,-0.025,-0.092%,5519792722.00,United States,2019,929819,Health Care,Biotechnology: Biological Products (No Diagnostic Substances)
IMXI,International Money Express Inc. Common Stock,$15.94,0.03,0.189%,480379524.00,United States,2017,293660,Real Estate,Real Estate
INAB,IN8bio Inc. Common Stock,$1.50,0.03,2.041%,14770634.00,United States,2021,22371,Health Care,Biotechnology: Biological Products (No Diagnostic Substances)
INAC,Indigo Acquisition Corp. Ordinary Shares,$10.17,0.01,0.098%,0.00,United States,2025,201,,
INACR,Indigo Acquisition Corp. Right,$0.145,0.00,0.00%,0.00,United States,2025,530,,
INACU,Indigo Acquisition Corp. Unit,$10.34,0.06,0.584%,0.00,United States,2025,201,,
INBK,First Internet Bancorp Common Stock,$23.72,0.80,3.49%,206759223.00,United States,,117806,Finance,Major Banks
INBKZ,First Internet Bancorp 6.0% Fixed-to-Floating Rate Subordinated Notes Due 2029,$24.95,0.065,0.261%,217391695.00,United States,,1578,Finance,Major Banks
INBS,Intelligent Bio Solutions Inc. Common Stock,$2.41,-0.04,-1.633%,4822827.00,United States,2020,65336,Health Care,Medical/Dental Instruments
INBX,Inhibrx Biosciences Inc. Common Stock,$128.79,-0.42,-0.325%,1881272364.00,United States,,327533,Health Care,Biotechnology: Biological Products (No Diagnostic Substances)
INCR,Intercure Ltd. Ordinary Shares,$0.8876,0.0459,5.453%,48535153.00,Israel,,23306,Health Care,Biotechnology: Pharmaceutical Preparations
INCY,Incyte Corp. Common Stock,$96.91,1.64,1.721%,19358523359.00,United States,,1203797,Health Care,Biotechnology: Commercial Physical & Biological Resarch
INDB,Independent Bank Corp. Common Stock,$77.45,-0.54,-0.692%,3761919756.00,United States,,268830,Finance,Major Banks
INDI,indie Semiconductor Inc. Class A Common Stock,$4.39,-0.12,-2.661%,994787008.00,United States,,4126971,Technology,Semiconductors
INDO,Indonesia Energy Corporation Limited Ordinary Shares,$3.23,-0.14,-4.154%,49699493.00,,2019,536153,Energy,Oil & Gas Production
INDP,Indaptus Therapeutics Inc. Common Stock,$2.14,-0.66,-23.571%,4798573.00,United States,,45190,Health Care,Biotechnology: Pharmaceutical Preparations
INDV,Indivior Pharmaceuticals Inc. Common Stock,$37.66,0.88,2.393%,4698831421.00,United Kingdom,,3260274,Health Care,Biotechnology: Pharmaceutical Preparations
INEO,INNEOVA Holdings Limited Class A Ordinary Shares,$0.5677,-0.0413,-6.782%,9180063.00,Singapore,2024,22515,Consumer Discretionary,Motor Vehicles
INFQ,Infleqtion Inc. Common Stock,$12.41,0.52,4.373%,2686416614.00,,2026,7466174,Technology,EDP Services
INFU,InfuSystems Holdings Inc. Common Stock,$10.37,0.24,2.369%,209411759.00,United States,,123030,Health Care,Medical/Dental Instruments
INFY,Infosys Limited American Depositary Shares,$12.48,0.02,0.161%,51844582159.00,India,,8388950,Technology,EDP Services
ING,ING Group N.V. Common Stock,$28.55,-0.38,-1.314%,82864595992.00,Netherlands,1997,2122288,Finance,Commercial Banks
INGM,Ingram Micro Holding Corporation Common Stock,$27.91,-2.86,-9.295%,6465254764.00,United States,2024,3171967,Technology,Retail: Computer Software & Peripheral Equipment
INGN,Inogen Inc Common Stock,$6.98,-0.13,-1.828%,190725820.00,United States,2014,175550,Health Care,Industrial Specialties
INGR,Ingredion Incorporated Common Stock,$110.43,-1.31,-1.172%,6963071993.00,United States,,633541,Consumer Staples,Packaged Foods
INHD,Inno Holdings Inc. Common Stock,$0.077,-0.0094,-10.88%,647818.00,United States,2023,16755765,Industrials,Steel/Iron Ore
INKT,MiNK Therapeutics Inc. Common Stock,$11.61,-0.59,-4.836%,57653611.00,United States,2021,19844,Health Care,Biotechnology: Biological Products (No Diagnostic Substances)
INLF,INLIF LIMITED Class A Ordinary Shares,$3.19,0.10,3.236%,44041938.00,China,2025,8895,Industrials,Industrial Machinery/Components
INLX,Intellinetics Inc. Common Stock,$7.00,-0.1801,-2.508%,31319904.00,,2022,4506,Technology,Computer Software: Prepackaged Software
INM,InMed Pharmaceuticals Inc. Common Shares,$0.7145,-0.0055,-0.764%,2003591.00,Canada,,24212,Health Care,Biotechnology: Pharmaceutical Preparations
INMB,INmune Bio Inc. Common stock,$1.51,0.08,5.594%,40143740.00,United States,2019,198947,Health Care,Biotechnology: Biological Products (No Diagnostic Substances)
INMD,InMode Ltd. Ordinary Shares,$14.41,-0.06,-0.415%,912999588.00,Israel,2019,316031,Health Care,Biotechnology: Electromedical & Electrotherapeutic Apparatus
INN,Summit Hotel Properties Inc. Common Stock,$5.19,0.22,4.427%,564665180.00,United States,2011,1005096,Real Estate,Real Estate Investment Trusts
INN^E,Summit Hotel Properties Inc. 6.250% Series E Cumulative Redeemable Preferred Stock,$18.42,0.03,0.163%,,United States,,2394,,
INN^F,Summit Hotel Properties Inc. 5.875% Series F Cumulative Redeemable Preferred Stock $0.01 par value per share,$17.6499,-0.1201,-0.676%,,United States,,2870,,
INNV,InnovAge Holding Corp. Common Stock,$8.32,0.17,2.086%,1129019599.00,United States,2021,125873,Health Care,Medical/Nursing Services
INO,Inovio Pharmaceuticals Inc. Common Stock,$1.10,-0.02,-1.786%,76381608.00,United States,,1105705,Health Care,Medical/Dental Instruments
INOD,Innodata Inc. Common Stock,$44.02,1.79,4.239%,1437473452.00,United States,1993,1015051,Technology,EDP Services
INR,Infinity Natural Resources Inc. Class A Common Stock,$16.19,-0.10,-0.614%,1028573479.00,United States,2025,219619,Energy,Oil & Gas Production
INSE,Inspired Entertainment Inc. Common Stock,$7.23,0.21,2.991%,192862817.00,United States,2014,131745,Technology,Computer Software: Prepackaged Software
INSG,Inseego Corp. Common Stock,$20.29,2.06,11.30%,329522038.00,United States,,506558,Telecommunications,Telecommunications Equipment
INSM,Insmed Incorporated Common Stock,$133.26,-3.07,-2.252%,28764457376.00,United States,,1562606,Health Care,Biotechnology: Pharmaceutical Preparations
INSP,Inspire Medical Systems Inc. Common Stock,$56.70,0.56,0.998%,1632616341.00,United States,2018,1109175,Health Care,Medical/Dental Instruments
INSW,International Seaways Inc. Common Stock ,$85.14,2.19,2.64%,4214829817.00,United States,2016,530483,Consumer Discretionary,Marine Transportation
INTA,Intapp Inc. Common Stock,$23.50,1.05,4.677%,1889301042.00,United States,2021,530721,Technology,Computer Software: Prepackaged Software
INTC,Intel Corporation Common Stock,$99.62,5.14,5.44%,500690120000.00,United States,,157419079,Technology,Semiconductors
INTG,Intergroup Corporation (The) Common Stock,$39.46,-2.23,-5.349%,84792122.00,United States,,16141,Real Estate,Building operators
INTJ,Intelligent Group Limited Class A Ordinary Shares ,$10.10,0.10,1.00%,15528730.00,Hong Kong,2024,602,Consumer Discretionary,Professional Services
INTR,Inter & Co. Inc. Class A Common Shares,$7.52,-0.07,-0.922%,3306575366.00,Brazil,,1291388,Finance,Commercial Banks
INTS,Intensity Therapeutics Inc. Common stock,$5.19,-0.02,-0.384%,13185288.00,United States,2023,38844,Health Care,Biotechnology: Biological Products (No Diagnostic Substances)
INTT,inTest Corporation Common Stock,$18.65,-0.04,-0.214%,234026839.00,United States,1997,193985,Industrials,Electrical Products
INTU,Intuit Inc. Common Stock,$399.04,10.54,2.713%,110354512000.00,United States,1993,2100364,Technology,Computer Software: Prepackaged Software
INTZ,Intrusion Inc. Common Stock,$0.7895,-0.0059,-0.742%,16081378.00,United States,,42016,Telecommunications,Computer Communications Equipment
INUV,Inuvo Inc.,$1.93,0.06,3.209%,28397489.00,United States,,85814,Consumer Discretionary,Advertising
INV,Innventure Inc. Common Stock,$6.30,-0.21,-3.226%,504436710.00,United States,,2060043,Finance,Blank Checks
INVA,Innoviva Inc. Common Stock,$23.11,0.12,0.522%,1711326976.00,United States,2004,406112,Health Care,Biotechnology: Pharmaceutical Preparations
INVE,Identiv Inc. Common Stock,$4.96,0.22,4.641%,118782427.00,United States,,312688,Technology,Computer peripheral equipment
INVH,Invitation Homes Inc. Common Stock,$28.53,-0.24,-0.834%,17385785233.00,United States,2017,4855710,Finance,Real Estate
INVX,Innovex International Inc. Common Stock,$27.69,-0.08,-0.288%,1898528576.00,United States,,277277,Consumer Discretionary,Oil and Gas Field Machinery
INVZ,Innoviz Technologies Ltd. Ordinary shares,$0.6711,0.001,0.149%,143966762.00,Israel,,818168,Consumer Discretionary,Auto Parts:O.E.M.
IONQ,IonQ Inc. Common Stock,$46.20,1.08,2.394%,16938802927.00,United States,2021,20549899,Technology,EDP Services
IONR,ioneer Ltd American Depositary Shares,$4.05,0.22,5.744%,307102756.00,Australia,,102150,Industrials,Mining & Quarrying of Nonmetallic Minerals (No Fuels)
IONS,Ionis Pharmaceuticals Inc. Common Stock,$75.28,0.52,0.696%,12440965216.00,United States,,1667325,Health Care,Biotechnology: Pharmaceutical Preparations
IOR,Income Opportunity Realty Investors Inc. Common Stock,$17.90,0.00,0.00%,72784586.00,United States,1987,18,Real Estate,Real Estate Investment Trusts
IOSP,Innospec Inc. Common Stock,$76.83,0.57,0.747%,1912334580.00,United States,,290199,Industrials,Major Chemicals
IOT,Samsara Inc. Class A Common Stock,$30.49,1.75,6.089%,17706039896.00,United States,2021,3866650,Technology,EDP Services
IOTR,iOThree Limited Ordinary Shares,$2.65,-0.08,-2.93%,6797253.00,Singapore,2025,6427,Consumer Discretionary,Telecommunications Equipment
IOVA,Iovance Biotherapeutics Inc. Common Stock,$3.40,0.04,1.19%,1518108146.00,United States,,9929437,Health Care,Biotechnology: Biological Products (No Diagnostic Substances)
IP,International Paper Company Common Stock,$31.76,1.34,4.405%,16816482061.00,United States,,13279412,Basic Materials,Paper
IPAR,Interparfums Inc. Common Stock,$91.73,0.51,0.559%,2941944838.00,United States,,236237,Consumer Discretionary,Package Goods/Cosmetics
IPCX,Inflection Point Acquisition Corp. III Class A Ordinary Shares,$10.30,0.00,0.00%,0.00,United States,2025,108,Finance,Blank Checks
IPCXR,Inflection Point Acquisition Corp. III Rights,$0.3899,0.0099,2.605%,0.00,United States,2025,1380,Finance,Blank Checks
IPDN,Professional Diversity Network Inc. Common Stock,$0.81,0.0342,4.408%,8298276.00,United States,2013,18366,Technology,Computer Software: Programming Data Processing
IPEX,Inflection Point Acquisition Corp. V Class A Ordinary Shares,$10.43,0.00,0.00%,,United States,2025,6209,Health Care,Biotechnology: Pharmaceutical Preparations
IPFXU,Inflection Point Acquisition Corp. VI Units,$10.13,-0.01,-0.099%,0.00,United States,2026,500,Finance,Blank Checks
IPGP,IPG Photonics Corporation Common Stock,$122.87,3.95,3.322%,5215018223.00,United States,2006,472706,Technology,Semiconductors
IPHA,Innate Pharma S.A. ADS,$1.44,0.00,0.00%,135057662.00,France,2019,10334,Health Care,Biotechnology: Biological Products (No Diagnostic Substances)
IPI,Intrepid Potash Inc Common Stock,$39.72,0.15,0.379%,533588193.00,United States,2008,191336,Industrials,Mining & Quarrying of Nonmetallic Minerals (No Fuels)
IPM,Intelligent Protection Management Corp. Common Stock ,$1.90,0.07,3.825%,17262885.00,United States,,22625,Technology,Computer Software: Programming Data Processing
IPOD,Dune Acquisition Corporation II Class A Ordinary Shares,$10.37,0.00,0.00%,0.00,United States,2025,21,Finance,Blank Checks
IPODW,Dune Acquisition Corporation II Warrants,$0.355,-0.005,-1.389%,0.00,United States,2025,2485,Finance,Blank Checks
IPSC,Century Therapeutics Inc. Common Stock,$2.31,0.02,0.873%,416618195.00,United States,2021,443886,Health Care,Biotechnology: Biological Products (No Diagnostic Substances)
IPST,IP Strategy Holdings Inc. Common Stock,$5.50,-0.06,-1.079%,2913141.00,United States,2024,33599,Consumer Staples,Beverages (Production/Distribution)
IPW,iPower Inc. Common Stock,$0.9181,0.0441,5.046%,1214166.00,United States,2021,848781,Consumer Discretionary,RETAIL: Building Materials
IPWR,Ideal Power Inc. Common Stock,$3.76,-0.06,-1.571%,45706188.00,United States,2013,243823,Technology,Semiconductors
IPX,IperionX Limited American Depositary Share,$33.46,-0.02,-0.06%,1135579098.00,United States,,224360,Basic Materials,Other Metals and Minerals
IQ,iQIYI Inc. American Depositary Shares,$1.22,0.04,3.39%,1177330177.00,China,2018,6179279,Consumer Discretionary,Consumer Electronics/Video Chains
IQI,Invesco Quality Municipal Income Trust Common Stock,$9.80,-0.04,-0.407%,518261211.00,United States,,165912,Finance,Finance Companies
IQST,iQSTEL Inc. Common Stock,$1.42,-0.02,-1.389%,7200455.00,United States,,124877,Telecommunications,Telecommunications Equipment
IQV,IQVIA Holdings Inc. Common Stock,$157.77,-0.60,-0.379%,26776355849.00,United States,2013,1523328,Health Care,Biotechnology: Commercial Physical & Biological Resarch
IR,Ingersoll Rand Inc. Common Stock,$77.99,-1.87,-2.342%,30520359684.00,United States,2017,3472836,Industrials,Industrial Machinery/Components
IRAB,Iris Acquisition Corp II Class A Ordinary Shares,$9.93,0.00,0.00%,0.00,,2026,4790,,
IRD,Opus Genetics Inc. Common Stock,$5.14,0.03,0.587%,367008706.00,United States,,676611,Health Care,Biotechnology: Pharmaceutical Preparations
IRDM,Iridium Communications Inc Common Stock,$39.44,0.37,0.947%,4169902223.00,United States,,1649345,Telecommunications,Telecommunications Equipment
IREN,IREN Limited Ordinary Shares,$45.66,0.15,0.33%,15171922288.00,Australia,2021,25997442,Technology,EDP Services
IRHO,Iron Horse Acquisitions II Corp. Common Stock,$9.95,0.00,0.00%,0.00,United States,2026,1838,,
IRHOR,Iron Horse Acquisitions Corp. II Rights,$0.17,0.0001,0.059%,0.00,United States,2026,11400,,
IRHOU,Iron Horse Acquisitions II Corp. Units,$10.01,-0.01,-0.10%,0.00,United States,2025,25228,Finance,Blank Checks
IRIX,IRIDEX Corporation Common Stock,$1.03,0.00,0.00%,17917211.00,United States,1996,82366,Health Care,Biotechnology: Electromedical & Electrotherapeutic Apparatus
IRM,Iron Mountain Incorporated (Delaware)Common Stock REIT,$127.19,1.20,0.952%,37836330734.00,United States,,2400426,Real Estate,Real Estate Investment Trusts
IRMD,iRadimed Corporation Common Stock,$87.15,3.71,4.446%,1114000627.00,United States,2014,346461,Health Care,Medical/Dental Instruments
IRON,Disc Medicine Inc. Common Stock,$66.91,0.96,1.456%,2555901045.00,United States,,399192,Health Care,Biotechnology: Pharmaceutical Preparations
IRS,IRSA Inversiones Y Representaciones S.A. Global Depositary Shares (Each representing ten shares of Common Stock),$13.59,-0.38,-2.72%,107119207.00,Argentina,,246529,Real Estate,Homebuilding
IRT,Independence Realty Trust Inc. Common Stock,$16.25,-0.06,-0.368%,3829268771.00,United States,2013,1868594,Real Estate,Real Estate Investment Trusts
IRTC,iRhythm Holdings Inc. Common Stock,$120.80,-8.36,-6.473%,3968606281.00,United States,2016,1336191,Health Care,Medical/Dental Instruments
IRWD,Ironwood Pharmaceuticals Inc. Class A Common Stock,$4.44,0.315,7.636%,730883523.00,United States,2010,1737622,Health Care,Biotechnology: Pharmaceutical Preparations
ISBA,Isabella Bank Corporation Common stock,$40.99,1.18,2.964%,300575571.00,United States,,26959,Finance,Major Banks
ISD,PGIM High Yield Bond Fund Inc.,$13.53,0.06,0.445%,0.00,United States,2012,83570,Finance,Trusts Except Educational Religious and Charitable
ISOU,IsoEnergy Ltd. Common Shares,$11.36,-0.62,-5.175%,687918057.00,,2025,79256,,
ISPC,iSpecimen Inc. Common Stock,$5.62,0.39,7.457%,4167545.00,United States,2021,9598112,Health Care,Biotechnology: Commercial Physical & Biological Resarch
ISPR,Ispire Technology Inc. Common Stock,$1.40,0.02,1.449%,80205810.00,United States,2023,36733,Health Care, Medicinal Chemicals and Botanical Products 
ISRG,Intuitive Surgical Inc. Common Stock,$457.78,0.17,0.037%,162128665811.00,United States,2000,1461914,Health Care,Industrial Specialties
ISSC,Innovative Solutions and Support Inc. Common Stock,$21.31,-0.69,-3.136%,378856489.00,United States,2000,386733,Technology,EDP Services
ISTR,Investar Holding Corporation Common Stock,$28.22,0.51,1.84%,387862030.00,United States,2014,152087,Finance,Major Banks
IT,Gartner Inc. Common Stock,$146.40,-2.09,-1.408%,9883491962.00,United States,1993,1554279,Consumer Discretionary,Other Consumer Services
ITGR,Integer Holdings Corporation Common Stock,$84.03,-4.48,-5.062%,2862909915.00,United States,,1035662,Health Care,Biotechnology: Electromedical & Electrotherapeutic Apparatus
ITHA,ITHAX Acquisition Corp III Class A Ordinary Shares,$9.93,0.00,0.00%,0.00,United States,2026,1202,,
ITIC,Investors Title Company Common Stock,$234.83,-1.95,-0.824%,443358101.00,United States,,8590,Finance,Specialty Insurers
ITOC,iTonic Holdings Ltd Class A Ordinary Shares,$0.3526,-0.0102,-2.811%,6011830.00,China,2024,60198,Health Care,Biotechnology: Electromedical & Electrotherapeutic Apparatus
ITP,IT Tech Packaging Inc. Common Stock,$0.198,0.006,3.125%,3359153.00,China,,125287,Consumer Discretionary,Containers/Packaging
ITRG,Integra Resources Corp. Common Shares,$2.69,-0.01,-0.37%,543807199.00,,,1234521,Basic Materials,Precious Metals
ITRI,Itron Inc. Common Stock,$85.40,1.60,1.909%,3786580234.00,United States,1993,557810,Industrials,Electrical Products
ITRN,Ituran Location and Control Ltd. Ordinary Shares,$58.31,0.71,1.233%,1159994650.00,Israel,2005,139999,Technology,Electronic Components
ITT,ITT Inc. Common Stock ,$209.89,-4.45,-2.076%,18764721369.00,United States,2011,517170,Industrials,Fluid Controls
ITUB,Itau Unibanco Banco Holding SA American Depositary Shares (Each repstg 500 Preferred shares),$8.62,-0.08,-0.92%,97903139269.00,Brazil,,10242432,Finance,Major Banks
ITW,Illinois Tool Works Inc. Common Stock,$255.47,-2.54,-0.984%,73595306076.00,United States,,2070685,Industrials,Industrial Machinery/Components
IVA,Inventiva S.A. American Depository Shares,$4.97,-0.16,-3.119%,1032306151.00,France,2020,207322,Health Care,Biotechnology: Pharmaceutical Preparations
IVDA,Iveda Solutions Inc. Common Stock,$0.3028,0.0118,4.055%,3373113.00,United States,,177199,Technology,Computer Software: Prepackaged Software
IVDAW,Iveda Solutions Inc. Warrant,$0.0663,0.0187,39.286%,738565.00,United States,,5060,Technology,Computer Software: Prepackaged Software
IVF,INVO Fertility Inc. Common Stock,$1.90,0.02,1.064%,2645216.00,United States,,23121,Health Care,Medical/Dental Instruments
IVR,INVESCO MORTGAGE CAPITAL INC Common Stock,$8.33,0.20,2.46%,724264562.00,United States,2009,3296543,Real Estate,Real Estate Investment Trusts
IVR^C,INVESCO MORTGAGE CAPITAL INC 7.5% Fixed-to-Floating Series C Cumulative Redeemable Preferred Stock Liquation Preference $25.00 per Share,$23.72,0.12,0.508%,,United States,,14952,,
IVT,InvenTrust Properties Corp. Common Stock,$32.15,0.03,0.093%,2505637803.00,United States,2021,361307,Real Estate,Real Estate Investment Trusts
IVVD,Invivyd Inc. Common Stock,$1.52,0.12,8.571%,429861872.00,United States,2021,1877485,Health Care,Biotechnology: Biological Products (No Diagnostic Substances)
IVZ,Invesco Ltd Common Stock,$25.89,-0.32,-1.221%,11477576211.00,United States,,3411098,Finance,Investment Managers
IX,ORIX Corporation American Depositary Shares,$33.05,-0.56,-1.666%,38435902164.00,Japan,,199654,Finance,Diversified Financial Services
IXHL,Incannex Healthcare Inc. Common Stock,$4.55,0.16,3.645%,54346624.00,Australia,,359682,Health Care,Biotechnology: Pharmaceutical Preparations
IZEA,IZEA Worldwide Inc. Common Stock,$4.17,0.07,1.707%,72291625.00,United States,,47225,Consumer Discretionary,Advertising
IZM,ICZOOM Group Inc. Class A Ordinary Shares,$0.3804,0.0187,5.17%,4571689.00,China,2023,151333,Consumer Discretionary,Consumer Electronics/Video Chains
J,Jacobs Solutions Inc. Common Stock,$128.92,-0.49,-0.379%,15141230240.00,United States,2022,649034,Industrials,Military/Government/Technical
JACK,Jack In The Box Inc. Common Stock,$12.28,-0.32,-2.54%,233762276.00,United States,,496379,Consumer Discretionary,Restaurants
JACS,Jackson Acquisition Company II Class A Ordinary Shares,$10.60,-0.005,-0.047%,0.00,,2025,1000,,
JAGU,Jaguar Uranium Corp. Class A Common Shares,$2.42,-0.09,-3.586%,48868940.00,,2026,157489,,
JAGX,Jaguar Health Inc. Common Stock,$6.69,-0.27,-3.879%,2684463.00,United States,2015,61948,Health Care,Biotechnology: Pharmaceutical Preparations
JAKK,JAKKS Pacific Inc. Common Stock,$24.06,2.30,10.57%,275352529.00,United States,1996,160497,Consumer Discretionary,Recreational Games/Products/Toys
JAN,Janus Living Inc. Class A-1 Common Stock,$26.47,0.23,0.877%,8679505800.00,,2026,448612,Real Estate,Real Estate Investment Trusts
JANX,Janux Therapeutics Inc. Common Stock,$14.34,-0.03,-0.209%,874188570.00,United States,2021,655220,Health Care,Biotechnology: Pharmaceutical Preparations
JATT,JATT II Acquisition Corp Ordinary Shares,$10.9377,0.4377,4.169%,0.00,United States,2026,1676,,
JAZZ,Jazz Pharmaceuticals plc Common Stock (Ireland),$202.72,-0.30,-0.148%,12479514152.00,Ireland,2007,572455,Health Care,Biotechnology: Pharmaceutical Preparations
JBDI,JBDI Holdings Limited Ordinary Shares,$0.572,0.00,0.00%,10884625.00,Singapore,2024,6058,,
JBGS,JBG SMITH Properties Common Shares ,$14.71,-0.29,-1.933%,1109669238.00,United States,2017,490509,Real Estate,Real Estate Investment Trusts
JBHT,J.B. Hunt Transport Services Inc. Common Stock,$248.73,-2.80,-1.113%,23455040762.00,United States,,597985,Industrials,Trucking Freight/Courier Services
JBI,Janus International Group Inc. Common Stock,$5.15,-0.05,-0.962%,702421164.00,United States,2021,1543494,Industrials,Building Products
JBIO,Jade Biosciences Inc. Common Stock,$24.23,-0.17,-0.697%,1195828593.00,United States,2021,613242,Health Care,Biotechnology: Pharmaceutical Preparations
JBK,Lehman ABS 3.50 3.50% Adjustable Corp Backed Tr Certs GS Cap I,$26.46,0.77,2.997%,0.00,United States,,1020,Finance,Finance: Consumer Services
JBL,Jabil Inc. Common Stock,$342.47,4.98,1.476%,36131482956.00,United States,1993,1258280,Technology,Electrical Products
JBLU,JetBlue Airways Corporation Common Stock,$4.86,0.205,4.404%,1808011825.00,United States,2002,48443561,Consumer Discretionary,Air Freight/Delivery Services
JBS,JBS N.V. Class A Common Shares,$16.08,0.02,0.125%,17219699957.00,,2025,3296728,Consumer Staples,Meat/Poultry/Fish
JBSS,John B. Sanfilippo & Son Inc. Common Stock,$79.65,-2.14,-2.616%,931074649.00,United States,1991,303981,Consumer Staples,Specialty Foods
JBTM,JBT Marel Corporation Common Stock,$115.44,-2.66,-2.252%,6008664583.00,United States,,568315,Industrials,Industrial Machinery/Components
JCAP,Jefferson Capital Inc. Common Stock,$20.87,0.13,0.627%,1287920842.00,United States,2025,245270,Finance,Finance Companies
JCE,Nuveen Core Equity Alpha Fund Common Shares of Beneficial Interest,$16.19,0.02,0.124%,0.00,United States,2007,28895,Finance,Trusts Except Educational Religious and Charitable
JCI,Johnson Controls International plc Ordinary Share,$145.08,-0.95,-0.651%,88789607347.00,Switzerland,,2062597,Industrials,Industrial Machinery/Components
JCSE,JE Cleantech Holdings Limited Ordinary Shares,$1.13,0.04,3.67%,5944094.00,Singapore,2022,50387,Consumer Discretionary,Miscellaneous manufacturing industries
JCTC,Jewett-Cameron Trading Company Common Shares,$2.00,0.04,2.041%,7040226.00,United States,,27144,Consumer Discretionary,RETAIL: Building Materials
JD,JD.com Inc. American Depositary Shares,$29.96,-0.36,-1.187%,40919989131.00,China,2014,4699136,Consumer Discretionary,Other Specialty Stores
JDZG,JIADE LIMITED Class A Ordinary Shares,$1.19,0.00,0.00%,5134608.00,China,2024,26142,Real Estate,Other Consumer Services
JEF,Jefferies Financial Group Inc. Common Stock,$49.29,1.07,2.219%,10076468412.00,United States,,2797372,Finance,Investment Bankers/Brokers/Service
JELD,JELD-WEN Holding Inc. Common Stock,$1.45,0.08,5.839%,125142454.00,United States,2017,1250345,Basic Materials,Forest Products
JEM,707 Cayman Holdings Limited Ordinary Shares,$1.25,0.02,1.626%,2251585.00,China,2025,13718,Consumer Discretionary,Clothing/Shoe/Accessory Stores
JENA,Jena Acquisition Corporation II Class A Ordinary Shares,$10.26,0.01,0.098%,0.00,,2025,1834,Finance,Blank Checks
JF,J and Friends Holdings Limited American Depositary Shares,$1.055,0.015,1.442%,19348862.00,China,2018,2105,Technology,Computer Software: Programming Data Processing
JFB,JFB Construction Holdings Class A Common Stock,$6.14,0.38,6.597%,87236506.00,United States,2025,442414,Consumer Discretionary,General Bldg Contractors - Nonresidential Bldgs
JFIN,Jiayin Group Inc. American Depositary Shares,$4.78,0.06,1.271%,250135230.00,China,2019,19015,Finance,Finance: Consumer Services
JFR,Nuveen Floating Rate Income Fund Common Stock,$7.53,-0.02,-0.265%,0.00,United States,2004,642845,Finance,Trusts Except Educational Religious and Charitable
JFU,9F Inc. American Depositary Shares,$3.15,-0.54,-14.634%,37085999.00,China,2019,7133,Finance,Finance: Consumer Services
JG,Aurora Mobile Limited American Depositary Shares,$6.90,-0.24,-3.361%,41134923.00,China,2018,3709,Technology,Computer Software: Programming Data Processing
JGH,Nuveen Global High Income Fund Common Shares of Beneficial Interest,$12.78,0.04,0.314%,0.00,United States,2014,80583,Finance,Investment Managers
JHG,Janus Henderson Group plc Ordinary Shares,$51.60,-0.01,-0.019%,7950301373.00,United Kingdom,2017,2144798,Finance,Investment Managers
JHI,John Hancock Investors Trust Common Stock,$13.3742,0.0442,0.332%,116951320.00,United States,,25358,Finance,Trusts Except Educational Religious and Charitable
JHS,John Hancock Income Securities Trust Common Stock,$11.17,0.0375,0.337%,130092354.00,United States,,10721,Finance,Finance Companies
JHX,James Hardie Industries plc. Ordinary Shares,$20.71,-0.28,-1.334%,12078900400.00,Ireland,2025,3805937,Industrials,Building Materials
JILL,J. Jill Inc. Common Stock,$12.40,-0.34,-2.669%,184837438.00,United States,2017,38686,Consumer Discretionary,Apparel
JJSF,J & J Snack Foods Corp. Common Stock,$87.03,-1.23,-1.394%,1654605918.00,United States,1986,273643,Consumer Staples,Specialty Foods
JKHY,Jack Henry & Associates Inc. Common Stock,$154.03,0.28,0.182%,11115939693.00,United States,1985,832329,Technology,EDP Services
JKS,JinkoSolar Holding Company Limited American Depositary Shares (each representing 4 Common Shares),$24.11,0.76,3.255%,1262645233.00,China,2010,452107,Technology,Semiconductors
JL,J-Long Group Limited Class A Ordinary Shares,$6.59,-0.07,-1.051%,24789610.00,Hong Kong,2024,16339,Consumer Discretionary,Clothing/Shoe/Accessory Stores
JLHL,Julong Holding Limited Class A Ordinary Shares,$11.45,-0.26,-2.22%,245586836.00,China,2025,27711,Consumer Discretionary,Military/Government/Technical
JLL,Jones Lang LaSalle Incorporated Common Stock,$315.24,-2.89,-0.908%,14624965257.00,United States,,446053,Finance,Real Estate
JLS,Nuveen Mortgage and Income Fund,$18.16,-0.01,-0.055%,0.00,United States,2009,16178,Finance,Investment Managers
JMIA,Jumia Technologies AG American Depositary Shares each representing two Ordinary Shares,$7.03,-0.06,-0.846%,870683799.00,,2019,1448640,Consumer Discretionary,Catalog/Specialty Distribution
JMM,Nuveen Multi-Market Income Fund (MA),$5.82,-0.04,-0.683%,0.00,United States,,7651,Finance,Trusts Except Educational Religious and Charitable
JMSB,John Marshall Bancorp Inc. Common Stock,$21.46,0.46,2.19%,302849078.00,United States,,18220,Finance,Major Banks
JNJ,Johnson & Johnson Common Stock,$227.19,-2.66,-1.157%,546895623641.00,United States,,6862884,Health Care,Biotechnology: Pharmaceutical Preparations
JOB,GEE Group Inc. Common Stock,$0.2314,0.006,2.662%,25424077.00,United States,1968,112156,Consumer Discretionary,Diversified Commercial Services
JOBY,Joby Aviation Inc. Common Stock,$9.25,0.06,0.653%,9094315859.00,United States,2020,26722961,Industrials,Aerospace
JOE,St. Joe Company (The) Common Stock,$61.74,-2.83,-4.383%,3544477718.00,United States,,551591,Real Estate,Homebuilding
JOF,Japan Smaller Capitalization Fund Inc Common Stock,$11.24,-0.08,-0.707%,0.00,United States,1990,64918,Finance,Trusts Except Educational Religious and Charitable
JOUT,Johnson Outdoors Inc. Class A Common Stock,$53.34,0.71,1.349%,557565900.00,United States,,56318,Consumer Discretionary,Recreational Games/Products/Toys
JOYY,JOYY Inc. American Depositary Shares,$58.85,-0.14,-0.237%,3043839229.00,Singapore,2012,184461,Technology,EDP Services
JPC,Nuveen Preferred & Income Opportunities Fund,$8.02,0.04,0.501%,0.00,United States,2003,1167496,Finance,Investment Managers
JPM,JP Morgan Chase & Co. Common Stock,$312.47,-0.76,-0.243%,838113167474.00,United States,,6133206,Finance,Major Banks
JPM^C,J P Morgan Chase & Co Depositary Shares each representing a 1/400th interest in a share of 6.00% Non-Cumulative  Preferred Stock Series EE,$25.38,0.06,0.237%,,United States,,75565,,
JPM^D,J P Morgan Chase & Co Depositary Shares each representing a 1/400th  interest in a share of 5.75% Non-Cumulative  Preferred Stock Series DD,$24.85,0.04,0.161%,,United States,,83124,,
JPM^J,J P Morgan Chase & Co Depositary Shares each representing a 1/400th interest in a share of JPMorgan Chase & Co. 4.75% Non-Cumulative Preferred Stock Series GG,$20.0101,-0.0699,-0.348%,,United States,,32235,,
JPM^K,J P Morgan Chase & Co Depositary Shares each representing a 1/400th interest in a share of 4.55% Non-Cumulative Preferred Stock Series JJ,$19.16,0.00,0.00%,,United States,,105251,,
JPM^L,J P Morgan Chase & Co Depositary Shares each representing a 1/400th interest in a share of 4.625% Non-Cumulative Preferred Stock Series LL,$19.44,-0.04,-0.205%,,United States,,81331,,
JPM^M,J P Morgan Chase & Co Depositary Shares each representing a 1/400th interest in a share of 4.20% Non-Cumulative Preferred Stock Series MM,$17.99,-0.05,-0.277%,,United States,,109092,,
JQC,Nuveen Credit Strategies Income Fund Shares of Beneficial Interest,$4.84,-0.02,-0.412%,0.00,United States,2003,673988,Finance,Finance Companies
JRI,Nuveen Real Asset Income and Growth Fund Common Shares of Beneficial Interest,$12.98,-0.01,-0.077%,0.00,United States,2012,167857,Finance,Finance Companies
JRS,Nuveen Real Estate Income Fund Common Shares of Beneficial Interest,$8.18,-0.03,-0.365%,0.00,United States,2001,49401,Finance,Finance/Investors Services
JRSH,Jerash Holdings (US) Inc. Common Stock,$3.53,0.04,1.146%,44830788.00,United States,2018,35731,Consumer Discretionary,Apparel
JRVR,James River Group Holdings Inc. Common Stock,$6.19,-0.01,-0.161%,284545535.00,Bermuda,2014,205713,Finance,Property-Casualty Insurers
JSM,Navient Corporation 6% Senior Notes due December 15 2043,$18.415,-0.035,-0.19%,1831022565.00,United States,,9935,Finance,Investment Bankers/Brokers/Service
JSPR,Jasper Therapeutics Inc. Common Stock,$0.9303,-0.0057,-0.609%,26045441.00,United States,2020,222689,Health Care,Biotechnology: Biological Products (No Diagnostic Substances)
JSPRW,Japer Therapeutics Inc. Warrants,$0.0174,-0.0011,-5.946%,487145.00,United States,2020,8853,Health Care,Biotechnology: Biological Products (No Diagnostic Substances)
JTAI,Jet.AI Inc. Common Stock,$7.03,0.22,3.231%,4190217.00,United States,2021,547826,Consumer Discretionary,Transportation Services
JUNS,Jupiter Neurosciences Inc. Common Stock,$0.39,0.0108,2.848%,14149688.00,United States,2024,87119,Health Care,Biotechnology: Pharmaceutical Preparations
JVA,Coffee Holding Co. Inc. Common Stock,$4.80,0.15,3.226%,27401275.00,United States,2005,34336,Consumer Staples,Packaged Foods
JWEL,Jowell Global Ltd. Ordinary Shares,$2.4862,-0.0438,-1.731%,5396235.00,China,2021,1941,Consumer Discretionary,Other Consumer Services
JXG,JX Luxventure Group Inc. Common Stock,$3.78,-0.07,-1.818%,7055831.00,China,2013,3894,Consumer Staples,Apparel
JXN,Jackson Financial Inc. Class A Common Stock ,$114.19,-1.58,-1.365%,8040526472.00,United States,2021,558952,Finance,Life Insurance
JXN^A,Jackson Financial Inc. Depositary Shares each representing a 1/1000th interest in a share of Fixed-Rate Reset Noncumulative Perpetual Preferred Stock Series A,$26.28,0.21,0.806%,,United States,,17500,,
JYD,Jayud Global Logistics Limited Class A Ordinary Shares,$5.19,-0.30,-5.464%,43071291.00,China,2023,4429,Industrials,Integrated Freight & Logistics
JYNT,The Joint Corp. Common Stock,$8.90,0.03,0.338%,127472573.00,United States,2014,48140,Miscellaneous,Multi-Sector Companies
JZ,Jianzhi Education Technology Group Company Limited American Depositary Shs,$0.8602,-0.0348,-3.888%,40643917.00,China,2022,296,Real Estate,Other Consumer Services
JZXN,Jiuzi Holdings Inc. Ordinary Shares,$0.9352,0.0151,1.641%,1242732.00,China,2021,79411,Consumer Discretionary,Retail-Auto Dealers and Gas Stations
KAI,Kadant Inc Common Stock,$285.85,-7.28,-2.484%,3375254485.00,United States,1992,287045,Industrials,Industrial Machinery/Components
KALA,KALA BIO Inc. Common Stock,$0.109,0.0039,3.711%,101314582.00,United States,2017,3391379,Health Care,Biotechnology: Pharmaceutical Preparations
KALU,Kaiser Aluminum Corporation Common Stock,$173.72,3.29,1.93%,2838690074.00,United States,,252956,Industrials,Metal Fabrications
KALV,KalVista Pharmaceuticals Inc. Common Stock,$26.65,-0.01,-0.038%,1347058708.00,United Kingdom,2015,5118471,Health Care,Biotechnology: Pharmaceutical Preparations
KAPA,Kairos Pharma Ltd. Common Stock,$0.567,0.002,0.354%,12140149.00,,2024,97635,Health Care,Biotechnology: Pharmaceutical Preparations
KARO,Karooooo Ltd. Ordinary Shares,$50.40,1.445,2.952%,1557022320.00,Singapore,2021,234228,Technology,Computer Software: Prepackaged Software
KB,KB Financial Group Inc,$110.21,-1.01,-0.908%,39519952842.00,South Korea,,142397,Finance,Commercial Banks
KBDC,Kayne Anderson BDC Inc. Common Stock,$15.09,0.19,1.275%,1003492198.00,,2024,241732,,
KBH,KB Home Common Stock,$51.44,-1.55,-2.925%,3222625774.00,United States,1986,998725,Consumer Discretionary,Homebuilding
KBON,Karbon Capital Partners Corp. Class A Ordinary Shares,$10.06,0.01,0.10%,0.00,United States,2026,6598,Finance,Blank Checks
KBONU,Karbon Capital Partners Corp. Units,$10.15,-0.04,-0.393%,0.00,United States,2025,9273,Finance,Blank Checks
KBONW,Karbon Capital Partners Corp. Warrant,$0.61,-0.045,-6.87%,0.00,United States,2026,1000,Finance,Blank Checks
KBR,KBR Inc. Common Stock,$37.45,-0.04,-0.107%,4735713123.00,United States,2006,1508213,Industrials,Military/Government/Technical
KBSX,FST Corp. Ordinary Shares,$1.28,0.00,0.00%,57300484.00,Taiwan,,6640,Consumer Discretionary,Recreational Games/Products/Toys
KC,Kingsoft Cloud Holdings Limited American Depositary Shares,$15.00,-0.07,-0.464%,4490544960.00,China,2020,449068,Technology,Computer Software: Prepackaged Software
KCHV,Kochav Defense Acquisition Corp. Class A Ordinary Shares,$10.29,0.00,0.00%,0.00,United States,2025,2025,,
KCHVR,Kochav Defense Acquisition Corp. Right,$0.2499,0.0098,4.082%,0.00,United States,2025,247,Finance,Blank Checks
KD,Kyndryl Holdings Inc. Common Stock,$14.36,0.54,3.907%,3237421677.00,United States,2021,4699526,Technology,EDP Services
KDK,Kodiak AI Inc. Common Stock ,$8.35,-0.13,-1.533%,1534120901.00,United States,,182967,Technology,EDP Services
KDKRW,Kodiak AI Inc. Warrants,$1.56,0.01,0.645%,286614204.00,United States,,17605,Technology,EDP Services
KDP,Keurig Dr Pepper Inc. Common Stock,$29.09,-0.31,-1.054%,39578675011.00,United States,,7140530,Consumer Staples,Beverages (Production/Distribution)
KE,Kimball Electronics Inc. Common Stock,$27.21,0.20,0.74%,658866586.00,United States,,125449,Technology,Electrical Products
KEEL,Keel Infrastructure Corp. Common Stock,$3.09,0.06,1.98%,1717922064.00,Canada,,20762499,Finance,Finance: Consumer Services
KELYA,Kelly Services Inc. Class A Common Stock,$9.65,-0.11,-1.127%,330142210.00,United States,,483139,Consumer Discretionary,Professional Services
KELYB,Kelly Services Inc. Class B Common Stock,$16.0619,0.305,1.936%,549503748.00,United States,,2611,Consumer Discretionary,Professional Services
KEN,Kenon Holdings Ltd. Ordinary Shares,$93.04,0.96,1.043%,4848165257.00,Singapore,2015,24285,Utilities,Electric Utilities: Central
KEP,Korea Electric Power Corporation Common Stock,$15.13,-0.16,-1.046%,19425832970.00,South Korea,1994,349020,Utilities,Electric Utilities: Central
KEQU,Kewaunee Scientific Corporation Common Stock,$37.716,0.706,1.908%,108108539.00,United States,,2307,Industrials,Medical Specialities
KEX,Kirby Corporation Common Stock,$147.22,-3.32,-2.205%,7894083620.00,United States,,834688,Consumer Discretionary,Marine Transportation
KEY,KeyCorp Common Stock,$21.87,-0.24,-1.085%,23459811066.00,United States,,5855712,Finance,Major Banks
KEY^I,KeyCorp Depositary Shares Each Representing a 1/40th Ownership Interest in a Share of Fixed-to-Floating Rate Perpetual Non-Cumulative Preferred Stock Series E,$25.03,0.01,0.04%,,United States,,35062,,
KEY^J,KeyCorp Depositary Shares each representing a 1/40th ownership interest in a share of Fixed Rate Perpetual Non-Cumulative Preferred Stock Series F,$21.4899,-0.0001,0.00%,,United States,,70715,,
KEY^K,KeyCorp Depositary Shares each representing a 1/40th ownership interest in a share of Fixed Rate Perpetual Non-Cumulative Preferred Stock Series G,$21.4237,0.0437,0.204%,,United States,,13383,,
KEY^L,KeyCorp Depositary Shares each representing a 1/40th ownership interest in a share of Fixed Rate Perpetual Non-Cumulative Preferred Stock Series H,$25.12,-0.07,-0.278%,,United States,,12138,,
KEYS,Keysight Technologies Inc. Common Stock,$352.41,2.50,0.714%,60439194263.00,United States,2014,946995,Industrials,Industrial Machinery/Components
KF,Korea Fund Inc. (The) New Common Stock,$59.59,0.17,0.286%,0.00,United States,,9856,Finance,Investment Managers
KFFB,Kentucky First Federal Bancorp Common Stock,$4.51,0.18,4.157%,36471085.00,United States,2005,837,Finance,Savings Institutions
KFII,K&F Growth Acquisition Corp. II Class A Ordinary shares,$10.48,0.00,0.00%,0.00,United States,2025,7130,,
KFIIU,K&F Growth Acquisition Corp. II Unit,$10.70,0.00,0.00%,0.00,United States,2025,32,Finance,Blank Checks
KFRC,Kforce Inc. Common Stock,$44.03,-1.18,-2.61%,785142960.00,United States,1995,284473,Consumer Discretionary,Professional Services
KFS,Kingsway Financial Services Inc. Common Stock (DE),$10.70,-0.06,-0.558%,309729305.00,Canada,,72146,Finance,Property-Casualty Insurers
KFY,Korn Ferry Common Stock,$66.52,0.08,0.12%,3451529027.00,United States,1999,306969,Consumer Discretionary,Diversified Commercial Services
KG,Kestrel Group Ltd.,$9.51,-0.21,-2.16%,87324168.00,Bermuda,2008,11977,Finance,Property-Casualty Insurers
KGC,Kinross Gold Corporation Common Stock,$29.55,-0.69,-2.282%,35455361743.00,Canada,2001,8192052,Basic Materials,Precious Metals
KGEI,Kolibri Global Energy Inc. Common stock,$5.83,0.09,1.568%,206815204.00,United States,,222235,Energy,Oil & Gas Production
KGS,Kodiak Gas Services Inc. Common Stock,$68.54,0.74,1.091%,5887209236.00,United States,2023,1306272,Utilities,Natural Gas Distribution
KHC,The Kraft Heinz Company Common Stock,$22.49,-0.17,-0.75%,26667794239.00,United States,,14251847,Consumer Staples,Packaged Foods
KIDS,OrthoPediatrics Corp. Common Stock,$15.63,0.57,3.785%,401475525.00,United States,2017,387177,Health Care,Medical/Dental Instruments
KIDZ,Classover Holdings Inc. Class B Common Stock,$0.845,-0.0908,-9.703%,1103104.00,United States,,710625,Real Estate,Other Consumer Services
KIDZW,Classover Holdings Inc. Warrants,$0.0141,-0.0037,-20.787%,18407.00,United States,,14717,Real Estate,Other Consumer Services
KIM,Kimco Realty Corporation (HC) Common Stock,$23.38,-0.26,-1.10%,15767547097.00,United States,,5918503,Real Estate,Real Estate Investment Trusts
KIM^L,Kimco Realty Corporation Class L Depositary Shares each of which represents a one-one thousandth fractional interest in a share of 5.125% Class L Cumulative Redeemable Preferred Stock liquidation preference $25000.00 per share,$19.7405,-0.0495,-0.25%,,United States,,6056,,
KIM^M,Kimco Realty Corporation Class M Depositary Shares each of which represents a one-one thousandth fractional interest in a share of 5.25% Class M Cumulative Redeemable Preferred Stock liquidation preference $25000.00 per share,$20.15,-0.01,-0.05%,,United States,,13909,,
KIM^N,Kimco Realty Corporation Depositary Shares each representing 1/1000th interest in a share of 7.25% Class N Cumulative Convertible Perpetual Preferred Stock,$60.35,0.15,0.249%,,United States,,454,,
KINS,Kingstone Companies Inc. Common Stock,$16.25,-0.42,-2.519%,235248406.00,United States,,146732,Finance,Property-Casualty Insurers
KIO,KKR Income Opportunities Fund Common Shares,$11.31,-0.03,-0.265%,0.00,United States,2013,228304,Finance,Investment Managers
KITT,Nauticus Robotics Inc. Common stock,$2.36,-0.05,-2.075%,10288757.00,United States,2021,156053,Industrials,Industrial Machinery/Components
KITTW,Nauticus Robotics Inc. Warrant,$0.0284,0.0082,40.594%,123814.00,United States,2021,465744,Industrials,Industrial Machinery/Components
KKR,KKR & Co. Inc. Common Stock,$103.68,-0.66,-0.633%,92435996690.00,United States,,4063833,Finance,Investment Managers
KKR^D,KKR & Co. Inc. 6.25% Series D Mandatory Convertible Preferred Stock,$44.51,0.13,0.293%,,United States,,31391,,
KKRS,KKR Group Finance Co. IX LLC 4.625% Subordinated Notes due 2061,$16.89,-0.09,-0.53%,15058294600.00,United States,2021,13555,Finance,Investment Managers
KKRT,KKR & Co. Inc. 6.875% Subordinated Notes due 2065,$25.23,0.14,0.558%,0.00,United States,2025,16577,Finance,Investment Managers
KLAC,KLA Corporation Common Stock,$1726.26,-24.09,-1.376%,226272310505.00,United States,1980,789169,Technology,Electronic Components
KLAR,Klarna Group plc Ordinary Shares,$14.55,0.63,4.526%,10267127460.00,,2025,3032926,Finance,Finance: Consumer Services
KLC,KinderCare Learning Companies Inc. Common Stock,$4.16,0.23,5.852%,492661724.00,United States,2024,1009723,Consumer Discretionary,Other Consumer Services
KLIC,Kulicke and Soffa Industries Inc. Common Stock,$86.33,0.83,0.971%,4517348126.00,Singapore,,606858,Technology,Semiconductors
KLRA,Kailera Therapeutics Inc. Common Stock,$25.15,0.15,0.60%,3092161641.00,United States,2026,551212,Health Care,Biotechnology: Pharmaceutical Preparations
KLRS,Kalaris Therapeutics Inc. Common Stock,$5.46,-0.06,-1.087%,125537909.00,United States,2020,86156,Health Care,Biotechnology: Biological Products (No Diagnostic Substances)
KLTR,Kaltura Inc. Common Stock,$1.46,0.09,6.569%,217153916.00,United States,2021,329665,Technology,Computer Software: Prepackaged Software
KLXE,KLX Energy Services Holdings Inc. Common Stock,$3.72,-0.01,-0.268%,73167757.00,United States,,183076,Energy,Oilfield Services/Equipment
KMB,Kimberly-Clark Corporation Common Stock,$97.67,-0.76,-0.772%,32420614668.00,United States,,4569061,Consumer Discretionary,Containers/Packaging
KMDA,Kamada Ltd. Ordinary Shares,$8.21,0.07,0.86%,473602520.00,Israel,2013,76022,Health Care,Biotechnology: Pharmaceutical Preparations
KMI,Kinder Morgan Inc. Common Stock,$32.53,-0.34,-1.034%,72373581875.00,United States,2011,9954796,Utilities,Natural Gas Distribution
KMPB,Kemper Corporation 5.875% Fixed-Rate Reset Junior Subordinated Debentures due 2062,$23.85,0.02,0.084%,1402268907.00,United States,2022,4736,Finance,Property-Casualty Insurers
KMPR,Kemper Corporation,$34.15,0.46,1.365%,2007860929.00,United States,,957027,Finance,Property-Casualty Insurers
KMRK,K-Tech Solutions Company Limited Class A Ordinary Shares,$2.26,-0.59,-20.702%,47686000.00,Hong Kong,2025,81359,Consumer Discretionary,Recreational Games/Products/Toys
KMT,Kennametal Inc. Common Stock,$38.47,-0.24,-0.62%,2931367528.00,United States,,1230194,Industrials,Industrial Machinery/Components
KMTS,Kestra Medical Technologies Ltd. Common Stock,$21.82,1.10,5.309%,1273706562.00,United States,2025,167635,Health Care,Medical/Dental Instruments
KMX,CarMax Inc,$38.53,-0.78,-1.984%,5464352149.00,United States,,2329497,Consumer Discretionary,Retail-Auto Dealers and Gas Stations
KN,Knowles Corporation Common Stock,$31.65,0.46,1.475%,2707994889.00,United States,2014,768337,Consumer Staples,Consumer Electronics/Appliances
KNDI,Kandi Technologies Group Inc. Ordinary Shares,$0.735,0.0003,0.041%,73805293.00,China,,84320,Industrials,Auto Manufacturing
KNF,Knife Riv Holding Co. Common Stock,$92.98,0.43,0.465%,5276973438.00,United States,2023,497689,Industrials,Mining & Quarrying of Nonmetallic Minerals (No Fuels)
KNOP,KNOT Offshore Partners LP Common Units representing Limited Partner Interests,$11.19,0.41,3.803%,376659227.00,United Kingdom,2013,161697,Consumer Discretionary,Marine Transportation
KNRX,KNOREX LTD. Class A Ordinary Shares,$1.02,-0.05,-4.673%,31031575.00,,2025,291691,Technology,Computer Software: Programming Data Processing
KNSA,Kiniksa Pharmaceuticals International plc Class A Ordinary Shares,$55.27,1.49,2.771%,4252364144.00,United States,2018,1021841,Health Care,Biotechnology: Pharmaceutical Preparations
KNSL,Kinsale Capital Group Inc. Common Stock,$311.74,-11.87,-3.668%,7189603195.00,United States,,332805,Finance,Property-Casualty Insurers
KNTK,Kinetik Holdings Inc. Class A Common Stock,$49.39,-1.15,-2.275%,8008506513.00,United States,2022,1631582,Utilities,Natural Gas Distribution
KNX,Knight-Swift Transportation Holdings Inc.,$64.00,-0.90,-1.387%,10399616000.00,United States,2017,2478642,Industrials,Trucking Freight/Courier Services
KO,Coca-Cola Company (The) Common Stock,$78.58,-0.18,-0.229%,338220333075.00,United States,,12608722,Consumer Staples,Beverages (Production/Distribution)
KOD,Kodiak Sciences Inc Common Stock,$43.96,0.48,1.104%,2732363913.00,United States,2018,527590,Health Care,Biotechnology: Biological Products (No Diagnostic Substances)
KODK,Eastman Kodak Company Common New,$14.08,0.75,5.626%,1374328609.00,United States,,1088163,Consumer Discretionary,Industrial Machinery/Components
KOF,Coca Cola Femsa S.A.B. de C.V.  American Depositary Shares each representing 10 Units (each Unit consists of 3 Series B Shares and 5 Series L Shares),$101.71,0.13,0.128%,5341891280.00,Mexico,1993,67382,Consumer Staples,Beverages (Production/Distribution)
KOP,Koppers Holdings Inc. Common Stock,$41.91,1.08,2.645%,810423225.00,United States,2006,145921,Basic Materials,Forest Products
KOPN,Kopin Corporation Common Stock,$4.30,-0.16,-3.587%,788948374.00,United States,1992,9485744,Technology,Semiconductors
KORE,KORE Group Holdings Inc. Common Stock,$9.15,0.01,0.109%,160920464.00,United States,,26833,Telecommunications,Telecommunications Equipment
KOS,Kosmos Energy Ltd. Common Shares (DE),$3.20,0.12,3.896%,1851279635.00,Bermuda,2011,18454374,Energy,Oil & Gas Production
KOSS,Koss Corporation Common Stock,$4.36,0.03,0.693%,41273670.00,United States,,16847,Consumer Staples,Consumer Electronics/Appliances
KOYN,CSLM Digital Asset Acquisition Corp III Class A Ordinary Shares,$10.10,0.005,0.05%,0.00,United States,2025,100,,
KOYNU,CSLM Digital Asset Acquisition Corp III Units,$10.1901,0.0001,0.001%,0.00,United States,2025,811,,
KOYNW,CSLM Digital Asset Acquisition Corp III Warrants,$0.2403,-0.0247,-9.321%,0.00,United States,2025,6300,,
KPLT,Katapult Holdings Inc. Common Stock,$7.22,0.07,0.979%,34403719.00,United States,2019,6511,Consumer Discretionary,Diversified Commercial Services
KPLTW,Katapult Holdings Inc. Warrant,$0.0019,-0.0002,-9.524%,9054.00,United States,2019,10000,Consumer Discretionary,Diversified Commercial Services
KPRX,Kiora Pharmaceuticals Inc.  Common Stock,$2.44,0.09,3.83%,9639532.00,United States,,280584,Health Care,Biotechnology: Pharmaceutical Preparations
KPTI,Karyopharm Therapeutics Inc. Common Stock,$8.77,0.46,5.535%,197704881.00,United States,2013,229791,Health Care,Biotechnology: Pharmaceutical Preparations
KR,Kroger Company (The) Common Stock,$67.77,-0.30,-0.441%,41517558028.00,United States,,3459985,Consumer Staples,Food Chains
KRAQ,KRAKacquisition Corp Class A Ordinary Shares,$9.91,0.01,0.101%,0.00,United States,2026,806,,
KRAQU,KRAKacquisition Corp Unit,$10.02,-0.01,-0.10%,0.00,United States,2026,4481,,
KRAQW,KRAKacquisition Corp Warrants,$0.4376,0.0175,4.166%,0.00,United States,2026,600,,
KRC,Kilroy Realty Corporation Common Stock,$33.64,0.38,1.143%,3911619067.00,United States,1997,1328552,Real Estate,Real Estate Investment Trusts
KREF,KKR Real Estate Finance Trust Inc. Common Stock,$6.35,0.22,3.589%,408307648.00,United States,2017,2295501,Real Estate,Real Estate Investment Trusts
KREF^A,KKR Real Estate Finance Trust Inc. 6.50% Series A Cumulative Redeemable Preferred Stock,$18.1999,0.0699,0.386%,,United States,,9116,,
KRG,Kite Realty Group Trust Common Stock,$26.34,0.18,0.688%,5348772953.00,United States,2004,1969434,Real Estate,Real Estate Investment Trusts
KRKR,36Kr Holdings Inc. American Depositary Shares,$3.39,0.0078,0.231%,133824328.00,China,2019,7901,Real Estate,Real Estate
KRMD,KORU Medical Systems Inc. Common Stock (DE),$4.07,0.08,2.005%,189307910.00,United States,,75501,Health Care,Medical/Dental Instruments
KRMN,Karman Holdings Inc. Common Stock,$65.73,-2.25,-3.31%,8710953633.00,United States,2025,1433359,Industrials,Military/Government/Technical
KRNT,Kornit Digital Ltd. Ordinary Shares,$15.94,0.13,0.822%,738667203.00,Israel,2015,119070,Industrials,Industrial Machinery/Components
KRNY,Kearny Financial Corp Common Stock,$8.13,0.09,1.119%,526329298.00,United States,2005,236002,Finance,Savings Institutions
KRO,Kronos Worldwide Inc Common Stock,$7.88,0.44,5.914%,906618554.00,United States,,306926,Basic Materials,Major Chemicals
KROS,Keros Therapeutics Inc. Common Stock,$11.49,0.37,3.327%,227362247.00,United States,2020,268353,Health Care,Biotechnology: Pharmaceutical Preparations
KRP,Kimbell Royalty Partners Common Units Representing Limited Partner Interests,$15.46,0.06,0.39%,1667948913.00,United States,2017,572340,Energy,Oil & Gas Production
KRRO,Korro Bio Inc. Common Stock,$13.57,0.08,0.593%,195714288.00,United States,2019,74983,Health Care,Biotechnology: Pharmaceutical Preparations
KRSP,Rice Acquisition Corporation 3 Class A Ordinary Shares,$10.3521,-0.0179,-0.173%,0.00,,2025,1722,,
KRT,Karat Packaging Inc. Common Stock,$28.97,0.28,0.976%,578349287.00,United States,2021,36661,Industrials,Plastic Products
KRUS,Kura Sushi USA Inc. Class A Common Stock,$56.11,1.04,1.889%,681617659.00,United States,2019,226907,Consumer Discretionary,Restaurants
KRYS,Krystal Biotech Inc. Common Stock,$266.04,3.78,1.441%,7831085866.00,United States,2017,255929,Health Care,Biotechnology: Biological Products (No Diagnostic Substances)
KSCP,Knightscope Inc. Class A Common Stock,$3.13,-0.01,-0.318%,50965518.00,United States,2022,493993,Telecommunications,Telecommunications Equipment
KSPI,Joint Stock Company Kaspi.kz American Depository Shares,$86.42,0.58,0.676%,16362198045.00,Kazakhstan,2024,392576,,
KSS,Kohl's Corporation Common Stock,$14.66,0.49,3.458%,1645631194.00,United States,1992,3415374,Consumer Discretionary,Department/Specialty Retail Stores
KT,KT Corporation Common Stock,$21.25,-0.18,-0.84%,10246540178.00,South Korea,,387612,Telecommunications,Telecommunications Equipment
KTB,Kontoor Brands Inc. Common Stock ,$72.20,-1.16,-1.581%,3989348980.00,United States,2019,479342,Industrials,Garments and Clothing
KTCC,Key Tronic Corporation Common Stock,$2.93,0.09,3.169%,31817658.00,United States,1983,4610,Technology,Electrical Products
KTF,DWS Municipal Income Trust,$9.09,-0.04,-0.438%,359063526.00,United States,1988,123494,Finance,Finance Companies
KTH,Structures Products Cp 8% CorTS Issued by Peco Energy Cap Tr II Preferred Stock,$28.40,0.15,0.531%,0.00,United States,,377,Finance,Finance: Consumer Services
KTN,Structured Products Corp 8.205% CorTS 8.205% Corporate Backed Trust Securities (CorTS),$26.10,0.10,0.385%,0.00,United States,,507,Finance,Finance: Consumer Services
KTOS,Kratos Defense & Security Solutions Inc. Common Stock,$62.05,-1.00,-1.586%,11629641888.00,United States,,2572711,Industrials,Military/Government/Technical
KTTA,Pasithea Therapeutics Corp. Common Stock,$0.841,0.1463,21.059%,20974496.00,United States,2021,1678124,Health Care,Biotechnology: Pharmaceutical Preparations
KTWO,K2 Capital Acquisition Corporation Class A Ordinary Share,$9.93,0.00,0.00%,199008719.00,Cayman Islands,2026,304,,
KULR,KULR Technology Group Inc. Common Stock,$2.68,0.10,3.876%,123960827.00,United States,,1240250,Technology,Electrical Products
KURA,Kura Oncology Inc. Common Stock,$8.77,-0.06,-0.68%,778448914.00,United States,,1217937,Health Care,Biotechnology: Pharmaceutical Preparations
KUST,Kustom Entertainment Inc. Common Stock,$3.36,0.00,0.00%,1769420.00,United States,,41097,Technology,Radio And Television Broadcasting And Communications Equipment
KVAC,Keen Vision Acquisition Corporation Ordinary Shares,$12.06,0.00,0.00%,0.00,United States,2023,31,,
KVACW,Keen Vision Acquisition Corporation Warrant,$0.0175,-0.0004,-2.235%,0.00,United States,2023,27050,,
KVHI,KVH Industries Inc. Common Stock,$9.24,0.14,1.538%,180128367.00,United States,1996,72209,Technology,Radio And Television Broadcasting And Communications Equipment
KVUE,Kenvue Inc. Common Stock,$17.43,-0.10,-0.57%,33464141231.00,United States,2023,11320693,Consumer Discretionary,Specialty Chemicals
KVYO,Klaviyo Inc. Series A Common Stock,$22.20,2.11,10.503%,6688225524.00,United States,2023,6056735,Technology,Computer Software: Prepackaged Software
KW,Kennedy-Wilson Holdings Inc. Common Stock,$10.88,-0.02,-0.183%,1506493912.00,United States,,600255,Finance,Real Estate
KWM,K Wave Media Ltd. Ordinary Shares,$0.4133,0.0102,2.53%,30271676.00,Cayman Islands,,455617,Consumer Discretionary,Movies/Entertainment
KWMWW,K Wave Media Ltd. Warrant,$0.04,0.0197,97.044%,2929753.00,Cayman Islands,,1145,Consumer Discretionary,Movies/Entertainment
KWR,Quaker Houghton Common Stock,$142.43,6.54,4.813%,2469035017.00,United States,,405521,Industrials,Major Chemicals
KXIN,Kaixin Holdings Ordinary Shares,$4.5274,-1.0526,-18.864%,7487247.00,China,2017,11809,Consumer Discretionary,Retail-Auto Dealers and Gas Stations
KYIV,Kyivstar Group Ltd. Common Shares,$12.29,0.40,3.364%,2837313939.00,United Arab Emirates,,208809,Telecommunications,Telecommunications Equipment
KYIVW,Kyivstar Group Ltd. Warrant,$4.71,0.16,3.516%,1087367669.00,United Arab Emirates,,4098,Telecommunications,Telecommunications Equipment
KYMR,Kymera Therapeutics Inc. Common Stock,$80.71,-0.36,-0.444%,6639009927.00,United States,2020,693640,Health Care,Biotechnology: Biological Products (No Diagnostic Substances)
KYN,Kayne Anderson Energy Infrastructure Fund Inc.,$14.09,-0.16,-1.123%,1918093258.00,United States,2004,407568,Finance,Finance/Investors Services
KYNB,Kyntra Bio Inc. Common Stock,$7.09,-0.18,-2.476%,28701114.00,United States,2014,4766,Health Care,Biotechnology: Pharmaceutical Preparations
KYTX,Kyverna Therapeutics Inc. Common Stock,$8.87,0.07,0.795%,536903699.00,United States,2024,533077,Health Care,Biotechnology: Biological Products (No Diagnostic Substances)
KZIA,Kazia Therapeutics Limited American Depositary Shares,$13.39,-0.25,-1.833%,153006178.00,Australia,,246075,Health Care,Biotechnology: Pharmaceutical Preparations
KZR,Kezar Life Sciences Inc. Common Stock,$7.33,0.02,0.274%,54033293.00,United States,2018,57314,Health Care,Biotechnology: Pharmaceutical Preparations
L,Loews Corporation Common Stock,$111.70,-0.91,-0.808%,22984251867.00,United States,,1100707,Finance,Property-Casualty Insurers
LAB,Standard BioTools Inc. Common Stock,$0.9355,0.0068,0.732%,365189375.00,United States,2011,2218635,Industrials,Biotechnology: Laboratory Analytical Instruments
LABT,Lakewood-Amedex Biotherapeutics Inc. Common Stock,$3.43,0.77,28.947%,23994459.00,United States,,46139169,Health Care,Biotechnology: Pharmaceutical Preparations
LAC,Lithium Americas Corp. Common Shares,$5.71,-0.02,-0.349%,1794653000.00,Canada,2023,12424060,Basic Materials,Metal Mining
LAD,Lithia Motors Inc. Common Stock,$290.90,0.78,0.269%,6634213038.00,United States,,401407,Consumer Discretionary,Retail-Auto Dealers and Gas Stations
LADR,Ladder Capital Corp Class A Common Stock,$10.34,0.06,0.584%,1320087989.00,United States,2014,408249,Real Estate,Real Estate Investment Trusts
LAES,SEALSQ Corp Ordinary Shares,$2.87,-0.03,-1.034%,639361377.00,Switzerland,,4419514,Technology,Semiconductors
LAKE,Lakeland Industries Inc. Common Stock,$9.50,-0.67,-6.588%,101870448.00,United States,1986,54827,Health Care,Industrial Specialties
LAMR,Lamar Advertising Company Class A Common Stock,$140.35,2.51,1.821%,14237320279.00,United States,1996,916339,Real Estate,Real Estate Investment Trusts
LAND,Gladstone Land Corporation Common Stock,$9.78,0.19,1.981%,418941684.00,United States,1993,522217,Real Estate,Real Estate Investment Trusts
LANDO,Gladstone Land Corporation 6.00% Series B Cumulative Redeemable Preferred Stock,$21.09,-0.06,-0.284%,903423325.00,United States,,8430,Real Estate,Real Estate Investment Trusts
LANDP,Gladstone Land Corporation 6.00% Series C Cumulative Redeemable Preferred Stock,$20.69,-0.03,-0.145%,886288695.00,United States,,20939,Real Estate,Real Estate Investment Trusts
LANV,Lanvin Group Holdings Limited Ordinary Shares,$1.59,0.03,1.923%,222243528.00,Cayman Islands,2022,5075,Consumer Discretionary,Apparel
LAR,Lithium Argentina AG Common Shares,$10.33,0.16,1.573%,1692054000.00,Canada,2023,2744938,Basic Materials,Metal Mining
LARK,Landmark Bancorp Inc. Common Stock,$26.59,0.07,0.264%,162154435.00,United States,,6798,Finance,Major Banks
LASE,Laser Photonics Corporation Common Stock,$0.7181,0.0091,1.283%,23370351.00,United States,2022,1883042,Miscellaneous,Industrial Machinery/Components
LASR,nLIGHT Inc. Common Stock,$70.98,1.13,1.618%,4003730460.00,United States,2018,721420,Technology,Semiconductors
LATA,Galata Acquisition Corp. II Class A Ordinary Shares,$10.04,0.00,0.00%,0.00,United States,2025,34,Finance,Blank Checks
LATAU,Galata Acquisition Corp. II Units,$10.05,-0.0001,-0.001%,0.00,United States,2025,202,,
LATAW,Galata Acquisition Corp. II Warrant,$0.30,-0.0499,-14.261%,0.00,United States,2025,5000,Finance,Blank Checks
LAUR,Laureate Education Inc. Common Stock,$31.24,1.145,3.805%,4375557905.00,United States,2017,2457894,Real Estate,Other Consumer Services
LAW,CS Disco Inc. Common Stock,$4.66,0.33,7.621%,295113201.00,United States,2021,280802,Technology,Computer Software: Prepackaged Software
LAZ,Lazard Inc. Common Stock,$45.13,-3.37,-6.948%,5042318803.00,Bermuda,2005,2938178,Finance,Investment Managers
LB,LandBridge Company LLC Class A Shares Representing Limited Liability Company Interests,$66.07,-2.66,-3.87%,5093277828.00,,2024,423255,Energy,Oil & Gas Production
LBGJ,Li Bang International Corporation Inc. Class A Ordinary Shares,$0.805,-0.0801,-9.05%,1116921.00,China,2024,45895,Industrials,Industrial Machinery/Components
LBRDA,Liberty Broadband Corporation Class A Common Stock,$39.99,1.56,4.059%,5738474223.00,United States,,194970,Telecommunications,Cable & Other Pay Television Services
LBRDK,Liberty Broadband Corporation Class C Common Stock,$40.10,1.61,4.183%,5754258973.00,United States,,2247349,Telecommunications,Cable & Other Pay Television Services
LBRDP,Liberty Broadband Corporation Series A Cumulative Redeemable Preferred Stock,$21.90,0.05,0.229%,3142600287.00,United States,,17111,Telecommunications,Cable & Other Pay Television Services
LBRT,Liberty Energy Inc. Class A common stock,$32.68,-1.11,-3.285%,5333095475.00,United States,2018,4090153,Energy,Oilfield Services/Equipment
LBRX,LB Pharmaceuticals Inc Common Stock,$31.43,-0.28,-0.883%,901275271.00,United States,2025,131981,Health Care,Biotechnology: Pharmaceutical Preparations
LBTYA,Liberty Global Ltd. Class A Common Shares,$11.96,0.38,3.282%,4043634128.00,United Kingdom,,4660971,Telecommunications,Cable & Other Pay Television Services
LBTYB,Liberty Global Ltd. Class B Common Shares,$16.49,1.31,8.63%,5575211269.00,United Kingdom,,7048,Telecommunications,Cable & Other Pay Television Services
LBTYK,Liberty Global Ltd. Class C Common Shares,$11.77,0.43,3.792%,3979395793.00,United Kingdom,,1372786,Telecommunications,Cable & Other Pay Television Services
LC,LendingClub Corporation Common Stock,$17.06,-0.01,-0.059%,1968194918.00,United States,2014,2429818,Finance,Finance: Consumer Services
LCCC,Lakeshore Acquisition III Corp. Ordinary Shares,$10.34,0.00,0.00%,0.00,United States,2025,4,Finance,Blank Checks
LCCCR,Lakeshore Acquisition III Corp. Rights,$0.11,0.00,0.00%,0.00,United States,2025,74,Finance,Blank Checks
LCCCU,Lakeshore Acquisition III Corp. Unit,$10.425,-0.045,-0.43%,0.00,United States,2025,800,Finance,Blank Checks
LCFY,Locafy Limited Ordinary Share,$4.44,0.04,0.909%,7987804.00,Australia,2022,3563,Technology,Computer Software: Programming Data Processing
LCFYW,Locafy Limited Warrant,$2.69,0.00,0.00%,4839458.00,Australia,2022,1,Technology,Computer Software: Programming Data Processing
LCID,Lucid Group Inc. Common Stock,$6.54,0.17,2.669%,2159146175.00,United States,,17728273,Industrials,Auto Manufacturing
LCII,LCI Industries,$116.79,-2.43,-2.038%,2836184069.00,United States,1995,341322,Consumer Discretionary,Auto Parts:O.E.M.
LCNB,LCNB Corporation Common Stock,$16.30,0.09,0.555%,232078846.00,United States,,25535,Finance,Major Banks
LCTX,Lineage Cell Therapeutics Inc. Common Stock,$1.53,0.02,1.325%,381426391.00,United States,,1362832,Health Care,Biotechnology: Biological Products (No Diagnostic Substances)
LCUT,Lifetime Brands Inc. Common Stock,$6.71,0.0025,0.037%,153357104.00,United States,1991,69826,Consumer Discretionary,Industrial Machinery/Components
LDI,loanDepot Inc. Class A Common Stock,$1.57,0.02,1.29%,529125083.00,United States,2021,1072803,Finance,Finance: Consumer Services
LDOS,Leidos Holdings Inc. Common Stock,$149.23,0.01,0.007%,18820605406.00,United States,,1164201,Technology,EDP Services
LDP,Cohen & Steers Limited Duration Preferred and Income Fund Inc.,$21.00,0.04,0.191%,0.00,United States,2012,33129,Finance,Finance Companies
LE,Lands' End Inc. Common Stock,$11.40,0.11,0.974%,349750746.00,United States,,237145,Consumer Discretionary,Clothing/Shoe/Accessory Stores
LEA,Lear Corporation Common Stock,$132.41,5.28,4.153%,6703515641.00,United States,,1091476,Consumer Discretionary,Auto Parts:O.E.M.
LECO,Lincoln Electric Holdings Inc. Common Shares,$266.25,1.25,0.472%,14596826633.00,United States,,496194,Industrials,Industrial Machinery/Components
LEDS,SemiLEDS Corporation Common Stock,$1.80,0.19,11.801%,14863775.00,Taiwan,2010,48730,Technology,Semiconductors
LEE,Lee Enterprises Incorporated Common Stock,$8.32,0.09,1.094%,184953092.00,United States,,25125,Consumer Discretionary,Newspapers/Magazines
LEG,Leggett & Platt Incorporated Common Stock,$10.89,0.02,0.184%,1485133039.00,United States,,2712711,Consumer Discretionary,Home Furnishings
LEGH,Legacy Housing Corporation Common Stock (TX),$21.62,-0.13,-0.598%,514822812.00,United States,2018,92837,Consumer Discretionary,Homebuilding
LEGN,Legend Biotech Corporation American Depositary Shares,$23.59,0.07,0.298%,4363103736.00,United States,2020,1116822,Health Care,Biotechnology: Pharmaceutical Preparations
LEGO,Legato Merger Corp. IV Ordinary Shares,$9.86,0.00,0.00%,298827375.00,,2026,32969,Industrials,Steel/Iron Ore
LEGT,Legato Merger Corp. III Ordinary Shares,$11.07,0.04,0.363%,0.00,,2024,12126,,
LEN,Lennar Corporation Class A Common Stock,$88.45,-1.85,-2.049%,21785084281.00,United States,,2184904,Consumer Discretionary,Homebuilding
LENZ,LENZ Therapeutics Inc. Common Stock,$8.88,-0.10,-1.114%,278427019.00,United States,2021,852331,Health Care,Biotechnology: Biological Products (No Diagnostic Substances)
LEO,BNY Mellon Strategic Municipals Inc. Common Stock,$6.32,0.00,0.00%,393678197.00,United States,1987,216208,Finance,Trusts Except Educational Religious and Charitable
LESL,Leslie's Inc. Common Stock,$1.71,0.015,0.885%,15931343.00,United States,2020,53795,Consumer Discretionary,Other Specialty Stores
LEU,Centrus Energy Corp. Class A Common Stock,$206.64,-4.32,-2.048%,3916321250.00,United States,2014,480846,Industrials,Mining & Quarrying of Nonmetallic Minerals (No Fuels)
LEVI,Levi Strauss & Co Class A Common Stock,$22.28,0.00,0.00%,8568804472.00,United States,2019,2813711,Consumer Discretionary,Apparel
LEXX,Lexaria Bioscience Corp. Common Stock,$0.7113,0.0523,7.936%,17631310.00,Canada,,108248,Health Care,Biotechnology: Pharmaceutical Preparations
LFAC,Leapfrog Acquisition Corporation Class A Ordinary Shares,$9.99,0.025,0.251%,0.00,United States,2026,142,Finance,Blank Checks
LFACU,Leapfrog Acquisition Corporation Units,$10.08,-0.0099,-0.098%,0.00,United States,2025,956,,
LFACW,Leapfrog Acquisition Corporation Warrants,$0.265,0.015,6.00%,0.00,United States,2026,1000,Finance,Blank Checks
LFCR,Lifecore Biomedical Inc. Common Stock,$5.26,0.19,3.748%,197131050.00,United States,,162098,Health Care,Biotechnology: Pharmaceutical Preparations
LFMD,LifeMD Inc. Common Stock,$5.00,0.32,6.838%,239869220.00,United States,,1151007,Health Care,Medical/Nursing Services
LFMDP,LifeMD Inc. 8.875% Series A Cumulative Perpetual Preferred Stock,$23.65,-0.005,-0.021%,1134581411.00,United States,,642,Health Care,Medical/Nursing Services
LFS,LEIFRAS Co. Ltd. American Depositary Shares  ,$2.03,0.04,2.01%,53106057.00,Japan,2025,32799,Consumer Discretionary,Other Consumer Services
LFST,LifeStance Health Group Inc. Common Stock,$7.53,-0.04,-0.528%,2920342408.00,United States,2021,3562409,Health Care,Medical/Nursing Services
LFT,Lument Finance Trust Inc. Common Stock,$1.19,0.00,0.00%,62355125.00,United States,2013,93201,Real Estate,Real Estate Investment Trusts
LFT^A,Lument Finance Trust Inc. 7.875% Series A Cumulative Redeemable Preferred Stock,$20.00,0.13,0.654%,,United States,,9305,,
LFUS,Littelfuse Inc. Common Stock,$407.08,2.91,0.72%,10242992960.00,United States,,303201,Energy,Electrical Products
LFVN,Lifevantage Corporation Common Stock (Delaware),$5.43,0.38,7.525%,69467939.00,United States,,168236,Health Care,Biotechnology: Pharmaceutical Preparations
LFWD,Lifeward Ltd. Ordinary Shares,$7.245,-0.035,-0.481%,20130848.00,Israel,2014,3676,Health Care,Industrial Specialties
LGCB,Linkage Global Inc. Class A Ordinary Shares,$0.55,-0.01,-1.786%,6139387.00,Japan,2023,20075,Consumer Discretionary,Catalog/Specialty Distribution
LGCL,Lucas GC Limited Ordinary Shares,$1.75,-0.095,-5.149%,74883207.00,China,2024,4548,Technology,Computer Software: Programming Data Processing
LGCY,Legacy Education Inc. Common Stock,$11.02,0.17,1.567%,138996208.00,,2024,131423,Real Estate,Other Consumer Services
LGHL,Lion Group Holding Ltd. American Depositary Share,$0.791,-0.056,-6.612%,754374.00,China,,93748,Finance,Investment Bankers/Brokers/Service
LGI,Lazard Global Total Return and Income Fund Common Stock,$17.54,-0.11,-0.623%,0.00,United States,2004,46518,,
LGIH,LGI Homes Inc. Common Stock,$48.53,-0.44,-0.899%,1127462500.00,United States,2013,344670,Consumer Discretionary,Homebuilding
LGL,LGL Group Inc. (The) Common Stock,$7.17,0.22,3.165%,46894919.00,United States,1946,402,Technology,Industrial Machinery/Components
LGN,Legence Corp. Class A Common stock,$90.095,3.135,3.605%,9733677484.00,United States,2025,1278914,Consumer Discretionary,Engineering & Construction
LGND,Ligand Pharmaceuticals Incorporated Common Stock,$227.44,-2.01,-0.876%,4557518685.00,United States,,232595,Health Care,Biotechnology: Pharmaceutical Preparations
LGO,Largo Inc. Common Shares,$1.15,-0.03,-2.542%,96225100.00,Canada,,1064051,Industrials,Mining & Quarrying of Nonmetallic Minerals (No Fuels)
LGPS,LogProstyle Inc. Common Shares,$0.6602,0.0002,0.03%,15615123.00,,2025,35477,Consumer Discretionary,Homebuilding
LGVN,Longeveron Inc. Class A Common Stock,$0.851,0.0006,0.071%,19800859.00,United States,2021,206748,Health Care,Biotechnology: Pharmaceutical Preparations
LH,Labcorp Holdings Inc. Common Stock,$255.84,-0.96,-0.374%,21026733849.00,United States,,654190,Health Care,Medical Specialities
LHAI,Linkhome Holdings Inc. Common stock,$1.10,0.03,2.804%,17853000.00,United States,2025,51891,Finance,Real Estate
LHSW,Lianhe Sowell International Group Ltd Class A Ordinary Shares,$0.2571,0.0081,3.253%,13369200.00,China,2025,446174,Technology,Computer Software: Prepackaged Software
LHX,L3Harris Technologies Inc. Common Stock,$313.37,-7.18,-2.24%,58533095916.00,United States,,1419698,Industrials,Industrial Machinery/Components
LI,Li Auto Inc. American Depositary Shares,$17.57,-0.26,-1.458%,18769249188.00,China,2020,1767023,Industrials,Auto Manufacturing
LICN,Lichen International Limited Class A Ordinary Shares,$4.60,0.44,10.577%,75609395.00,China,2023,4651,Consumer Discretionary,Professional Services
LIDR,AEye Inc. Class A Common Stock,$2.04,0.00,0.00%,92505675.00,United States,2021,1053991,Consumer Discretionary,Auto Parts:O.E.M.
LIDRW,AEye Inc. Warrant,$0.0498,-0.0017,-3.301%,2258227.00,United States,2021,517,Consumer Discretionary,Auto Parts:O.E.M.
LIEN,Chicago Atlantic BDC Inc. Common Stock,$9.25,0.02,0.217%,211090458.00,United States,2022,23130,Finance,Finance: Consumer Services
LIF,Life360 Inc. Common Stock,$45.75,2.66,6.173%,3691481627.00,United States,2024,803027,Technology,EDP Services
LIFE,Ethos Technologies Inc. Class A Common Stock,$18.65,1.11,6.328%,1172519028.00,United States,2026,440896,Finance,Specialty Insurers
LII,Lennox International Inc. Common Stock,$526.33,-8.56,-1.60%,18316267157.00,United States,1999,467084,Industrials,Industrial Machinery/Components
LILA,Liberty Latin America Ltd. Class A Common Stock,$8.25,0.13,1.601%,1666846772.00,United States,,232843,Telecommunications,Cable & Other Pay Television Services
LILAK,Liberty Latin America Ltd. Class C Common Stock,$8.45,0.14,1.685%,1707255179.00,United States,,552972,Telecommunications,Cable & Other Pay Television Services
LIMN,Liminatus Pharma Inc. Class A Common Stock,$0.2052,0.0011,0.539%,9208890.00,United States,,1024547,,
LIN,Linde plc Ordinary Shares,$507.92,6.78,1.353%,234835445695.00,United States,,2577787,Basic Materials,Major Chemicals
LINC,Lincoln Educational Services Corporation Common Stock,$40.93,-0.21,-0.51%,1297341101.00,United States,2005,237416,Real Estate,Other Consumer Services
LIND,Lindblad Expeditions Holdings Inc. Common Stock,$18.55,0.02,0.108%,1215019695.00,United States,2013,662642,Consumer Discretionary,Transportation Services
LINE,Lineage Inc. Common Stock,$37.04,0.16,0.434%,8413282194.00,United States,2024,803426,Real Estate,Real Estate Investment Trusts
LINK,Interlink Electronics Inc. Common Stock,$3.14,0.33,11.744%,49455022.00,United States,,25335,Technology,Computer peripheral equipment
LION,Lionsgate Studios Corp Common Shares,$12.65,0.21,1.688%,3670868611.00,Canada,2025,2976023,Consumer Discretionary,Movies/Entertainment
LIQT,LiqTech International Inc. Common Stock,$2.21,0.01,0.455%,21984729.00,Denmark,,7062,Technology,Industrial Machinery/Components
LITB,LightInTheBox Holding Co. Ltd. American Depositary Shares each representing twelve ordinary shares,$2.045,-0.125,-5.76%,36694386.00,China,,6734,Consumer Discretionary,Catalog/Specialty Distribution
LITE,Lumentum Holdings Inc. Common Stock,$949.93,47.61,5.276%,67825002000.00,United States,,4756619,Telecommunications,Telecommunications Equipment
LITS,Lite Strategy Inc. Common Stock,$1.13,-0.02,-1.739%,41089059.00,United States,2003,186002,Health Care,Biotechnology: Pharmaceutical Preparations
LIVE,Live Ventures Incorporated Common Stock,$13.16,0.01,0.076%,40422993.00,United States,,4732,Consumer Discretionary,Other Specialty Stores
LIVN,LivaNova PLC Ordinary Shares,$61.00,0.90,1.498%,3350515402.00,United Kingdom,,658117,Health Care,Biotechnology: Electromedical & Electrotherapeutic Apparatus
LIXT,Lixte Biotechnology Holdings Inc. Common Stock,$3.37,-0.13,-3.714%,39152471.00,United States,,7583,Health Care,Biotechnology: Pharmaceutical Preparations
LKFN,Lakeland Financial Corporation Common Stock,$61.38,0.86,1.421%,1529195909.00,United States,,178717,Finance,Major Banks
LKQ,LKQ Corporation Common Stock,$28.51,-3.07,-9.721%,7276012040.00,United States,2003,4367379,Consumer Discretionary,Motor Vehicles
LKSP,Lake Superior Acquisition Corp. Class A Ordinary Shares,$10.09,0.00,0.00%,0.00,United States,2025,10187,,
LKSPR,Lake Superior Acquisition Corp. Rights,$1.125,0.00,0.00%,0.00,United States,2025,1,,
LLY,Eli Lilly and Company Common Stock,$963.33,28.73,3.074%,910172372634.00,United States,,4349873,Health Care,Biotechnology: Pharmaceutical Preparations
LLYVA,Liberty Live Holdings Inc. Series A Liberty Live Group Common Stock,$92.50,1.29,1.414%,8503679383.00,United States,,136336,Consumer Discretionary,Services-Misc. Amusement & Recreation
LLYVK,Liberty Live Holdings Inc. Series C Liberty Live Group Common Stock,$94.665,1.065,1.138%,8702711446.00,United States,,255299,Consumer Discretionary,Services-Misc. Amusement & Recreation
LMAT,LeMaitre Vascular Inc. Common Stock,$112.04,2.29,2.087%,2559867288.00,United States,2006,230165,Health Care,Medical/Dental Instruments
LMB,Limbach Holdings Inc. Common Stock,$99.17,-0.60,-0.601%,1182212214.00,United States,,116940,Consumer Discretionary,Engineering & Construction
LMFA,LM Funding America Inc. Common Stock,$0.2425,0.0015,0.622%,3932569.00,United States,2015,425981,Finance,Finance: Consumer Services
LMND,Lemonade Inc. Common Stock,$56.66,0.02,0.035%,4352510090.00,United States,2020,2233986,Finance,Property-Casualty Insurers
LMNR,Limoneira Co Common Stock,$12.76,0.03,0.236%,231043751.00,United States,,55006,Consumer Staples,Farming/Seeds/Milling
LMRI,Lumexa Imaging Holdings Inc. Common Stock,$10.00,0.43,4.493%,961100390.00,United States,2025,440728,Health Care,Medical Specialities
LMT,Lockheed Martin Corporation Common Stock,$512.77,-5.20,-1.004%,118226101274.00,United States,,1402080,Industrials,Military/Government/Technical
LNAI,Lunai Bioworks Inc. Common Stock,$0.3199,-0.0101,-3.061%,11603131.00,United States,,7764660,Health Care,Biotechnology: Pharmaceutical Preparations
LNC,Lincoln National Corporation Common Stock,$37.53,-0.28,-0.741%,7134092937.00,United States,,1611989,Finance,Life Insurance
LNC^D,Lincoln National Corporation Depositary Shares Each Representing a 1/1000th Interest in a Share of 9.000% Non-Cumulative Preferred Stock Series D,$26.61,0.14,0.529%,,United States,,47507,,
LND,Brasilagro Brazilian Agric Real Estate Co Sponsored ADR (Brazil),$3.88,0.07,1.837%,398411763.00,Brazil,,32396,Consumer Staples,Farming/Seeds/Milling
LNG,Cheniere Energy Inc. Common Stock,$270.06,-4.89,-1.779%,56749573374.00,United States,2001,1999691,Utilities,Oil/Gas Transmission
LNKS,Linkers Industries Limited Class A Ordinary Shares,$1.58,0.05,3.268%,2538449.00,Malaysia,2024,326069,Technology,Electrical Products
LNN,Lindsay Corporation Common Stock,$111.67,-0.30,-0.268%,1160882794.00,United States,,127597,Industrials,Industrial Machinery/Components
LNSR,LENSAR Inc. Common Stock,$5.61,0.38,7.266%,67856490.00,United States,,78606,Health Care,Medical/Dental Instruments
LNT,Alliant Energy Corporation Common Stock,$74.06,0.63,0.858%,19127956331.00,United States,,4344513,Utilities,Power Generation
LNTH,Lantheus Holdings Inc. Common Stock,$85.50,0.88,1.04%,5555072142.00,United States,2015,981559,Health Care,Biotechnology: In Vitro & In Vivo Diagnostic Substances
LNZA,LanzaTech Global Inc. Common Stock,$24.78,0.07,0.283%,250009459.00,United States,2021,19050,Industrials,Major Chemicals
LNZAW,LanzaTech Global Inc. Warrant,$0.0164,0.0011,7.19%,165462.00,United States,2021,9615,Industrials,Major Chemicals
LOAN,Manhattan Bridge Capital Inc,$4.35,0.02,0.462%,49717677.00,United States,,20081,Real Estate,Real Estate Investment Trusts
LOAR,Loar Holdings Inc. Common Stock,$55.37,-0.75,-1.336%,5183986959.00,United States,2024,512280,Industrials,Military/Government/Technical
LOB,Live Oak Bancshares Inc. Common Stock,$37.17,-0.43,-1.144%,1718736748.00,United States,2022,191239,Finance,Major Banks
LOB^A,Live Oak Bancshares Inc. Depositary Shares Each Representing a 1/40th Interest in a Share of 8.375% Fixed Rate Series A Non-Cumulative Perpetual Preferred Stock,$25.34,0.02,0.079%,,United States,,8635,,
LOBO,LOBO TECHNOLOGIES LTD. Class A Ordinary Shares,$0.6438,-0.015,-2.277%,8911440.00,China,2024,149610,Consumer Discretionary,Motor Vehicles
LOCL,Local Bounti Corporation Common Stock,$2.02,-0.26,-11.404%,46046300.00,,2021,84761,Consumer Staples,Farming/Seeds/Milling
LOCO,El Pollo Loco Holdings Inc. Common Stock,$13.07,-0.45,-3.328%,391528305.00,United States,2014,259959,Consumer Discretionary,Restaurants
LODE,Comstock Inc. Common Stock,$3.32,0.04,1.22%,252031439.00,United States,,688448,Industrials,Major Chemicals
LOGI,Logitech International S.A. Ordinary Shares,$99.49,0.21,0.212%,14584134238.00,United States,1997,893425,Technology,Computer peripheral equipment
LOKV,Live Oak Acquisition Corp. V Class A Ordinary Shares,$10.46,0.01,0.096%,0.00,United States,2025,177016,,
LOKVW,Live Oak Acquisition Corp. V Warrants,$1.45,0.00,0.00%,0.00,United States,2025,65240,,
LOMA,Loma Negra Compania Industrial Argentina Sociedad Anonima ADS,$10.61,-0.43,-3.895%,1238151244.00,Argentina,2017,226712,Industrials,Building Materials
LONA,LeonaBio Inc. Common Stock,$8.82,-0.28,-3.077%,82850793.00,United States,2020,31023,Health Care,Biotechnology: Biological Products (No Diagnostic Substances)
LOOP,Loop Industries Inc. Common Stock,$1.38,0.03,2.222%,66705826.00,Canada,,141811,Industrials,Major Chemicals
LOPE,Grand Canyon Education Inc. Common Stock,$163.41,-5.66,-3.348%,4346206456.00,United States,2008,435644,Real Estate,Other Consumer Services
LOT,Lotus Technology Inc. American Depositary Shares,$1.30,-0.01,-0.763%,834716838.00,China,,29539,Industrials,Auto Manufacturing
LOVE,The Lovesac Company Common Stock,$15.76,-0.05,-0.316%,232931224.00,United States,2018,130538,Consumer Discretionary,Other Specialty Stores
LOW,Lowe's Companies Inc. Common Stock,$233.33,-5.46,-2.287%,130679599889.00,United States,,1879518,Consumer Discretionary,RETAIL: Building Materials
LPA,Logistic Properties of the Americas Ordinary Shares,$3.42,-0.15,-4.202%,108132927.00,,2024,12395,Finance,Real Estate
LPAA,Launch One Acquisition Corp. Class A Ordinary shares,$10.75,0.01,0.093%,0.00,United States,2024,150,,
LPAAW,Launch One Acquisition Corp. Warrant,$0.13,0.00,0.00%,0.00,United States,2024,114,Finance,Blank Checks
LPBB,Launch Two Acquisition Corp. Class A Ordinary Shares,$10.64,0.005,0.047%,0.00,United States,2024,94310,,
LPBBW,Launch Two Acquisition Corp. Warrant,$0.1699,0.0099,6.188%,0.00,United States,2024,14359,,
LPCN,Lipocine Inc. Common Stock,$2.33,0.00,0.00%,17417018.00,United States,,87491,Health Care,Biotechnology: Pharmaceutical Preparations
LPCV,Launchpad Cadenza Acquisition Corp I Class A Ordinary Share,$9.99,0.00,0.00%,0.00,United States,2026,811,,
LPCVU,Launchpad Cadenza Acquisition Corp I Unit,$10.035,0.00,0.00%,0.00,United States,2025,11,Finance,Blank Checks
LPCVW,Launchpad Cadenza Acquisition Corp I Warrant,$0.26,0.00,0.00%,0.00,United States,2026,50,,
LPG,Dorian LPG Ltd. Common Stock,$39.18,0.63,1.634%,1674713956.00,United States,2014,313589,Consumer Discretionary,Marine Transportation
LPL,LG Display Co Ltd AMERICAN DEPOSITORY SHARES,$4.33,0.05,1.168%,2165000000.00,South Korea,2004,1399286,Technology,Industrial Machinery/Components
LPLA,LPL Financial Holdings Inc. Common Stock,$318.63,-15.50,-4.639%,25550327930.00,United States,2010,1288989,Finance,Investment Bankers/Brokers/Service
LPRO,Open Lending Corporation Common Stock,$1.77,0.01,0.568%,209244235.00,United States,,496311,Finance,Finance: Consumer Services
LPSN,LivePerson Inc. Common Stock,$2.68,0.14,5.512%,32303656.00,United States,2000,104680,Technology,Computer Software: Prepackaged Software
LPTH,LightPath Technologies Inc. Class A Common Stock,$13.70,0.89,6.948%,790607861.00,United States,1996,2736595,Technology,Semiconductors
LPX,Louisiana-Pacific Corporation Common Stock,$71.26,-0.93,-1.288%,4977399834.00,United States,,772686,Basic Materials,Forest Products
LQDA,Liquidia Corporation Common Stock,$38.14,-1.07,-2.729%,3390402705.00,United States,2018,770362,Health Care,Biotechnology: Pharmaceutical Preparations
LQDT,Liquidity Services Inc. Common Stock,$35.91,0.26,0.729%,1113708467.00,United States,2006,135424,Real Estate,Real Estate
LRCX,Lam Research Corporation Common Stock,$256.72,-1.14,-0.442%,321046587120.00,United States,1984,8089062,Technology,Industrial Machinery/Components
LRE,Lead Real Estate Co. Ltd American Depositary Shares,$1.30,-0.04,-2.985%,17734470.00,Japan,2023,7195,Consumer Discretionary,Homebuilding
LRHC,La Rosa Holdings Corp. Common Stock,$1.89,0.03,1.613%,101115.00,United States,2023,8170137,Finance,Real Estate
LRMR,Larimar Therapeutics Inc. Common Stock,$3.94,-0.12,-2.956%,409298772.00,United States,2014,2193127,Health Care,Biotechnology: Pharmaceutical Preparations
LRN,Stride Inc. Common Stock,$93.08,-4.08,-4.199%,3958212107.00,United States,,748645,Real Estate,Other Consumer Services
LSAK,Lesaka Technologies Inc. Common Stock,$4.81,0.04,0.839%,403658447.00,South Africa,,26301,Finance,Investment Bankers/Brokers/Service
LSBK,Lake Shore Bancorp Inc. Common Stock,$15.9847,0.0647,0.406%,125693898.00,United States,2006,1731,Finance,Savings Institutions
LSCC,Lattice Semiconductor Corporation Common Stock,$120.96,-1.32,-1.079%,16555725890.00,United States,,1938803,Technology,Semiconductors
LSE,Leishen Energy Holding Co. Ltd. Class A Ordinary Shares,$5.22,-0.0259,-0.494%,88870500.00,China,2024,7988,Consumer Discretionary,Oil and Gas Field Machinery
LSF,Laird Superfood Inc. Common Stock,$3.13,-0.06,-1.881%,34195932.00,,2020,41555,Consumer Staples,Packaged Foods
LSH,Lakeside Holding Limited Common Stock,$0.5405,-0.0594,-9.902%,18608096.00,United States,2024,6241,,
LSPD,Lightspeed Commerce Inc. Subordinate Voting Shares,$9.32,0.07,0.757%,1279644751.00,Canada,,833787,Technology,Computer Software: Prepackaged Software
LSTA,Lisata Therapeutics Inc. Common Stock,$3.13,0.01,0.321%,28271071.00,United States,,7976,Health Care,Misc Health and Biotechnology Services
LSTR,Landstar System Inc. Common Stock,$181.56,-2.51,-1.364%,6160005808.00,United States,1993,591817,Industrials,Trucking Freight/Courier Services
LTBR,Lightbridge Corporation Common Stock,$12.57,-0.48,-3.678%,435570348.00,United States,,718709,Consumer Discretionary,Professional Services
LTC,LTC Properties Inc. Common Stock,$38.50,0.28,0.733%,1906032475.00,United States,,288200,Real Estate,Real Estate Investment Trusts
LTH,Life Time Group Holdings Inc. Common Stock,$26.67,-0.14,-0.522%,5939477275.00,United States,2021,2243702,Consumer Discretionary,Hotels/Resorts
LTM,LATAM Airlines Group S.A. American Depositary Shares (each representing two thousand (2000) shares of Common Stock),$47.26,-0.27,-0.568%,13568723702.00,Chile,2024,494550,Consumer Discretionary,Air Freight/Delivery Services
LTRN,Lantern Pharma Inc. Common Stock,$2.12,0.07,3.415%,23859958.00,United States,2020,259276,Health Care,Biotechnology: Pharmaceutical Preparations
LTRX,Lantronix Inc. Common Stock,$7.08,0.37,5.514%,281019544.00,United States,2000,1243443,Telecommunications,Computer Communications Equipment
LTRYW,Sports Entertainment Gaming Global Corporation Warrants,$0.0089,-0.0009,-9.184%,112527.00,United States,2023,31711,Technology,Computer Software: Prepackaged Software
LU,Lufax Holding Ltd American Depositary Shares each representing two (2) Ordinary Shares,$1.95,0.04,2.094%,1690043339.00,China,,943533,Finance,Finance: Consumer Services
LUCD,Lucid Diagnostics Inc. Common Stock,$1.09,0.02,1.869%,193206231.00,United States,2021,786193,Health Care,Medical/Dental Instruments
LUCK,Lucky Strike Entertainment Corporation Class A Common Stock,$7.81,-0.14,-1.761%,1075472520.00,United States,2021,33063,Consumer Discretionary,Services-Misc. Amusement & Recreation
LUCY,Innovative Eyewear Inc. Common Stock,$1.0312,-0.0188,-1.79%,6497242.00,United States,2022,22628,Health Care,Ophthalmic Goods
LUCYW,Innovative Eyewear Inc. Series A Warrants 8/16/27,$0.0448,0.00,0.00%,282270.00,United States,2022,6,Health Care,Ophthalmic Goods
LUD,Luda Technology Group Limited Ordinary Shares,$6.02,-0.18,-2.903%,136593800.00,,2025,14181,Industrials,Steel/Iron Ore
LULU,lululemon athletica inc. Common Stock,$133.58,-4.12,-2.992%,14758275192.00,Canada,2007,4172480,Consumer Discretionary,Apparel
LUMN,Lumen Technologies Inc. Common Stock,$9.32,0.48,5.43%,9547124756.00,United States,,12028987,Telecommunications,Telecommunications Equipment
LUNG,Pulmonx Corporation Common Stock,$1.35,0.07,5.469%,57020224.00,United States,2020,1078434,Health Care,Medical/Dental Instruments
LUNR,Intuitive Machines Inc. Class A Common Stock,$25.62,0.27,1.065%,5554782827.00,United States,2021,7285050,Industrials,Industrial Machinery/Components
LUV,Southwest Airlines Company Common Stock,$38.76,0.84,2.215%,18944869116.00,United States,,10094898,Consumer Discretionary,Air Freight/Delivery Services
LUXE,LuxExperience B.V. American Depositary Shares each representing one Ordinary Share,$9.00,0.00,0.00%,1227368304.00,,2021,126707,Consumer Discretionary,Catalog/Specialty Distribution
LVLU,Lulu's Fashion Lounge Holdings Inc. Common Stock,$10.80,-0.1539,-1.405%,30935574.00,United States,2021,10624,Consumer Discretionary,Catalog/Specialty Distribution
LVO,LiveOne Inc. Common Stock,$5.38,0.03,0.561%,67095287.00,United States,,53486,Consumer Discretionary,Restaurants
LVS,Las Vegas Sands Corp. Common Stock,$53.79,-0.82,-1.502%,35643261712.00,United States,2004,4946469,Consumer Discretionary,Hotels/Resorts
LVWR,LiveWire Group Inc. Common Stock,$1.78,-0.04,-2.198%,364476057.00,United States,2022,74478,Consumer Discretionary,Motor Vehicles
LW,Lamb Weston Holdings Inc. Common Stock ,$43.86,0.31,0.712%,6055873140.00,United States,2016,1564050,Consumer Staples,Packaged Foods
LWAC,LightWave Acquisition Corp. Class A Ordinary Shares,$10.18,0.00,0.00%,0.00,United States,2025,7,Finance,Blank Checks
LWAY,Lifeway Foods Inc. Common Stock,$27.10,0.26,0.969%,410554160.00,United States,,60751,Consumer Staples,Packaged Foods
LWLG,Lightwave Logic Inc. Common Stock,$16.27,2.55,18.586%,2421482355.00,United States,,16649073,Industrials,Containers/Packaging
LX,LexinFintech Holdings Ltd. American Depositary Shares,$2.16,0.05,2.37%,355942672.00,China,2017,1439108,Finance,Finance: Consumer Services
LXEH,Lixiang Education Holding Co. Ltd. American Depositary Shares,$0.94,0.0544,6.143%,1801667.00,China,2020,95717,Real Estate,Other Consumer Services
LXEO,Lexeo Therapeutics Inc. Common Stock,$5.77,0.075,1.317%,427482354.00,United States,2023,448587,Health Care,Biotechnology: Biological Products (No Diagnostic Substances)
LXFR,Luxfer Holdings PLC Ordinary Shares,$15.35,0.30,1.993%,418082992.00,United Kingdom,2012,146125,Basic Materials,Major Chemicals
LXP,LXP Industrial Trust Common Stock (Maryland REIT),$51.84,0.92,1.807%,3056098222.00,United States,,632018,Real Estate,Real Estate Investment Trusts
LXP^C,LXP Industrial Trust 6.5% Series C Cumulative Convertible Preferred Stock,$46.79,1.23,2.70%,,United States,,2957,,
LXRX,Lexicon Pharmaceuticals Inc. Common Stock,$1.63,0.02,1.242%,690599396.00,United States,,1398183,Health Care,Biotechnology: Pharmaceutical Preparations
LXU,LSB Industries Inc. Common Stock,$14.77,-0.13,-0.872%,1061177856.00,United States,2003,1367437,Basic Materials,Major Chemicals
LYB,LyondellBasell Industries NV Ordinary Shares Class A (Netherlands),$74.99,0.39,0.523%,24204468757.00,Netherlands,,7589201,Industrials,Major Chemicals
LYEL,Lyell Immunopharma Inc. Common Stock,$20.83,1.10,5.575%,486016475.00,United States,2021,54249,Health Care,Biotechnology: Pharmaceutical Preparations
LYFT,Lyft Inc. Class A Common Stock,$14.42,0.27,1.908%,5608301283.00,United States,2019,12715618,Real Estate,Real Estate
LYG,Lloyds Banking Group Plc American Depositary Shares,$5.36,-0.08,-1.471%,79440634579.00,United Kingdom,,12894295,Finance,Commercial Banks
LYTS,LSI Industries Inc. Common Stock,$23.89,-0.42,-1.728%,743305839.00,United States,1985,830292,Consumer Discretionary,Building Products
LYV,Live Nation Entertainment Inc. Common Stock,$158.25,0.31,0.196%,37208501341.00,United States,,2439988,Consumer Discretionary,Services-Misc. Amusement & Recreation
LZ,LegalZoom.com Inc. Common Stock,$6.74,0.29,4.496%,1165163515.00,United States,2021,1966626,Technology,EDP Services
LZB,La-Z-Boy Incorporated Common Stock,$35.14,0.40,1.151%,1438059169.00,United States,,436232,Consumer Discretionary,Home Furnishings
LZM,Lifezone Metals Limited Ordinary Shares,$5.67,0.19,3.467%,477434616.00,Isle of Man,,571860,Basic Materials,Metal Mining
LZMH,LZ Technology Holdings Limited Class B Ordinary Shares,$0.1071,0.0033,3.179%,16923942.00,China,2025,2566005,Technology,EDP Services
M,Macy's Inc Common Stock,$19.69,0.14,0.716%,5193463915.00,United States,,4707632,Consumer Discretionary,Department/Specialty Retail Stores
MA,Mastercard Incorporated Common Stock,$495.46,-7.46,-1.483%,434905210758.00,United States,2006,4529729,Real Estate,Real Estate
MAA,Mid-America Apartment Communities Inc. Common Stock,$128.56,-0.62,-0.48%,14957652084.00,United States,1994,849024,Real Estate,Real Estate Investment Trusts
MAA^I,Mid-America Apartment Communities Inc. 8.50% Series I Cumulative Redeemable Preferred Stock,$54.28,-1.1599,-2.092%,,United States,,2026,,
MAAS,Maase Inc. Class A Ordinary Shares,$9.64,-0.06,-0.619%,4262572572.00,China,2019,57269,Finance,Investment Managers
MAC,Macerich Company (The) Common Stock,$21.50,-0.23,-1.058%,5593787182.00,United States,1994,2812690,Real Estate,Real Estate Investment Trusts
MACI,Melar Acquisition Corp. I Class A Ordinary Shares,$10.805,-0.005,-0.046%,0.00,United States,2024,836,,
MAGN,Magnera Corporation Common Stock,$10.22,0.24,2.405%,366898000.00,United States,2000,312630,Basic Materials,Paper
MAIA,MAIA Biotechnology Inc. Common Stock,$1.34,0.01,0.752%,81299798.00,,2022,580789,Health Care,Biotechnology: Pharmaceutical Preparations
MAIN,Main Street Capital Corporation Common Stock,$56.20,0.36,0.645%,5063891502.00,United States,2007,439506,Finance,Finance/Investors Services
MAIR,Madison Air Solutions Corporation Class A Common Stock,$40.17,1.99,5.212%,19640170475.00,,2026,2698737,Industrials,Pollution Control Equipment
MAKO,Mako Mining Corp Common Stock,$7.49,0.03,0.402%,655859206.00,Canada,,154866,,
MAMA,Mama's Creations Inc. Common Stock,$14.15,-0.04,-0.282%,575296550.00,United States,,333729,Consumer Staples,Specialty Foods
MAMO,Massimo Group Common Stock,$1.01,-0.01,-0.98%,42057360.00,United States,2024,47373,Consumer Discretionary,Industrial Specialties
MAN,ManpowerGroup Common Stock,$30.52,0.25,0.826%,1418863996.00,United States,,659475,Consumer Discretionary,Professional Services
MANE,Veradermics Incorporated Common Stock,$101.00,2.00,2.02%,3771369290.00,,2026,995672,Health Care,Biotechnology: Pharmaceutical Preparations
MANH,Manhattan Associates Inc. Common Stock,$140.13,2.24,1.624%,8290735678.00,United States,1998,855963,Technology,Computer Software: Prepackaged Software
MANU,Manchester United Ltd. Class A Ordinary Shares,$18.54,-0.34,-1.801%,3196831046.00,United Kingdom,2012,353909,Consumer Discretionary,Services-Misc. Amusement & Recreation
MAR,Marriott International Class A Common Stock,$354.97,-6.72,-1.858%,94042909555.00,United States,,1001547,Consumer Discretionary,Hotels/Resorts
MARA,MARA Holdings Inc. Common Stock,$11.46,-0.53,-4.42%,4357488917.00,United States,,50992191,Technology,EDP Services
MARPS,Marine Petroleum Trust Units of Beneficial Interest,$5.01,-0.03,-0.595%,10020000.00,United States,,4330,Energy,Oil & Gas Production
MAS,Masco Corporation Common Stock,$71.24,-0.58,-0.808%,14371561292.00,United States,,1991598,Industrials,Industrial Specialties
MASI,Masimo Corporation Common Stock,$178.48,0.05,0.028%,9315324182.00,United States,2007,1040862,Health Care,Biotechnology: Electromedical & Electrotherapeutic Apparatus
MASK,3 E Network Technology Group Ltd Class A Ordinary Shares,$1.27,-0.21,-14.189%,1464061.00,China,2025,132389,Technology,EDP Services
MASS,908 Devices Inc. Common Stock,$6.81,-0.02,-0.293%,255010897.00,United States,2020,213790,Industrials,Industrial Machinery/Components
MAT,Mattel Inc. Common Stock,$14.93,-0.15,-0.995%,4338018190.00,United States,,5640484,Consumer Discretionary,Recreational Games/Products/Toys
MATH,Metalpha Technology Holding Limited Ordinary Shares,$1.06,-0.03,-2.752%,46011495.00,China,2017,70357,Finance,Finance/Investors Services
MATV,Mativ Holdings Inc. Common Stock,$9.39,0.11,1.185%,515218577.00,United States,,416829,Basic Materials,Paper
MATW,Matthews International Corporation Class A Common Stock,$28.61,0.07,0.245%,890517177.00,United States,1994,309885,Telecommunications,Metal Fabrications
MATX,Matson Inc. Common Stock,$173.55,-0.88,-0.505%,5282742251.00,United States,,174176,Consumer Discretionary,Marine Transportation
MAX,MediaAlpha Inc. Class A Common Stock,$9.10,0.59,6.933%,567388840.00,United States,2020,1132027,Real Estate,Real Estate
MAYS,J. W. Mays Inc. Common Stock,$40.48,0.00,0.00%,81598774.00,United States,,55,Real Estate,Building operators
MAZE,Maze Therapeutics Inc. Common Stock,$27.17,0.59,2.22%,1351371108.00,United States,2025,860526,Health Care,Biotechnology: Biological Products (No Diagnostic Substances)
MB,MasterBeef Group Ordinary Shares,$8.78,0.14,1.62%,149260000.00,Hong Kong,2025,24400,Consumer Discretionary,Restaurants
MBAI,Check-Cap Ltd. Ordinary Share,$1.45,-0.02,-1.361%,10179728.00,Israel,2015,14534,Health Care,Medical Electronics
MBAV,M3-Brigade Acquisition V Corp. Class A Ordinary shares,$10.7906,0.0206,0.191%,0.00,United States,2024,3140,,
MBAVW,M3-Brigade Acquisition V Corp. Warrant,$0.2413,0.0113,4.913%,0.00,United States,2024,55161,Finance,Blank Checks
MBBC,Marathon Bancorp Inc. Common Stock,$14.75,0.50,3.509%,43514506.00,United States,,2988,Finance,Banks
MBC,MasterBrand Inc. Common Stock,$9.08,0.10,1.114%,1162080746.00,United States,2022,1317661,Consumer Discretionary,Home Furnishings
MBI,MBIA Inc. Common Stock,$5.67,-0.17,-2.911%,288793064.00,United States,1987,263479,Finance,Property-Casualty Insurers
MBIN,Merchants Bancorp Common Stock,$46.60,0.06,0.129%,2140881636.00,United States,2017,166818,Finance,Major Banks
MBINL,Merchants Bancorp Depositary Shares Each Representing a 1/40thInterest in a Share of 7.25% Fixed Rate Series E Non-CumulativePerpetual Preferred Stock without par value,$24.22,0.14,0.581%,1112707151.00,United States,,39477,Finance,Major Banks
MBINM,Merchants Bancorp Depositary Shares Each Representing a 1/40th Interest in a Share of 8.25% Fixed-Rate Reset Series D Non-Cumulative Perpetual Preferred Stock,$25.4195,0.0895,0.353%,1167814179.00,United States,,587,Finance,Major Banks
MBINN,Merchants Bancorp Depositary Shares Preferred Series C,$20.50,0.10,0.49%,941804153.00,United States,,24452,Finance,Major Banks
MBIO,Mustang Bio Inc. Common Stock,$0.7544,0.0134,1.808%,5716449.00,United States,,34549,Health Care,Biotechnology: Pharmaceutical Preparations
MBLY,Mobileye Global Inc. Class A Common Stock,$8.74,0.05,0.575%,7360706872.00,Israel,2022,3976660,Technology,Computer Software: Prepackaged Software
MBNKO,Medallion Bank Fixed-Rate Reset Non-Cumulative Perpetual Preferred Stock Series G par value $1.00 per share,$25.84,0.19,0.741%,25840000.00,United States,,146,Finance,Commercial Banks
MBOT,Microbot Medical Inc. Common Stock,$2.10,0.01,0.478%,141031892.00,Israel,,1055810,Health Care,Biotechnology: Biological Products (No Diagnostic Substances)
MBRX,Moleculin Biotech Inc. Common Stock,$2.51,-0.05,-1.953%,13394239.00,United States,2016,28020,Health Care,Biotechnology: Pharmaceutical Preparations
MBUU,Malibu Boats Inc. Class A Common Stock,$25.71,0.11,0.43%,478271175.00,United States,2014,161245,Industrials,Marine Transportation
MBVI,M3-Brigade Acquisition VI Corp. Class A Ordinary Shares,$10.105,0.005,0.05%,0.00,United States,2025,155448,,
MBVIU,M3-Brigade Acquisition VI Corp. Units,$10.2001,0.0601,0.593%,0.00,United States,2025,2882,Finance,Blank Checks
MBWM,Mercantile Bank Corporation Common Stock,$51.96,0.65,1.267%,897603752.00,United States,1998,133431,Finance,Major Banks
MBX,MBX Biosciences Inc. Common Stock,$29.78,-0.44,-1.456%,1416649043.00,United States,2024,442137,Health Care,Biotechnology: Pharmaceutical Preparations
MC,Moelis & Company Class A Common Stock,$64.76,-0.36,-0.553%,5027105286.00,United States,2014,1207000,Finance,Investment Managers
MCAHU,Mountain Crest Acquisition 6 Corp. Units,$10.015,0.035,0.351%,0.00,United States,2026,41436,,
MCB,Metropolitan Bank Holding Corp. Common Stock,$89.56,1.21,1.37%,1100976663.00,United States,2017,119831,Finance,Major Banks
MCBS,MetroCity Bankshares Inc. Common Stock,$32.44,0.45,1.407%,929731762.00,United States,2019,48838,Finance,Major Banks
MCD,McDonald's Corporation Common Stock,$286.64,-6.95,-2.367%,203751632150.00,United States,,3753787,Consumer Discretionary,Restaurants
MCFT,MasterCraft Boat Holdings Inc. Common Stock,$23.44,0.09,0.385%,381718150.00,United States,2015,150904,Industrials,Marine Transportation
MCGA,Yorkville Acquisition Corp. Class A Ordinary Share,$10.17,0.00,0.00%,0.00,United States,2025,76018,Utilities,Electric Utilities: Central
MCGAU,Yorkville Acquisition Corp. Unit,$10.33,0.00,0.00%,0.00,United States,2025,122,Finance,Blank Checks
MCGAW,Yorkville Acquisition Corp. Warrant,$0.34,-0.02,-5.556%,0.00,United States,2025,19271,,
MCHB,Mechanics Bancorp Class A Common Stock,$14.92,0.155,1.05%,3303296803.00,United States,2012,411568,Finance,Major Banks
MCHP,Microchip Technology Incorporated Common Stock,$93.95,1.04,1.119%,50839676279.00,United States,1993,8028285,Technology,Semiconductors
MCHPP,Microchip Technology Incorporated Depositary Shares Each Representing a 1/20th Interest in a Share of 7.50% Series A Mandatory Convertible Preferred Stock,$79.60,0.93,1.182%,43074382457.00,United States,,27130,Technology,Semiconductors
MCHX,Marchex Inc. Class B Common Stock,$1.73,-0.01,-0.575%,75964643.00,United States,2004,3078,Technology,Computer Software: Prepackaged Software
MCI,Barings Corporate Investors Common Stock,$17.64,0.00,0.00%,357416723.00,United States,,59628,Finance,Trusts Except Educational Religious and Charitable
MCK,McKesson Corporation Common Stock,$814.02,-1.18,-0.145%,99707238933.00,United States,,633789,Health Care,Other Pharmaceuticals
MCN,XAI Madison Equity Premium Income Fund Common Shares,$6.015,-0.005,-0.083%,0.00,United States,2004,80052,,
MCO,Moody's Corporation Common Stock,$455.77,-6.08,-1.316%,79623019000.00,United States,,811272,Finance,Finance: Consumer Services
MCR,MFS Charter Income Trust Common Stock,$6.04,0.00,0.00%,265810615.00,United States,1989,77732,Finance,Trusts Except Educational Religious and Charitable
MCRB,Seres Therapeutics Inc. Common Stock,$7.61,0.24,3.256%,73300365.00,United States,2015,23585,Health Care,Biotechnology: Pharmaceutical Preparations
MCRI,Monarch Casino & Resort Inc. Common Stock,$117.62,-1.07,-0.902%,2086588562.00,United States,1993,96392,Consumer Discretionary,Hotels/Resorts
MCRP,Micropolis AI Robotics Ordinary Shares,$2.72,0.07,2.642%,94896576.00,,2025,52909,Consumer Discretionary,Auto Parts:O.E.M.
MCS,Marcus Corporation (The) Common Stock,$17.58,-0.04,-0.227%,540377749.00,United States,,191858,Consumer Discretionary,Movies/Entertainment
MCW,Mister Car Wash Inc. Common Stock,$7.05,-0.03,-0.424%,2315777408.00,United States,,3410480,Consumer Discretionary,Automotive Aftermarket
MCY,Mercury General Corporation Common Stock,$96.27,-1.04,-1.069%,5332263121.00,United States,,156195,Finance,Property-Casualty Insurers
MD,Pediatrix Medical Group Inc. Common Stock,$22.75,0.24,1.066%,1889890366.00,United States,,761029,Health Care,Hospital/Nursing Management
MDA,MDA Space Ltd. Common Shares,$30.93,0.28,0.914%,4288735087.00,,2026,416533,Consumer Discretionary,Electronic Components
MDAI,Spectral AI Inc. Class A Common Stock,$2.15,0.10,4.878%,68421568.00,United States,2021,558687,Health Care,Medical/Dental Instruments
MDAIW,Spectral AI Inc. Warrants,$0.7799,0.0638,8.909%,24819526.00,United States,2021,14614,Health Care,Medical/Dental Instruments
MDB,MongoDB Inc. Class A Common Stock,$263.46,12.63,5.035%,21174155583.00,United States,2017,1418272,Technology,Computer Software: Prepackaged Software
MDBH,MDB Capital Holdings LLC Class A common,$3.585,0.0246,0.691%,36925973.00,United States,2023,6271,Finance,Finance: Consumer Services
MDCX,Medicus Pharma Ltd. Common Stock  ,$0.2853,0.0027,0.955%,11230010.00,Canada,,1098031,Health Care,Biotechnology: Pharmaceutical Preparations
MDCXW,Medicus Pharma Ltd. Warrant,$0.5324,0.00,0.00%,20956387.00,Canada,,2,Health Care,Biotechnology: Pharmaceutical Preparations
MDGL,Madrigal Pharmaceuticals Inc. Common Stock,$513.72,-3.67,-0.709%,11837094115.00,United States,2007,196705,Health Care,Biotechnology: Pharmaceutical Preparations
MDIA,Mediaco Holding Inc. Class A Common Stock ,$0.89,-0.003,-0.336%,72741330.00,United States,,8195,Consumer Discretionary,Broadcasting
MDLN,Medline Inc. Class A Common Stock,$44.75,0.28,0.63%,58787780187.00,United States,2025,2838943,Health Care,Medical/Dental Instruments
MDLZ,Mondelez International Inc. Class A Common Stock,$61.37,-0.07,-0.114%,78777586139.00,United States,,6479694,Consumer Staples,Packaged Foods
MDRR,Medalist Diversified Inc. Common Stock,$11.4133,0.2733,2.453%,16303899.00,United States,2018,524,Real Estate,Real Estate Investment Trusts
MDT,Medtronic plc. Ordinary Shares,$80.00,-0.97,-1.198%,102710797120.00,United States,,8268205,Health Care,Biotechnology: Electromedical & Electrotherapeutic Apparatus
MDU,MDU Resources Group Inc. Common Stock (Holding Company),$22.60,0.07,0.311%,4626356142.00,United States,,1242443,Industrials,Mining & Quarrying of Nonmetallic Minerals (No Fuels)
MDV,Modiv Industrial Inc. Class C Common Stock,$16.09,0.12,0.751%,166040433.00,United States,2022,44095,Real Estate,Real Estate Investment Trusts
MDV^A,Modiv Industrial Inc. 7.375% Series A Cumulative Redeemable Perpetual Preferred Stock,$24.71,0.03,0.122%,,United States,,1963,,
MDWD,MediWound Ltd. Ordinary Shares,$16.63,0.13,0.788%,213623392.00,Israel,2014,26849,Health Care, Medicinal Chemicals and Botanical Products 
MDXG,MiMedx Group Inc Common Stock,$3.68,0.32,9.524%,548120290.00,United States,,2627489,Health Care,Biotechnology: Pharmaceutical Preparations
MDXH,MDxHealth SA Ordinary Shares,$2.06,0.02,0.98%,105810911.00,Belgium,2021,126642,Health Care,Medical Specialities
MEC,Mayville Engineering Company Inc. Common Stock,$22.24,-0.57,-2.499%,451880549.00,United States,2019,111067,Industrials,Industrial Specialties
MED,MEDIFAST INC Common Stock,$10.91,0.04,0.368%,120355771.00,United States,,101039,Consumer Staples,Packaged Foods
MEDP,Medpace Holdings Inc. Common Stock,$417.54,-1.12,-0.268%,11924812545.00,United States,2016,284132,Health Care,Biotechnology: Commercial Physical & Biological Resarch
MEG,Montrose Environmental Group Inc. Common Stock,$22.14,1.09,5.178%,800798951.00,United States,2020,415856,Consumer Discretionary,Professional Services
MEGI,NYLI CBRE Global Infrastructure Megatrends Term Fund Common Shares,$15.56,0.01,0.064%,0.00,United States,2021,147689,Finance,Investment Managers
MEGL,Magic Empire Global Limited Class A Ordinary Shares,$1.17,0.01,0.862%,5924939.00,Hong Kong,2022,6938,Finance,Finance: Consumer Services
MEHA,Functional Brands Inc. Common Stock,$0.0961,0.0024,2.561%,2105827.00,United States,,1566717,Health Care, Medicinal Chemicals and Botanical Products 
MEI,Methode Electronics Inc. Common Stock,$8.63,0.61,7.606%,305764533.00,United States,,483903,Technology,Electrical Products
MELI,MercadoLibre Inc. Common Stock,$1850.05,57.42,3.203%,93792321559.00,Argentina,2007,374810,Real Estate,Real Estate
MENS,Jyong Biotech Ltd. Ordinary Shares,$2.25,-0.02,-0.881%,171062251.00,Taiwan,2025,51790,Health Care,Biotechnology: Pharmaceutical Preparations
MEOH,Methanex Corporation Common Stock,$64.25,-1.29,-1.968%,4969064160.00,Canada,,1275756,Industrials,Major Chemicals
MER^K,Bank of America Corporation Income Capital Obligation Notes initially due December 15 2066,$25.77,-0.04,-0.155%,,United States,,27552,,
MERC,Mercer International Inc. Common Stock,$1.15,0.03,2.679%,77029882.00,Canada,,339116,Basic Materials,Paper
MESH,Meshflow Acquisition Corp. Class A Ordinary Shares,$9.94,0.00,0.00%,0.00,United States,2026,18,,
MESHU,Meshflow Acquisition Corp. Units,$10.01,-0.01,-0.10%,0.00,United States,2025,13889,,
MESHW,Meshflow Acquisition Corp. Warrants,$0.3155,0.00,0.00%,0.00,United States,2026,29,,
MESO,Mesoblast Limited American Depositary Shares,$15.74,0.07,0.447%,2031722647.00,Australia,2015,147901,Health Care,Biotechnology: Biological Products (No Diagnostic Substances)
MET,MetLife Inc. Common Stock,$80.23,0.13,0.162%,51912516786.00,United States,2000,3211078,Finance,Life Insurance
MET^A,MetLife Inc. Preferred Series A Floating Rate,$21.38,0.21,0.992%,,United States,,35883,,
MET^E,MetLife Inc. Depositary Shares ,$22.74,-0.06,-0.263%,,United States,,35606,,
MET^F,MetLife Inc. Depositary Shares each representing a 1/1000th interest in a share of 4.75% Non-Cumulative Preferred Stock Series F,$19.10,-0.09,-0.469%,,United States,,55643,,
META,Meta Platforms Inc. Class A Common Stock,$608.745,-3.165,-0.517%,1545252494193.00,United States,2012,21356964,Technology,Computer Software: Programming Data Processing
METC,Ramaco Resources Inc. Class A Common Stock,$14.79,-0.06,-0.404%,971364960.00,United States,2017,1125998,Energy,Coal Mining
METCB,Ramaco Resources Inc. Class B Common Stock,$10.07,0.05,0.499%,661368840.00,United States,,61116,Energy,Coal Mining
METCI,Ramaco Resources Inc. 8.250% Senior Notes due 2030,$25.25,0.10,0.398%,0.00,United States,,2756,,
METCZ,Ramaco Resources Inc. 8.375% Senior Notes due 2029,$25.14,0.03,0.119%,0.00,United States,,4132,Energy,Coal Mining
MEVO,M Evo Global Acquisition Corp II Class A Ordinary Shares,$9.88,0.00,0.00%,0.00,United States,2026,221341,Finance,Blank Checks
MEVOU,M Evo Global Acquisition Corp II Units,$10.04,0.00,0.00%,0.00,United States,2026,197,Finance,Blank Checks
MEVOW,M Evo Global Acquisition Corp II Warrants,$0.36,0.01,2.857%,0.00,United States,2026,8729,Finance,Blank Checks
MFA,MFA Financial Inc.,$10.39,0.14,1.366%,1055584850.00,United States,,1221804,Real Estate,Real Estate Investment Trusts
MFA^B,MFA Financial Inc. Preferred Series B,$20.94,0.06,0.287%,,United States,,13896,,
MFA^C,MFA Financial Inc. 6.50% Series C Fixed-to-Floating Rate Cumulative Redeemable Preferred Stock,$23.875,0.025,0.105%,,United States,,16083,,
MFAN,MFA Financial Inc. 8.875% Senior Notes due 2029,$25.05,-0.52,-2.034%,2571850985.00,United States,2024,28364,Real Estate,Real Estate Investment Trusts
MFAO,MFA Financial Inc. 9.000% Senior Notes due 2029,$25.145,-0.415,-1.624%,2581604512.00,United States,2024,36664,Real Estate,Real Estate Investment Trusts
MFC,Manulife Financial Corporation Common Stock,$39.10,-0.19,-0.484%,65560652981.00,Canada,,1355462,Finance,Life Insurance
MFG,Mizuho Financial Group Inc. Sponosred ADR (Japan),$8.51,-0.09,-1.047%,106921624107.00,Japan,,2310995,Finance,Major Banks
MFI,mF International Limited Class A Ordinary Shares,$10.80,0.40,3.846%,541905757.00,Hong Kong,2024,6885,Technology,EDP Services
MFIC,MidCap Financial Investment Corporation Common Stock,$11.94,0.13,1.101%,1101009716.00,United States,2004,616331,Finance,Finance/Investors Services
MFICL,MidCap Financial Investment Corporation 8.00% Notes due 2028,$25.45,0.10,0.394%,2374577180.00,United States,,2506,Finance,Finance/Investors Services
MFIN,Medallion Financial Corp. Common Stock,$8.86,-0.30,-3.275%,208476535.00,United States,,34659,Finance,Finance: Consumer Services
MFM,MFS Municipal Income Trust Common Stock,$5.38,-0.005,-0.093%,221589455.00,United States,1986,162743,Finance,Finance Companies
MG,Mistras Group Inc Common Stock,$19.28,0.40,2.119%,609162435.00,United States,2009,156404,Consumer Discretionary,Military/Government/Technical
MGA,Magna International Inc. Common Stock,$60.83,-2.84,-4.46%,17142761253.00,Canada,,4090098,Consumer Discretionary,Auto Parts:O.E.M.
MGEE,MGE Energy Inc,$80.60,0.38,0.474%,2962238523.00,United States,,170562,Energy,Electric Utilities: Central
MGF,MFS Government Markets Income Trust Common Stock,$2.92,0.00,0.00%,95184388.00,United States,1987,57370,Finance,Trusts Except Educational Religious and Charitable
MGIH,Millennium Group International Holdings Limited Ordinary Shares,$1.5899,0.0649,4.256%,17886375.00,Hong Kong,2023,202,Consumer Discretionary,Publishing
MGLD,The Marygold Companies Inc. Common Stock,$1.16,0.15,14.851%,49661006.00,,2022,28661,Finance,Finance: Consumer Services
MGM,MGM Resorts International Common Stock,$38.50,-0.44,-1.13%,9850272548.00,United States,,6755813,Consumer Discretionary,Hotels/Resorts
MGN,Megan Holdings Limited Class A Ordinary Shares,$0.1799,0.0069,3.988%,2923375.00,Malaysia,2025,466198,Consumer Staples,Farming/Seeds/Milling
MGNI,Magnite Inc. Common Stock,$13.72,0.905,7.062%,1964909841.00,United States,,4026171,Technology,Computer Software: Programming Data Processing
MGNX,MacroGenics Inc. Common Stock,$3.13,0.05,1.623%,198943013.00,United States,2013,483485,Health Care,Biotechnology: Pharmaceutical Preparations
MGPI,MGP Ingredients Inc.,$19.40,-0.54,-2.708%,414601998.00,United States,,227186,Consumer Staples,Beverages (Production/Distribution)
MGR,Affiliated Managers Group Inc. 5.875% Junior Subordinated Notes due 2059,$20.41,0.20,0.99%,579890206.00,United States,2019,14729,Finance,Investment Managers
MGRB,Affiliated Managers Group Inc. 4.750% Junior Subordinated Notes due 2060,$16.82,0.29,1.754%,477890900.00,United States,2020,41042,Finance,Investment Managers
MGRC,McGrath RentCorp Common Stock,$109.38,-1.17,-1.058%,2686566403.00,United States,1984,176752,Consumer Discretionary,Diversified Commercial Services
MGRD,Affiliated Managers Group Inc. 4.200% Junior Subordinated Notes due 2061,$15.16,0.10,0.664%,430726875.00,United States,2021,2901,Finance,Investment Managers
MGRE,Affiliated Managers Group Inc. 6.750% Junior Subordinated Notes due 2064,$24.01,0.05,0.209%,682173633.00,United States,2024,29238,Finance,Investment Managers
MGRT,Mega Fortune Company Limited Ordinary Shares,$135.00,2.00,1.504%,1856250000.00,Hong Kong,2025,28150,Technology,EDP Services
MGRX,Mangoceuticals Inc. Common Stock,$0.3178,-0.0222,-6.529%,5392246.00,United States,2023,1690189,Health Care,Misc Health and Biotechnology Services
MGTX,MeiraGTx Holdings plc Ordinary Shares,$9.41,0.19,2.061%,766408046.00,United States,2018,498539,Health Care,Biotechnology: Biological Products (No Diagnostic Substances)
MGX,Metagenomi Therapeutics Inc. Common Stock,$1.39,0.01,0.725%,52329409.00,United States,2024,127114,Health Care,Biotechnology: Biological Products (No Diagnostic Substances)
MGY,Magnolia Oil & Gas Corporation Class A Common Stock,$30.09,-0.15,-0.496%,5752588537.00,United States,2017,2108451,Energy,Oil & Gas Production
MGYR,Magyar Bancorp Inc. Common Stock,$17.40,0.00,0.00%,112717043.00,United States,2006,249,Finance,Savings Institutions
MH,McGraw Hill Inc. Common Stock,$11.77,-0.32,-2.647%,2248087879.00,,2025,314802,Consumer Discretionary,Publishing
MHD,Blackrock MuniHoldings Fund Inc. Common Stock,$11.72,-0.01,-0.085%,1743496160.00,United States,1997,402836,Finance,Investment Bankers/Brokers/Service
MHF,Western Asset Municipal High Income Fund Inc. Common Stock,$6.90,0.05,0.73%,0.00,United States,1988,77327,Finance,Finance/Investors Services
MHH,Mastech Digital Inc Common Stock,$6.60,0.05,0.763%,78379660.00,United States,,1724,Consumer Discretionary,Professional Services
MHK,Mohawk Industries Inc. Common Stock,$99.93,-5.63,-5.333%,6140366133.00,United States,,1859912,Consumer Discretionary,Home Furnishings
MHLA,Maiden Holdings Ltd. 6.625% Notes due 2046,$12.50,0.15,1.215%,96774288.00,Bermuda,2016,1295,Finance,Property-Casualty Insurers
MHNC,Maiden Holdings North America Ltd. 7.75% Notes due 2043,$13.635,0.055,0.405%,105561393.00,Bermuda,2013,4418,Finance,Property-Casualty Insurers
MHO,M/I Homes Inc. Common Stock,$130.09,-1.40,-1.065%,3329017280.00,United States,1993,155813,Consumer Discretionary,Homebuilding
MI,NFT Limited Class A Ordinary Share,$0.245,0.008,3.376%,3508010.00,,2023,76917,Consumer Discretionary,Other Specialty Stores
MIAX,Miami International Holdings Inc. Common Stock,$47.17,0.68,1.463%,4471719349.00,United States,2025,698036,Finance,Investment Bankers/Brokers/Service
MICC,The Magnum Ice Cream Company N.V. Ordinary Shares,$14.85,-0.08,-0.536%,9092057124.00,,2025,2332027,Consumer Staples,Specialty Foods
MIDD,Middleby Corporation (The) Common Stock,$138.87,-1.49,-1.062%,6474375060.00,United States,,603289,Industrials,Industrial Machinery/Components
MIMI,Mint Incorporation Limited Class A Ordinary Shares,$0.2921,-0.0005,-0.171%,7306151.00,Hong Kong,2025,160918,Real Estate,Real Estate
MIN,MFS Intermediate Income Trust Common Stock,$2.50,-0.01,-0.398%,287244428.00,United States,1988,369397,Finance,Trusts Except Educational Religious and Charitable
MIND,MIND Technology Inc. Common Stock (DE),$6.50,0.29,4.67%,59078858.00,United States,1994,171669,Industrials,Industrial Machinery/Components
MINE,Mayfair Gold Corp. Common Shares,$2.86,-0.09,-3.051%,191850219.00,,2026,29497,Energy,Oil & Gas Production
MIR,Mirion Technologies Inc. Class A Common Stock,$19.63,-0.12,-0.608%,4915749959.00,United States,2020,3715260,Industrials,Industrial Machinery/Components
MIRA,MIRA Pharmaceuticals Inc. Common Stock,$1.04,-0.01,-0.952%,43702970.00,United States,2023,43524,Health Care,Biotechnology: Pharmaceutical Preparations
MIRM,Mirum Pharmaceuticals Inc. Common Stock,$96.53,-0.78,-0.802%,5886190992.00,United States,2019,497135,Health Care,Biotechnology: Pharmaceutical Preparations
MIST,Milestone Pharmaceuticals Inc. Common Shares,$1.87,0.07,3.889%,220037808.00,Canada,2019,715709,Health Care,Biotechnology: Pharmaceutical Preparations
MITK,Mitek Systems Inc. Common Stock,$14.54,0.58,4.155%,658898842.00,United States,,826230,Technology,Computer peripheral equipment
MITN,TPG Mortgage Investment Trust Inc. 9.500% Senior Notes due 2029,$25.18,-0.52,-2.023%,742633337.00,United States,2024,12475,Real Estate,Real Estate Investment Trusts
MITP,TPG Mortgage Investment Trust Inc. 9.500% Senior Notes due 2029,$25.16,-0.48,-1.872%,742043477.00,United States,2024,10724,Real Estate,Real Estate Investment Trusts
MITQ,Moving iMage Technologies Inc. Common Stock,$0.596,-0.0398,-6.26%,5927289.00,United States,2021,122041,Consumer Discretionary,Industrial Machinery/Components
MITT,TPG Mortgage Investment Trust Inc. Common Stock,$7.82,-0.07,-0.887%,248171274.00,United States,2011,172801,Real Estate,Real Estate Investment Trusts
MITT^A,TPG Mortgage Investment Trust Inc. 8.25% Series A Cumulative Redeemable Preferred Stock,$23.06,0.22,0.963%,,United States,,2399,,
MITT^B,TPG Mortgage Investment Trust Inc. 8.00% Series B Cumulative Redeemable Preferred Stock,$22.71,0.21,0.933%,,United States,,10519,,
MITT^C,TPG Mortgage Investment Trust Inc. 8.00% Series C Fixed-to-Floating Rate Cumulative Redeemable Preferred Stock $0.01 par value per share,$25.35,0.16,0.635%,,United States,,7926,,
MIY,Blackrock MuniYield Michigan Quality Fund Inc. Common Stock,$12.18,0.17,1.415%,1811926897.00,United States,1992,88793,Finance,Investment Bankers/Brokers/Service
MKC,McCormick & Company Incorporated Common Stock,$50.24,-0.60,-1.18%,13500742493.00,United States,,2913037,Consumer Staples,Packaged Foods
MKDW,MKDWELL Tech Inc. Ordinary Share,$7.13,0.15,2.149%,25302245.00,Taiwan,,8068,Technology,Consumer Electronics/Appliances
MKDWW,MKDWELL Tech Inc. Warrants,$0.0113,0.0007,6.604%,40100.00,Taiwan,,2157,Technology,Consumer Electronics/Appliances
MKL,Markel Group Inc. Common Stock,$1779.36,6.89,0.389%,22266395026.00,United States,1986,124029,Finance,Property-Casualty Insurers
MKLY,McKinley Acquisition Corporation Class A Ordinary Shares,$10.13,0.00,0.00%,0.00,United States,2025,2,,
MKLYU,McKinley Acquisition Corporation Units,$10.2368,-0.0132,-0.129%,0.00,United States,2025,1131,Finance,Blank Checks
MKSI,MKS Inc. Common Stock,$279.38,-4.37,-1.54%,18808335987.00,United States,1999,1300623,Industrials,Industrial Machinery/Components
MKTW,MarketWise Inc. Class A Common Stock,$17.49,0.67,3.983%,282457868.00,United States,,17743,Technology,Computer Software: Prepackaged Software
MKTX,MarketAxess Holdings Inc. Common Stock,$152.87,-4.32,-2.748%,5378095164.00,United States,2004,667853,Finance,Investment Bankers/Brokers/Service
MKZR,MacKenzie Realty Capital Inc. Common Stock,$2.80,-0.01,-0.356%,5505920.00,United States,,56872,Real Estate,Real Estate Investment Trusts
MLAA,Mountain Lake Acquisition Corp. II Class A Ordinary Shares,$9.98,-0.01,-0.10%,0.00,United States,2026,6062,Finance,Blank Checks
MLAAU,Mountain Lake Acquisition Corp. II Units,$10.22,0.01,0.098%,0.00,United States,2026,3839,Finance,Blank Checks
MLAAW,Mountain Lake Acquisition Corp. II Warrants,$0.4801,0.0326,7.285%,0.00,United States,2026,1177,Finance,Blank Checks
MLAB,Mesa Laboratories Inc. Common Stock,$103.31,3.31,3.31%,570768431.00,United States,,219314,Industrials,Industrial Machinery/Components
MLAC,Mountain Lake Acquisition Corp. Class A Ordinary Shares,$10.57,0.00,0.00%,0.00,United States,2025,81413,Industrials,Auto Manufacturing
MLACR,Mountain Lake Acquisition Corp. Right,$0.25,0.038,17.925%,0.00,United States,2025,33500,,
MLCI,Mount Logan Capital Inc. Common Stock,$4.44,-0.23,-4.925%,49678130.00,United States,,12734,Finance,Investment Managers
MLCIL,Mount Logan Capital Inc. 8.00% Notes Due 2031,$23.75,0.20,0.849%,0.00,United States,,180,Finance,Investment Managers
MLCO,Melco Resorts & Entertainment Limited American Depositary Shares,$5.46,-0.31,-5.373%,2221084347.00,Hong Kong,2006,2035889,Consumer Discretionary,Hotels/Resorts
MLEC,Moolec Science SA Ordinary Shares,$10.37,-0.88,-7.822%,7529844.00,Luxembourg,,48609,Finance,Blank Checks
MLECW,Moolec Science SA Warrant,$0.0241,-0.0012,-4.743%,17499.00,Luxembourg,,222441,Finance,Blank Checks
MLGO,MicroAlgo Inc. Class A Ordinary Shares,$4.13,0.02,0.487%,51366714.00,United States,2021,44334,Technology,EDP Services
MLI,Mueller Industries Inc. Common Stock,$133.03,-2.40,-1.772%,14709208647.00,United States,,374524,Industrials,Metal Fabrications
MLKN,MillerKnoll Inc. Common Stock,$16.21,0.13,0.808%,1108354406.00,United States,,849446,Consumer Discretionary,Office Equipment/Supplies/Services
MLM,Martin Marietta Materials Inc. Common Stock,$614.49,-4.58,-0.74%,37026837254.00,United States,1994,457977,Industrials,Mining & Quarrying of Nonmetallic Minerals (No Fuels)
MLP,Maui Land & Pineapple Company Inc. Common Stock,$15.46,-0.06,-0.387%,307171200.00,United States,1998,9250,Finance,Real Estate
MLR,Miller Industries Inc. Common Stock,$47.83,-0.16,-0.333%,543909846.00,United States,,145207,Consumer Discretionary,Construction/Ag Equipment/Trucks
MLSS,Milestone Scientific Inc. Common Stock,$0.338,0.028,9.032%,27193153.00,United States,2015,576496,Health Care,Industrial Specialties
MLTX,MoonLake Immunotherapeutics Class A Ordinary Shares,$16.73,0.35,2.137%,1218816804.00,United States,2020,859446,Health Care,Biotechnology: Pharmaceutical Preparations
MLYS,Mineralys Therapeutics Inc. Common Stock,$29.26,2.61,9.794%,2412544057.00,United States,2023,2133013,Health Care,Biotechnology: Pharmaceutical Preparations
MMA,Mixed Martial Arts Group Limited Ordinary Shares,$0.6482,0.0113,1.774%,17166631.00,,2024,97258,Consumer Discretionary,Other Consumer Services
MMD,NYLI MacKay DefinedTerm Muni Opportunities Fund Common Shares,$14.94,-0.03,-0.20%,0.00,United States,2012,90091,Finance,Investment Managers
MMED,MiniMed Group Inc. Common Stock,$12.11,-0.23,-1.864%,3400730055.00,United States,2026,563544,Health Care,Medical/Dental Instruments
MMI,Marcus & Millichap Inc. Common Stock,$27.70,-0.09,-0.324%,1054510497.00,United States,2013,175099,Finance,Real Estate
MMLP,Martin Midstream Partners L.P. Limited Partnership,$2.57,0.02,0.784%,100550443.00,United States,2002,13647,Energy,Oil Refining/Marketing
MMM,3M Company Common Stock,$142.50,-4.02,-2.744%,74323334693.00,United States,,2757093,Health Care,Medical/Dental Instruments
MMS,Maximus Inc. Common Stock,$65.58,-0.04,-0.061%,3577295614.00,United States,1997,622179,Real Estate,Real Estate
MMSI,Merit Medical Systems Inc. Common Stock,$62.01,-6.17,-9.05%,3698790525.00,United States,,2526259,Health Care,Medical/Dental Instruments
MMT,MFS Multimarket Income Trust Common Stock,$4.62,0.02,0.435%,275113169.00,United States,1987,98017,Finance,Trusts Except Educational Religious and Charitable
MMTX,Miluna Acquisition Corp Class A Ordinary Share,$10.06,0.00,0.00%,0.00,Taiwan,2025,33,Finance,Blank Checks
MMTXW,Miluna Acquisition Corp Warrant,$0.1027,0.0007,0.686%,0.00,Taiwan,2025,257,Finance,Blank Checks
MMU,Western Asset Managed Municipals Fund Inc. Common Stock,$10.20,-0.02,-0.196%,0.00,United States,1992,108702,Finance,Investment Managers
MMYT,MakeMyTrip Limited Ordinary Shares,$48.20,0.99,2.097%,5362848789.00,India,2010,895575,Consumer Discretionary,Transportation Services
MNDO,MIND C.T.I. Ltd. Ordinary Shares,$1.06,0.00,0.00%,21396276.00,Israel,,24592,Technology,EDP Services
MNDR,Mobile-health Network Solutions Class A Ordinary Shares,$0.95,0.1251,15.165%,3185824.00,Singapore,2024,346708,Technology,Computer Software: Prepackaged Software
MNDY,monday.com Ltd. Ordinary Shares,$72.74,6.87,10.43%,3379716511.00,Israel,2021,1994478,Technology,Computer Software: Prepackaged Software
MNKD,MannKind Corporation Common Stock,$2.84,0.01,0.353%,876980007.00,United States,2004,2795924,Health Care,Biotechnology: Pharmaceutical Preparations
MNOV,Medicinova Inc Common Stock,$1.40,0.01,0.719%,68909744.00,United States,,15653,Health Care,Biotechnology: Pharmaceutical Preparations
MNPR,Monopar Therapeutics Inc. Common Stock,$53.25,1.10,2.109%,356356455.00,United States,2019,79114,Health Care,Biotechnology: Pharmaceutical Preparations
MNR,Mach Natural Resources LP Common Units representing Limited Partner Interests,$13.78,-0.02,-0.145%,2318054651.00,United States,2023,268255,Energy,Oil & Gas Production
MNRO,Monro Inc. Common Stock,$17.58,0.02,0.114%,527745623.00,United States,1991,730937,Consumer Discretionary,Automotive Aftermarket
MNSB,MainStreet Bancshares Inc. Common Stock,$23.87,0.45,1.921%,174825050.00,United States,,57579,Finance,Major Banks
MNSBP,MainStreet Bancshares Inc. Depositary Shares,$25.20,0.00,0.00%,184566035.00,United States,,7,Finance,Major Banks
MNSO,MINISO Group Holding Limited American Depositary Shares each representing four Ordinary Shares,$14.86,0.07,0.473%,4597550914.00,China,2020,204359,Consumer Discretionary,Department/Specialty Retail Stores
MNST,Monster Beverage Corporation,$77.12,0.05,0.065%,75416112417.00,United States,,3270463,Consumer Staples,Beverages (Production/Distribution)
MNTK,Montauk Renewables Inc. Common Stock,$1.40,-0.06,-4.11%,200540626.00,United States,2021,197535,Utilities,Natural Gas Distribution
MNTN,MNTN Inc. Class A Common Stock,$10.14,0.71,7.529%,749069279.00,United States,2025,513301,Consumer Discretionary,Advertising
MNTS,Momentus Inc. Class A Common Stock,$4.57,-0.07,-1.509%,26186127.00,United States,2019,537641,Industrials,Military/Government/Technical
MNTSW,Momentus Inc. Warrant,$0.0114,0.0004,3.636%,65322.00,United States,2019,85907,Industrials,Military/Government/Technical
MNY,MoneyHero Limited Class A Ordinary Shares,$1.35,0.02,1.504%,58325442.00,Singapore,,7775,Real Estate,Real Estate
MNYWW,MoneyHero Limited Warrants,$0.052,-0.0016,-2.985%,2246610.00,Singapore,,316,Real Estate,Real Estate
MO,Altria Group Inc.,$74.55,1.90,2.615%,124596426196.00,United States,,11811561,Health Care, Medicinal Chemicals and Botanical Products 
MOB,Mobilicom Limited Ordinary Shares,$6.69,0.40,6.359%,84517252.00,Israel,2022,143637,Industrials,Aerospace
MOBBW,Mobilicom Limited Warrants,$2.26,0.16,7.619%,28551418.00,Israel,2022,11350,Industrials,Aerospace
MOBX,Mobix Labs Inc. Class A Common Stock,$2.33,-0.09,-3.719%,24335347.00,United States,2021,468988,Technology,Semiconductors
MOBXW,Mobix Labs Inc Warrants,$0.11,0.0159,16.897%,1148879.00,United States,2021,160,Technology,Semiconductors
MOD,Modine Manufacturing Company Common Stock,$266.83,12.20,4.791%,14070265296.00,United States,,1029539,Consumer Discretionary,Auto Parts:O.E.M.
MODD,Modular Medical Inc. Common Stock,$4.14,-0.20,-4.608%,22402273.00,United States,,37076,Health Care,Medical/Dental Instruments
MOGU,MOGU Inc. American Depositary Shares (each  representing 25 Class A Ordinary Shares),$2.3308,0.00,0.00%,19051122.00,,2018,216,Real Estate,Real Estate
MOH,Molina Healthcare Inc Common Stock,$192.70,-1.92,-0.987%,10039670000.00,United States,2003,1081447,Health Care,Medical Specialities
MOLN,Molecular Partners AG American Depositary Shares,$4.24,0.01,0.236%,171139523.00,Switzerland,2021,1982,Health Care,Biotechnology: Biological Products (No Diagnostic Substances)
MOMO,Hello Group Inc. American Depositary Shares,$6.21,-0.03,-0.481%,917511360.00,China,2014,463171,Technology,Computer Software: Prepackaged Software
MORN,Morningstar Inc. Common Stock,$169.03,0.32,0.19%,6427875883.00,United States,2005,763059,Finance,Investment Managers
MOS,Mosaic Company (The) Common Stock,$23.15,-0.12,-0.516%,7358149809.00,United States,,5392013,Industrials,Agricultural Chemicals
MOV,Movado Group Inc. Common Stock,$27.45,0.21,0.771%,606040771.00,United States,,127269,Consumer Discretionary,Consumer Specialties
MOVE,Corvex Inc. Common Stock,$14.71,-1.19,-7.484%,24148348.00,United States,2021,50992,Health Care,Biotechnology: Electromedical & Electrotherapeutic Apparatus
MP,MP Materials Corp. Common Stock,$66.63,0.59,0.893%,11861405370.00,United States,2020,5333194,Basic Materials,Metal Mining
MPA,Blackrock MuniYield Pennsylvania Quality Fund Common Stock,$11.31,0.00,0.00%,0.00,United States,1992,27248,Finance,Finance Companies
MPAA,Motorcar Parts  of America Inc. Common Stock,$11.24,0.02,0.178%,215931123.00,United States,,65871,Consumer Discretionary,Auto Parts:O.E.M.
MPB,Mid Penn Bancorp Common Stock,$33.32,0.35,1.062%,844299145.00,United States,,87871,Finance,Major Banks
MPC,Marathon Petroleum Corporation Common Stock,$246.15,-2.14,-0.862%,72659726705.00,United States,,1841438,Energy,Integrated oil Companies
MPLT,MapLight Therapeutics Inc. Common Stock,$30.70,-1.17,-3.671%,1308129425.00,United States,2025,229707,Health Care,Biotechnology: Pharmaceutical Preparations
MPLX,MPLX LP Common Units Representing Limited Partner Interests,$56.61,0.34,0.604%,57470717518.00,United States,2012,2123408,Energy,Natural Gas Distribution
MPT,Medical Properties Trust Inc. common stock,$5.05,0.11,2.227%,3095321775.00,United States,,8452310,Real Estate,Real Estate Investment Trusts
MPTI,M-tron Industries Inc. Common Stock,$67.42,0.64,0.958%,240360256.00,United States,2022,63454,Technology,Industrial Machinery/Components
MPU,Mega Matrix Inc. Class A Ordinary Shares,$0.5245,-0.0139,-2.582%,35660856.00,United States,1998,32996,Consumer Discretionary,Diversified Commercial Services
MPV,Barings Participation Investors Common Stock,$17.28,-0.456,-2.571%,183197376.00,United States,1988,36227,Finance,Finance Companies
MPWR,Monolithic Power Systems Inc. Common Stock,$1583.48,-30.93,-1.916%,77777370640.00,United States,2004,898664,Technology,Semiconductors
MPX,Marine Products Corporation Common Stock,$7.97,0.05,0.631%,280883713.00,United States,2001,10643,Industrials,Marine Transportation
MQ,Marqeta Inc. Class A Common Stock,$4.33,-0.01,-0.23%,1849827492.00,United States,2021,3559377,Technology,Computer Software: Prepackaged Software
MQY,Blackrock MuniYield Quality Fund Inc. Common Stock,$11.28,-0.04,-0.353%,1678040673.00,United States,1992,438031,Finance,Investment Bankers/Brokers/Service
MRAM,Everspin Technologies Inc. Common Stock,$21.49,3.21,17.56%,503888430.00,United States,2016,4677864,Technology,Semiconductors
MRBK,Meridian Corporation Common Stock,$18.82,0.00,0.00%,223566130.00,United States,2017,115709,Finance,Major Banks
MRCY,Mercury Systems Inc Common Stock,$78.55,-0.36,-0.456%,4714149344.00,United States,1998,346238,Technology,Electrical Products
MRDN,Meridian Holdings Inc. Common Stock,$11.00,1.11,11.223%,139364269.00,United States,,84690,Technology,Computer Software: Prepackaged Software
MREO,Mereo BioPharma Group plc American Depositary Shares,$0.26,-0.0084,-3.13%,40337858.00,United Kingdom,,1692881,Health Care,Biotechnology: Pharmaceutical Preparations
MRK,Merck & Company Inc. Common Stock (new),$112.16,2.98,2.729%,277179300925.00,United States,,11952416,Health Care,Biotechnology: Pharmaceutical Preparations
MRKR,Marker Therapeutics Inc. Common Stock,$1.46,0.00,0.00%,24342765.00,United States,,34513,Health Care,Biotechnology: Pharmaceutical Preparations
MRLN,Merlin Inc. Common Stock,$10.28,1.28,14.222%,869118046.00,United States,2024,1440691,Technology,EDP Services
MRM,MEDIROM Healthcare Technologies Inc. American Depositary Share,$1.22,0.06,5.172%,9640379.00,Japan,2020,73175,Consumer Discretionary,Other Consumer Services
MRNA,Moderna Inc. Common Stock,$45.37,-0.57,-1.241%,17993145929.00,United States,2018,10216924,Health Care,Biotechnology: Biological Products (No Diagnostic Substances)
MRNO,Murano Global Investments PLC Ordinary Shares,$0.268,-0.024,-8.219%,21253937.00,Mexico,,259060,Consumer Discretionary,Hotels/Resorts
MRNOW,Murano Global Investments PLC Warrants,$0.0521,0.0121,30.25%,4131829.00,Mexico,,9029,Consumer Discretionary,Hotels/Resorts
MRP,Millrose Properties Inc. Class A Common Stock,$30.37,-0.30,-0.978%,5041526204.00,United States,2025,1149194,Finance,Real Estate
MRSH,Marsh Common Stock,$166.18,-1.53,-0.912%,80064610176.00,United States,,2482062,Finance,Specialty Insurers
MRT,Marti Technologies Inc. Class A Ordinary Shares,$2.08,-0.01,-0.478%,178968870.00,,2021,4730,Consumer Discretionary,Rental/Leasing Companies
MRTN,Marten Transport Ltd. Common Stock,$15.15,0.07,0.464%,1236075395.00,United States,1986,1158926,Industrials,Trucking Freight/Courier Services
MRVI,Maravai LifeSciences Holdings Inc. Class A Common Stock,$3.73,0.05,1.359%,963012034.00,United States,2020,883077,Health Care,Biotechnology: Pharmaceutical Preparations
MRVL,Marvell Technology Inc. Common Stock,$164.95,-0.20,-0.121%,144241887513.00,United States,2000,13043356,Technology,Semiconductors
MRX,Marex Group plc Ordinary Shares,$52.49,-0.86,-1.612%,3891232614.00,United Kingdom,2024,574368,Finance,Investment Bankers/Brokers/Service
MS,Morgan Stanley Common Stock,$190.17,-0.42,-0.22%,300732330418.00,United States,,4742714,Finance,Investment Bankers/Brokers/Service
MS^A,Morgan Stanley Dep Shs repstg 1/1000 Pfd Ser A,$19.42,-0.01,-0.051%,,United States,,59377,,
MS^E,Morgan Stanley DEPOSITARY SHARES REP 1/1000TH SHARES FIXED/FLTG PREFERRED STOCK SERIES E,$25.39,0.01,0.039%,,United States,,32301,,
MS^F,Morgan Stanley Dep Shs Rpstg 1/1000th Int Prd Ser F Fxd to Flag,$25.25,0.00,0.00%,,United States,,14586,,
MS^I,Morgan Stanley Depository Shares Representing 1/1000th Preferred Series 1 Fixed to Floating Non (Cum),$25.09,-0.02,-0.08%,,United States,,30056,,
MS^K,Morgan Stanley Depositary Shares each representing 1/1000th of a share of Fixed-to-Floating Rate Non-Cumulative Preferred Stock  Series K,$24.26,0.06,0.248%,,United States,,43761,,
MS^L,Morgan Stanley Depositary Shares each representing 1/1000th of a share of 4.875% Non-Cumulative Preferred Stock Series L,$20.46,-0.06,-0.292%,,United States,,20462,,
MS^O,Morgan Stanley Depositary Shares each representing 1/1000th of a share of 4.250% Non-Cumulative Preferred Stock Series O,$17.36,-0.06,-0.344%,,United States,,62210,,
MS^P,Morgan Stanley Depositary Shares each representing 1/1000th of a share of 6.500% Non-Cumulative Preferred Stock Series P,$25.21,-0.06,-0.237%,,United States,,45763,,
MS^Q,Morgan Stanley Depositary Shares each representing 1/1000th of a share of 6.625% Non-Cumulative Preferred Stock Series Q,$25.55,-0.01,-0.039%,,United States,,53175,,
MSA,MSA Safety Incorporated Common Stock,$165.79,-0.60,-0.361%,6428461160.00,United States,2000,201315,Health Care,Industrial Specialties
MSAI,MultiSensor AI Holdings Inc. Common Stock,$6.47,-0.09,-1.372%,13019536.00,United States,2021,77619,Technology,Electronic Components
MSAIW,MultiSensor AI Holdings Inc. Warrant,$0.031,-0.0009,-2.821%,62381.00,United States,2021,9025,Technology,Electronic Components
MSB,Mesabi Trust Common Stock,$28.06,0.27,0.972%,368147481.00,United States,,36836,Industrials,Precious Metals
MSBI,Midland States Bancorp Inc. Common Stock,$26.39,0.38,1.461%,566492094.00,United States,2016,107472,Finance,Major Banks
MSBIP,Midland States Bancorp Inc. Depositary Shares Each Representing a 1/40th Interest in a Share of 7.750% Fixed-Rate Reset Non-Cumulative Perpetual Preferred Stock Series A,$25.26,-0.13,-0.512%,542235328.00,United States,,730,Finance,Major Banks
MSC,Studio City International Holdings Limited American depositary shares each representing four  Class A ordinary shares,$2.3001,-0.0499,-2.123%,484668136.00,,2018,33972,Consumer Discretionary,Hotels/Resorts
MSCI,MSCI Inc. Common Stock,$588.85,-2.56,-0.433%,42868280000.00,United States,,266853,Real Estate,Real Estate
MSD,Morgan Stanley Emerging Markets Debt Fund Inc. Common Stock,$7.45,0.07,0.949%,0.00,United States,1993,78194,Finance,Trusts Except Educational Religious and Charitable
MSDL,Morgan Stanley Direct Lending Fund Common Stock,$15.75,0.24,1.547%,0.00,United States,2024,700906,,
MSEX,Middlesex Water Company Common Stock,$50.93,0.05,0.098%,946356457.00,United States,,164093,Utilities,Water Supply
MSFT,Microsoft Corporation Common Stock,$414.44,6.66,1.633%,3078640478726.00,United States,1986,31330178,Technology,Computer Software: Prepackaged Software
MSGE,Madison Square Garden Entertainment Corp. Class A Common Stock,$67.66,0.74,1.106%,3198497878.00,United States,2023,533171,Consumer Discretionary,Services-Misc. Amusement & Recreation
MSGM,Motorsport Games Inc. Class A Common Stock,$4.52,0.22,5.116%,26118594.00,United States,2021,32701,Technology,Computer Software: Prepackaged Software
MSGS,Madison Square Garden Sports Corp. Class A Common Stock (New),$340.75,-1.71,-0.499%,8201625220.00,United States,2015,268258,Consumer Discretionary,Services-Misc. Amusement & Recreation
MSGY,Masonglory Limited Ordinary Shares,$0.4605,-0.0141,-2.971%,6447000.00,Hong Kong,2025,105336,,
MSI,Motorola Solutions Inc. Common Stock,$435.90,-3.13,-0.713%,72448154035.00,United States,,618109,Technology,Radio And Television Broadcasting And Communications Equipment
MSIF,MSC Income Fund Inc. Common Stock,$13.34,0.43,3.331%,613993203.00,,2025,279609,Finance,Finance/Investors Services
MSLE,Satellos Bioscience Inc. Common Stock,$7.85,-0.10,-1.258%,163524842.00,Canada,,24378,Health Care,Biotechnology: Pharmaceutical Preparations
MSM,MSC Industrial Direct Company Inc. Common Stock,$102.63,0.36,0.352%,5730275338.00,United States,1995,638177,Industrials,Industrial Machinery/Components
MSN,Emerson Radio Corporation Common Stock,$0.44,0.0096,2.23%,9258767.00,United States,1994,7783,Consumer Staples,Consumer Electronics/Appliances
MSS,Maison Solutions Inc. Class A Common Stock,$1.22,-0.01,-0.813%,7178603.00,United States,2023,19039,Consumer Staples,Food Chains
MSTR,Strategy Inc Common Stock Class A,$177.17,11.72,7.084%,61447210433.00,United States,1998,21555014,Technology,Computer Software: Prepackaged Software
MSW,Ming Shing Group Holdings Limited Ordinary Shares,$1.64,0.06,3.797%,21279000.00,Hong Kong,2024,12304,Consumer Discretionary,Engineering & Construction
MT,Arcelor Mittal NY Registry Shares NEW,$56.85,-0.36,-0.629%,43270002810.00,Luxembourg,,2023176,Industrials,Steel/Iron Ore
MTA,Metalla Royalty & Streaming Ltd. Common Shares,$6.75,0.09,1.351%,630738644.00,,,227350,Basic Materials,Precious Metals
MTAL,Metals Acquisition Corp. II Class A Ordinary Shares,$10.045,-0.035,-0.347%,828331132.00,,2026,4180,Basic Materials,Metal Mining
MTB,M&T Bank Corporation Common Stock,$216.44,-2.19,-1.002%,32249614543.00,United States,,744472,Finance,Major Banks
MTB^H,M&T Bank Corporation Perpetual Fixed-to-Floating Rate Non-Cumulative Preferred Stock Series H,$25.07,-0.01,-0.04%,,United States,,4766,,
MTB^J,M&T Bank Corporation Depositary Shares each representing a 1/400th ownership interest in a share of Perpetual 7.500% Non-Cumulative Preferred Stock Series J,$26.62,0.03,0.113%,,United States,,18407,,
MTB^K,M&T Bank Corporation Depositary Shares each representing a 1/400th interest in a share of Perpetual 6.350% Non-Cumulative Preferred Stock Series K,$25.02,-0.05,-0.199%,,United States,,36778,,
MTC,MMTec Inc. Common Shares,$6.82,-0.84,-10.966%,679188871.00,China,2019,113514,Technology,Computer Software: Prepackaged Software
MTCH,Match Group Inc. Common Stock,$38.67,1.25,3.34%,8996361926.00,United States,,4240172,Technology,Computer Software: Programming Data Processing
MTD,Mettler-Toledo International Inc. Common Stock,$1267.07,-9.54,-0.747%,25656273230.00,Switzerland,1997,99264,Industrials,Biotechnology: Laboratory Analytical Instruments
MTDR,Matador Resources Company Common Stock,$62.36,-1.08,-1.702%,7745166877.00,United States,2012,1081228,Energy,Oil & Gas Production
MTEK,Maris-Tech Ltd. Ordinary Shares,$1.28,-0.02,-1.538%,12414241.00,Israel,2022,166565,Telecommunications,Telecommunications Equipment
MTEN,Mingteng International Corporation Inc. Class A Ordinary Shares,$1.0801,-0.0099,-0.908%,1320023.00,China,2024,19114,Industrials,Building Products
MTEX,Mannatech Incorporated Common Stock,$4.38,0.00,0.00%,8451955.00,United States,,476,Health Care, Medicinal Chemicals and Botanical Products 
MTG,MGIC Investment Corporation Common Stock,$26.26,-0.22,-0.831%,5553734438.00,United States,1991,2976312,Finance,Property-Casualty Insurers
MTH,Meritage Homes Corporation Common Stock,$66.34,-1.00,-1.485%,4425039405.00,United States,,476402,Consumer Discretionary,Homebuilding
MTLS,Materialise NV American Depositary Shares,$5.63,0.14,2.55%,332548257.00,Belgium,2014,72989,Technology,Computer Software: Prepackaged Software
MTN,Vail Resorts Inc. Common Stock,$125.86,-1.32,-1.038%,4484775799.00,United States,1997,671003,Consumer Discretionary,Services-Misc. Amusement & Recreation
MTNB,Matinas Biopharma Holdings Inc. Common Stock,$0.699,0.0486,7.472%,4477928.00,United States,2017,33408,Health Care,Biotechnology: Pharmaceutical Preparations
MTR,Mesa Royalty Trust Common Stock,$4.72,-0.075,-1.564%,8796145.00,United States,,6758,Energy,Oil & Gas Production
MTRN,Materion Corporation,$188.22,4.41,2.399%,3915255507.00,United States,,309408,Industrials,Industrial Specialties
MTRX,Matrix Service Company Common Stock,$13.52,0.00,0.00%,380296036.00,United States,1990,530344,Consumer Discretionary,Engineering & Construction
MTSI,MACOM Technology Solutions Holdings Inc. Common Stock,$284.18,2.57,0.913%,21316901635.00,United States,2012,646138,Technology,Semiconductors
MTUS,Metallus Inc. Common Shares,$19.14,-0.10,-0.52%,798720258.00,United States,2014,254841,Industrials,Steel/Iron Ore
MTVA,MetaVia Inc. Common Stock,$1.44,0.00,0.00%,7436693.00,United States,2016,68674,Health Care,Biotechnology: Pharmaceutical Preparations
MTW,Manitowoc Company Inc. (The) Common Stock,$13.51,-0.08,-0.589%,485120430.00,United States,,155318,Industrials,Construction/Ag Equipment/Trucks
MTX,Minerals Technologies Inc. Common Stock,$75.96,4.02,5.588%,2356849204.00,United States,1992,214107,Basic Materials,Major Chemicals
MTZ,MasTec Inc. Common Stock,$417.41,23.36,5.928%,32903512833.00,United States,,1951179,Industrials,Water Sewer Pipeline Comm & Power Line Construction
MU,Micron Technology Inc. Common Stock,$542.21,25.05,4.844%,611468679793.00,United States,,40118422,Technology,Semiconductors
MUA,Blackrock MuniAssets Fund Inc Common Stock,$10.56,0.04,0.38%,1570931694.00,United States,1993,145309,Finance,Investment Bankers/Brokers/Service
MUC,Blackrock MuniHoldings California Quality Fund Inc.  Common Stock,$10.79,-0.03,-0.277%,1605147062.00,United States,1998,289340,Finance,Investment Bankers/Brokers/Service
MUFG,Mitsubishi UFJ Financial Group Inc. Common Stock,$17.69,-0.26,-1.448%,209939806175.00,Japan,,1513202,Finance,Commercial Banks
MUJ,Blackrock MuniHoldings New Jersey Quality Fund Inc. Common Stock,$12.17,0.06,0.495%,1810439272.00,United States,1998,135204,Finance,Investment Bankers/Brokers/Service
MUR,Murphy Oil Corporation Common Stock,$40.73,-1.03,-2.466%,5838593080.00,United States,,1439266,Energy,Oil & Gas Production
MUSA,Murphy USA Inc. Common Stock,$596.92,8.92,1.517%,11043115507.00,United States,2013,408056,Consumer Discretionary,Retail-Auto Dealers and Gas Stations
MUX,McEwen Inc. Common Stock,$21.30,-0.38,-1.753%,1266344619.00,Canada,,644822,Basic Materials,Precious Metals
MUZE,Muzero Acquisition Corp Class A Ordinary Shares,$9.875,0.015,0.152%,0.00,United States,2026,661,Finance,Blank Checks
MVBF,MVB Financial Corp. Common Stock,$25.68,-0.45,-1.722%,329854798.00,United States,,95022,Finance,Major Banks
MVIS,MicroVision Inc. Common Stock,$0.6607,0.0043,0.655%,216037488.00,United States,1996,2057480,Technology,Industrial Machinery/Components
MVO,MV Oil Trust Units of Beneficial Interests,$2.48,-0.05,-1.976%,28520000.00,United States,2007,122978,Energy,Oil & Gas Production
MVST,Microvast Holdings Inc. Common Stock,$1.98,0.05,2.591%,657425233.00,United States,2019,1736020,Miscellaneous,Industrial Machinery/Components
MVSTW,Microvast Holdings Inc. Warrants,$0.05,-0.0044,-8.088%,16601647.00,United States,2019,36331,Miscellaneous,Industrial Machinery/Components
MWA,MUELLER WATER PRODUCTS Common Stock,$27.39,-0.50,-1.793%,4283393860.00,United States,2006,1069022,Industrials,Metal Fabrications
MWG,Multi Ways Holdings Limited Class A Ordinary Shares,$1.8865,-0.0452,-2.34%,9700383.00,,2023,1583,Consumer Discretionary,Miscellaneous manufacturing industries
MWH,SOLV Energy Inc. Class A Common Stock,$40.65,0.81,2.033%,8231236223.00,United States,2026,768979,Industrials,Military/Government/Technical
MWYN,Marwynn Holdings Inc. Common stock,$0.6695,0.0849,14.523%,13520421.00,United States,2025,704785,Consumer Discretionary,Food Distributors
MX,Magnachip Semiconductor Corporation Common Stock,$3.70,0.30,8.824%,134831160.00,Luxembourg,2011,2838646,Technology,Semiconductors
MXC,Mexco Energy Corporation Common Stock,$9.45,-0.41,-4.158%,19334700.00,United States,2003,5687,Energy,Oil & Gas Production
MXCT,MaxCyte Inc. Common Stock,$0.88,0.00,0.00%,94267071.00,United States,2021,457023,Health Care,Biotechnology: Commercial Physical & Biological Resarch
MXE,Mexico Equity and Income Fund Inc. (The) Common Stock,$13.14,0.00,0.00%,0.00,United States,,15,Finance,Finance Companies
MXF,Mexico Fund Inc. (The) Common Stock,$21.29,0.15,0.71%,0.00,United States,,75789,Finance,Trusts Except Educational Religious and Charitable
MXL,MaxLinear Inc. Common Stock,$77.18,6.43,9.088%,6911157116.00,United States,2010,8011487,Technology,Semiconductors
MYE,Myers Industries Inc. Common Stock,$20.71,0.10,0.485%,774620852.00,United States,1983,179203,Industrials,Plastic Products
MYFW,First Western Financial Inc. Common Stock,$28.55,0.24,0.848%,277762036.00,United States,2018,25150,Finance,Major Banks
MYGN,Myriad Genetics Inc. Common Stock,$4.80,0.05,1.053%,453326539.00,United States,1995,2010328,Health Care,Biotechnology: In Vitro & In Vivo Diagnostic Substances
MYI,Blackrock MuniYield Quality Fund III Inc Common Stock,$10.80,0.00,0.00%,1606634687.00,United States,,358345,Finance,Investment Bankers/Brokers/Service
MYN,Blackrock MuniYield New York Quality Fund Inc.Common Stock,$9.98,0.03,0.302%,0.00,United States,1992,214371,Finance,Finance Companies
MYND,Mynd.ai Inc. American Depositary Shares,$0.344,0.008,2.381%,15702837.00,,2017,1991,Real Estate,Other Consumer Services
MYO,Myomo Inc. Common Stock,$0.8998,0.0402,4.677%,34652841.00,United States,2017,342176,Health Care,Industrial Specialties
MYPS,PLAYSTUDIOS Inc.  Class A Common Stock,$0.417,0.0019,0.458%,53479460.00,United States,2020,308960,Technology,Computer Software: Prepackaged Software
MYRG,MYR Group Inc. Common Stock,$433.49,28.68,7.085%,6749888396.00,United States,2008,281998,Industrials,Water Sewer Pipeline Comm & Power Line Construction
MYSE,Myseum.AI Inc. Common Stock,$2.22,0.34,18.085%,11280428.00,United States,2021,577772,Telecommunications,Telecommunications Equipment
MYSEW,Myseum.AI Inc. Series A Warrant,$0.0749,0.0352,88.665%,380587.00,United States,2021,19491,Telecommunications,Telecommunications Equipment
MYSZ,My Size Inc. Common Stock,$0.621,0.002,0.323%,2992080.00,Israel,,17713,Technology,Computer Software: Prepackaged Software
MYXXU,Maywood Acquisition Corp. 2 Units,$10.05,-0.01,-0.099%,0.00,United States,2026,1413,Finance,Blank Checks
MZTI,The Marzetti Company Common Stock,$124.38,-5.90,-4.529%,3410872740.00,United States,,675082,Consumer Staples,Packaged Foods
MZYX,MOZAYYX Acquisition Corp. Class A Ordinary Shares,$9.91,0.00,0.00%,0.00,,2026,31,,
NA,Nano Labs Ltd Class A Ordinary Shares,$1.81,0.04,2.26%,42017503.00,China,2022,82610,Technology,Semiconductors
NAAS,NaaS Technology Inc. American Depositary Shares,$2.085,0.0398,1.946%,25135094.00,China,2017,5504,Consumer Discretionary,Other Specialty Stores
NABL,N-able Inc. Common Stock,$5.31,0.13,2.51%,1000288720.00,United States,2021,880157,Technology,Computer Software: Prepackaged Software
NAC,Nuveen California Quality Municipal Income Fund,$11.95,0.04,0.336%,0.00,United States,1999,523693,Finance,Investment Managers
NAD,Nuveen Quality Municipal Income Fund Common Stock,$11.70,-0.06,-0.51%,0.00,United States,1999,772003,Finance,Investment Managers
NAGE,Niagen Bioscience Inc. Common Stock,$4.85,0.12,2.537%,386274986.00,United States,,425892,Health Care, Medicinal Chemicals and Botanical Products 
NAII,Natural Alternatives International Inc. Common Stock,$2.72,0.05,1.873%,16800836.00,United States,,7845,Health Care, Medicinal Chemicals and Botanical Products 
NAK,Northern Dynasty Minerals Ltd. Common Stock,$2.05,-0.05,-2.381%,1147977782.00,Canada,,4360836,Basic Materials,Precious Metals
NAKA,Nakamoto Inc. Common Stock,$0.1984,0.0223,12.663%,136899622.00,United States,2024,6366086,Health Care,Medical/Nursing Services
NAMI,Jinxin Technology Holding Company American Depositary Shares,$0.41,0.0138,3.483%,32419279.00,China,2024,13812,Real Estate,Other Consumer Services
NAMM,Namib Minerals Ordinary Shares,$2.00,0.04,2.041%,108965314.00,Cayman Islands,,262904,Basic Materials,Precious Metals
NAMMW,Namib Minerals Warrants,$0.215,0.004,1.896%,11713771.00,Cayman Islands,,140681,Basic Materials,Precious Metals
NAMS,NewAmsterdam Pharma Company N.V. Ordinary Shares,$28.43,-0.13,-0.455%,3323569888.00,Netherlands,,1456024,Health Care,Biotechnology: Pharmaceutical Preparations
NAMSW,NewAmsterdam Pharma Company N.V. Warrant,$21.2299,3.7299,21.314%,2481852141.00,Netherlands,,100,Health Care,Biotechnology: Pharmaceutical Preparations
NAN,Nuveen New York Quality Municipal Income Fund Common Stock,$11.56,0.03,0.26%,3494770648.00,United States,1999,107306,Finance,Investment Managers
NAT,Nordic American Tankers Limited Common Stock,$5.76,0.18,3.226%,1219683819.00,Bermuda,1995,2943321,Consumer Discretionary,Marine Transportation
NATH,Nathan's Famous Inc. Common Stock,$100.26,-0.12,-0.12%,410505045.00,United States,1993,35828,Consumer Discretionary,Restaurants
NATL,NCR Atleos Corporation Common Stock,$44.52,0.14,0.315%,3283424126.00,United States,2023,421473,Miscellaneous,Office Equipment/Supplies/Services
NATR,Nature's Sunshine Products Inc. Common Stock,$26.66,-0.50,-1.841%,466752829.00,United States,,56876,Health Care,Biotechnology: Pharmaceutical Preparations
NAUT,Nautilus Biotechnology Inc. Common Stock,$2.70,0.07,2.662%,343112909.00,United States,2020,264716,Industrials,Biotechnology: Laboratory Analytical Instruments
NAVI,Navient Corporation Common Stock,$9.17,-0.07,-0.758%,861796453.00,United States,,2188593,Finance,Investment Bankers/Brokers/Service
NAVN,Navan Inc. Class A Common Stock,$18.47,0.98,5.603%,4631555929.00,United States,2025,3777310,Technology,Computer Software: Prepackaged Software
NAZ,Nuveen Arizona Quality Municipal Income Fund Common Stock,$12.61,0.03,0.238%,0.00,United States,1992,20336,Finance,Finance/Investors Services
NB,NioCorp Developments Ltd. Common Stock,$6.05,0.08,1.34%,758193091.00,United States,,4171833,Basic Materials,Metal Mining
NBB,Nuveen Taxable Municipal Income Fund Common Shares of Beneficial Interest,$15.82,-0.08,-0.503%,0.00,United States,2010,90560,Finance,Finance Companies
NBBK,NB Bancorp Inc. Common Stock,$19.93,0.30,1.528%,900141918.00,United States,2023,358711,Finance,Banks
NBH,Neuberger Municipal Fund Inc. Common Stock,$10.20,0.02,0.196%,0.00,United States,2002,67790,Finance,Finance/Investors Services
NBHC,National Bank Holdings Corporation Common Stock,$43.07,0.37,0.867%,1924904769.00,United States,2012,188591,Finance,Major Banks
NBIS,Nebius Group N.V. Class A Ordinary Shares,$154.49,16.26,11.763%,36785433301.00,Netherlands,2011,15733594,Technology,Computer Software: Programming Data Processing
NBIX,Neurocrine Biosciences Inc. Common Stock,$131.78,0.11,0.084%,13254694774.00,United States,1996,680147,Health Care,Biotechnology: Biological Products (No Diagnostic Substances)
NBN,Northeast Bank Common Stock,$125.10,0.75,0.603%,1017063000.00,United States,,52792,Finance,Major Banks
NBP,NovaBridge Biosciences American Depositary Shares,$2.38,-0.09,-3.644%,274608427.00,China,2020,1857867,Health Care,Biotechnology: Pharmaceutical Preparations
NBR,Nabors Industries Ltd.,$100.97,-1.64,-1.598%,1611455251.00,Bermuda,1951,298820,Energy,Oil & Gas Production
NBRG,Newbridge Acquisition Limited Class A Ordinary Share,$9.90,0.00,0.00%,0.00,Hong Kong,2026,10,Finance,Blank Checks
NBRGR,Newbridge Acquisition Limited Rights,$0.14,0.00,0.00%,0.00,Hong Kong,2026,40000,,
NBRGU,Newbridge Acquisition Limited Unit,$10.03,0.06,0.602%,0.00,Hong Kong,2026,13450,Finance,Blank Checks
NBTB,NBT Bancorp Inc. Common Stock,$44.21,0.52,1.19%,2299346450.00,United States,,381778,Finance,Major Banks
NBTX,Nanobiotix S.A. American Depositary Shares,$35.12,0.50,1.444%,1700161588.00,France,2020,76484,Health Care,Biotechnology: Pharmaceutical Preparations
NBXG,Neuberger Next Generation Connectivity Fund Inc. Common Stock,$15.01,0.43,2.949%,0.00,United States,2021,200038,Finance,Trusts Except Educational Religious and Charitable
NC,NACCO Industries Inc. Common Stock,$48.05,-0.13,-0.27%,362036713.00,United States,,4139,Energy,Coal Mining
NCA,Nuveen California Municipal Value Fund,$9.47,0.05,0.531%,0.00,United States,,52368,Finance,Investment Managers
NCDL,Nuveen Churchill Direct Lending Corp. Common Stock,$14.82,0.19,1.299%,731916303.00,United States,2024,201954,,
NCEL,NewcelX Ltd. Ordinary Shares,$3.85,-0.56,-12.698%,20578958.00,Switzerland,2021,35422,Health Care,Biotechnology: Pharmaceutical Preparations
NCEW,New Century Logistics (BVI) Limited Ordinary Shares,$16.04,0.02,0.125%,51328000.00,Hong Kong,2024,1148,Industrials,Integrated Freight & Logistics
NCI,Neo-Concept International Group Holdings Limited Class A Ordinary Shares,$1.06,0.011,1.049%,20684859.00,Hong Kong,2024,286090,Consumer Discretionary,Apparel
NCL,Northann Corp. Common Stock,$0.158,-0.0019,-1.188%,8489827.00,,2023,163909,Industrials,Plastic Products
NCLH,Norwegian Cruise Line Holdings Ltd. Ordinary Shares,$18.81,0.63,3.465%,8568813507.00,United States,,31354428,Consumer Discretionary,Marine Transportation
NCMI,National CineMedia Inc. Common Stock,$3.41,0.02,0.59%,318086229.00,United States,2007,242786,Consumer Discretionary,Advertising
NCNA,NuCana plc American Depositary Share,$2.25,0.12,5.634%,9364435.00,United Kingdom,2017,28054,Health Care,Biotechnology: Pharmaceutical Preparations
NCNO,nCino Inc. Common Stock,$18.13,0.65,3.719%,1972446062.00,United States,2020,2668791,Technology,Computer Software: Prepackaged Software
NCPL,Netcapital Inc. Common Stock,$0.374,-0.0015,-0.399%,2935114.00,United States,,60471,Finance,Finance: Consumer Services
NCPLW,Netcapital Inc. Warrants,$0.0246,0.00,0.00%,193058.00,United States,,1,Finance,Finance: Consumer Services
NCRA,Nocera Inc. Common Stock,$0.223,0.0095,4.45%,3807830.00,Taiwan,,71248,Consumer Staples,Farming/Seeds/Milling
NCSM,NCS Multistage Holdings Inc. Common Stock,$49.56,-5.11,-9.347%,130071360.00,United States,2017,101201,Energy,Oilfield Services/Equipment
NCT,Intercont (Cayman) Limited Class A Ordinary shares,$3.01,0.22,7.885%,3670310.00,China,2025,51021,Consumer Discretionary,Restaurants
NCTY,The9 Limited American Depository Shares,$5.59,0.19,3.519%,85377004.00,China,2004,9885,Finance,Finance: Consumer Services
NCV,Virtus Convertible & Income Fund Common Shares of Beneficial Interest,$16.71,0.12,0.723%,1510142338.00,United States,2003,98566,Finance,Finance Companies
NCV^A,Virtus Convertible & Income Fund 5.625% Series A Cumulative Preferred Shares,$20.80,0.00,0.00%,,United States,,226941,,
NCZ,Virtus Convertible & Income Fund II Common Shares of Beneficial Interest,$15.20,0.17,1.131%,1156959385.00,United States,2003,93162,Finance,Finance Companies
NCZ^A,Virtus Convertible & Income Fund II 5.50% Series A Cumulative Preferred Shares,$20.4001,0.00,0.00%,,United States,,10674,,
NDAQ,Nasdaq Inc. Common Stock,$91.32,-0.59,-0.642%,51645185673.00,United States,,2185801,Finance,Investment Bankers/Brokers/Service
NDLS,Noodles & Company Class A Common Stock,$12.64,-0.02,-0.158%,74427139.00,United States,2013,31425,Consumer Discretionary,Restaurants
NDMO,Nuveen Dynamic Municipal Opportunities Fund Common Shares of Beneficial Interest,$10.37,0.01,0.097%,616654477.00,,2020,104468,Finance,Trusts Except Educational Religious and Charitable
NDRA,ENDRA Life Sciences Inc. Common Stock,$4.95,0.08,1.643%,6141717.00,United States,2017,10639,Health Care,Biotechnology: Electromedical & Electrotherapeutic Apparatus
NDSN,Nordson Corporation Common Stock,$283.20,-5.25,-1.82%,15797914954.00,United States,,275861,Industrials,Industrial Machinery/Components
NE,Noble Corporation plc A Ordinary Shares,$50.54,-0.49,-0.96%,8063452010.00,United States,2022,1993911,Energy,Oil & Gas Production
NEA,Nuveen AMT-Free Quality Municipal Income Fund Common Shares of Beneficial Interest Par Value $.01,$11.47,0.00,0.00%,0.00,United States,2002,773257,Finance,Finance/Investors Services
NECB,NorthEast Community Bancorp Inc. Common Stock,$24.15,0.155,0.646%,333642079.00,United States,2021,22158,Finance,Banks
NEE,NextEra Energy Inc. Common Stock,$96.95,-0.93,-0.95%,202173854159.00,United States,,7104081,Technology,EDP Services
NEE^N,NextEra Energy Capital Holdings Inc. Series N Junior Subordinated Debentures due March 1 2079,$23.96,-0.01,-0.042%,,United States,,34356,,
NEE^S,NextEra Energy Inc. 7.299% Corporate Units,$58.22,-0.82,-1.389%,,United States,,372720,,
NEE^T,NextEra Energy Inc. 7.234% Corporate Units,$53.45,-0.42,-0.78%,,United States,,6592,,
NEE^U,NextEra Energy Inc. Series U Junior Subordinated Debentures due June 1 2085,$25.54,-0.06,-0.234%,,United States,,14482,,
NEE^V,NextEra Energy Inc. 7.375% Corporate Units,$51.83,-0.69,-1.314%,,United States,,146151,,
NEE^W,NextEra Energy Capital Holdings Inc. Series Z Junior Subordinated Debentures due April 15 2086,$25.18,-0.01,-0.04%,,United States,,180361,,
NEGG,Newegg Commerce Inc. Common Shares,$34.11,-0.80,-2.292%,715391077.00,China,2010,80151,Consumer Discretionary,Other Specialty Stores
NEM,Newmont Corporation,$108.62,-2.47,-2.223%,115957581226.00,United States,,5122021,Basic Materials,Precious Metals
NEN,New England Realty Associates Limited Partnership Class A Depositary Receipts Evidencing Units of Limited Partnership,$60.24,-1.75,-2.823%,174972743.00,United States,,423,Real Estate,Building operators
NEO,NeoGenomics Inc. Common Stock,$9.44,0.18,1.944%,1229199203.00,United States,,2262966,Health Care,Precision Instruments
NEOG,Neogen Corporation Common Stock,$9.53,0.13,1.383%,2074424081.00,United States,1989,1914365,Health Care,Biotechnology: In Vitro & In Vivo Diagnostic Substances
NEON,Neonode Inc. Common Stock,$1.69,0.03,1.807%,28363138.00,Sweden,,65847,Technology,Industrial Machinery/Components
NEOV,NeoVolta Inc. Common Stock,$2.72,0.15,5.837%,116174739.00,United States,,308912,Miscellaneous,Industrial Machinery/Components
NEOVW,NeoVolta Inc. Warrant,$1.20,0.05,4.348%,51253561.00,United States,,1043,Miscellaneous,Industrial Machinery/Components
NEPH,Nephros Inc. Common Stock,$3.11,-0.05,-1.582%,33103673.00,United States,,4089,Health Care,Medical/Dental Instruments
NERV,Minerva Neurosciences Inc Common Stock,$6.07,-0.40,-6.182%,266120928.00,United States,2014,108235,Health Care,Biotechnology: Pharmaceutical Preparations
NESR,National Energy Services Reunited Corp Ordinary Shares,$24.74,-0.20,-0.802%,2493717879.00,United States,,1249596,Energy,Oilfield Services/Equipment
NET,Cloudflare Inc. Class A Common Stock,$217.50,12.53,6.113%,76555714815.00,United States,2019,2991771,Technology,Computer Software: Prepackaged Software
NEU,NewMarket Corp Common Stock,$668.88,-6.74,-0.998%,6152370949.00,United States,,74944,Industrials,Major Chemicals
NEUP,Neuphoria Therapeutics Inc. Common Stock,$5.22,-0.05,-0.949%,28140472.00,United States,2021,17985,Health Care,Biotechnology: Pharmaceutical Preparations
NEWP,New Pacific Metals Corp. Common Shares,$5.63,0.32,6.026%,1192361075.00,Canada,2021,687818,Basic Materials,Precious Metals
NEWT,NewtekOne Inc. Common Stock,$13.12,0.15,1.157%,378269162.00,United States,,326105,Finance,Major Banks
NEWTG,NewtekOne Inc. 8.50% Fixed Rate Senior Notes due 2029,$25.55,0.0501,0.196%,672523319.00,United States,,1300,Finance,Major Banks
NEWTH,NewtekOne Inc. 8.625% Fixed Rate Senior Notes due 2029,$25.44,0.29,1.153%,0.00,United States,,5964,Finance,Major Banks
NEWTI,NewtekOne Inc. 8.00% Fixed Rate Senior Notes due 2028,$25.45,0.00,0.00%,669891133.00,United States,,81,Finance,Major Banks
NEWTO,NewtekOne Inc. 8.50% Fixed Rate Senior Notes due 2031,$25.97,-0.03,-0.115%,0.00,United States,,228,,
NEWTP,NewtekOne Inc. Depositary Shares Non-Cumulative Perpetual Preferred Stock Series B,$24.45,0.135,0.555%,704929955.00,United States,,2532,Finance,Major Banks
NEXA,Nexa Resources S.A. Common Shares,$15.50,0.39,2.581%,2052798471.00,Luxembourg,2017,1253724,Basic Materials,Metal Mining
NEXM,NexMetals Mining Corp. Common Shares,$2.67,-0.03,-1.111%,0.00,Canada,,20887,,
NEXN,Nexxen International Ltd. Ordinary Shares,$7.57,0.23,3.134%,496309412.00,Israel,2021,259934,Technology,Computer Software: Programming Data Processing
NEXR,Nexera Technologies Ltd Ordinary Shares,$2.22,-0.21,-8.642%,1796355.00,Israel,2022,226651,Consumer Discretionary,Other Specialty Stores
NEXRW,Nexera Technologies Ltd Warrant,$0.0182,0.00,0.00%,14727.00,Israel,2022,48,Consumer Discretionary,Other Specialty Stores
NEXT,NextDecade Corporation Common Stock,$7.83,0.00,0.00%,2074790840.00,United States,2015,5080753,Utilities,Oil & Gas Production
NFBK,Northfield Bancorp Inc. Common Stock (Delaware),$14.06,0.11,0.789%,587201798.00,United States,2007,126030,Finance,Savings Institutions
NFE,New Fortress Energy Inc. Class A Common Stock,$0.7328,0.041,5.927%,208520300.00,United States,2019,9351543,Utilities,Oil/Gas Transmission
NFG,National Fuel Gas Company Common Stock,$82.98,-1.40,-1.659%,7885292581.00,United States,,1331823,Utilities,Oil/Gas Transmission
NFGC,New Found Gold Corp Common Shares,$2.10,0.10,5.00%,718892297.00,,2021,2010344,Basic Materials,Precious Metals
NFJ,Virtus Dividend Interest & Premium Strategy Fund Common Shares of Beneficial Interest,$14.25,0.06,0.423%,0.00,United States,2005,116640,Finance,Finance: Consumer Services
NFLX,Netflix Inc. Common Stock,$92.06,-1.55,-1.656%,387646112488.00,United States,2002,30323322,Consumer Discretionary,Consumer Electronics/Video Chains
NG,Novagold Resources Inc.,$8.05,-0.01,-0.124%,3532183943.00,Canada,2003,2289966,Basic Materials,Precious Metals
NGEN,NervGen Pharma Corp. Common stock,$3.78,0.15,4.132%,275319286.00,Canada,,82186,,
NGG,National Grid Transco PLC National Grid PLC (NEW) American Depositary Shares,$88.48,-1.06,-1.184%,87799498285.00,United Kingdom,,884210,Utilities,Natural Gas Distribution
NGL,NGL ENERGY PARTNERS LP Common Units representing Limited Partner Interests,$15.13,-1.07,-6.605%,1873310193.00,United States,2011,330653,Utilities,Natural Gas Distribution
NGL^B,NGL ENERGY PARTNERS LP 9.00% Class B Fixed-to-Floating Rate Cumulative Redeemable Perpetual Preferred Units representing limited partnership interests,$25.25,0.03,0.119%,,United States,,12311,,
NGL^C,NGL ENERGY PARTNERS LP 9.625% Class C Fixed-to-Floating Rate Cumulative  Redeemable Perpetual Preferred Units representing  limited partner interests,$25.55,0.20,0.789%,,United States,,2811,,
NGNE,Neurogene Inc. Common Stock ,$26.85,0.76,2.913%,419283854.00,Canada,2014,131690,Health Care,Biotechnology: Pharmaceutical Preparations
NGS,Natural Gas Services Group Inc. Common Stock,$41.29,0.60,1.475%,520186491.00,United States,2002,71346,Energy,Oilfield Services/Equipment
NGVC,Natural Grocers by Vitamin Cottage Inc. Common Stock,$29.57,0.61,2.106%,681088560.00,United States,2012,124010,Consumer Staples,Food Chains
NGVT,Ingevity Corporation Common Stock ,$75.92,-0.27,-0.354%,2674095085.00,United States,2016,209350,Industrials,Major Chemicals
NHC,National HealthCare Corporation Common Stock,$174.86,1.57,0.906%,2727649184.00,United States,1986,98330,Health Care,Hospital/Nursing Management
NHI,National Health Investors Inc. Common Stock,$76.71,-0.20,-0.26%,3717318196.00,United States,,273372,Real Estate,Real Estate Investment Trusts
NHIC,NewHold Investment Corp III Class A Ordinary Shares,$10.50,0.00,0.00%,0.00,United States,2025,1956,,
NHICU,NewHold Investment Corp III Units,$10.89,0.00,0.00%,0.00,United States,2025,2,Finance,Blank Checks
NHICW,NewHold Investment Corp III Warrants,$0.75,0.10,15.385%,0.00,United States,2025,2068,,
NHIVU,NewHold Investment Corp IV Units,$10.01,0.00,0.00%,0.00,United States,2026,1171,Finance,Blank Checks
NHP,National Healthcare Properties Inc. Class A Common Stock,$12.97,0.15,1.17%,368506014.00,United States,,590512,,
NHPAP,National Healthcare Properties Inc. 7.375% Series A Cumulative Redeemable Perpetual Preferred Stock,$20.7601,-0.0599,-0.288%,589839760.00,United States,,2302,Real Estate,Real Estate Investment Trusts
NHPBP,National Healthcare Properties Inc. 7.125% Series B Cumulative Redeemable Perpetual Preferred Stock,$20.55,0.05,0.244%,583870361.00,United States,,1467,Real Estate,Real Estate Investment Trusts
NHS,Neuberger High Yield Strategies Fund Inc. Common Stock,$6.49,0.03,0.464%,0.00,United States,,215608,Finance,Trusts Except Educational Religious and Charitable
NHTC,Natural Health Trends Corp. Common Stock,$3.17,0.05,1.603%,27191778.00,United States,,16278,Consumer Discretionary,Consumer Specialties
NI,NiSource Inc Common Stock,$48.08,-0.20,-0.414%,23047522399.00,United States,,4686747,Utilities,Power Generation
NIC,Nicolet Bankshares Inc. Common Stock,$146.54,0.06,0.041%,3129296343.00,United States,2022,126493,Finance,Major Banks
NICE,NICE Ltd American Depositary Shares,$112.90,10.88,10.665%,6706664182.00,Israel,,910800,Technology,Computer Software: Prepackaged Software
NICM,Nicola Mining Inc. American Depositary Shares,$6.62,0.02,0.303%,1519460194.00,Canada,,26295,,
NIE,Virtus Equity & Convertible Income Fund Common Shares of Beneficial Interest,$26.08,0.10,0.385%,722649807.00,United States,2007,59408,Finance,Investment Managers
NIM,Nuveen Select Maturities Municipal Fund Common Stock,$9.33,-0.04,-0.427%,0.00,United States,1992,31519,Finance,Trusts Except Educational Religious and Charitable
NINE,Nine Energy Service Inc. Common Stock,$9.72,0.21,2.208%,420980752.00,,2026,24295,Energy,Oilfield Services/Equipment
NIO,NIO Inc. American depositary shares each  representing one Class A ordinary share,$5.91,-0.48,-7.512%,14808492100.00,United States,2018,61033864,Industrials,Auto Manufacturing
NIOBW,NioCorp Developments Ltd. Warrant,$2.00,0.07,3.627%,250642344.00,United States,,1532,Basic Materials,Metal Mining
NIPG,NIP Group Inc. American Depositary Shares,$0.72,0.049,7.303%,161537585.00,Sweden,2024,14925,Consumer Discretionary,Services-Misc. Amusement & Recreation
NIQ,NIQ Global Intelligence plc Ordinary Shares,$10.40,-0.53,-4.849%,3069198818.00,United States,2025,1487062,Technology,Computer Software: Programming Data Processing
NIU,Niu Technologies American Depositary Shares,$3.08,-0.02,-0.645%,241583151.00,China,2018,102746,Industrials,Auto Manufacturing
NIVF,NewGenIvf Group Limited Class A Ordinary Shares,$1.71,-0.01,-0.581%,11268520.00,Singapore,,80381,Health Care,Misc Health and Biotechnology Services
NIVFW,NewGenIvf Group Limited Warrants,$0.0238,0.00,0.00%,13531.00,Singapore,,3240,Health Care,Misc Health and Biotechnology Services
NIXX,Nixxy Inc. Common Stock,$0.6033,0.0031,0.516%,16224201.00,United States,,362186,Technology,EDP Services
NJR,NewJersey Resources Corporation Common Stock,$56.00,-0.31,-0.551%,5647330360.00,United States,,612559,Utilities,Oil/Gas Transmission
NKE,Nike Inc. Common Stock,$44.40,0.04,0.09%,65751384265.00,United States,,11530140,Consumer Discretionary,Shoe Manufacturing
NKLR,Terra Innovatum Global N.V. Ordinary shares,$6.30,0.04,0.639%,442895972.00,Italy,,244832,Industrials,Metal Fabrications
NKSH,National Bankshares Inc. Common Stock,$36.40,0.605,1.69%,231810124.00,United States,,54414,Finance,Major Banks
NKTR,Nektar Therapeutics  Common Stock,$86.46,1.42,1.67%,2566102280.00,United States,,690008,Health Care,Biotechnology: Pharmaceutical Preparations
NKTX,Nkarta Inc. Common Stock,$2.93,0.16,5.776%,208882410.00,United States,2020,1090675,Health Care,Biotechnology: Pharmaceutical Preparations
NKX,Nuveen California AMT-Free Quality Municipal Income Fund,$12.46,0.03,0.241%,0.00,United States,2002,168329,Finance,Finance/Investors Services
NL,NL Industries Inc. Common Stock,$6.11,0.11,1.833%,298551305.00,United States,,19462,Basic Materials,Major Chemicals
NLOP,Net Lease Office Properties Common Shares of Beneficial Interest,$13.11,0.05,0.383%,194212523.00,United States,2023,149225,Real Estate,Real Estate Investment Trusts
NLY,Annaly Capital Management Inc. Common Stock,$22.82,-0.08,-0.349%,16721953546.00,United States,,3982026,Real Estate,Real Estate Investment Trusts
NLY^F,Annaly Capital Management Inc 6.95% Series F,$25.98,0.02,0.077%,,United States,,30442,,
NLY^G,Annaly Capital Management Inc 6.50% Series G Fixed-to-Floating Rate Cumulative Redeemable Preferred Stock,$25.23,0.17,0.678%,,United States,,31745,,
NLY^I,Annaly Capital Management Inc 6.750% Series I Fixed-to-Floating Rate Cumulative Redeemable Preferred Stock,$25.66,0.05,0.195%,,United States,,26540,,
NLY^J,Annaly Capital Management Inc. 8.875% Series J Fixed-Rate Cumulative Redeemable Preferred Stock,$26.13,-0.04,-0.153%,,United States,,25247,,
NMAI,Nuveen Multi-Asset Income Fund Common Shares of Beneficial Interest,$13.86,-0.02,-0.144%,0.00,United States,2021,105577,Finance,Investment Managers
NMAX,Newsmax Inc. Class B Common Stock,$6.38,0.08,1.27%,823903343.00,United States,2025,1091051,Industrials,Broadcasting
NMCO,Nuveen Municipal Credit Opportunities Fund Common Shares,$10.75,0.04,0.373%,588793346.00,,2019,156734,Finance,Finance/Investors Services
NMFC,New Mountain Finance Corporation Common Stock,$8.60,0.06,0.703%,847182242.00,United States,,577638,Finance,Finance/Investors Services
NMFCZ,New Mountain Finance Corporation 8.250% Notes due 2028,$25.23,0.0656,0.261%,2683487046.00,United States,,24209,,
NMG,Nouveau Monde Graphite Inc. Common Shares,$2.12,-0.09,-4.072%,340952263.00,Canada,,1027094,Basic Materials,Other Metals and Minerals
NMI,Nuveen Municipal Income Fund Inc. Common Stock,$9.93,-0.055,-0.551%,0.00,United States,1988,19341,Finance,Trusts Except Educational Religious and Charitable
NMIH,NMI Holdings Inc. Common Stock,$37.21,-1.50,-3.875%,2833778453.00,United States,2013,1335762,Finance,Property-Casualty Insurers
NML,Neuberger Energy Infrastructure and Income Fund Inc. Common Stock,$10.37,-0.11,-1.05%,0.00,United States,2013,130621,Finance,Finance/Investors Services
NMM,Navios Maritime Partners LP Common Units Representing Limited Partner Interests,$71.27,-0.84,-1.165%,2078825240.00,Greece,2007,156583,Consumer Discretionary,Marine Transportation
NMP,NMP Acquisition Corp. Class A Ordinary Shares,$10.19,0.00,0.00%,0.00,United States,2025,1,Finance,Blank Checks
NMPAR,NMP Acquisition Corp. Right,$0.199,0.00,0.00%,0.00,United States,2025,1,Finance,Blank Checks
NMPAU,NMP Acquisition Corp. Units,$10.432,0.00,0.00%,0.00,United States,2025,2,Finance,Blank Checks
NMR,Nomura Holdings Inc ADR American Depositary Shares,$7.81,-0.25,-3.102%,23088007637.00,Japan,,1405205,Finance,Investment Bankers/Brokers/Service
NMRA,Neumora Therapeutics Inc. Common Stock,$2.44,-0.03,-1.215%,445758905.00,United States,2023,3502551,Health Care,Biotechnology: Biological Products (No Diagnostic Substances)
NMRK,Newmark Group Inc. Class A Common Stock,$16.04,-0.08,-0.496%,2958379329.00,United States,2017,3037369,Finance,Real Estate
NMS,Nuveen Minnesota Quality Municipal Income Fund ,$12.23,0.03,0.246%,0.00,United States,2014,13538,Finance,Finance Companies
NMT,Nuveen Massachusetts Quality Municipal Income Fund Common Stock,$12.75,0.10,0.791%,0.00,United States,,36825,Finance,Finance/Investors Services
NMTC,NeuroOne Medical Technologies Corporation Common Stock,$4.35,-0.35,-7.447%,36752437.00,United States,,17767,Health Care,Medical/Dental Instruments
NMZ,Nuveen Municipal High Income Opportunity Fund Common Stock $0.01 par value per share,$10.18,0.00,0.00%,0.00,United States,2003,903907,Finance,Finance/Investors Services
NN,NextNav Inc. Common Stock,$19.38,0.85,4.587%,2636226380.00,United States,,1669893,Industrials,Industrial Machinery/Components
NNAVW,NextNav Inc. Warrant,$8.75,0.05,0.575%,1190246689.00,United States,,19510,Industrials,Industrial Machinery/Components
NNBR,NN Inc. Common Stock,$2.46,0.14,6.034%,123467705.00,United States,1994,353989,Industrials,Industrial Machinery/Components
NNDM,Nano Dimension Ltd. American Depositary Shares,$1.93,0.20,11.561%,401413534.00,Israel,,6258593,Technology,Electrical Products
NNE,Nano Nuclear Energy Inc. Common Stock,$23.41,0.03,0.128%,1219267572.00,United States,2024,1485233,Utilities,Electric Utilities: Central
NNI,Nelnet Inc. Common Stock,$141.66,-0.04,-0.028%,5098623462.00,United States,2003,62722,Finance,Finance: Consumer Services
NNN,NNN REIT Inc. Common Stock,$43.95,0.16,0.365%,8361724347.00,United States,,2021930,Real Estate,Real Estate Investment Trusts
NNNN,Anbio Biotechnology Class A Ordinary Shares,$28.90,0.40,1.404%,4158455680.00,Germany,2025,6884,Health Care,Biotechnology: In Vitro & In Vivo Diagnostic Substances
NNOX,NANO-X IMAGING LTD Ordinary Shares,$1.73,0.02,1.17%,120391094.00,Israel,2020,1124666,Health Care,Medical Electronics
NNVC,NanoViricides Inc. Common Stock,$1.30,0.06,4.839%,28073500.00,United States,,301945,Health Care,Biotechnology: Pharmaceutical Preparations
NNY,Nuveen New York Municipal Value Fund Common Stock,$8.57,0.01,0.117%,0.00,United States,1988,18704,Finance,Investment Managers
NOA,North American Construction Group Ltd. Common Shares (no par),$14.73,0.06,0.409%,420060786.00,Canada,2006,108284,Energy,Oilfield Services/Equipment
NOAH,Noah Holdings Limited American Depositary Shares,$10.65,0.24,2.305%,714100147.00,China,2010,33042,Finance,Investment Managers
NOC,Northrop Grumman Corporation Common Stock,$568.14,-11.34,-1.957%,80694899055.00,United States,,645995,Industrials,Industrial Machinery/Components
NODK,NI Holdings Inc. Common Stock,$12.90,0.02,0.155%,264715392.00,United States,2017,4616,Finance,Property-Casualty Insurers
NOEM,CO2 Energy Transition Corp. Common Stock,$10.40,-0.01,-0.096%,0.00,United States,2025,77971,,
NOEMR,CO2 Energy Transition Corp. Right,$0.15,0.019,14.504%,0.00,United States,2025,1600,,
NOEMW,CO2 Energy Transition Corp. Warrant,$0.0826,0.0073,9.695%,0.00,United States,2025,17600,,
NOG,Northern Oil and Gas Inc. Common Stock,$26.52,-0.64,-2.356%,2805580582.00,United States,2022,1958235,Energy,Oil & Gas Production
NOK,Nokia Corporation Sponsored American Depositary Shares,$13.30,0.39,3.021%,76371787957.00,Finland,1994,148200279,Technology,Radio And Television Broadcasting And Communications Equipment
NOMA,NOMADAR Corp. Class A Common Stock,$3.7834,0.2334,6.575%,54011440.00,United States,,4000,Consumer Discretionary,Services-Misc. Amusement & Recreation
NOMD,Nomad Foods Limited Ordinary Shares,$9.52,-0.20,-2.058%,1352659596.00,United Kingdom,2016,2442110,Consumer Staples,Packaged Foods
NOTV,Inotiv Inc. Common Stock,$0.31,0.0199,6.86%,10662441.00,United States,,472670,Health Care,Biotechnology: Commercial Physical & Biological Resarch
NOV,NOV Inc. Common Stock,$19.86,-0.60,-2.933%,7127525213.00,United States,,4665890,Consumer Discretionary,Oil and Gas Field Machinery
NOVT,Novanta Inc. Common Stock,$127.87,-1.66,-1.282%,4553531642.00,United States,,646265,Miscellaneous,Industrial Machinery/Components
NOVTU,Novanta Inc. Tangible Equity Units,$56.22,-1.06,-1.851%,2002029787.00,United States,,741772,Miscellaneous,Industrial Machinery/Components
NOW,ServiceNow Inc. Common Stock,$91.16,2.85,3.227%,93985960000.00,United States,2012,22864529,Technology,Computer Software: Prepackaged Software
NP,Neptune Insurance Holdings Inc. Class A Common Stock,$24.81,-0.32,-1.273%,3431989952.00,,2025,695379,Finance,Specialty Insurers
NPAC,New Providence Acquisition Corp. III Class A Ordinary Shares,$10.3299,0.0099,0.096%,0.00,United States,2025,339,Finance,Blank Checks
NPACW,New Providence Acquisition Corp. III Warrants,$0.30,0.00,0.00%,0.00,United States,2025,10600,Finance,Blank Checks
NPB,Northpointe Bancshares Inc. Common Stock,$17.83,0.00,0.00%,615030088.00,United States,2025,136201,Finance,Major Banks
NPCE,Neuropace Inc. Common Stock,$17.07,0.21,1.246%,579534164.00,United States,2021,154017,Health Care,Medical/Dental Instruments
NPCT,Nuveen Core Plus Impact Fund Common Shares of Beneficial Interest,$10.56,-0.02,-0.189%,0.00,United States,2021,148185,Finance,Investment Managers
NPFD,Nuveen Variable Rate Preferred & Income Fund Common Shares,$19.26,-0.04,-0.207%,0.00,United States,2021,71990,Finance,Trusts Except Educational Religious and Charitable
NPK,National Presto Industries Inc. Common Stock,$141.68,1.84,1.316%,1014929922.00,United States,,47139,Industrials,Ordnance And Accessories
NPKI,NPK International Inc. Common Stock,$15.57,-0.78,-4.771%,1314331383.00,United States,,1984837,Consumer Discretionary,Oil and Gas Field Machinery
NPO,Enpro Inc. Common Stock,$285.94,-5.61,-1.924%,6075653406.00,United States,,206488,Industrials,Metal Fabrications
NPT,Texxon Holding Limited Ordinary shares,$1.76,-0.10,-5.376%,39045600.00,China,2025,119975,Consumer Discretionary,Specialty Chemicals
NPV,Nuveen Virginia Quality Municipal Income Fund Common Stock,$11.58,-0.01,-0.086%,0.00,United States,1993,33391,Finance,Investment Managers
NPWR,NET Power Inc. Class A Common Stock,$1.99,0.08,4.188%,447275745.00,United States,2021,813187,Energy,Industrial Machinery/Components
NRC,NRC Health Common Stock,$17.41,0.95,5.772%,392363877.00,United States,,164407,Health Care,Biotechnology: Commercial Physical & Biological Resarch
NRDS,NerdWallet Inc. Class A Common Stock,$11.01,0.17,1.568%,724364195.00,United States,2021,574360,Technology,EDP Services
NRDY,Nerdy Inc. Class A Common Stock,$0.8978,0.0036,0.403%,169322194.00,United States,2020,324533,Real Estate,Other Consumer Services
NREF,NexPoint Real Estate Finance Inc. Common Stock,$14.86,0.44,3.051%,277688567.00,United States,2020,65709,Real Estate,Real Estate Investment Trusts
NREF^A,NexPoint Real Estate Finance Inc. 8.50% Series A Cumulative Redeemable Preferred Stock,$23.10,0.27,1.183%,,United States,,564,,
NRG,NRG Energy Inc. Common Stock,$153.37,-2.21,-1.42%,32906544055.00,United States,,2381002,Utilities,Electric Utilities: Central
NRGV,Energy Vault Holdings Inc. Common Stock,$4.38,-0.23,-4.989%,762762266.00,United States,2021,2458653,Miscellaneous,Industrial Machinery/Components
NRIM,Northrim BanCorp Inc Common Stock,$24.73,0.20,0.815%,549987187.00,United States,,76590,Finance,Savings Institutions
NRIX,Nurix Therapeutics Inc. Common stock,$16.81,0.11,0.659%,1738251717.00,United States,2020,688936,Health Care,Biotechnology: Pharmaceutical Preparations
NRK,Nuveen New York AMT-Free Quality Municipal Income Fund ,$10.66,0.09,0.851%,0.00,United States,2002,349506,Finance,Trusts Except Educational Religious and Charitable
NRO,Neuberger Real Estate Securities Income Fund Inc. Common Stock,$3.04,0.00,0.00%,0.00,United States,2003,222856,Finance,Finance/Investors Services
NRP,Natural Resource Partners LP Limited Partnership,$118.78,0.62,0.525%,1573883937.00,United States,2002,15049,Energy,Coal Mining
NRSN,NeuroSense Therapeutics Ltd. Ordinary Shares,$0.8966,0.0756,9.208%,31694642.00,Israel,2021,186101,Health Care,Biotechnology: Pharmaceutical Preparations
NRSNW,NeuroSense Therapeutics Ltd. Warrant,$0.1999,0.0779,63.852%,7066428.00,Israel,2021,273,Health Care,Biotechnology: Pharmaceutical Preparations
NRT,North European Oil Royality Trust Common Stock,$8.32,0.05,0.605%,76465709.00,United States,,58237,Energy,Oil & Gas Production
NRUC,National Rural Utilities Cooperative Finance Corporation 5.500% Subordinated Notes due 2064 (Subordinated Deferrable Interest Notes),$23.87,-0.20,-0.831%,0.00,United States,2019,6041,Finance,Diversified Financial Services
NRXP,NRX Pharmaceuticals Inc. Common Stock,$3.09,0.11,3.691%,102178977.00,United States,2017,484000,Health Care,Biotechnology: Pharmaceutical Preparations
NRXPW,NRX Pharmaceuticals Inc. Warrant,$0.0125,-0.0018,-12.587%,413345.00,United States,2017,62621,Health Care,Biotechnology: Pharmaceutical Preparations
NRXS,Neuraxis Inc. Common Stock,$8.08,0.63,8.456%,92963802.00,,2023,295117,Health Care,Biotechnology: Electromedical & Electrotherapeutic Apparatus
NSA,National Storage Affiliates Trust Common Shares of Beneficial Interest,$42.49,-0.07,-0.164%,3276509063.00,United States,2015,752874,Real Estate,Real Estate Investment Trusts
NSA^A,National Storage Affiliates Trust 6.000% Series A Cumulative Redeemable Preferred Shares of Beneficial Interest (Liquidation Preference $25.00 per share),$23.0401,-0.0499,-0.216%,,United States,,2606,,
NSA^B,National Storage Affiliates Trust 6.000% Series B Cumulative Redeemable Preferred Shares of Beneficial Interest,$32.99,0.58,1.79%,,United States,,6119,,
NSC,Norfolk Southern Corporation Common Stock,$315.90,0.07,0.022%,70949244916.00,United States,,922193,Industrials,Railroads
NSIT,Insight Enterprises Inc. Common Stock,$72.77,-0.13,-0.178%,2245458942.00,United States,1995,498848,Consumer Discretionary,Catalog/Specialty Distribution
NSP,Insperity Inc. Common Stock,$28.53,-7.04,-19.792%,1088966762.00,United States,,2035157,Consumer Discretionary,Professional Services
NSPR,InspireMD Inc. Common Stock,$1.15,-0.03,-2.542%,53926926.00,Israel,,8455278,Health Care,Medical/Dental Instruments
NSRX,Nasus Pharma Ltd. Ordinary Shares,$2.75,0.05,1.852%,32204722.00,,2025,66701,Health Care,Biotechnology: Pharmaceutical Preparations
NSSC,NAPCO Security Technologies Inc. Common Stock,$46.72,-0.03,-0.064%,1666237217.00,United States,,291284,Telecommunications,Telecommunications Equipment
NSTS,NSTS Bancorp Inc. Common Stock,$12.71,0.26,2.088%,66874084.00,United States,2022,1990,Finance,Savings Institutions
NSYS,Nortech Systems Incorporated Common Stock,$13.18,-0.46,-3.372%,36721246.00,United States,,12683,Technology,Industrial Machinery/Components
NTAP,NetApp Inc. Common Stock,$112.08,1.31,1.183%,22116791232.00,United States,1995,1137986,Technology,Electronic Components
NTB,Bank of N.T. Butterfield & Son Limited (The) Voting Ordinary Shares,$55.63,0.18,0.325%,2225200000.00,Bermuda,2016,203897,Finance,Commercial Banks
NTCL,NETCLASS TECHNOLOGY INC Class A Ordinary Shares,$0.399,-0.011,-2.683%,23917219.00,China,2024,45475,Technology,Computer Software: Prepackaged Software
NTCT,NetScout Systems Inc. Common Stock,$33.98,0.28,0.831%,2454047493.00,United States,1999,403584,Technology,EDP Services
NTES,NetEase Inc. American Depositary Shares,$117.98,0.47,0.40%,75286353828.00,China,,787690,Technology,Computer Software: Prepackaged Software
NTGR,NETGEAR Inc. Common Stock,$25.25,-0.02,-0.079%,690423350.00,United States,2003,481669,Utilities,Telecommunications Equipment
NTHI,NeOnc Technologies Holdings Inc. Common Stock,$4.06,-0.36,-8.145%,101140617.00,United States,,60258,Health Care,Biotechnology: Pharmaceutical Preparations
NTIC,Northern Technologies International Corporation Common Stock,$7.95,-0.05,-0.625%,75461408.00,United States,,9497,Industrials,Industrial Specialties
NTIP,Network-1 Technologies Inc. Common Stock,$1.46,0.01,0.69%,33278230.00,United States,,88999,Miscellaneous,Multi-Sector Companies
NTLA,Intellia Therapeutics Inc. Common Stock,$13.26,-0.22,-1.632%,1566450820.00,United States,2016,5791825,Health Care,Biotechnology: In Vitro & In Vivo Diagnostic Substances
NTNX,Nutanix Inc. Class A Common Stock,$42.60,1.71,4.182%,11298035332.00,United States,2016,2530549,Technology,Computer Software: Prepackaged Software
NTR,Nutrien Ltd. Common Shares,$75.22,-0.78,-1.026%,36253199166.00,Canada,2004,1906926,Industrials,Agricultural Chemicals
NTRA,Natera Inc. Common Stock,$207.28,1.12,0.543%,29595126029.00,United States,2015,946686,Health Care,Medical Specialities
NTRB,Nutriband Inc. Common Stock,$3.86,-0.005,-0.129%,46922094.00,United States,,4010,Health Care,Industrial Specialties
NTRBW,Nutriband Inc. Warrant,$1.17,0.00,0.00%,14222500.00,United States,,1,Health Care,Industrial Specialties
NTRP,NextTrip Inc. Common Stock,$2.75,0.13,4.962%,37583719.00,United States,,41128,Consumer Discretionary,Miscellaneous manufacturing industries
NTRS,Northern Trust Corporation Common Stock,$164.48,-1.86,-1.118%,30481585086.00,United States,,834469,Finance,Major Banks
NTRSO,Northern Trust Corporation Depositary Shares Each Representing a 1/1000th Interest in a Share of Series E Non-Cumulative Perpetual Preferred Stock,$19.1354,0.0254,0.133%,3546189952.00,United States,,13557,Finance,Major Banks
NTSK,Netskope Inc. Class A Common Stock,$10.52,0.56,5.622%,4211306520.00,United States,2025,4735260,Technology,Computer Software: Prepackaged Software
NTST,NetSTREIT Corp. Common Stock,$20.15,-0.42,-2.042%,1959801231.00,United States,2020,1151948,Real Estate,Real Estate Investment Trusts
NTWK,NetSol Technologies Inc. Common  Stock,$3.47,0.07,2.059%,41155713.00,United States,,4224,Technology,Computer Software: Prepackaged Software
NTWO,Newbury Street II Acquisition Corp Class A Ordinary Shares,$10.58,0.00,0.00%,0.00,United States,2024,65,,
NTWOW,Newbury Street II Acquisition Corp Warrant,$0.1802,0.00,0.00%,0.00,United States,2024,12,,
NTZ,Natuzzi S.p.A.,$2.93,-0.17,-5.484%,32272804.00,Italy,1993,2313,Consumer Discretionary,Home Furnishings
NU,Nu Holdings Ltd. Class A Ordinary Shares,$14.44,-0.04,-0.276%,70115927246.00,Cayman Islands,2021,26137233,Finance,Finance: Consumer Services
NUAI,New Era Energy & Digital Inc. Common Stock,$4.04,0.10,2.538%,247473990.00,United States,,3793670,Energy,Oil & Gas Production
NUAIW,New Era Energy & Digital Inc. Warrants,$1.69,0.03,1.807%,103522535.00,United States,,8585,Energy,Oil & Gas Production
NUCL,Eagle Nuclear Energy Corp. Common stock,$11.19,-0.16,-1.41%,330992512.00,United States,,296164,Basic Materials,Other Metals and Minerals
NUCLW,Eagle Nuclear Energy Corp. Warrants,$2.1999,-0.1001,-4.352%,65071531.00,United States,,189003,Basic Materials,Other Metals and Minerals
NUE,Nucor Corporation Common Stock,$226.04,0.75,0.333%,51477364970.00,United States,,1227589,Industrials,Steel/Iron Ore
NUS,Nu Skin Enterprises Inc. Common Stock,$7.19,-0.11,-1.507%,353580717.00,United States,1996,420621,Health Care,Other Pharmaceuticals
NUTX,Nutex Health Inc. Common Stock,$139.57,20.37,17.089%,972572610.00,United States,,398985,Real Estate,Real Estate
NUV,Nuveen Municipal Value Fund Inc. Common Stock,$9.15,0.00,0.00%,0.00,United States,1987,582128,Finance,Trusts Except Educational Religious and Charitable
NUVB,Nuvation Bio Inc. Class A Common Stock,$4.49,0.04,0.899%,1561109381.00,United States,2020,2642182,Health Care,Biotechnology: Pharmaceutical Preparations
NUVL,Nuvalent Inc. Class A Common Stock,$99.04,-1.24,-1.237%,7821982110.00,United States,2021,416426,Health Care,Biotechnology: Pharmaceutical Preparations
NUW,Nuveen AMT-Free Municipal Value Fund,$14.04,-0.07,-0.496%,0.00,United States,2009,29520,Finance,Investment Managers
NUWE,Nuwellis Inc. Common Stock,$1.07,-0.06,-5.31%,2820218.00,United States,,47914,Health Care,Biotechnology: Electromedical & Electrotherapeutic Apparatus
NVA,Nova Minerals Limited American Depositary Shares,$5.81,-0.02,-0.343%,218372824.00,Australia,2024,333055,Basic Materials,Precious Metals
NVAWW,Nova Minerals Limited Warrant,$29.00,0.00,0.00%,13079817887.00,Australia,2024,848,Basic Materials,Precious Metals
NVAX,Novavax Inc. Common Stock,$8.04,0.115,1.451%,1321996529.00,United States,,3106803,Health Care,Biotechnology: Biological Products (No Diagnostic Substances)
NVCR,NovoCure Limited Ordinary Shares,$16.62,1.41,9.27%,1924944023.00,Jersey,2015,3647560,Health Care,Medical/Dental Instruments
NVCT,Nuvectis Pharma Inc. Common Stock,$8.54,-0.02,-0.234%,236285027.00,United States,2022,35648,Health Care,Biotechnology: Pharmaceutical Preparations
NVDA,NVIDIA Corporation Common Stock,$198.45,-1.12,-0.561%,4822335000000.00,United States,1999,128253762,Technology,Semiconductors
NVEC,NVE Corporation Common Stock,$87.20,4.41,5.327%,421800875.00,United States,,103004,Technology,Semiconductors
NVG,Nuveen AMT-Free Municipal Credit Income Fund ,$12.62,-0.01,-0.079%,0.00,United States,2002,702647,Finance,Investment Managers
NVGS,Navigator Holdings Ltd. Ordinary Shares (Marshall Islands),$21.88,0.08,0.367%,1427679715.00,Marshall Islands,2013,383068,Consumer Discretionary,Marine Transportation
NVMI,Nova Ltd. Ordinary Shares,$494.49,-5.94,-1.187%,15716361824.00,Israel,2000,213599,Technology,Electronic Components
NVNI,Nvni Group Limited Ordinary Shares,$1.41,0.01,0.714%,39124798.00,Cayman Islands,,82702,Technology,Computer Software: Prepackaged Software
NVNIW,Nvni Group Limited Warrants,$0.046,0.0001,0.218%,1276412.00,Cayman Islands,,7800,Technology,Computer Software: Prepackaged Software
NVNO,enVVeno Medical Corporation Common Stock,$10.50,0.06,0.575%,6882971.00,United States,2018,19370,Health Care,Medical/Dental Instruments
NVO,Novo Nordisk A/S Common Stock,$43.88,1.66,3.932%,195924200000.00,Denmark,,26221502,Health Care,Biotechnology: Pharmaceutical Preparations
NVR,NVR Inc. Common Stock,$6154.14,-161.73,-2.561%,17096933263.00,United States,1998,20096,Consumer Discretionary,Homebuilding
NVRI,Enviri Corporation Common Stock,$19.66,-0.03,-0.152%,1601297131.00,United States,,943621,Miscellaneous,Diversified Commercial Services
NVS,Novartis AG Common Stock,$146.57,-1.28,-0.866%,279677791591.00,Switzerland,,1094433,Health Care,Biotechnology: Pharmaceutical Preparations
NVST,Envista Holdings Corporation Common Stock,$26.33,0.39,1.503%,4291285781.00,United States,2019,1978244,Health Care,Medical/Dental Instruments
NVT,nVent Electric plc Ordinary Shares ,$158.92,16.02,11.211%,25697093677.00,United Kingdom,2018,5132758,Industrials,Industrial Machinery/Components
NVTS,Navitas Semiconductor Corporation Common Stock,$17.45,0.95,5.758%,4027333749.00,United States,,30023116,Technology,Semiconductors
NVVE,Nuvve Holding Corp. Common Stock,$0.315,0.0215,7.325%,1673250.00,United States,2020,390863,Industrials,Electrical Products
NVX,NOVONIX Limited American Depository Shares,$0.7532,0.0332,4.611%,158185897.00,Australia,,256832,Miscellaneous,Industrial Machinery/Components
NWAX,New America Acquisition I Corp. Class A Common Stock,$10.08,0.00,0.00%,0.00,,2026,24424,Finance,Blank Checks
NWBI,Northwest Bancshares Inc. Common Stock,$13.94,0.11,0.795%,2038890091.00,United States,2009,871711,Finance,Major Banks
NWE,NorthWestern Energy Group Inc. Common Stock,$72.49,0.15,0.207%,4458067294.00,United States,,382083,Utilities,Power Generation
NWFL,Norwood Financial Corp. Common Stock,$30.87,1.60,5.466%,336179424.00,United States,,44764,Finance,Major Banks
NWG,NatWest Group plc American Depositary Shares (each representing two (2) Ordinary Shares),$15.38,-0.53,-3.331%,63265951119.00,United Kingdom,2022,3502478,Finance,Commercial Banks
NWGL,CL Workshop Group Limited American Depositary Shares,$0.9601,0.0051,0.534%,15892694.00,China,2023,312506,Energy,
NWL,Newell Brands Inc. Common Stock,$4.55,0.47,11.52%,1933421363.00,United States,,14211350,Industrials,Plastic Products
NWN,Northwest Natural Holding Company Common Stock,$52.86,-0.14,-0.264%,2224349329.00,United States,,153788,Utilities,Oil/Gas Transmission
NWPX,NWPX Infrastructure Inc. Common Stock,$107.00,8.66,8.806%,1031159856.00,United States,1995,336973,Industrials,Steel/Iron Ore
NWS,News Corporation Class B Common Stock,$30.41,-0.07,-0.23%,16889046805.00,United States,,909704,Consumer Discretionary,Newspapers/Magazines
NWSA,News Corporation Class A Common Stock,$26.24,-0.08,-0.304%,14573120294.00,United States,,4174430,Consumer Discretionary,Newspapers/Magazines
NWTG,Newton Golf Company Inc. Common Stock,$1.21,0.01,0.833%,5556396.00,United States,2023,12861,Consumer Discretionary,Recreational Games/Products/Toys
NX,Quanex Building Products Corporation Common Stock,$19.93,-0.01,-0.05%,915460913.00,United States,,237717,Industrials,Metal Fabrications
NXDR,Nextdoor Holdings Inc. Class A Common Stock,$1.65,0.05,3.125%,623065973.00,United States,,2008901,Technology,Computer Software: Programming Data Processing
NXDT,NexPoint Diversified Real Estate Trust Common Stock,$5.27,-0.15,-2.768%,264657239.00,United States,,173753,Real Estate,Real Estate Investment Trusts
NXDT^A,NexPoint Diversified Real Estate Trust 5.50% Series A Cumulative Preferred Shares ($25.00 liquidation preference per share),$13.383,-0.217,-1.596%,,United States,,5668,,
NXE,Nexgen Energy Ltd. Common Shares,$12.38,-0.19,-1.512%,8184041227.00,Canada,2017,3838157,Basic Materials,Other Metals and Minerals
NXG,NXG NextGen Infrastructure Income Fund Common Shares of Beneficial Interest,$57.15,-0.14,-0.244%,148687955.00,,2012,112204,,
NXGL,NexGel Inc Common Stock,$0.5811,-0.0091,-1.542%,4925225.00,United States,2021,57116,Health Care,Medical/Dental Instruments
NXGLW,NexGel Inc Warrant,$0.0599,0.00,0.00%,507694.00,United States,2021,594,Health Care,Medical/Dental Instruments
NXL,Nexalin Technology Inc. Common Stock,$0.3803,0.025,7.036%,7827200.00,United States,2022,141663,Health Care,Biotechnology: Electromedical & Electrotherapeutic Apparatus
NXP,Nuveen Select Tax Free Income Portfolio Common Stock,$14.18,0.02,0.141%,663611422.00,United States,1992,165900,Finance,Trusts Except Educational Religious and Charitable
NXPI,NXP Semiconductors N.V. Common Stock,$295.24,1.65,0.562%,74539561364.00,Netherlands,2010,2829789,Technology,Semiconductors
NXPL,NextPlat Corp Common Stock,$6.34,-0.05,-0.782%,17134623.00,United States,,3742,Telecommunications,Telecommunications Equipment
NXPLW,NextPlat Corp Warrants,$0.0073,0.0031,73.81%,19729.00,United States,,11888,Telecommunications,Telecommunications Equipment
NXRT,NexPoint Residential Trust Inc. Common Stock,$28.92,0.03,0.104%,737212416.00,United States,2015,191686,Real Estate,Real Estate Investment Trusts
NXST,Nexstar Media Group Inc. Common Stock,$202.37,-5.77,-2.772%,6137476753.00,United States,2003,263795,Industrials,Broadcasting
NXT,Nextpower Inc. Class A Common Stock,$119.93,0.80,0.672%,17806707851.00,United States,2023,1156712,Industrials,Industrial Machinery/Components
NXTC,NextCure Inc. Common Stock,$9.36,0.15,1.629%,33766715.00,United States,2019,90089,Health Care,Biotechnology: Pharmaceutical Preparations
NXTS,Nexentis Technologies Inc. Common Stock,$4.645,-0.125,-2.621%,3392982.00,Israel,,15310,Industrials,Agricultural Chemicals
NXTT,Next Technology Holding Inc. Ordinary Shares,$1.55,0.09,6.164%,118209780.00,China,,103566,Technology,EDP Services
NXXT,NextNRG Inc. Common Stock,$0.38,0.0097,2.619%,59528890.00,United States,2021,1583433,Consumer Discretionary,Retail-Auto Dealers and Gas Stations
NYAX,Nayax Ltd. Ordinary Shares,$71.58,1.09,1.546%,2674171178.00,Israel,,7724,Technology,Computer Software: Prepackaged Software
NYC,American Strategic Investment Co. Class A Common Stock,$8.00,-0.03,-0.374%,21543528.00,,2020,1868,Real Estate,Real Estate Investment Trusts
NYT,New York Times Company (The) Common Stock,$78.72,-0.31,-0.392%,12746102461.00,United States,,2974065,Consumer Discretionary,Newspapers/Magazines
NYXH,Nyxoah SA Ordinary Shares,$3.00,0.05,1.695%,130987209.00,Belgium,2021,6638,Health Care,Medical/Dental Instruments
NZF,Nuveen Municipal Credit Income Fund ,$12.57,-0.02,-0.159%,0.00,United States,2007,618910,Finance,Finance Companies
O,Realty Income Corporation Common Stock,$63.81,-0.43,-0.669%,59499674956.00,United States,,4570501,Real Estate,Real Estate Investment Trusts
OABI,OmniAb Inc. Common Stock,$1.40,0.01,0.719%,202961611.00,United States,2021,510588,Health Care,Biotechnology: Commercial Physical & Biological Resarch
OABIW,OmniAb Inc. Warrant,$0.1175,0.00,0.00%,17034278.00,United States,2021,80,Health Care,Biotechnology: Commercial Physical & Biological Resarch
OACC,Oaktree Acquisition Corp. III Life Sciences Class A Ordinary Share,$10.60,-0.01,-0.094%,0.00,United States,2024,200,Finance,Blank Checks
OACCU,Oaktree Acquisition Corp. III Life Sciences Unit,$10.68,0.00,0.00%,0.00,United States,2024,28,Finance,Blank Checks
OAK^A,Brookfield Oaktree Holdings LLC 6.625% Series A Preferred Units,$20.80,-0.055,-0.264%,,United States,,7458,,
OAK^B,Brookfield Oaktree Holdings LLC 6.550% Series B Preferred Units,$20.59,0.04,0.195%,,United States,,7558,,
OBA,Oxley Bridge Acquisition Limited Class A Ordinary Shares,$10.16,-0.001,-0.01%,0.00,Hong Kong,2025,227497,Finance,Blank Checks
OBAI,Our Bond Inc. Common Stock,$0.5751,0.0181,3.25%,11889149.00,United States,,818265,Consumer Discretionary,Telecommunications Equipment
OBDC,Blue Owl Capital Corporation Common Stock,$11.86,0.14,1.195%,5891518937.00,United States,2019,3423184,Finance,Diversified Financial Services
OBE,Obsidian Energy Ltd. Common Shares,$14.20,-0.08,-0.56%,959518665.00,Canada,2022,1657639,Energy,Oil & Gas Production
OBIO,Orchestra BioMed Holdings Inc. Ordinary Shares,$3.97,-0.02,-0.501%,237726439.00,United States,2020,158667,Health Care, Medicinal Chemicals and Botanical Products 
OBK,Origin Bancorp Inc. Common Stock,$47.33,0.51,1.089%,1466344834.00,United States,,165724,Finance,Major Banks
OBT,Orange County Bancorp Inc. Common Stock,$34.10,0.00,0.00%,457202229.00,United States,,51944,Finance,Major Banks
OC,Owens Corning Inc Common Stock New,$122.73,-0.61,-0.495%,9865425840.00,United States,,1020917,Industrials,Industrial Machinery/Components
OCC,Optical Cable Corporation Common Stock,$11.00,0.70,6.796%,97147578.00,United States,,310640,Industrials,Telecommunications Equipment
OCCI,OFS Credit Company Inc. Common Stock,$3.10,-0.05,-1.587%,36011181.00,United States,2018,344736,Finance,Trusts Except Educational Religious and Charitable
OCCIM,OFS Credit Company Inc. 7.875% Series F Term Preferred Stock,$25.01,-0.02,-0.08%,0.00,United States,,1053,,
OCCIN,OFS Credit Company Inc. 5.25% Series E Term Preferred Stock Due 2026,$24.725,-0.038,-0.153%,287218210.00,United States,,1459,Finance,Trusts Except Educational Religious and Charitable
OCFC,OceanFirst Financial Corp. Common Stock,$19.02,-0.05,-0.262%,1095552152.00,United States,,620566,Finance,Major Banks
OCG,Oriental Culture Holding LTD Ordinary Shares,$1.73,0.02,1.17%,3354233.00,China,2020,34522,Consumer Discretionary,Other Consumer Services
OCGN,Ocugen Inc. Common Stock,$1.80,0.07,4.046%,609333340.00,United States,2014,3772469,Health Care,Biotechnology: Biological Products (No Diagnostic Substances)
OCS,Oculis Holding AG Ordinary shares,$27.48,0.00,0.00%,1593412356.00,Switzerland,,161035,Health Care,Biotechnology: Pharmaceutical Preparations
OCSAW,Oculis Holding AG Warrants,$15.94,-0.17,-1.055%,924271942.00,Switzerland,,109,Health Care,Biotechnology: Pharmaceutical Preparations
OCSL,Oaktree Specialty Lending Corporation Common Stock,$12.86,0.24,1.902%,1132779826.00,United States,,652669,Finance,Finance: Consumer Services
OCUL,Ocular Therapeutix Inc. Common Stock,$9.43,0.06,0.64%,2052833476.00,United States,2014,2293565,Health Care,Biotechnology: Pharmaceutical Preparations
ODC,Oil-Dri Corporation Of America Common Stock,$73.32,0.37,0.507%,1061674113.00,United States,,68151,Consumer Discretionary,Miscellaneous manufacturing industries
ODD,ODDITY Tech Ltd. Class A Ordinary Shares,$14.70,0.38,2.654%,832853270.00,Israel,2023,1669042,Consumer Discretionary,Package Goods/Cosmetics
ODFL,Old Dominion Freight Line Inc. Common Stock,$205.81,-6.62,-3.116%,42868601835.00,United States,1991,2187222,Industrials,Trucking Freight/Courier Services
ODV,Osisko Development Corp. Common Shares,$2.97,-0.02,-0.669%,904652362.00,Canada,2022,1016836,Basic Materials,Precious Metals
ODVWZ,Osisko Development Corp. Warrant expiring 5/27/2027,$0.1925,0.00,0.00%,58634875.00,Canada,,6,Basic Materials,Precious Metals
ODYS,Odysight.ai Inc. Common Stock,$5.00,0.00,0.00%,81797050.00,Israel,,20627,Technology,Electronic Components
OEC,Orion S.A. Common Shares,$7.80,0.28,3.723%,439831462.00,Luxembourg,2014,456002,Industrials,Major Chemicals
OESX,Orion Energy Systems Inc. Common Stock,$9.14,0.03,0.329%,37043168.00,United States,2015,25879,Consumer Discretionary,Building Products
OFAL,OFA Group Class A Ordinary Shares,$0.7603,-0.0701,-8.442%,35176683.00,Hong Kong,2025,200873,Consumer Discretionary,Military/Government/Technical
OFG,OFG Bancorp Common Stock,$45.74,-0.22,-0.479%,1978582819.00,Puerto Rico,,204726,Finance,Major Banks
OFIX,Orthofix Medical Inc. Common Stock (DE),$11.91,0.15,1.276%,480995700.00,Curacao,1992,199537,Health Care,Medical/Dental Instruments
OFLX,Omega Flex Inc. Common Stock,$29.66,-1.86,-5.901%,299397591.00,United States,,37009,Industrials,Industrial Specialties
OFRM,Once Upon a Farm PBC Common Stock,$15.25,0.00,0.00%,638691228.00,,2026,363872,Consumer Staples,Packaged Foods
OFS,OFS Capital Corporation Common Stock,$3.84,-0.21,-5.185%,51448620.00,United States,,143315,Finance,Finance/Investors Services
OFSSH,OFS Capital Corporation 4.95% Notes due 2028,$23.86,0.26,1.102%,319678141.00,United States,,1020,Finance,Finance Companies
OFSSO,OFS Capital Corporation 7.50% Notes due 2028,$25.28,0.00,0.00%,0.00,United States,,2,,
OGC,OceanaGold Corporation Common Shares,$30.37,-0.51,-1.652%,6836949096.00,,2026,138410,,
OGE,OGE Energy Corp Common Stock,$48.18,-0.62,-1.27%,9943114786.00,United States,,2017935,Utilities,Electric Utilities: Central
OGEN,Oragenics Inc. Common Stock,$0.62,0.0258,4.342%,2688338.00,United States,,32777,Health Care,Biotechnology: Pharmaceutical Preparations
OGI,Organigram Global Inc. Common Shares,$1.42,0.01,0.709%,193599024.00,Canada,,167565,Health Care,Biotechnology: Pharmaceutical Preparations
OGN,Organon & Co. Common Stock ,$13.29,0.04,0.302%,3489965456.00,United States,2021,9978430,Health Care,Biotechnology: Pharmaceutical Preparations
OGS,ONE Gas Inc. Common Stock,$88.91,-0.31,-0.347%,5580168531.00,United States,2014,440354,Utilities,Oil/Gas Transmission
OHI,Omega Healthcare Investors Inc. Common Stock,$46.98,0.01,0.021%,13990737960.00,United States,1992,1897713,Real Estate,Real Estate Investment Trusts
OI,O-I Glass Inc. Common Stock,$9.49,0.38,4.171%,1454812853.00,United States,,4233691,Consumer Discretionary,Containers/Packaging
OIA,Invesco Municipal Income Opportunities Trust Common Stock,$6.13,-0.01,-0.163%,291822261.00,United States,,64167,Finance,Finance Companies
OII,Oceaneering International Inc. Common Stock,$37.07,-0.47,-1.252%,3697556380.00,United States,,1251433,Energy,Oilfield Services/Equipment
OIM,OneIM Acquisition Corp. Class A Ordinary Shares,$10.045,0.005,0.05%,0.00,United States,2026,1649,,
OIMAU,OneIM Acquisition Corp. Units,$10.12,-0.03,-0.296%,0.00,United States,2026,3100,Finance,Blank Checks
OIO,OIO Group Ordinary Shares,$2.09,0.37,21.512%,727366206.00,Singapore,,1075209,Utilities,Environmental Services
OIOWW,OIO Group Warrants,$0.0597,0.0043,7.762%,20776920.00,Singapore,,1000,Utilities,Environmental Services
OIS,Oil States International Inc. Common Stock,$11.23,-0.25,-2.178%,676043833.00,United States,2001,656472,Consumer Discretionary,Oil and Gas Field Machinery
OKE,ONEOK Inc. Common Stock,$90.36,-2.10,-2.271%,56929768507.00,United States,,3554392,Utilities,Oil & Gas Production
OKLO,Oklo Inc. Class A common stock,$70.40,-2.10,-2.897%,12243956595.00,United States,2021,10474781,Utilities,Electric Utilities: Central
OKTA,Okta Inc. Class A Common Stock,$75.78,2.13,2.892%,13404567487.00,United States,2017,2637450,Technology,Computer Software: Prepackaged Software
OKUR,OnKure Therapeutics Inc. Class A Common Stock,$4.73,-0.54,-10.247%,191070620.00,United States,2021,187438,Health Care,Biotechnology: Pharmaceutical Preparations
OKYO,OKYO Pharma Limited Ordinary Shares,$1.66,0.10,6.41%,56174400.00,Guernsey,2022,89682,Health Care,Biotechnology: Biological Products (No Diagnostic Substances)
OLB,The OLB Group Inc. Common Stock,$0.5646,0.0367,6.952%,7060746.00,United States,,747087,Real Estate,Real Estate
OLED,Universal Display Corporation Common Stock,$96.39,9.30,10.679%,4506279442.00,United States,,3544501,Technology,Electrical Products
OLLI,Ollie's Bargain Outlet Holdings Inc. Common Stock,$85.61,-0.90,-1.04%,5218461395.00,United States,2015,1272766,Consumer Discretionary,Department/Specialty Retail Stores
OLMA,Olema Pharmaceuticals Inc. Common Stock,$14.32,-0.09,-0.625%,1250796610.00,United States,2020,792520,Health Care,Biotechnology: Pharmaceutical Preparations
OLN,Olin Corporation Common Stock,$28.61,0.13,0.456%,3257449829.00,United States,,2034279,Industrials,Major Chemicals
OLOX,Olenox Industries Inc. Common Stock,$0.6196,-0.0154,-2.425%,3830219.00,United States,2017,109750,Consumer Discretionary,RETAIL: Building Materials
OLP,One Liberty Properties Inc. Common Stock,$22.89,0.18,0.793%,499302477.00,United States,1986,48332,Real Estate,Real Estate Investment Trusts
OLPX,Olaplex Holdings Inc. Common Stock,$2.03,0.00,0.00%,1358887361.00,United States,2021,1885148,Consumer Discretionary,Package Goods/Cosmetics
OM,Outset Medical Inc. Common Stock,$4.36,0.09,2.108%,80787456.00,United States,2020,134756,Health Care,Biotechnology: Electromedical & Electrotherapeutic Apparatus
OMAB,Grupo Aeroportuario del Centro Norte S.A.B. de C.V. ADS,$104.92,-1.09,-1.028%,5064611996.00,Mexico,2006,59670,Consumer Discretionary,Aerospace
OMC,Omnicom Group Inc. Common Stock,$76.92,0.20,0.261%,21922676596.00,United States,,3646968,Consumer Discretionary,Advertising
OMCL,Omnicell Inc. Common Stock ($0.001 par value),$42.80,1.38,3.332%,1946428397.00,United States,2001,656115,Technology,Computer Manufacturing
OMDA,Omada Health Inc. Common Stock,$15.29,0.71,4.87%,908459188.00,United States,2025,1567314,Health Care,Medical/Nursing Services
OMER,Omeros Corporation Common Stock,$15.06,0.46,3.151%,1084262335.00,United States,2009,1279633,Health Care,Biotechnology: Pharmaceutical Preparations
OMEX,Odyssey Marine Exploration Inc. Common Stock,$1.12,0.05,4.673%,65540898.00,United States,,1212020,Consumer Discretionary,Marine Transportation
OMF,OneMain Holdings Inc. Common Stock,$56.59,-2.18,-3.709%,6538037370.00,United States,2013,1811430,Finance,Finance: Consumer Services
OMH,Ohmyhome Limited Class A Ordinary Shares,$1.035,0.055,5.612%,23909671.00,Singapore,2023,4064,Finance,Real Estate
OMSE,OMS Energy Technologies Inc. Ordinary Shares,$4.66,-0.01,-0.214%,197810961.00,Singapore,2025,2202,Consumer Discretionary,Oil and Gas Field Machinery
ON,ON Semiconductor Corporation Common Stock,$103.03,2.22,2.202%,40524513574.00,United States,,9585561,Technology,Semiconductors
ONB,Old National Bancorp Common Stock,$24.07,0.10,0.417%,9299998110.00,United States,,2711792,Finance,Major Banks
ONBPO,Old National Bancorp Depositary Shares Each Representing a 1/40th Interest in a Share of Series C Preferred Stock,$25.09,0.12,0.481%,9694098570.00,United States,,7676,Finance,Major Banks
ONBPP,Old National Bancorp Depositary Shares Each Representing a 1/40th Interest in a Share of Series A Preferred Stock,$24.9499,-0.0201,-0.08%,9639967713.00,United States,,35548,Finance,Major Banks
ONC,BeOne Medicines Ltd. American Depositary Shares,$293.86,-1.41,-0.478%,32656296826.00,Cayman Islands,2016,116037,Health Care,Biotechnology: Pharmaceutical Preparations
ONCH,1RT Acquisition Corp. Class A Ordinary Share,$10.20,0.00,0.00%,0.00,United States,2025,98024,,
ONCHU,1RT Acquisition Corp. Units,$10.28,0.01,0.097%,0.00,United States,2025,584,,
ONCHW,1RT Acquisition Corp. Warrant,$0.4401,-0.0013,-0.295%,0.00,United States,2025,200,Finance,Blank Checks
ONCO,Onconetix Inc. Common Stock,$0.635,-0.0595,-8.567%,7280003.00,United States,2022,1001282,Health Care,Biotechnology: Pharmaceutical Preparations
ONCY,Oncolytics Biotech Inc. Common Stock,$0.8701,-0.0099,-1.125%,93989308.00,Canada,,673469,Health Care,Biotechnology: Pharmaceutical Preparations
ONDS,Ondas Inc. Common Stock,$10.32,0.28,2.789%,5006682757.00,United States,,45530267,Technology,Radio And Television Broadcasting And Communications Equipment
ONEG,OneConstruction Group Limited Ordinary Shares,$8.79,-0.05,-0.566%,140640000.00,Hong Kong,2024,3750404,Consumer Discretionary,Homebuilding
ONEW,OneWater Marine Inc. Class A Common Stock,$9.80,0.41,4.366%,162811751.00,United States,2020,269439,Consumer Discretionary,Auto & Home Supply Stores
ONFO,Onfolio Holdings Inc. Common Stock,$1.28,-0.07,-5.185%,7504914.00,United States,2022,544551,Technology,EDP Services
ONFOW,Onfolio Holdings Inc. Warrant,$0.10,0.0177,21.507%,586321.00,United States,2022,85106,Technology,EDP Services
ONIT,Onity Group Inc. Common Stock,$47.74,1.73,3.76%,406043499.00,United States,,56561,Finance,Finance: Consumer Services
ONL,Orion Properties Inc. Common Stock,$2.96,0.09,3.136%,168217001.00,United States,2021,388199,Real Estate,Real Estate Investment Trusts
ONMD,OneMedNet Corp Class A Common Stock,$0.9952,-0.0848,-7.852%,51946185.00,United Kingdom,2021,753740,Health Care,Biotechnology: Commercial Physical & Biological Resarch
ONMDW,OneMedNet Corp Warrant,$0.0496,0.0071,16.706%,2588958.00,United Kingdom,2021,509,Health Care,Biotechnology: Commercial Physical & Biological Resarch
ONON,On Holding AG Class A Ordinary Shares,$34.54,-1.07,-3.005%,22040493240.00,,2021,7186646,Consumer Discretionary,Shoe Manufacturing
ONTO,Onto Innovation Inc. Common Stock,$292.92,-2.14,-0.725%,14570885646.00,United States,,641349,Industrials,Industrial Machinery/Components
OOMA,Ooma Inc. Common Stock,$17.73,1.41,8.64%,487748896.00,United States,2015,333571,Technology,EDP Services
OPAD,Offerpad Solutions Inc. Class A Common Stock,$0.6667,-0.1233,-15.608%,31526108.00,United States,2020,1807857,Finance,Real Estate
OPAL,OPAL Fuels Inc. Class A Common Stock,$2.20,0.04,1.852%,384464478.00,United States,2021,114032,Utilities,Natural Gas Distribution
OPBK,OP Bancorp Common Stock,$14.67,0.33,2.301%,218498486.00,United States,2018,34442,Finance,Major Banks
OPCH,Option Care Health Inc. Common Stock,$20.03,-0.30,-1.476%,3144421768.00,United States,,6371902,Health Care,Medical/Nursing Services
OPEN,Opendoor Technologies Inc Common Stock,$5.44,0.06,1.115%,5247991985.00,United States,,27466158,Finance,Real Estate
OPENL,Opendoor Technologies Inc  Series A Warrants each whole warrant exercisable to purchase one share of Common Stock at an exercise price of $13.00 per warrant,$0.4075,-0.0053,-1.284%,393117047.00,United States,,146082,Finance,Real Estate
OPENW,Opendoor Technologies Inc  Series K Warrants each whole warrant exercisable to purchase one share of Common Stock at an exercise price of $9.00 per warrant,$0.7501,-0.0106,-1.393%,723624777.00,United States,,130821,Finance,Real Estate
OPENZ,Opendoor Technologies Inc  Series Z Warrants each whole warrant exercisable to purchase one share of Common Stock at an exercise price of $17.00 per warrant,$0.3879,-0.006,-1.523%,374208840.00,United States,,172607,Finance,Real Estate
OPFI,OppFi Inc. Class A Common Stock,$9.51,0.00,0.00%,811940596.00,United States,2020,963691,Finance,Finance: Consumer Services
OPHC,OptimumBank Holdings Inc. Common Stock,$5.57,0.11,2.015%,67767054.00,United States,,69474,Finance,Major Banks
OPK,OPKO Health Inc. Common Stock,$1.10,-0.025,-2.222%,830601482.00,United States,,1962789,Health Care,Biotechnology: Pharmaceutical Preparations
OPLN,OPENLANE Inc. Common Stock,$31.49,0.05,0.159%,3335250628.00,United States,,509604,Consumer Discretionary,Retail-Auto Dealers and Gas Stations
OPP,RiverNorth/DoubleLine Strategic Opportunity Fund Inc. Common Stock,$7.86,-0.01,-0.127%,0.00,United States,2016,91118,Finance,Finance/Investors Services
OPP^A,RiverNorth/DoubleLine Strategic Opportunity Fund Inc. 4.375% Series A Cumulative Preferred Stock,$16.6373,-0.1127,-0.673%,,United States,,3888,,
OPP^B,RiverNorth/DoubleLine Strategic Opportunity Fund Inc. 4.75% Series B Cumulative Preferred Stock,$18.20,-0.16,-0.871%,,United States,,4945,,
OPP^C,RiverNorth/DoubleLine Strategic Opportunity Fund Inc. 6.00% Series C Term Preferred Stock (Liquidation Preference $10.00 per share),$10.37,0.00,0.00%,,United States,,12,,
OPRA,Opera Limited American Depositary Shares,$18.53,0.78,4.394%,1665485906.00,Norway,2018,863111,Technology,Computer Software: Prepackaged Software
OPRT,Oportun Financial Corporation Common Stock,$5.73,-0.36,-5.911%,254986536.00,United States,2019,317861,Finance,Finance: Consumer Services
OPRX,OptimizeRx Corporation Common Stock,$6.70,0.47,7.544%,125706760.00,United States,,471608,Real Estate,Real Estate
OPTT,Ocean Power Technologies Inc. Common Stock,$0.3663,0.005,1.384%,83524986.00,United States,2007,1422791,Utilities,Electric Utilities: Central
OPTU,Optimum Communications Inc. Class A common stock,$1.60,0.02,1.266%,752736318.00,United States,2017,2360053,Telecommunications,Cable & Other Pay Television Services
OPTX,Syntec Optics Holdings Inc. Class A Common Stock,$8.62,0.95,12.386%,334957770.00,United States,2022,1033608,Technology,Electronic Components
OPTXW,Syntec Optics Holdings Inc. Warrant,$1.54,0.155,11.191%,59841643.00,United States,2022,77228,Technology,Electronic Components
OPXS,Optex Systems Holdings Inc. Common Stock,$11.02,0.28,2.607%,76449685.00,United States,,40557,Technology,Electronic Components
OPY,Oppenheimer Holdings Inc. Class A Common Stock (DE),$106.81,-7.67,-6.70%,1143641907.00,United States,,157021,Finance,Investment Bankers/Brokers/Service
OR,OR Royalties Inc. Common Shares,$36.72,-0.19,-0.515%,6872230069.00,Canada,2016,717272,Basic Materials,Precious Metals
ORA,Ormat Technologies Inc. Common Stock,$113.50,-1.40,-1.218%,6974978493.00,United States,2004,366245,Utilities,Electric Utilities: Central
ORBS,Eightco Holdings Inc. Common Stock,$0.8238,0.0347,4.397%,309563679.00,United States,,10609050,,
ORC,Orchid Island Capital Inc. Common Stock,$7.08,0.05,0.711%,1413877600.00,United States,2013,5025053,Real Estate,Real Estate Investment Trusts
ORCL,Oracle Corporation Common Stock,$171.83,10.44,6.469%,494190984180.00,United States,1986,26279675,Technology,Computer Software: Prepackaged Software
ORCL^D,Oracle Corporation Depositary Shares each representing a 1/2000th interest in a sh of 6.50% Series D Mandatory Convertible Preferred Stock,$51.24,2.57,5.28%,,United States,,885150,,
ORGN,Origin Materials Inc. Common Stock,$2.66,0.14,5.556%,14430598.00,United States,2020,332556,Industrials,Major Chemicals
ORGNW,Origin Materials Inc. Warrants,$0.002,0.0002,11.111%,10850.00,United States,2020,80220,Industrials,Major Chemicals
ORGO,Organogenesis Holdings Inc. Class A Common Stock,$2.57,0.22,9.362%,330606524.00,United States,2016,2722042,Health Care,Biotechnology: Pharmaceutical Preparations
ORI,Old Republic International Corporation Common Stock,$39.26,-0.69,-1.727%,9562043501.00,United States,,1368390,Finance,Property-Casualty Insurers
ORIC,Oric Pharmaceuticals Inc. Common Stock,$9.77,-0.11,-1.113%,1011366581.00,United States,2020,1198336,Health Care,Biotechnology: Pharmaceutical Preparations
ORIO,Orion Digital Corp. Common Shares,$1.06,0.015,1.435%,25380163.00,Canada,,17433,Finance,Finance: Consumer Services
ORIQW,Origin Investment Corp I Warrant.,$0.1765,0.00,0.00%,0.00,Singapore,2025,47,Finance,Blank Checks
ORIS,Oriental Rise Holdings Limited Ordinary Shares,$0.4559,-0.0248,-5.159%,2305402.00,China,2024,41077,Consumer Staples,Farming/Seeds/Milling
ORKA,Oruka Therapeutics Inc. Common Stock,$62.58,-5.83,-8.522%,3100381603.00,United States,,3951377,Health Care,Biotechnology: In Vitro & In Vivo Diagnostic Substances
ORKT,Orangekloud Technology Inc. Class A Ordinary Shares,$1.04,0.14,15.556%,6073340.00,Singapore,2024,104567,Technology,Computer Software: Prepackaged Software
ORLA,Orla Mining Ltd. Common Shares,$13.30,0.20,1.527%,4596131513.00,,2020,1811063,Basic Materials,Precious Metals
ORLY,O'Reilly Automotive Inc. Common Stock,$96.67,-2.73,-2.746%,80883737958.00,United States,1993,7531643,Consumer Discretionary,Auto & Home Supply Stores
ORMP,Oramed Pharmaceuticals Inc. Common Stock,$3.98,0.10,2.577%,160975792.00,Israel,,107990,Health Care,Biotechnology: Pharmaceutical Preparations
ORN,Orion Group Holdings Inc. Common,$14.57,0.95,6.975%,589783080.00,United States,,581001,Industrials,Military/Government/Technical
ORRF,Orrstown Financial Services Inc. Common Stock,$37.19,0.45,1.225%,729660288.00,United States,,93355,Finance,Major Banks
OSBC,Old Second Bancorp Inc. Common Stock,$20.79,0.25,1.217%,1076495223.00,United States,,328093,Finance,Major Banks
OSCR,Oscar Health Inc. Class A Common Stock,$18.49,0.03,0.163%,5567738828.00,United States,2021,5433707,Health Care,Medical Specialities
OSG,Octave Specialty Group Inc. Common Stock,$4.38,-0.05,-1.129%,197159533.00,United States,,364788,Finance,Property-Casualty Insurers
OSIS,OSI Systems Inc. Common Stock (DE),$282.50,-4.42,-1.54%,4653495093.00,United States,1997,232101,Technology,Semiconductors
OSK,Oshkosh Corporation (Holding Company)Common Stock,$155.29,-1.01,-0.646%,9728791317.00,United States,,537236,Industrials,Auto Manufacturing
OSPN,OneSpan Inc. Common Stock,$11.54,-0.04,-0.345%,427803275.00,United States,,1176061,Technology,EDP Services
OSRH,OSR Holdings Inc. Common Stock,$0.6366,-0.0663,-9.432%,21087219.00,United States,2023,13233712,Health Care,Medical/Dental Instruments
OSRHW,OSR Holdings Inc. Warrant,$0.065,0.005,8.333%,2153109.00,United States,2023,12830,Health Care,Medical/Dental Instruments
OSS,One Stop Systems Inc. Common Stock,$10.03,0.54,5.69%,248433241.00,United States,2018,970295,Technology,Computer Manufacturing
OSTX,OS Therapies Incorporated Common Stock,$1.61,-0.09,-5.294%,63648495.00,,2024,559896,Health Care,Biotechnology: Pharmaceutical Preparations
OSUR,OraSure Technologies Inc. Common Stock,$2.95,-0.09,-2.961%,212298555.00,United States,,304823,Health Care,Medical/Dental Instruments
OSW,OneSpaWorld Holdings Limited Common Shares,$25.21,0.55,2.23%,2559189268.00,Bahamas,,943897,Consumer Discretionary,Hotels/Resorts
OTEX,Open Text Corporation Common Shares,$23.20,0.54,2.383%,5813984426.00,Canada,1996,1703063,Technology,EDP Services
OTF,Blue Owl Technology Finance Corp. Common Stock,$11.59,0.21,1.845%,5351377602.00,United States,2025,1769357,,
OTGA,OTG Acquisition Corp. I Class A Ordinary Share ,$10.09,-0.01,-0.099%,0.00,United States,2025,152461,Finance,Blank Checks
OTGAW,OTG Acquisition Corp. I Warrants,$0.3002,0.00,0.00%,0.00,United States,2025,5,Finance,Blank Checks
OTH,Off The Hook YS Inc. Common Stock,$2.71,0.04,1.498%,65907200.00,,2025,19511,Industrials,Marine Transportation
OTIS,Otis Worldwide Corporation Common Stock ,$77.08,-0.80,-1.027%,29576835138.00,United States,2020,2168814,Technology,Consumer Electronics/Appliances
OTLK,Outlook Therapeutics Inc. Common Stock,$0.2622,0.0122,4.88%,27429848.00,United States,2016,4051885,Health Care,Biotechnology: Biological Products (No Diagnostic Substances)
OTLY,Oatly Group AB American Depositary Shares,$11.04,0.17,1.564%,344724000.00,Sweden,2021,68063,Consumer Staples,Packaged Foods
OTTR,Otter Tail Corporation Common Stock,$90.78,1.54,1.726%,3808541000.00,United States,,302003,Utilities,Electric Utilities: Central
OUST,Ouster Inc. Common Stock,$26.45,-0.51,-1.892%,1684149501.00,United States,,1163664,Industrials,Industrial Machinery/Components
OUT,OUTFRONT Media Inc. Common Stock,$31.71,0.86,2.788%,5582592463.00,United States,2014,1506249,Real Estate,Real Estate Investment Trusts
OVBC,Ohio Valley Banc Corp. Common Stock,$44.87,0.36,0.809%,211382615.00,United States,,19769,Finance,Major Banks
OVID,Ovid Therapeutics Inc. Common Stock,$2.79,0.02,0.722%,482773595.00,United States,2017,953624,Health Care,Biotechnology: Pharmaceutical Preparations
OVLY,Oak Valley Bancorp (CA) Common Stock,$33.52,0.44,1.33%,282019112.00,United States,,37652,Finance,Major Banks
OVV,Ovintiv Inc. (DE),$60.85,-0.70,-1.137%,17240962924.00,Canada,,2691907,Energy,Oil & Gas Production
OWL,Blue Owl Capital Inc. Class A Common Stock,$9.98,0.23,2.359%,15559322084.00,United States,2020,53126541,Finance,Investment Managers
OWLS,OBOOK Holdings Inc. Class A Common Shares,$6.03,0.12,2.03%,533002650.00,Taiwan,,32579,Technology,Computer Software: Prepackaged Software
OWLT,Owlet Inc. Class A Common Stock,$4.84,-0.10,-2.024%,136296665.00,United States,2020,188092,Industrials,Industrial Machinery/Components
OXBR,Oxbridge Re Holdings Limited Ordinary Shares,$0.97,-0.05,-4.902%,7858333.00,Cayman Islands,2014,7707,Finance,Property-Casualty Insurers
OXBRW,Oxbridge Re Holdings Limited Warrant expiring 3/26/2029,$0.1119,0.00,0.00%,906544.00,Cayman Islands,2014,1138,Finance,Property-Casualty Insurers
OXLC,Oxford Lane Capital Corp. Common Stock,$10.37,-0.03,-0.288%,1800232000.00,United States,2011,1043989,Finance,Investment Managers
OXLCG,Oxford Lane Capital Corp. 7.95% Notes due 2032,$25.45,0.15,0.593%,0.00,United States,,7813,Finance,Investment Managers
OXLCI,Oxford Lane Capital Corp. 8.75% Notes due 2030,$25.75,0.00,0.00%,0.00,United States,,2421,,
OXLCL,Oxford Lane Capital Corp. 6.75% Notes due 2031,$24.1991,-0.0209,-0.086%,4200963760.00,United States,,2395,Finance,Finance Companies
OXLCM,Oxford Lane Capital Corp. Preferred Stock Shares 8.25% Series 2031,$25.1499,0.0499,0.199%,4366022640.00,United States,,11757,Finance,Investment Managers
OXLCN,Oxford Lane Capital Corp. 7.125% Series 2029 Term Preferred Stock,$24.8471,0.2471,1.004%,4313456560.00,United States,,4133,Finance,Investment Managers
OXLCO,Oxford Lane Capital Corp. Preferred Stock Shares 6.00% Series 2029,$23.7794,-0.1376,-0.575%,4128103840.00,United States,,1613,Finance,Investment Managers
OXLCP,Oxford Lane Capital Corp. 6.25% Series 2027 Term Preferred Shares,$25.0315,0.0115,0.046%,4345468400.00,United States,,1211,Finance,Investment Managers
OXLCZ,Oxford Lane Capital Corp. 5.00% Notes due 2027,$24.83,0.08,0.323%,4310488000.00,United States,,4055,Finance,Finance Companies
OXM,Oxford Industries Inc. Common Stock,$42.53,-0.31,-0.724%,633163419.00,United States,,164587,Industrials,Garments and Clothing
OXSQ,Oxford Square Capital Corp. Common Stock,$1.92,-0.01,-0.518%,168020596.00,United States,2003,1140022,Finance,Blank Checks
OXSQG,Oxford Square Capital Corp. 5.50% Notes due 2028,$24.09,0.0001,0.00%,1535926847.00,United States,,1271,Consumer Discretionary,Other Consumer Services
OXSQH,Oxford Square Capital Corp. 7.75% Notes due 2030,$25.34,0.17,0.675%,0.00,United States,,3031,Finance,Blank Checks
OXY,Occidental Petroleum Corporation Common Stock,$58.71,-1.87,-3.087%,58222424077.00,United States,,13805561,Energy,Oil & Gas Production
OYSER,Oyster Enterprises II Acquisition Corp Rights,$0.15,0.021,16.279%,0.00,United States,2025,10001,Finance,Blank Checks
OZ,Belpointe PREP LLC Class A Units,$50.475,-1.015,-1.971%,201707387.00,,,856,Real Estate,Real Estate Investment Trusts
OZK,Bank OZK Common Stock,$48.57,0.41,0.851%,5495021931.00,United States,,1540162,Finance,Major Banks
OZKAP,Bank OZK 4.625% Series A Non-Cumulative Perpetual Preferred Stock,$16.54,0.0291,0.176%,1871271623.00,United States,,16096,Finance,Major Banks
P,Everpure Inc. Class A common stock,$71.62,0.17,0.238%,23667611807.00,United States,2015,1311352,Technology,Electronic Components
PAA,Plains All American Pipeline L.P. Common Units representing Limited Partner Interests,$22.36,-0.2425,-1.073%,17081778695.00,United States,1998,4214512,Energy,Natural Gas Distribution
PAAC,Proem Acquisition Corp I Ordinary Shares,$9.89,0.02,0.203%,143078630.00,United States,2026,999,,
PAACW,Proem Acquisition Corp I Warrants,$0.30,0.0001,0.033%,0.00,United States,2026,176,Finance,Blank Checks
PAAS,Pan American Silver Corp. Common Stock,$51.81,-0.48,-0.918%,21857794238.00,Canada,,4451104,Basic Materials,Precious Metals
PAC,Grupo Aeroportuario Del Pacifico S.A. B. de C.V. Grupo Aeroportuario Del Pacifico S.A. de C.V. (each representing 10 Series B shares),$249.40,-2.47,-0.981%,12601619852.00,Mexico,2006,61506,Consumer Discretionary,Aerospace
PACB,Pacific Biosciences of California Inc. Common Stock,$1.60,0.01,0.629%,496779358.00,United States,2010,4991042,Industrials,Biotechnology: Laboratory Analytical Instruments
PACH,Pioneer Acquisition I Corp Class A Ordinary Shares,$10.19,0.00,0.00%,0.00,United States,2025,51,,
PACHU,Pioneer Acquisition I Corp Units,$10.30,0.00,0.00%,0.00,United States,2025,200,,
PACK,Ranpak Holdings Corp Class A Common Stock,$5.61,0.52,10.216%,479819586.00,United States,2018,1889148,Consumer Discretionary,Containers/Packaging
PACS,PACS Group Inc. Common Stock,$33.00,-0.55,-1.639%,5186445957.00,United States,2024,514506,Health Care,Hospital/Nursing Management
PAG,Penske Automotive Group Inc. Common Stock,$169.84,-1.68,-0.979%,11166853469.00,United States,,386768,Consumer Discretionary,Retail-Auto Dealers and Gas Stations
PAGP,Plains GP Holdings L.P. Class A Units representing Limited Partner Interests,$23.82,-0.2125,-0.884%,4714076234.00,United States,,1503929,Energy,Natural Gas Distribution
PAGS,PagSeguro Digital Ltd. Class A Common Shares,$9.87,-0.15,-1.497%,2868988988.00,Cayman Islands,2018,2874436,Technology,EDP Services
PAHC,Phibro Animal Health Corporation Class A Common Stock,$54.89,1.71,3.215%,2224950561.00,United States,2014,333900,Health Care,Biotechnology: Pharmaceutical Preparations
PAI,Western Asset Investment Grade Income Fund Inc.,$12.22,-0.03,-0.245%,0.00,United States,,13516,Finance,Trusts Except Educational Religious and Charitable
PAII,Pyrophyte Acquisition Corp. II Class A Ordinary Shares,$10.14,0.00,0.00%,0.00,,2025,2,,
PAL,Proficient Auto Logistics Inc. Common Stock,$7.60,0.25,3.401%,211342252.00,United States,2024,499085,Consumer Discretionary,Transportation Services
PALI,Palisade Bio Inc. Common Stock,$1.99,-0.01,-0.50%,333174162.00,United States,,2779451,Health Care,Biotechnology: Biological Products (No Diagnostic Substances)
PALO,Paloma Acquisition Corp I Class A Ordinary Shares,$9.86,-0.02,-0.202%,0.00,United States,2026,180,Finance,Blank Checks
PALOU,Paloma Acquisition Corp I Units,$10.065,0.00,0.00%,0.00,United States,2026,3,Finance,Blank Checks
PAM,Pampa Energia S.A.,$79.25,-3.62,-4.368%,4322359589.00,Argentina,,382058,Utilities,Electric Utilities: Central
PAMT,PAMT CORP Common Stock,$9.71,-0.39,-3.861%,203370202.00,United States,,5223,Industrials,Trucking Freight/Courier Services
PANL,Pangaea Logistics Solutions Ltd. Common Shares,$7.72,0.06,0.783%,504259955.00,United States,2013,557201,Consumer Discretionary,Marine Transportation
PANW,Palo Alto Networks Inc. Common Stock,$181.08,1.76,0.981%,147761280000.00,United States,,4968392,Technology,Computer peripheral equipment
PAPL,Pineapple Financial Inc. Common Stock,$1.47,-0.33,-18.333%,38350317.00,,,1072593,Finance,Finance: Consumer Services
PAR,PAR Technology Corporation Common Stock,$14.26,0.82,6.101%,588170798.00,United States,,1215880,Miscellaneous,Office Equipment/Supplies/Services
PARK,Park Dental Partners Inc. Common Stock,$17.62,0.04,0.228%,79555251.00,United States,2025,5769,Health Care,Misc Health and Biotechnology Services
PARR,Par Pacific Holdings Inc.  Common Stock,$65.35,-0.32,-0.487%,3232914427.00,United States,,802313,Energy,Oil & Gas Production
PASG,Passage Bio Inc. Common Stock,$4.97,-0.14,-2.74%,15942816.00,United States,2020,25270,Health Care,Biotechnology: Biological Products (No Diagnostic Substances)
PASW,Ping An Biomedical Co. Ltd. Ordinary Shares,$0.1612,0.0042,2.675%,20077460.00,Hong Kong,1999,53665,Consumer Discretionary,Apparel
PATH,UiPath Inc. Class A Common Stock,$10.67,0.37,3.592%,5590246374.00,United States,2021,38221226,Technology,Computer Software: Prepackaged Software
PATK,Patrick Industries Inc. Common Stock,$88.94,-4.06,-4.366%,2944909505.00,United States,,748697,Consumer Discretionary,Auto Parts:O.E.M.
PAVM,PAVmed Inc. Common Stock,$8.53,0.23,2.771%,101405766.00,United States,2016,17411,Health Care,Medical/Dental Instruments
PAVS,Paranovus Entertainment Technology Ltd. Class A Ordinary Shares,$1.18,0.02,1.724%,648356.00,China,2019,32581,Health Care, Medicinal Chemicals and Botanical Products 
PAX,Patria Investments Limited Class A Common Shares,$12.69,-0.22,-1.704%,2023655925.00,Cayman Islands,2021,458272,Finance,Investment Managers
PAXS,PIMCO Access Income Fund Common Shares of Beneficial Interest,$14.75,-0.02,-0.135%,0.00,United States,2022,195936,Finance,Investment Managers
PAY,Paymentus Holdings Inc. Class A Common Stock,$27.76,-0.29,-1.034%,3491911995.00,United States,2021,590566,Real Estate,Real Estate
PAYC,Paycom Software Inc. Common Stock,$131.96,5.20,4.102%,6290022383.00,United States,2014,835623,Technology,Computer Software: Prepackaged Software
PAYO,Payoneer Global Inc. Common Stock,$5.04,0.06,1.205%,1700051190.00,United States,,2024401,Real Estate,Real Estate
PAYP,PayPay Corporation American Depository Shares,$21.87,-0.27,-1.22%,13943682144.00,Japan,2026,930026,Real Estate,Real Estate
PAYS,Paysign Inc. Common Stock,$6.86,0.30,4.573%,378571803.00,United States,,601198,Technology,EDP Services
PAYX,Paychex Inc. Common Stock,$93.02,0.39,0.421%,33328217751.00,United States,1983,2198464,Industrials,Diversified Commercial Services
PB,Prosperity Bancshares Inc. Common Stock,$69.33,-0.32,-0.459%,6990868988.00,United States,,978542,Finance,Major Banks
PBA,Pembina Pipeline Corp. Ordinary Shares (Canada),$46.47,-0.05,-0.107%,27013222857.00,Canada,,993447,Energy,Oil & Gas Production
PBF,PBF Energy Inc. Class A Common Stock,$43.00,-0.36,-0.83%,5050508627.00,United States,2012,3286800,Energy,Integrated oil Companies
PBFS,Pioneer Bancorp Inc. Common Stock,$14.34,0.11,0.773%,359601326.00,United States,2019,7808,Finance,Banks
PBH,Prestige Consumer Healthcare Inc. Common Stock,$55.09,-1.23,-2.184%,2606788836.00,United States,2005,712634,Health Care,Biotechnology: Pharmaceutical Preparations
PBHC,Pathfinder Bancorp Inc. Common Stock (MD),$14.25,0.35,2.518%,69486035.00,United States,,3350,Finance,Major Banks
PBI,Pitney Bowes Inc. Common Stock,$15.53,0.07,0.453%,2229147935.00,United States,,3137135,Miscellaneous,Office Equipment/Supplies/Services
PBI^B,Pitney Bowes Inc 6.70% Notes Due 2043,$21.17,0.16,0.762%,,United States,,19493,,
PBM,Psyence Biomedical Ltd. Common Shares,$6.25,-0.34,-5.159%,13552100.00,Canada,,1066318,Health Care,Biotechnology: Pharmaceutical Preparations
PBMWW,Psyence Biomedical Ltd. Warrant,$0.028,0.0077,37.931%,60713.00,Canada,,19621,Health Care,Biotechnology: Pharmaceutical Preparations
PBR,Petroleo Brasileiro S.A. Petrobras ADS,$21.90,-0.13,-0.59%,141131623744.00,Brazil,,9250449,Energy,Oil & Gas Production
PBT,Permian Basin Royalty Trust Common Stock,$22.45,0.00,0.00%,1046367470.00,United States,,131054,Energy,Oil & Gas Production
PBYI,Puma Biotechnology Inc Common Stock,$7.49,-0.02,-0.266%,381178646.00,United States,,167996,Health Care,Biotechnology: Pharmaceutical Preparations
PCAP,ProCap Acquisition Corp Class A Ordinary Shares,$10.22,0.00,0.00%,0.00,United States,2025,243,Finance,Blank Checks
PCAPU,ProCap Acquisition Corp Unit,$10.31,0.01,0.097%,0.00,United States,2025,2252,,
PCAPW,ProCap Acquisition Corp Warrant,$0.3545,0.00,0.00%,0.00,United States,2025,7,Finance,Blank Checks
PCAR,PACCAR Inc. Common Stock,$116.08,-2.72,-2.29%,61091305462.00,United States,,2693042,Consumer Discretionary,Motor Vehicles
PCB,PCB Bancorp Common Stock,$24.33,0.20,0.829%,346250522.00,United States,2018,14632,Finance,Major Banks
PCF,High Income Securities Fund Common Stock,$5.73,-0.01,-0.174%,0.00,United States,,38642,Finance,Trusts Except Educational Religious and Charitable
PCG,Pacific Gas & Electric Co. Common Stock,$16.45,-0.17,-1.023%,44085478831.00,United States,,13116058,Utilities,Power Generation
PCG^A,Pacific Gas & Electric Co. 6% Preferred Stock,$22.765,0.02,0.088%,,United States,,9895,,
PCG^B,Pacific Gas & Electric Co. 5 1/2% Preferred Stock,$20.69,0.14,0.681%,,United States,,1940,,
PCG^C,Pacific Gas & Electric Co. 5% 1st Preferred Stock,$19.49,-0.01,-0.051%,,United States,,783,,
PCG^D,Pacific Gas & Electric Co. 5% 1st  Red. Preferred Stock,$18.25,-0.345,-1.855%,,United States,,2774,,
PCG^E,Pacific Gas & Electric Co. 5% 1st A Preferred Stock,$18.8306,-0.1694,-0.892%,,United States,,168,,
PCG^G,Pacific Gas & Electric Co. 4.80% 1st Preferred Stock,$18.02,-0.01,-0.055%,,United States,,1187,,
PCG^H,Pacific Gas & Electric Co. 4.50% 1st Preferred Stock,$16.90,0.00,0.00%,,United States,,4,,
PCG^I,Pacific Gas & Electric Co. 4.36% 1st Preferred Stock,$16.6094,-0.8906,-5.089%,,United States,,1406,,
PCG^X,PG&E Corp 6.000% Series A Mandatory Convertible Preferred Stock,$41.62,-0.44,-1.046%,,United States,,2346,,
PCLA,PicoCELA Inc. American Depositary Shares,$1.95,0.03,1.563%,8099920.00,Japan,2025,1218,Consumer Discretionary,Building Products
PCM,PCM Fund Inc. Common Stock,$5.81,0.07,1.22%,0.00,United States,1993,63688,Finance,Trusts Except Educational Religious and Charitable
PCN,Pimco Corporate & Income Strategy Fund Common Stock,$12.07,0.05,0.416%,0.00,United States,2001,336644,Finance,Investment Managers
PCOR,Procore Technologies Inc. Common Stock,$59.32,2.74,4.843%,8942349530.00,United States,2021,2372796,Technology,Computer Software: Prepackaged Software
PCQ,PIMCO California Municipal Income Fund Common Stock,$8.78,-0.01,-0.114%,0.00,United States,2001,127740,Finance,Investment Managers
PCRX,Pacira BioSciences Inc. Common Stock,$24.44,-1.05,-4.119%,989573009.00,United States,2011,1665914,Health Care,Biotechnology: Pharmaceutical Preparations
PCSA,Processa Pharmaceuticals Inc. Common Stock,$2.55,-0.15,-5.556%,6783099.00,United States,,35525,Health Care,Biotechnology: Pharmaceutical Preparations
PCSC,Perceptive Capital Solutions Corp Class A Ordinary Shares,$11.17,-0.13,-1.15%,0.00,United States,2024,21319,,
PCT,PureCycle Technologies Inc. Common stock,$7.86,0.38,5.08%,1420500732.00,United States,,3770673,Industrials,Major Chemicals
PCTTW,PureCycle Technologies Inc. Warrant,$1.32,-0.05,-3.65%,238557375.00,United States,,204,Industrials,Major Chemicals
PCTY,Paylocity Holding Corporation Common Stock,$109.60,4.11,3.896%,5904885443.00,United States,2014,668560,Technology,Computer Software: Prepackaged Software
PCVX,Vaxcyte Inc. Common Stock,$56.93,-0.31,-0.542%,8219964719.00,United States,2020,697212,Health Care,Biotechnology: Pharmaceutical Preparations
PCYO,Pure Cycle Corporation Common Stock,$11.50,-0.04,-0.347%,277194942.00,United States,,32478,Utilities,Water Supply
PD,PagerDuty Inc. Common Stock,$7.35,0.70,10.526%,624599193.00,United States,2019,2395242,Technology,Computer Software: Prepackaged Software
PDC,Perpetuals.com Ltd American Depositary Shares,$8.325,0.245,3.032%,25395995.00,Japan,2023,71117,Technology,EDP Services
PDCC,Pearl Diver Credit Company Inc. Common Stock,$10.24,0.14,1.386%,0.00,,2024,5677,,
PDD,PDD Holdings Inc. American Depositary Shares,$99.72,-0.16,-0.16%,141941095191.00,China,2018,4281421,Technology,EDP Services
PDEX,Pro-Dex Inc. Common Stock,$48.36,-1.78,-3.55%,155041435.00,United States,,52293,Health Care,Medical/Dental Instruments
PDFS,PDF Solutions Inc. Common Stock,$44.55,1.70,3.967%,1778318967.00,United States,2001,520028,Technology,Computer Software: Prepackaged Software
PDI,PIMCO Dynamic Income Fund Common Stock,$17.48,0.03,0.172%,4249213200.00,United States,2012,2799513,Finance,Trusts Except Educational Religious and Charitable
PDLB,Ponce Financial Group Inc. Common Stock,$17.60,0.14,0.802%,425160226.00,United States,2017,22829,Finance,Savings Institutions
PDM,Piedmont Realty Trust Inc. Class A Common Stock,$8.33,-0.03,-0.359%,1041408295.00,United States,,1182257,Real Estate,Building operators
PDO,PIMCO Dynamic Income Opportunities Fund Common Shares of Beneficial Interest,$13.39,0.02,0.15%,1957902042.00,United States,2021,1017840,Finance,Trusts Except Educational Religious and Charitable
PDPA,Pearl Diver Credit Company Inc. 8.00% Series A Preferred Stock Due 2029,$25.24,0.00,0.00%,0.00,,,378,,
PDS,Precision Drilling Corporation Common Stock,$94.64,1.31,1.404%,1223922241.00,Canada,,99377,Energy,Oil & Gas Production
PDSB,PDS Biotechnology Corporation Common Stock,$0.9807,0.0077,0.791%,53354260.00,United States,2015,284818,Health Care,Biotechnology: Pharmaceutical Preparations
PDT,John Hancock Premium Dividend Fund,$13.21,-0.02,-0.151%,0.00,United States,,129618,Finance,Finance Companies
PDX,PIMCO Dynamic Income Strategy Fund Common Shares of Beneficial Interest,$21.21,-0.13,-0.609%,948235470.00,,2019,165513,Finance,Finance/Investors Services
PDYN,Palladyne AI Corp. Common Stock,$6.34,0.25,4.105%,299528387.00,United States,,1063354,Technology,Computer Software: Prepackaged Software
PDYNW,Palladyne AI Corp Warrants,$0.075,0.0321,74.825%,3543317.00,United States,,196696,Technology,Computer Software: Prepackaged Software
PEB,Pebblebrook Hotel Trust Common Shares of Beneficial Interest,$14.08,0.03,0.214%,1596238829.00,United States,2009,2344155,Real Estate,Real Estate Investment Trusts
PEB^E,Pebblebrook Hotel Trust 6.375% Series E Cumulative Redeemable Preferred Shares of Beneficial Interest,$19.9175,0.0325,0.163%,,United States,,20308,,
PEB^F,Pebblebrook Hotel Trust 6.3% Series F Cumulative Redeemable Preferred Shares of Beneficial Interest,$19.91,0.03,0.151%,,United States,,15891,,
PEB^G,Pebblebrook Hotel Trust 6.375% Series G Cumulative Redeemable Preferred Shares of Beneficial Interest,$19.9419,-0.0481,-0.241%,,United States,,33165,,
PEB^H,Pebblebrook Hotel Trust 5.700% Series H Cumulative Redeemable Preferred Shares of Beneficial Interest,$17.90,0.00,0.00%,,United States,,37328,,
PEBK,Peoples Bancorp of North Carolina Inc. Common Stock,$40.18,0.76,1.928%,219442668.00,United States,,26095,Finance,Major Banks
PEBO,Peoples Bancorp Inc. Common Stock,$34.63,0.23,0.669%,1243815787.00,United States,,215322,Finance,Major Banks
PECO,Phillips Edison & Company Inc. Common Stock,$39.87,-0.295,-0.734%,5023620000.00,United States,2021,717518,Real Estate,Real Estate Investment Trusts
PED,Pedevco Corp. Common Stock,$15.60,-0.38,-2.378%,207489688.00,United States,,24199,Energy,Oil & Gas Production
PEG,Public Service Enterprise Group Incorporated Common Stock,$80.15,-1.51,-1.849%,39974003787.00,United States,,2966855,Utilities,Power Generation
PEGA,Pegasystems Inc. Common Stock,$36.20,-0.35,-0.958%,6049601046.00,United States,1996,2348550,Technology,EDP Services
PEN,Penumbra Inc. Common Stock,$325.33,-1.15,-0.352%,12795692495.00,United States,2015,431546,Health Care,Medical/Dental Instruments
PENG,Penguin Solutions Inc. Common Stock,$31.24,0.83,2.729%,1585352150.00,United States,2017,1638211,Technology,Semiconductors
PENN,PENN Entertainment Inc. Common Stock,$17.27,-0.19,-1.088%,2311475017.00,United States,1994,4547348,Consumer Discretionary,Hotels/Resorts
PEO,Adams Natural Resources Fund Inc. Common Stock,$26.89,-0.14,-0.518%,0.00,United States,,76744,Finance,Finance/Investors Services
PEP,PepsiCo Inc. Common Stock,$157.41,-1.08,-0.681%,215143000464.00,United States,,4447270,Consumer Staples,Beverages (Production/Distribution)
PEPG,PepGen Inc. Common Stock,$1.75,0.11,6.707%,121046126.00,United States,2022,1871040,Health Care,Biotechnology: Pharmaceutical Preparations
PERF,Perfect Corp. Class A Ordinary Share,$1.71,0.05,3.012%,174161227.00,Taiwan,2022,32667,Technology,Computer Software: Prepackaged Software
PERI,Perion Network Ltd. Ordinary Shares,$10.88,0.45,4.314%,427913871.00,Israel,2006,283211,Technology,EDP Services
PESI,Perma-Fix Environmental Services Inc. Common Stock,$12.56,-0.10,-0.79%,232957090.00,United States,,103818,Industrials,Environmental Services
PETS,PetMed Express Inc. Common Stock,$2.30,0.06,2.679%,49221139.00,United States,,61287,Consumer Staples,Retail-Drug Stores and Proprietary Stores
PETZ,TDH Holdings Inc. Common Shares,$1.01,0.01,1.00%,10426501.00,China,2017,4549,Industrials,Steel/Iron Ore
PEW,GrabAGun Digital Holdings Inc. Common Stock,$2.95,0.04,1.375%,87053609.00,,2025,97327,Consumer Discretionary,Other Specialty Stores
PFAI,Pinnacle Food Group Limited Class A Common Shares,$3.77,0.045,1.208%,44109000.00,Canada,2025,2512,Consumer Staples,Farming/Seeds/Milling
PFBC,Preferred Bank Common Stock,$95.47,0.74,0.781%,1370635104.00,United States,,118424,Finance,Major Banks
PFD,Flaherty & Crumrine Preferred and Income Fund Incorporated,$11.705,0.045,0.386%,0.00,United States,1991,10240,Finance,Investment Managers
PFE,Pfizer Inc. Common Stock,$26.33,-0.37,-1.386%,149774416877.00,United States,,29249372,Health Care,Biotechnology: Pharmaceutical Preparations
PFG,Principal Financial Group Inc Common Stock,$101.09,0.18,0.178%,21836691899.00,United States,2001,1114891,Finance,Accident &Health Insurance
PFGC,Performance Food Group Company Common Stock,$88.69,-1.87,-2.065%,13933107738.00,United States,2015,1756899,Consumer Discretionary,Food Distributors
PFH,Prudential Financial Inc. 4.125% Junior Subordinated Notes due 2060,$16.90,0.05,0.297%,6033300000.00,United States,2020,28935,Finance,Life Insurance
PFIS,Peoples Financial Services Corp. Common Stock,$56.71,-0.25,-0.439%,567422566.00,United States,,195491,Finance,Major Banks
PFL,PIMCO Income Strategy Fund Shares of Beneficial Interest,$8.09,0.04,0.497%,0.00,United States,2003,177070,Finance,Finance Companies
PFLT,PennantPark Floating Rate Capital Ltd. Common Stock,$9.07,0.10,1.115%,899906317.00,United States,2022,1362684,Finance,Finance: Consumer Services
PFN,PIMCO Income Strategy Fund II,$7.16,0.05,0.703%,0.00,United States,2004,454662,Finance,Finance/Investors Services
PFO,Flaherty & Crumrine Preferred and Income Opportunity Fund Incorporated,$9.28,0.03,0.324%,0.00,United States,1992,25884,Finance,Finance Companies
PFS,Provident Financial Services Inc Common Stock,$22.38,-0.30,-1.323%,2916420248.00,United States,2003,1329930,Finance,Savings Institutions
PFSA,Profusa Inc. Common Stock,$0.5615,-0.0345,-5.789%,2476365.00,United States,,278369,Health Care,Medical/Dental Instruments
PFSI,PennyMac Financial Services Inc. Common Stock,$92.13,1.84,2.038%,4783671426.00,United States,2013,506084,Finance,Finance: Consumer Services
PFX,PhenixFIN Corporation Common Stock,$40.8799,0.1599,0.393%,81688628.00,United States,,521,Finance,Finance: Consumer Services
PFXNZ,PhenixFIN Corporation  5.25% Notes due 2028,$24.18,0.085,0.353%,48453552.00,United States,,1528,Finance,Finance: Consumer Services
PG,Procter & Gamble Company (The) Common Stock,$147.26,0.17,0.116%,342909485500.00,United States,,6836925,Consumer Discretionary,Package Goods/Cosmetics
PGAC,Pantages Capital Acquisition Corporation Class A Ordinary Shares,$10.51,0.00,0.00%,0.00,United States,2025,120,,
PGC,Peapack-Gladstone Financial Corporation Common Stock,$42.43,0.68,1.629%,745521619.00,United States,,151007,Finance,Commercial Banks
PGEN,Precigen Inc. Common Stock,$4.08,-0.08,-1.923%,1444028982.00,United States,,1756313,Health Care,Biotechnology: Pharmaceutical Preparations
PGNY,Progyny Inc. Common Stock,$18.60,0.02,0.108%,1456919344.00,United States,2019,1781800,Health Care,Misc Health and Biotechnology Services
PGP,Pimco Global StocksPlus & Income Fund Common Shares of Beneficial Interest,$9.10,-0.09,-0.979%,0.00,United States,2005,44812,Finance,Finance Companies
PGR,Progressive Corporation (The) Common Stock,$199.31,-1.97,-0.979%,116776995216.00,United States,,1670122,Finance,Property-Casualty Insurers
PGY,Pagaya Technologies Ltd. Class A Ordinary Shares,$14.24,0.35,2.52%,1175176449.00,United States,,2926877,Finance,Finance: Consumer Services
PGYWW,Pagaya Technologies Ltd. Warrants,$0.0552,-0.0036,-6.122%,4555459.00,United States,,26413,Finance,Finance: Consumer Services
PGZ,Principal Real Estate Income Fund Common Shares of Beneficial Interest,$10.10,-0.07,-0.688%,0.00,,2013,19788,Finance,Investment Managers
PH,Parker-Hannifin Corporation Common Stock,$882.23,-27.19,-2.99%,111352008380.00,United States,,1607951,Industrials,Metal Fabrications
PHAR,Pharming Group N.V. ADS each representing 10 ordinary shares,$16.98,0.45,2.722%,1199216405.00,Netherlands,,2121,Health Care,Biotechnology: Pharmaceutical Preparations
PHAT,Phathom Pharmaceuticals Inc. Common Stock,$12.01,0.81,7.232%,953955705.00,United States,2019,1933519,Health Care,Biotechnology: Pharmaceutical Preparations
PHG,Koninklijke Philips N.V. NY Registry Shares,$26.16,-0.18,-0.683%,24885718513.00,Netherlands,,742300,Health Care,Medical Electronics
PHGE,BiomX Inc. COmmon Stock,$0.7896,-0.0604,-7.106%,5166760.00,,2019,509166,Health Care,Biotechnology: Biological Products (No Diagnostic Substances)
PHI,PLDT Inc. Sponsored ADR,$19.90,-0.34,-1.68%,4299509923.00,Philippines,,86377,Telecommunications,Telecommunications Equipment
PHIN,PHINIA Inc. Common Stock,$74.02,1.87,2.592%,2783616698.00,United States,2023,380623,Consumer Discretionary,Auto Parts:O.E.M.
PHIO,Phio Pharmaceuticals Corp. Common Stock,$1.14,-0.08,-6.557%,13243665.00,United States,,310907,Health Care,Biotechnology: Pharmaceutical Preparations
PHK,Pimco High Income Fund,$4.75,0.07,1.496%,0.00,United States,2003,1190866,Finance,Finance/Investors Services
PHM,PulteGroup Inc. Common Stock,$119.21,-3.15,-2.574%,22707878141.00,United States,,1296040,Consumer Discretionary,Homebuilding
PHOE,Phoenix Asia Holdings Limited Ordinary Shares,$16.3748,0.8248,5.304%,353695680.00,Hong Kong,2025,834,Consumer Discretionary,Engineering & Construction
PHR,Phreesia Inc. Common Stock,$9.67,0.46,4.995%,587578839.00,United States,2019,1630569,Real Estate,Real Estate
PHUN,Phunware Inc. Common Stock,$2.22,0.02,0.909%,44823749.00,Greece,2016,131598,Technology,EDP Services
PHVS,Pharvaris N.V. Ordinary Shares,$29.44,-1.57,-5.063%,1925606280.00,Netherlands,2021,512199,Health Care,Biotechnology: Pharmaceutical Preparations
PHXE^,Phoenix Energy One LLC Series A Cumulative Redeemable Preferred Shares,$24.156,-0.064,-0.264%,,,,1357,,
PI,Impinj Inc. Common Stock,$147.21,2.29,1.58%,4483896624.00,United States,2016,650580,Technology,Industrial Machinery/Components
PICS,PicS N.V. Class A Common Shares,$11.50,-0.59,-4.88%,1227399600.00,Brazil,2026,154947,Finance,Finance: Consumer Services
PII,Polaris Inc. Common Stock,$66.42,0.15,0.226%,3778379212.00,United States,,932552,Consumer Discretionary,Industrial Specialties
PIII,P3 Health Partners Inc. Class A Common Stock,$2.93,0.16,5.776%,21205623.00,United States,2021,9223,Health Care,Medical/Nursing Services
PIIIW,P3 Health Partners Inc. Warrant,$0.005,0.0004,8.696%,36187.00,United States,2021,600,Health Care,Medical/Nursing Services
PIM,Putnam Master Intermediate Income Trust Common Stock,$3.23,-0.01,-0.309%,162318463.00,United States,1988,49484,Finance,Finance Companies
PINE,Alpine Income Property Trust Inc. Common Stock,$19.25,0.45,2.394%,318100648.00,United States,2019,241124,Real Estate,Real Estate Investment Trusts
PINE^A,Alpine Income Property Trust Inc. 8.00% Series A Cumulative Redeemable Preferred Stock,$25.30,0.00,0.00%,,United States,,3090,,
PINS,Pinterest Inc. Class A Common Stock,$20.22,0.56,2.848%,11642705016.00,United States,2019,15925929,Technology,Computer Software: Programming Data Processing
PIPR,Piper Sandler Companies Common Stock,$79.42,-7.78,-8.922%,5660349174.00,United States,2026,1319910,Finance,Investment Bankers/Brokers/Service
PJT,PJT Partners Inc. Class A Common Stock,$154.84,2.10,1.375%,6198140838.00,United States,2015,527947,Finance,Investment Managers
PK,Park Hotels & Resorts Inc. Common Stock ,$11.35,-0.12,-1.046%,2285872283.00,United States,2016,8055989,Consumer Discretionary,Hotels/Resorts
PKBK,Parke Bancorp Inc. Common Stock,$30.36,0.25,0.83%,356151642.00,United States,,86588,Finance,Major Banks
PKE,Park Aerospace Corp. Common Stock,$33.92,0.06,0.177%,675883068.00,United States,,155649,Industrials,Military/Government/Technical
PKG,Packaging Corporation of America Common Stock,$218.06,4.61,2.16%,19413435649.00,United States,2000,844011,Consumer Discretionary,Containers/Packaging
PKOH,Park-Ohio Holdings Corp. Common Stock,$28.54,-0.285,-0.989%,410927910.00,United States,,37923,Industrials,Industrial Specialties
PKST,Peakstone Realty Trust Common Shares,$20.98,0.00,0.00%,780042589.00,United States,2023,263529,Real Estate,Real Estate Investment Trusts
PKX,POSCO HOLDINGS INC. American Depositary Shares (Each representing 1/4th of a share of Common Stock),$78.71,-0.69,-0.869%,25480930608.00,South Korea,1994,160295,Industrials,Steel/Iron Ore
PL,Planet Labs PBC Class A Common Stock,$36.90,-0.07,-0.189%,12772899096.00,United States,2021,8998750,Technology,Radio And Television Broadcasting And Communications Equipment
PLAB,Photronics Inc. Common Stock,$50.16,0.68,1.374%,2957754323.00,United States,1987,578392,Technology,Semiconductors
PLAG,Planet Green Holdings Corp. Common Stock,$1.97,0.18,10.056%,28038447.00,China,,121504,Consumer Staples,Packaged Foods
PLAY,Dave & Buster's Entertainment Inc. Common Stock,$11.63,0.36,3.194%,404019280.00,United States,2014,1650400,Consumer Discretionary,Restaurants
PLBC,Plumas Bancorp,$51.05,0.37,0.73%,356057057.00,United States,,19565,Finance,Finance Companies
PLBL,Polibeli Group Ltd Class A Ordinary Shares,$7.04,-0.02,-0.283%,2579367789.00,Indonesia,,959,Consumer Discretionary,Consumer Electronics/Appliances
PLBY,Playboy Inc. Common Stock,$1.71,0.03,1.786%,196410126.00,United States,2020,485320,Consumer Discretionary,Other Specialty Stores
PLCE,Children's Place Inc. (The) Common Stock,$3.26,0.07,2.194%,72416033.00,United States,1997,207294,Consumer Discretionary,Clothing/Shoe/Accessory Stores
PLD,Prologis Inc. Common Stock,$141.41,-0.61,-0.43%,131826739893.00,United States,,2842084,Real Estate,Real Estate Investment Trusts
PLG,Platinum Group Metals Ltd. Ordinary Shares (Canada),$1.77,0.01,0.568%,224481806.00,Canada,,1015650,Basic Materials,Precious Metals
PLMK,Plum Acquisition Corp. IV Class A Ordinary Shares,$10.60,0.00,0.00%,0.00,United States,2025,37720,,
PLMKU,Plum Acquisition Corp. IV Unit,$10.70,0.00,0.00%,0.00,United States,2025,100,,
PLMKW,Plum Acquisition Corp. IV Warrants,$0.41,-0.0001,-0.024%,0.00,United States,2025,14287,,
PLMR,Palomar Holdings Inc. Common stock,$120.97,0.59,0.49%,3207291401.00,United States,2019,237463,Finance,Property-Casualty Insurers
PLNT,Planet Fitness Inc. Common Stock,$65.38,-1.29,-1.935%,5191191091.00,United States,2015,1531739,Consumer Discretionary,Hotels/Resorts
PLOW,Douglas Dynamics Inc. Common Stock,$46.12,-0.01,-0.022%,1064671622.00,United States,2010,346187,Industrials,Construction/Ag Equipment/Trucks
PLPC,Preformed Line Products Company Common Stock,$333.73,1.48,0.445%,1634227419.00,United States,,129998,Industrials,Water Sewer Pipeline Comm & Power Line Construction
PLRX,Pliant Therapeutics Inc. Common Stock,$1.20,-0.02,-1.639%,74297597.00,United States,2020,382514,Health Care,Biotechnology: Pharmaceutical Preparations
PLRZ,Polyrizon Ltd. Ordinary Shares,$16.00,0.10,0.629%,29949568.00,Israel,2024,51786,Health Care,Biotechnology: Pharmaceutical Preparations
PLSE,Pulse Biosciences Inc Common Stock (DE),$20.83,-0.34,-1.606%,1416212495.00,United States,2016,222663,Health Care,Medical/Dental Instruments
PLSM,Pulsenmore Ltd. Ordinary Shares,$3.35,-0.04,-1.18%,0.00,Israel,,7196,Health Care,Medical/Dental Instruments
PLTK,Playtika Holding Corp. Common Stock,$3.72,0.065,1.778%,1415011907.00,Israel,2021,2066620,Technology,EDP Services
PLTR,Palantir Technologies Inc. Class A Common Stock,$144.07,4.96,3.566%,345358424694.00,United States,,33105645,Technology,Computer Software: Prepackaged Software
PLUG,Plug Power Inc. Common Stock,$3.11,-0.02,-0.639%,4335200451.00,United States,1999,36891129,Energy,Industrial Machinery/Components
PLUR,Pluri Inc. Common Stock,$3.35,-0.1309,-3.761%,36095131.00,Israel,,794,Health Care,Biotechnology: Biological Products (No Diagnostic Substances)
PLUS,ePlus inc. Common Stock,$85.21,0.52,0.614%,2248910123.00,United States,1996,164668,Technology,Retail: Computer Software & Peripheral Equipment
PLUT,Plutus Financial Group Limited Ordinary Shares,$3.07,-0.03,-0.968%,43747500.00,Hong Kong,2025,438,Finance,Investment Bankers/Brokers/Service
PLX,Protalix BioTherapeutics Inc. (DE) Common Stock,$2.12,-0.03,-1.395%,170811881.00,Israel,,722035,Health Care,Biotechnology: Biological Products (No Diagnostic Substances)
PLXS,Plexus Corp. Common Stock,$264.60,14.02,5.595%,7087698904.00,United States,,399622,Technology,Electrical Products
PLYX,Polaryx Therapeutics Inc. Common Stock,$4.88,-0.37,-7.048%,231035289.00,United States,,87970,Health Care,Biotechnology: Pharmaceutical Preparations
PM,Philip Morris International Inc Common Stock,$166.38,1.31,0.794%,259313020797.00,United States,,4217092,Health Care, Medicinal Chemicals and Botanical Products 
PMAX,Powell Max Limited Class A Ordinary Shares,$2.04,-0.09,-4.225%,3499241.00,Hong Kong,2024,127942,Consumer Discretionary,Other Consumer Services
PMCB,PharmaCyte  Biotech Inc. Common Stock,$0.7553,0.0333,4.612%,8108636.00,United States,,74298,Health Care,Biotechnology: Biological Products (No Diagnostic Substances)
PMEC,Primech Holdings Ltd. Ordinary Shares,$0.638,-0.012,-1.846%,24275900.00,Singapore,2023,40121,Consumer Discretionary,Diversified Commercial Services
PMI,Picard Medical Inc. Common Stock,$0.4386,-0.0164,-3.604%,33059684.00,,2025,1946304,Health Care,Medical/Dental Instruments
PML,Pimco Municipal Income Fund II Common Shares of Beneficial Interest,$7.46,-0.03,-0.401%,0.00,United States,2002,487244,Finance,Investment Managers
PMM,Putnam Managed Municipal Income Trust Common Stock,$6.16,0.00,0.00%,300231063.00,United States,1989,130946,Finance,Investment Managers
PMN,ProMIS Neurosciences Inc. Common Shares (ON),$11.01,-0.03,-0.272%,98734300.00,Canada,,33536,Health Care,Biotechnology: Pharmaceutical Preparations
PMNT,Perfect Moment Ltd. Common Stock,$0.273,0.0055,2.056%,12795783.00,United Kingdom,2024,178316,Consumer Discretionary,Apparel
PMO,Putnam Municipal Opportunities Trust Common Stock,$10.33,-0.04,-0.386%,351029587.00,United States,1993,100850,Finance,Finance Companies
PMT,PennyMac Mortgage Investment Trust Common Shares of Beneficial Interest,$12.33,0.15,1.232%,1075073205.00,United States,2009,780937,Real Estate,Real Estate Investment Trusts
PMT^A,PennyMac Mortgage Investment Trust 8.125% Series A Fixed-to-Floating Rate Cumulative Redeemable Preferred Shares of Beneficial Interest,$23.93,0.10,0.42%,,United States,,2052,,
PMT^B,PennyMac Mortgage Investment Trust 8.00% Series B Fixed-to-Floating Rate Cumulative Redeemable Preferred Shares of Beneficial Interest,$23.79,0.05,0.211%,,United States,,21543,,
PMT^C,PennyMac Mortgage Investment Trust 6.75% Series C Cumulative Redeemable Preferred Shares of Beneficial Interest,$18.38,0.05,0.273%,,United States,,25553,,
PMTR,Perimeter Acquisition Corp. I Class A Ordinary Shares,$10.31,0.01,0.097%,0.00,United States,2025,2725,Finance,Blank Checks
PMTRU,Perimeter Acquisition Corp. I Unit,$10.75,0.00,0.00%,0.00,United States,2025,2,Finance,Blank Checks
PMTRW,Perimeter Acquisition Corp. I Warrant,$0.5599,-0.0401,-6.683%,0.00,United States,2025,28755,Finance,Blank Checks
PMTS,CPI Card Group Inc. Common Stock,$17.38,-0.33,-1.863%,199157211.00,United States,,13526,Consumer Discretionary,Publishing
PMTU,PennyMac Mortgage Investment Trust 8.50% Senior Notes due 2028,$25.50,0.035,0.137%,2223387407.00,United States,2023,1623,Real Estate,Real Estate Investment Trusts
PMTV,PennyMac Mortgage Investment Trust 9.00% Senior Notes due 2030,$25.2499,-0.4301,-1.675%,0.00,United States,2025,75696,Real Estate,Real Estate Investment Trusts
PMTW,PennyMac Mortgage Investment Trust 9.00% Senior Notes due 2030,$25.68,0.13,0.509%,0.00,United States,2025,3368,Real Estate,Real Estate Investment Trusts
PMVP,PMV Pharmaceuticals Inc. Common Stock,$1.39,0.00,0.00%,74127855.00,United States,2020,175273,Health Care,Biotechnology: Pharmaceutical Preparations
PN,Skycorp Solar Group Limited Class A Ordinary Shares,$2.865,0.625,27.902%,41003164.00,China,2025,12920903,Technology,Retail: Computer Software & Peripheral Equipment
PNBK,Patriot National Bancorp Inc. Common Stock,$1.18,-0.045,-3.673%,138161141.00,United States,,373969,Finance,Major Banks
PNC,PNC Financial Services Group Inc. (The) Common Stock,$220.71,-2.29,-1.027%,89027996415.00,United States,,1028917,Finance,Major Banks
PNFP,Pinnacle Financial Partners Inc. Common stock,$98.64,-0.30,-0.303%,14903423399.00,United States,,936098,Finance,Major Banks
PNFP^A,Pinnacle Financial Partners Inc. Fixed-to-Floating Rate Non-Cumulative Perpetual Preferred Stock Series A,$25.69,0.01,0.039%,,United States,,5788,,
PNFP^B,Pinnacle Financial Partners Inc. Fixed-to-Floating Rate Non-Cumulative Perpetual Preferred Stock Series B,$26.22,0.02,0.076%,,United States,,4352,,
PNFP^C,Pinnacle Financial Partners Inc. Fixed-to-Floating Rate Non-Cumulative Perpetual Preferred Stock Series C,$25.11,-0.09,-0.357%,,United States,,1612,,
PNI,Pimco New York Municipal Income Fund II Common Shares of Beneficial Interest,$6.99,-0.03,-0.427%,0.00,United States,2002,54690,Finance,Trusts Except Educational Religious and Charitable
PNNT,PennantPark Investment Corporation Common Stock,$4.77,0.07,1.489%,311462368.00,United States,2022,510230,Finance,Finance: Consumer Services
PNR,Pentair plc. Ordinary Share,$79.10,-1.61,-1.995%,12782998293.00,Switzerland,,1915684,Industrials,Industrial Machinery/Components
PNRG,PrimeEnergy Resources Corporation Common Stock,$216.43,-5.16,-2.329%,350183740.00,United States,,54836,Energy,Oil & Gas Production
PNTG,The Pennant Group Inc. Common Stock ,$31.30,-0.02,-0.064%,1086317644.00,United States,,181459,Health Care,Medical/Nursing Services
PNW,Pinnacle West Capital Corporation Common Stock,$103.54,-0.18,-0.174%,12530996008.00,United States,,1555369,Utilities,Electric Utilities: Central
POAS,Phaos Technology Holdings (Cayman) Limited Class A Ordinary Shares,$2.32,-0.02,-0.855%,65950642.00,,2025,60100,Industrials,Industrial Machinery/Components
POCI,Precision Optics Corporation Inc. Common stock,$4.26,0.03,0.709%,32946231.00,United States,,6422,Health Care,Biotechnology: Electromedical & Electrotherapeutic Apparatus
PODC,PodcastOne Inc. Common Stock,$3.32,-0.09,-2.639%,91260040.00,United States,,139395,Technology,Computer Software: Programming Data Processing
PODD,Insulet Corporation Common Stock,$175.04,2.90,1.685%,12123920499.00,United States,2007,1282158,Health Care,Medical/Dental Instruments
POET,POET Technologies Inc. Common Shares,$7.31,0.19,2.669%,1117568955.00,Canada,,25752439,Technology,Semiconductors
POLA,Polar Power Inc. Common Stock,$1.85,0.03,1.648%,6734294.00,United States,2016,114650,Miscellaneous,Industrial Machinery/Components
POLE,Andretti Acquisition Corp. II Class A Ordinary Shares,$10.69,0.00,0.00%,0.00,United States,2024,3599,,
POLEW,Andretti Acquisition Corp. II Warrant,$0.12,-0.0001,-0.083%,0.00,United States,2024,41809,,
POM,POMDOCTOR LIMITED American Depositary Shares,$0.3801,0.0001,0.026%,45011775.00,China,2025,95520,Consumer Discretionary,Other Specialty Stores
PONOU,Pono Capital Four Inc. Units,$10.02,0.00,0.00%,0.00,Cayman Islands,2026,50638,Industrials,Aerospace
PONY,Pony AI Inc. American Depositary Shares ,$9.89,0.02,0.203%,4287725959.00,China,2024,2458188,Technology,EDP Services
POOL,Pool Corporation Common Stock,$208.09,-5.23,-2.452%,7583424494.00,United States,1995,467005,Consumer Discretionary,Industrial Specialties
POR,Portland General Electric Co Common Stock,$49.73,-2.20,-4.236%,5755105550.00,United States,,2025247,Utilities,Electric Utilities: Central
POST,Post Holdings Inc. Common Stock,$103.40,-1.35,-1.289%,4945024245.00,United States,2012,604314,Consumer Staples,Packaged Foods
POWI,Power Integrations Inc. Common Stock,$73.32,0.61,0.839%,4084215814.00,United States,1997,747280,Technology,Semiconductors
POWL,Powell Industries Inc. Common Stock,$275.33,-1.94,-0.70%,10029414247.00,United States,,748065,Energy,Electrical Products
POWW,Outdoor Holding Company Common Stock,$2.06,0.03,1.478%,241614767.00,United States,,499991,Industrials,Ordnance And Accessories
POWWP,Outdoor Holding Company 8.75% Series A Cumulative Redeemable Perpetual Preferred Stock,$24.88,-0.02,-0.08%,2918143403.00,United States,,3525,Industrials,Ordnance And Accessories
PPBT,Purple Biotech Ltd. American Depositary Shares,$4.20,0.07,1.695%,3903715.00,Israel,2015,4264,Health Care,Biotechnology: Pharmaceutical Preparations
PPC,Pilgrim's Pride Corporation Common Stock,$31.88,-1.22,-3.686%,7584951479.00,United States,,1624029,Consumer Staples,Meat/Poultry/Fish
PPCB,Propanc Biopharma Inc. Common Stock,$0.1033,0.0017,1.673%,2258064.00,Australia,,551846,Health Care,Biotechnology: Pharmaceutical Preparations
PPG,PPG Industries Inc. Common Stock,$107.51,-0.99,-0.912%,23963979000.00,United States,,1818455,Consumer Discretionary,Paints/Coatings
PPHC,Public Policy Holding Company Inc. Common Stock,$14.61,0.59,4.208%,367219121.00,United States,2026,58639,,
PPIH,Perma-Pipe International Holdings Inc. Common Stock,$33.09,0.36,1.10%,268799104.00,United States,,68078,Industrials,Pollution Control Equipment
PPL,PPL Corporation Common Stock,$37.60,0.16,0.427%,28281407647.00,United States,,11521140,Utilities,Electric Utilities: Central
PPLC,PPL Corporation Corporate Units,$49.48,-0.96,-1.903%,37217129000.00,United States,,19903,Utilities,Electric Utilities: Central
PPSI,Pioneer Power Solutions Inc. Common Stock,$3.68,-0.20,-5.155%,40834259.00,United States,,310890,Industrials,Electrical Products
PPT,Putnam Premier Income Trust Common Stock,$3.51,0.00,0.00%,349344203.00,United States,1988,201858,Finance,Finance Companies
PPTA,Perpetua Resources Corp. Common Shares,$27.47,-0.14,-0.507%,3432368012.00,Canada,,957224,Basic Materials,Precious Metals
PR,Permian Resources Corporation Class A Common Stock,$22.10,0.48,2.22%,18616276379.00,United States,2022,23277113,Energy,Oil & Gas Production
PRA,ProAssurance Corporation Common Stock,$24.66,-0.04,-0.162%,1267860436.00,United States,,814833,Finance,Property-Casualty Insurers
PRAA,PRA Group Inc. Common Stock,$22.23,0.44,2.019%,854817837.00,United States,2002,458707,Finance,Finance: Consumer Services
PRAX,Praxis Precision Medicines Inc. Common Stock,$324.20,5.37,1.684%,9029240059.00,United States,2020,351397,Health Care,Biotechnology: Pharmaceutical Preparations
PRCH,Porch Group Inc. Common Stock,$10.31,0.68,7.061%,1316746578.00,United States,2020,2894805,Technology,Computer Software: Prepackaged Software
PRCT,PROCEPT BioRobotics Corporation Common Stock,$24.63,0.59,2.454%,1401678867.00,United States,2021,1215671,Health Care,Medical/Dental Instruments
PRDO,Perdoceo Education Corporation Common Stock,$33.64,-0.30,-0.884%,2109275264.00,United States,,592232,Real Estate,Other Consumer Services
PRE,Prenetics Global Limited Class A Ordinary Share,$17.02,0.31,1.855%,277058964.00,Hong Kong,,151109,Finance,Blank Checks
PRENW,Prenetics Global Limited Warrant,$0.016,0.002,14.286%,260455.00,Hong Kong,,623,Finance,Blank Checks
PRFX,PRF Technologies Ltd. Ordinary Shares,$1.89,-0.04,-2.073%,1596201.00,Israel,2020,14765,Health Care,Biotechnology: Pharmaceutical Preparations
PRG,PROG Holdings Inc. Common Stock,$36.19,0.36,1.005%,1449972761.00,United States,,700586,Consumer Discretionary,Diversified Commercial Services
PRGO,Perrigo Company plc Ordinary Shares,$11.92,0.08,0.676%,1640780276.00,United States,,1728481,Health Care,Biotechnology: Pharmaceutical Preparations
PRGS,Progress Software Corporation Common Stock (DE),$28.95,1.10,3.95%,1218175760.00,United States,1991,689345,Technology,Computer Software: Prepackaged Software
PRH,Prudential Financial Inc. 5.950% Junior Subordinated Notes due 2062,$23.96,0.01,0.042%,8433920000.00,United States,2022,24783,Finance,Life Insurance
PRHI,Presurance Holdings Inc. Common Stock,$0.71,0.0301,4.427%,18618246.00,United States,2015,10570,Finance,Property-Casualty Insurers
PRHIZ,Presurance Holdings Inc. 9.75% Senior Unsecured Notes due 2028,$17.705,0.00,0.00%,216406108.00,United States,,2,Finance,Property-Casualty Insurers
PRI,Primerica Inc. Common Stock,$276.96,-4.31,-1.532%,8695735831.00,United States,2010,261100,Finance,Life Insurance
PRIF^D,Priority Income Fund Inc. 7.00% Series D Term Preferred Stock due 2029,$25.24,0.14,0.558%,,,,733,,
PRIF^K,Priority Income Fund Inc. 7.000% Series K Cumulative Preferred Stock,$22.23,0.16,0.725%,,,,272,,
PRIF^L,Priority Income Fund Inc. 6.375% Series L Term Preferred Stock Due 2029,$24.4941,0.0441,0.18%,,,,2314,,
PRIM,Primoris Services Corporation Common Stock,$180.35,-0.80,-0.442%,9780656075.00,United States,,1038854,Industrials,Water Sewer Pipeline Comm & Power Line Construction
PRK,Park National Corporation Common Stock,$173.26,1.07,0.621%,3130183251.00,United States,1994,45130,Finance,Major Banks
PRKS,United Parks & Resorts Inc. Common Stock,$35.27,0.02,0.057%,1715049354.00,United States,2013,665977,Health Care,Biotechnology: Electromedical & Electrotherapeutic Apparatus
PRLB,Proto Labs Inc. Common stock,$65.17,0.36,0.555%,1550556443.00,United States,2012,443409,Industrials,Metal Fabrications
PRLD,Prelude Therapeutics Incorporated Common Stock,$4.70,-0.53,-10.134%,305099419.00,United States,2020,1106179,Health Care,Biotechnology: Pharmaceutical Preparations
PRM,Perimeter Solutions SA Common Stock,$30.47,0.17,0.561%,4970481610.00,Luxembourg,,985419,Industrials,Major Chemicals
PRMB,Primo Brands Corporation Class A Common Stock,$20.03,-0.35,-1.717%,7274433828.00,United States,2024,3442765,Consumer Staples,Beverages (Production/Distribution)
PRME,Prime Medicine Inc. Common Stock,$3.41,-0.135,-3.808%,615900181.00,United States,2022,1847017,Health Care,Biotechnology: Biological Products (No Diagnostic Substances)
PROF,Profound Medical Corp. Common Stock,$6.86,0.16,2.388%,249276190.00,Canada,,63431,Health Care,Medical/Dental Instruments
PROK,ProKidney Corp. Class A Ordinary Shares,$1.93,0.03,1.579%,582795069.00,United States,2021,386172,Health Care,Biotechnology: Biological Products (No Diagnostic Substances)
PROP,Prairie Operating Co. Common Stock,$1.26,0.06,5.00%,122653878.00,United States,,3272250,Finance,Finance: Consumer Services
PROV,Provident Financial Holdings Inc. Common Stock,$17.15,-0.01,-0.058%,109331593.00,United States,,2839,Finance,Savings Institutions
PRPL,Purple Innovation Inc. Common Stock,$0.4994,0.0044,0.889%,54428951.00,United States,2015,482044,Consumer Discretionary,Home Furnishings
PRPO,Precipio Inc.  Common Stock,$30.94,0.04,0.129%,55222640.00,United States,,55343,Industrials,Biotechnology: Laboratory Analytical Instruments
PRQR,ProQR Therapeutics N.V. Ordinary Shares,$1.55,-0.02,-1.274%,163309649.00,Netherlands,2014,462835,Health Care,Biotechnology: Pharmaceutical Preparations
PRS,Prudential Financial Inc. 5.625% Junior Subordinated Notes due 2058,$22.96,-0.36,-1.544%,8081920000.00,United States,2018,17342,Finance,Life Insurance
PRSO,Peraso Inc. Common Stock,$1.01,0.0451,4.674%,12740029.00,United States,,1559393,Technology,Semiconductors
PRSU,Pursuit Attractions and Hospitality Inc. Common Stock,$42.22,0.14,0.333%,1158907926.00,United States,,147847,Real Estate,Real Estate
PRT,PermRock Royalty Trust Units of Beneficial Interest,$2.81,-0.02,-0.707%,34185707.00,United States,2018,28150,Energy,Oil & Gas Production
PRTA,Prothena Corporation plc Ordinary Shares,$10.64,-0.42,-3.797%,572782928.00,United States,,516365,Health Care,Biotechnology: Pharmaceutical Preparations
PRTC,PureTech Health plc American Depositary Shares,$18.14,0.89,5.159%,438414849.00,United States,,45078,Health Care,Biotechnology: Pharmaceutical Preparations
PRTH,Priority Technology Holdings Inc. Common Stock,$5.33,0.15,2.896%,438965059.00,United States,2016,148277,Real Estate,Real Estate
PRTS,CarParts.com Inc. Common Stock,$0.9455,-0.0045,-0.474%,66650310.00,United States,2007,158867,Consumer Discretionary,Auto & Home Supply Stores
PRU,Prudential Financial Inc. Common Stock,$98.62,0.51,0.52%,34301880490.00,United States,2001,1895549,Finance,Life Insurance
PRVA,Privia Health Group Inc. Common Stock,$24.85,0.00,0.00%,3121780778.00,United States,2021,1809017,Health Care,Medical/Nursing Services
PRZO,ParaZero Technologies Ltd. Ordinary Shares,$0.7295,-0.0075,-1.018%,17089928.00,Israel,2023,301586,Industrials,Military/Government/Technical
PS,Pershing Square Inc. Common Stock,$37.99,9.99,35.679%,15196000000.00,,2026,2116720,Finance,Investment Managers
PSA,Public Storage Common Stock,$301.55,-0.90,-0.298%,52935820309.00,United States,,562607,Real Estate,Real Estate Investment Trusts
PSA^F,Public Storage Depositary Shares Each Representing 1/1000 of a 5.15% Cumulative Preferred Share of Beneficial Interest Series F par value $0.01 per share,$20.635,0.115,0.56%,,United States,,16118,,
PSA^G,Public Storage Depositary Shares Each Representing 1/1000 of a 5.05% Cumulative Preferred Share of Beneficial Interest Series G,$20.40,0.04,0.196%,,United States,,14512,,
PSA^H,Public Storage Depositary Shares Each Representing 1/1000 of a  5.60% Cumulative Preferred  Share of Beneficial Interest Series H,$22.45,0.09,0.403%,,United States,,5515,,
PSA^I,Public Storage Depositary Shares Each Representing 1/1000 of a 4.875% Cumulative Preferred Share of Beneficial Interest Series I par value $0.01 per share,$19.29,0.06,0.312%,,United States,,5810,,
PSA^J,Public Storage Depositary Shares Each Representing 1/1000 of a 4.700% Cumulative Preferred Share of Beneficial Interest Series J par value $0.01 per share,$18.545,0.015,0.081%,,United States,,4045,,
PSA^K,Public Storage Depositary Shares Each Representing 1/1000 of a 4.75% Cumulative Preferred Share of Beneficial Interest Series K,$18.80,0.13,0.696%,,United States,,43120,,
PSA^L,Public Storage Depositary Shares Each Representing 1/1000 of a 4.625% Cumulative Preferred Share of Beneficial Interest Series L par value $0.01 per share,$18.41,-0.05,-0.271%,,United States,,13028,,
PSA^M,Public Storage Depositary Shares Each Representing 1/1000 of a 4.125% Cumulative Preferred Share of Beneficial Interest Series M,$16.26,0.03,0.185%,,United States,,6273,,
PSA^N,Public Storage Depositary Shares Each Representing 1/1000 of a 3.875% Cumulative Preferred Share of Beneficial Interest Series N,$15.20,0.01,0.066%,,United States,,19008,,
PSA^O,Public Storage Depositary Shares Each Representing 1/1000 of a 3.900% Cumulative Preferred Share of Beneficial Interest Series O,$15.31,-0.02,-0.13%,,United States,,11716,,
PSA^P,Public Storage Depositary Shares Each Representing 1/1000 of a 4.000% Cumulative Preferred Share of Bene cial Interest Series P,$15.86,-0.05,-0.314%,,United States,,31185,,
PSA^Q,Public Storage Depositary Shares Each Representing 1/1000 of a 3.950% Cumulative Preferred Share of Beneficial Interest Series Q par value $0.01 per share,$15.525,0.055,0.356%,,United States,,19068,,
PSA^R,Public Storage Depositary Shares Each Representing 1/1000 of a 4.00% Cumulative Preferred Share of Bene cial Interest Series R,$15.75,0.02,0.127%,,United States,,17689,,
PSA^S,Public Storage Depositary Shares Each Representing 1/1000 of a 4.100% Cumulative Preferred Share of Beneficial Interest Series S,$16.14,-0.05,-0.309%,,United States,,9224,,
PSBD,Palmer Square Capital BDC Inc. Common Stock,$11.12,0.15,1.367%,0.00,,2024,111240,,
PSEC,Prospect Capital Corporation Common Stock,$2.81,0.10,3.69%,1367022695.00,United States,2004,6471931,Finance,Finance: Consumer Services
PSEC^A,Prospect Capital Corporation 5.35% Series A Fixed Rate Cumulative Perpetual Preferred Stock,$17.86,0.125,0.705%,,United States,,5332,,
PSF,Cohen & Steers Select Preferred and Income Fund Inc. Common Stock,$20.02,0.01,0.05%,983755333.00,,2010,9454,Finance,Investment Managers
PSFE,Paysafe Limited Common Shares,$9.41,0.37,4.093%,599194764.00,,2021,290807,Real Estate,Real Estate
PSHG,Performance Shipping Inc. Common Shares,$1.86,0.00,0.00%,23123814.00,Greece,,24037,Consumer Discretionary,Marine Transportation
PSIG,PS International Group Ltd. Ordinary Shares,$6.27,0.05,0.804%,54066850.00,Hong Kong,,464424,Industrials,Integrated Freight & Logistics
PSIX,Power Solutions International Inc. Common Stock,$70.50,-2.77,-3.781%,1625056725.00,United States,,365818,Industrials,Industrial Machinery/Components
PSKY,Paramount Skydance Corporation Class B Common Stock,$11.09,0.85,8.301%,12329208899.00,United States,,12268284,Industrials,Broadcasting
PSMT,PriceSmart Inc. Common Stock,$158.21,1.29,0.822%,4888037017.00,United States,,278224,Consumer Discretionary,Department/Specialty Retail Stores
PSN,Parsons Corporation Common Stock,$50.87,0.46,0.913%,5441997363.00,United States,2019,1676395,Technology,EDP Services
PSNL,Personalis Inc. Common Stock,$5.78,0.26,4.71%,605038262.00,United States,2019,1970977,Health Care,Medical Specialities
PSNY,Polestar Automotive Holding UK PLC Class A ADS,$18.46,-0.03,-0.162%,2689529663.00,Sweden,,20583,Industrials,Auto Manufacturing
PSNYW,Polestar Automotive Holding UK PLC Class C-1 ADS (ADW),$3.20,0.2999,10.341%,466223994.00,Sweden,,11611,Industrials,Auto Manufacturing
PSO,Pearson Plc Common Stock,$15.08,0.40,2.725%,9587455905.00,United Kingdom,,1512536,Consumer Discretionary,Books
PSQH,PSQ Holdings Inc. Class A Common Stock,$0.7563,0.0813,12.044%,36844845.00,,2021,244070,Consumer Discretionary,Advertising
PSTL,Postal Realty Trust Inc. Class A Common Stock,$22.17,0.29,1.325%,609066300.00,United States,2019,268109,Real Estate,Real Estate Investment Trusts
PSTV,PLUS THERAPEUTICS Inc. Common Stock ,$6.09,-0.05,-0.814%,41789751.00,United States,,85432,Health Care,Medical/Dental Instruments
PSUS,Pershing Square USA Ltd. Common Shares,$42.80,0.09,0.211%,1119220000.00,,2026,1940714,,
PSX,Phillips 66 Common Stock,$176.19,-2.96,-1.652%,70640741174.00,United States,,2380669,Energy,Integrated oil Companies
PTA,Cohen & Steers Tax-Advantaged Preferred Securities and Income Fund Common Shares of Beneficial Interest,$19.76,0.09,0.458%,1092203510.00,United States,2020,119620,Finance,Trusts Except Educational Religious and Charitable
PTC,PTC Inc. Common Stock,$136.53,0.23,0.169%,16246539717.00,United States,,1212499,Technology,Computer Software: Prepackaged Software
PTCT,PTC Therapeutics Inc. Common Stock,$65.15,0.09,0.138%,5401702662.00,United States,2013,1323764,Health Care,Biotechnology: Pharmaceutical Preparations
PTEN,Patterson-UTI Energy Inc. Common Stock,$11.99,-0.23,-1.882%,4551615659.00,United States,1993,11432959,Energy,Oil & Gas Production
PTGX,Protagonist Therapeutics Inc. Common Stock,$98.37,-0.60,-0.606%,6325701048.00,United States,2016,447696,Health Care,Biotechnology: Pharmaceutical Preparations
PTHS,Pelthos Therapeutics Inc. Common Stock,$25.00,0.00,0.00%,83888575.00,,2024,18064,Health Care,Biotechnology: Biological Products (No Diagnostic Substances)
PTLE,PTL LTD Class A Ordinary Shares,$5.80,-0.31,-5.074%,36430345.00,Singapore,2024,5868,Energy,Oil Refining/Marketing
PTLO,Portillo's Inc. Class A Common Stock,$6.49,0.24,3.84%,490543801.00,United States,2021,1412626,Consumer Discretionary,Restaurants
PTN,Palatin Technologies Inc. Common Stock,$20.23,0.02,0.099%,35851586.00,United States,,24816,Health Care,Biotechnology: Pharmaceutical Preparations
PTON,Peloton Interactive Inc. Class A Common Stock,$5.36,-0.09,-1.651%,2280621522.00,United States,2019,12050115,Consumer Discretionary,Recreational Games/Products/Toys
PTOR,Praetorian Acquisition Corp. Class A Ordinary Shares,$9.84,-0.01,-0.102%,0.00,United States,2026,60778,Finance,Blank Checks
PTORU,Praetorian Acquisition Corp. Units,$9.94,0.00,0.00%,0.00,United States,2026,109,,
PTORW,Praetorian Acquisition Corp. Warrant,$0.29,-0.01,-3.333%,0.00,United States,2026,1200,Finance,Blank Checks
PTRN,Pattern Group Inc. Series A Common Stock,$13.79,0.32,2.376%,2437609083.00,United States,2025,968948,Consumer Discretionary,Catalog/Specialty Distribution
PTY,Pimco Corporate & Income Opportunity Fund,$12.27,0.04,0.327%,0.00,United States,2002,2039232,Finance,Investment Managers
PUBM,PubMatic Inc. Class A Common Stock,$10.23,0.45,4.601%,477478365.00,United States,2020,750938,Technology,Computer Software: Programming Data Processing
PUK,Prudential Public Limited Company Common Stock,$30.17,-0.06,-0.198%,38545779742.00,United Kingdom,,546341,Finance,Life Insurance
PULM,Pulmatrix Inc. Common Stock,$1.29,0.03,2.381%,4711448.00,United States,2014,4180,Health Care,Biotechnology: Pharmaceutical Preparations
PUMP,ProPetro Holding Corp. Common Stock,$16.62,-0.51,-2.977%,2037894141.00,United States,2017,3785594,Energy,Oilfield Services/Equipment
PURR,Hyperliquid Strategies Inc Common Stock,$6.27,0.25,4.153%,777276275.00,United States,,4642421,Finance,Finance: Consumer Services
PVH,PVH Corp. Common Stock,$91.64,0.20,0.219%,4198168426.00,United States,,627236,Industrials,Garments and Clothing
PVL,Permianville Royalty Trust Units of Beneficial Interest,$1.88,0.00,0.00%,62040000.00,United States,2011,37131,Energy,Oil & Gas Production
PVLA,Palvella Therapeutics Inc. Common Stock,$126.84,-1.48,-1.153%,1815544508.00,United States,,170532,Health Care,Biotechnology: Pharmaceutical Preparations
PW,Power REIT (MD) Common Stock,$0.76,-0.01,-1.299%,2790928.00,United States,1998,11148,Real Estate,Real Estate Investment Trusts
PW^A,Power REIT 7.75% Series A Cumulative Perpetual Preferred Stock,$8.75,0.30,3.55%,,United States,,5193,,
PWP,Perella Weinberg Partners Class A Common Stock,$20.61,-2.13,-9.367%,1906027062.00,United States,2020,3284256,Finance,Finance: Consumer Services
PWR,Quanta Services Inc. Common Stock,$742.21,14.44,1.984%,111373598151.00,United States,,1327866,Industrials,Engineering & Construction
PXED,Phoenix Education Partners Inc. Common Stock,$29.96,1.94,6.924%,1072896871.00,,2025,123654,Real Estate,Other Consumer Services
PXLW,Pixelworks Inc.  Common Stock,$5.81,0.01,0.172%,36958909.00,United States,2000,37799,Technology,Semiconductors
PXS,Pyxis Tankers Inc. Common Stock,$4.51,0.05,1.121%,46340877.00,Greece,,59744,Consumer Discretionary,Marine Transportation
PYPD,PolyPid Ltd. Ordinary Shares,$4.44,-0.06,-1.333%,84729568.00,Israel,2020,13449,Health Care,Biotechnology: Pharmaceutical Preparations
PYPL,PayPal Holdings Inc. Common Stock,$50.44,0.30,0.598%,46438319498.00,United States,,8760301,Industrials,Diversified Commercial Services
PYT,PPlus Tr GSC-2 Tr Ctf Fltg Rate,$23.12,-0.29,-1.239%,0.00,United States,,274,Finance,Finance: Consumer Services
PYXS,Pyxis Oncology Inc. Common Stock,$1.72,0.02,1.176%,108069743.00,United States,2021,102332,Health Care,Biotechnology: Pharmaceutical Preparations
PZG,Paramount Gold Nevada Corp. Common Stock,$1.44,0.06,4.348%,120691068.00,United States,2015,466601,Basic Materials,Metal Mining
PZZA,Papa John's International Inc. Common Stock,$35.50,-0.69,-1.907%,1167633731.00,United States,1993,557563,Consumer Discretionary,Restaurants
Q,Qnity Electronics Inc. Common Stock,$143.33,2.67,1.898%,30039448975.00,United States,2025,1220197,Technology,Semiconductors
QADRU,QDRO Acquisition Corp. Units,$9.925,-0.015,-0.151%,0.00,United States,2026,1026,Finance,Blank Checks
QBTS,D-Wave Quantum Inc. Common Shares,$20.49,0.21,1.036%,7524959139.00,United States,2022,20297772,Technology,EDP Services
QCLS,Q/C Technologies Inc. Common Stock,$3.73,-0.02,-0.533%,29293290.00,United States,2014,138518,Health Care,Biotechnology: In Vitro & In Vivo Diagnostic Substances
QCOM,QUALCOMM Incorporated Common Stock,$177.01,-2.57,-1.431%,186568540000.00,United States,1991,21087163,Technology,Radio And Television Broadcasting And Communications Equipment
QCRH,QCR Holdings Inc. Common Stock,$90.87,0.45,0.498%,1521463853.00,United States,,117265,Finance,Major Banks
QDEL,QuidelOrtho Corporation Common Stock,$12.64,0.34,2.764%,860726551.00,United States,,1415210,Health Care,Biotechnology: In Vitro & In Vivo Diagnostic Substances
QETA,Quetta Acquisition Corporation Common Stock,$11.50,0.00,0.00%,0.00,United States,2023,49,Finance,Blank Checks
QETAR,Quetta Acquisition Corporation Right,$1.18,-0.01,-0.84%,0.00,United States,2023,1630,Finance,Blank Checks
QFIN,Qfin Holdings Inc. American Depositary Shares,$13.39,0.31,2.37%,1630257727.00,China,2018,624753,Finance,Finance: Consumer Services
QGEN,Qiagen N.V. Common Shares,$34.25,-0.33,-0.954%,7058060290.00,Netherlands,2026,1439236,Health Care,Biotechnology: Biological Products (No Diagnostic Substances)
QLYS,Qualys Inc. Common Stock,$88.53,1.60,1.841%,3124219185.00,United States,2012,722257,Technology,Computer Software: Prepackaged Software
QMCO,Quantum Corporation Common Stock,$7.52,0.38,5.322%,110077978.00,United States,,358463,Technology,Electronic Components
QNC,Quantum eMotion Corp. Common Shares,$2.78,-0.05,-1.767%,607676503.00,,2026,185925,,
QNCX,Quince Therapeutics Inc. Common Stock,$1.33,0.02,1.527%,21680056.00,United States,2019,739304,Health Care,Biotechnology: Biological Products (No Diagnostic Substances)
QNRX,Quoin Pharmaceuticals Ltd. American Depositary Shares,$6.21,-0.27,-4.167%,11200524.00,Israel,2016,12663,Health Care,Medical/Dental Instruments
QNST,QuinStreet Inc. Common Stock,$13.04,0.28,2.194%,743200965.00,United States,2010,716149,Real Estate,Real Estate
QNTM,Quantum Biopharma Ltd. Class B Subordinate Voting Shares,$5.55,-0.18,-3.141%,32352421.00,Canada,,359655,Health Care,Biotechnology: Pharmaceutical Preparations
QQQX,Nuveen NASDAQ 100 Dynamic Overwrite Fund Shares of Beneficial Interest,$30.21,0.20,0.666%,0.00,United States,,75772,Finance,Finance Companies
QRHC,Quest Resource Holding Corporation Common Stock,$1.135,0.005,0.442%,23789317.00,United States,,24076,Utilities,Environmental Services
QRVO,Qorvo Inc. Common Stock,$93.50,-0.72,-0.764%,8667980987.00,United States,,1477944,Technology,Semiconductors
QS,QuantumScape Corporation Class A Common Stock,$7.26,-0.03,-0.412%,4465953252.00,United States,,15826332,Miscellaneous,Industrial Machinery/Components
QSEA,Quartzsea Acquisition Corporation Ordinary Shares,$10.40,-0.01,-0.096%,0.00,United States,2025,9129,Finance,Blank Checks
QSEAU,Quartzsea Acquisition Corporation Units,$11.00,0.00,0.00%,0.00,United States,2025,2,Finance,Blank Checks
QSI,Quantum-Si Incorporated Class A Common Stock,$0.9582,-0.0224,-2.284%,207324558.00,United States,2020,3582538,Industrials,Industrial Machinery/Components
QSIAW,Quantum-Si Incorporated Warrant,$0.0698,-0.0033,-4.514%,15102540.00,United States,2020,25805,Industrials,Industrial Machinery/Components
QSR,Restaurant Brands International Inc. Common Shares,$80.03,-0.65,-0.806%,36544566115.00,Canada,2014,3768370,Consumer Discretionary,Restaurants
QTI,QT Imaging Holdings Inc. Common Stock,$6.62,0.045,0.684%,79721350.00,United States,,10634,Health Care,Biotechnology: Electromedical & Electrotherapeutic Apparatus
QTRX,Quanterix Corporation Common Stock,$3.40,0.27,8.626%,160020959.00,United States,2017,745810,Industrials,Biotechnology: Laboratory Analytical Instruments
QTTB,Q32 Bio Inc. Common Stock,$5.04,-0.56,-10.00%,73732494.00,United States,2018,290024,Health Care,Biotechnology: Pharmaceutical Preparations
QTWO,Q2 Holdings Inc. Common Stock,$51.23,0.48,0.946%,3207019670.00,United States,2014,1300293,Technology,Computer Software: Prepackaged Software
QUAD,Quad Graphics Inc Class A Common Stock,$8.43,0.99,13.306%,434646779.00,United States,,807682,Consumer Discretionary,Publishing
QUBT,Quantum Computing Inc. Common Stock,$9.21,0.19,2.106%,2077057961.00,United States,,10213956,Technology,Computer Software: Prepackaged Software
QUCY,Quantum Cyber N.V. Ordinary Shares,$0.4106,-0.0159,-3.728%,5138797.00,Germany,2021,767682,Health Care,Biotechnology: Pharmaceutical Preparations
QUIK,QuickLogic Corporation Common Stock,$16.32,0.35,2.192%,289197499.00,United States,1999,498819,Technology,Semiconductors
QUMS,Quantumsphere Acquisition Corp. Ordinary Shares,$10.16,0.00,0.00%,0.00,United States,2025,13,,
QUMSR,Quantumsphere Acquisition Corp. Rights,$0.26,0.04,18.182%,0.00,United States,2025,400,,
QURE,uniQure N.V. Ordinary Shares,$19.13,-0.82,-4.11%,1205826053.00,Netherlands,2014,1528439,Health Care,Biotechnology: Pharmaceutical Preparations
QXL,Quantum X Labs Inc. Common Stock,$3.00,-0.11,-3.537%,40009176.00,Israel,,38360,Technology,Computer Software: Prepackaged Software
QXO,QXO Inc. Common Stock,$19.82,-0.25,-1.246%,14370491040.00,United States,,12917514,Consumer Discretionary,RETAIL: Building Materials
QXO^B,QXO Inc.  Depositary Shares each representing a 1/20th interest in a share of 5.50% Series B Mandatory Convertible Preferred Stock,$55.07,-1.51,-2.669%,,United States,,13940,,
R,Ryder System Inc. Common Stock,$249.99,-3.78,-1.49%,9672367590.00,United States,,355561,Consumer Discretionary,Rental/Leasing Companies
RA,Brookfield Real Assets Income Fund Inc. Common Stock,$13.00,0.04,0.309%,0.00,United States,2016,240401,Finance,Investment Managers
RAAQ,Real Asset Acquisition Corp. Class A Ordinary Share,$10.89,-0.01,-0.092%,0.00,United States,2025,165050,Finance,Blank Checks
RAAQU,Real Asset Acquisition Corp. Unit,$12.60,0.10,0.80%,0.00,United States,2025,600,Finance,Blank Checks
RAAQW,Real Asset Acquisition Corp. Warrants,$2.45,0.025,1.031%,0.00,United States,2025,103759,Finance,Blank Checks
RAC,Rithm Acquisition Corp. Class A Ordinary Shares,$10.41,-0.01,-0.096%,0.00,,2025,207,,
RACE,Ferrari N.V. Common Shares,$341.26,-6.04,-1.739%,79835911673.00,Italy,2015,601101,Industrials,Auto Manufacturing
RADX,Radiopharm Theranostics Limited American Depositary Shares,$4.41,0.14,3.279%,56245378.00,Australia,,33036,Health Care,Biotechnology: Pharmaceutical Preparations
RAIL,FreightCar America Inc. Common Stock,$8.30,0.06,0.728%,158215887.00,United States,2005,122426,Industrials,Railroads
RAIN,Rain Enhancement Technologies Holdco Inc. Class A Common Stock,$2.17,0.08,3.828%,17769768.00,United States,,4889,Technology,Industrial Machinery/Components
RAINW,Rain Enhancement Technologies Holdco Inc. Warrants,$0.2275,0.0175,8.333%,1862960.00,United States,,106,Technology,Industrial Machinery/Components
RAL,Ralliant Corporation Common Stock,$45.69,0.25,0.55%,5114063652.00,United States,2025,978401,Industrials,Industrial Machinery/Components
RAMP,LiveRamp Holdings Inc. Common Stock,$30.21,0.98,3.353%,1907003048.00,United States,2018,449140,Technology,EDP Services
RAND,Rand Capital Corporation Common Stock,$11.08,0.00,0.00%,32905539.00,United States,,723,Finance,Finance: Consumer Services
RANG,Range Capital Acquisition Corp. Ordinary Shares,$10.58,-0.02,-0.189%,0.00,United States,2025,9528,Finance,Blank Checks
RANGR,Range Capital Acquisition Corp. Rights,$0.295,0.00,0.00%,0.00,United States,2025,200,Finance,Blank Checks
RANI,Rani Therapeutics Holdings Inc. Class A Common Stock,$0.94,0.0521,5.868%,116270749.00,United States,2021,618368,Health Care,Biotechnology: Pharmaceutical Preparations
RAPP,Rapport Therapeutics Inc. Common Stock,$33.89,0.76,2.294%,1620200343.00,United States,2024,225517,Health Care,Biotechnology: Pharmaceutical Preparations
RARE,Ultragenyx Pharmaceutical Inc. Common Stock,$24.77,0.08,0.324%,2435074645.00,United States,2014,1407225,Health Care,Biotechnology: Pharmaceutical Preparations
RAVE,Rave Restaurant Group Inc. Common Stock,$2.75,-0.02,-0.722%,39081807.00,United States,,48838,Consumer Discretionary,Food Distributors
RAY,Raytech Holding Limited Ordinary Shares,$2.50,0.24,10.619%,6812200.00,Hong Kong,2024,3597,Consumer Discretionary,Consumer Electronics/Appliances
RAYA,Erayak Power Solution Group Inc. Class A Ordinary Shares,$3.70,-0.03,-0.804%,3635505.00,China,2022,28609,Consumer Discretionary,Metal Fabrications
RBA,RB Global Inc. Common Stock,$104.88,0.58,0.556%,19475377170.00,Canada,,1119274,Real Estate,Real Estate
RBB,RBB Bancorp Common Stock,$24.24,0.12,0.498%,413877614.00,United States,2017,289747,Finance,Major Banks
RBBN,Ribbon Communications Inc. Common Stock,$2.75,0.11,4.167%,482645980.00,United States,,863955,Technology,EDP Services
RBC,RBC Bearings Incorporated Common Stock,$595.76,-3.33,-0.556%,18837312205.00,United States,2022,200462,Industrials,Metal Fabrications
RBCAA,Republic Bancorp Inc. Class A Common Stock,$76.28,0.55,0.726%,1495800837.00,United States,1998,66796,Finance,Major Banks
RBKB,Rhinebeck Bancorp Inc. Common Stock,$16.30,-0.04,-0.245%,181793460.00,United States,2019,10815,Finance,Banks
RBLX,Roblox Corporation Class A Common Stock,$45.13,-10.13,-18.332%,32040769145.00,United States,2021,53349295,Technology,Computer Software: Prepackaged Software
RBNE,Robin Energy Ltd. Common Stock,$1.62,0.04,2.532%,4495281.00,Cyprus,,140589,Consumer Discretionary,Marine Transportation
RBRK,Rubrik Inc. Class A Common Stock,$55.07,1.89,3.554%,11333947669.00,United States,2024,2619170,Technology,Computer Software: Prepackaged Software
RC,Ready Capital Corporation Common Stock,$1.94,0.05,2.646%,315984831.00,United States,2013,1124511,Real Estate,Real Estate Investment Trusts
RC^C,Ready Capital Corporation 6.25% Series C Cumulative Convertible Preferred Stock,$11.91,-0.1899,-1.569%,,United States,,521,,
RC^E,Ready Capital Corporation 6.50% Series E Cumulative Redeemable Preferred Stock,$12.705,0.155,1.235%,,United States,,4492,,
RCAT,Red Cat Holdings Inc. Common Stock,$11.23,-0.49,-4.181%,1360388320.00,United States,,7523056,Technology,Computer Software: Prepackaged Software
RCD,Ready Capital Corporation 9.00% Senior Notes due 2029,$22.39,0.38,1.726%,0.00,United States,2024,4568,Real Estate,Real Estate Investment Trusts
RCEL,Avita Medical Inc. Common Stock,$4.44,0.12,2.778%,136648499.00,United States,,147568,Health Care,Medical/Dental Instruments
RCG,RENN Fund Inc Common Stock,$2.78,-0.01,-0.358%,0.00,United States,,5234,Finance,Investment Managers
RCI,Rogers Communication Inc. Common Stock,$36.44,0.01,0.027%,19685772690.00,Canada,,716454,Telecommunications,Cable & Other Pay Television Services
RCKT,Rocket Pharmaceuticals Inc. Common Stock,$3.56,0.08,2.299%,388477300.00,United States,2015,1826978,Health Care,Biotechnology: Pharmaceutical Preparations
RCKTW,Rocket Pharmaceuticals Inc. Warrant,$0.01,0.0001,1.01%,1091228.00,United States,,300,Health Care,Biotechnology: Pharmaceutical Preparations
RCKY,Rocky Brands Inc. Common Stock,$37.40,0.73,1.991%,282024536.00,United States,1993,95592,Consumer Discretionary,Shoe Manufacturing
RCL,Royal Caribbean Cruises Ltd. Common Stock,$265.55,1.79,0.679%,71218577062.00,United States,1993,2598353,Consumer Discretionary,Marine Transportation
RCMT,RCM Technologies Inc. Common Stock,$31.26,-0.03,-0.096%,219582025.00,United States,,47930,Consumer Discretionary,Professional Services
RCON,Recon Technology Ltd. Class A Ordinary Shares,$0.90,-0.03,-3.226%,27564683.00,China,2009,2039,Energy,Oilfield Services/Equipment
RCS,PIMCO Strategic Income Fund Inc.,$5.43,-0.05,-0.912%,0.00,United States,1994,321853,Finance,Investment Managers
RCT,RedCloud Holdings plc Ordinary Shares,$0.705,0.01,1.439%,38999438.00,United Kingdom,2025,318070,Technology,Computer Software: Programming Data Processing
RCUS,Arcus Biosciences Inc. Common Stock,$25.68,0.18,0.706%,3226144554.00,United States,2018,986425,Health Care,Biotechnology: Pharmaceutical Preparations
RDAC,Rising Dragon Acquisition Corp. Ordinary Shares,$9.29,-1.37,-12.852%,0.00,China,2024,225654,,
RDACR,Rising Dragon Acquisition Corp. Rights,$0.1426,0.0125,9.608%,0.00,China,2024,10682,Finance,Blank Checks
RDACU,Rising Dragon Acquisition Corp. Unit,$12.32,1.42,13.028%,0.00,China,2024,942,Finance,Blank Checks
RDAG,Republic Digital Acquisition Company Class A Ordinary Shares,$10.25,0.00,0.00%,0.00,United States,2025,86291,Finance,Blank Checks
RDAGW,Republic Digital Acquisition Company Warrants,$0.4499,-0.0051,-1.121%,0.00,United States,2025,2200,Finance,Blank Checks
RDCM,Radcom Ltd. Ordinary Shares,$16.06,0.10,0.627%,268048739.00,Israel,1997,280836,Technology,Computer peripheral equipment
RDDT,Reddit Inc. Class A Common Stock,$166.48,19.25,13.075%,32036603606.00,United States,2024,14229928,Technology,EDP Services
RDGT,Ridgetech Inc. Ordinary Shares,$1.39,0.01,0.725%,1249479.00,China,,70150,Consumer Staples,Retail-Drug Stores and Proprietary Stores
RDHL,Redhill Biopharma Ltd. American Depositary Shares,$1.085,-0.005,-0.459%,5525174.00,Israel,,17837,Health Care,Biotechnology: Pharmaceutical Preparations
RDI,Reading International Inc Class A Common Stock,$1.10,-0.04,-3.509%,24988986.00,United States,,26118,Consumer Discretionary,Movies/Entertainment
RDIB,Reading International Inc Class B Common Stock,$9.30,0.05,0.541%,211270518.00,United States,,2618,Consumer Discretionary,Movies/Entertainment
RDN,Radian Group Inc. Common Stock,$35.43,-0.40,-1.116%,4776908883.00,United States,,1085572,Finance,Property-Casualty Insurers
RDNT,RadNet Inc. Common Stock,$56.85,0.30,0.531%,4464757274.00,United States,,612738,Health Care,Medical Specialities
RDNW,RideNow Group Inc. Class B Common Stock,$7.24,-0.07,-0.958%,279098988.00,United States,,23324,Technology,EDP Services
RDVT,Red Violet Inc. Common Stock ,$39.65,2.22,5.931%,559556303.00,United States,,77127,Technology,Computer Software: Prepackaged Software
RDW,Redwire Corporation Common Stock,$9.34,0.15,1.632%,1857900920.00,United States,2021,14821097,Industrials,Military/Government/Technical
RDWR,Radware Ltd. Ordinary Shares,$26.725,-0.075,-0.28%,1130653773.00,Israel,1999,214710,Real Estate,Real Estate
RDY,Dr. Reddy's Laboratories Ltd Common Stock,$13.72,0.08,0.587%,11448727608.00,India,,2151761,Health Care,Biotechnology: Pharmaceutical Preparations
RDZN,Roadzen Inc. Ordinary Shares,$2.22,-0.05,-2.203%,176924392.00,United States,2022,1090215,Finance,Specialty Insurers
RDZNW,Roadzen Inc. Warrants,$0.2321,0.0321,16.05%,18497365.00,United States,2022,18195,Finance,Specialty Insurers
REAL,The RealReal Inc. Common Stock,$11.77,-0.12,-1.009%,1417847733.00,United States,2019,1795723,Consumer Discretionary,Other Specialty Stores
REAX,The Real Brokerage Inc. Common Shares,$2.13,0.03,1.429%,454751164.00,Canada,,5995247,Finance,Real Estate
REBN,Reborn Coffee Inc. Common Stock,$2.58,0.11,4.453%,21190714.00,United States,2022,36079,Consumer Discretionary,Restaurants
RECT,Rectitude Holdings Ltd Ordinary Shares,$1.29,-0.08,-5.839%,18705000.00,Singapore,2024,56861,Consumer Discretionary,Industrial Machinery/Components
REE,REE Automotive Ltd. Class A Ordinary Shares,$0.555,0.005,0.909%,17216617.00,Israel,,8852,Industrials,Auto Manufacturing
REED,Reed's Inc. Common Stock,$3.70,0.08,2.21%,0.00,,2025,14356,,
REFI,Chicago Atlantic Real Estate Finance Inc. Common Stock,$12.01,0.10,0.84%,254698808.00,United States,2021,112147,Real Estate,Real Estate Investment Trusts
REFR,Research Frontiers Incorporated Common Stock,$0.878,-0.0419,-4.555%,30421138.00,United States,,57891,Miscellaneous,Multi-Sector Companies
REG,Regency Centers Corporation Common Stock,$78.65,0.80,1.028%,14399506972.00,United States,1993,1842274,Real Estate,Real Estate Investment Trusts
REGCO,Regency Centers Corporation 5.875% Series B Cumulative Redeemable Preferred Stock,$22.06,-0.0508,-0.23%,4038819120.00,United States,,850,Real Estate,Real Estate Investment Trusts
REGCP,Regency Centers Corporation 6.25% Series A Cumulative Redeemable Preferred Stock,$23.234,0.174,0.755%,4253758995.00,United States,,1396,Real Estate,Real Estate Investment Trusts
REGN,Regeneron Pharmaceuticals Inc. Common Stock,$701.42,-5.64,-0.798%,73536193825.00,United States,1991,729112,Health Care,Biotechnology: Pharmaceutical Preparations
REI,Ring Energy Inc. Common Stock,$1.82,-0.06,-3.191%,381099100.00,United States,,3448849,Energy,Oil & Gas Production
REKR,Rekor Systems Inc. Common Stock,$0.8735,0.0537,6.55%,119301038.00,United States,,1728259,Telecommunications,Telecommunications Equipment
RELL,Richardson Electronics Ltd. Common Stock,$14.48,0.08,0.556%,210784231.00,United States,1983,56892,Technology,Electronic Components
RELX,RELX PLC PLC American Depositary Shares (Each representing One Ordinary Share),$36.35,-0.24,-0.656%,66301581943.00,United Kingdom,2015,1525395,Real Estate,Real Estate
RELY,Remitly Global Inc. Common Stock,$22.79,0.90,4.111%,4794030173.00,United States,2021,2912396,Real Estate,Real Estate
RENT,Rent the Runway Inc. Class A Common Stock,$4.94,0.28,6.009%,165091900.00,United States,2021,80170,Consumer Discretionary,Other Specialty Stores
RENX,RenX Enterprises Corp. Common Stock,$2.71,-0.14,-4.912%,6795425.00,United States,,161975,Finance,Real Estate
REPL,Replimune Group Inc. Common Stock,$2.50,-0.07,-2.724%,206431548.00,United States,2018,3468784,Health Care,Biotechnology: Biological Products (No Diagnostic Substances)
REPX,Riley Exploration Permian Inc. Common Stock,$36.44,0.27,0.746%,785917076.00,United States,1999,645195,Energy,Oil & Gas Production
RERE,ATRenew Inc. American Depositary Shares (every three of which representing two Class A ordinary shares),$4.43,-0.08,-1.774%,971343932.00,Cayman Islands,2021,486343,Consumer Discretionary,Other Specialty Stores
RES,RPC Inc. Common Stock,$7.62,-0.26,-3.299%,1688891237.00,United States,,1739616,Energy,Oilfield Services/Equipment
RETO,ReTo Eco-Solutions Inc. Class A Shares,$0.627,0.027,4.50%,1792494.00,China,2017,144514,Industrials,Industrial Machinery/Components
REVB,Revelation Biosciences Inc. Common Stock,$1.12,-0.01,-0.885%,4166870.00,United States,2020,28285,Health Care,Biotechnology: Pharmaceutical Preparations
REVBW,Revelation Biosciences Inc. Warrant,$0.008,0.00,0.00%,29763.00,United States,2020,10546,Health Care,Biotechnology: Pharmaceutical Preparations
REX,REX American Resources Corporation,$49.97,1.47,3.031%,1645897768.00,United States,,135720,Industrials,Major Chemicals
REXR,Rexford Industrial Realty Inc. Common Stock,$35.51,-0.38,-1.059%,8015250406.00,United States,2013,1141176,Real Estate,Real Estate Investment Trusts
REXR^B,Rexford Industrial Realty Inc. 5.875% Series B Cumulative Redeemable Preferred Stock,$21.65,0.00,0.00%,,United States,,290,,
REXR^C,Rexford Industrial Realty Inc. 5.625% Series C Cumulative Redeemable Preferred Stock par value $0.01 per share,$20.80,-0.10,-0.478%,,United States,,2498,,
REYN,Reynolds Consumer Products Inc. Common Stock,$20.77,-0.20,-0.954%,4376980281.00,United States,2020,1001867,Consumer Discretionary,Containers/Packaging
REZI,Resideo Technologies Inc. Common Stock ,$40.14,-1.23,-2.973%,6078047891.00,United States,2018,1112543,Industrials,Wholesale Distributors
RF,Regions Financial Corporation Common Stock,$28.19,-0.36,-1.261%,24441205199.00,United States,,5729895,Finance,Major Banks
RF^C,Regions Financial Corporation Depositary Shares each Representing a 1/40th Interest in a  Share of 5.700% Fixed-to-Floating Rate Non-Cumulative  Perpetual Preferred Stock Series C,$24.51,-0.33,-1.329%,,United States,,36730,,
RF^E,Regions Financial Corporation Depositary Shares Each Representing a 1/40th Interest in a Share of 4.45% Non-Cumulative Perpetual Preferred Stock Series E,$16.7701,0.0501,0.30%,,United States,,12084,,
RF^F,Regions Financial Corporation Depositary Shares Each Representing a 1/40th Interest in a Share of Non-Cumulative Perpetual Preferred Stock Series F,$25.68,-0.06,-0.233%,,United States,,20301,,
RFAI,RF Acquisition Corp II Ordinary Shares,$10.92,0.00,0.00%,0.00,Singapore,2024,9,,
RFAIR,RF Acquisition Corp II Right,$0.10,0.00,0.00%,0.00,Singapore,2024,100,Technology,Computer Software: Prepackaged Software
RFAM,RF Acquisition Corp III Ordinary Shares,$9.84,0.00,0.00%,0.00,Singapore,2026,17973,,
RFAMU,RF Acquisition Corp III Units,$9.93,-0.01,-0.101%,0.00,Singapore,2026,1000,Finance,Blank Checks
RFI,Cohen & Steers Total Return Realty Fund Inc. Common Stock,$11.63,-0.03,-0.257%,571482244.00,United States,1993,99584,Finance,Investment Managers
RFIL,RF Industries Ltd. Common Stock,$14.74,0.21,1.445%,159402296.00,United States,,199235,Technology,Electrical Products
RFL,Rafael Holdings Inc. Class B Common Stock,$1.24,-0.03,-2.362%,64495054.00,United States,2018,181234,Finance,Real Estate
RFM,RiverNorth Flexible Municipal Income Fund Inc. Common Stock,$14.39,0.0301,0.21%,87990519.00,,2020,60333,Finance,Finance/Investors Services
RFMZ,RiverNorth Flexible Municipal Income Fund II Inc. Common Stock,$13.02,0.03,0.231%,317059863.00,,2021,51397,Finance,Trusts Except Educational Religious and Charitable
RGA,Reinsurance Group of America Incorporated Common Stock,$208.68,-2.78,-1.315%,13670466951.00,United States,,383256,Finance,Life Insurance
RGC,Regencell Bioscience Holdings Limited Ordinary Shares,$29.12,-0.10,-0.342%,14399517001.00,Hong Kong,2021,60199,Health Care, Medicinal Chemicals and Botanical Products 
RGCO,RGC Resources Inc. Common Stock,$24.40,1.67,7.347%,253625483.00,United States,,25943,Utilities,Oil & Gas Production
RGEN,Repligen Corporation Common Stock,$117.20,-1.11,-0.938%,6609994913.00,United States,1986,761631,Health Care,Biotechnology: Biological Products (No Diagnostic Substances)
RGLD,Royal Gold Inc. Common Stock,$230.59,-2.79,-1.195%,19563048530.00,United States,,720932,Industrials,Precious Metals
RGNT,Regentis Biomaterials Ltd. Ordinary Shares,$2.87,-0.04,-1.375%,14864815.00,,2025,8772,Health Care,Biotechnology: Pharmaceutical Preparations
RGNX,REGENXBIO Inc. Common Stock,$9.12,0.15,1.672%,470749165.00,United States,2015,565282,Health Care,Biotechnology: Biological Products (No Diagnostic Substances)
RGP,Resources Connection Inc. Common Stock,$4.39,0.15,3.538%,150705820.00,United States,,358519,Real Estate,Real Estate
RGR,Sturm Ruger & Company Inc. Common Stock,$43.16,-0.22,-0.507%,688155988.00,United States,,94965,Industrials,Ordnance And Accessories
RGS,Regis Corporation Common Stock,$26.995,-0.505,-1.836%,67454512.00,United States,1991,3360,Consumer Discretionary,Other Consumer Services
RGT,Royce Global Trust Inc. Common Stock,$14.37,0.03,0.209%,90055971.00,,2013,6920,Finance,Trusts Except Educational Religious and Charitable
RGTI,Rigetti Computing Inc. Common Stock,$17.50,0.05,0.287%,5816047090.00,United States,,16544058,Technology,EDP Services
RGTIW,Rigetti Computing Inc. Warrants,$7.48,-0.07,-0.927%,2485944699.00,United States,,45598,Technology,EDP Services
RH,RH Common Stock,$129.97,-1.99,-1.508%,2447929843.00,United States,2012,802825,Consumer Discretionary,Other Specialty Stores
RHI,Robert Half Inc. Common Stock,$27.02,0.41,1.541%,2766718952.00,United States,,1877379,Consumer Discretionary,Professional Services
RHLD,Resolute Holdings Management Common Stock ,$138.38,2.29,1.683%,1142664824.00,United States,,160126,Finance,Finance: Consumer Services
RHP,Ryman Hospitality Properties Inc. (REIT),$106.22,1.13,1.075%,6703466872.00,United States,,1063842,Real Estate,Real Estate Investment Trusts
RIBB,Ribbon Acquisition Corp Class A Ordinary Shares,$10.63,0.02,0.189%,0.00,Japan,2025,2707,,
RIBBR,Ribbon Acquisition Corp Rights,$0.22,0.0049,2.278%,0.00,Japan,2025,199,,
RIBBU,Ribbon Acquisition Corp Unit,$10.48,-1.20,-10.274%,0.00,Japan,2025,504,,
RICK,RCI Hospitality Holdings Inc. Common Stock,$25.35,0.33,1.319%,195448500.00,United States,1995,32005,Consumer Discretionary,Restaurants
RIG,Transocean Ltd (Switzerland) Common Stock,$6.84,0.02,0.293%,7570174289.00,Switzerland,,31963780,Energy,Oil & Gas Production
RIGL,Rigel Pharmaceuticals Inc. Common Stock,$29.40,0.50,1.73%,543312559.00,United States,2000,197087,Health Care,Biotechnology: Pharmaceutical Preparations
RILY,BRC Group Holdings Inc. Common Stock,$8.98,0.39,4.54%,315655369.00,United States,,1473851,Finance,Investment Managers
RILYG,BRC Group Holdings Inc. 5.00% Senior Notes due 2026,$23.90,-0.06,-0.25%,728879877.00,United States,,15179,Finance,Investment Managers
RILYL,BRC Group Holdings Inc. Depositary Shares each representing 1/1000th in a share of 7.375% Series B Cumulative Perpetual Preferred Stock par value $0.0001,$14.015,-0.185,-1.303%,492640312.00,United States,,35131,Finance,Investment Managers
RILYN,BRC Group Holdings Inc. 6.50% Senior Notes Due 2026,$24.7139,-0.0461,-0.186%,753701439.00,United States,,20048,Finance,Investment Managers
RILYP,BRC Group Holdings Inc. Depositary Shares each representing a 1/1000th fractional interest in a share of Series A Cumulative Perpetual Preferred Stock,$13.50,0.25,1.887%,474537582.00,United States,,37444,Finance,Investment Managers
RILYT,BRC Group Holdings Inc. 6.00% Senior Notes Due 2028,$20.25,-0.16,-0.784%,617565587.00,United States,,45868,Finance,Investment Managers
RILYZ,BRC Group Holdings Inc. 5.25% Senior Notes due 2028,$18.63,0.04,0.215%,568160340.00,United States,,90054,Finance,Investment Managers
RIME,Algorhythm Holdings Inc. Common Stock,$1.02,0.01,0.99%,14944698.00,United States,,372956,Consumer Staples,Diversified Electronic Products
RIO,Rio Tinto Plc Common Stock,$100.58,0.10,0.10%,126329517382.00,Australia,2002,1485980,Basic Materials,Metal Mining
RIOT,Riot Platforms Inc. Common Stock ,$18.50,1.26,7.309%,7013828207.00,United States,,32889142,Finance,Finance: Consumer Services
RITM,Rithm Capital Corp. Common Stock,$9.79,0.01,0.102%,5465821585.00,United States,,5649278,Real Estate,Real Estate Investment Trusts
RITM^A,Rithm Capital Corp. 7.50% Series A Fixed-to-Floating Rate Cumulative Redeemable Preferred Stock,$25.27,-0.50,-1.94%,,United States,,26878,,
RITM^B,Rithm Capital Corp. 7.125% Series B Fixed-to-Floating Rate Cumulative Redeemable Preferred Stock,$25.10,-0.50,-1.953%,,United States,,37777,,
RITM^C,Rithm Capital Corp. 6.375% Series C Fixed-to-Floating Rate Cumulative Redeemable Preferred Stock,$24.70,-0.36,-1.437%,,United States,,41384,,
RITM^D,Rithm Capital Corp. 7.00% Fixed-Rate Reset Series D Cumulative Redeemable Preferred Stock,$24.82,-0.33,-1.312%,,United States,,120441,,
RITM^E,Rithm Capital Corp. 8.75% Series E Fixed-Rate Cumulative Redeemable Preferred Stock,$24.57,-0.43,-1.72%,,United States,,79961,,
RITM^F,Rithm Capital Corp. 8.750% Series F Fixed-Rate Reset Cumulative Redeemable Preferred Stock,$24.77,-0.47,-1.862%,,United States,,224909,,
RITR,Reitar Logtech Holdings Limited Ordinary shares,$0.52,0.039,8.108%,32470750.00,Hong Kong,2024,46569,Finance,Real Estate
RIV,RiverNorth Opportunities Fund Inc. Common Stock,$11.81,-0.04,-0.338%,0.00,United States,2015,84522,Finance,Finance Companies
RIV^A,RiverNorth Opportunities Fund Inc. 6.00% Series A Perpetual Preferred Stock,$22.52,-0.35,-1.53%,,United States,,2698,,
RIVN,Rivian Automotive Inc. Class A Common Stock,$15.02,-1.38,-8.415%,18931553069.00,United States,2021,53295825,Industrials,Auto Manufacturing
RJET,Republic Airways Holdings Inc. Common Stock,$18.28,1.62,9.724%,856042821.00,United States,2018,115884,Consumer Discretionary,Air Freight/Delivery Services
RJF,Raymond James Financial Inc. Common Stock,$156.20,-2.12,-1.339%,30785619979.00,United States,,772367,Finance,Investment Bankers/Brokers/Service
RKDA,Arcadia Biosciences Inc. Common Stock,$1.12,0.07,6.667%,2303710.00,United States,2015,50549,Consumer Staples,Farming/Seeds/Milling
RKLB,Rocket Lab Corporation Common Stock,$78.81,-3.70,-4.484%,45376220913.00,United States,2020,16321645,Industrials,Military/Government/Technical
RKT,Rocket Companies Inc. Class A Common Stock,$14.64,0.02,0.137%,41417374291.00,United States,2020,14743357,Finance,Finance: Consumer Services
RL,Ralph Lauren Corporation Common Stock,$362.21,3.57,0.995%,21926894153.00,United States,1997,398762,Industrials,Garments and Clothing
RLAY,Relay Therapeutics Inc. Common Stock,$12.72,-0.24,-1.852%,2433839343.00,United States,2020,2912199,Health Care,Biotechnology: Biological Products (No Diagnostic Substances)
RLGT,Radiant Logistics Inc. Common Stock,$8.35,-0.06,-0.713%,391001642.00,United States,,141134,Industrials,Integrated Freight & Logistics
RLI,RLI Corp. Common Stock (DE),$51.50,-0.27,-0.522%,4734824047.00,United States,,1138234,Finance,Property-Casualty Insurers
RLJ,RLJ Lodging Trust Common Shares of Beneficial Interest $0.01 par value,$8.30,0.06,0.728%,1260915557.00,United States,2011,5456978,Real Estate,Real Estate Investment Trusts
RLJ^A,RLJ Lodging Trust $1.95 Series A Cumulative Convertible  Preferred Shares,$25.19,0.05,0.199%,,United States,,18024,,
RLMD,Relmada Therapeutics Inc. Common Stock,$7.64,0.12,1.596%,801346024.00,United States,,944135,Health Care,Biotechnology: Pharmaceutical Preparations
RLTY,Cohen & Steers Real Estate Opportunities and Income Fund Common Shares of Beneficial Interest,$15.74,-0.03,-0.19%,0.00,,2022,33225,Finance,Investment Managers
RLX,RLX Technology Inc. American Depositary Shares each representing the right to receive one (1) Class A ordinary share,$2.19,-0.02,-0.905%,3392179272.00,Cayman Islands,2021,854199,Health Care, Medicinal Chemicals and Botanical Products 
RLYB,Rallybio Corporation Common Stock,$9.41,0.43,4.788%,49775842.00,United States,2021,70471,Health Care,Biotechnology: Pharmaceutical Preparations
RM,Regional Management Corp. Common Stock,$34.94,-2.41,-6.452%,325982373.00,United States,2012,67045,Finance,Finance: Consumer Services
RMAX,RE/MAX Holdings Inc. Class A Common Stock,$10.78,0.08,0.748%,217135654.00,United States,2013,1194783,Finance,Real Estate
RMBI,Richmond Mutual Bancorporation Inc. Common Stock,$15.49,-0.33,-2.086%,162664517.00,United States,2019,53329,Finance,Major Banks
RMBS,Rambus Inc. Common Stock,$111.93,-3.18,-2.763%,12103770716.00,United States,1997,2136437,Technology,Semiconductors
RMCF,Rocky Mountain Chocolate Factory Inc. Common Stock,$2.46,0.01,0.408%,22958742.00,United States,,75243,Consumer Staples,Specialty Foods
RMCO,Royalty Management Holding Corporation Class A Common Stock,$2.85,0.08,2.888%,43176659.00,United States,2023,3557,Miscellaneous,Multi-Sector Companies
RMCOW,Royalty Management Holding Corporation Warrant,$0.1801,0.00,0.00%,2728462.00,United States,2023,24,Miscellaneous,Multi-Sector Companies
RMD,ResMed Inc. Common Stock,$205.02,-8.79,-4.111%,29866985773.00,United States,,3154090,Health Care,Medical/Dental Instruments
RMI,RiverNorth Opportunistic Municipal Income Fund Inc. Common Stock,$15.17,-0.085,-0.557%,96682476.00,,2018,10002,Finance,Finance/Investors Services
RMIX,Suncrete Inc. Class A Common Stock,$16.91,1.31,8.397%,1447794715.00,United States,,182762,Industrials,Building Materials
RMM,RiverNorth Managed Duration Municipal Income Fund Inc. Common Stock,$14.165,-0.015,-0.106%,279611831.00,,2019,32201,Finance,Trusts Except Educational Religious and Charitable
RMMZ,RiverNorth Managed Duration Municipal Income Fund II Inc. Common Stock,$14.78,-0.04,-0.27%,291751702.00,,2022,10803,Finance,Investment Managers
RMNI,Rimini Street Inc. (DE) Common Stock,$4.05,0.64,18.768%,371239200.00,United States,2015,1728529,Real Estate,Real Estate
RMR,The RMR Group Inc. Class A Common Stock,$18.56,0.75,4.211%,594999765.00,United States,,295784,Consumer Discretionary,Professional Services
RMSG,Real Messenger Corporation Ordinary Shares,$1.40,-0.15,-9.677%,13399793.00,United States,,255201,Technology,Computer Software: Programming Data Processing
RMSGW,Real Messenger Corporation Warrants,$0.0695,0.0083,13.562%,665204.00,United States,,102,Technology,Computer Software: Programming Data Processing
RMT,Royce Micro-Cap Trust Inc. Common Stock,$13.38,0.16,1.21%,619080652.00,United States,,121451,Finance,Investment Managers
RMTI,Rockwell Medical Inc. Common Stock,$0.8882,0.0113,1.289%,34999789.00,United States,1998,149297,Health Care,Biotechnology: Pharmaceutical Preparations
RNA,Atrium Therapeutics Inc. Common Stock,$13.43,0.66,5.168%,2083659746.00,United States,,169384,Health Care,Biotechnology: Pharmaceutical Preparations
RNAC,Cartesian Therapeutics Inc. Common Stock,$6.22,0.00,0.00%,182262974.00,United States,2016,205017,Health Care,Biotechnology: Pharmaceutical Preparations
RNAZ,TransCode Therapeutics Inc. Common Stock,$7.83,-0.18,-2.247%,7179859.00,United States,2021,5251,Health Care,Biotechnology: Pharmaceutical Preparations
RNG,RingCentral Inc. Class A Common Stock,$45.08,4.86,12.084%,3789991501.00,United States,2013,2835287,Technology,EDP Services
RNGR,Ranger Energy Services Inc. Class A Common Stock,$17.15,-0.31,-1.775%,407511834.00,United States,2017,341449,Energy,Oilfield Services/Equipment
RNGT,Range Capital Acquisition Corp II Class A Ordinary Shares,$10.03,-0.03,-0.298%,0.00,United States,2025,595,Finance,Blank Checks
RNP,Cohen & Steers REIT and Preferred and Income Fund Inc. Common Shares,$21.08,0.04,0.19%,1035842278.00,United States,2003,118260,Finance,Investment Managers
RNR,RenaissanceRe Holdings Ltd. Common Stock,$299.30,-7.67,-2.499%,12760069171.00,Bermuda,,475417,Finance,Property-Casualty Insurers
RNR^F,RenaissanceRe Holdings Ltd. Depositary Shares each Representing a 1/1000th Interest in a 5.750% Series F Preference Share,$21.65,0.06,0.278%,,Bermuda,,12245,,
RNR^G,RenaissanceRe Holdings Ltd. Depositary Shares each representing a 1/1000th interest in a share of 4.20% Series G Preference Shares,$15.50,-0.07,-0.45%,,Bermuda,,18164,,
RNST,Renasant Corporation Common Stock,$39.82,-0.07,-0.175%,3748746665.00,United States,2023,451219,Finance,Major Banks
RNTX,Rein Therapeutics Inc. Common Stock,$1.03,-0.325,-23.985%,28880203.00,United States,2017,11866019,Health Care,Biotechnology: Pharmaceutical Preparations
RNW,ReNew Energy Global plc Class A Ordinary Shares,$5.38,0.00,0.00%,1951697995.00,United Kingdom,,637636,Utilities,Electric Utilities: Central
RNWWW,ReNew Energy Global plc Warrant,$0.0038,-0.0003,-7.317%,1378523.00,United Kingdom,,3001,Utilities,Electric Utilities: Central
RNXT,RenovoRx Inc. Common Stock,$0.8833,0.0333,3.918%,39795055.00,United States,2021,386577,Health Care,Biotechnology: Pharmaceutical Preparations
ROAD,Construction Partners Inc. Class A Common Stock,$126.53,2.87,2.321%,7150890525.00,United States,2018,490781,Industrials,Military/Government/Technical
ROC,Rank One Computing Corporation Common stock,$6.24,0.086,1.397%,119059992.00,United States,2026,12711,Technology,Computer Software: Prepackaged Software
ROCK,Gibraltar Industries Inc. Common Stock,$39.20,0.17,0.436%,1162708417.00,United States,1993,300864,Industrials,Steel/Iron Ore
ROG,Rogers Corporation Common Stock,$134.44,-1.31,-0.965%,2399557045.00,United States,1960,203794,Industrials,Major Chemicals
ROIV,Roivant Sciences Ltd. Common Shares,$27.83,-0.70,-2.454%,19917962643.00,United Kingdom,,4231722,Health Care,Biotechnology: Pharmaceutical Preparations
ROK,Rockwell Automation Inc. Common Stock,$407.43,-1.48,-0.362%,45777982456.00,United States,,665868,Industrials,Industrial Machinery/Components
ROKU,Roku Inc. Class A Common Stock,$123.58,7.02,6.023%,18251993749.00,United States,2017,8096684,Telecommunications,Cable & Other Pay Television Services
ROL,Rollins Inc. Common Stock,$54.78,-0.95,-1.705%,26374579459.00,United States,,1924292,Consumer Discretionary,Diversified Commercial Services
ROLR,High Roller Technologies Inc. Common Stock,$8.62,-0.26,-2.928%,93872645.00,,2024,672788,Consumer Discretionary,Services-Misc. Amusement & Recreation
ROMA,Roma Green Finance Limited Class A Ordinary Shares,$6.13,-0.28,-4.368%,365130820.00,Hong Kong,2024,26148,Consumer Discretionary,Professional Services
ROOT,Root Inc. Class A Common Stock,$55.05,0.57,1.046%,871008587.00,United States,2020,160766,Finance,Property-Casualty Insurers
ROP,Roper Technologies Inc. Common Stock,$358.22,3.41,0.961%,36671991939.00,United States,1992,993328,Technology,Computer Software: Programming Data Processing
ROST,Ross Stores Inc. Common Stock,$228.84,1.05,0.461%,73720382188.00,United States,1985,1619367,Consumer Discretionary,Clothing/Shoe/Accessory Stores
RPAY,Repay Holdings Corporation Class A Common Stock,$3.86,0.07,1.847%,331500591.00,United States,2018,1464598,Real Estate,Real Estate
RPC,Ridgepost Capital Inc. Class A Common Stock,$8.06,0.13,1.639%,882614935.00,United States,2021,372855,Finance,Investment Managers
RPD,Rapid7 Inc. Common Stock,$6.35,0.45,7.627%,424003356.00,United States,2015,2922272,Technology,Computer Software: Prepackaged Software
RPGL,Republic Power Group Limited Class A Ordinary Shares,$1.69,-0.25,-12.887%,5249610.00,Singapore,2025,2149303,Technology,Computer Software: Prepackaged Software
RPID,Rapid Micro Biosystems Inc. Class A Common Stock,$2.53,0.13,5.417%,115790611.00,United States,2021,64790,Industrials,Biotechnology: Laboratory Analytical Instruments
RPM,RPM International Inc. Common Stock,$101.34,-0.55,-0.54%,12933672246.00,United States,,578258,Consumer Discretionary,Paints/Coatings
RPRX,Royalty Pharma plc Class A Ordinary Shares ,$49.47,-0.62,-1.238%,28541082641.00,United States,2020,2350449,Health Care,Biotechnology: Pharmaceutical Preparations
RPT,Rithm Property Trust Inc. Common stock,$14.74,0.19,1.306%,112934490.00,United States,2015,25066,Real Estate,Real Estate Investment Trusts
RPT^C,Rithm Property Trust Inc. 9.875% Series C Fixed-to-Floating Rate Cumulative Redeemable Preferred Stock,$24.98,-0.46,-1.808%,,United States,,4371,,
RQI,Cohen & Steers Quality Income Realty Fund Inc Common Shares,$13.41,0.02,0.149%,1800968471.00,United States,2002,336030,Finance,Trusts Except Educational Religious and Charitable
RR,Richtech Robotics Inc. Class B Common Stock,$2.53,0.07,2.846%,929325303.00,United States,2023,7485266,Industrials,Industrial Machinery/Components
RRBI,Red River Bancshares Inc. Common Stock,$91.34,0.61,0.672%,600760169.00,United States,2019,132070,Consumer Discretionary,Hotels/Resorts
RRC,Range Resources Corporation Common Stock,$42.63,-0.87,-2.00%,10044576518.00,United States,,1912824,Energy,Oil & Gas Production
RREVU,RRE Ventures Acquisition Corp. Units,$9.98,0.00,0.00%,0.00,United States,2026,100868,,
RRGB,Red Robin Gourmet Burgers Inc. Common Stock,$3.70,0.20,5.714%,67100721.00,United States,2002,247220,Consumer Discretionary,Restaurants
RRR,Red Rock Resorts Inc. Class A Common Stock,$52.78,-1.18,-2.187%,5507668898.00,United States,2016,1114293,Consumer Discretionary,Hotels/Resorts
RRX,Regal Rexnord Corporation Common Stock,$213.02,-2.01,-0.935%,14179778337.00,United States,1976,966351,Consumer Discretionary,Metal Fabrications
RS,Reliance Inc. Common Stock,$365.85,3.35,0.924%,18676101774.00,United States,1994,242386,Industrials,Metal Fabrications
RSF,RiverNorth Capital and Income Fund Common Stock,$14.57,-0.03,-0.205%,48686777.00,,2019,18302,Finance,Investment Managers
RSG,Republic Services Inc. Common Stock,$206.56,-2.66,-1.271%,63817991020.00,United States,1998,1243352,Utilities,Environmental Services
RSI,Rush Street Interactive Inc. Class A Common Stock,$28.33,0.23,0.819%,6592366240.00,United States,2020,2111039,Consumer Discretionary,Services-Misc. Amusement & Recreation
RSKD,Riskified Ltd. Class A Ordinary Shares,$4.75,0.14,3.037%,703974301.00,,2021,1169426,Real Estate,Real Estate
RSSS,Research Solutions Inc Common Stock,$2.63,0.09,3.543%,86541402.00,United States,,79228,Technology,EDP Services
RSVR,Reservoir Media Inc. Common Stock,$10.07,0.01,0.099%,660594205.00,United States,2021,45402,Consumer Discretionary,Services-Misc. Amusement & Recreation
RSVRW,Reservoir Media Inc. Warrant,$0.21,0.00,0.00%,13776046.00,United States,2021,30,Consumer Discretionary,Services-Misc. Amusement & Recreation
RTAC,Renatus Tactical Acquisition Corp I Class A Ordinary Shares,$10.41,0.06,0.58%,0.00,United States,2025,86867,Finance,Blank Checks
RTACU,Renatus Tactical Acquisition Corp I Unit,$10.60,-0.03,-0.282%,0.00,United States,2025,1196,Finance,Blank Checks
RTACW,Renatus Tactical Acquisition Corp I Warrant,$0.7664,-0.0036,-0.468%,0.00,United States,2025,14283,Finance,Blank Checks
RTO,Rentokil Initial plc American Depositary Shares (each representing five (5) Ordinary Shares),$33.79,-0.08,-0.236%,8521838000.00,United States,2022,595665,Consumer Discretionary,Other Consumer Services
RTX,RTX Corporation Common Stock,$173.99,-2.08,-1.181%,234309449638.00,United States,,4483655,Industrials,Aerospace
RUBI,Rubico Inc. Common Stock,$3.51,-0.06,-1.681%,2694929.00,Greece,,12813,Consumer Discretionary,Marine Transportation
RUM,Rumble Inc. Class A Common Stock,$7.34,-0.19,-2.523%,3194592648.00,United States,2021,3064336,Technology,Computer Software: Programming Data Processing
RUMBW,Rumble Inc. Warrant,$1.61,-0.085,-5.015%,700721276.00,United States,2021,10599,Technology,Computer Software: Programming Data Processing
RUN,Sunrun Inc. Common Stock,$13.06,0.33,2.592%,3062470783.00,United States,2015,7561865,Miscellaneous,Industrial Machinery/Components
RUSHA,Rush Enterprises Inc. Common Stock Cl A,$72.99,-1.04,-1.405%,5714579064.00,United States,,554119,Consumer Discretionary,Retail-Auto Dealers and Gas Stations
RUSHB,Rush Enterprises Inc. Class B,$70.19,-2.67,-3.665%,5495359700.00,United States,,53257,Consumer Discretionary,Retail-Auto Dealers and Gas Stations
RVI,Robinhood Ventures Fund I Common Shares of Beneficial Interest,$32.50,0.40,1.246%,0.00,,2026,399050,,
RVLV,Revolve Group Inc. Class A Common Stock,$24.98,-0.47,-1.847%,1786819975.00,United States,2019,1059414,Consumer Discretionary,Catalog/Specialty Distribution
RVMD,Revolution Medicines Inc. Common Stock,$139.48,-4.64,-3.22%,27919755397.00,United States,2020,2579549,Health Care,Biotechnology: Biological Products (No Diagnostic Substances)
RVMDW,Revolution Medicines Inc. Warrant,$4.70,-0.33,-6.561%,940800476.00,United States,,469295,Health Care,Biotechnology: Biological Products (No Diagnostic Substances)
RVP,Retractable Technologies Inc. Common Stock,$0.6321,0.0005,0.079%,18923278.00,United States,2001,67119,Health Care,Medical/Dental Instruments
RVPH,Reviva Pharmaceuticals Holdings Inc. Common Stock ,$0.8799,0.0094,1.08%,11271851.00,United States,2020,202220,Health Care,Biotechnology: Pharmaceutical Preparations
RVSB,Riverview Bancorp Inc Common Stock,$5.27,0.09,1.737%,109146448.00,United States,,35230,Finance,Savings Institutions
RVSN,Rail Vision Ltd. Ordinary Share,$7.50,-0.01,-0.133%,16441395.00,Israel,2022,7684,Industrials,Railroads
RVSNW,Rail Vision Ltd. Warrant,$0.0208,0.00,0.00%,45597.00,Israel,2022,1,Industrials,Railroads
RVT,Royce Small-Cap Trust Inc. Common Stock,$18.50,0.10,0.543%,1997199228.00,United States,1986,168544,Finance,Trusts Except Educational Religious and Charitable
RVTY,Revvity Inc. Common Stock,$86.68,0.06,0.069%,9691112384.00,United States,,1396358,Industrials,Biotechnology: Laboratory Analytical Instruments
RVYL,Ryvyl Inc. Common Stock,$7.07,1.00,16.474%,9047939.00,United States,,100297,Consumer Discretionary,Professional Services
RWAY,Runway Growth Finance Corp. Common Stock,$6.85,0.12,1.783%,290882140.00,United States,2021,433473,Finance,Finance: Consumer Services
RWAYI,Runway Growth Finance Corp. 7.25% Notes due 2031,$25.16,-0.17,-0.671%,0.00,United States,,2965,Finance,Finance: Consumer Services
RWAYL,Runway Growth Finance Corp. 7.50% Notes due 2027,$25.43,-0.0059,-0.023%,920988952.00,United States,,3845,Finance,Finance: Consumer Services
RWT,Redwood Trust Inc. Common Stock,$5.73,0.17,3.058%,716220955.00,United States,1995,1563429,Real Estate,Real Estate Investment Trusts
RWT^A,Redwood Trust Inc. 10.00% Series A Fixed-Rate Reset Cumulative Redeemable Preferred Stock,$24.89,0.03,0.121%,,United States,,9070,,
RWTN,Redwood Trust Inc. 9.125% Senior Notes Due 2029,$25.4001,0.1401,0.555%,3282288908.00,United States,2024,2730,Real Estate,Real Estate Investment Trusts
RWTO,Redwood Trust Inc. 9.00% Senior Notes Due 2029,$25.48,0.18,0.711%,3292613863.00,United States,2024,2444,Real Estate,Real Estate Investment Trusts
RWTP,Redwood Trust Inc. 9.125% Senior Notes Due 2030,$25.32,0.16,0.636%,0.00,United States,2025,1381,Real Estate,Real Estate Investment Trusts
RWTQ,Redwood Trust Inc. 9.500% Senior Notes Due 2030,$25.23,0.13,0.518%,0.00,United States,2025,26592,Real Estate,Real Estate Investment Trusts
RXO,RXO Inc. Common Stock,$19.59,-0.38,-1.903%,3226692839.00,United States,2022,2193730,Consumer Discretionary,Transportation Services
RXRX,Recursion Pharmaceuticals Inc. Class A Common Stock,$3.39,-0.07,-2.023%,1787879210.00,United States,2021,12264607,Health Care,Biotechnology: Biological Products (No Diagnostic Substances)
RXST,RxSight Inc. Common Stock,$7.40,0.33,4.668%,306334907.00,United States,2021,440977,Health Care,Ophthalmic Goods
RXT,Rackspace Technology Inc. Common Stock,$1.77,0.31,21.233%,437038486.00,United States,2020,6108914,Technology,Computer Software: Programming Data Processing
RY,Royal Bank Of Canada Common Stock,$179.54,-0.43,-0.239%,250732055410.00,Canada,,604359,Finance,Commercial Banks
RYAAY,Ryanair Holdings plc American Depositary Shares,$54.47,-0.18,-0.329%,28663954487.00,Ireland,1997,1365209,Consumer Discretionary,Air Freight/Delivery Services
RYAM,Rayonier Advanced Materials Inc. Common Stock,$9.31,-0.18,-1.897%,627434099.00,United States,2014,662840,Basic Materials,Paper
RYAN,Ryan Specialty Holdings Inc. Class A Common Stock,$30.83,-3.94,-11.332%,8113826174.00,United States,2021,5972134,Finance,Specialty Insurers
RYDE,Ryde Group Ltd. Class A Ordinary Shares,$1.30,-0.05,-3.704%,215992798.00,,2024,340266,Real Estate,Real Estate
RYET,Ruanyun Edai Technology Inc. Ordinary shares,$1.1595,0.0795,7.361%,39828830.00,China,2025,6259,Technology,Computer Software: Prepackaged Software
RYM,RYTHM Inc. Common Stock,$29.345,-1.155,-3.787%,63066161.00,United States,2021,7573,Consumer Staples,Farming/Seeds/Milling
RYN,Rayonier Inc. REIT Common Stock,$20.95,-0.26,-1.226%,6329762399.00,United States,,1896357,Real Estate,Real Estate Investment Trusts
RYOJ,rYojbaba Co. Ltd. Common Shares,$2.63,-0.75,-22.189%,30376500.00,Japan,2025,77772,Consumer Discretionary,Professional Services
RYTM,Rhythm Pharmaceuticals Inc. Common Stock,$81.81,0.45,0.553%,5606448054.00,United States,2017,617291,Health Care,Biotechnology: Pharmaceutical Preparations
RYZ,Ryerson Holding Corporation Common Stock,$27.76,0.05,0.18%,1435700369.00,United States,2014,450029,Industrials,Metal Fabrications
RZB,Reinsurance Group of America Incorporated 5.75% Fixed-To-Floating Rate Subordinated Debentures due 2056,$25.1801,-0.0599,-0.237%,1649529063.00,United States,2016,14808,Finance,Life Insurance
RZC,Reinsurance Group of America Incorporated 7.125% Fixed-Rate Reset Subordinated Debentures due 2052,$25.50,0.09,0.354%,1670485467.00,United States,2022,39298,Finance,Life Insurance
RZLT,Rezolute Inc. Common Stock (NV),$3.30,0.10,3.125%,315802361.00,United States,,1474504,Health Care,Biotechnology: Pharmaceutical Preparations
RZLV,Rezolve AI PLC Ordinary Shares,$2.67,0.10,3.891%,1069046015.00,United Kingdom,,12685869,Technology,Computer Software: Programming Data Processing
RZLVW,Rezolve AI PLC Warrants,$1.04,0.02,1.961%,416407437.00,United Kingdom,,28208,Technology,Computer Software: Programming Data Processing
S,SentinelOne Inc. Class A Common Stock,$14.90,0.74,5.226%,5070119790.00,United States,2021,5567519,Technology,Computer Software: Prepackaged Software
SA,Seabridge Gold Inc. Ordinary Shares (Canada),$28.07,0.12,0.429%,3013965247.00,Canada,,761166,Basic Materials,Precious Metals
SAAQ,Space Asset Acquisition Corp. Class A Ordinary Shares,$10.19,0.02,0.197%,0.00,United States,2026,9963,Finance,Blank Checks
SAAQU,Space Asset Acquisition Corp. Units,$10.36,0.00,0.00%,0.00,United States,2026,8042,Finance,Blank Checks
SAAQW,Space Asset Acquisition Corp. Warrants,$0.74,-0.01,-1.333%,0.00,United States,2026,1600,,
SABA,Saba Capital Income & Opportunities Fund II Shares of Beneficial Interest,$8.51,0.00,0.00%,0.00,United States,,78716,,
SABR,Sabre Corporation Common Stock,$1.85,0.02,1.093%,731070313.00,United States,2014,2463938,Technology,Computer Software: Programming Data Processing
SABS,SAB Biotherapeutics Inc. Common Stock,$3.47,-0.27,-7.219%,176800098.00,United States,2021,628639,Health Care,Biotechnology: Biological Products (No Diagnostic Substances)
SABSW,SAB Biotherapeutics Inc. Warrant,$0.0151,-0.0002,-1.307%,769361.00,United States,2021,17021,Health Care,Biotechnology: Biological Products (No Diagnostic Substances)
SAC,Safeguard Acquisition Corp. Class A Ordinary Shares,$10.04,0.00,0.00%,0.00,,2026,121648,Finance,Blank Checks
SACH,Sachem Capital Corp. Common Shares,$1.03,0.01,0.98%,49406187.00,United States,2017,78461,Real Estate,Real Estate Investment Trusts
SACH^A,Sachem Capital Corp. 7.75% Series A Cumulative Redeemable Preferred Stock,$17.825,-0.155,-0.862%,,United States,,5811,,
SAFE,Safehold Inc. New Common Stock ,$14.86,-1.16,-7.241%,1067325771.00,United States,2023,604603,Real Estate,Real Estate Investment Trusts
SAFT,Safety Insurance Group Inc. Common Stock,$75.62,0.46,0.612%,1110395989.00,United States,2002,96375,Finance,Property-Casualty Insurers
SAFX,XCF Global Inc. Class A Common Stock,$0.5003,0.1004,25.106%,137806979.00,United States,,53383535,Industrials,Major Chemicals
SAGT,SAGTEC GLOBAL LIMITED Class A Ordinary shares,$1.63,-0.09,-5.233%,20456500.00,Malaysia,2025,564722,Technology,Computer Software: Prepackaged Software
SAH,Sonic Automotive Inc. Common Stock,$76.43,-2.32,-2.946%,2563993541.00,United States,1997,367963,Consumer Discretionary,Retail-Auto Dealers and Gas Stations
SAIA,Saia Inc. Common Stock,$441.26,-7.56,-1.684%,11768193278.00,United States,,427662,Industrials,Trucking Freight/Courier Services
SAIC,Science Applications International Corporation Common Stock,$95.91,-0.86,-0.889%,4133949937.00,United States,,414738,Technology,EDP Services
SAIH,SAIHEAT Limited Class A Ordinary Shares,$11.05,0.00,0.00%,19370098.00,Singapore,2021,44,Technology,EDP Services
SAIL,SailPoint Inc. Common Stock,$12.07,0.65,5.692%,6846376625.00,United States,2025,2110493,Technology,Computer Software: Prepackaged Software
SAJ,Saratoga Investment Corp 8.00% Notes due 2027,$25.5629,-0.0071,-0.028%,400522866.00,United States,2022,668,Finance,Investment Managers
SAM,Boston Beer Company Inc. (The) Common Stock,$214.30,-22.74,-9.593%,2237584734.00,United States,,577930,Consumer Staples,Beverages (Production/Distribution)
SAMG,Silvercrest Asset Management Group Inc. Class A Common Stock,$13.09,-0.06,-0.456%,154383656.00,United States,2013,29004,Finance,Investment Managers
SAN,Banco Santander S.A. Sponsored ADR (Spain),$12.07,-0.12,-0.984%,177661026873.00,Spain,,5804778,Finance,Commercial Banks
SANA,Sana Biotechnology Inc. Common Stock,$3.27,-0.02,-0.608%,882873032.00,United States,2021,1608433,Health Care,Biotechnology: Biological Products (No Diagnostic Substances)
SANG,Sangoma Technologies Corporation Common Shares,$4.31,0.04,0.937%,143165188.00,Canada,,3675,Technology,Computer Software: Programming Data Processing
SANM,Sanmina Corporation Common Stock,$223.27,5.45,2.502%,11966766293.00,United States,1993,810261,Technology,Electrical Products
SAP,SAP  SE ADS,$170.76,1.27,0.749%,209779382656.00,Germany,,2920027,Technology,Computer Software: Prepackaged Software
SAR,Saratoga Investment Corp New,$23.53,0.23,0.987%,380810885.00,United States,,124515,Finance,Investment Managers
SARO,StandardAero Inc. Common Stock,$24.53,-0.33,-1.327%,8160022587.00,United States,2024,3003349,Industrials,Aerospace
SAT,Saratoga Investment Corp 6.00% Notes due 2027,$25.04,0.04,0.16%,392330000.00,United States,2022,793,Finance,Investment Managers
SATA,Strive Inc. Variable Rate Series A Perpetual Preferred Stock,$99.25,0.3833,0.388%,6864009411.00,United States,,374882,,
SATL,Satellogic Inc. Class A Common Stock,$7.18,0.72,11.146%,1028488308.00,Uruguay,,8626365,Technology,Radio And Television Broadcasting And Communications Equipment
SATLW,Satellogic Inc. Warrant,$1.6901,0.3901,30.008%,242095834.00,Uruguay,,182143,Technology,Radio And Television Broadcasting And Communications Equipment
SATS,EchoStar  Corporation Common Stock,$123.18,0.04,0.032%,35583728312.00,United States,,2392726,Consumer Discretionary,Telecommunications Equipment
SAV,Saratoga Investment Corp 7.50% Notes due 2031,$25.4499,0.0899,0.354%,0.00,United States,2026,8322,Finance,Investment Managers
SAY,Saratoga Investment Corp 8.125% Notes due 2027,$25.4257,-0.0503,-0.197%,398373198.00,United States,2022,5370,Finance,Investment Managers
SAZ,Saratoga Investment Corp 8.50% Notes due 2028,$25.6664,0.0264,0.103%,402144517.00,United States,2023,996,Finance,Investment Managers
SB,Safe Bulkers Inc Common Stock ($0.001 par value),$6.67,-0.07,-1.039%,681972696.00,Monaco,2008,227404,Consumer Discretionary,Marine Transportation
SB^C,Safe Bulkers Inc Cumulative Redeemable Perpetual Preferred Series C (Marshall Islands),$26.27,0.00,0.00%,,Monaco,,17,,
SB^D,Safe Bulkers Inc Perpetual Preferred Series D (Marshall Islands),$26.49,0.39,1.494%,,Monaco,,1338,,
SBAC,SBA Communications Corporation Class A Common Stock,$218.58,-2.62,-1.184%,23183120922.00,United States,1999,613331,Real Estate,Real Estate Investment Trusts
SBC,SBC Medical Group Holdings Incorporated Common Stock,$3.31,0.01,0.303%,339529681.00,United States,2022,155386,Health Care,Medical/Nursing Services
SBCF,Seacoast Banking Corporation of Florida Common Stock,$31.31,-0.16,-0.508%,3057653319.00,United States,,809723,Finance,Major Banks
SBCWW,SBC Medical Group Holdings Incorporated Warrants,$0.21,0.03,16.667%,21541158.00,United States,2022,3183,Health Care,Medical/Nursing Services
SBET,Sharplink Inc. Common Stock,$7.29,0.09,1.25%,1437308232.00,United States,,4319894,Technology,Computer Software: Prepackaged Software
SBEV,Splash Beverage Group Inc. (NV) Common Stock,$0.2488,-0.0123,-4.711%,2476440.00,,2021,691022,Consumer Staples,Beverages (Production/Distribution)
SBFG,SB Financial Group Inc. Common Stock,$21.69,0.85,4.079%,136700249.00,United States,,5663,Finance,Major Banks
SBFM,Sunshine Biopharma Inc. Common Stock,$1.055,0.0927,9.633%,5175772.00,Canada,,207072,Health Care,Biotechnology: Pharmaceutical Preparations
SBFMW,Sunshine Biopharma Inc. Warrant,$0.139,0.00,0.00%,681926.00,Canada,,11,Health Care,Biotechnology: Pharmaceutical Preparations
SBGI,Sinclair Inc. Class A Common Stock,$15.17,-0.38,-2.444%,1092380580.00,United States,1995,672604,Industrials,Broadcasting
SBH,Sally Beauty Holdings Inc. (Name to be changed from Sally Holdings Inc.) Common Stock,$14.03,-0.15,-1.058%,1361033660.00,United States,,1440909,Consumer Discretionary,Other Specialty Stores
SBI,Western Asset Intermediate Muni Fund Inc Common Stock,$7.66,-0.03,-0.39%,0.00,United States,1992,48043,Finance,Finance/Investors Services
SBLK,Star Bulk Carriers Corp. Common Shares,$25.28,0.15,0.597%,2819482192.00,Greece,,811958,Consumer Discretionary,Marine Transportation
SBMT,Silver Bow Mining Corp. Common Shares,$10.75,0.00,0.00%,308163026.00,,2026,354624,Basic Materials,Precious Metals
SBR,Sabine Royalty Trust Common Stock,$77.06,0.67,0.877%,1123484326.00,United States,,58208,Energy,Oil & Gas Production
SBRA,Sabra Health Care REIT Inc. Common Stock,$20.36,-0.30,-1.452%,5134590334.00,United States,,2404112,Real Estate,Real Estate Investment Trusts
SBS,Companhia de saneamento Basico Do Estado De Sao Paulo - Sabesp American Depositary Shares (Each repstg 250 Common Shares),$33.29,-0.34,-1.011%,23347128392.00,Brazil,2002,569627,Utilities,Water Supply
SBSI,Southside Bancshares Inc. Common Stock,$34.35,1.32,3.996%,1021692145.00,United States,,135753,Finance,Major Banks
SBSW,D/B/A Sibanye-Stillwater Limited ADS,$12.07,0.05,0.416%,8541236719.00,South Africa,,3025786,Basic Materials,Precious Metals
SBUX,Starbucks Corporation Common Stock,$105.90,0.57,0.541%,120694230000.00,United States,1992,6360517,Consumer Discretionary,Restaurants
SBXD,SilverBox Corp IV Class A Ordinary Shares,$10.74,0.00,0.00%,0.00,,2024,279,,
SCAG,Scage Future American Depositary Shares,$0.902,0.022,2.50%,65493918.00,China,,686,Consumer Discretionary,Construction/Ag Equipment/Trucks
SCAGW,Scage Future Warrants,$0.0441,-0.0079,-15.192%,3202086.00,China,,6057,Consumer Discretionary,Construction/Ag Equipment/Trucks
SCCD,Sachem Capital Corp. 6.00% Notes due 2026,$24.6736,0.0086,0.035%,1168104677.00,United States,,2903,Real Estate,Real Estate Investment Trusts
SCCE,Sachem Capital Corp. 6.00% Notes due 2027,$24.075,-0.015,-0.062%,1139765584.00,United States,2022,902,Real Estate,Real Estate Investment Trusts
SCCF,Sachem Capital Corp. 7.125% Notes due 2027,$23.95,0.00,0.00%,1133847798.00,United States,2022,937,Real Estate,Real Estate Investment Trusts
SCCG,Sachem Capital Corp. 8.00% Notes due 2027,$23.89,0.01,0.042%,1131007260.00,United States,2022,2086,Real Estate,Real Estate Investment Trusts
SCCO,Southern Copper Corporation Common Stock,$171.18,-0.51,-0.297%,141405813718.00,United States,,1071923,Basic Materials,Metal Mining
SCD,LMP Capital and Income Fund Inc. Common Stock,$15.41,0.0124,0.081%,0.00,United States,2004,53127,Finance,Trusts Except Educational Religious and Charitable
SCE^G,SCE Trust II Trust Preferred Securities,$18.6651,0.0751,0.404%,,United States,,3761,,
SCE^L,SCE TRUST VI,$18.00,0.04,0.223%,,United States,,9771,,
SCE^M,SCE Trust VII 7.50% Trust Preference Securities,$25.13,-0.10,-0.396%,,United States,,31932,,
SCE^N,SCE Trust VIII 6.95% Trust Preference Securities,$23.90,-0.03,-0.125%,,United States,,83680,,
SCHL,Scholastic Corporation Common Stock,$40.35,-0.01,-0.025%,877304872.00,United States,1992,415543,Consumer Discretionary,Books
SCHW,Charles Schwab Corporation (The) Common Stock,$91.54,-0.10,-0.109%,159105622829.00,United States,,8531797,Finance,Investment Bankers/Brokers/Service
SCHW^D,The Charles Schwab Corporation Depositary Shares each representing 1/40th interest in a share of 5.95% Non-Cumulative Perpetual Preferred Stock Series D,$24.83,-0.11,-0.441%,,United States,,80977,,
SCHW^J,The Charles Schwab Corporation Depositary Shares Each Representing a 1/40th Interest in a Share of 4.450% Non-Cumulative Perpetual Preferred Stock Series J,$18.30,-0.03,-0.164%,,United States,,51252,,
SCI,Service Corporation International Common Stock,$79.78,-1.25,-1.543%,11067174065.00,United States,,1768136,Consumer Discretionary,Other Consumer Services
SCII,SC II Acquisition Corp. Class A ordinary share,$10.00,0.00,0.00%,0.00,United States,2026,50000,,
SCIIU,SC II Acquisition Corp. Units,$10.17,-0.13,-1.262%,0.00,United States,2025,1002,,
SCKT,Socket Mobile Inc. Common Stock,$0.902,-0.003,-0.331%,7417108.00,United States,,11569,Technology,Computer Manufacturing
SCL,Stepan Company Common Stock,$51.59,1.56,3.118%,1170596653.00,United States,,214306,Consumer Discretionary,Package Goods/Cosmetics
SCLX,Scilex Holding Company Common Stock,$10.58,0.06,0.57%,89837605.00,United States,2021,137739,Health Care,Biotechnology: Biological Products (No Diagnostic Substances)
SCLXW,Scilex Holding Company Warrant,$0.198,-0.0022,-1.099%,1681271.00,United States,2021,10051,Health Care,Biotechnology: Biological Products (No Diagnostic Substances)
SCM,Stellus Capital Investment Corporation Common Stock,$9.83,0.16,1.655%,284551517.00,United States,2012,87485,Finance,Finance/Investors Services
SCNI,Scinai Immunotherapeutics Ltd. American Depositary Shares,$0.71,-0.03,-4.054%,2510197.00,Israel,2015,127991,Health Care,Biotechnology: Biological Products (No Diagnostic Substances)
SCNX,Scienture Holdings Inc. Common Stock,$0.4012,0.0102,2.609%,16301083.00,United States,,182975,Health Care,Other Pharmaceuticals
SCOR,comScore Inc. Common Stock,$7.2801,0.0101,0.139%,109372684.00,United States,2018,4420,Real Estate,Real Estate
SCPQ,Social Commerce Partners Corporation Class A Ordinary Shares,$9.91,0.00,0.00%,0.00,United States,2026,10000,,
SCPQU,Social Commerce Partners Corporation Unit,$10.00,-0.03,-0.299%,0.00,United States,2025,10836,,
SCPQW,Social Commerce Partners Corporation Warrant,$0.2201,-0.0498,-18.451%,0.00,United States,2026,7500,,
SCSC,ScanSource Inc. Common Stock,$41.15,0.03,0.073%,883917843.00,United States,,240926,Technology,Retail: Computer Software & Peripheral Equipment
SCVL,Shoe Carnival Inc. Common Stock,$18.43,-0.09,-0.486%,506533456.00,United States,1993,239701,Consumer Discretionary,Clothing/Shoe/Accessory Stores
SCWO,374Water Inc. Common Stock,$2.49,0.01,0.403%,43429006.00,United States,,52813,Consumer Discretionary,Metal Fabrications
SCYX,SCYNEXIS Inc. Common Stock,$0.9903,0.0603,6.484%,78672039.00,United States,2014,456689,Health Care,Biotechnology: Pharmaceutical Preparations
SCZM,Santacruz Silver Mining Ltd. Common Shares,$8.16,0.30,3.817%,753993098.00,Canada,,464252,,
SD,SandRidge Energy Inc. Common Stock,$15.34,-0.21,-1.35%,566326093.00,United States,2016,400708,Energy,Oil & Gas Production
SDA,SunCar Technology Group Inc. Class A Ordinary Shares,$1.22,-0.01,-0.813%,128890458.00,Hong Kong,2021,62775,Consumer Discretionary,Automotive Aftermarket
SDAWW,SunCar Technology Group Inc. Warrant,$0.1866,-0.0134,-6.70%,19713901.00,Hong Kong,2021,5102,Consumer Discretionary,Automotive Aftermarket
SDEV,Stablecoin Development Corporation Common Stock,$1.31,0.07,5.645%,34878788.00,United States,,53091,Health Care,Biotechnology: Pharmaceutical Preparations
SDGR,Schrodinger Inc. Common Stock,$12.39,0.43,3.595%,925789770.00,United States,2020,1004301,Health Care,Biotechnology: Pharmaceutical Preparations
SDHC,Smith Douglas Homes Corp. Class A Common Stock,$13.95,-0.23,-1.622%,708517975.00,United States,2024,60136,Consumer Discretionary,Homebuilding
SDHI,Siddhi Acquisition Corp Class A Common stock,$10.35,-0.0173,-0.167%,0.00,United States,2025,193,Finance,Blank Checks
SDHIR,Siddhi Acquisition Corp Right,$0.18,-0.0001,-0.056%,0.00,United States,2025,1390,,
SDHIU,Siddhi Acquisition Corp Unit,$10.64,0.00,0.00%,0.00,United States,2025,10,Finance,Blank Checks
SDHY,PGIM Short Duration High Yield Opportunities Fund Common Shares,$16.18,-0.02,-0.123%,399210046.00,,2020,66759,Finance,Finance/Investors Services
SDOT,Sadot Group Inc. Common Stock,$0.47,-0.505,-51.795%,862764.00,United States,2020,10759405,Consumer Discretionary,Restaurants
SDRL,Seadrill Limited Common Shares,$49.31,-0.38,-0.765%,3079382232.00,Bermuda,2022,372850,Energy,Oil & Gas Production
SDST,Stardust Power Inc. Common Stock,$2.72,-0.10,-3.546%,27108807.00,United States,2021,76299,Industrials,Major Chemicals
SDSTW,Stardust Power Inc. Warrant,$0.16,-0.02,-11.111%,1594636.00,United States,2021,503,Industrials,Major Chemicals
SE,Sea Limited American Depositary Shares each representing one Class A Ordinary Share,$86.20,1.32,1.555%,52796165796.00,United States,2017,2654163,Consumer Discretionary,Other Consumer Services
SEAL^A,Seapeak LLC 9.00% Series A Cumulative Redeemable Perpetual Preferred Units,$25.60,-0.06,-0.234%,,Bermuda,,631,,
SEAL^B,Seapeak LLC 8.50% Series B Fixed-to-Floating Rate Cumulative Redeemable Perpetual Preferred Units,$25.5278,-0.0122,-0.048%,,Bermuda,,705,,
SEAT,Vivid Seats Inc. Class A Common Stock,$6.78,0.08,1.194%,74494647.00,United States,,55864,Consumer Discretionary,Services-Misc. Amusement & Recreation
SEATW,Vivid Seats Inc. Warrant,$0.0566,0.0121,27.191%,621887.00,United States,,102,Consumer Discretionary,Services-Misc. Amusement & Recreation
SEB,Seaboard Corporation Common Stock,$5574.84,-111.09,-1.954%,5339548303.00,United States,1996,7374,Industrials,Farming/Seeds/Milling
SEDG,SolarEdge Technologies Inc. Common Stock,$42.91,0.05,0.117%,2609697333.00,Israel,2015,2068330,Technology,Semiconductors
SEED,Origin Agritech Limited Common Stock,$1.17,0.02,1.739%,13951488.00,China,,18726,Consumer Staples,Farming/Seeds/Milling
SEER,Seer Inc. Class A Common Stock,$2.03,0.08,4.103%,122708106.00,United States,2020,754451,Industrials,Biotechnology: Laboratory Analytical Instruments
SEG,Seaport Entertainment Group Inc. Common Stock,$22.29,0.00,0.00%,285354574.00,United States,2024,15715,Consumer Discretionary,Services-Misc. Amusement & Recreation
SEGG,Sports Entertainment Gaming Global Corporation Common Stock,$1.22,-0.05,-3.937%,15425005.00,United States,2023,3636850,Technology,Computer Software: Prepackaged Software
SEI,Solaris Energy Infrastructure Inc. Class A Common Stock,$72.33,-1.51,-2.045%,5315394418.00,United States,2017,2889888,Consumer Discretionary,Oil and Gas Field Machinery
SEIC,SEI Investments Company Common Stock,$90.22,-0.46,-0.507%,10851027895.00,United States,1981,844040,Finance,Investment Bankers/Brokers/Service
SELF,Global Self Storage Inc. Common Stock,$5.56,-0.04,-0.714%,63560430.00,United States,,26216,Real Estate,Real Estate Investment Trusts
SELX,Semilux International Ltd. Ordinary Shares,$0.395,-0.0051,-1.275%,14784200.00,Taiwan,,16792,Technology,Semiconductors
SEM,Select Medical Holdings Corporation Common Stock,$16.44,0.03,0.183%,2038860852.00,United States,2009,1658263,Health Care,Hospital/Nursing Management
SENEA,Seneca Foods Corp. Class A Common Stock,$137.68,-2.18,-1.559%,931656328.00,United States,,94379,Consumer Staples,Packaged Foods
SENEB,Seneca Foods Corp. Class B Common Stock,$137.55,-1.48,-1.065%,930776641.00,United States,,2957,Consumer Staples,Packaged Foods
SENS,Senseonics Holdings Inc. Common Stock,$5.10,-1.51,-22.844%,213156877.00,United States,,6506453,Health Care,Medical/Dental Instruments
SEPN,Septerna Inc. Common Stock,$23.61,-0.15,-0.631%,1060239490.00,United States,2024,201588,Health Care,Biotechnology: Pharmaceutical Preparations
SER,Serina Therapeutics Inc. Common Stock,$1.817,-0.003,-0.165%,27070787.00,,2018,23318,Health Care,Biotechnology: Pharmaceutical Preparations
SERA,Sera Prognostics Inc. Class A Common Stock,$1.91,-0.03,-1.546%,74793165.00,United States,2021,22540,Health Care,Medical Specialities
SERV,Serve Robotics Inc. Common Stock,$9.40,-0.03,-0.318%,726852697.00,United States,,3302898,Consumer Discretionary,Industrial Specialties
SES,SES AI Corporation Class A Common Stock,$1.05,0.00,0.00%,387747532.00,United States,2021,5647066,Miscellaneous,Industrial Machinery/Components
SEV,Aptera Motors Corp. Class B Common Stock,$2.72,-0.045,-1.627%,99544142.00,United States,,151444,Industrials,Auto Manufacturing
SEVN,Seven Hills Realty Trust Common Stock,$8.33,0.16,1.958%,188225321.00,United States,,119809,Real Estate,Real Estate Investment Trusts
SEZL,Sezzle Inc. Common Stock,$85.46,5.86,7.362%,2888691146.00,United States,,503201,Finance,Finance: Consumer Services
SF,Stifel Financial Corporation Common Stock,$77.03,-1.78,-2.259%,11846782170.00,United States,,1206514,Finance,Investment Bankers/Brokers/Service
SF^B,Stifel Financial Corporation Depositary Shares Each Representing 1/1000th  Interest in a Share of 6.25% Non-Cumulative  Preferred Stock Series B,$23.56,-0.09,-0.381%,,United States,,6291,,
SF^C,Stifel Financial Corporation Depositary Shares Each Representing 1/1000th Interest in a Share of 6.125% Non Cumulative Preferred Stock Series C,$23.21,-0.05,-0.215%,,United States,,4606,,
SF^D,Stifel Financial Corporation Depositary Shares Each Representing 1/1000th Interest in a Share of 4.50% Non-Cumulative Preferred Stock Series D,$17.00,0.11,0.651%,,United States,,6972,,
SFB,Stifel Financial Corporation 5.20% Senior Notes due 2047,$20.1218,-0.0482,-0.239%,2055912841.00,United States,2017,9351,Finance,Investment Bankers/Brokers/Service
SFBC,Sound Financial Bancorp Inc. Common Stock,$41.42,0.27,0.656%,106368341.00,United States,,6577,Finance,Savings Institutions
SFBS,ServisFirst Bancshares Inc. Common Stock,$79.91,0.29,0.364%,4368195845.00,United States,,367589,Finance,Major Banks
SFD,Smithfield Foods Inc. Common Stock,$26.29,0.01,0.038%,10344517244.00,United States,2025,1145812,Consumer Staples,Meat/Poultry/Fish
SFHG,Samfine Creation Holdings Group Limited Class A Ordinary Share,$2.54,-0.02,-0.781%,10312400.00,Hong Kong,2024,10326,Consumer Discretionary,Publishing
SFIX,Stitch Fix Inc. Class A Common Stock,$3.79,0.15,4.121%,517420351.00,United States,2017,1163932,Consumer Discretionary,Catalog/Specialty Distribution
SFL,SFL Corporation Ltd,$11.59,0.06,0.52%,1675716124.00,Bermuda,,840451,Consumer Discretionary,Marine Transportation
SFM,Sprouts Farmers Market Inc. Common Stock,$81.19,-0.66,-0.806%,7635456798.00,United States,2013,2781119,Consumer Staples,Food Chains
SFNC,Simmons First National Corporation Class A Common Stock,$21.23,-0.03,-0.141%,3079598642.00,United States,,925427,Finance,Major Banks
SFST,Southern First Bancshares Inc. Common Stock,$56.81,0.51,0.906%,468552405.00,United States,,74519,Finance,Major Banks
SFWL,Shengfeng Development Limited Class A Ordinary Shares,$0.9215,0.0215,2.389%,76021458.00,China,2023,3764,Industrials,Trucking Freight/Courier Services
SG,Sweetgreen Inc. Class A Common Stock,$7.10,0.22,3.198%,843634375.00,United States,2021,3818537,Consumer Discretionary,Restaurants
SGA,Saga Communications Inc. Class A Common Stock (FL),$11.01,-0.27,-2.394%,70067288.00,United States,,26300,Consumer Discretionary,Broadcasting
SGC,Superior Group of Companies Inc. Common Stock,$11.52,0.24,2.128%,180920586.00,United States,,25947,Consumer Discretionary,Apparel
SGHC,Super Group (SGHC) Limited Ordinary Shares,$12.89,-0.07,-0.54%,6549109797.00,,2022,3203506,Consumer Discretionary,Services-Misc. Amusement & Recreation
SGHT,Sight Sciences Inc. Common Stock,$4.45,0.36,8.802%,242095762.00,United States,2021,152240,Health Care,Medical/Dental Instruments
SGI,Somnigroup International Inc. Common Stock,$75.58,-0.28,-0.369%,15897544362.00,United States,,1966245,Consumer Discretionary,Home Furnishings
SGLY,Singularity Future Technology Ltd. Common Stock,$0.4651,-0.0079,-1.67%,3392203.00,United States,2008,87984,Industrials,Integrated Freight & Logistics
SGML,Sigma Lithium Corporation Common Shares,$21.97,-0.10,-0.453%,2447523449.00,Canada,,1797460,Basic Materials,Metal Mining
SGMO,Sangamo Therapeutics Inc. Common Stock,$0.135,0.0158,13.255%,55926992.00,United States,2000,17358358,Health Care,Biotechnology: Biological Products (No Diagnostic Substances)
SGMT,Sagimet Biosciences Inc. Series A Common Stock,$7.61,-0.42,-5.23%,243170739.00,United States,2023,1340294,Health Care,Biotechnology: Pharmaceutical Preparations
SGP,SpyGlass Pharma Inc. Common Stock,$23.98,1.04,4.534%,801568837.00,United States,2026,83518,Health Care,Medical/Dental Instruments
SGRP,SPAR Group Inc. Common Stock,$0.641,0.021,3.387%,15467324.00,United States,,118077,Real Estate,Real Estate
SGRY,Surgery Partners Inc. Common Stock,$14.27,0.24,1.711%,1866488916.00,United States,2015,2157588,Health Care,Hospital/Nursing Management
SGU,Star Group L.P. Common Stock,$12.47,-0.20,-1.579%,410001816.00,United States,,25121,Consumer Discretionary,Other Specialty Stores
SHAK,Shake Shack Inc. Class A Common Stock,$98.36,-4.10,-4.002%,4207933652.00,United States,2015,1548133,Consumer Discretionary,Restaurants
SHAZ,SharonAI Holdings Inc. Class A Common Stock,$42.21,-3.79,-8.239%,681065568.00,United States,,371221,Technology,EDP Services
SHBI,Shore Bancshares Inc Common Stock,$19.50,0.20,1.036%,652285569.00,United States,,193512,Finance,Major Banks
SHC,Sotera Health Company Common Stock,$15.50,-0.06,-0.386%,4419924820.00,United States,2020,3561090,Health Care,Misc Health and Biotechnology Services
SHEL,Shell PLC American Depositary Shares (each representing two (2) Ordinary Shares) ,$88.98,-1.69,-1.864%,258550629612.00,Netherlands,2022,6312643,Energy,Oil & Gas Production
SHEN,Shenandoah Telecommunications Co Common Stock,$16.29,0.56,3.56%,900863846.00,United States,,1124560,Telecommunications,Telecommunications Equipment
SHFS,SHF Holdings Inc. Class A Common Stock,$0.7822,-0.008,-1.012%,3524191.00,United States,2021,153112,Finance,Finance: Consumer Services
SHFSW,SHF Holdings Inc. Warrants,$0.0296,0.0021,7.636%,133362.00,United States,2021,44246,Finance,Finance: Consumer Services
SHG,Shinhan Financial Group Co Ltd American Depositary Shares,$68.35,-0.49,-0.712%,32613708222.00,South Korea,,111680,Finance,Major Banks
SHIM,Shimmick Corporation Common Stock,$5.39,0.27,5.273%,195662002.00,United States,2023,173185,Industrials,Military/Government/Technical
SHIP,Seanergy Maritime Holdings Corp. Common Stock,$15.47,0.58,3.895%,335207023.00,Greece,,377996,Consumer Discretionary,Marine Transportation
SHLS,Shoals Technologies Group Inc. Class A Common Stock,$8.16,0.22,2.771%,1369018027.00,United States,2021,3270765,Technology,Semiconductors
SHMD,SCHMID Group N.V. Class A Ordinary Shares,$6.37,0.45,7.601%,354190893.00,Germany,,785130,Technology,Industrial Machinery/Components
SHMDW,SCHMID Group N.V. Warrants,$1.65,0.05,3.125%,91744894.00,Germany,,20046,Technology,Industrial Machinery/Components
SHO,Sunstone Hotel Investors Inc. Sunstone Hotel Investors Inc. Common Shares,$9.89,0.07,0.713%,1870602265.00,United States,2004,1329816,Consumer Discretionary,Hotels/Resorts
SHO^H,Sunstone Hotel Investors Inc. 6.125% Series H Cumulative Redeemable Preferred Stock,$20.93,0.17,0.819%,,United States,,43606,,
SHO^I,Sunstone Hotel Investors Inc. 5.70% Series I Cumulative Redeemable Preferred Stock,$20.10,-0.0432,-0.214%,,United States,,19933,,
SHOO,Steven Madden Ltd. Common Stock,$37.50,-0.06,-0.16%,2739012750.00,United States,1993,789731,Consumer Discretionary,Shoe Manufacturing
SHOP,Shopify Inc. Class A Subordinate Voting Shares,$127.67,6.54,5.399%,166495898991.00,Canada,,7926691,Technology,Computer Software: Prepackaged Software
SHPH,Shuttle Pharmaceuticals Holdings Inc. Common Stock,$0.6917,-0.3383,-32.845%,3867495.00,United States,2022,18296773,Health Care,Biotechnology: Pharmaceutical Preparations
SHW,Sherwin-Williams Company (The) Common Stock,$318.00,-3.61,-1.122%,78430127478.00,United States,,1378343,Consumer Discretionary,RETAIL: Building Materials
SI,Shoulder Innovations Inc. Common Stock,$13.51,0.72,5.629%,280034591.00,United States,2025,72504,Health Care,Medical/Dental Instruments
SIBN,SI-BONE Inc. Common Stock,$13.21,0.82,6.618%,583901458.00,United States,2018,1024687,Health Care,Medical/Dental Instruments
SID,Companhia Siderurgica Nacional S.A. Common Stock,$1.29,0.00,0.00%,1710661192.00,Brazil,,746679,Industrials,Steel/Iron Ore
SIDU,Sidus Space Inc. Class A Common Stock,$3.38,0.10,3.049%,273323207.00,United States,2021,12917011,Telecommunications,Telecommunications Equipment
SIEB,Siebert Financial Corp. Common Stock,$1.77,0.02,1.143%,72465457.00,United States,,25215,Finance,Investment Bankers/Brokers/Service
SIF,SIFCO Industries Inc. Common Stock,$17.39,1.14,7.015%,108081076.00,United States,1969,115349,Industrials,Aerospace
SIFY,Sify Technologies Limited American Depositary Shares,$15.64,0.23,1.493%,1131560256.00,India,,37854,Technology,Computer Software: Programming Data Processing
SIG,Signet Jewelers Limited Common Shares,$85.70,-3.33,-3.74%,3433808232.00,Bermuda,,998287,Consumer Discretionary,Consumer Specialties
SIGA,SIGA Technologies Inc. Common Stock,$4.60,0.00,0.00%,329930846.00,United States,,381085,Health Care,Biotechnology: Pharmaceutical Preparations
SIGI,Selective Insurance Group Inc. Common Stock,$82.08,-1.87,-2.228%,4914090202.00,United States,,358578,Finance,Property-Casualty Insurers
SIGIP,Selective Insurance Group Inc. Depositary Shares each representing a 1/1000th interest in a share of 4.60% Non-Cumulative Preferred Stock Series B,$16.62,0.00,0.00%,995031422.00,United States,,2048,Finance,Property-Casualty Insurers
SII,Sprott Inc. Common Shares,$131.13,0.73,0.56%,3381352012.00,,2020,179145,Finance,Finance: Consumer Services
SILA,Sila Realty Trust Inc. Common Stock,$30.43,0.00,0.00%,1681147648.00,United States,2024,1195043,Real Estate,Real Estate Investment Trusts
SILC,Silicom Ltd Ordinary Shares,$42.21,3.46,8.929%,240856254.00,Israel,,235658,Telecommunications,Computer Communications Equipment
SILO,Silo Pharma Inc. Common Stock,$0.455,0.0129,2.918%,7401300.00,United States,,384175,Consumer Discretionary,Apparel
SIM,Grupo Simec S.A.B. de C.V. American Depositary Shares,$28.01,0.00,0.00%,4304248803.00,Mexico,1998,165,Industrials,Steel/Iron Ore
SIMA,SIM Acquisition Corp. I Class A Ordinary Shares,$10.72,0.03,0.281%,0.00,United States,2024,68708,Miscellaneous,Industrial Machinery/Components
SIMAU,SIM Acquisition Corp. I Unit,$10.89,0.10,0.927%,0.00,United States,2024,300,Finance,Blank Checks
SIMAW,SIM Acquisition Corp. I Warrant,$0.19,0.046,31.944%,0.00,United States,2024,8634,Finance,Blank Checks
SIMO,Silicon Motion Technology Corporation American Depositary Shares,$234.52,15.74,7.194%,7969850288.00,Taiwan,2005,1405030,Technology,Semiconductors
SINT,SiNtx Technologies Inc. Common Stock,$2.41,0.30,14.218%,9933362.00,United States,2014,52688,Health Care,Medical/Dental Instruments
SION,Sionna Therapeutics Inc. Common Stock,$39.15,0.45,1.163%,1767322220.00,United States,2025,212704,Health Care,Biotechnology: Pharmaceutical Preparations
SIRI,SiriusXM Holdings Inc. Common Stock,$27.22,0.28,1.039%,9160899738.00,United States,,5643805,Consumer Discretionary,Broadcasting
SITC,SITE Centers Corp. Common Stock,$5.56,0.07,1.275%,291760299.00,United States,,482172,Real Estate,Real Estate Investment Trusts
SITE,SiteOne Landscape Supply Inc. Common Stock,$125.61,-0.44,-0.349%,5565556645.00,United States,2016,1117649,Consumer Discretionary,Professional and commerical equipment
SITM,SiTime Corporation Common Stock,$558.63,-3.52,-0.626%,14746060026.00,United States,2019,225556,Technology,Semiconductors
SJ,Scienjoy Holding Corporation Class A Ordinary Shares ,$1.1056,0.0056,0.509%,46946836.00,China,2019,11238,Technology,EDP Services
SJM,The J.M. Smucker Company Common Stock,$96.97,-1.06,-1.081%,10341687493.00,United States,,1087540,Consumer Staples,Packaged Foods
SJT,San Juan Basin Royalty Trust Common Stock,$4.36,0.07,1.632%,203214351.00,United States,,144724,Energy,Oil & Gas Production
SKBL,Skyline Builders Group Holding Limited Class A Ordinary Shares,$3.50,-1.05,-23.077%,487219635.00,Hong Kong,2025,1324749,Consumer Discretionary,Engineering & Construction
SKE,Skeena Resources Limited Common Shares,$29.68,0.48,1.644%,3613251956.00,,2021,481678,Basic Materials,Precious Metals
SKIL,Skillsoft Corp. Class A Common Stock,$8.28,0.56,7.254%,72965952.00,United States,2019,147082,Technology,Computer Software: Prepackaged Software
SKIN,SkinHealth Systems Inc. Class A Common Stock,$0.8634,0.0117,1.374%,111882984.00,United States,2020,622134,Health Care,Medical/Dental Instruments
SKK,SKK Holdings Limited Class A Ordinary Shares,$1.7501,-0.0199,-1.124%,4265869.00,Singapore,2024,16494,Industrials,Water Sewer Pipeline Comm & Power Line Construction
SKLZ,Skillz Inc. Class A Common Stock,$7.66,-0.40,-4.963%,119500251.00,United States,2020,1915933,Technology,EDP Services
SKM,SK Telecom Co. Ltd. Common Stock,$37.00,-0.41,-1.096%,14192460000.00,South Korea,,1200394,Telecommunications,Telecommunications Equipment
SKT,Tanger Inc. Common Stock,$36.35,-0.73,-1.969%,4163311045.00,United States,1993,1347697,Real Estate,Real Estate Investment Trusts
SKWD,Skyward Specialty Insurance Group Inc. Common Stock,$45.44,-0.01,-0.022%,2024036874.00,United States,2023,343371,Finance,Property-Casualty Insurers
SKY,Champion Homes Inc. Common Stock,$76.90,0.67,0.879%,4252725415.00,United States,,780326,Consumer Discretionary,Homebuilding
SKYE,Skye Bioscience Inc. Common Stock,$0.8235,-0.0553,-6.293%,28926990.00,United States,,318619,Health Care,Biotechnology: Pharmaceutical Preparations
SKYH,Sky Harbour Group Corporation Class A Common Stock,$10.57,0.00,0.00%,805024730.00,United States,2022,52378,Finance,Real Estate
SKYQ,Sky Quarry Inc. Common Stock,$5.90,-0.05,-0.84%,22168949.00,United States,2024,1412881,Industrials,Environmental Services
SKYT,SkyWater Technology Inc. Common Stock,$31.99,0.09,0.282%,1572546762.00,United States,2021,537314,Technology,Semiconductors
SKYW,SkyWest Inc. Common Stock,$83.54,1.42,1.729%,3313219875.00,United States,1986,422724,Consumer Discretionary,Air Freight/Delivery Services
SKYX,SKYX Platforms Corp. Common Stock,$1.07,-0.01,-0.926%,142610797.00,United States,2022,718614,Consumer Discretionary,Building Products
SLAB,Silicon Laboratories Inc. Common Stock,$218.24,0.54,0.248%,7195027108.00,United States,2000,434059,Technology,Semiconductors
SLAI,SOLAI Limited American Depositary Shares (each representing one hundred (100) Class A Ordinary Shares),$0.7973,0.0245,3.17%,15773278.00,,2013,71489,Technology,EDP Services
SLB,SLB Limited Common Shares,$56.92,0.04,0.07%,85098682064.00,France,,9710629,Energy,Oilfield Services/Equipment
SLDB,Solid Biosciences Inc. Common Stock,$7.13,-0.13,-1.791%,701686665.00,United States,2018,1007827,Health Care,Biotechnology: Biological Products (No Diagnostic Substances)
SLDE,Slide Insurance Holdings Inc. Common Stock,$18.62,-0.03,-0.161%,2131099107.00,United States,2025,2120444,Finance,Property-Casualty Insurers
SLDP,Solid Power Inc. Class A Common Stock,$3.42,-0.03,-0.87%,767856420.00,United States,2021,6073513,Miscellaneous,Industrial Machinery/Components
SLDPW,Solid Power Inc. Warrant,$0.31,-0.0099,-3.095%,69601021.00,United States,2021,26191,Miscellaneous,Industrial Machinery/Components
SLE,Super League Enterprise Inc. Common Stock,$3.93,0.13,3.421%,5739565.00,United States,2019,5587,Consumer Discretionary,Services-Misc. Amusement & Recreation
SLF,Sun Life Financial Inc. Common Stock,$72.32,0.24,0.333%,40066222257.00,Canada,,382638,Finance,Life Insurance
SLG,SL Green Realty Corp Common Stock,$42.85,0.44,1.037%,3047337140.00,United States,1997,827750,Real Estate,Real Estate Investment Trusts
SLG^I,SL Green Realty Corporation Preferred Series I,$21.35,-0.06,-0.28%,,United States,,3393,,
SLGB,Smart Logistics Global Limited Ordinary Shares,$0.5868,-0.0332,-5.355%,24058800.00,Hong Kong,2025,100631,Industrials,Integrated Freight & Logistics
SLGL,Sol-Gel Technologies Ltd. Ordinary Shares,$75.61,1.57,2.12%,212454951.00,Israel,2018,10963,Health Care,Biotechnology: Pharmaceutical Preparations
SLGN,Silgan Holdings Inc. Common Stock,$39.72,-0.83,-2.047%,4197599988.00,United States,2022,905075,Industrials,Containers/Packaging
SLI,Standard Lithium Ltd. Common Shares,$3.96,0.10,2.591%,962360574.00,Canada,2021,1532712,Industrials,Major Chemicals
SLM,SLM Corporation Common Stock,$22.69,-0.39,-1.69%,4279175057.00,United States,,2114689,Finance,Finance: Consumer Services
SLMBP,SLM Corporation Floating Rate Non-Cumulative Preferred Stock Series B,$75.00,0.10,0.134%,14144474625.00,United States,,2429,Finance,Finance: Consumer Services
SLMT,Brera Holdings PLC Class B Ordinary Shares,$0.777,0.0148,1.942%,63709932.00,Ireland,2023,287229,Consumer Discretionary,Services-Misc. Amusement & Recreation
SLN,Silence Therapeutics Plc American Depository Share,$7.13,-0.18,-2.462%,333684000.00,United Kingdom,,95983,Health Care,Biotechnology: Pharmaceutical Preparations
SLND,Southland Holdings Inc. Common Stock,$1.18,0.11,10.28%,63978281.00,United States,,140706,Industrials,Military/Government/Technical
SLNG,Stabilis Solutions Inc. Common Stock,$4.40,0.15,3.529%,81823724.00,United States,,28295,Utilities,Oil/Gas Transmission
SLNH,Soluna Holdings Inc. Common Stock,$1.58,-0.08,-4.819%,223328347.00,United States,,25463434,Technology,EDP Services
SLNHP,Soluna Holdings Inc 9.0% Series A Cumulative Perpetual Preferred Stock ,$9.41,1.16,14.061%,1330075788.00,United States,,19233,Technology,EDP Services
SLNO,Soleno Therapeutics Inc. Common Stock,$52.87,0.05,0.095%,2729381182.00,United States,2014,1342968,Health Care,Biotechnology: Electromedical & Electrotherapeutic Apparatus
SLP,Simulations Plus Inc. Common Stock,$14.91,0.74,5.222%,301263737.00,United States,,178507,Technology,EDP Services
SLQT,SelectQuote Inc. Common Stock,$0.8827,-0.0371,-4.033%,155610886.00,United States,2020,1297363,Finance,Specialty Insurers
SLRC,SLR Investment Corp. Common Stock,$15.85,0.05,0.316%,864690949.00,United States,2010,531934,Finance,Finance/Investors Services
SLS,SELLAS Life Sciences Group Inc. Common Stock,$4.93,-0.02,-0.404%,909745590.00,United States,,2661386,Health Care,Biotechnology: Pharmaceutical Preparations
SLSN,Solesence Inc. Common Stock,$1.34,0.00,0.00%,94647476.00,United States,,19120,Consumer Discretionary,Package Goods/Cosmetics
SLSR,Solaris Resources Inc. Common Shares,$10.06,-0.13,-1.276%,1680375400.00,,2024,156147,,
SLVM,Sylvamo Corporation Common Stock,$43.65,0.92,2.153%,1734449206.00,United States,2021,432451,Basic Materials,Paper
SLXN,Silexion Therapeutics Corp Ordinary Shares,$0.5983,-0.0138,-2.255%,2437899.00,Israel,,167412,Health Care,Biotechnology: Biological Products (No Diagnostic Substances)
SLXNW,Silexion Therapeutics Corp Warrant,$0.0159,0.0018,12.766%,64788.00,Israel,,6694,Health Care,Biotechnology: Biological Products (No Diagnostic Substances)
SM,SM Energy Company Common Stock,$30.47,-0.56,-1.805%,7304935358.00,United States,,3121421,Energy,Oil & Gas Production
SMA,SmartStop Self Storage REIT Inc. Common Stock,$31.34,-0.14,-0.445%,1731433991.00,United States,2025,678006,Real Estate,Real Estate Investment Trusts
SMBC,Southern Missouri Bancorp Inc. Common Stock,$68.53,0.29,0.425%,761250360.00,United States,,83567,Finance,Banks
SMBK,SmartFinancial Inc. Common Stock,$42.36,0.42,1.001%,724291316.00,United States,,59509,Finance,Major Banks
SMC,Summit Midstream Corporation Common Stock,$32.20,0.55,1.738%,655071616.00,United States,2012,60945,Utilities,Natural Gas Distribution
SMCI,Super Micro Computer Inc. Common Stock,$27.09,-0.31,-1.131%,16226623605.00,United States,2020,25005486,Technology,Computer Manufacturing
SMFG,Sumitomo Mitsui Financial Group Inc Unsponsored American Depositary Shares (Japan),$21.15,-0.08,-0.377%,136926702387.00,Japan,,2161125,Finance,Commercial Banks
SMG,Scotts Miracle-Gro Company (The) Common Stock,$61.72,-0.98,-1.563%,3582213555.00,United States,1992,1408906,Industrials,Agricultural Chemicals
SMHI,SEACOR Marine Holdings Inc. Common Stock ,$7.65,0.05,0.658%,207026419.00,United States,2017,67578,Consumer Discretionary,Marine Transportation
SMID,Smith-Midland Corporation Common Stock,$34.96,1.18,3.493%,185517128.00,United States,,8760,Industrials,Building Materials
SMJF,SMJ International Holdings Inc. Class A Ordinary Shares,$3.20,-0.04,-1.235%,80000000.00,,2025,21723,Consumer Discretionary,RETAIL: Building Materials
SMMT,Summit Therapeutics Inc. Common Stock ,$16.115,-5.345,-24.907%,12506528539.00,United States,2015,18106317,Health Care,Biotechnology: Pharmaceutical Preparations
SMP,Standard Motor Products Inc. Common Stock,$38.51,1.14,3.051%,857358874.00,United States,,153055,Consumer Discretionary,Auto Parts:O.E.M.
SMPL,The Simply Good Foods Company Common Stock,$13.23,-0.14,-1.047%,1197169788.00,United States,,2377970,Consumer Staples,Packaged Foods
SMR,NuScale Power Corporation Class A Common Stock,$12.14,-0.32,-2.568%,4165349221.00,United States,2022,20447423,Industrials,Metal Fabrications
SMRT,SmartRent Inc. Class A Common Stock,$1.36,0.00,0.00%,261470804.00,United States,,782468,Technology,EDP Services
SMSI,Smith Micro Software Inc. Common Stock,$0.87,-0.0285,-3.172%,22280714.00,United States,1995,140397,Technology,Computer Software: Prepackaged Software
SMTC,Semtech Corporation Common Stock,$107.81,2.76,2.627%,10038674353.00,United States,,2140471,Technology,Semiconductors
SMTI,Sanara MedTech Inc. Common Stock,$19.73,0.74,3.897%,180820656.00,United States,,31379,Health Care,Industrial Specialties
SMTK,SmartKem Inc. Common Stock,$0.235,0.042,21.762%,4982684.00,United Kingdom,,1430042,Technology,Semiconductors
SMWB,Similarweb Ltd. Ordinary Shares,$3.14,0.33,11.744%,273074659.00,,2021,687931,Technology,Computer Software: Programming Data Processing
SMX,SMX (Security Matters) Public Limited Company Ordinary Shares,$1.59,-0.19,-10.674%,4872448.00,Ireland,,3719412,Technology,Industrial Machinery/Components
SMXT,Solarmax Technology Inc. Common Stock,$0.6266,0.0196,3.229%,35657658.00,United States,2024,152489,Consumer Discretionary,Engineering & Construction
SMXWW,SMX (Security Matters) Public Limited Company Warrant,$0.046,-0.0015,-3.158%,140964.00,Ireland,,509,Technology,Industrial Machinery/Components
SN,SharkNinja Inc. Ordinary Shares,$114.65,-0.88,-0.762%,16230877251.00,United States,2023,1225321,Consumer Discretionary,Consumer Electronics/Appliances
SNA,Snap-On Incorporated Common Stock,$380.39,-3.01,-0.785%,19704930827.00,United States,,307256,Consumer Discretionary,Industrial Machinery/Components
SNAL,Snail Inc. Class A Common Stock,$0.6298,-0.0212,-3.257%,26843337.00,United States,2022,420374,Technology,Computer Software: Prepackaged Software
SNAP,Snap Inc. Class A Common Stock,$6.29,0.22,3.624%,10623508017.00,United States,2017,35397954,Technology,Computer Software: Programming Data Processing
SNBR,Sleep Number Corporation Common Stock,$3.10,0.09,2.99%,71432906.00,United States,,1630797,Consumer Discretionary,Home Furnishings
SNCY,Sun Country Airlines Holdings Inc. Common Stock,$15.79,-0.01,-0.063%,840395939.00,United States,2021,1028241,Consumer Discretionary,Air Freight/Delivery Services
SND,Smart Sand Inc. Common Stock,$5.39,-0.12,-2.178%,231692821.00,United States,2016,338680,Industrials,Mining & Quarrying of Nonmetallic Minerals (No Fuels)
SNDA,Sonida Senior Living Inc. Common Stock,$37.47,-0.49,-1.291%,1773952402.00,United States,,748104,Health Care,Hospital/Nursing Management
SNDK,Sandisk Corporation Common Stock,$1187.00,90.49,8.253%,175202353764.00,United States,,23013710,Technology,Electronic Components
SNDL,SNDL Inc. Common Shares,$1.41,0.05,3.676%,365472000.00,Canada,2019,2478055,Health Care, Medicinal Chemicals and Botanical Products 
SNDR,Schneider National Inc. Common Stock,$31.47,0.38,1.222%,5517840159.00,United States,2017,1716544,Industrials,Trucking Freight/Courier Services
SNDX,Syndax Pharmaceuticals Inc. Common Stock,$19.11,-2.32,-10.826%,1685513390.00,United States,2016,4675441,Health Care,Biotechnology: Pharmaceutical Preparations
SNES,SenesTech Inc. Common Stock,$1.555,0.135,9.507%,8188232.00,United States,2016,41397,Industrials,Agricultural Chemicals
SNEX,StoneX Group Inc. Common Stock,$105.19,-0.84,-0.792%,8277920213.00,United States,,479796,Finance,Investment Bankers/Brokers/Service
SNFCA,Security National Financial Corporation Class A Common Stock,$9.88,0.08,0.816%,257077600.00,United States,,59611,Finance,Finance: Consumer Services
SNGX,Soligenix Inc. Common Stock,$0.345,0.00,0.00%,3555597.00,United States,,925732,Health Care,Biotechnology: Pharmaceutical Preparations
SNN,Smith & Nephew SNATS Inc. Common Stock,$31.16,0.23,0.744%,13238700232.00,United Kingdom,,1391610,Health Care,Industrial Specialties
SNOA,Sonoma Pharmaceuticals Inc. Common Stock,$1.20,0.10,9.091%,2187406.00,United States,2007,316109,Health Care,Biotechnology: Pharmaceutical Preparations
SNOW,Snowflake Inc. Common Stock,$141.00,4.53,3.319%,48743700000.00,United States,2020,9286943,Technology,Computer Software: Prepackaged Software
SNPS,Synopsys Inc. Common Stock,$489.02,6.42,1.33%,93677662444.00,United States,1992,845899,Technology,Computer Software: Prepackaged Software
SNSE,Sensei Biotherapeutics Inc. Common Stock,$26.96,0.34,1.277%,36135378.00,United States,2021,28486,Health Care,Biotechnology: Pharmaceutical Preparations
SNT,Senstar Technologies Corporation Common Shares,$2.755,0.005,0.182%,64264929.00,Canada,,7904,Telecommunications,Telecommunications Equipment
SNTG,Sentage Holdings Inc. Class A Ordinary Shares,$1.9098,-0.0398,-2.041%,5357610.00,China,2021,5770,Finance,Finance: Consumer Services
SNTI,Senti Biosciences Holdings Inc. Common Stock,$1.02,0.0951,10.282%,31767387.00,United States,2021,284165,Health Care,Biotechnology: Biological Products (No Diagnostic Substances)
SNWV,SANUWAVE Health Inc. Common Stock,$15.73,-0.64,-3.91%,135249828.00,United States,,114405,Health Care,Medical/Dental Instruments
SNX,TD SYNNEX Corporation Common Stock,$228.20,0.02,0.009%,18345247423.00,United States,2003,512600,Technology,Retail: Computer Software & Peripheral Equipment
SNY,Sanofi ADS,$46.08,-0.50,-1.073%,112382401167.00,France,,2283344,Health Care,Biotechnology: Pharmaceutical Preparations
SNYR,Synergy CHC Corp. Common Stock,$0.32,0.0084,2.696%,4730203.00,United States,2024,459457,Health Care,Other Pharmaceuticals
SO,Southern Company (The) Common Stock,$96.71,0.01,0.01%,109119810276.00,United States,,7189322,Utilities,Electric Utilities: Central
SOAR,Volato Group Inc. Class A Common Stock,$0.261,0.025,10.593%,5250080.00,,2022,8767119,Consumer Discretionary,Transportation Services
SOBO,South Bow Corporation Common Shares,$34.72,0.48,1.402%,7241171917.00,Canada,2024,1070114,Energy,Natural Gas Distribution
SOBR,SOBR Safe Inc. Common Stock,$0.9821,0.4361,79.872%,2756341.00,United States,,250073273,Consumer Discretionary,Newspapers/Magazines
SOC,Sable Offshore Corp. Common Stock,$14.10,-0.25,-1.742%,2076141613.00,United States,2021,2674627,Energy,Oil & Gas Production
SOCA,Solarius Capital Acquisition Corp. Class A Ordinary Share,$10.19,0.00,0.00%,0.00,United States,2025,4,,
SOCAU,Solarius Capital Acquisition Corp. Units,$10.275,0.00,0.00%,0.00,United States,2025,12,Finance,Blank Checks
SOCAW,Solarius Capital Acquisition Corp. Warrant,$0.255,0.00,0.00%,0.00,United States,2025,29,,
SOFI,SoFi Technologies Inc. Common Stock  ,$16.43,0.33,2.05%,20952585056.00,United States,,78889492,Finance,Finance: Consumer Services
SOGP,Sound Group Inc. American Depositary Shares,$15.149,-2.061,-11.976%,74769011.00,China,2020,33729,Technology,Computer Software: Programming Data Processing
SOHU,Sohu.com Limited American Depositary Shares,$15.70,0.30,1.948%,409283645.00,China,,21834,Technology,EDP Services
SOJC,Southern Company (The) Series 2017B 5.25% Junior Subordinated Notes due December 1 2077,$21.72,-0.04,-0.184%,23893029680.00,United States,2017,9870,Utilities,Electric Utilities: Central
SOJD,Southern Company (The) Series 2020A 4.95% Junior Subordinated Notes due January 30 2080,$20.09,0.12,0.601%,22099952407.00,United States,2020,86741,Utilities,Electric Utilities: Central
SOJE,Southern Company (The) Series 2020C 4.20% Junior Subordinated Notes due October 15 2060,$17.32,0.03,0.174%,18957878565.00,United States,2020,67022,Basic Materials,Metal Mining
SOJF,Southern Company (The) Series 2025A 6.50% Junior Subordinated Notes due March 15 2085,$25.51,0.01,0.039%,0.00,United States,2025,32223,Basic Materials,Metal Mining
SOLS,Solstice Advanced Materials Inc. Common Stock ,$80.59,-1.36,-1.66%,12797331843.00,United States,,1326406,Industrials,Aerospace
SOLV,Solventum Corporation Common Stock,$66.63,-0.73,-1.084%,11553992074.00,United States,2024,1345376,Health Care,Medical/Dental Instruments
SOMN,Southern Company (The) 2025 Series A Corporate Units,$51.92,-0.11,-0.211%,58582365314.00,United States,,556807,Basic Materials,Metal Mining
SON,Sonoco Products Company Common Stock,$50.06,0.10,0.20%,4949366571.00,United States,,1045682,Consumer Discretionary,Containers/Packaging
SONM,DNA X Inc. Common Stock,$4.89,-0.26,-5.049%,7277631.00,United States,2019,13679,Utilities,Telecommunications Equipment
SONO,Sonos Inc. Common Stock,$14.84,0.01,0.067%,1793750230.00,United States,2018,1165478,Consumer Staples,Consumer Electronics/Appliances
SONY,Sony Group Corporation American Depositary Shares ,$19.78,-0.31,-1.543%,119174545395.00,Japan,,5054575,Consumer Staples,Consumer Electronics/Appliances
SOPA,Society Pass Incorporated Common Stock,$0.407,0.019,4.897%,5285849.00,United States,2021,222760,Real Estate,Real Estate
SOPH,SOPHiA GENETICS SA Ordinary Shares,$5.32,0.10,1.916%,381277495.00,Switzerland,2021,51485,Health Care,Biotechnology: Biological Products (No Diagnostic Substances)
SOR,Source Capital Inc. Cmn Shs of BI,$46.45,-0.06,-0.129%,387601235.00,United States,,14609,Finance,Investment Managers
SORA,AsiaStrategy Ordinary Shares,$2.79,0.00,0.00%,69370560.00,Hong Kong,2025,11274,Industrials,Other Specialty Stores
SORN,Soren Acquisition Corp. Class A Ordinary Shares,$9.90,0.00,0.00%,0.00,United States,2026,66372,Finance,Blank Checks
SORNU,Soren Acquisition Corp. Unit,$9.97,0.00,0.00%,0.00,United States,2026,17,Finance,Blank Checks
SOS,SOS Limited Class A Ordinary Shares,$1.19,0.00,0.00%,8084710.00,China,,24862,Finance,Finance: Consumer Services
SOTK,Sono-Tek Corporation Common Stock,$5.18,-0.30,-5.474%,81379815.00,United States,,36780,Technology,Industrial Machinery/Components
SOUL,Soulpower Acquisition Corporation Class A Ordinary Shares,$10.33,0.03,0.291%,0.00,,2025,10166,Consumer Discretionary,Publishing
SOUN,SoundHound AI Inc Class A Common Stock,$9.56,1.60,20.101%,4074568126.00,United States,,68123611,Technology,Computer Software: Prepackaged Software
SOUNW,SoundHound AI Inc. Warrant,$3.4601,0.8401,32.065%,1474729411.00,United States,2021,130561,Technology,Computer Software: Prepackaged Software
SOWG,Sow Good Inc. Common Stock,$1.67,-0.03,-1.765%,33489218.00,United States,,29913,Consumer Staples,Packaged Foods
SPAI,Safe Pro Group Inc. Common Stock,$4.50,0.11,2.506%,94003137.00,United States,2024,102913,Health Care,Industrial Specialties
SPB,Spectrum Brands Holdings Inc. Common Stock,$82.96,0.36,0.436%,1924571452.00,United States,,357610,Miscellaneous,Industrial Machinery/Components
SPCB,SuperCom Ltd. Ordinary Shares (Israel),$9.735,-0.075,-0.765%,53821096.00,Israel,,37355,Technology,Semiconductors
SPCE,Virgin Galactic Holdings Inc. Common Stock,$2.65,0.27,11.345%,215733095.00,United States,2017,12250555,Consumer Discretionary,Transportation Services
SPE,Special Opportunities Fund Inc Common Stock,$14.48,-0.01,-0.069%,0.00,United States,,27842,Finance,Finance/Investors Services
SPE^C,Special Opportunities Fund Inc. 2.75% Convertible Preferred Stock Series C,$24.90,0.00,0.00%,,United States,,3,,
SPEG,Silver Pegasus Acquisition Corp Class A Ordinary Shares,$10.22,0.00,0.00%,0.00,United States,2025,10,,
SPEGR,Silver Pegasus Acquisition Corp Rights.,$0.24,0.00,0.00%,0.00,United States,2025,13,,
SPEGU,Silver Pegasus Acquisition Corp Unit,$10.35,0.00,0.00%,0.00,United States,2025,168,,
SPFI,South Plains Financial Inc. Common Stock,$41.49,0.41,0.998%,678033522.00,United States,2019,138080,Finance,Major Banks
SPG,Simon Property Group Inc. Common Stock,$202.44,-1.27,-0.623%,65762266774.00,United States,,1014396,Real Estate,Real Estate Investment Trusts
SPG^J,Simon Property Group Inc. Simon Property Group 8 3/8% Series J Cumulative Redeemable Preferred Stock,$54.33,0.46,0.854%,,United States,,449,,
SPGI,S&P Global Inc. Common Stock,$426.06,-5.17,-1.199%,126113760000.00,United States,,1057756,Finance,Finance: Consumer Services
SPH,Suburban Propane Partners L.P. Common Stock,$19.89,-0.21,-1.045%,1319333157.00,United States,1996,166954,Consumer Discretionary,Other Specialty Stores
SPHL,Springview Holdings Ltd Class A Ordinary Shares,$2.59,0.0079,0.306%,31758528.00,Singapore,2024,3294,Consumer Discretionary,Homebuilding
SPHR,Sphere Entertainment Co. Class A Common Stock,$144.73,2.28,1.601%,5180205540.00,United States,2020,778979,Consumer Discretionary,Services-Misc. Amusement & Recreation
SPIR,Spire Global Inc. Class A Common Stock,$18.18,0.35,1.963%,636506979.00,United States,2020,955659,Consumer Discretionary,Telecommunications Equipment
SPKL,Spark I Acquisition Corp. Class A Ordinary Share,$11.39,-0.01,-0.088%,0.00,United States,2023,5406,,
SPKLW,Spark I Acquisition Corp. Warrant,$0.1767,-0.0217,-10.938%,0.00,United States,2023,46500,,
SPMA,Sound Point Meridian Capital Inc. 8.00% Series A Preferred Shares Due 2029,$25.0996,-0.0004,-0.002%,0.00,,,4696,,
SPMC,Sound Point Meridian Capital Inc. Common Stock,$10.45,0.35,3.465%,0.00,,2024,54821,,
SPME,Sound Point Meridian Capital Inc. 7.875% Series B Preferred Shares due 2030,$25.03,-0.02,-0.08%,0.00,,,6647,,
SPNT,SiriusPoint Ltd. Common Shares,$23.25,-0.16,-0.683%,2720006921.00,Bermuda,2013,510010,Finance,Property-Casualty Insurers
SPOK,Spok Holdings Inc. Common Stock,$10.54,-0.15,-1.403%,218497921.00,United States,,229337,Telecommunications,Telecommunications Equipment
SPOT,Spotify Technology S.A. Ordinary Shares,$441.51,-5.04,-1.129%,90877118996.00,Luxembourg,2018,1435837,Consumer Discretionary,Broadcasting
SPPL,SIMPPLE LTD. Ordinary Shares,$2.56,0.11,4.49%,25052631.00,Singapore,2023,683949,Consumer Discretionary,Diversified Commercial Services
SPRB,Spruce Biosciences Inc. Common Stock,$57.28,-0.04,-0.07%,78590623.00,United States,2020,30451,Health Care,Biotechnology: Pharmaceutical Preparations
SPRC,SciSparc Ltd. Ordinary Shares,$7.91,-0.86,-9.806%,4534352.00,Israel,,29716,Health Care,Biotechnology: Pharmaceutical Preparations
SPRO,Spero Therapeutics Inc. Common Stock,$2.48,-0.03,-1.195%,143595703.00,United States,2017,494433,Health Care,Biotechnology: Pharmaceutical Preparations
SPRU,Spruce Power Holding Corporation Class A Common Stock,$3.32,-0.01,-0.30%,60320625.00,United States,2019,32313,Consumer Discretionary,Auto Parts:O.E.M.
SPRY,ARS Pharmaceuticals Inc. Common Stock,$8.56,0.30,3.632%,850013632.00,United States,2020,1492207,Health Care,Biotechnology: Pharmaceutical Preparations
SPSC,SPS Commerce Inc. Common Stock,$58.92,2.80,4.989%,2178102003.00,United States,2010,941727,Technology,Computer Software: Prepackaged Software
SPT,Sprout Social Inc Class A Common Stock,$6.50,0.50,8.333%,387141931.00,United States,2019,1342250,Technology,Computer Software: Prepackaged Software
SPTX,Seaport Therapeutics Inc. Common Stock,$19.84,1.84,10.222%,0.00,United States,,4694329,,
SPWH,Sportsman's Warehouse Holdings Inc. Common Stock,$1.47,0.06,4.255%,57261425.00,United States,2014,184466,Consumer Discretionary,Other Specialty Stores
SPWR,SunPower Inc. Common Stock,$0.9158,0.088,10.631%,115988606.00,United States,,1805604,Technology,Semiconductors
SPWRW,SunPower Inc. Warrants,$0.1825,-0.0575,-23.958%,23114130.00,United States,,48717,Technology,Semiconductors
SPXC,SPX Technologies Inc. Common Stock,$208.13,-10.78,-4.924%,10443291140.00,United States,,1384348,Industrials,Industrial Machinery/Components
SPXX,Nuveen S&P 500 Dynamic Overwrite Fund,$17.69,0.08,0.454%,0.00,United States,,177313,Finance,Trusts Except Educational Religious and Charitable
SQFT,Presidio Property Trust Inc. Class A Common Stock,$3.45,-0.16,-4.432%,4973789.00,United States,2020,15395,Real Estate,Real Estate Investment Trusts
SQFTP,Presidio Property Trust Inc. 9.375% Series D Cumulative Redeemable Perpetual Preferred Stock $0.01 par value per share,$6.51,-0.39,-5.652%,9385324.00,United States,,3930,Real Estate,Real Estate Investment Trusts
SQFTW,Presidio Property Trust Inc. Series A Common Stock Purchase Warrants,$0.0193,0.00,0.00%,27824.00,United States,,7159,Real Estate,Real Estate Investment Trusts
SQM,Sociedad Quimica y Minera S.A. Common Stock,$92.68,0.51,0.553%,26472912045.00,Chile,1993,576749,Industrials,Mining & Quarrying of Nonmetallic Minerals (No Fuels)
SQNS,Sequans Communications S.A. American Depositary Shares (each representing one hundred (100) Ordinary Shares),$3.47,0.19,5.793%,49733574.00,France,,108989,Technology,Semiconductors
SR,Spire Inc. Common Stock,$90.41,-0.77,-0.844%,5342922521.00,United States,,248782,Utilities,Oil/Gas Transmission
SRAD,Sportradar Group AG Class A Ordinary Shares,$13.26,0.21,1.609%,4133902647.00,Switzerland,2021,5664967,Technology,Computer Software: Programming Data Processing
SRBK,SR Bancorp Inc. Common stock,$18.61,-0.70,-3.625%,155123059.00,United States,2023,54781,Finance,Banks
SRCE,1st Source Corporation Common Stock,$73.86,0.33,0.449%,1777728289.00,United States,,110145,Finance,Major Banks
SRE,DBA Sempra Common Stock,$94.67,-0.45,-0.473%,61850993077.00,United States,,2603479,Utilities,Natural Gas Distribution
SREA,DBA Sempra 5.750% Junior Subordinated Notes due 2079,$21.60,0.03,0.139%,13675950900.00,United States,2019,23482,Utilities,Natural Gas Distribution
SRFM,Surf Air Mobility Inc. Common Stock,$1.10,0.00,0.00%,92747574.00,United States,2023,3176934,Consumer Discretionary,Transportation Services
SRG,Seritage Growth Properties Class A Common Stock,$2.70,0.12,4.651%,152076439.00,United States,2015,232345,Finance,Real Estate
SRG^A,Seritage Growth Properties 7.00% Series A Cumulative Redeemable Preferred Shares of Beneficial Interest,$20.91,-0.39,-1.831%,,United States,,10764,,
SRI,Stoneridge Inc. Common Stock,$6.84,-0.16,-2.286%,193129076.00,United States,1997,242468,Consumer Discretionary,Auto Parts:O.E.M.
SRJN,Spire Inc. 6.375% Junior Subordinated Notes due 2086,$24.88,0.04,0.161%,0.00,United States,,5615,Utilities,Oil/Gas Transmission
SRL,Scully Royalty Ltd.,$6.91,0.07,1.023%,105214085.00,Canada,,1599,Finance,Commercial Banks
SRPT,Sarepta Therapeutics Inc. Common Stock (DE),$21.49,0.61,2.921%,2268723928.00,United States,,2428587,Health Care,Biotechnology: Pharmaceutical Preparations
SRRK,Scholar Rock Holding Corporation Common Stock,$46.37,-0.24,-0.515%,5532028454.00,United States,2018,1587548,Health Care,Biotechnology: Biological Products (No Diagnostic Substances)
SRTA,Strata Critical Medical Inc. Class A Common Stock,$5.08,0.06,1.195%,439149185.00,United States,2019,424021,Consumer Discretionary,Transportation Services
SRTAW,Strata Critical Medical Inc. Warrants,$0.0099,0.0022,28.571%,855822.00,United States,2019,23352,Consumer Discretionary,Transportation Services
SRTS,Sensus Healthcare Inc. Common Stock,$3.98,0.01,0.252%,65518995.00,United States,2016,18047,Health Care,Medical/Dental Instruments
SRV,NXG Cushing Midstream Energy Fund Common Shares of Beneficial Interest,$48.47,0.15,0.31%,0.00,United States,,36244,Finance,Finance Companies
SRXH,SRX Health Solutions Inc. Common Stock,$0.1193,0.0054,4.741%,35576177.00,,2021,16363148,Consumer Staples,Beverages (Production/Distribution)
SRZN,Surrozen Inc. Common Stock,$33.60,0.20,0.599%,385953355.00,United States,,62055,Health Care,Biotechnology: Biological Products (No Diagnostic Substances)
SRZNW,Surrozen Inc. Warrant,$0.0255,0.0067,35.638%,292911.00,United States,,429,Health Care,Biotechnology: Biological Products (No Diagnostic Substances)
SSAC,SPACSphere Acquisition Corp. Class A Ordinary Shares,$9.91,0.00,0.00%,0.00,United States,2026,9,Finance,Blank Checks
SSACR,SPACSphere Acquisition Corp. Rights,$0.17,0.00,0.00%,0.00,United States,2026,73,Finance,Blank Checks
SSACW,SPACSphere Acquisition Corp. Warrant,$0.0799,-0.0001,-0.125%,0.00,United States,2026,800,Finance,Blank Checks
SSB,SouthState Bank Corporation Common Stock,$97.48,-0.19,-0.195%,9579100498.00,United States,,621518,Finance,Major Banks
SSBI,Summit State Bank Common Stock,$13.53,-0.22,-1.60%,90287449.00,United States,2006,6919,Finance,Major Banks
SSD,Simpson Manufacturing Company Inc. Common Stock,$192.05,1.32,0.692%,7911311157.00,United States,,340065,Consumer Discretionary,Industrial Machinery/Components
SSEA,Starry Sea Acquisition Corp	Ordinary Shares,$10.20,0.00,0.00%,0.00,United States,2025,143,,
SSEAU,Starry Sea Acquisition Corp Unit,$10.23,-0.08,-0.776%,0.00,United States,2025,3700,Finance,Blank Checks
SSII,SS Innovations International Inc. Common Stock,$3.99,-0.03,-0.746%,775483217.00,India,,113318,Health Care,Medical/Dental Instruments
SSL,Sasol Ltd. American Depositary Shares,$13.70,-0.12,-0.868%,8896438925.00,South Africa,,969774,Energy,Oil & Gas Production
SSM,Sono Group N.V. Ordinary Shares,$6.00,-0.55,-8.397%,,Germany,,339931,,
SSNC,SS&C Technologies Holdings Inc. Common Stock,$69.29,-0.01,-0.014%,16680707334.00,United States,2010,1947560,Technology,Computer Software: Prepackaged Software
SSP,E.W. Scripps Company (The) Class A Common Stock,$4.97,0.18,3.758%,442473340.00,United States,,507665,Industrials,Broadcasting
SSRM,SSR Mining Inc. Common Stock,$29.19,0.38,1.319%,5977602080.00,Canada,,3017387,Industrials,Precious Metals
SSSS,SuRo Capital Corp. Common Stock,$13.57,0.19,1.42%,346545395.00,United States,2011,366487,Finance,Finance: Consumer Services
SSSSL,SuRo Capital Corp. 6.00% Notes due 2026,$25.08,-0.0199,-0.079%,599113724.00,United States,,3502,Finance,Finance: Consumer Services
SST,System1 Inc. Class A Common Stock,$3.94,0.70,21.605%,38995520.00,United States,2020,10140391,Technology,Computer Software: Programming Data Processing
SSTI,SoundThinking Inc. Common Stock,$6.99,0.17,2.493%,90548020.00,United States,2017,57473,Technology,Computer Software: Prepackaged Software
SSTK,Shutterstock Inc. Common Stock,$16.69,0.52,3.216%,613157454.00,United States,2012,263151,Technology,EDP Services
SSYS,Stratasys Ltd. Ordinary Shares (Israel),$8.91,0.04,0.451%,767797322.00,United States,1994,623297,Technology,Computer peripheral equipment
ST,Sensata Technologies Holding plc Ordinary Shares,$42.19,0.55,1.321%,6135778021.00,Netherlands,2010,2028941,Industrials,Industrial Machinery/Components
STAA,STAAR Surgical Company Common Stock,$27.19,0.83,3.149%,1346251645.00,United States,,974770,Health Care,Ophthalmic Goods
STAG,Stag Industrial Inc. Common Stock,$38.58,0.00,0.00%,7376691022.00,United States,2011,937514,Real Estate,Real Estate Investment Trusts
STAK,STAK Inc. Class A Ordinary Shares,$1.16,0.333,40.266%,15324005.00,China,2025,25767905,Consumer Discretionary,Oil and Gas Field Machinery
STBA,S&T Bancorp Inc. Common Stock,$44.28,0.15,0.34%,1622641131.00,United States,,276643,Finance,Major Banks
STC,Stewart Information Services Corporation Common Stock,$69.10,-0.89,-1.272%,2107738989.00,United States,,215141,Finance,Specialty Insurers
STE,STERIS plc (Ireland) Ordinary Shares,$214.40,-2.48,-1.143%,21027285360.00,United States,,679072,Health Care,Industrial Specialties
STEL,Stellar Bancorp Inc. Common Stock,$37.50,-0.06,-0.16%,1909526175.00,United States,,278460,Finance,Major Banks
STEM,Stem Inc. Class A Common Stock,$10.76,0.06,0.561%,92189001.00,United States,1992,81019,Miscellaneous,Industrial Machinery/Components
STEP,StepStone Group Inc. Class A Common Stock,$52.745,-0.155,-0.293%,6285182706.00,United States,2020,782900,Finance,Investment Managers
STEW,SRH Total Return Fund Inc. Common Stock,$17.83,0.03,0.169%,0.00,United States,,58544,Finance,Investment Managers
STEX,Streamex Corp. Common Stock,$1.18,0.4148,54.208%,115311601.00,United States,,6028186,Health Care,Biotechnology: Electromedical & Electrotherapeutic Apparatus
STFS,Star Fashion Culture Holdings Limited Class A Ordinary Shares,$4.04,0.005,0.124%,4822750.00,China,2024,882,Consumer Discretionary,Advertising
STG,Sunlands Technology Group American Depositary Shares representing Class A ordinary shares,$3.1274,-0.0927,-2.879%,41885256.00,,2018,3594,Real Estate,Other Consumer Services
STGW,Stagwell Inc. Class A Common Stock,$6.36,0.09,1.435%,1576416318.00,Canada,,1670096,Consumer Discretionary,Advertising
STHO,Star Holdings Shares of Beneficial Interest,$8.44,-0.13,-1.517%,102029219.00,United States,,19624,Real Estate,Real Estate
STI,Solidion Technology Inc. Common Stock,$4.45,-0.44,-8.998%,34468289.00,United States,2022,150777,Miscellaneous,Industrial Machinery/Components
STIM,Neuronetics Inc. Common Stock,$2.02,0.08,4.124%,140550606.00,United States,2018,3849446,Health Care,Medical/Dental Instruments
STK,Columbia Seligman Premium Technology Growth Fund Inc,$49.36,0.47,0.961%,0.00,United States,2009,48833,Finance,Investment Managers
STKE,Sol Strategies Inc. Common Shares,$1.29,0.05,4.032%,41200019.00,Canada,,110295,,
STKH,Steakholder Foods Ltd. American Depositary Shares,$1.62,-0.095,-5.539%,2236570.00,Israel,2021,8422,Consumer Staples,Packaged Foods
STKL,SunOpta Inc. Common Stock,$6.50,0.02,0.309%,769418267.00,Canada,,2917196,Industrials,Farming/Seeds/Milling
STKS,The ONE Group Hospitality Inc. Common Stock,$1.85,0.15,8.824%,58059418.00,United States,,66628,Consumer Discretionary,Restaurants
STLA,Stellantis N.V. Common Shares,$7.13,-0.15,-2.06%,20659055187.00,United Kingdom,2014,28478243,Industrials,Auto Manufacturing
STLD,Steel Dynamics Inc.,$229.27,0.61,0.267%,33063664300.00,United States,1996,941518,Industrials,Steel/Iron Ore
STM,STMicroelectronics N.V. Common Stock,$55.75,0.61,1.106%,49548824474.00,Switzerland,,8394097,Technology,Semiconductors
STN,Stantec Inc Common Stock,$91.46,0.16,0.175%,10432567363.00,Canada,,337954,Consumer Discretionary,Military/Government/Technical
STNE,StoneCo Ltd. Class A Common Shares,$11.09,0.11,1.002%,2697401026.00,Brazil,2018,4160575,Technology,EDP Services
STNG,Scorpio Tankers Inc. Common Shares,$82.99,1.66,2.041%,4295793942.00,Monaco,2010,914407,Consumer Discretionary,Marine Transportation
STOK,Stoke Therapeutics Inc. Common Stock,$33.08,0.36,1.10%,2059927393.00,United States,2019,461072,Health Care,Biotechnology: Pharmaceutical Preparations
STRA,Strategic Education Inc. Common Stock,$78.24,-0.16,-0.204%,1769234000.00,United States,1996,289717,Real Estate,Other Consumer Services
STRC,Strategy Inc Variable Rate Series A Perpetual Stretch Preferred Stock,$99.86,0.11,0.11%,34634071422.00,United States,,2566130,Technology,Computer Software: Prepackaged Software
STRD,Strategy Inc 10.00% Series A Perpetual Stride Preferred Stock,$77.19,0.34,0.442%,26771519858.00,United States,,29912,Technology,Computer Software: Prepackaged Software
STRF,Strategy Inc 10.00% Series A Perpetual Strife Preferred Stock,$101.00,0.05,0.05%,35029453371.00,United States,,128211,Technology,Computer Software: Prepackaged Software
STRK,Strategy Inc 8.00% Series A Perpetual Strike Preferred Stock,$79.69,1.45,1.853%,27638585536.00,United States,,168167,Technology,Computer Software: Prepackaged Software
STRL,Sterling Infrastructure Inc. Common Stock,$532.67,17.05,3.307%,16342706580.00,United States,,448763,Industrials,Military/Government/Technical
STRO,Sutro Biopharma Inc. Common Stock,$35.59,-1.03,-2.813%,589651098.00,United States,2018,199301,Health Care,Biotechnology: Biological Products (No Diagnostic Substances)
STRR,Star Equity Holdings Inc. Common Stock,$9.50,-0.20,-2.062%,35288197.00,United States,,455,Consumer Discretionary,Professional Services
STRRP,Star Equity Holdings Inc. 10% Series A Cumulative Perpetual Preferred Stock,$10.1699,0.0249,0.245%,37776572.00,United States,,440,,
STRS,Stratus Properties Inc. Common Stock,$30.28,0.02,0.066%,241710857.00,United States,,6695,Real Estate,Homebuilding
STRT,STRATTEC SECURITY CORPORATION Common Stock,$72.60,-2.66,-3.534%,303451883.00,United States,,119193,Consumer Discretionary,Auto Parts:O.E.M.
STRW,Strawberry Fields REIT Inc. Common Stock,$13.16,0.79,6.386%,176058520.00,United States,2023,33692,Real Estate,Real Estate Investment Trusts
STRZ,Starz Entertainment Corp. Common Shares,$19.75,1.41,7.688%,331584310.00,United States,,117161,Consumer Discretionary,Movies/Entertainment
STSS,Sharps Technology Inc. Common Stock,$1.84,0.055,3.081%,71142811.00,United States,2022,314497,Health Care,Medical/Dental Instruments
STSSW,Sharps Technology Inc. Warrant,$0.0316,-0.0001,-0.315%,1221800.00,United States,2022,2478,Finance,Finance: Consumer Services
STT,State Street Corporation Common Stock,$152.00,-0.84,-0.55%,42068589016.00,United States,,1728134,Finance,Major Banks
STT^G,State Street Corporation Depositary shares each representing a 1/4000th ownership interest in a share of Fixed-to-Floating Rate Non-Cumulative,$22.29,0.03,0.135%,,United States,,14893,,
STTK,Shattuck Labs Inc. Common Stock,$6.99,-0.16,-2.238%,528316691.00,United States,2020,390148,Health Care,Biotechnology: Pharmaceutical Preparations
STUB,StubHub Holdings Inc. Class A Common Stock,$7.63,0.34,4.664%,2721805028.00,United States,2025,2772696,Consumer Discretionary,Services-Misc. Amusement & Recreation
STVN,Stevanato Group S.p.A. Ordinary Shares,$17.71,0.71,4.176%,5363341313.00,,2021,553623,Health Care,Medical/Dental Instruments
STWD,STARWOOD PROPERTY TRUST INC. Starwood Property Trust Inc.,$18.30,-0.06,-0.327%,6783438199.00,United States,2009,1548986,Real Estate,Real Estate Investment Trusts
STX,Seagate Technology Holdings PLC Ordinary Shares (Ireland),$726.93,53.29,7.911%,162998781155.00,Ireland,2002,7365481,Technology,Electronic Components
STXS,Stereotaxis Inc. Common Stock,$1.93,0.06,3.209%,188131648.00,United States,,335358,Health Care,Biotechnology: Electromedical & Electrotherapeutic Apparatus
STZ,Constellation Brands Inc. Common Stock,$152.82,-3.76,-2.401%,26315369727.00,United States,,1503757,Consumer Staples,Beverages (Production/Distribution)
SU,Suncor Energy  Inc. Common Stock,$67.55,-0.91,-1.329%,80175834470.00,Canada,,3579995,Energy,Integrated oil Companies
SUGP,SU Group Holdings Limited Class A Ordinary Shares,$4.33,0.05,1.168%,6342463.00,Hong Kong,2024,11364,Consumer Discretionary,Diversified Commercial Services
SUI,Sun Communities Inc. Common Stock,$126.55,-1.29,-1.009%,15594852298.00,United States,1993,679367,Real Estate,Real Estate Investment Trusts
SUIG,Sui Group Holdings Limited Common Stock,$1.54,0.05,3.356%,118276423.00,United States,,228656,Finance,Finance Companies
SUMA,SUMA Acquisition Corporation Class A Ordinary Shares,$9.85,-0.01,-0.101%,0.00,Canada,2026,255,,
SUMAU,SUMA Acquisition Corporation Units,$10.085,0.00,0.00%,0.00,Canada,2026,16,Finance,Blank Checks
SUN,Sunoco LP Common Units representing limited partner interests,$68.35,-1.30,-1.866%,13999633732.00,United States,2012,660855,Energy,Integrated oil Companies
SUNB,Sunbelt Rentals Holdings Inc. Common Stock,$76.92,0.39,0.51%,31791020847.00,,2026,2339427,Consumer Discretionary,Diversified Commercial Services
SUNC,SunocoCorp LLC Common Units representing limited liability company interests,$65.97,-0.71,-1.065%,3398589552.00,,2025,356725,Energy,Integrated oil Companies
SUNE,SUNation Energy Inc. Common Stock,$1.52,0.26,20.635%,5178056.00,United States,,2867461,Utilities,Telecommunications Equipment
SUNS,Sunrise Realty Trust Inc. Common Stock,$7.63,0.14,1.869%,103154968.00,United States,,66400,Real Estate,Real Estate Investment Trusts
SUPN,Supernus Pharmaceuticals Inc. Common Stock,$47.85,-0.15,-0.313%,2749339557.00,United States,2012,622212,Health Care,Biotechnology: Pharmaceutical Preparations
SUPV,Grupo Supervielle S.A. American Depositary Shares each Representing five Class B shares,$7.89,-0.34,-4.131%,720707821.00,,2016,1208193,Finance,Commercial Banks
SUPX,SuperX AI Technology Limited Ordinary Shares,$7.68,-0.10,-1.285%,331902989.00,Hong Kong,2024,222486,,
SURG,SurgePays Inc. Common Stock,$0.5716,-0.0291,-4.844%,14359675.00,United States,,787347,Consumer Discretionary,Advertising
SUUN,PowerBank Corporation Common Stock,$0.6149,0.0539,9.608%,24865264.00,Canada,,388404,Utilities,Power Generation
SUZ,Suzano S.A. American Depositary Shares (each representing One Ordinary Share),$8.71,-0.16,-1.804%,11010464427.00,Brazil,2018,2294583,Basic Materials,Paper
SVAC,Spring Valley Acquisition Corp. III Class A Ordinary Shares,$10.36,-0.01,-0.096%,0.00,United States,2025,71020,Finance,Blank Checks
SVACU,Spring Valley Acquisition Corp. III Unit,$10.90,0.00,0.00%,0.00,United States,2025,2,Finance,Blank Checks
SVACW,Spring Valley Acquisition Corp. III Warrant,$1.79,0.03,1.705%,0.00,United States,2025,37408,Finance,Blank Checks
SVAQ,Silicon Valley Acquisition Corp. Class A Ordinary Shares,$9.92,0.00,0.00%,0.00,United States,2026,63,Finance,Blank Checks
SVAQU,Silicon Valley Acquisition Corp. Units,$10.03,0.00,0.00%,0.00,United States,2025,98,Finance,Blank Checks
SVAQW,Silicon Valley Acquisition Corp. Warrants,$0.29,0.005,1.754%,0.00,United States,2026,1250,Finance,Blank Checks
SVC,Service Properties Trust Common Stock,$1.56,0.01,0.645%,262165129.00,United States,,6740532,Real Estate,Real Estate Investment Trusts
SVCO,Silvaco Group Inc. Common Stock,$11.20,0.99,9.696%,352138147.00,United States,2024,445162,Technology,Computer Software: Prepackaged Software
SVIV,Spring Valley Acquisition Corp. IV Class A Ordinary Shares,$9.95,-0.08,-0.798%,0.00,United States,2026,3000,Finance,Blank Checks
SVIVU,Spring Valley Acquisition Corp. IV Units,$10.16,0.00,0.00%,0.00,United States,2026,8863,Finance,Blank Checks
SVIVW,Spring Valley Acquisition Corp. IV Warrants,$0.76,0.0281,3.839%,0.00,United States,2026,25003,Finance,Blank Checks
SVM,Silvercorp Metals Inc. Common Shares,$12.26,0.27,2.252%,2700592452.00,Canada,,2830244,Basic Materials,Precious Metals
SVRA,Savara Inc. Common Stock,$5.12,-0.12,-2.29%,1049201357.00,United States,,1131854,Health Care,Biotechnology: Pharmaceutical Preparations
SVRE,SaverOne 2014 Ltd. American Depositary Shares,$4.82,0.04,0.837%,3053374.00,Israel,2022,12587,Technology,EDP Services
SVREW,SaverOne 2014 Ltd. Warrant,$0.0136,0.00,0.00%,372182170.00,Israel,2022,3,Technology,EDP Services
SVRN,OceanPal Inc. Common Stock,$8.25,0.00,0.00%,14148948.00,Greece,,6181,Consumer Discretionary,Marine Transportation
SVV,Savers Value Village Inc. Common Stock,$8.32,-0.13,-1.538%,1288575833.00,United States,2023,763255,Consumer Discretionary,Other Specialty Stores
SW,Smurfit WestRock plc Ordinary Shares,$39.43,1.04,2.709%,20671324771.00,Ireland,2024,6017716,Consumer Discretionary,Containers/Packaging
SWAG,Stran & Company Inc. Common Stock,$1.55,0.00,0.00%,28969745.00,United States,2021,76422,Consumer Discretionary,Advertising
SWAGW,Stran & Company Inc. Warrant,$0.0326,0.00,0.00%,609299.00,United States,2021,10,Consumer Discretionary,Advertising
SWBI,Smith & Wesson Brands Inc. Common Stock,$15.57,0.03,0.193%,692767610.00,United States,,286888,Industrials,Ordnance And Accessories
SWIM,Latham Group Inc. Common Stock,$5.94,-0.13,-2.142%,694739192.00,United States,2021,412592,Industrials,Plastic Products
SWK,Stanley Black & Decker Inc. Common Stock,$78.53,0.37,0.473%,12207925441.00,United States,,2181711,Consumer Discretionary,Industrial Machinery/Components
SWKHL,SWK Holdings Corporation 9.00% Senior Notes due 2027,$25.36,0.04,0.158%,308057836.00,United States,,236,,
SWKS,Skyworks Solutions Inc. Common Stock,$69.40,-0.77,-1.097%,10438169668.00,United States,,4144834,Technology,Semiconductors
SWMR,Swarmer Inc Common Stock,$36.84,-1.50,-3.912%,454921650.00,United States,2026,257737,Technology,Computer Software: Prepackaged Software
SWVL,Swvl Holdings Corp Class A Common Shares,$1.95,-0.03,-1.515%,19430471.00,United Arab Emirates,,6742,Real Estate,Real Estate
SWVLW,Swvl Holdings Corp Warrant,$0.0069,-0.0001,-1.429%,68754.00,United Arab Emirates,,625412,Real Estate,Real Estate
SWX,Southwest Gas Holdings Inc. Common Stock (DE),$93.20,-0.85,-0.904%,6744383516.00,United States,,433864,Utilities,Oil & Gas Production
SWZ,Total Return Securities Fund Common Stock,$6.05,0.00,0.00%,0.00,United States,,44040,Finance,Finance Companies
SXC,SunCoke Energy Inc. Common Stock,$6.97,0.15,2.199%,591361105.00,United States,2011,1488272,Industrials,Steel/Iron Ore
SXI,Standex International Corporation Common Stock,$248.63,-24.37,-8.927%,3013080586.00,United States,,634194,Industrials,Industrial Machinery/Components
SXT,Sensient Technologies Corporation Common Stock,$112.93,-0.71,-0.625%,4800281631.00,United States,,405778,Industrials,Major Chemicals
SXTC,China SXT Pharmaceuticals Inc. Class A Ordinary Shares,$2.07,0.01,0.485%,6123219.00,China,2019,7194,Health Care,Biotechnology: Pharmaceutical Preparations
SXTP,60 Degrees Pharmaceuticals Inc. Common Stock,$1.66,0.08,5.063%,4377068.00,United States,2023,83194,Health Care,Biotechnology: Pharmaceutical Preparations
SXTPW,60 Degrees Pharmaceuticals Inc. Warrant,$0.046,0.00,0.00%,121292.00,United States,2023,2,Health Care,Biotechnology: Pharmaceutical Preparations
SY,So-Young International Inc. American Depository Shares,$3.00,-0.02,-0.662%,300906513.00,China,2019,591820,Technology,EDP Services
SYBT,Stock Yards Bancorp Inc. Common Stock,$71.86,-0.47,-0.65%,2120688485.00,United States,,123688,Finance,Major Banks
SYF,Synchrony Financial Common Stock,$75.76,-0.44,-0.577%,25483409534.00,United States,2014,3004272,Finance,Finance: Consumer Services
SYF^A,Synchrony Financial Depositary Shares each Representing a 1/40th Interest in a Share of 5.625% Fixed Rate Non-Cumulative Perpetual Preferred Stock Series A,$20.51,0.02,0.098%,,United States,,62171,,
SYF^B,Synchrony Financial Depositary Shares Each Representing a 1/40th Interest in a Share of 8.250% Fixed Rate Reset Non-Cumulative Perpetual Preferred Stock Series B,$26.32,0.02,0.076%,,United States,,19973,,
SYK,Stryker Corporation Common Stock,$294.73,-20.40,-6.474%,112876948887.00,United States,,4518445,Health Care,Medical/Dental Instruments
SYM,Symbotic Inc. Class A Common Stock,$58.89,-0.21,-0.355%,35461896831.00,United States,2021,1112052,Industrials,Industrial Machinery/Components
SYNA,Synaptics Incorporated Common Stock $0.001 Par Value,$96.50,2.91,3.109%,3737420007.00,United States,2002,780386,Technology,Semiconductors
SYNX,Silynxcom Ltd. Ordinary Shares,$1.27,-0.07,-5.224%,6714467.00,,2024,135891,Consumer Staples,Consumer Electronics/Appliances
SYPR,Sypris Solutions Inc. Common Stock,$3.37,0.04,1.201%,77610999.00,United States,,28603,Industrials,Industrial Machinery/Components
SYRE,Spyre Therapeutics Inc. Common Stock,$69.42,-5.03,-6.756%,6435115361.00,United States,2016,1463251,Health Care,Biotechnology: Pharmaceutical Preparations
SYY,Sysco Corporation Common Stock,$74.05,-0.66,-0.883%,35409422122.00,United States,,3489333,Consumer Discretionary,Food Distributors
SZZL,Sizzle Acquisition Corp. II Class A ordinary shares,$10.30,0.00,0.00%,0.00,United States,2025,75219,Finance,Blank Checks
SZZLR,Sizzle Acquisition Corp. II Right,$0.17,-0.0215,-11.227%,0.00,United States,2025,8666,Finance,Blank Checks
SZZLU,Sizzle Acquisition Corp. II Unit,$10.46,0.00,0.00%,0.00,United States,2025,8,Finance,Blank Checks
T,AT&T Inc.,$26.12,-0.01,-0.038%,181490610370.00,United States,,30987887,Telecommunications,Telecommunications Equipment
T^A,AT&T Inc. Depositary Shares each representing a 1/1000th interest in a share of 5.000% Perpetual Preferred Stock Series A,$19.99,0.06,0.301%,,United States,,84070,,
T^C,AT&T Inc. Depositary Shares each representing a 1/1000th interest in a share of 4.750% Perpetual Preferred Stock Series C,$18.80,0.04,0.213%,,United States,,66275,,
TAC,TransAlta Corporation Ordinary Shares,$12.48,0.00,0.00%,3710237045.00,Canada,,1182052,Utilities,Electric Utilities: Central
TACH,Titan Acquisition Corp. Class A Ordinary Shares,$10.34,0.00,0.00%,0.00,United States,2025,2,Finance,Blank Checks
TACHU,Titan Acquisition Corp. Units,$10.41,0.00,0.00%,0.00,United States,2025,101,Finance,Blank Checks
TACHW,Titan Acquisition Corp. Warrants,$0.2994,0.00,0.00%,0.00,United States,2025,711,Finance,Blank Checks
TACO,Berto Acquisition Corp. Ordinary Shares,$10.35,0.00,0.00%,377177101.00,United States,2025,5513,Finance,Blank Checks
TACOU,Berto Acquisition Corp. Unit,$10.75,0.20,1.896%,0.00,United States,2025,496,Finance,Blank Checks
TACOW,Berto Acquisition Corp. Warrant,$0.5501,0.0201,3.792%,0.00,United States,2025,38578,Finance,Blank Checks
TACT,TransAct Technologies Incorporated Common Stock,$3.32,-0.01,-0.30%,34117246.00,United States,1996,9210,Technology,Computer peripheral equipment
TAK,Takeda Pharmaceutical Company Limited American Depositary Shares (each representing 1/2 of a share of Common Stock),$16.62,-0.06,-0.36%,52308114233.00,Japan,2018,1280511,Health Care,Biotechnology: Pharmaceutical Preparations
TAL,TAL Education Group American Depositary Shares,$11.17,0.05,0.45%,6813942266.00,China,,2173626,Real Estate,Other Consumer Services
TALK,Talkspace Inc. Common Stock,$5.19,0.00,0.00%,867124492.00,United States,2020,805845,Health Care,Medical/Nursing Services
TALKW,Talkspace Inc. Warrant,$0.0026,-0.0005,-16.129%,434398.00,United States,2020,39683,Health Care,Medical/Nursing Services
TALO,Talos Energy Inc. Common Stock,$15.56,-0.36,-2.261%,2602276729.00,United States,2018,1404437,Energy,Oil & Gas Production
TANH,Tantech Holdings Ltd. Class A Common Shares,$0.3912,-0.0035,-0.887%,2549015.00,China,2015,49333,Industrials,Major Chemicals
TAOP,Taoping Inc. Ordinary Shares ,$1.32,0.12,10.00%,12195067.00,Hong Kong,,11259,Technology,Computer Software: Prepackaged Software
TAOX,Tao Synergies Inc. Common Stock,$5.33,0.20,3.899%,39825392.00,United States,,227823,Health Care,Biotechnology: Pharmaceutical Preparations
TAP,Molson Coors Beverage Company Class B Common Stock,$42.14,-0.60,-1.404%,7921278594.00,Canada,,4517657,Consumer Staples,Beverages (Production/Distribution)
TARA,Protara Therapeutics Inc.  Common Stock,$5.32,-0.01,-0.188%,292921860.00,United States,2014,395488,Health Care,Biotechnology: Biological Products (No Diagnostic Substances)
TARS,Tarsus Pharmaceuticals Inc. Common Stock,$63.62,0.01,0.016%,2737184272.00,United States,2020,576725,Health Care,Biotechnology: Biological Products (No Diagnostic Substances)
TASK,TaskUs Inc. Class A Common Stock,$6.54,0.06,0.926%,592270588.00,United States,2021,410473,Technology,EDP Services
TATT,TAT Technologies Ltd. Ordinary Shares,$36.59,-0.12,-0.327%,475052983.00,Israel,,92030,Industrials,Aerospace
TAVI,Tavia Acquisition Corp. Ordinary Shares,$10.61,0.00,0.00%,0.00,United States,2024,67,Finance,Blank Checks
TAVIR,Tavia Acquisition Corp. Right,$0.1325,0.0125,10.417%,0.00,United States,2024,6769,Finance,Blank Checks
TAVIU,Tavia Acquisition Corp. Unit,$10.60,-0.04,-0.376%,0.00,United States,2024,500,Finance,Blank Checks
TAYD,Taylor Devices Inc. Common Stock,$53.16,-2.34,-4.216%,171127994.00,United States,,29480,Industrials,Industrial Machinery/Components
TBB,AT&T Inc. 5.350% Global Notes due 2066,$21.59,0.07,0.325%,154376822513.00,United States,2017,70395,Telecommunications,Telecommunications Equipment
TBBB,BBB Foods Inc. Class A Common Shares,$36.58,0.08,0.219%,4311214108.00,Mexico,2024,170597,Consumer Staples,Food Chains
TBBK,The Bancorp Inc Common Stock,$59.21,-0.62,-1.036%,2478161189.00,United States,2004,348463,Finance,Major Banks
TBCH,Turtle Beach Corporation Common Stock,$11.22,-0.30,-2.604%,222683015.00,United States,,207339,Telecommunications,Telecommunications Equipment
TBH,Brag House Holdings Inc. Common Stock,$0.7101,0.009,1.284%,16684598.00,United States,2025,297057,Consumer Discretionary,Services-Misc. Amusement & Recreation
TBI,TrueBlue Inc. Common Stock,$5.88,0.39,7.104%,178515900.00,United States,,464693,Consumer Discretionary,Professional Services
TBLA,Taboola.com Ltd. Ordinary Shares,$3.79,0.03,0.798%,926022521.00,Israel,,1011847,Technology,Computer Software: Programming Data Processing
TBLAW,Taboola.com Ltd. Warrant,$0.007,-0.0025,-26.316%,1710332.00,Israel,,1500,Technology,Computer Software: Programming Data Processing
TBLD,Thornburg Income Builder Opportunities Trust Common Stock,$21.83,0.03,0.138%,700347506.00,United States,2021,52648,Finance,Investment Managers
TBN,Tamboran Resources Corporation Common stock,$35.89,-0.21,-0.582%,919641448.00,,2024,52462,Energy,Oil & Gas Production
TBPH,Theravance Biopharma Inc. Ordinary Shares,$16.79,0.05,0.299%,864936313.00,Cayman Islands,,299361,Health Care,Biotechnology: Pharmaceutical Preparations
TBRG,TruBridge Inc. Common Stock,$25.79,0.09,0.35%,384447017.00,United States,2002,385140,Technology,EDP Services
TC,Token Cat Limited American Depositary Shares,$9.50,-0.05,-0.524%,18883901.00,China,2018,169,Real Estate,Real Estate
TCBI,Texas Capital Bancshares Inc. Common Stock,$101.38,0.68,0.675%,4427359796.00,United States,2003,377456,Finance,Major Banks
TCBIO,Texas Capital Bancshares Inc. Depositary Shares 5.75% Fixed Rate Non-Cumulative Perpetual Preferred Stock Series B,$21.58,-0.035,-0.162%,942418864.00,United States,,7727,Finance,Major Banks
TCBK,TriCo Bancshares Common Stock,$50.61,0.34,0.676%,1614994960.00,United States,,81435,Finance,Major Banks
TCBS,Texas Community Bancshares Inc. Common Stock,$16.59,-0.36,-2.124%,47868653.00,United States,2021,8948,Finance,Banks
TCBX,Third Coast Bancshares Inc. Common Stock,$37.80,0.46,1.232%,626046889.00,United States,,84571,Finance,Banks
TCI,Transcontinental Realty Investors Inc. Common Stock,$36.26,0.84,2.372%,313261598.00,United States,,3003,Real Estate,Real Estate Investment Trusts
TCMD,Tactile Systems Technology Inc. Common Stock,$22.89,-0.13,-0.565%,520756885.00,United States,2016,331215,Health Care,Medical/Dental Instruments
TCOM,Trip.com Group Limited American Depositary Shares,$54.22,0.01,0.018%,34142617137.00,China,2003,1416431,Real Estate,Real Estate
TCPA,TransCanada PipeLines Limited 6.250% Junior Subordinated Notes due 2085,$23.98,0.05,0.209%,0.00,Canada,2025,3191,Utilities,Natural Gas Distribution
TCPC,BlackRock TCP Capital Corp. Common Stock,$4.39,0.07,1.62%,369765802.00,United States,2012,413061,Finance,Finance/Investors Services
TCRT,Alaunos Therapeutics Inc. Common Stock,$2.61,0.06,2.353%,6207240.00,United States,,11504,Health Care,Biotechnology: Pharmaceutical Preparations
TCRX,TScan Therapeutics Inc. Common Stock,$1.22,0.06,5.172%,73323598.00,United States,2021,616974,Health Care,Biotechnology: Biological Products (No Diagnostic Substances)
TCX,Tucows Inc. Class A Common Stock,$15.83,0.10,0.636%,176251426.00,Canada,,22197,Technology,EDP Services
TD,Toronto Dominion Bank (The) Common Stock,$107.31,-0.39,-0.362%,179082112853.00,Canada,,2305952,Finance,Commercial Banks
TDAC,Translational Development Acquisition Corp. Ordinary Shares,$10.64,0.01,0.094%,0.00,United States,2025,102,,
TDACU,Translational Development Acquisition Corp. Units,$10.44,0.00,0.00%,0.00,United States,2024,2,,
TDAY,USA TODAY Co. Inc. Common Stock,$7.38,0.15,2.075%,1082661579.00,United States,2014,1897364,Consumer Discretionary,Newspapers/Magazines
TDC,Teradata Corporation Common Stock,$27.96,1.61,6.11%,2643070292.00,United States,,1944000,Technology,Computer Software: Prepackaged Software
TDF,Templeton Dragon Fund Inc. Common Stock,$11.25,-0.02,-0.177%,0.00,United States,,64836,Finance,Finance/Investors Services
TDG,Transdigm Group Incorporated Common Stock,$1154.45,-5.53,-0.477%,65195904805.00,United States,2006,310995,Industrials,Military/Government/Technical
TDIC,Dreamland Limited Class A Ordinary Shares,$1.21,-0.01,-0.82%,8954000.00,Hong Kong,2025,157854,Consumer Discretionary,Other Consumer Services
TDOC,Teladoc Health Inc. Common Stock,$6.46,0.40,6.601%,1165584919.00,United States,2015,9876678,Health Care,Medical/Nursing Services
TDS,Telephone and Data Systems Inc. Common Shares,$45.48,0.42,0.932%,5177483814.00,United States,,1012569,Telecommunications,Telecommunications Equipment
TDS^U,Telephone and Data Systems Inc. Depositary Shares Each Representing a 1/1000th Interest in a 6.625% Series UU Cumulative Redeemable Perpetual Preferred Stock,$21.44,0.01,0.047%,,United States,,6330,,
TDS^V,Telephone and Data Systems Inc. Depositary Shares Each Representing a 1/1000th Interest in a 6.000% Series VV Cumulative Redeemable Perpetual Preferred Stock,$19.7316,0.0416,0.211%,,United States,,9424,,
TDTH,Trident Digital Tech Holdings Ltd American Depository Shares,$2.45,0.37,17.788%,11373366.00,Singapore,2024,82006,Real Estate,Real Estate
TDUP,ThredUp Inc. Class A Common Stock,$4.48,0.19,4.429%,577891400.00,United States,2021,2361124,Consumer Discretionary,Catalog/Specialty Distribution
TDW,Tidewater Inc. Common Stock,$87.85,-1.48,-1.657%,4368764248.00,United States,2017,631015,Consumer Discretionary,Marine Transportation
TDWDR,Tailwind 2.0 Acquisition Corp. Rights,$0.1201,0.00,0.00%,0.00,United States,2025,253,Finance,Blank Checks
TDY,Teledyne Technologies Incorporated Common Stock,$640.33,-5.52,-0.855%,29665936936.00,United States,,226725,Industrials,Industrial Machinery/Components
TE,T1 Energy Inc. Common Stock,$5.15,0.35,7.292%,1437039247.00,Luxembourg,2021,9155524,Miscellaneous,Industrial Machinery/Components
TEAD,Teads Holding Co. Common Stock,$0.9283,0.0551,6.31%,90037144.00,United States,2021,151822,Technology,Computer Software: Programming Data Processing
TEAM,Atlassian Corporation Class A Common Stock,$88.88,20.29,29.582%,23441573297.00,Australia,2015,27365885,Technology,Computer Software: Prepackaged Software
TECH,Bio-Techne Corp Common Stock,$55.02,-0.30,-0.542%,8608060126.00,United States,,1954436,Health Care,Biotechnology: Biological Products (No Diagnostic Substances)
TECK,Teck Resources Ltd Ordinary Shares,$57.95,-0.48,-0.821%,28369006999.00,Canada,,2341667,Industrials,Mining & Quarrying of Nonmetallic Minerals (No Fuels)
TECX,Tectonic Therapeutic Inc. Common Stock,$29.06,1.09,3.897%,547737410.00,United States,2018,117266,Health Care,Biotechnology: Biological Products (No Diagnostic Substances)
TEI,Templeton Emerging Markets Income Fund Inc. Common Stock,$6.48,0.01,0.155%,0.00,United States,1993,121345,Finance,Finance Companies
TEL,TE Connectivity plc Ordinary Shares,$207.43,-4.23,-1.998%,60547945587.00,Ireland,,2728091,Technology,Electronic Components
TELA,TELA Bio Inc. Common Stock,$0.9891,0.1143,13.066%,44252701.00,United States,2019,978860,Health Care,Medical/Dental Instruments
TELO,Telomir Pharmaceuticals Inc. Common Stock,$1.40,0.00,0.00%,48133359.00,United States,2024,158991,Health Care,Biotechnology: Pharmaceutical Preparations
TEM,Tempus AI Inc. Class A Common Stock,$55.00,-0.48,-0.865%,9867254100.00,United States,2024,4499828,Technology,Computer Software: Programming Data Processing
TEN,Tsakos Energy Navigation Ltd Common Shares,$42.40,1.72,4.228%,1277410367.00,Greece,,390873,Consumer Discretionary,Marine Transportation
TEN^E,Tsakos Energy Navigation Ltd Series E Fixed-to-Floating Rate Cumulative Redeemable Perpetual Preferred Shares par value $1.00,$26.62,0.09,0.339%,,Greece,,1154,,
TEN^F,Tsakos Energy Navigation Ltd Series F Fixed-to-Floating Rate Cumulative Redeemable Perpetual Preferred Shares par value $1.00,$27.45,0.09,0.329%,,Greece,,7185,,
TENB,Tenable Holdings Inc. Common Stock,$21.23,0.34,1.628%,2431478842.00,United States,2018,3715575,Technology,Computer Software: Prepackaged Software
TENX,Tenax Therapeutics Inc. Common Stock,$12.78,-0.33,-2.517%,329410890.00,United States,,451696,Health Care,Biotechnology: Pharmaceutical Preparations
TEO,Telecom Argentina SA,$11.85,-0.09,-0.754%,5104240584.00,Argentina,,226894,Telecommunications,Telecommunications Equipment
TER,Teradyne Inc. Common Stock,$345.42,1.95,0.568%,54078757620.00,United States,,2875091,Industrials,Electrical Products
TERN,Terns Pharmaceuticals Inc. Common Stock,$52.93,0.00,0.00%,6108830839.00,United States,2021,2750801,Health Care,Biotechnology: Pharmaceutical Preparations
TEVA,Teva Pharmaceutical Industries Limited American Depositary Shares,$34.95,-0.12,-0.342%,40696722671.00,Israel,,6629885,Health Care,Biotechnology: Pharmaceutical Preparations
TEX,Terex Corporation Common Stock,$61.87,-0.33,-0.531%,7066579557.00,United States,,2127885,Industrials,Construction/Ag Equipment/Trucks
TFC,Truist Financial Corporation Common Stock,$50.93,-0.57,-1.107%,63204626669.00,United States,,4847722,Finance,Major Banks
TFC^I,Truist Financial Corporation Depositary Shares,$19.19,-0.03,-0.156%,,United States,,5830,,
TFC^O,Truist Financial Corporation Depositary Shares Each Representing a 1/1000th Interest in a Share of Series O Non-Cumulative Perpetual Preferred Stock,$21.52,0.03,0.14%,,United States,,21764,,
TFC^R,Truist Financial Corporation Depositary Shares each representing 1/1000th interest in a share of Series R Non-Cumulative Perpetual Preferred Stock,$18.73,-0.05,-0.266%,,United States,,49236,,
TFII,TFI International Inc. Common Shares,$142.47,-0.71,-0.496%,11709043837.00,Canada,,379866,Industrials,Trucking Freight/Courier Services
TFIN,Triumph Financial Inc. Common Stock,$67.55,-0.13,-0.192%,1608112390.00,United States,,275122,Finance,Major Banks
TFIN^,Triumph Financial Inc. Depositary Shares Each Representing a 1/40th Interest in a Share of 7.125% Series C Fixed-Rate Non-Cumulative Perpetual Preferred Stock,$22.10,-0.065,-0.293%,,United States,,754,,
TFPM,Triple Flag Precious Metals Corp. Common Shares,$31.53,-0.38,-1.191%,6514221345.00,Canada,2022,352577,Industrials,Precious Metals
TFSL,TFS Financial Corporation Common Stock,$15.03,-0.01,-0.066%,4216979109.00,United States,2007,797838,Finance,Savings Institutions
TFX,Teleflex Incorporated Common Stock,$121.77,-2.14,-1.727%,5382302435.00,United States,,839962,Health Care,Medical/Dental Instruments
TG,Tredegar Corporation Common Stock,$10.00,0.40,4.167%,347569800.00,United States,,119495,Industrials,Metal Fabrications
TGB,Taseko Mines Ltd. Common Stock,$7.15,-0.01,-0.14%,2606583623.00,Canada,,3270194,Basic Materials,Precious Metals
TGE,The Generation Essentials Group Class A Ordinary Shares,$1.09,0.05,4.808%,52822566.00,,2025,11791,Consumer Discretionary,Newspapers/Magazines
TGEN,Tecogen Inc. Common Stock,$4.95,0.17,3.556%,148030884.00,United States,2025,529241,Industrials,Industrial Machinery/Components
TGHL,The GrowHub Limited Class A Ordinary Shares,$0.3692,0.0032,0.874%,9340690.00,Singapore,2025,8818,Technology,EDP Services
TGL,Treasure Global Inc. Common Stock,$4.20,0.00,0.00%,7038045.00,United States,2022,6734,Real Estate,Real Estate
TGLS,Tecnoglass Inc. Ordinary Shares,$42.57,-0.51,-1.184%,1904484996.00,Colombia,2022,235242,Consumer Discretionary,Electronic Components
TGS,Transportadora de Gas del Sur SA TGS Common Stock,$29.27,-1.24,-4.064%,4406663245.00,Argentina,,390239,Utilities,Natural Gas Distribution
TGT,Target Corporation Common Stock,$128.89,-0.86,-0.663%,58538776476.00,United States,,3725421,Consumer Discretionary,Department/Specialty Retail Stores
TGTX,TG Therapeutics Inc. Common Stock,$33.85,0.07,0.207%,5405447466.00,United States,,1503124,Health Care,Biotechnology: Pharmaceutical Preparations
TH,Target Hospitality Corp. Common Stock,$14.68,0.14,0.963%,1461549241.00,United States,2018,1329803,Consumer Discretionary,Hotels/Resorts
THC,Tenet Healthcare Corporation Common Stock,$183.27,6.15,3.472%,16055985787.00,United States,,3327952,Health Care,Hospital/Nursing Management
THCH,TH International Limited Ordinary shares,$2.10,-0.03,-1.408%,69811522.00,China,,2165,Consumer Discretionary,Restaurants
THFF,First Financial Corporation Common Stock,$66.09,0.42,0.64%,785935407.00,United States,,54056,Finance,Major Banks
THG,Hanover Insurance Group Inc,$186.84,-0.85,-0.453%,6574675392.00,United States,,369018,Finance,Property-Casualty Insurers
THH,TryHard Holdings Limited Ordinary Shares,$0.3663,-0.0078,-2.085%,19650621.00,Japan,2025,36837,Consumer Discretionary,Services-Misc. Amusement & Recreation
THM,International Tower Hill Mines Ltd. Ordinary Shares (Canada),$2.35,0.00,0.00%,614848062.00,Canada,,827172,Basic Materials,Metal Mining
THO,Thor Industries Inc. Common Stock,$78.18,-0.86,-1.088%,4111950042.00,United States,,494392,Industrials,Homebuilding
THQ,abrdn Healthcare Opportunities Fund Shares of Beneficial Interest,$18.56,-0.10,-0.536%,0.00,United States,2014,89348,Finance,Finance Companies
THR,Thermon Group Holdings Inc. Common Stock,$60.52,0.03,0.05%,1987983473.00,United States,2011,371901,Energy,Industrial Machinery/Components
THRM,Gentherm Inc Common Stock,$30.30,0.20,0.664%,929218887.00,United States,,271860,Consumer Discretionary,Auto Parts:O.E.M.
THRY,Thryv Holdings Inc. Common Stock,$3.83,0.25,6.983%,169152038.00,United States,,1834699,Consumer Discretionary,Advertising
THW,abrdn World Healthcare Fund Shares of Beneficial Interest,$12.58,-0.17,-1.333%,0.00,United States,2015,77230,Finance,Finance Companies
TIC,TIC Solutions Inc. Common Stock,$9.38,0.24,2.626%,2074418817.00,United States,2025,2511266,Real Estate,Real Estate
TIGO,Millicom International Cellular S.A. Common Stock,$84.32,-0.56,-0.66%,14127042701.00,Luxembourg,,1094528,Telecommunications,Telecommunications Equipment
TIGR,UP Fintech Holding Ltd American Depositary Share representing fifteen Class A Ordinary Shares,$6.77,0.17,2.576%,1284264505.00,China,2019,2187372,Finance,Investment Bankers/Brokers/Service
TII,Titan Mining Corporation Common Shares,$2.71,0.02,0.743%,266360762.00,,2025,143380,,
TIL,Instil Bio Inc. Common Stock,$7.90,-0.08,-1.003%,53577610.00,United States,2021,8389,Health Care,Biotechnology: Biological Products (No Diagnostic Substances)
TILE,Interface Inc. Common Stock,$27.83,-0.05,-0.179%,1626079877.00,United States,,519076,Consumer Discretionary,Home Furnishings
TIMB,TIM S.A. American Depositary Shares (Each representing 5 Common Shares) ,$25.64,-0.30,-1.157%,12266821564.00,Brazil,2020,200962,Telecommunications,Telecommunications Equipment
TIPT,Tiptree Inc. Common Stock,$17.12,-0.12,-0.696%,648455216.00,United States,,271518,Finance,Property-Casualty Insurers
TISI,Team Inc. Common Stock,$17.50,0.05,0.287%,79999185.00,United States,,10716,Consumer Discretionary,Other Consumer Services
TITN,Titan Machinery Inc. Common Stock,$21.22,0.31,1.483%,494620524.00,United States,2007,110147,Consumer Discretionary,Other Specialty Stores
TJGC,TJGC Group Limited Ordinary Shares,$1.85,0.20,12.121%,28305000.00,Hong Kong,2025,97663,Consumer Discretionary,Advertising
TJX,TJX Companies Inc. (The) Common Stock,$156.83,0.08,0.051%,173581114867.00,United States,,4125070,Consumer Discretionary,Clothing/Shoe/Accessory Stores
TK,Teekay Corporation Ltd. Common Stock,$13.46,0.10,0.749%,1168039041.00,Bermuda,,324729,Consumer Discretionary,Marine Transportation
TKC,Turkcell Iletisim Hizmetleri AS Common Stock,$6.35,0.03,0.475%,5588000000.00,Turkey,,1317300,Telecommunications,Telecommunications Equipment
TKLF,Tokyo Lifestyle Co. Ltd. American Depositary Shares,$2.24,-0.02,-0.885%,9481429.00,Japan,2022,1674,Consumer Discretionary,Other Specialty Stores
TKNO,Alpha Teknova Inc. Common Stock,$3.40,-0.15,-4.225%,182274680.00,United States,2021,90225,Health Care,Biotechnology: In Vitro & In Vivo Diagnostic Substances
TKO,TKO Group Holdings Inc. Class A Common Stock,$185.95,-0.14,-0.075%,35539933254.00,United States,2023,1028679,Consumer Discretionary,Services-Misc. Amusement & Recreation
TKR,Timken Company (The) Common Stock,$109.00,-1.89,-1.704%,7605807341.00,United States,,1151969,Industrials,Metal Fabrications
TLF,Tandy Leather Factory Inc. Common Stock,$2.34,0.00,0.00%,19055951.00,United States,,3753,Consumer Discretionary,Apparel
TLIH,Ten-League International Holdings Limited Ordinary Shares,$3.66,1.233,50.803%,107619892.00,Singapore,2025,19742248,,
TLK,PT Telekomunikasi Indonesia Tbk,$16.64,-0.27,-1.597%,16483952842.00,Indonesia,,1498598,Telecommunications,Telecommunications Equipment
TLN,Talen Energy Corporation Common Stock,$372.16,-0.26,-0.07%,16894205805.00,United States,,574071,Utilities,Electric Utilities: Central
TLNC,Talon Capital Corp. Class A Ordinary Shares,$10.205,0.00,0.00%,0.00,United States,2025,27,,
TLNCU,Talon Capital Corp. Units,$10.35,0.00,0.00%,0.00,United States,2025,5,Finance,Blank Checks
TLPH,Talphera Inc. Common Stock,$0.9186,0.0096,1.056%,47675017.00,United States,2011,168883,Health Care,Biotechnology: Pharmaceutical Preparations
TLRY,Tilray Brands Inc. Common Stock ,$6.16,-0.08,-1.282%,717779216.00,United States,2018,4101314,Health Care, Medicinal Chemicals and Botanical Products 
TLS,Telos Corporation Common Stock,$4.42,0.15,3.513%,341471564.00,United States,2020,538741,Technology,EDP Services
TLSA,Tiziana Life Sciences Ltd. Common Shares,$1.34,0.06,4.688%,170527236.00,United Kingdom,2018,76911,Health Care,Biotechnology: Pharmaceutical Preparations
TLSI,TriSalus Life Sciences Inc. Common Stock,$4.39,0.07,1.62%,269609018.00,United States,2021,61807,Health Care,Medical Specialities
TLSIW,TriSalus Life Sciences Inc. Warrant,$0.9899,0.00,0.00%,60794070.00,United States,2021,3,Health Care,Medical Specialities
TLX,Telix Pharmaceuticals Limited American Depositary Shares,$11.26,0.26,2.364%,3814629572.00,Australia,,136822,Health Care,Biotechnology: Pharmaceutical Preparations
TLYS,Tilly's Inc. Common Stock,$4.40,0.33,8.108%,134149048.00,United States,2012,159488,Consumer Discretionary,Clothing/Shoe/Accessory Stores
TM,Toyota Motor Corporation Common Stock,$188.71,-3.91,-2.03%,246246353690.00,Japan,,441012,Industrials,Auto Manufacturing
TMC,TMC the metals company Inc. Common Stock,$5.40,0.16,3.053%,2339216210.00,Canada,,7904976,Basic Materials,Metal Mining
TMCI,Treace Medical Concepts Inc. Common Stock,$1.86,0.05,2.762%,120499051.00,United States,2021,330011,Health Care,Medical/Dental Instruments
TMCR,The Metals Royalty Company Inc. Common Stock,$15.70,0.28,1.816%,864459474.00,Canada,,8965,Basic Materials,Precious Metals
TMCWW,TMC the metals company Inc. Warrants,$0.3065,0.0216,7.582%,132772179.00,Canada,,76887,Basic Materials,Metal Mining
TMDE,TMD Energy Limited Ordinary Shares,$1.27,0.02,1.60%,29927550.00,,2025,330198,Energy,Oil Refining/Marketing
TMDX,TransMedics Group Inc. Common Stock,$100.01,-0.78,-0.774%,3454761242.00,United States,2019,847464,Health Care,Biotechnology: Electromedical & Electrotherapeutic Apparatus
TME,Tencent Music Entertainment Group American Depositary Shares each representing two Class A Ordinary Shares,$9.10,-0.07,-0.763%,14322530950.00,United States,2018,4353761,Consumer Discretionary,Broadcasting
TMHC,Taylor Morrison Home Corporation Common Stock,$60.39,-0.35,-0.576%,5642096025.00,United States,2013,851628,Consumer Discretionary,Homebuilding
TMO,Thermo Fisher Scientific Inc Common Stock,$469.21,-9.75,-2.036%,174304122127.00,United States,,1425371,Industrials,Industrial Machinery/Components
TMP,Tompkins Financial Corporation Common Stock,$84.55,0.28,0.332%,1218744453.00,United States,1997,43247,Finance,Major Banks
TMQ,Trilogy Metals Inc. Common Stock,$4.45,0.03,0.679%,767828094.00,Canada,,2192945,Basic Materials,Precious Metals
TMTS,Spartacus Acquisition Corp. II Class A Ordinary Shares,$10.00,-0.02,-0.20%,0.00,United States,2026,10189,,
TMTSU,Spartacus Acquisition Corp. II Unit,$10.15,0.00,0.00%,0.00,United States,2026,3195,Finance,Blank Checks
TMTSW,Spartacus Acquisition Corp. II Warrants,$0.5661,0.0661,13.22%,0.00,United States,2026,100,,
TMUS,T-Mobile US Inc. Common Stock,$196.06,0.56,0.286%,212177056815.00,United States,,3451226,Telecommunications,Telecommunications Equipment
TMUSI,T-Mobile US Inc. 5.500% Senior Notes due June 2070,$22.10,-0.09,-0.406%,0.00,United States,,12705,Telecommunications,Telecommunications Equipment
TMUSL,T-Mobile US Inc. 6.250% Senior Notes due 2069,$25.005,0.055,0.22%,0.00,United States,,5469,Telecommunications,Telecommunications Equipment
TMUSZ,T-Mobile US Inc. 5.500% Senior Notes due March 2070,$22.20,0.00,0.00%,0.00,United States,,7284,Telecommunications,Telecommunications Equipment
TNC,Tennant Company Common Stock,$82.78,-0.26,-0.313%,1490654642.00,United States,,423242,Industrials,Industrial Machinery/Components
TNDM,Tandem Diabetes Care Inc. Common Stock,$19.42,-0.105,-0.538%,1329753894.00,United States,2013,1617996,Health Care,Medical/Dental Instruments
TNET,TriNet Group Inc. Common Stock,$44.47,-1.31,-2.862%,2051011054.00,United States,2014,519224,Real Estate,Real Estate
TNGX,Tango Therapeutics Inc.,$20.98,-0.64,-2.96%,3026202846.00,United States,2020,3017417,Health Care,Biotechnology: Pharmaceutical Preparations
TNK,Teekay Tankers Ltd.,$80.48,1.93,2.457%,2788137692.00,Bermuda,2007,347684,Consumer Discretionary,Marine Transportation
TNL,Travel   Leisure Co. Common  Stock,$64.40,-0.26,-0.402%,4019952070.00,United States,,789964,Consumer Discretionary,Hotels/Resorts
TNMG,TNL Mediagene Ordinary Shares,$0.8501,-0.0139,-1.609%,2173200.00,Taiwan,,46090,Consumer Discretionary,Advertising
TNON,Tenon Medical Inc. Common Stock,$0.7823,0.0183,2.395%,8837157.00,United States,2022,113794,Health Care,Medical/Dental Instruments
TNONW,Tenon Medical Inc. Warrant,$0.008,0.00,0.00%,90371.00,United States,,10500,Health Care,Medical/Dental Instruments
TNXP,Tonix Pharmaceuticals Holding Corp. Common Stock,$13.60,0.67,5.182%,182313454.00,United States,,355611,Health Care,Biotechnology: Pharmaceutical Preparations
TNYA,Tenaya Therapeutics Inc. Common Stock,$0.7058,0.0147,2.127%,153157807.00,United States,2021,2504713,Health Care,Biotechnology: Biological Products (No Diagnostic Substances)
TOI,The Oncology Institute Inc. Common Stock,$4.05,0.19,4.922%,400298533.00,United States,2020,2271149,Health Care,Medical/Nursing Services
TOL,Toll Brothers Inc. Common Stock,$139.84,-2.30,-1.618%,13243826880.00,United States,,780263,Consumer Discretionary,Homebuilding
TOMZ,TOMI Environmental Solutions Inc. Common Stock,$0.69,0.0199,2.97%,14172972.00,United States,,435945,Industrials,Major Chemicals
TONX,TON Strategy Company Common Stock,$2.12,0.09,4.433%,119844908.00,United States,,279366,Consumer Discretionary,Other Consumer Services
TOON,Kartoon Studios Inc. Common Stock,$0.6367,-0.012,-1.85%,35869153.00,United States,,74346,Consumer Discretionary,Movies/Entertainment
TOP,TOP Financial Group Limited Class A Ordinary Shares,$0.7817,-0.0181,-2.263%,28976216.00,Hong Kong,2022,17111,Finance,Investment Bankers/Brokers/Service
TOPP,Toppoint Holdings Inc. Common Stock,$0.834,0.0338,4.224%,16429800.00,,2025,18143,Industrials,Trucking Freight/Courier Services
TOPS,TOP Ships Inc. Common Stock,$2.22,0.02,0.909%,12211820.00,Greece,,43620,Consumer Discretionary,Marine Transportation
TORO,Toro Corp. Common Stock,$7.68,0.24,3.226%,221584005.00,Cyprus,,688239,Consumer Discretionary,Marine Transportation
TOST,Toast Inc. Class A Common Stock,$29.11,0.59,2.069%,16875037162.00,United States,2021,7939617,Technology,EDP Services
TOUR,Tuniu Corporation American Depositary Shares,$7.11,-0.26,-3.528%,77241312.00,China,2014,99133,Consumer Discretionary,Transportation Services
TOVX,Theriva Biologics Inc. Common Stock,$0.3896,0.031,8.645%,17879783.00,United States,,10764005,Health Care,Biotechnology: Pharmaceutical Preparations
TOWN,TowneBank Common Stock,$35.73,0.17,0.478%,2666077201.00,United States,,351123,Finance,Major Banks
TOYO,TOYO Co. Ltd Ordinary Shares,$12.71,0.97,8.262%,479916852.00,Japan,,193589,Consumer Discretionary,Miscellaneous manufacturing industries
TPB,Turning Point Brands Inc. Common Stock,$82.60,1.92,2.38%,1597543637.00,United States,2016,324020,Consumer Discretionary,Tobacco
TPC,Tutor Perini Corporation Common Stock,$93.68,0.76,0.818%,4928945377.00,United States,1970,387426,Consumer Discretionary,General Bldg Contractors - Nonresidential Bldgs
TPCS,TechPrecision Corporation Common stock,$4.25,0.03,0.711%,42548161.00,United States,,15042,Industrials,Metal Fabrications
TPET,Trio Petroleum Corp. Common Stock,$0.535,0.004,0.753%,19924563.00,,2023,3267836,Energy,Oil & Gas Production
TPG,TPG Inc. Class A Common Stock,$44.22,0.60,1.376%,16698992328.00,United States,2022,4905582,Finance,Investment Managers
TPGXL,TPG Operating Group II L.P. 6.950% Fixed-Rate Junior Subordinated Notes due 2064,$24.97,0.02,0.08%,9109699602.00,United States,,5402,,
TPH,Tri Pointe Homes Inc. Common Stock,$46.86,-0.03,-0.064%,3990779557.00,United States,2013,1692075,Consumer Discretionary,Homebuilding
TPL,Texas Pacific Land Corporation Common Stock,$433.62,-10.05,-2.265%,29894436645.00,United States,,373778,Energy,Oil & Gas Production
TPR,Tapestry Inc. Common Stock,$142.74,-2.30,-1.586%,28899743191.00,United States,,1440406,Consumer Discretionary,Apparel
TPST,Tempest Therapeutics Inc. Common Stock,$2.04,0.05,2.513%,29261829.00,United States,,153016,Health Care,Biotechnology: Pharmaceutical Preparations
TPTA,Terra Property Trust Inc. 6.00% Notes due 2026,$24.00,0.00,0.00%,584162736.00,,2021,122,Real Estate,Real Estate Investment Trusts
TPVG,TriplePoint Venture Growth BDC Corp. Common Stock,$5.56,0.09,1.645%,225130766.00,United States,2014,228203,Consumer Discretionary,Other Consumer Services
TR,Tootsie Roll Industries Inc. Common Stock,$42.50,0.28,0.663%,3101931775.00,United States,,134023,Consumer Staples,Specialty Foods
TRAD,APEX Tech Acquisition Inc. Ordinary Shares,$9.89,0.01,0.101%,0.00,,2026,2114,Finance,Investment Bankers/Brokers/Service
TRAK,ReposiTrak Inc. Common Stock,$9.94,0.16,1.636%,180941895.00,United States,,234556,Technology,EDP Services
TRAW,Traws Pharma Inc. Common Stock,$1.49,0.06,4.196%,15134313.00,United States,2013,208358,Health Care,Biotechnology: Pharmaceutical Preparations
TRAX,First Tracks Biotherapeutics Inc. Ordinary Shares ,$22.38,-0.89,-3.825%,777679062.00,United States,,594147,Health Care,Biotechnology: Pharmaceutical Preparations
TRC,Tejon Ranch Co Common Stock,$19.57,0.00,0.00%,528472859.00,United States,2000,151200,Finance,Real Estate
TRDA,Entrada Therapeutics Inc. Common Stock,$14.50,1.00,7.407%,562898932.00,United States,2021,323351,Health Care,Biotechnology: Pharmaceutical Preparations
TREE,LendingTree Inc. Common Stock,$38.81,-10.78,-21.738%,541516629.00,United States,,1473970,Finance,Finance: Consumer Services
TREX,Trex Company Inc. Common Stock,$38.79,-0.41,-1.046%,4029855512.00,United States,,1812081,Basic Materials,Forest Products
TRGP,Targa Resources Inc. Common Stock,$254.28,-5.80,-2.23%,54619844677.00,United States,2010,1027867,Utilities,Natural Gas Distribution
TRGS,TRG Latin America Acquisitions Corp. Class A Ordinary Shares,$9.875,0.00,0.00%,0.00,United States,2026,3,Finance,Blank Checks
TRGSR,TRG Latin America Acquisitions Corp. Rights,$0.20,0.00,0.00%,0.00,United States,2026,10,Finance,Blank Checks
TRGSU,TRG Latin America Acquisitions Corp. Units,$10.07,0.00,0.00%,0.00,United States,2026,10,,
TRI,Thomson Reuters Corporation Common Shares,$94.41,-1.28,-1.338%,42008908681.00,United States,,1641039,Consumer Discretionary,Publishing
TRIB,Trinity Biotech plc American Depositary Shares,$0.6075,0.0075,1.25%,11479240.00,Ireland,1992,37396,Health Care,Biotechnology: In Vitro & In Vivo Diagnostic Substances
TRIN,Trinity Capital Inc. Common Stock,$16.63,0.02,0.12%,1383198803.00,United States,2021,1044362,Finance,Finance: Consumer Services
TRINI,Trinity Capital Inc. 7.875% Notes Due 2029,$25.34,0.0001,0.00%,1781760814.00,United States,,3310,Finance,Finance: Consumer Services
TRINZ,Trinity Capital Inc. 7.875% Notes due 2029,$25.37,-0.02,-0.079%,1783870239.00,United States,,514,Finance,Finance: Consumer Services
TRIP,TripAdvisor Inc. Common Stock,$11.56,0.43,3.863%,1326570355.00,United States,,2489085,Technology,Computer Software: Programming Data Processing
TRMB,Trimble Inc. Common Stock,$68.42,1.10,1.634%,15879510975.00,United States,1990,2028403,Industrials,Industrial Machinery/Components
TRMD,TORM plc Class A Common Stock,$32.56,0.01,0.031%,3299392940.00,United Kingdom,,391563,Consumer Discretionary,Marine Transportation
TRMK,Trustmark Corporation Common Stock,$44.91,0.54,1.217%,2643936086.00,United States,,243625,Finance,Major Banks
TRN,Trinity Industries Inc. Common Stock,$36.22,3.61,11.07%,2885014093.00,United States,,1206298,Industrials,Railroads
TRNO,Terreno Realty Corporation Common Stock,$65.27,0.07,0.107%,6935358165.00,United States,2010,441992,Finance,Real Estate
TRNR,Interactive Strength Inc. Common Stock,$1.05,-0.07,-6.25%,2159869.00,United States,2023,71260,Technology,Consumer Electronics/Appliances
TRNS,Transcat Inc. Common Stock,$72.51,-3.59,-4.717%,676676952.00,United States,,167765,Industrials,Electrical Products
TRON,Tron Inc. Common Stock,$1.92,0.00,0.00%,910813563.00,United States,2023,398087,Consumer Discretionary,Recreational Games/Products/Toys
TROO,TROOPS Inc. Ordinary Shares ,$4.37,0.26,6.326%,491669425.00,China,,310660,Finance,Diversified Financial Services
TROW,T. Rowe Price Group Inc. Common Stock,$103.42,0.54,0.525%,22504801247.00,United States,1986,2252180,Finance,Investment Bankers/Brokers/Service
TROX,Tronox Holdings plc Ordinary Shares (UK),$10.33,0.34,3.403%,1647769269.00,United States,,1952937,Industrials,Major Chemicals
TRP,TC Energy Corporation Common Stock,$66.57,-0.36,-0.538%,69348386623.00,Canada,,2333769,Utilities,Natural Gas Distribution
TRS,TriMas Corporation Common Stock,$38.53,1.51,4.079%,1413486882.00,United States,2007,764246,Industrials,Industrial Specialties
TRSG,Tungray Technologies Inc Class A Ordinary Shares,$1.28,0.00,0.00%,20932461.00,Singapore,2024,1,Industrials,Industrial Machinery/Components
TRST,TrustCo Bank Corp NY Common Stock,$48.06,0.46,0.966%,841380701.00,United States,,84160,Finance,Major Banks
TRT,Trio-Tech International Common Stock,$14.06,-0.01,-0.071%,126018501.00,United States,1998,871909,Technology,Industrial Machinery/Components
TRTN^A,Triton International Limited 8.50% Series A Cumulative Redeemable Perpetual  Preference Shares,$25.69,0.01,0.039%,,United States,,2536,,
TRTN^B,Triton International Limited 8.00% Series B Cumulative Redeemable Perpetual Preference Shares,$25.41,0.07,0.276%,,United States,,1068,,
TRTN^C,Triton International Limited 7.375% Series C Cumulative Redeemable Perpetual Preference Shares,$25.00,-0.24,-0.951%,,United States,,5113,,
TRTN^D,Triton International Limited 6.875% Series D Cumulative Redeemable Perpetual Preference Shares,$23.57,0.12,0.512%,,United States,,1437,,
TRTN^E,Triton International Limited 5.75% Series E Cumulative Redeemable Perpetual Preference Shares,$19.545,0.195,1.008%,,United States,,4885,,
TRTN^F,Triton International Limited 7.625% Series F Cumulative Redeemable Perpetual Preference Shares,$24.74,0.04,0.162%,,United States,,1464,,
TRTN^G,Triton International Limited 7.500% Series G Cumulative Redeemable Perpetual Preference Shares,$24.45,-0.07,-0.285%,,United States,,5150,,
TRTX,TPG RE Finance Trust Inc. Common Stock,$8.61,0.15,1.773%,665623679.00,United States,2017,611938,Real Estate,Real Estate Investment Trusts
TRTX^C,TPG RE Finance Trust Inc. 6.25% Series C Cumulative Redeemable Preferred Stock $0.001 par value per share,$18.335,-0.095,-0.515%,,United States,,9415,,
TRU,TransUnion Common Stock,$70.53,-0.47,-0.662%,13598184000.00,United States,2015,1865160,Finance,Finance: Consumer Services
TRUG,TruGolf Holdings Inc. Class A Common Stock,$2.26,0.02,0.893%,3152182.00,United States,2021,18226,Consumer Discretionary,Recreational Games/Products/Toys
TRUP,Trupanion Inc. Common Stock,$24.33,0.34,1.417%,1061286084.00,United States,,679187,Health Care,Medical Specialities
TRV,The Travelers Companies Inc. Common Stock,$304.72,-0.42,-0.138%,64797090851.00,United States,,1036621,Finance,Property-Casualty Insurers
TRVG,trivago N.V. American Depositary Shares,$2.85,0.02,0.707%,201266071.00,Germany,2016,8466,Technology,EDP Services
TRVI,Trevi Therapeutics Inc. Common Stock,$13.87,0.11,0.799%,1783498805.00,United States,2019,1138160,Health Care,Biotechnology: Pharmaceutical Preparations
TRX,TRX Gold Corporation Common Stock,$1.14,0.05,4.587%,371278465.00,Canada,,3965245,Basic Materials,Precious Metals
TS,Tenaris S.A. American Depositary Shares,$63.70,-0.20,-0.313%,34143038521.00,Luxembourg,,853721,Industrials,Steel/Iron Ore
TSAT,Telesat Corporation Class A Common Shares and Class B Variable Voting Shares ,$48.58,-0.49,-0.999%,1756635603.00,Canada,,144919,Industrials,Metal Fabrications
TSBK,Timberland Bancorp Inc. Common Stock,$40.37,0.49,1.229%,318290241.00,United States,,42905,Finance,Banks
TSCO,Tractor Supply Company Common Stock,$33.83,-1.27,-3.618%,17794793603.00,United States,1994,14350942,Consumer Discretionary,RETAIL: Building Materials
TSEM,Tower Semiconductor Ltd. Ordinary Shares,$218.01,-3.04,-1.375%,24364061380.00,Israel,1994,1445911,Technology,Semiconductors
TSHA,Taysha Gene Therapies Inc. Common Stock,$6.33,-0.06,-0.939%,1818874854.00,United States,2020,1732951,Health Care,Biotechnology: Biological Products (No Diagnostic Substances)
TSI,TCW Strategic Income Fund Inc. Common Stock,$4.575,0.015,0.329%,0.00,United States,,77686,Finance,Investment Managers
TSLA,Tesla Inc. Common Stock,$390.82,9.19,2.408%,1467812003264.00,United States,2010,65209859,Industrials,Auto Manufacturing
TSLX,Sixth Street Specialty Lending Inc. Common Stock,$19.65,0.05,0.255%,1867135140.00,,2014,383189,Finance,Investment Managers
TSM,Taiwan Semiconductor Manufacturing Company Ltd.,$397.67,1.61,0.407%,2062517405174.00,Taiwan,1997,9911220,Technology,Semiconductors
TSN,Tyson Foods Inc. Common Stock,$63.68,-0.39,-0.609%,22420388555.00,United States,,3896299,Consumer Staples,Meat/Poultry/Fish
TSQ,Townsquare Media Inc. Class A Common Stock,$6.52,0.06,0.929%,111525337.00,United States,2014,35562,Consumer Discretionary,Broadcasting
TSSI,TSS Inc. Common Stock,$14.99,-0.33,-2.154%,432616916.00,United States,,784570,Consumer Discretionary,Professional Services
TT,Trane Technologies plc,$486.48,-6.06,-1.23%,107571468019.00,Ireland,,1082418,Industrials,Auto Parts:O.E.M.
TTAM,Titan America SA Common Shares,$16.79,0.30,1.819%,3095445787.00,,2025,215010,Industrials,Mining & Quarrying of Nonmetallic Minerals (No Fuels)
TTAN,ServiceTitan Inc. Class A Common Stock,$61.72,2.26,3.801%,5879522684.00,United States,2024,1243220,Technology,Computer Software: Prepackaged Software
TTC,Toro Company (The) Common Stock,$94.07,-1.10,-1.156%,9118481760.00,United States,,554091,Consumer Discretionary,Tools/Hardware
TTD,The Trade Desk Inc. Class A Common Stock,$24.24,0.65,2.755%,11395169921.00,United States,2016,17015080,Technology,Computer Software: Programming Data Processing
TTE,TotalEnergies SE Ordinary Shares,$92.78,0.07,0.076%,202433138175.00,France,,2328181,Energy,Oil & Gas Production
TTEC,TTEC Holdings Inc. Common Stock,$2.99,0.08,2.749%,145347389.00,United States,1996,347821,Consumer Discretionary,Professional Services
TTEK,Tetra Tech Inc. Common Stock,$31.67,-0.65,-2.011%,8259775457.00,United States,1991,3930599,Consumer Discretionary,Military/Government/Technical
TTGT,TechTarget Inc. Common Stock,$5.76,0.02,0.348%,416444792.00,United States,,398939,Telecommunications,Telecommunications Equipment
TTI,Tetra Technologies Inc. Common Stock,$9.45,-0.07,-0.735%,1279435368.00,United States,,1773517,Energy,Oil & Gas Production
TTMI,TTM Technologies Inc. Common Stock,$158.99,0.77,0.487%,16510027665.00,United States,2000,2739599,Technology,Electrical Products
TTRX,Turn Therapeutics Inc. Common Stock,$3.80,0.1097,2.973%,113194552.00,United States,,18465,Health Care,Biotechnology: Pharmaceutical Preparations
TTWO,Take-Two Interactive Software Inc. Common Stock,$216.03,2.27,1.062%,40003453760.00,United States,1997,1042193,Consumer Discretionary,Services-Misc. Amusement & Recreation
TU,Telus Corporation Ordinary Shares,$12.55,0.02,0.16%,19214050000.00,Canada,,3290044,Telecommunications,Telecommunications Equipment
TULP,Bloomia Holdings Inc. Common Stock,$3.92,-0.04,-1.01%,6950626.00,United States,,1475,Consumer Staples,Farming/Seeds/Milling
TURB,Turbo Energy S.A. American Depositary Shares,$1.77,0.00,0.00%,21270338.00,Spain,2023,211022,Miscellaneous,Industrial Machinery/Components
TUSK,Mammoth Energy Services Inc. Common Stock,$2.81,-0.05,-1.748%,135886865.00,United States,2016,119733,Energy,Oilfield Services/Equipment
TUYA,Tuya Inc. American Depositary Shares each representing one Class A Ordinary Share,$2.36,0.06,2.609%,1447355205.00,China,2021,1500241,Technology,Computer Software: Prepackaged Software
TV,Grupo Televisa S.A.B. Common Stock,$2.90,0.05,1.754%,5539000000.00,Mexico,1993,1076876,Industrials,Broadcasting
TVA,Texas Ventures Acquisition III Corp Class A Ordinary Share,$10.52,0.01,0.095%,0.00,United States,2025,106133,,
TVACW,Texas Ventures Acquisition III Corp Warrants,$0.5402,-0.0197,-3.518%,0.00,United States,2025,11611,,
TVAIR,Thayer Ventures Acquisition Corporation II Rights,$0.17,0.005,3.03%,0.00,United States,2025,70106,,
TVC,Tennessee Valley Authority Common Stock,$24.20,-0.05,-0.206%,0.00,United States,,10613,Utilities,Electric Utilities: Central
TVE,Tennessee Valley Authority,$23.84,-0.10,-0.418%,0.00,United States,,19931,Utilities,Electric Utilities: Central
TVGN,Tevogen Bio Holdings Inc. Common Stock,$6.66,0.02,0.301%,27733605.00,United States,2022,7253,Health Care,Biotechnology: Biological Products (No Diagnostic Substances)
TVGNW,Tevogen Bio Holdings Inc. Warrant,$0.0348,-0.001,-2.793%,144914.00,United States,2022,510,Health Care,Biotechnology: Biological Products (No Diagnostic Substances)
TVRD,Tvardi Therapeutics Inc. Common Stock,$3.14,-0.01,-0.317%,29457420.00,United States,2014,24859,Health Care,Biotechnology: Pharmaceutical Preparations
TVTX,Travere Therapeutics Inc. Common Stock,$44.12,2.00,4.748%,4075356105.00,United States,,2188354,Health Care,Biotechnology: Pharmaceutical Preparations
TW,Tradeweb Markets Inc. Class A Common Stock,$111.68,-1.57,-1.386%,26359386025.00,United States,2019,1097861,Finance,Investment Bankers/Brokers/Service
TWAV,TaoWeave Inc. Common Stock,$1.77,0.08,4.734%,5889162.00,United States,,68957,Technology,Computer Software: Programming Data Processing
TWFG,TWFG Inc. Class A Common Stock,$18.78,0.20,1.076%,1039994051.00,United States,2024,265112,Finance,Specialty Insurers
TWG,Top Wealth Group Holding Limited Class A Ordinary Shares,$3.36,-0.01,-0.297%,87068409.00,Hong Kong,2024,230375,Consumer Staples,Packaged Foods
TWI,Titan International Inc. (DE) Common Stock,$7.88,0.26,3.412%,507251045.00,United States,,736273,Industrials,Steel/Iron Ore
TWIN,Twin Disc Incorporated Common Stock,$15.71,-0.81,-4.903%,226564247.00,United States,,64248,Industrials,Industrial Machinery/Components
TWLO,Twilio Inc. Class A Common Stock,$183.34,35.28,23.828%,27826219492.00,United States,2016,7389725,Technology,Computer Software: Prepackaged Software
TWLV,Twelve Seas Investment Company III Class A Ordinary Shares,$9.94,0.00,0.00%,0.00,United States,2026,5,Finance,Blank Checks
TWN,Taiwan Fund Inc. (The) Common Stock,$93.44,-0.96,-1.017%,0.00,United States,1986,30610,Finance,Trusts Except Educational Religious and Charitable
TWO,Two Harbors Investment Corp,$12.54,0.97,8.384%,1317281016.00,United States,,7673272,Real Estate,Real Estate Investment Trusts
TWO^A,Two Harbors Investments Corp 8.125% Series A Fixed-to-Floating Rate Cumulative Redeemable Preferred Stock ($25.00 liquidation preference per share),$24.60,-0.10,-0.405%,,United States,,47042,,
TWO^B,Two Harbors Investments Corp 7.625% Series B Fixed-to-Floating Rate Cumulative Redeemable Preferred Stock,$24.54,-0.21,-0.848%,,United States,,23668,,
TWO^C,Two Harbors Investments Corp 7.25% Series C Fixed-to-Floating Rate Cumulative Redeemable Preferred Stock,$24.76,-0.13,-0.522%,,United States,,102396,,
TWOD,Two Harbors Investments Corp 9.375% Senior Notes due 2030,$25.36,-0.48,-1.858%,0.00,United States,2025,40468,Real Estate,Real Estate Investment Trusts
TWST,Twist Bioscience Corporation Common Stock,$60.40,1.95,3.336%,3703226922.00,United States,2018,2719179,Health Care,Biotechnology: Biological Products (No Diagnostic Substances)
TX,Ternium S.A. Ternium S.A. American Depositary Shares (each representing ten shares USD1.00 par value),$43.39,-0.54,-1.229%,8517790148.00,Luxembourg,,137398,Industrials,Steel/Iron Ore
TXG,10x Genomics Inc. Class A Common Stock,$22.43,0.38,1.723%,2893266650.00,United States,2019,2422404,Industrials,Biotechnology: Laboratory Analytical Instruments
TXMD,TherapeuticsMD Inc. Common Stock,$2.07,0.03,1.471%,23958929.00,United States,,2737,Health Care,Biotechnology: Pharmaceutical Preparations
TXN,Texas Instruments Incorporated Common Stock,$281.02,-0.06,-0.021%,255754276127.00,United States,,4491031,Technology,Semiconductors
TXNM,TXNM Energy Inc. Common Stock,$59.20,0.14,0.237%,6553869614.00,United States,,1958980,Utilities,Electric Utilities: Central
TXO,TXO Partners L.P. Common Units Representing Limited Partner Interests,$12.32,-0.11,-0.885%,680587686.00,United States,2023,124808,Energy,Oil & Gas Production
TXRH,Texas Roadhouse Inc. Common Stock,$158.29,-2.70,-1.677%,10423960012.00,United States,2004,1288825,Consumer Discretionary,Restaurants
TXT,Textron Inc. Common Stock,$94.72,-1.24,-1.292%,16496666033.00,United States,,1855943,Industrials,Aerospace
TY,Tri Continental Corporation Common Stock,$34.25,0.09,0.263%,1861519524.00,United States,,26107,Finance,Finance Companies
TY^,Tri Continental Corporation Preferred Stock,$44.47,0.33,0.748%,,United States,,282,,
TYG,Tortoise Energy Infrastructure Corporation Common Stock,$49.76,0.39,0.79%,593532453.00,United States,2004,111518,Finance,Investment Managers
TYGO,Tigo Energy Inc. Common Stock,$4.81,-0.22,-4.374%,364885773.00,United States,2021,644624,Technology,Semiconductors
TYL,Tyler Technologies Inc. Common Stock,$335.50,-5.64,-1.653%,14147181153.00,United States,,507991,Technology,Computer Software: Prepackaged Software
TYRA,Tyra Biosciences Inc. Common Stock,$34.04,-0.71,-2.043%,2024877467.00,United States,2021,741047,Health Care,Biotechnology: Pharmaceutical Preparations
TZOO,Travelzoo Common Stock,$9.80,0.01,0.102%,107136903.00,United States,,145344,Consumer Discretionary,Advertising
U,Unity Software Inc. Common Stock,$27.13,0.71,2.687%,11837633660.00,United States,2020,9191662,Technology,Computer Software: Prepackaged Software
UA,Under Armour Inc. Class C Common Stock,$6.09,0.02,0.329%,2593670106.00,United States,2016,2154381,Consumer Discretionary,Apparel
UAA,Under Armour Inc. Class A Common Stock,$6.29,0.00,0.00%,2678848106.00,United States,,5895197,Consumer Discretionary,Apparel
UAC,United Acquisition Corp. I Class A Ordinary Shares,$9.81,0.00,0.00%,0.00,,2026,210,Finance,Blank Checks
UAL,United Airlines Holdings Inc. Common Stock,$92.52,2.52,2.80%,30029283755.00,United States,,8298351,Consumer Discretionary,Air Freight/Delivery Services
UAMY,United States Antimony Corporation Common Stock,$12.15,0.14,1.166%,1738401041.00,United States,,18439956,Industrials,Metal Fabrications
UAN,CVR Partners LP Common Units representing Limited Partner Interests,$128.00,-0.81,-0.629%,1352913536.00,United States,2011,65186,Industrials,Agricultural Chemicals
UAVS,AgEagle Aerial Systems Inc. Common Stock,$1.06,0.01,0.952%,60681590.00,United States,,1737401,Industrials,Aerospace
UBCP,United Bancorp Inc. Common Stock,$16.02,-0.3701,-2.258%,92224769.00,United States,,1268,Finance,Major Banks
UBER,Uber Technologies Inc. Common Stock,$75.12,0.51,0.684%,153466129286.00,United States,2019,10762538,Real Estate,Real Estate
UBS,UBS Group AG Registered Ordinary Shares,$43.69,-0.21,-0.478%,135076337655.00,Switzerland,2014,1791698,Finance,Major Banks
UBSI,United Bankshares Inc. Common Stock,$43.68,-0.13,-0.297%,6100809318.00,United States,,675383,Finance,Major Banks
UBXG,U-BX Technology Ltd. Class A Ordinary Shares,$1.25,0.20,19.048%,37855178.00,China,2024,1056026,Technology,Computer Software: Programming Data Processing
UCAR,U Power Limited Class A Ordinary Shares,$1.69,0.04,2.424%,1347180.00,China,2023,746883,Consumer Discretionary,Auto Parts:O.E.M.
UCB,United Community Banks Inc. Common Stock,$33.52,0.19,0.57%,4011807445.00,United States,2024,565084,Finance,Major Banks
UCL,uCloudlink Group Inc. American Depositary Shares,$1.20,0.00,0.00%,45710700.00,Hong Kong,2020,3734,Consumer Discretionary,Telecommunications Equipment
UCTT,Ultra Clean Holdings Inc. Common Stock,$74.61,-3.54,-4.53%,3344643343.00,United States,2004,1275782,Technology,Semiconductors
UDMY,Udemy Inc. Common Stock,$4.93,0.19,4.008%,716928044.00,United States,2021,1084734,Real Estate,Other Consumer Services
UDR,UDR Inc. Common Stock,$36.39,0.05,0.138%,11859283424.00,United States,,3681650,Real Estate,Real Estate Investment Trusts
UE,Urban Edge Properties Common Shares of Beneficial Interest,$21.85,-0.07,-0.319%,2753536869.00,United States,2015,799618,Finance,Real Estate
UEC,Uranium Energy Corp. Common Stock,$14.94,0.05,0.336%,7323898498.00,Canada,,6256606,Basic Materials,Other Metals and Minerals
UEIC,Universal Electronics Inc. Common Stock,$4.20,-0.01,-0.238%,52981345.00,United States,1993,100992,Consumer Staples,Consumer Electronics/Appliances
UFCS,United Fire Group Inc. Common Stock,$39.89,-0.43,-1.066%,1021753669.00,United States,,76003,Finance,Property-Casualty Insurers
UFG,Uni-Fuels Holdings Limited Class A Ordinary Shares,$0.89,-0.01,-1.111%,28893850.00,Singapore,2025,186115,Energy,Oil Refining/Marketing
UFI,Unifi Inc. New Common Stock,$3.61,-0.03,-0.824%,67077594.00,United States,,20040,Consumer Discretionary,Textiles
UFPI,UFP Industries Inc. Common Stock,$85.18,-4.31,-4.816%,4838215056.00,United States,1993,697558,Basic Materials,Forest Products
UFPT,UFP Technologies Inc. Common Stock,$194.07,2.44,1.273%,1496920131.00,United States,1993,195469,Health Care,Medical/Dental Instruments
UG,United-Guardian Inc. Common Stock,$7.295,0.165,2.314%,33515557.00,United States,,6435,Consumer Discretionary,Package Goods/Cosmetics
UGI,UGI Corporation Common Stock,$35.40,-0.69,-1.912%,7598126330.00,United States,,2000027,Utilities,Natural Gas Distribution
UGP,Ultrapar Participacoes S.A. (New) American Depositary Shares (Each representing one Common Share),$5.97,-0.02,-0.334%,6643476846.00,Brazil,,811751,Utilities,Oil/Gas Transmission
UGRO,urban-gro Inc. Common Stock,$6.00,-0.81,-11.894%,6768840.00,United States,,273698,Consumer Discretionary,Industrial Specialties
UHAL,U-Haul Holding Company Common Stock,$51.60,0.24,0.467%,10117618608.00,United States,2022,176605,Consumer Discretionary,Rental/Leasing Companies
UHG,United Homes Group Inc Class A Common Stock,$1.22,0.05,4.274%,71769205.00,United States,2021,1504816,Consumer Discretionary,Homebuilding
UHGWW,United Homes Group Inc. Warrant,$0.235,0.0516,28.135%,13824396.00,United States,2021,69789,Consumer Discretionary,Homebuilding
UHS,Universal Health Services Inc. Common Stock,$167.00,-1.27,-0.755%,10191964576.00,United States,,1070838,Health Care,Hospital/Nursing Management
UHT,Universal Health Realty Income Trust Common Stock,$40.56,-0.14,-0.344%,562792957.00,United States,,60402,Real Estate,Real Estate Investment Trusts
UI,Ubiquiti Inc. Common Stock,$1019.75,7.74,0.765%,61716079682.00,United States,,56991,Technology,Radio And Television Broadcasting And Communications Equipment
UIS,Unisys Corporation New Common Stock,$2.66,0.05,1.916%,192388131.00,United States,,577812,Technology,EDP Services
UK,Ucommune International Ltd Ordinary Shares,$3.78,0.38,11.176%,2562655.00,United States,2019,241308,Real Estate,Real Estate
UL,Unilever PLC American Depositary Shares (each representing One Ordinary Share),$59.76,0.78,1.322%,133421992704.00,United Kingdom,2025,4545672,Consumer Discretionary,Package Goods/Cosmetics
ULBI,Ultralife Corporation Common Stock,$6.86,-0.04,-0.58%,114263611.00,United States,1992,14046,Miscellaneous,Industrial Machinery/Components
ULCC,Frontier Group Holdings Inc. Common Stock,$4.00,0.37,10.193%,918928496.00,United States,2021,17253124,Consumer Discretionary,Air Freight/Delivery Services
ULH,Universal Logistics Holdings Inc. Common Stock,$22.40,-1.68,-6.977%,590241299.00,United States,2005,59919,Industrials,Trucking Freight/Courier Services
ULS,UL Solutions Inc. Class A Common Stock,$91.60,1.11,1.227%,18430071598.00,United States,2024,431736,Health Care,Precision Instruments
ULTA,Ulta Beauty Inc. Common Stock,$531.95,-5.53,-1.029%,23171963291.00,United States,2007,478015,Consumer Discretionary,Other Specialty Stores
UMAC,Unusual Machines Inc. Common Stock,$14.19,-0.40,-2.742%,678062736.00,United States,2024,2425066,Technology,Radio And Television Broadcasting And Communications Equipment
UMBF,UMB Financial Corporation Common Stock,$129.24,3.07,2.433%,9839892633.00,United States,,906341,Finance,Major Banks
UMBFO,UMB Financial Corporation Depositary Shares Each Representing a 1/400th Interest in a Share of 7.750% Fixed-Rate Reset Non-Cumulative Perpetual Preferred Stock Series B,$26.50,0.04,0.151%,2017619582.00,United States,,3950,Finance,Major Banks
UMC,United Microelectronics Corporation (NEW) Common Stock,$13.05,-0.01,-0.077%,32783469817.00,Taiwan,,8378303,Technology,Semiconductors
UMH,UMH Properties Inc. Common Stock,$15.74,0.19,1.222%,1338311145.00,United States,1994,1370857,Real Estate,Real Estate Investment Trusts
UMH^D,UMH Properties Inc. 6.375% Series D Cumulative Redeemable Preferred Stock Liquidation Preference $25 per share,$22.04,0.17,0.777%,,United States,,6805,,
UNB,Union Bankshares Inc. Common Stock,$25.03,0.34,1.377%,115489672.00,United States,,4232,Finance,Major Banks
UNCY,Unicycive Therapeutics Inc. Common Stock,$7.67,0.01,0.131%,193573788.00,United States,2021,483345,Health Care,Biotechnology: Pharmaceutical Preparations
UNF,Unifirst Corporation Common Stock,$252.10,-3.41,-1.335%,4558713712.00,United States,,121708,Consumer Discretionary,Other Consumer Services
UNFI,United Natural Foods Inc. Common Stock,$51.24,1.22,2.439%,3112930687.00,United States,2019,773685,Consumer Discretionary,Food Distributors
UNH,UnitedHealth Group Incorporated Common Stock (DE),$368.78,-1.70,-0.459%,334930856520.00,United States,,4942826,Health Care,Medical Specialities
UNIT,Uniti Group Inc. Common Stock,$11.77,-0.06,-0.507%,2856274746.00,United States,,2473939,Real Estate,Real Estate Investment Trusts
UNM,Unum Group Common Stock,$80.84,0.46,0.572%,12916310837.00,United States,,1473601,Finance,Accident &Health Insurance
UNMA,Unum Group 6.250% Junior Subordinated Notes due 2058,$23.48,-0.08,-0.34%,3998954875.00,United States,2018,10415,Finance,Accident &Health Insurance
UNP,Union Pacific Corporation Common Stock,$266.32,-3.16,-1.173%,158117702886.00,United States,,2069232,Industrials,Railroads
UNTY,Unity Bancorp Inc. Common Stock,$53.15,0.87,1.664%,532373095.00,United States,,37061,Finance,Major Banks
UONE,Urban One Inc. Class A Common Stock,$7.31,2.06,39.238%,32003275.00,United States,,4225959,Consumer Discretionary,Broadcasting
UONEK,Urban One Inc. Class D Common Stock,$5.3965,0.6065,12.662%,23625947.00,United States,,228283,Consumer Discretionary,Broadcasting
UP,Wheels Up Experience Inc. Class A Common Stock,$5.60,0.22,4.089%,202880726.00,Singapore,2020,392268,Consumer Discretionary,Transportation Services
UPB,Upstream Bio Inc. Common Stock,$9.40,0.22,2.397%,511547868.00,United States,2024,489708,Health Care,Biotechnology: Pharmaceutical Preparations
UPBD,Upbound Group Inc. Common Stock,$19.19,-0.57,-2.885%,1119770984.00,United States,,1180026,Consumer Discretionary,Diversified Commercial Services
UPC,Universe Pharmaceuticals Inc. Class A Ordinary Shares,$3.21,-0.0194,-0.601%,1808315.00,China,2021,11710,Health Care,Biotechnology: Pharmaceutical Preparations
UPLD,Upland Software Inc. Common Stock,$0.6101,-0.0149,-2.384%,17914489.00,United States,2014,776348,Technology,Computer Software: Prepackaged Software
UPS,United Parcel Service Inc. Common Stock,$107.57,-1.23,-1.131%,91353596280.00,United States,1999,4223957,Industrials,Trucking Freight/Courier Services
UPST,Upstart Holdings Inc. Common stock,$32.74,1.16,3.673%,3133455692.00,United States,2020,3647844,Finance,Finance: Consumer Services
UPWK,Upwork Inc. Common Stock,$10.49,0.14,1.353%,1294638183.00,United States,2018,6186813,Technology,EDP Services
UPXI,Upexi Inc. Common Stock,$1.30,-0.02,-1.515%,90688755.00,United States,2021,4039187,Health Care, Medicinal Chemicals and Botanical Products 
URBN,Urban Outfitters Inc. Common Stock,$69.01,-1.33,-1.891%,6102114430.00,United States,1993,983502,Consumer Discretionary,Clothing/Shoe/Accessory Stores
URG,Ur Energy Inc Common Shares (Canada),$1.79,0.00,0.00%,711224017.00,Canada,,6354865,Basic Materials,Precious Metals
URGN,UroGen Pharma Ltd. Ordinary Shares,$23.00,-0.83,-3.483%,1120290440.00,Israel,2017,836118,Health Care,Biotechnology: Pharmaceutical Preparations
URI,United Rentals Inc. Common Stock,$949.23,-10.61,-1.105%,59465991301.00,United States,1997,505746,Consumer Discretionary,Diversified Commercial Services
UROY,Uranium Royalty Corp. Common Stock,$3.80,-0.10,-2.564%,556614527.00,Canada,,1344784,Finance,Investment Bankers/Brokers/Service
USA,Liberty All-Star Equity Fund Common Stock,$5.83,-0.02,-0.342%,0.00,United States,1986,1013665,Finance,Finance Companies
USAC,USA Compression Partners LP Common Units Representing Limited Partner Interests,$27.75,0.28,1.019%,4022982935.00,United States,2013,134348,Utilities,Natural Gas Distribution
USAR,USA Rare Earth Inc. Class A Common Stock,$26.33,0.36,1.386%,5739561059.00,United States,2023,24443577,Basic Materials,Metal Mining
USAS,Americas Gold and Silver Corporation Common Shares no par value,$5.87,0.15,2.622%,1912992526.00,Canada,2017,3904195,Basic Materials,Metal Mining
USAU,U.S. Gold Corp. Common Stock,$16.46,0.04,0.244%,271609143.00,United States,,158952,Basic Materials,Metal Mining
USB,U.S. Bancorp Common Stock,$56.30,-0.36,-0.635%,87473073484.00,United States,,6572200,Finance,Major Banks
USB^A,U.S. Bancorp Depositary Shares Each representing a 1/100th interest in a share of Series A Non-CumulativePerpetual Pfd Stock,$785.78,-0.13,-0.017%,,United States,,623,,
USB^H,U.S. Bancorp Depositary Shares repstg 1/1000th Pfd Ser B,$18.78,-0.04,-0.213%,,United States,,42578,,
USB^P,U.S. Bancorp Depositary Shares each representing a 1/1000th interest in a share of Series K Non-Cumulative Perpetual Preferred Stock,$22.186,0.086,0.389%,,United States,,29886,,
USB^Q,U.S. Bancorp Depositary Shares Each Representing a 1/1000th Interest in a Share of Series L Non-Cumulative Perpetual Preferred Stock,$15.04,0.00,0.00%,,United States,,11456,,
USB^R,U.S. Bancorp Depositary Shares Each Representing a 1/1000th Interest in a Share of Series M Non-Cumulative Perpetual Preferred Stock,$15.90,-0.04,-0.251%,,United States,,40548,,
USB^S,U.S. Bancorp Depositary Shares each representing a 1/1000th interest in a share of Series O Non-Cumulative Perpetual Preferred Stock,$17.85,0.01,0.056%,,United States,,24227,,
USBC,USBC Inc. Common Stock,$0.3765,0.0101,2.757%,146136378.00,,,109668,Industrials,Industrial Machinery/Components
USCB,USCB Financial Holdings Inc. Class A Common Stock,$18.35,0.11,0.603%,335023290.00,United States,2021,103509,Finance,Major Banks
USEA,United Maritime Corporation Common Stock,$2.13,-0.01,-0.467%,19433364.00,Greece,,48488,Consumer Discretionary,Marine Transportation
USEG,U.S. Energy Corp. Common Stock (DE),$1.13,0.04,3.67%,59968187.00,United States,,3815479,Energy,Oil & Gas Production
USFD,US Foods Holding Corp. Common Stock,$93.04,-0.45,-0.481%,20491343127.00,United States,2016,1854283,Consumer Discretionary,Food Distributors
USGO,U.S. GoldMining Inc. Common stock,$13.23,-0.08,-0.601%,176253936.00,United States,2023,54526,Basic Materials,Precious Metals
USGOW,U.S. GoldMining Inc. Warrant,$0.3483,0.0433,14.197%,4640155.00,United States,2023,94449,Basic Materials,Precious Metals
USIO,Usio Inc. Common Stock,$1.17,0.01,0.862%,32317230.00,United States,,14713,Finance,Investment Bankers/Brokers/Service
USLM,United States Lime & Minerals Inc. Common Stock,$110.00,2.33,2.164%,3153706160.00,United States,,210088,Industrials,Mining & Quarrying of Nonmetallic Minerals (No Fuels)
USNA,USANA Health Sciences Inc. Common Stock,$19.35,0.30,1.575%,357141692.00,United States,,71281,Health Care, Medicinal Chemicals and Botanical Products 
USPH,U.S. Physical Therapy Inc. Common Stock,$71.83,0.61,0.857%,1086253628.00,United States,1992,161720,Health Care,Medical/Nursing Services
UTF,Cohen & Steers Infrastructure Fund Inc Common Stock,$27.08,0.01,0.037%,0.00,United States,2004,312916,Finance,Finance Companies
UTG,Reaves Utility Income Fund Common Shares of Beneficial Interest,$43.14,0.20,0.466%,0.00,United States,2004,236178,Finance,Investment Managers
UTHR,United Therapeutics Corporation Common Stock,$570.40,-0.95,-0.166%,24206197703.00,United States,1999,185889,Health Care,Biotechnology: Pharmaceutical Preparations
UTI,Universal Technical Institute Inc Common Stock,$36.89,-0.64,-1.705%,2029706466.00,United States,2003,438132,Real Estate,Other Consumer Services
UTL,UNITIL Corporation Common Stock,$51.85,-0.61,-1.163%,932577678.00,United States,1985,99736,Utilities,Power Generation
UTMD,Utah Medical Products Inc. Common Stock,$65.77,0.35,0.535%,209479094.00,United States,,8808,Health Care,Medical/Dental Instruments
UTSI,UTStarcom Holdings Corp. Ordinary Shares,$2.3216,-0.1784,-7.136%,22041526.00,China,2000,2502,Telecommunications,Telecommunications Equipment
UTZ,Utz Brands Inc Class A Common Stock ,$7.77,-0.19,-2.387%,1117167943.00,United States,2018,1527434,Consumer Staples,Packaged Foods
UUU,Universal Safety Products Inc. Common Stock,$6.09,0.14,2.353%,16551323.00,United States,2003,25742,Technology,Electronic Components
UUUU,Energy Fuels Inc Ordinary Shares (Canada),$21.66,0.02,0.092%,5233185960.00,Canada,,7367464,Industrials,Mining & Quarrying of Nonmetallic Minerals (No Fuels)
UVE,UNIVERSAL INSURANCE HOLDINGS INC Common Stock,$39.70,0.07,0.177%,1108071385.00,United States,,193923,Finance,Property-Casualty Insurers
UVSP,Univest Financial Corporation Common Stock,$38.34,0.35,0.921%,1067608049.00,United States,,153454,Finance,Major Banks
UVV,Universal Corporation Common Stock,$54.25,0.67,1.25%,1352099658.00,United States,,172534,Industrials,Farming/Seeds/Milling
UWMC,UWM Holdings Corporation Class A Common Stock,$3.66,0.12,3.39%,5857340918.00,United States,,14366053,Finance,Finance: Consumer Services
UXIN,Uxin Limited ADS,$2.89,-0.07,-2.365%,595829095.00,China,2018,78468,Real Estate,Real Estate
UYSCR,UY Scuti Acquisition Corp. Rights,$0.1482,0.00,0.00%,0.00,United States,2025,15,Finance,Blank Checks
UYSCU,UY Scuti Acquisition Corp. Units,$10.51,0.00,0.00%,0.00,United States,2025,399,,
UZD,Array Digital Infrastructure Inc. 6.250% Senior Notes due 2069,$20.25,0.19,0.947%,1741500000.00,United States,2020,1972,Telecommunications,Telecommunications Equipment
UZE,Array Digital Infrastructure Inc. 5.500% Senior Notes due 2070,$18.24,0.16,0.885%,1568640000.00,United States,2020,13469,Telecommunications,Telecommunications Equipment
UZF,Array Digital Infrastructure Inc. 5.500% Senior Notes due 2070,$18.08,-0.08,-0.441%,1554880000.00,United States,2021,11593,Telecommunications,Telecommunications Equipment
V,Visa Inc.,$328.03,-1.81,-0.549%,621442323935.00,United States,,6725189,Real Estate,Real Estate
VABK,Virginia National Bankshares Corporation Common Stock,$42.66,0.46,1.09%,231306018.00,United States,,4060,Finance,Major Banks
VAC,Marriott Vacations Worldwide Corporation Common Stock,$72.75,0.74,1.028%,2495819482.00,United States,,502994,Finance,Real Estate
VACH,Voyager Acquisition Corp Class A Ordinary Shares,$12.72,-0.08,-0.625%,0.00,United States,2024,5464,,
VACHW,Voyager Acquisition Corp Warrants,$0.1503,0.0253,20.24%,0.00,United States,2024,90326,Finance,Blank Checks
VACI,Viking Acquisition Corp. I Class A Ordinary Shares,$10.11,0.05,0.497%,0.00,,2025,23572,Telecommunications,Telecommunications Equipment
VAL,Valaris Limited Common Shares,$102.23,0.25,0.245%,7079608754.00,United States,2021,608167,Energy,Oil & Gas Production
VALE,VALE S.A.  American Depositary Shares Each Representing one common share,$16.18,-0.18,-1.10%,69080742232.00,Brazil,,12471551,Basic Materials,Metal Mining
VALN,Valneva SE American Depositary Shares,$5.35,-0.03,-0.558%,463886259.00,France,2021,17194,Health Care,Biotechnology: Biological Products (No Diagnostic Substances)
VALU,Value Line Inc. Common Stock,$34.75,-0.44,-1.25%,326206521.00,United States,1983,731,Finance,Investment Managers
VANI,Vivani Medical Inc. Common Stock (DE),$1.36,0.02,1.493%,117279741.00,United States,2014,70778,Health Care,Biotechnology: Electromedical & Electrotherapeutic Apparatus
VATE,INNOVATE Corp. Common Stock,$11.80,-0.20,-1.667%,160974019.00,United States,,48258,Industrials,Metal Fabrications
VBF,Invesco Bond Fund Common Stock,$15.04,-0.03,-0.199%,0.00,United States,,95329,Finance,Trusts Except Educational Religious and Charitable
VBIO,Valion Bio Inc. Common Stock,$0.92,-0.0598,-6.103%,2647692.00,United States,2021,40295,Health Care,Biotechnology: Electromedical & Electrotherapeutic Apparatus
VBNK,VersaBank Common Shares,$18.09,0.18,1.005%,580136296.00,Canada,,41628,Finance,Commercial Banks
VC,Visteon Corporation Common Stock,$110.85,-0.86,-0.77%,2959032228.00,United States,,875280,Consumer Discretionary,Auto Parts:O.E.M.
VCEL,Vericel Corporation Common Stock,$35.57,0.84,2.419%,1811636941.00,United States,,342413,Health Care,Biotechnology: Biological Products (No Diagnostic Substances)
VCIG,VCI Global Limited Ordinary Share,$0.9407,-0.0114,-1.197%,3467372.00,Malaysia,2023,98739,Consumer Discretionary,Diversified Commercial Services
VCTR,Victory Capital Holdings Inc. Class A Common Stock,$77.89,-0.62,-0.79%,4968564934.00,United States,2018,352925,Finance,Investment Managers
VCV,Invesco California Value Municipal Income Trust Common Stock,$10.69,-0.05,-0.466%,511949712.00,United States,,144848,Finance,Trusts Except Educational Religious and Charitable
VCX,Fundrise Innovation Fund LLC Common Shares of Limited Liability Company Interests,$94.55,-0.24,-0.253%,0.00,,2026,100890,,
VCYT,Veracyte Inc. Common Stock,$33.09,0.17,0.516%,2640312515.00,United States,2013,477866,Health Care,Medical Specialities
VECO,Veeco Instruments Inc. Common Stock,$50.25,0.40,0.802%,3034697548.00,United States,1994,634104,Technology,Industrial Machinery/Components
VEEA,Veea Inc. Common Stock,$0.522,0.012,2.353%,26312750.00,United States,2021,53126,Finance,Blank Checks
VEEAW,Veea Inc. Warrant,$0.0909,0.011,13.767%,4582048.00,United States,2021,5065,Finance,Blank Checks
VEEE,Twin Vee PowerCats Co. Common Stock,$0.1694,0.0212,14.305%,2218005.00,United States,2021,4384701,Industrials,Marine Transportation
VEEV,Veeva Systems Inc. Class A Common Stock,$171.60,15.63,10.021%,28027588103.00,United States,2013,7679861,Technology,Computer Software: Prepackaged Software
VEL,Velocity Financial Inc. Common Stock,$19.42,0.13,0.674%,761949157.00,United States,2020,29671,Finance,Finance: Consumer Services
VELO,Velo3D Inc. Common stock,$13.51,-0.495,-3.534%,354189265.00,United States,,1292758,Technology,Industrial Machinery/Components
VENU,Venu Holding Corporation Common Stock,$3.97,0.12,3.117%,239578852.00,United States,2024,213409,Consumer Discretionary,Services-Misc. Amusement & Recreation
VEON,VEON Ltd. ADS,$50.29,0.55,1.106%,3719831962.00,Netherlands,,28469,Telecommunications,Telecommunications Equipment
VERA,Vera Therapeutics Inc. Class A Common Stock,$35.20,-0.41,-1.151%,2524329456.00,United States,2021,823789,Health Care,Biotechnology: Pharmaceutical Preparations
VERI,Veritone Inc. Common Stock,$2.17,0.12,5.854%,201693102.00,United States,2017,2337118,Technology,EDP Services
VERU,Veru Inc. Common Stock,$2.26,0.01,0.444%,36273723.00,United States,,51574,Health Care,Biotechnology: Pharmaceutical Preparations
VERX,Vertex Inc. Class A Common Stock,$13.19,0.82,6.629%,2133321384.00,United States,2020,1077589,Technology,Computer Software: Prepackaged Software
VET,Vermilion Energy Inc. Common (Canada),$13.20,-0.27,-2.004%,2014313453.00,Canada,,1220701,Energy,Oil & Gas Production
VFC,V.F. Corporation Common Stock,$19.01,0.08,0.423%,7437916150.00,United States,,5805132,Industrials,Garments and Clothing
VFF,Village Farms International Inc. Common Shares,$2.85,0.00,0.00%,328047597.00,Canada,,539250,,
VFL,abrdn National Municipal Income Fund Common Stock,$10.08,-0.04,-0.395%,0.00,United States,1993,54922,Finance,Finance/Investors Services
VFS,VinFast Auto Ltd. Ordinary Shares,$4.25,0.02,0.473%,9942928873.00,Singapore,,367481,Industrials,Auto Manufacturing
VFSWW,VinFast Auto Ltd. Warrant,$0.4425,-0.0074,-1.645%,1035234359.00,Singapore,,110,Industrials,Auto Manufacturing
VG,Venture Global Inc. Class A common stock,$12.73,-0.54,-4.069%,31603098036.00,United States,2025,19321273,Utilities,Oil/Gas Transmission
VGAS,Verde Clean Fuels Inc. Class A Common Stock,$1.88,0.07,3.867%,83753287.00,United States,2021,8339,Industrials,Major Chemicals
VGASW,Verde Clean Fuels Inc. Warrant,$0.0372,-0.0001,-0.268%,1657246.00,United States,2021,11752,Industrials,Major Chemicals
VGI,Virtus Global Multi-Sector Income Fund Common Shares of Beneficial Interest,$7.5776,0.0176,0.233%,0.00,United States,2012,28390,Finance,Investment Managers
VGM,Invesco Trust for Investment Grade Municipals Common Stock (DE),$10.24,-0.06,-0.583%,555335352.00,United States,,192564,Finance,Trusts Except Educational Religious and Charitable
VGNT,Versigent PLC Ordinary Shares,$37.07,2.10,6.005%,2633716294.00,United Kingdom,2026,1574006,,
VGZ,Vista Gold Corp Common Stock,$2.05,-0.11,-5.093%,297142416.00,United States,1986,1061446,Basic Materials,Precious Metals
VHC,VirnetX Holding Corp Common Stock,$13.01,-0.37,-2.765%,54457935.00,United States,,4398,Miscellaneous,Multi-Sector Companies
VHCPU,Vine Hill Capital Investment Corp. II Units,$10.02,0.00,0.00%,0.00,United States,2025,134,Finance,Blank Checks
VHI,Valhi Inc. Common Stock,$15.25,0.20,1.329%,431609968.00,United States,,13649,Basic Materials,Major Chemicals
VHUB,VenHub Global Inc. Common Stock,$0.7051,0.0413,6.222%,59974295.00,United States,,76273,Technology,Industrial Machinery/Components
VIA,Via Transportation Inc. Class A Common Stock,$16.24,1.03,6.772%,1319284934.00,United States,2025,358935,Technology,Computer Software: Prepackaged Software
VIASP,Via Renewables Inc. 8.75% Series A Fixed-to-Floating Rate Cumulative Redeemable Perpetual Preferred Stock,$25.49,-0.035,-0.137%,186671656.00,United States,,2643,Utilities,Power Generation
VIAV,Viavi Solutions Inc. Common Stock,$55.33,2.93,5.592%,12802772459.00,United States,,10036421,Technology,Semiconductors
VICI,VICI Properties Inc. Common Stock,$28.58,-0.62,-2.123%,30552882744.00,United States,2018,10298490,Real Estate,Real Estate Investment Trusts
VICR,Vicor Corporation Common Stock,$268.36,-0.91,-0.338%,12176336924.00,United States,,577460,Technology,Industrial Machinery/Components
VIK,Viking Holdings Ltd Ordinary Shares,$81.50,-0.41,-0.501%,36331562179.00,United States,2024,1617206,Consumer Discretionary,Marine Transportation
VINP,Vinci Compass Investments Ltd. Class A Common Shares,$11.00,-0.07,-0.632%,719643078.00,Brazil,2021,31762,Finance,Investment Managers
VIOT,Viomi Technology Co. Ltd American Depositary Shares,$0.9774,0.0016,0.164%,65800258.00,China,2018,60283,Consumer Discretionary,Consumer Electronics/Appliances
VIPS,Vipshop Holdings Limited American Depositary Shares each representing two ordinary shares,$14.52,0.13,0.903%,6973528241.00,China,2012,1384219,Consumer Discretionary,Catalog/Specialty Distribution
VIR,Vir Biotechnology Inc. Common Stock,$10.00,-0.215,-2.105%,1612340580.00,United States,2019,1049466,Health Care,Biotechnology: Biological Products (No Diagnostic Substances)
VIRC,Virco Manufacturing Corporation Common Stock,$6.06,0.00,0.00%,95512514.00,United States,,11954,Consumer Discretionary,Industrial Specialties
VIRT,Virtu Financial Inc. Class A Common Stock,$48.12,-1.54,-3.101%,7462646603.00,United States,,1708990,Finance,Investment Bankers/Brokers/Service
VISN,Vistance Networks Inc. Common Stock,$11.93,-0.865,-6.76%,2689771920.00,United States,2013,13988195,Technology,Radio And Television Broadcasting And Communications Equipment
VIST,Vista Energy S.A.B. de C.V. American Depositary Shares each representing one series A share with no par value,$71.64,-2.68,-3.606%,7472030723.00,Mexico,2019,1018776,Energy,Oil & Gas Production
VITL,Vital Farms Inc. Common Stock,$14.18,0.53,3.883%,607591078.00,United States,2020,3215474,Consumer Staples,Packaged Foods
VIV,Telefonica Brasil S.A. American Depositary Shares (Each representing One Common Share),$15.77,-0.10,-0.63%,50394712171.00,Brazil,2020,445348,Telecommunications,Telecommunications Equipment
VIVK,Vivakor Inc. Common Stock,$2.12,-0.09,-4.072%,4384247.00,United States,,85678,,
VIVO,VivoPower PLC Ordinary Shares,$3.19,-0.13,-3.916%,87865762.00,United Kingdom,,731987,Utilities,Power Generation
VIVS,VivoSim Labs Inc. Common Stock,$1.44,0.01,0.699%,3755465.00,United States,,88172,Health Care,Biotechnology: Biological Products (No Diagnostic Substances)
VKI,Invesco Advantage Municipal Income Trust II Common Shares of Beneficial Interest (DE),$8.74,-0.06,-0.682%,388108615.00,United States,1993,180416,Finance,Finance Companies
VKQ,Invesco Municipal Trust Common Stock,$9.64,-0.04,-0.413%,533434365.00,United States,,246081,Finance,Trusts Except Educational Religious and Charitable
VKTX,Viking Therapeutics Inc. Common Stock,$30.00,-1.18,-3.784%,3476818290.00,United States,2015,2873170,Health Care,Biotechnology: Pharmaceutical Preparations
VLGEA,Village Super Market Inc. Class A Common Stock,$44.01,0.92,2.135%,649234200.00,United States,,35848,Consumer Staples,Food Chains
VLN,Valens Semiconductor Ltd. Ordinary Shares,$2.34,0.17,7.834%,246384918.00,,,6106518,Technology,Semiconductors
VLO,Valero Energy Corporation Common Stock,$246.87,-5.71,-2.261%,73802692760.00,United States,,2479869,Energy,Integrated oil Companies
VLRS,Controladora Vuela Compania de Aviacion S.A.B. de C.V. American Depositary Shares each representing ten (10) Ordinary Participation Certificates,$7.29,-0.12,-1.619%,847068264.00,,2013,238264,Consumer Discretionary,Air Freight/Delivery Services
VLT,Invesco High Income Trust II,$10.45,0.0371,0.356%,0.00,United States,1989,9153,Finance,Trusts Except Educational Religious and Charitable
VLTO,Veralto Corp Common Stock ,$87.63,-0.57,-0.646%,21521863680.00,United States,2023,1587335,Industrials,Electrical Products
VLY,Valley National Bancorp Common Stock,$13.51,-0.06,-0.442%,7503808232.00,United States,,4706734,Finance,Major Banks
VLYPN,Valley National Bancorp 8.250% Fixed-Rate Reset Non-Cumulative Perpetual Preferred Stock Series C,$26.15,0.09,0.345%,14524395653.00,United States,,3108,Finance,Major Banks
VLYPO,Valley National Bancorp 5.50% Fixed-to-Floating Rate Non-Cumulative Perpetual Preferred Stock Series B,$24.97,-0.03,-0.12%,13868992713.00,United States,,593,Finance,Major Banks
VLYPP,Valley National Bancorp 6.25% Fixed-to-Floating Rate Non-Cumulative Perpetual Preferred Stock Series A,$25.22,-0.06,-0.237%,14007849268.00,United States,,3504,Finance,Major Banks
VMAR,Vision Marine Technologies Inc. Common Shares,$1.25,-0.08,-6.015%,1950855.00,Canada,2020,227015,Industrials,Marine Transportation
VMC,Vulcan Materials Company (Holding Company) Common Stock,$297.32,-4.42,-1.465%,38578722408.00,United States,,970100,Industrials,Mining & Quarrying of Nonmetallic Minerals (No Fuels)
VMD,Viemed Healthcare Inc. Common Shares,$9.97,0.01,0.10%,384868231.00,United States,,184785,Health Care,Misc Health and Biotechnology Services
VMET,Versamet Royalties Corporation Common Stock,$11.42,0.27,2.422%,1206469600.00,Canada,,94612,,
VMI,Valmont Industries Inc. Common Stock,$510.36,2.32,0.457%,9907950924.00,United States,,212453,Industrials,Metal Fabrications
VMO,Invesco Municipal Opportunity Trust Common Stock,$9.63,-0.06,-0.619%,649453797.00,United States,,305605,Finance,Trusts Except Educational Religious and Charitable
VNCE,Vince Holding Corp. Common Stock,$4.91,-0.08,-1.603%,63080214.00,United States,,241955,Consumer Discretionary,Clothing/Shoe/Accessory Stores
VNDA,Vanda Pharmaceuticals Inc. Common Stock,$7.00,-0.10,-1.408%,420945434.00,United States,2006,828450,Health Care,Biotechnology: Pharmaceutical Preparations
VNET,VNET Group Inc. American Depositary Shares,$8.34,0.03,0.361%,2374328303.00,China,2011,2774823,Technology,Computer Software: Programming Data Processing
VNME,Vendome Acquisition Corporation I Class A Ordinary Shares,$10.13,-0.0199,-0.196%,0.00,United States,2025,222,Finance,Blank Checks
VNMEU,Vendome Acquisition Corporation I Unit,$10.24,0.00,0.00%,0.00,United States,2025,7,Finance,Blank Checks
VNMEW,Vendome Acquisition Corporation I Warrant,$0.2402,0.00,0.00%,0.00,United States,2025,100,Finance,Blank Checks
VNO,Vornado Realty Trust Common Stock,$30.20,0.31,1.037%,5758124283.00,United States,,2242280,Real Estate,Real Estate Investment Trusts
VNO^L,Vornado Realty Trust Pfd Ser L %,$17.80,0.20,1.136%,,United States,,9375,,
VNO^M,Vornado Realty Trust 5.25% Series M Cumulative Redeemable Preferred Shares of Beneficial Interest liquidation preference $25.00 per share no par value per share,$17.46,0.26,1.512%,,United States,,12348,,
VNO^N,Vornado Realty Trust 5.25% Series N Cumulative Redeemable Preferred Shares of Beneficial Interest liquidation preference $25.00 per share,$17.50,0.43,2.519%,,United States,,16920,,
VNO^O,Vornado Realty Trust 4.45% Series O Cumulative Redeemable Preferred Shares Liquidation Preference $25.00 Per Share,$15.10,0.15,1.003%,,United States,,27061,,
VNOM,Viper Energy Inc. Class A Common Stock,$49.90,0.52,1.053%,17920213000.00,United States,2014,1584370,Energy,Oil & Gas Production
VNRX,VolitionRX Limited Common Stock,$2.43,-0.19,-7.252%,19255471.00,Singapore,2015,227284,Health Care,Biotechnology: In Vitro & In Vivo Diagnostic Substances
VNT,Vontier Corporation Common Stock ,$35.16,-0.72,-2.007%,4978656000.00,United States,2020,1687705,Industrials,Industrial Machinery/Components
VNTG,Vantage Corp Class A Ordinary Shares,$0.8598,0.0598,7.475%,27287903.00,,2025,21741,Industrials,Integrated Freight & Logistics
VOC,VOC Energy Trust Units of Beneficial Interest,$3.31,-0.04,-1.194%,56270000.00,United States,2011,119339,Energy,Oil & Gas Production
VOD,Vodafone Group Plc American Depositary Shares,$16.15,0.35,2.215%,38370798534.00,United Kingdom,,14702713,Telecommunications,Telecommunications Equipment
VOR,Vor Biopharma Inc. Common Stock,$13.85,-0.48,-3.35%,750472457.00,United States,2021,544370,Health Care,Biotechnology: Biological Products (No Diagnostic Substances)
VOXR,Vox Royalty Corp. Common Stock,$5.34,0.20,3.891%,367929263.00,Canada,,263300,Basic Materials,Precious Metals
VOYA,Voya Financial Inc. Common Stock,$82.60,0.64,0.781%,7629132588.00,United States,2013,1038381,Finance,Life Insurance
VOYA^B,Voya Financial Inc. Depositary Shares each representing a 1/40th interest in a share of 5.35% Fixed-Rate Reset Non-Cumulative Preferred Stock Series B,$23.95,-0.02,-0.083%,,United States,,16020,,
VOYG,Voyager Technologies Inc. Class A Common Stock,$26.60,0.19,0.719%,1573347520.00,United States,2025,1589651,Industrials,Military/Government/Technical
VPG,Vishay Precision Group Inc. Common Stock,$60.22,-0.20,-0.331%,800769970.00,United States,,159993,Technology,Electrical Products
VPV,Invesco Pennsylvania Value Municipal Income Trust Common Stock (DE),$11.075,0.075,0.682%,263912200.00,United States,,43803,Finance,Trusts Except Educational Religious and Charitable
VRA,Vera Bradley Inc. Common Stock,$4.13,0.02,0.487%,117449981.00,United States,2010,369520,Consumer Discretionary,Apparel
VRAX,Virax Biolabs Group Limited Ordinary Shares,$0.1318,-0.0021,-1.568%,978408.00,United Kingdom,2022,453217,Health Care,Biotechnology: In Vitro & In Vivo Diagnostic Substances
VRCA,Verrica Pharmaceuticals Inc. Common Stock,$6.27,-0.10,-1.57%,107710988.00,United States,2018,25402,Health Care,Biotechnology: Pharmaceutical Preparations
VRDN,Viridian Therapeutics Inc. Common Stock,$13.42,-0.06,-0.445%,1383224750.00,United States,2014,1461721,Health Care,Medical Specialities
VRE,Veris Residential Inc. Common Stock,$18.96,-0.01,-0.053%,1779168802.00,United States,,384256,Real Estate,Real Estate Investment Trusts
VREX,Varex Imaging Corporation Common Stock,$11.61,-0.04,-0.343%,486459000.00,United States,,286240,Technology,Industrial Machinery/Components
VRM,Vroom Inc. Common Stock,$14.58,-0.40,-2.67%,75910697.00,United States,,2868,Consumer Discretionary,Retail-Auto Dealers and Gas Stations
VRME,VerifyMe Inc. Common Stock,$0.77,0.0097,1.276%,10101680.00,United States,,40880,Technology,EDP Services
VRNS,Varonis Systems Inc. Common Stock,$26.50,0.20,0.76%,3042574975.00,United States,2014,3580472,Technology,Computer Software: Prepackaged Software
VRRM,Verra Mobility Corporation Class A Common Stock,$14.89,0.06,0.405%,2261887547.00,United States,2017,1049384,Consumer Discretionary,Transportation Services
VRSK,Verisk Analytics Inc. Common Stock,$181.11,-3.38,-1.832%,23729365442.00,United States,2009,1534955,Industrials,Diversified Commercial Services
VRSN,VeriSign Inc. Common Stock,$272.44,3.78,1.407%,24792040000.00,United States,1998,589521,Technology,EDP Services
VRT,Vertiv Holdings LLC Class A Common Stock,$328.31,-0.18,-0.055%,126106765381.00,United States,2018,4403479,Technology,Industrial Machinery/Components
VRTS,Virtus Investment Partners Inc. Common Stock,$136.00,-9.55,-6.561%,908759480.00,United States,,181812,Finance,Investment Managers
VRTX,Vertex Pharmaceuticals Incorporated Common Stock,$423.92,-3.46,-0.81%,107869394907.00,United States,1991,796860,Health Care,Biotechnology: Pharmaceutical Preparations
VS,Versus Systems Inc. Common Stock,$1.34,0.03,2.29%,6568247.00,Canada,,40014,Technology,EDP Services
VSA,VisionSys AI Inc. American Depositary Shares,$0.7635,-0.0369,-4.61%,4745205.00,China,2014,355350,Real Estate,Other Consumer Services
VSAT,ViaSat Inc. Common Stock,$65.12,-0.79,-1.199%,8845340833.00,United States,1996,1248655,Technology,Radio And Television Broadcasting And Communications Equipment
VSCO,Victorias Secret & Co. Common Stock ,$52.36,0.53,1.023%,4213252748.00,United States,2021,1352968,Consumer Discretionary,Clothing/Shoe/Accessory Stores
VSEC,VSE Corporation Common Stock,$170.91,-0.77,-0.449%,4794947218.00,United States,,593115,Consumer Discretionary,Military/Government/Technical
VSECU,VSE Corporation Tangible Equity Units,$46.18,-0.04,-0.087%,0.00,United States,,182370,,
VSEE,VSee Health Inc. Common Stock,$0.1909,0.0019,1.005%,9029459.00,United States,2021,396399,Health Care,Medical/Nursing Services
VSEEW,VSee Health Inc. Warrant,$0.0495,0.0095,23.75%,2341321.00,United States,2021,787,Health Care,Medical/Nursing Services
VSH,Vishay Intertechnology Inc. Common Stock,$29.58,0.61,2.106%,4025992851.00,United States,,2660514,Technology,Electrical Products
VSME,VS Media Holdings Limited Class A Ordinary Shares,$0.9972,0.0272,2.804%,2742982.00,Singapore,2023,612617,Consumer Discretionary,Publishing
VSNT,Versant Media Group Inc. Class A Common Stock ,$40.83,0.64,1.592%,5777219333.00,United States,,1954939,Industrials,Broadcasting
VST,Vistra Corp. Common Stock,$155.28,-2.56,-1.622%,52569934062.00,United States,,3137894,Utilities,Electric Utilities: Central
VSTD,Vestand Inc. Class A Common Stock,$0.3633,-0.0085,-2.286%,5167935.00,United States,2022,35858,Consumer Discretionary,Restaurants
VSTM,Verastem Inc. Common Stock,$5.84,0.38,6.96%,513002530.00,United States,2012,2040219,Health Care,Biotechnology: Pharmaceutical Preparations
VSTS,Vestis Corporation Common Stock,$9.71,-0.01,-0.103%,1281224188.00,United States,2023,886718,Consumer Discretionary,Consumer Specialties
VTAK,Catheter Precision Inc. Common Stock,$0.95,-0.0018,-0.189%,2557849.00,,2018,71890,Health Care,Medical/Dental Instruments
VTEX,VTEX Class A Common Shares,$3.92,0.16,4.255%,746225532.00,United Kingdom,2021,1078237,Technology,Computer Software: Prepackaged Software
VTGN,Vistagen Therapeutics Inc. Common Stock,$0.6258,0.0124,2.022%,24794394.00,United States,,427138,Health Care,Biotechnology: Pharmaceutical Preparations
VTIX,Virtuix Holdings Inc. Class A Common Stock,$3.70,0.25,7.246%,117842954.00,United States,,225559,Technology,Computer peripheral equipment
VTMX,Corporacion Inmobiliaria Vesta S.A.B de C.V. American Depositary Shares each representing ten (10) Common Shares,$35.42,-0.18,-0.506%,3132850970.00,,2023,33773,Finance,Real Estate
VTN,Invesco Trust for Investment Grade New York Municipals Common Stock,$11.23,0.05,0.447%,218827544.00,United States,,16756,Finance,Finance Companies
VTOL,Bristow Group Inc. Common Stock,$49.29,0.16,0.326%,1459270572.00,United States,,390304,Consumer Discretionary,Transportation Services
VTR,Ventas Inc. Common Stock,$88.02,0.16,0.182%,42792659018.00,United States,,4084643,Real Estate,Real Estate Investment Trusts
VTRS,Viatris Inc. Common Stock,$15.04,0.10,0.669%,17512890471.00,United States,,7362901,Health Care,Biotechnology: Pharmaceutical Preparations
VTS,Vitesse Energy Inc. Common Stock,$18.77,0.01,0.053%,782942198.00,United States,2023,598281,Energy,Oil & Gas Production
VTSI,VirTra Inc. Common Stock,$4.51,0.05,1.121%,50994051.00,United States,,33290,Consumer Discretionary,Miscellaneous manufacturing industries
VTVT,vTv Therapeutics Inc. Class A Common Stock,$31.685,-0.555,-1.721%,124803888.00,United States,2015,33673,Health Care,Biotechnology: Pharmaceutical Preparations
VUZI,Vuzix Corporation Common Stock,$2.84,-0.04,-1.389%,236169453.00,United States,,1407978,Technology,Radio And Television Broadcasting And Communications Equipment
VVOS,Vivos Therapeutics Inc. Common Stock,$0.8072,0.007,0.875%,10885904.00,United States,2020,87331,Health Care,Medical/Dental Instruments
VVR,Invesco Senior Income Trust Common Stock (DE),$3.11,-0.04,-1.27%,0.00,United States,1998,1198213,Finance,Trusts Except Educational Religious and Charitable
VVV,Valvoline Inc. Common Stock,$32.61,-0.62,-1.866%,4151769086.00,United States,2016,1810162,Industrials,Major Chemicals
VVX,V2X Inc. Common Stock,$67.74,-0.07,-0.103%,2118238809.00,United States,2014,488103,Consumer Discretionary,Diversified Commercial Services
VWAV,VisionWave Holdings Inc. Common Stock,$6.33,0.05,0.796%,150952377.00,United States,,526649,Technology,Computer Software: Prepackaged Software
VWAVW,VisionWave Holdings Inc. Warrant,$1.02,0.0599,6.239%,24324080.00,United States,,10904,Technology,Computer Software: Prepackaged Software
VYGR,Voyager Therapeutics Inc. Common Stock,$3.76,0.03,0.804%,227167495.00,United States,2015,339005,Health Care,Biotechnology: Biological Products (No Diagnostic Substances)
VYNE,VYNE Therapeutics Inc. Common Stock,$0.6412,0.0045,0.707%,21385853.00,United States,2018,104560,Health Care,Biotechnology: Pharmaceutical Preparations
VYX,NCR Voyix Corporation Common Stock,$7.19,0.30,4.354%,999491707.00,United States,,1926079,Miscellaneous,Office Equipment/Supplies/Services
VZ,Verizon Communications Inc. Common Stock,$48.11,0.08,0.167%,202912785322.00,United States,,24097655,Telecommunications,Telecommunications Equipment
VZLA,Vizsla Silver Corp. Common Shares,$3.46,0.08,2.367%,1209265969.00,Canada,2024,5514530,Basic Materials,Precious Metals
W,Wayfair Inc. Class A Common Stock,$65.50,1.57,2.456%,8564486822.00,United States,2014,5768077,Consumer Discretionary,Catalog/Specialty Distribution
WAB,Westinghouse Air Brake Technologies Corporation Common Stock,$264.95,-4.94,-1.83%,44956012823.00,United States,,664657,Industrials,Railroads
WABC,Westamerica Bancorporation Common Stock,$55.26,0.44,0.803%,1336706465.00,United States,,161972,Finance,Major Banks
WAFD,WaFd Inc. Common Stock,$35.46,0.06,0.169%,2690113824.00,United States,,423314,Finance,Major Banks
WAFDP,WaFd Inc. Depositary Shares,$16.50,0.05,0.304%,1251745011.00,United States,,14120,Finance,Major Banks
WAFU,Wah Fu Education Group Limited Ordinary Shares,$1.63,-0.002,-0.123%,7189211.00,China,2019,1525,Real Estate,Other Consumer Services
WAI,Top KingWin Ltd Class A Ordinary Shares,$2.21,0.00,0.00%,5209469.00,China,2023,377,Real Estate,Real Estate
WAL,Western Alliance Bancorporation Common Stock (DE),$80.80,-0.74,-0.908%,8780555554.00,United States,2005,915564,Finance,Major Banks
WAL^A,Western Alliance Bancorporation Depositary Shares Each Representing a 1/400th Interest in a Share of 4.250% Fixed-Rate Non-Cumulative Perpetual Preferred Stock Series A,$23.87,0.14,0.59%,,United States,,16662,,
WALD,Waldencast plc Class A Ordinary Share,$0.9611,0.0711,7.989%,123270563.00,United States,2021,1669938,Consumer Discretionary,Package Goods/Cosmetics
WALDW,Waldencast plc Warrant ,$0.0305,0.0008,2.694%,3911926.00,United States,2021,40964,Consumer Discretionary,Package Goods/Cosmetics
WASH,Washington Trust Bancorp Inc. Common Stock,$31.94,0.51,1.623%,608135939.00,United States,,260276,Finance,Major Banks
WAT,Waters Corporation Common Stock,$307.12,-2.11,-0.682%,30148585596.00,United States,1995,782043,Industrials,Biotechnology: Laboratory Analytical Instruments
WATT,Energous Corporation Common Stock,$34.25,-1.08,-3.057%,188412641.00,United States,2014,296320,Technology,Radio And Television Broadcasting And Communications Equipment
WAVE,Eco Wave Power Global AB (publ) American Depositary Shares,$6.88,-0.12,-1.714%,321415079.00,Israel,2021,13984,Utilities,Electric Utilities: Central
WAY,Waystar Holding Corp. Common Stock,$20.95,-0.425,-1.988%,4018480066.00,United States,2024,5102326,Technology,EDP Services
WB,Weibo Corporation American Depositary Share,$8.36,-0.05,-0.595%,2053822702.00,China,2014,516489,Technology,Computer Software: Programming Data Processing
WBD,Warner Bros. Discovery Inc. Series A Common Stock ,$26.97,-0.08,-0.296%,66883699020.00,United States,,11486220,Consumer Discretionary,Services-Misc. Amusement & Recreation
WBI,WaterBridge Infrastructure LLC Class A Shares Representing Limited Liability Company Interests,$29.73,-0.41,-1.36%,3670353094.00,,2025,470751,Energy,Oilfield Services/Equipment
WBS,Webster Financial Corporation Common Stock,$72.22,-0.14,-0.193%,11643783969.00,United States,,2042133,Finance,Major Banks
WBS^F,Webster Financial Corporation Depositary Shares Each Representing 1/1000th Interest in a Share of 5.25% Series F Non-Cumulative Perpetual Preferred Stock,$21.18,0.02,0.095%,,United States,,4216,,
WBS^G,Webster Financial Corporation Depositary Shares each representing a 1/40th interest in a share of 6.50% Series G non-cumulative perpetual preferred stock,$24.48,0.575,2.405%,,United States,,16348,,
WBTN,WEBTOON Entertainment Inc. Common stock,$13.24,1.00,8.17%,1782841481.00,United States,2024,285876,Consumer Discretionary,Publishing
WBUY,WEBUY GLOBAL LTD. Class A Ordinary Shares,$1.31,-0.03,-2.239%,7180246.00,Singapore,2023,51168,Consumer Discretionary,Other Specialty Stores
WBX,Wallbox N.V. Class A Ordinary Shares,$3.085,0.035,1.148%,52918865.00,Spain,,3712,Consumer Discretionary,Industrial Specialties
WCC,WESCO International Inc. Common Stock,$354.59,5.47,1.567%,17284203041.00,United States,1999,764575,Consumer Discretionary,Telecommunications Equipment
WCN,Waste Connections Inc. Common Shares,$161.23,-3.49,-2.119%,41088985680.00,Canada,,1265755,Utilities,Environmental Services
WCT,Wellchange Holdings Company Limited Class A Ordinary shares,$1.93,0.03,1.579%,5916029.00,Hong Kong,2024,1256,Technology,Computer Software: Prepackaged Software
WD,Walker & Dunlop Inc Common Stock,$51.28,0.93,1.847%,1759471618.00,United States,2010,187829,Finance,Finance: Consumer Services
WDAY,Workday Inc. Class A Common Stock,$126.96,4.56,3.725%,32628720000.00,United States,,6018270,Technology,EDP Services
WDC,Western Digital Corporation Common Stock,$431.52,-3.00,-0.69%,146301644101.00,United States,,15453659,Technology,Electronic Components
WDFC,WD-40 Company Common Stock,$211.06,1.10,0.524%,2839897146.00,United States,1973,115143,Industrials,Major Chemicals
WDH,Waterdrop Inc. American Depositary Shares (each representing the right to receive 10 Class A Ordinary Shares),$1.62,-0.06,-3.571%,582069164.00,Cayman Islands,2021,199421,Finance,Specialty Insurers
WDI,Western Asset Diversified Income Fund Common Shares of Beneficial Interest,$14.07,0.08,0.572%,0.00,United States,2021,128033,Finance,Trusts Except Educational Religious and Charitable
WDS,Woodside Energy Group Limited American Depositary Shares each representing one Ordinary Share,$23.53,-0.32,-1.342%,44732886365.00,Australia,2022,643297,Energy,Oil & Gas Production
WEA,Western Asset Bond Fund Share of Beneficial Interest,$10.71,0.02,0.187%,0.00,United States,2002,32244,Finance,Trusts Except Educational Religious and Charitable
WEAV,Weave Communications Inc. Common Stock,$5.75,0.84,17.108%,457485301.00,United States,2021,5143659,Technology,Computer Software: Prepackaged Software
WEC,WEC Energy Group Inc. Common Stock,$117.46,-0.48,-0.407%,38256675956.00,United States,,1886410,Utilities,Power Generation
WELL,Welltower Inc. Common Stock,$216.91,-0.43,-0.198%,153119903350.00,United States,,2449903,Real Estate,Real Estate Investment Trusts
WEN,Wendy's Company (The) Common Stock,$6.70,-0.26,-3.736%,1276123848.00,United States,,8424056,Consumer Discretionary,Restaurants
WENN,Wen Acquisition Corp Class A Ordinary Shares,$10.23,-0.01,-0.098%,0.00,United States,2025,631997,,
WENNU,Wen Acquisition Corp Unit,$10.37,0.02,0.193%,0.00,United States,2025,32322,Finance,Blank Checks
WENNW,Wen Acquisition Corp Warrant,$0.365,0.0349,10.573%,0.00,United States,2025,13030,Finance,Blank Checks
WERN,Werner Enterprises Inc. Common Stock,$35.91,-0.96,-2.604%,2152808630.00,United States,1986,1287012,Industrials,Trucking Freight/Courier Services
WES,Western Midstream Partners LP Common Units Representing Limited Partner Interests,$42.16,-1.32,-3.036%,16597019017.00,United States,2012,1498145,Utilities,Natural Gas Distribution
WEST,Westrock Coffee Company Common Stock,$5.90,0.01,0.17%,575591976.00,United States,,483763,Consumer Staples,Beverages (Production/Distribution)
WETH,Wetouch Technology Inc. Common Stock,$1.85,-0.03,-1.596%,22073338.00,China,,68605,Technology,Computer peripheral equipment
WETO,Wetour Robotics Limited Ordinary Shares,$0.50,-0.0252,-4.798%,11000000.00,China,2025,60656,Industrials,Other Transportation
WEX,WEX Inc. common stock,$151.14,0.81,0.539%,5239743133.00,United States,,467217,Real Estate,Real Estate
WEYS,Weyco Group Inc. Common Stock,$33.04,0.05,0.152%,314911311.00,United States,,10235,Consumer Staples,Apparel
WF,Woori Financial Group Inc. American Depositary Shares (each representing three (3) shares of Common Stock),$69.90,-0.76,-1.076%,17033205158.00,South Korea,,66595,Finance,Commercial Banks
WFC,Wells Fargo & Company Common Stock,$80.81,-1.42,-1.727%,247293913010.00,United States,,14627179,Finance,Major Banks
WFC^A,Wells Fargo & Company Depositary Shares each representing a 1/1000th interest in a share of Non-Cumulative Perpetual Class A Preferred Stock Series AA,$18.95,-0.09,-0.473%,,United States,,80334,,
WFC^C,Wells Fargo & Company Depositary Shares each representing a 1/1000th interest in a share of Non-Cumulative Perpetual Class A Preferred Stock Series CC,$17.625,-0.015,-0.085%,,United States,,44960,,
WFC^D,Wells Fargo & Company Depositary Shares each representing a 1/1000th interest in  a share of Non-Cumulative Perpetual Class A Preferred Stock Series DD,$17.32,-0.06,-0.345%,,United States,,52037,,
WFC^L,Wells Fargo & Company 7.50% Non-Cumulative Perpetual Convertible Class A Preferred Stock Series L,$1193.00,2.19,0.184%,,United States,,5274,,
WFC^Y,Wells Fargo & Company Depositary Shares each representing a 1/1000th interest in a share of Non-Cumulative Perpetual Class A Preferred Stock Series Y,$23.94,-0.02,-0.083%,,United States,,55329,,
WFC^Z,Wells Fargo & Company Depositary Shares each representing a 1/1000th interest in a share of Non-Cumulative Perpetual Class A Preferred Stock Series Z,$19.03,-0.02,-0.105%,,United States,,113803,,
WFCF,Where Food Comes From Inc. Common Stock,$12.41,0.05,0.405%,62676147.00,United States,,349,Technology,Computer Software: Prepackaged Software
WFF,WF Holding Limited Ordinary Shares,$1.3602,0.0202,1.507%,6852688.00,Malaysia,2025,2310,Consumer Discretionary,Miscellaneous manufacturing industries
WFG,West Fraser Timber Co. Ltd Common stock,$62.39,-0.92,-1.453%,4885125895.00,Canada,2021,202698,Basic Materials,Forest Products
WFRD,Weatherford International plc Ordinary Shares,$109.49,-0.86,-0.779%,7875104601.00,United States,,1019076,Consumer Discretionary,Oil and Gas Field Machinery
WGO,Winnebago Industries Inc. Common Stock,$32.02,-0.59,-1.809%,905070500.00,United States,,336136,Industrials,Homebuilding
WGRX,Wellgistics Health Inc. Common Stock,$0.1084,-0.0016,-1.455%,13729226.00,United States,2025,1085252,Health Care,Other Pharmaceuticals
WGS,GeneDx Holdings Corp. Class A Common Stock,$65.38,2.49,3.959%,1914897756.00,United States,2020,591641,Technology,Retail: Computer Software & Peripheral Equipment
WGSWW,GeneDx Holdings Corp. Warrant,$0.0062,-0.0001,-1.587%,181590.00,United States,2020,6923,Technology,Retail: Computer Software & Peripheral Equipment
WH,Wyndham Hotels & Resorts Inc. Common Stock ,$80.84,-0.54,-0.664%,6067184602.00,United States,2018,1393713,Consumer Discretionary,Hotels/Resorts
WHD,Cactus Inc. Class A Common Stock,$54.79,-0.93,-1.669%,4392726009.00,United States,2018,495828,Consumer Discretionary,Oil and Gas Field Machinery
WHF,WhiteHorse Finance Inc. Common Stock,$7.66,0.06,0.789%,170312785.00,United States,,66743,Finance,Finance Companies
WHFCL,WhiteHorse Finance Inc. 7.875% Notes due 2028,$25.63,-0.02,-0.078%,595720345.00,United States,,211,,
WHG,Westwood Holdings Group Inc Common Stock,$15.99,-0.45,-2.737%,151712688.00,United States,,14853,Finance,Investment Managers
WHLR,Wheeler Real Estate Investment Trust Inc. Common Stock,$1.96,0.15,8.287%,1184573.00,United States,2012,1779403,Real Estate,Real Estate Investment Trusts
WHLRD,Wheeler Real Estate Investment Trust Inc. Series D Cumulative Preferred Stock,$35.40,-1.10,-3.014%,21394840.00,United States,,964,Real Estate,Real Estate Investment Trusts
WHLRL,Wheeler Real Estate Investment Trust Inc. 7.00% Senior Subordinated Convertible Notes Due 2031,$80.01,0.00,0.00%,48355964.00,United States,,2,Real Estate,Real Estate Investment Trusts
WHLRP,Wheeler Real Estate Investment Trust Inc. Class B Preferred Stock,$7.25,0.02,0.277%,4381712.00,United States,,100,Real Estate,Real Estate Investment Trusts
WHR,Whirlpool Corporation Common Stock,$56.57,0.51,0.91%,3198476286.00,United States,,1512316,Consumer Discretionary,Consumer Electronics/Appliances
WHR^A,Whirlpool Corporation Depositary Shares each representing a 1/20th interest in a share of 8.50% Series A Mandatory Convertible Preferred Stock,$41.30,-0.45,-1.078%,,United States,,25787,,
WHWK,Whitehawk Therapeutics Inc. Common Stock,$3.99,-0.02,-0.499%,197218426.00,United States,,259892,Health Care,Biotechnology: Pharmaceutical Preparations
WIA,Western Asset Inflation-Linked Income Fund,$8.15,0.0299,0.368%,0.00,United States,2003,21059,Finance,Trusts Except Educational Religious and Charitable
WILC,G. Willi-Food International  Ltd. Ordinary Shares,$32.20,-0.27,-0.832%,448555982.00,Israel,,2416,Consumer Discretionary,Food Distributors
WIMI,WiMi Hologram Cloud Inc. Class B Ordinary Shares,$1.70,-0.01,-0.585%,15627296.00,China,2020,211152,Technology,Computer Software: Prepackaged Software
WINA,Winmark Corporation Common Stock,$373.23,-7.26,-1.908%,1335294147.00,United States,,66329,Consumer Discretionary,Other Specialty Stores
WING,Wingstop Inc. Common Stock,$160.73,-3.33,-2.03%,4377088244.00,United States,2015,1273967,Consumer Discretionary,Restaurants
WIT,Wipro Limited Common Stock,$2.03,-0.01,-0.49%,21258436179.00,India,,3327430,Technology,EDP Services
WIW,Western Asset Inflation-Linked Opportunities & Income Fund,$8.56,0.02,0.234%,0.00,United States,2004,190438,Finance,Finance Companies
WIX,Wix.com Ltd. Ordinary Shares,$80.60,5.91,7.913%,4436824712.00,Israel,2013,1784849,Technology,Computer Software: Programming Data Processing
WK,Workiva Inc. Class A Common Stock,$54.76,1.28,2.393%,3086704616.00,United States,2014,2313330,Technology,Computer Software: Prepackaged Software
WKC,World Kinect Corporation Common Stock,$27.10,0.13,0.482%,1391732722.00,United States,,757905,Energy,Oil Refining/Marketing
WKEY,WISeKey International Holding Ltd American Depositary Shares,$6.81,-0.18,-2.575%,62038787.00,Switzerland,,36268,Technology,EDP Services
WKHS,Workhorse Group Inc. Common Stock,$3.25,0.35,12.069%,33962039.00,United States,,667443,Industrials,Auto Manufacturing
WKSP,Worksport Ltd. Common Stock,$1.09,0.00,0.00%,10698203.00,Canada,,431319,Consumer Discretionary,Auto Parts:O.E.M.
WLAC,Willow Lane Acquisition Corp. Class A Ordinary Shares,$17.89,0.53,3.053%,0.00,United States,2024,335477,Finance,Blank Checks
WLACU,Willow Lane Acquisition Corp. Unit,$28.38,0.00,0.00%,0.00,United States,2024,22,Finance,Blank Checks
WLACW,Willow Lane Acquisition Corp. Warrants,$7.42,0.17,2.345%,0.00,United States,2024,163690,Finance,Blank Checks
WLDN,Willdan Group Inc. Common Stock,$73.98,-2.02,-2.658%,1107220190.00,United States,2006,347849,Consumer Discretionary,Military/Government/Technical
WLDS,Wearable Devices Ltd. Ordinary Share,$1.10,0.01,0.917%,3884184.00,Israel,2022,134302,Telecommunications,Computer Communications Equipment
WLDSW,Wearable Devices Ltd. Warrant,$2.65,0.00,0.00%,9357351.00,Israel,2022,4,Telecommunications,Computer Communications Equipment
WLFC,Willis Lease Finance Corporation Common Stock,$195.70,1.55,0.798%,1488263470.00,United States,1996,64657,Consumer Discretionary,Industrial Specialties
WLII,Willow Lane Acquisition Corp. II Class A Ordinary Shares,$10.03,0.00,0.00%,0.00,United States,2026,3,Finance,Blank Checks
WLIIU,Willow Lane Acquisition Corp. II Unit,$10.12,0.00,0.00%,0.00,United States,2026,963,,
WLIIW,Willow Lane Acquisition Corp. II Warrants,$0.595,0.015,2.586%,0.00,United States,2026,8937,Finance,Blank Checks
WLK,Westlake Corporation Common Stock,$114.99,-0.29,-0.252%,14728320515.00,United States,2004,1162043,Industrials,Major Chemicals
WLKP,Westlake Chemical Partners LP Common Units representing limited partner interests,$22.99,-0.06,-0.26%,810302758.00,United States,2014,19024,Industrials,Major Chemicals
WLTH,Wealthfront Corporation Common Stock,$10.77,0.24,2.279%,1610912238.00,United States,2025,912621,Finance,Finance: Consumer Services
WLY,John Wiley & Sons Inc. Common Stock,$40.93,0.00,0.00%,2100650226.00,United States,,329673,Consumer Discretionary,Books
WLYB,John Wiley & Sons Inc. Common Stock,$41.20,0.00,0.00%,2114507435.00,United States,,71,Consumer Discretionary,Books
WM,Waste Management Inc. Common Stock,$228.77,-3.78,-1.625%,91868484785.00,United States,,1346955,Utilities,Environmental Services
WMB,Williams Companies Inc. (The) Common Stock,$75.54,-0.77,-1.009%,92372644524.00,United States,,4621157,Utilities,Natural Gas Distribution
WMG,Warner Music Group Corp. Class A Common Stock,$27.98,-0.29,-1.026%,14615245781.00,United States,2020,1364402,Consumer Discretionary,Services-Misc. Amusement & Recreation
WMK,Weis Markets Inc. Common Stock,$70.95,0.77,1.097%,1755629157.00,United States,,95352,Consumer Staples,Food Chains
WMS,Advanced Drainage Systems Inc. Common Stock,$147.31,-1.94,-1.30%,11474798626.00,United States,2014,433676,Consumer Discretionary,Containers/Packaging
WMT,Walmart Inc. Common Stock,$131.60,-0.33,-0.25%,1049168169132.00,United States,,10478484,Consumer Discretionary,Department/Specialty Retail Stores
WNC,Wabash National Corporation Common Stock,$7.68,-1.01,-11.623%,312376067.00,United States,1991,2249580,Industrials,Construction/Ag Equipment/Trucks
WNEB,Western New England Bancorp Inc. Common Stock,$14.08,0.13,0.932%,285244918.00,United States,,36874,Finance,Savings Institutions
WNW,Meiwu Technology Company Limited Ordinary Shares,$4.27,0.00,0.00%,5681111.00,China,2020,309220,Consumer Discretionary,Catalog/Specialty Distribution
WOK,WORK Medical Technology Group LTD Class A Ordinary Shares,$1.29,0.08,6.612%,2224739.00,China,2024,77880,Health Care,Medical/Dental Instruments
WOLF,Wolfspeed Inc. Common Stock New,$36.76,7.23,24.484%,1657457340.00,United States,2025,8380260,Technology,Semiconductors
WOOF,Petco Health and Wellness Company Inc. Class A Common Stock,$2.88,0.04,1.408%,927781707.00,United States,2021,2515862,Consumer Discretionary,Other Specialty Stores
WOR,Worthington Enterprises Inc. Common Shares,$54.38,0.11,0.203%,2678377814.00,United States,,102849,Industrials,Steel/Iron Ore
WPAC,White Pearl Acquisition Corp. Class A Ordinary Shares,$9.96,0.01,0.101%,0.00,,2026,2100,Finance,Blank Checks
WPC,W. P. Carey Inc. REIT,$72.60,-0.33,-0.452%,16170859023.00,United States,,925720,Real Estate,Real Estate Investment Trusts
WPM,Wheaton Precious Metals Corp Common Shares (Canada),$125.84,-0.62,-0.49%,57136010795.00,Canada,,1747459,Basic Materials,Precious Metals
WPP,WPP plc American Depositary Shares,$18.11,0.02,0.111%,3907422148.00,Ireland,,325442,Consumer Discretionary,Advertising
WPRT,Westport Fuel Systems Inc Common Shares,$2.025,-0.005,-0.246%,35135785.00,Canada,2008,28086,Industrials,Industrial Machinery/Components
WRAP,Wrap Technologies Inc. Common Stock,$1.58,0.04,2.597%,87690085.00,United States,,89968,Industrials,Ordnance And Accessories
WRB,W.R. Berkley Corporation Common Stock,$66.38,-0.45,-0.673%,25889460954.00,United States,,2202569,Finance,Property-Casualty Insurers
WRB^E,W.R. Berkley Corporation 5.70% Subordinated Debentures due 2058,$21.61,-0.18,-0.826%,,United States,,5513,,
WRB^F,W.R. Berkley Corporation 5.10% Subordinated Debentures due 2059,$19.455,-0.015,-0.077%,,United States,,21293,,
WRB^G,W.R. Berkley Corporation 4.25% Subordinated Debentures due 2060,$16.56,0.10,0.608%,,United States,,3330,,
WRB^H,W.R. Berkley Corporation 4.125% Subordinated Debentures due 2061,$15.76,-0.15,-0.943%,,United States,,25417,,
WRBY,Warby Parker Inc. Class A Common Stock,$23.08,0.96,4.34%,2832267647.00,United States,2021,1658807,Health Care,Ophthalmic Goods
WRD,WeRide Inc. American Depositary Shares,$7.64,-0.08,-1.036%,2561359469.00,China,2024,1033005,Technology,EDP Services
WRLD,World Acceptance Corporation Common Stock,$152.02,4.86,3.303%,750504346.00,United States,1991,141836,Finance,Finance: Consumer Services
WRN,Western Copper and Gold Corporation Common Stock,$2.85,0.06,2.151%,643041749.00,Canada,2011,1715304,Basic Materials,Metal Mining
WS,Worthington Steel Inc. Common Shares,$39.17,0.74,1.926%,1990084259.00,United States,2023,187779,Industrials,Steel/Iron Ore
WSBC,WesBanco Inc. Common Stock,$34.50,0.12,0.349%,3315900536.00,United States,,768658,Finance,Major Banks
WSBCO,WesBanco Inc. Depositary Shares each representing 1/40th interest in a share of 7.375% Fixed-Rate Reset Non-Cumulative Perpetual Preferred Stock Series B,$25.9599,0.2399,0.933%,2495085400.00,United States,,843,Finance,Major Banks
WSBF,Waterstone Financial Inc. Common Stock (MD),$18.10,0.08,0.444%,328727367.00,United States,2005,56280,Finance,Savings Institutions
WSBK,Winchester Bancorp Inc. Common Stock,$12.79,0.00,0.00%,0.00,United States,2025,10141,,
WSC,WillScot Holdings Corporation Class A Common Stock,$22.69,0.05,0.221%,4106769267.00,United States,2015,3185934,Industrials,Misc Corporate Leasing Services
WSFS,WSFS Financial Corporation Common Stock,$72.13,0.16,0.222%,3769303253.00,United States,,400090,Finance,Major Banks
WSHP,WeShop Holdings Limited Class A Ordinary Shares,$8.80,-0.33,-3.614%,206304410.00,Jersey,,136790,Consumer Discretionary,Other Specialty Stores
WSM,Williams-Sonoma Inc. Common Stock (DE),$179.99,-1.22,-0.673%,21421698660.00,United States,,922767,Consumer Discretionary,Home Furnishings
WSO,Watsco Inc. Common Stock,$428.57,-9.27,-2.117%,17423558350.00,United States,,345179,Consumer Discretionary,Industrial Machinery/Components
WSO/B,Watsco Inc.,$450.00,0.00,0.00%,,United States,,17,,
WSR,Whitestone REIT Common Shares,$18.94,0.00,0.00%,973359442.00,United States,2010,282234,Real Estate,Real Estate Investment Trusts
WST,West Pharmaceutical Services Inc. Common Stock,$300.68,3.09,1.038%,21242318865.00,United States,,651997,Health Care,Medical/Dental Instruments
WSTN,Westin Acquisition Corp Class A Ordinary Share,$10.03,0.00,0.00%,80791650.00,Singapore,2025,6,,
WSTNR,Westin Acquisition Corp Right,$0.19,0.0298,18.602%,1530450.00,Singapore,2025,600,,
WSTNU,Westin Acquisition Corp Units,$10.19,0.00,0.00%,0.00,Singapore,2026,4766,,
WT,WisdomTree Inc. Common Stock,$16.62,-0.38,-2.235%,2533510153.00,United States,2022,3810443,Finance,Investment Bankers/Brokers/Service
WTBA,West Bancorporation Common Stock,$24.01,0.06,0.251%,408844705.00,United States,,38022,Finance,Major Banks
WTF,Waton Financial Limited Ordinary Shares,$3.80,0.05,1.333%,183302394.00,Hong Kong,2025,3829,Finance,Investment Bankers/Brokers/Service
WTFC,Wintrust Financial Corporation Common Stock,$149.57,-1.00,-0.664%,10086596961.00,United States,,331115,Finance,Major Banks
WTFCN,Wintrust Financial Corporation Depositary Shares Each Representing a 1/1000th Interest in a Share of 7.875% Fixed-Rate Reset Non-Cumulative Perpetual Preferred StocK,$26.43,-0.06,-0.227%,1782367839.00,United States,,9564,Finance,Major Banks
WTG,Wintergreen Acquisition Corp. Ordinary Shares,$10.30,0.00,0.00%,0.00,China,2025,3,Finance,Blank Checks
WTGUR,Wintergreen Acquisition Corp. Rights,$0.1201,-0.0299,-19.933%,0.00,China,2025,534,Finance,Blank Checks
WTI,W&T Offshore Inc. Common Stock,$4.13,-0.08,-1.90%,614451893.00,United States,2005,5356797,Energy,Oil & Gas Production
WTM,White Mountains Insurance Group Ltd. Common Stock,$2163.50,-68.49,-3.069%,5358275545.00,United States,,19510,Finance,Property-Casualty Insurers
WTO,UTime Limited Class A Ordinary Shares,$1.50,-0.355,-19.137%,2538674.00,China,2021,29058020,Technology,Consumer Electronics/Appliances
WTRG,Essential Utilities Inc. Common Stock,$38.03,-0.17,-0.445%,10774039597.00,United States,,1478241,Utilities,Water Supply
WTS,Watts Water Technologies Inc. Class A Common Stock,$293.60,-6.56,-2.186%,9801186263.00,United States,1986,184856,Industrials,Metal Fabrications
WTTR,Select Water Solutions Inc. Class A common stock,$16.42,-0.31,-1.853%,2267020650.00,United States,2017,1285142,Energy,Oilfield Services/Equipment
WTW,Willis Towers Watson Public Limited Company Ordinary Shares,$256.34,0.14,0.055%,24148022910.00,United Kingdom,,1538733,Finance,Specialty Insurers
WU,Western Union Company (The) Common Stock,$9.21,0.12,1.32%,2877527308.00,United States,,5362226,Real Estate,Real Estate
WULF,TeraWulf Inc. Common Stock,$21.31,-0.42,-1.933%,9277989568.00,United States,,28336468,Technology,EDP Services
WVE,Wave Life Sciences Ltd. Ordinary Shares,$7.32,0.26,3.683%,1408221432.00,Singapore,2015,5147083,Health Care,Biotechnology: Pharmaceutical Preparations
WVVI,Willamette Valley Vineyards Inc. Common Stock,$2.76,-0.05,-1.779%,13743500.00,United States,,2315,Consumer Staples,Beverages (Production/Distribution)
WVVIP,Willamette Valley Vineyards Inc. Series A Redeemable Preferred Stock,$2.775,0.025,0.909%,13818193.00,United States,,4112,Consumer Staples,Beverages (Production/Distribution)
WW,WW International Inc.  Common Stock,$10.67,0.14,1.33%,106662314.00,United States,,193214,Consumer Discretionary,Other Consumer Services
WWD,Woodward Inc. Common Stock,$362.99,0.00,0.00%,21639964288.00,United States,,892403,Energy,Industrial Machinery/Components
WWR,Westwater Resources Inc. Common Stock,$0.6506,0.0055,0.853%,81131741.00,United States,,587710,Basic Materials,Metal Mining
WWW,Wolverine World Wide Inc. Common Stock,$17.33,0.31,1.821%,1420730713.00,United States,,689780,Consumer Discretionary,Shoe Manufacturing
WXM,WF International Limited Ordinary Shares,$0.4232,-0.0219,-4.92%,3648275.00,China,2025,23880,Consumer Discretionary,Engineering & Construction
WY,Weyerhaeuser Company Common Stock,$23.99,-0.53,-2.162%,17297812190.00,United States,,7383977,Real Estate,Real Estate Investment Trusts
WYFI,WhiteFiber Inc. Ordinary Shares,$16.65,1.34,8.752%,638783277.00,United States,2025,613646,Finance,Finance: Consumer Services
WYHG,Wing Yip Food Holdings Group Limited American Depositary Shares,$0.685,-0.017,-2.422%,34476686.00,China,2024,32249,Consumer Staples,Specialty Foods
WYNN,Wynn Resorts Limited Common stock,$105.98,-1.13,-1.055%,11026519108.00,United States,2002,1466547,Consumer Discretionary,Hotels/Resorts
WYY,WidePoint Corporation Common Stock,$6.86,0.52,8.202%,67069575.00,United States,,73017,Technology,EDP Services
XAIR,Beyond Air Inc. Common Stock,$0.514,-0.0112,-2.133%,6781040.00,United States,,126397,Health Care,Medical/Dental Instruments
XBIO,Xenetic Biosciences Inc. Common Stock,$2.97,-0.06,-1.98%,6804436.00,United States,,2069,Health Care,Biotechnology: Pharmaceutical Preparations
XBIT,XBiotech Inc. Common Stock,$2.55,-0.02,-0.778%,77743714.00,United States,2015,9867,Health Care,Biotechnology: Pharmaceutical Preparations
XBP,XBP Global Holdings Inc. Common Stock,$2.90,-0.001,-0.034%,34127345.00,United States,2021,13118,Technology,EDP Services
XBPEW,XBP Europe Holdings Inc. Warrant,$0.059,-0.0104,-14.986%,694315.00,United States,2021,5000,Technology,EDP Services
XCBE,X3 Acquisition Corp. Ltd. Class A Ordinary Shares,$9.91,0.02,0.202%,0.00,United States,2026,19596,,
XCBEU,X3 Acquisition Corp. Ltd. Unit,$10.01,0.00,0.00%,0.00,United States,2026,24,Finance,Blank Checks
XCBEW,X3 Acquisition Corp. Ltd. Warrant,$0.2501,-0.0299,-10.679%,0.00,United States,2026,213,Finance,Blank Checks
XCH,XCHG Limited American Depositary Share,$0.9409,-0.0591,-5.91%,76710339.00,Germany,2024,4433,Industrials,Electrical Products
XCUR,Exicure Inc. Common Stock,$3.24,-0.12,-3.571%,20651485.00,United States,,12558,Health Care,Biotechnology: Pharmaceutical Preparations
XE,X-Energy Inc. Class A Common Stock,$30.53,-1.20,-3.782%,12066941223.00,United States,2026,5582113,Industrials,Metal Fabrications
XEL,Xcel Energy Inc. Common Stock,$82.58,-0.37,-0.446%,51543313898.00,United States,,5345927,Utilities,Power Generation
XELB,Xcel Brands Inc. Common Stock,$2.3161,0.1861,8.737%,13929190.00,United States,,12800,Miscellaneous,Multi-Sector Companies
XELLL,Xcel Energy Inc. 6.25% Junior Subordinated Notes Series due 2085,$24.40,-0.02,-0.082%,0.00,United States,,128254,Utilities,Power Generation
XENE,Xenon Pharmaceuticals Inc. Common Shares,$56.13,0.09,0.161%,5424561599.00,Canada,2014,1805450,Health Care,Biotechnology: Pharmaceutical Preparations
XERS,Xeris Biopharma Holdings Inc. Common Stock,$6.28,0.155,2.531%,1084089785.00,United States,2018,1410971,Health Care,Biotechnology: Pharmaceutical Preparations
XFLH,XFLH Capital Corporation Ordinary Shares,$9.93,0.01,0.101%,0.00,,2026,19994,Finance,Blank Checks
XFLT,XAI Octagon Floating Rate & Alternative Income Trust Common Shares of Beneficial Interest,$18.76,0.13,0.698%,665389660.00,United States,2017,157254,Finance,Investment Managers
XFOR,X4 Pharmaceuticals Inc. Common Stock,$4.19,0.12,2.948%,380953526.00,United States,2017,246348,Health Care,Biotechnology: Biological Products (No Diagnostic Substances)
XGN,Exagen Inc. Common Stock,$3.06,0.16,5.517%,73874893.00,United States,2019,395550,Health Care,Medical Specialities
XHG,XChange TEC.INC American Depositary Shares ,$1.03,-0.0149,-1.426%,53094364.00,China,2019,2299,Finance,Real Estate
XHLD,TEN Holdings Inc. Common Stock,$1.22,-0.21,-14.685%,4852480.00,United States,2025,67040,Real Estate,Real Estate
XHR,Xenia Hotels & Resorts Inc. Common Stock,$16.71,0.44,2.704%,1541427903.00,United States,2015,1011684,Consumer Discretionary,Hotels/Resorts
XIFR,XPLR Infrastructure LP Common Units representing limited partner interests,$10.71,0.36,3.478%,1009895916.00,United States,2014,1164577,Utilities,Electric Utilities: Central
XLO,Xilio Therapeutics Inc. Common Stock,$8.32,0.40,5.051%,49777220.00,United States,2021,49668,Health Care,Biotechnology: Pharmaceutical Preparations
XMTR,Xometry Inc. Class A Common Stock,$53.67,2.40,4.681%,2822977489.00,United States,2021,751290,Real Estate,Real Estate
XNCR,Xencor Inc. Common Stock,$12.69,0.76,6.37%,940676351.00,United States,2013,869561,Health Care,Biotechnology: Pharmaceutical Preparations
XNDU,Xanadu Quantum Technologies Limited Class B Subordinate Voting Shares,$36.12,7.02,24.124%,10782230468.00,Canada,,4297229,Technology,Computer Manufacturing
XNET,Xunlei Limited American Depositary Shares,$6.18,0.10,1.645%,1966901932.00,China,2014,125157,Technology,Computer Software: Prepackaged Software
XOM,Exxon Mobil Corporation Common Stock,$152.75,-1.58,-1.024%,636473117446.00,United States,,15453124,Energy,Integrated oil Companies
XOMA,XOMA Royalty Corporation Common Stock,$41.38,0.44,1.075%,493072907.00,United States,1986,375578,Health Care,Biotechnology: Pharmaceutical Preparations
XOMAO,XOMA Royalty Corporation Depositary Shares Rep Series B 8.375% Cumulative Preferred Stock,$25.23,0.05,0.199%,300633868.00,United States,,8163,Health Care,Biotechnology: Pharmaceutical Preparations
XOMAP,XOMA Royalty Corporation 8.625% Series A Cumulative Perpetual Preferred Stock,$25.24,0.02,0.079%,300753025.00,United States,,719,Health Care,Biotechnology: Pharmaceutical Preparations
XOS,Xos Inc. Common Stock,$1.76,0.01,0.571%,21218931.00,United States,2020,14242,Consumer Discretionary,Auto Parts:O.E.M.
XOSWW,Xos Inc. Warrants,$0.0023,-0.0001,-4.167%,27729.00,United States,2020,4616,Consumer Discretionary,Auto Parts:O.E.M.
XP,XP Inc. Class A Common Stock,$19.06,-0.10,-0.522%,9879025557.00,Brazil,2019,2433929,Finance,Investment Bankers/Brokers/Service
XPEL,XPEL Inc. Common Stock,$47.80,0.18,0.378%,1319479947.00,United States,,164383,Industrials,Industrial Specialties
XPER,Xperi Inc. Common Stock ,$6.97,0.28,4.185%,327379513.00,United States,2022,299737,Technology,Computer Software: Prepackaged Software
XPEV,XPeng Inc. American depositary shares each representing two Class A ordinary shares,$15.83,-0.47,-2.883%,15130777819.00,China,2020,7613867,Industrials,Auto Manufacturing
XPL,Solitario Resources Corp. Common Stock,$0.83,0.019,2.343%,77213028.00,United States,,194783,Basic Materials,Precious Metals
XPO,XPO Inc. Common Stock,$215.28,-4.85,-2.203%,25275662699.00,United States,,2132142,Consumer Discretionary,Transportation Services
XPOF,Xponential Fitness Inc. Class A Common Stock,$6.58,0.00,0.00%,323176305.00,United States,2021,260212,Consumer Discretionary,Services-Misc. Amusement & Recreation
XPON,Expion360 Inc. Common Stock,$0.7008,0.0208,3.059%,7600971.00,United States,2022,93970,Miscellaneous,Industrial Machinery/Components
XPRO,Expro Group Holdings N.V. Common Stock,$18.04,-0.17,-0.934%,2052330720.00,United States,2013,695245,Energy,Oilfield Services/Equipment
XRAY,DENTSPLY SIRONA Inc. Common Stock,$11.81,0.06,0.511%,2365785129.00,United States,1987,3571701,Health Care,Medical/Dental Instruments
XRN,Chiron Real Estate Inc. Common Stock,$35.47,0.40,1.141%,469439420.00,United States,2016,73070,Real Estate,Real Estate Investment Trusts
XRN^A,Chiron Real Estate Inc. Series A Cumulative Redeemable Preferred Stock,$24.06,-0.15,-0.62%,,United States,,1683,,
XRN^B,Chiron Real Estate Inc. 8.00% Series B Cumulative Redeemable Preferred Stock $0.001 par value per share,$24.90,0.20,0.81%,,United States,,5360,,
XRPN,Armada Acquisition Corp. II Class A Ordinary Shares,$10.36,0.02,0.193%,0.00,United States,2025,44009,Finance,Blank Checks
XRPNU,Armada Acquisition Corp. II Units,$10.61,0.00,0.00%,0.00,United States,2025,5,Finance,Blank Checks
XRPNW,Armada Acquisition Corp. II Warrant,$0.71,0.01,1.429%,0.00,United States,2025,102915,Finance,Blank Checks
XRTX,XORTX Therapeutics Inc. Common Shares,$2.78,-0.08,-2.797%,3870994.00,Canada,,11135,Health Care,Biotechnology: Pharmaceutical Preparations
XRX,Xerox Holdings Corporation Common Stock,$2.70,0.45,20.00%,353095883.00,United States,,20244386,Technology,Computer peripheral equipment
XRXDW,Xerox Holdings Corporation Warrants,$0.2157,0.0313,16.974%,28208438.00,United States,,2718048,Technology,Computer peripheral equipment
XSLL,Xsolla SPAC 1 Class A Ordinary Shares,$9.85,-0.01,-0.101%,0.00,United States,2026,41499,Finance,Blank Checks
XSLLW,Xsolla SPAC 1 Warrants,$0.20,0.0276,16.009%,0.00,United States,2026,1703,Finance,Blank Checks
XTIA,XTI Aerospace Inc. Common Stock,$1.96,0.05,2.618%,75405520.00,United States,2014,602289,Technology,EDP Services
XTLB,XTL Biopharmaceuticals Ltd. American Depositary Shares,$3.65,-0.25,-6.41%,8634469.00,Israel,,1750286,Health Care,Biotechnology: Pharmaceutical Preparations
XTNT,Xtant Medical Holdings Inc. Common Stock,$0.5494,0.0261,4.988%,76953502.00,United States,,208059,Health Care,Biotechnology: Biological Products (No Diagnostic Substances)
XWEL,XWELL Inc. Common Stock,$1.28,0.10,8.475%,10146260.00,United States,,80559,Consumer Discretionary,Other Consumer Services
XWIN,XMAX Inc. Common Stock,$8.09,0.02,0.248%,381898376.00,United States,,935800,Consumer Discretionary,Home Furnishings
XXI,Twenty One Capital Inc. Class A Common Stock,$8.94,0.60,7.194%,5823434753.00,,2025,1712596,Finance,Finance: Consumer Services
XXII,22nd Century Group Inc. Common Stock,$1.37,-0.19,-12.179%,1515734.00,United States,,61274231,Health Care, Medicinal Chemicals and Botanical Products 
XYF,X Financial American Depositary Shares each representing six Class A Ordinary Shares,$4.81,0.09,1.907%,203027185.00,Cayman Islands,2018,123822,Finance,Finance: Consumer Services
XYL,Xylem Inc. Common Stock New,$115.37,-2.79,-2.361%,27422698287.00,United States,2011,1872449,Industrials,Fluid Controls
XYZ,Block Inc. Class A Common Stock,$71.81,1.30,1.844%,42752924826.00,United States,2015,3808587,Technology,Computer Software: Prepackaged Software
XZO,Exzeo Group Inc. Common Stock,$16.40,0.20,1.235%,1490982056.00,,2025,147567,Finance,Property-Casualty Insurers
YAAS,Youxin Technology Ltd Class A Ordinary shares,$1.28,0.10,8.475%,5936896.00,China,2024,391769,Technology,Computer Software: Prepackaged Software
YALA,Yalla Group Limited American Depositary Shares each representing one Class A Ordinary Share,$6.76,0.08,1.198%,1026363952.00,United Arab Emirates,2020,368779,Technology,Computer Software: Programming Data Processing
YB,Yuanbao Inc. American Depositary Shares,$16.38,-0.12,-0.727%,754793692.00,China,2025,8748,Finance,Specialty Insurers
YCBD,cbdMD Inc. Common Stock,$0.87,0.0012,0.138%,9131138.00,United States,2017,1434053,Consumer Discretionary,Package Goods/Cosmetics
YCY,AA Mission Acquisition Corp. II Class A Ordinary Shares,$10.10,0.00,0.00%,0.00,,2025,500000,,
YDDL,One and One Green Technologies. Inc Class A Ordinary Shares,$4.82,0.22,4.783%,270080665.00,Philippines,2025,112226,Consumer Discretionary,Industrial Specialties
YDES,YD Bio Limited Ordinary Shares,$4.80,-0.30,-5.882%,338502523.00,United States,,3987,Health Care,Medical Specialities
YDESW,YD Bio Limited Warrants,$0.40,-0.05,-11.111%,28208544.00,United States,,8925,Health Care,Medical Specialities
YDKG,Yueda Digital Holding Class A Ordinary Share,$0.8614,-0.0371,-4.129%,4774072.00,China,2007,48997,Consumer Discretionary,Advertising
YELP,Yelp Inc. Common Stock,$28.90,1.30,4.71%,1613579191.00,United States,2012,788830,Consumer Discretionary,Other Consumer Services
YETI,YETI Holdings Inc. Common Stock,$40.35,0.89,2.255%,3054238455.00,United States,2018,1223499,Consumer Discretionary,Recreational Games/Products/Toys
YEXT,Yext Inc. Common Stock,$4.11,0.25,6.477%,411550452.00,United States,2017,2011020,Technology,EDP Services
YHC,LQR House Inc. Common Stock,$0.889,0.0567,6.812%,18999402.00,United States,2023,99039,Consumer Staples,Beverages (Production/Distribution)
YHGJ,Yunhong Green CTI Ltd. Common Stock,$3.20,0.49,18.081%,8311562.00,United States,,15016,Industrials,Specialty Chemicals
YHNAR,YHN Acquisition I Limited Right,$0.12,0.00,0.00%,0.00,Hong Kong,2024,99,,
YI,111 Inc. American Depositary Shares,$6.00,-0.20,-3.226%,52004616.00,China,2018,7448,Consumer Staples,Retail-Drug Stores and Proprietary Stores
YIBO,Planet Image International Limited Class A Ordinary Shares,$1.12,0.02,1.818%,66342328.00,China,2024,4644,Industrials,Industrial Machinery/Components
YJ,Yunji Inc. American Depository Shares,$1.7101,0.0101,0.594%,8423166.00,China,2019,3763,Consumer Discretionary,Other Specialty Stores
YMAT,J-Star Holding Co. Ltd. Class A Ordinary Shares,$0.265,0.0157,6.298%,4508415.00,Taiwan,2025,122145,Consumer Discretionary,Recreational Games/Products/Toys
YMM,Full Truck Alliance Co. Ltd. American Depositary Shares (each representing 20 Class A Ordinary Shares),$8.61,-0.04,-0.462%,8933256673.00,China,2021,2564854,Technology,Computer Software: Prepackaged Software
YMT,Yimutian Inc. American Depositary Shares,$0.1528,-0.0162,-9.586%,17476816.00,China,2025,504892,Technology,EDP Services
YOOV,Concorde International Group Ltd Class A Ordinary Shares,$1.63,-0.01,-0.61%,43986313.00,Singapore,2025,24341,Consumer Discretionary,Diversified Commercial Services
YORW,York Water Company (The) Common Stock,$29.15,0.13,0.448%,421175174.00,United States,,147183,Utilities,Water Supply
YOU,Clear Secure Inc. Class A Common Stock,$54.98,1.59,2.978%,7348697614.00,United States,2021,1219192,Technology,Computer Software: Prepackaged Software
YOUL,Youlife Group Inc. American Depositary Shares,$0.9293,-0.0194,-2.045%,70671964.00,China,,10705,Real Estate,Other Consumer Services
YPF,YPF Sociedad Anonima Common Stock,$43.38,-1.78,-3.942%,17061908960.00,Argentina,1993,1878914,Energy,Integrated oil Companies
YQ,17 Education & Technology Group Inc. American Depositary Shares,$2.08,0.01,0.483%,22579831.00,China,2020,2840,Real Estate,Other Consumer Services
YRD,Yiren Digital Ltd. American Depositary Shares each representing two ordinary shares,$2.03,0.10,5.181%,177601576.00,China,2015,108571,Finance,Finance: Consumer Services
YSG,Yatsen Holding Limited American Depositary Shares each representing twenty (20) Class A Ordinary Shares,$3.03,0.12,4.124%,284412168.00,China,,51305,Consumer Discretionary,Package Goods/Cosmetics
YSS,York Space Systems Inc. Common Stock,$31.97,-1.19,-3.589%,4079666604.00,,2026,1359578,Industrials,Military/Government/Technical
YSWY,Yesway Inc. Class A Common Stock,$27.00,1.28,4.977%,1636472484.00,United States,2026,681053,Consumer Staples,Food Chains
YSXT,YSX Tech. Co. Ltd Class A Ordinary Shares,$0.94,-0.06,-6.00%,22031250.00,China,2024,46707,Consumer Discretionary,Automotive Aftermarket
YTRA,Yatra Online Inc. Ordinary Shares,$1.03,0.01,0.98%,63917423.00,India,,62113,Consumer Discretionary,Transportation Services
YUM,Yum! Brands Inc.,$158.36,-1.29,-0.808%,43734799829.00,United States,,1589090,Consumer Discretionary,Restaurants
YUMC,Yum China Holdings Inc. Common Stock,$48.80,0.35,0.722%,17138423994.00,United States,2016,927610,Consumer Discretionary,Restaurants
YXT,YXT.COM GROUP HOLDING LIMITED American Depository Shares,$0.546,-0.0164,-2.916%,32543052.00,China,2024,12577,Technology,Computer Software: Prepackaged Software
YYAI,AiRWA Inc. Common Stock,$0.7481,0.017,2.325%,31526753.00,United States,,414661,Consumer Discretionary,Recreational Games/Products/Toys
YYGH,YY Group Holding Limited Class A Ordinary Shares,$0.8504,-0.1397,-14.11%,5410012.00,Singapore,2024,338130,Consumer Discretionary,Professional Services
Z,Zillow Group Inc. Class C Capital Stock,$45.28,0.88,1.982%,10372881183.00,United States,,2612626,Real Estate,Real Estate
ZBAI,ATIF Holdings Limited Ordinary Shares,$8.2501,0.00,0.00%,85086359.00,United States,2019,194,Consumer Discretionary,Professional Services
ZBAO,Zhibao Technology Inc. Class A Ordinary Shares,$0.7003,0.0342,5.134%,23853403.00,China,2024,186341,Finance,Specialty Insurers
ZBH,Zimmer Biomet Holdings Inc. Common Stock,$82.90,0.47,0.57%,16046876898.00,United States,,2724377,Health Care,Industrial Specialties
ZBIO,Zenas BioPharma Inc. Common Stock,$19.36,0.04,0.207%,1110703412.00,United States,2024,793444,Health Care,Biotechnology: Pharmaceutical Preparations
ZBRA,Zebra Technologies Corporation Class A Common Stock,$227.08,0.82,0.362%,10982181025.00,United States,1991,656163,Industrials,Industrial Machinery/Components
ZCMD,Zhongchao Inc. Class A Ordinary Shares,$2.13,-0.03,-1.389%,8210592.00,China,2020,3015,Real Estate,Other Consumer Services
ZD,Ziff Davis Inc. Common Stock,$46.10,0.34,0.743%,1744288466.00,United States,,643659,Telecommunications,Telecommunications Equipment
ZDAI,DirectBooking Technology Co. Ltd. Class A Ordinary Shares,$2.20,-0.02,-0.901%,17696250.00,Hong Kong,2024,6507,Consumer Discretionary,General Bldg Contractors - Nonresidential Bldgs
ZDGE,Zedge Inc. Class B Common Stock ,$3.38,0.05,1.502%,44081608.00,,2016,91276,Technology,Computer Software: Prepackaged Software
ZENA,ZenaTech Inc. Common Stock,$2.46,0.20,8.85%,118278977.00,Canada,,2835792,Technology,Computer Software: Prepackaged Software
ZEO,Zeo Energy Corporation Class A Common Stock,$0.92,-0.0282,-2.974%,53335838.00,United States,2021,63584,Miscellaneous,Industrial Machinery/Components
ZEOWW,Zeo Energy Corporation Warrants,$0.0503,-0.0047,-8.545%,2916079.00,United States,2021,594,Miscellaneous,Industrial Machinery/Components
ZEPP,Zepp Health Corporation American depositary shares each representing sixteen Class A ordinary shares,$18.43,0.96,5.495%,270275600.00,China,,50349,Technology,Computer Manufacturing
ZETA,Zeta Global Holdings Corp. Class A Common Stock,$18.60,0.18,0.977%,4636014102.00,United States,2021,20888409,Technology,Computer Software: Prepackaged Software
ZG,Zillow Group Inc. Class A Common Stock,$45.50,0.89,1.995%,10423279458.00,United States,2011,1507921,Real Estate,Real Estate
ZGN,Ermenegildo Zegna N.V. Ordinary Shares,$12.44,0.32,2.64%,3337801902.00,,2021,1306699,Consumer Discretionary,Apparel
ZH,Zhihu Inc. American Depositary Shares each representing three (3) Class A Ordinary Shares,$3.20,0.00,0.00%,282192134.00,China,,255501,Real Estate,Real Estate
ZIM,ZIM Integrated Shipping Services Ltd. Ordinary Shares,$26.28,-0.16,-0.605%,3165844062.00,,2021,1044028,Consumer Discretionary,Marine Transportation
ZION,Zions Bancorporation N.A. Common Stock,$63.26,-0.16,-0.252%,9303587217.00,United States,,1340703,Finance,Major Banks
ZIONP,Zions Bancorporation N.A. Depositary Shares (Each representing 1/40th Interest in a Share of Series A Floating-Rate Non-Cumulative Perpetual Preferred Stock),$19.11,0.05,0.262%,2810489278.00,United States,,763,Finance,Major Banks
ZIP,ZipRecruiter Inc. Class A Common Stock,$3.09,0.17,5.822%,251904680.00,United States,2021,533908,Technology,Computer Software: Programming Data Processing
ZJK,ZJK Industrial Co. Ltd. Class A Ordinary Shares,$2.706,0.026,0.97%,172703006.00,China,2024,13003,Industrials,Metal Fabrications
ZJYL,JIN MEDICAL INTERNATIONAL LTD. Class A Ordinary Shares,$2.32,0.21,9.953%,18159464.00,China,2023,3814,Health Care,Industrial Specialties
ZKH,ZKH Group Limited American Depositary Shares each representing thirty-five (35) Class A Ordinary Shares,$3.07,0.02,0.656%,487882303.00,Cayman Islands,2023,391645,Consumer Discretionary,RETAIL: Building Materials
ZKIN,ZK International Group Co. Ltd Ordinary Share,$1.46,-0.075,-4.886%,25217570.00,China,2017,663,Industrials,Metal Fabrications
ZKP,Lafayette Digital Acquisition Corp. I Class A Ordinary Shares,$9.93,0.00,0.00%,0.00,United States,2026,6,Finance,Blank Checks
ZKPW,Lafayette Digital Acquisition Corp. I Warrant,$0.24,0.00,0.00%,0.00,United States,2026,1896,Finance,Blank Checks
ZLAB,Zai Lab Limited American Depositary Shares,$21.54,-0.10,-0.462%,2420099689.00,China,2017,244802,Health Care,Biotechnology: Pharmaceutical Preparations
ZM,Zoom Communications Inc. Class A Common Stock,$103.44,6.29,6.475%,30480342688.00,United States,2019,5816332,Technology,Computer Software: Programming Data Processing
ZNB,Zeta Network Group Class A Ordinary Shares,$1.65,-0.03,-1.786%,2608315.00,United States,,18724,Consumer Discretionary,Engineering & Construction
ZNTL,Zentalis Pharmaceuticals Inc. Common Stock,$4.09,0.08,1.995%,290107855.00,United States,2020,731325,Health Care,Biotechnology: Pharmaceutical Preparations
ZONE,CleanCore Solutions Inc. Class B Common Stock,$0.295,0.008,2.787%,62114088.00,,2024,1283526,Industrials,Industrial Machinery/Components
ZOOZ,ZOOZ Strategy Ltd. Ordinary Shares,$0.309,0.009,3.00%,50064947.00,Israel,,147646,Technology,Industrial Machinery/Components
ZOOZW,ZOOZ Strategy Ltd. Warrant,$0.05,-0.0018,-3.475%,8101124.00,Israel,,2931,Technology,Industrial Machinery/Components
ZS,Zscaler Inc. Common Stock,$139.81,9.13,6.987%,22480148186.00,United States,2018,2865434,Technology,EDP Services
ZSQR,Z Squared Inc. Common Stock,$14.45,-1.51,-9.461%,744175000.00,United States,2020,140950,Health Care,Biotechnology: Biological Products (No Diagnostic Substances)
ZSTK,ZeroStack Corp. Common Stock,$5.191,-0.7654,-12.85%,12618324.00,Canada,2021,38664,Health Care,Biotechnology: Pharmaceutical Preparations
ZTEK,Zentek Ltd. Common Stock,$0.5086,0.0823,19.306%,54696652.00,Canada,,177482,Industrials,Major Chemicals
ZTG,Zenta Group Company Limited Class A Ordinary Shares,$2.39,-0.15,-5.906%,28223125.00,Macau,2025,12104,Consumer Discretionary,Professional Services
ZTO,ZTO Express (Cayman) Inc. American Depositary Shares each representing one Class A ordinary share.,$25.14,-0.45,-1.758%,19355303422.00,China,2016,795479,Industrials,Trucking Freight/Courier Services
ZTR,Virtus Total Return Fund Inc.,$6.94,0.01,0.144%,0.00,United States,1988,110606,Finance,Investment Managers
ZTS,Zoetis Inc. Class A Common Stock,$114.16,-0.81,-0.705%,48020262857.00,United States,2013,3170368,Health Care,Biotechnology: Pharmaceutical Preparations
ZUMZ,Zumiez Inc. Common Stock,$24.37,-0.20,-0.814%,420521945.00,United States,2005,105711,Consumer Discretionary,Clothing/Shoe/Accessory Stores
ZURA,Zura Bio Limited Class A Ordinary Shares,$5.21,0.13,2.559%,494328499.00,Cayman Islands,,420749,Health Care,Biotechnology: Biological Products (No Diagnostic Substances)
ZVIA,Zevia PBC Class A Common Stock,$1.30,0.02,1.563%,100002556.00,United States,2021,327202,Consumer Staples,Beverages (Production/Distribution)
ZVRA,Zevra Therapeutics Inc. Common Stock,$10.07,-0.10,-0.983%,595286540.00,United States,,684967,Health Care,Biotechnology: Pharmaceutical Preparations
ZWS,Zurn Elkay Water Solutions Corporation Common Stock,$51.28,-0.68,-1.309%,8557191699.00,United States,2012,942984,Industrials,Industrial Machinery/Components
ZYBT,Zhengye Biotechnology Holding Limited Class A Ordinary Shares,$0.92,0.00,0.00%,43600066.00,China,2025,7076,Health Care,Biotechnology: Pharmaceutical Preparations
ZYME,Zymeworks Inc. Common Stock,$26.61,-0.93,-3.377%,1962477042.00,United States,,370141,Health Care,Biotechnology: Pharmaceutical Preparations
